nam,ma_qg,ten_qg,tieu_vung,nhom,asean,viet_nam,nhom_thu_nhap,bac_thu_nhap,gdp_ppp_ty_usd,dan_so_trieu,gdp_dau_nguoi,ln_gdp_dau_nguoi,do_da_dang,eci,coi,goi,hang_eci_the_gioi,hang_eci_chau_a,sang_che,bai_bao_kh,nhan_hieu,xuat_khau_ty_usd,sang_che_tren_trieu_dan,ln_sang_che,bai_bao_kh_tren_trieu_dan,ln_bai_bao_kh,nhan_hieu_tren_trieu_dan,ln_nhan_hieu,xuat_khau_ty_usd_tren_trieu_dan,ln_xuat_khau_ty_usd,so_nang_luc_cong_nghe,so_nang_luc_khoa_hoc,so_nang_luc_san_xuat,so_nang_luc_khoi_nghiep,so_nang_luc_tong,so_nang_luc_tuong_doi,so_nang_luc_tuyet_doi,tang_truong_gdp_dau_nguoi
2001,AE,United Arab Emirates (the),Tay A,Chau A khac,0,0,High income,4,327.844,3.454198,94911.756651,11.460703,0.211472,-0.330287,200.443217,210.503587,62,11,59.266667,69.833333,248.509515,33.93249,17.157866,4.098779,20.216946,4.26033,71.944201,5.519497,9.823551,3.553417,14,55,176,146,391,391,23,
2002,AE,United Arab Emirates (the),Tay A,Chau A khac,0,0,High income,4,335.822,3.633655,92419.891267,11.434098,0.220878,-0.269643,209.06413,229.642546,59,12,43.844444,61.510714,278.280903,33.371035,12.06621,3.8032,16.928056,4.135338,76.584294,5.632218,9.183875,3.537214,11,53,178,182,424,424,19,-2.625455
2003,AE,United Arab Emirates (the),Tay A,Chau A khac,0,0,High income,4,365.376,3.813443,95812.629165,11.47015,0.265686,0.030352,240.216553,297.670393,39,8,55.011111,117.409524,425.207223,44.206187,14.425576,4.02555,30.788325,4.774149,111.502184,6.054926,11.592198,3.811234,13,125,164,267,569,569,25,3.671004
2004,AE,United Arab Emirates (the),Tay A,Chau A khac,0,0,High income,4,400.33,3.993339,100249.440381,11.515417,0.253105,-0.047358,221.913727,312.023309,52,10,83.580556,108.440079,476.663234,56.186557,20.929993,4.437704,27.15524,4.695377,119.36458,6.168906,14.070069,4.046319,11,85,158,249,503,503,21,4.630716
2005,AE,United Arab Emirates (the),Tay A,Chau A khac,0,0,High income,4,419.766,4.280993,98053.418915,11.493268,0.288652,-0.00864,243.685308,353.708273,46,9,89.733333,140.184127,617.856692,90.27096,20.960869,4.507925,32.745703,4.950065,144.325555,6.427874,21.086453,4.513833,17,91,226,279,613,613,36,-2.190557
2006,AE,United Arab Emirates (the),Tay A,Chau A khac,0,0,High income,4,461.06,4.898954,94113.968002,11.452262,0.271655,0.094385,228.274992,375.865675,42,8,128.289116,166.841667,891.255297,96.273287,26.187042,4.862051,34.05659,5.123021,181.927672,6.793752,19.651805,4.577524,30,109,115,259,513,513,43,-4.017658
2007,AE,United Arab Emirates (the),Tay A,Chau A khac,0,0,High income,4,475.742,5.872624,81010.124265,11.302329,0.297225,0.05181,220.123208,423.087915,46,10,131.90924,185.716667,1338.814295,115.619131,22.461721,4.889666,31.624137,5.229592,227.975483,7.200286,19.687814,4.758913,30,119,215,229,593,593,52,-13.923378
2008,AE,United Arab Emirates (the),Tay A,Chau A khac,0,0,High income,4,490.927,6.988685,70245.976174,11.159758,0.298998,-0.000943,235.801539,457.371327,54,12,127.022178,219.04359,1570.237859,146.580667,18.175405,4.852204,31.342604,5.393826,224.682878,7.359619,20.973998,4.994375,27,134,177,241,579,579,57,-13.287411
2009,AE,United Arab Emirates (the),Tay A,Chau A khac,0,0,High income,4,465.188,7.992644,58202.016754,10.971675,0.283552,0.149946,236.404892,403.073103,40,7,156.179223,233.046721,1434.418885,72.21015,19.54037,5.057387,29.157651,5.455521,179.467381,7.269212,9.034576,4.293334,28,138,127,269,562,562,52,-17.145408
2010,AE,United Arab Emirates (the),Tay A,Chau A khac,0,0,High income,4,472.644,8.481771,55724.68297,10.928178,0.31745,0.19807,240.13513,470.734323,42,8,169.236521,302.816749,1302.107962,117.190113,19.95297,5.137189,35.702066,5.716425,153.518406,7.172507,13.816703,4.772294,41,161,168,320,690,690,38,-4.25644
2011,AE,United Arab Emirates (the),Tay A,Chau A khac,0,0,High income,4,502.025,8.575205,58543.789915,10.97753,0.320131,0.178461,241.741347,513.42154,44,8,216.879762,379.473683,1560.490414,159.530146,25.291496,5.383943,44.252433,5.941417,181.977039,7.353396,18.603654,5.078482,48,170,154,290,662,662,51,5.058991
2012,AE,United Arab Emirates (the),Tay A,Chau A khac,0,0,High income,4,511.184,8.664969,58994.325311,10.985197,0.345122,0.137096,269.011102,522.955509,46,10,216.24849,390.023103,1205.088458,219.611689,24.956638,5.381042,45.011483,5.968767,139.075911,7.095138,25.344775,5.396404,38,191,235,288,752,752,59,0.76957
2013,AE,United Arab Emirates (the),Tay A,Chau A khac,0,0,High income,4,537.027,8.751847,61361.561737,11.024539,0.357191,0.124874,296.787879,542.799929,44,8,260.284402,445.830527,1544.716904,165.797969,29.740511,5.565609,50.941307,6.102179,176.501818,7.343243,18.94434,5.116783,59,199,205,316,779,779,50,4.012651
2014,AE,United Arab Emirates (the),Tay A,Chau A khac,0,0,High income,4,559.398,8.835951,63309.314413,11.055788,0.376448,0.157724,324.151066,570.859685,44,7,298.623399,541.196314,1648.323491,160.701307,33.796407,5.702526,61.249357,6.295628,186.547378,7.40812,18.187211,5.085751,68,212,213,371,864,864,68,3.174223
2015,AE,United Arab Emirates (the),Tay A,Chau A khac,0,0,High income,4,597.363,8.916899,66992.235754,11.112332,0.381898,0.058817,359.593748,544.601942,51,9,380.994444,642.845746,1907.140761,111.645827,42.727236,5.945406,72.092972,6.467459,213.879372,7.553885,12.520701,4.724249,63,239,244,321,867,867,67,5.817345
2016,AE,United Arab Emirates (the),Tay A,Chau A khac,0,0,High income,4,630.585,8.994263,70109.691033,11.157816,0.385417,0.130329,349.427015,557.041487,46,7,473.792033,721.633693,2189.167388,110.066967,52.677138,6.162877,80.232665,6.582902,243.395972,7.691733,12.237464,4.710133,76,238,246,344,904,904,69,4.653458
2017,AE,United Arab Emirates (the),Tay A,Chau A khac,0,0,High income,4,635.221,9.068296,70048.551569,11.156944,0.407778,0.148282,368.257543,576.227487,48,8,479.891026,832.701739,2999.105223,157.005773,52.919647,6.175641,91.825602,6.725876,330.724231,8.006403,17.313702,5.062632,80,270,297,353,1000,1000,91,-0.087205
2018,AE,United Arab Emirates (the),Tay A,Chau A khac,0,0,High income,4,643.567,9.140169,70410.842513,11.162103,0.426784,0.132219,424.249511,604.315448,47,9,485.986695,1009.941136,2902.02607,185.140915,53.170428,6.188237,110.494799,6.918637,317.502452,7.973509,20.255743,5.226504,74,290,315,440,1119,1119,122,0.5172
2019,AE,United Arab Emirates (the),Tay A,Chau A khac,0,0,High income,4,650.7,9.211657,70638.756958,11.165334,0.419084,0.088851,405.979263,601.920351,52,9,559.936523,1169.993434,2771.328962,184.012741,60.785646,6.329608,127.012267,7.065608,300.850212,7.927443,19.976074,5.220425,74,309,321,320,1024,1024,107,0.323692
2020,AE,United Arab Emirates (the),Tay A,Chau A khac,0,0,High income,4,618.444,9.287289,66590.368836,11.106315,0.434066,0.076319,444.694104,600.54998,54,10,582.922368,1535.698865,2680.081835,146.5146,62.765611,6.369768,165.354913,7.337392,288.57526,7.893976,15.77582,4.993927,84,327,342,343,1096,1096,125,-5.731115
2021,AE,United Arab Emirates (the),Tay A,Chau A khac,0,0,High income,4,645.376,9.365145,68912.547537,11.140594,0.44037,0.080229,498.493119,632.019671,50,9,652.34527,1744.905261,2980.782503,192.831217,69.656719,6.482106,186.319087,7.465028,318.284715,8.000277,20.590308,5.266988,88,332,340,332,1092,1092,170,3.487259
2022,AE,United Arab Emirates (the),Tay A,Chau A khac,0,0,High income,4,693.842,9.441129,73491.422477,11.204924,0.441779,0.056004,467.569721,606.727648,54,9,600.123662,2095.259089,2783.997582,231.697181,63.56482,6.398801,221.92887,7.64791,294.879731,7.932002,24.541258,5.449738,95,365,336,315,1111,1111,182,6.644472
2023,AE,United Arab Emirates (the),Tay A,Chau A khac,0,0,High income,4,718.95,9.441129,76150.850179,11.240472,0.447339,0.066206,477.853574,561.39477,53,9,602.796419,2489.975718,2920.531887,213.883193,63.847917,6.403237,263.737072,7.82043,309.341381,7.979863,22.654409,5.370095,96,382,342,322,1142,1142,193,3.618691
2001,AF,Afghanistan,Nam A,Chau A khac,0,0,Low income,1,29.49563,19.688632,1498.104567,7.311956,0.009501,-1.017298,-1.526173,10.584451,101,27,1.5,0.5,17.0,0.071258,0.076186,0.916291,0.025395,0.405465,0.863442,2.890372,0.003619,0.068834,0,0,6,6,12,12,0,
2002,AF,Afghanistan,Nam A,Chau A khac,0,0,Low income,1,37.93138,21.000256,1806.234167,7.498999,0.007887,-0.976622,-1.467931,8.660023,93,24,1.916667,0.0,28.0,0.06145,0.091269,1.070441,0.0,0.0,1.333317,3.367296,0.002926,0.059635,0,0,6,3,9,9,1,20.567963
2003,AF,Afghanistan,Nam A,Chau A khac,0,0,Low income,1,41.281585,22.64513,1822.978483,7.508227,0.010556,-1.767761,-2.120196,10.530631,144,41,7.25,2.833333,3.0,0.169013,0.320157,2.110213,0.125119,1.343735,0.132479,1.386294,0.007464,0.15616,1,3,10,0,14,14,0,0.927029
2004,AF,Afghanistan,Nam A,Chau A khac,0,0,Low income,1,41.865355,23.553551,1777.454069,7.482937,0.011822,-1.872674,-2.925761,12.858111,153,43,5.75,2.583333,6.0,0.167445,0.244125,1.909543,0.109679,1.276293,0.254739,1.94591,0.007109,0.154817,1,3,10,1,15,15,0,-2.497255
2005,AF,Afghanistan,Nam A,Chau A khac,0,0,Low income,1,46.566715,24.411191,1907.597014,7.5536,0.012953,-1.47429,-1.619038,16.06258,131,36,4.166667,3.607143,3.714286,0.197179,0.170687,1.642228,0.147766,1.527608,0.152155,1.550597,0.008077,0.179968,2,4,9,2,17,17,0,7.321874
2006,AF,Afghanistan,Nam A,Chau A khac,0,0,Low income,1,49.061482,25.442944,1928.294216,7.564391,0.011402,-1.875823,-5.557854,13.940715,155,42,6.583333,1.666667,2.833333,0.191681,0.258749,2.025953,0.065506,0.980829,0.11136,1.343735,0.007534,0.175365,1,0,12,0,13,13,0,1.084988
2007,AF,Afghanistan,Nam A,Chau A khac,0,0,Low income,1,55.844879,25.903301,2155.898161,7.675963,0.014369,-1.523492,-3.406436,19.847401,137,38,13.55,4.924242,4.882353,0.264108,0.523099,2.677591,0.190101,1.779053,0.188484,1.771957,0.010196,0.234367,1,2,12,0,15,15,0,11.803383
2008,AF,Afghanistan,Nam A,Chau A khac,0,0,Low income,1,58.036781,26.427199,2196.100368,7.694439,0.019043,-1.345365,1.948242,30.635657,131,35,9.4,6.916667,9.928571,0.446633,0.355694,2.341806,0.261725,2.06897,0.375695,2.391381,0.0169,0.369239,1,3,13,0,17,17,0,1.864754
2009,AF,Afghanistan,Nam A,Chau A khac,0,0,Low income,1,70.451156,27.385307,2572.589589,7.852668,0.029416,-0.795412,12.27686,46.471476,101,26,13.766667,5.755556,32.933333,1.077916,0.502703,2.692372,0.210169,1.910365,1.202591,3.524398,0.039361,0.731365,0,2,27,4,33,33,0,17.143534
2010,AF,Afghanistan,Nam A,Chau A khac,0,0,Low income,1,80.569662,28.189672,2858.126965,7.957922,0.019119,-1.998805,-3.137025,28.547601,162,42,11.4,13.059524,8.0,0.44579,0.404403,2.517696,0.463273,2.6433,0.283792,2.197225,0.015814,0.368656,0,3,15,0,18,18,0,11.09922
2011,AF,Afghanistan,Nam A,Chau A khac,0,0,Low income,1,80.913174,29.249157,2766.342096,7.925281,0.017546,-1.363134,0.668122,29.745676,139,38,9.9,9.05,15.261905,0.477344,0.338471,2.388763,0.309411,2.307573,0.52179,2.788825,0.01632,0.390246,2,1,13,0,16,16,0,-3.211364
2012,AF,Afghanistan,Nam A,Chau A khac,0,0,Low income,1,91.231455,30.466479,2994.486319,8.004528,0.026268,-0.41018,12.942228,51.71121,80,19,6.333333,6.316667,23.510384,0.361908,0.207879,1.99243,0.207332,1.990155,0.77168,3.199097,0.011879,0.308887,0,0,8,14,22,22,0,8.247144
2013,AF,Afghanistan,Nam A,Chau A khac,0,0,Low income,1,96.341095,31.541209,3054.451571,8.024355,0.018889,-1.898007,-3.699475,31.791015,155,41,5.85,11.244345,9.583333,0.547711,0.185472,1.924249,0.356497,2.505064,0.303835,2.35928,0.017365,0.436777,1,3,15,1,20,20,0,2.002522
2014,AF,Afghanistan,Nam A,Chau A khac,0,0,Low income,1,98.96595,32.71621,3024.98212,8.01466,0.025253,-1.154264,3.450772,47.922774,123,33,3.5,13.415619,24.849634,0.555696,0.106981,1.504077,0.41006,2.668312,0.759551,3.252296,0.016985,0.441923,0,4,13,18,35,35,0,-0.964803
2015,AF,Afghanistan,Nam A,Chau A khac,0,0,Low income,1,100.402,33.753499,2974.565689,7.997853,0.01849,-1.78324,-1.660009,28.99844,153,41,6.433333,8.826923,23.12963,0.722151,0.190598,2.005974,0.261511,2.285126,0.685251,3.183441,0.021395,0.543574,2,0,18,0,20,20,0,-1.666669
2016,AF,Afghanistan,Nam A,Chau A khac,0,0,Low income,1,102.672,34.636207,2964.29687,7.994395,0.023005,-1.857282,-2.372166,37.615725,155,42,9.55,8.584028,85.227684,0.637683,0.275723,2.356126,0.247834,2.260098,2.460653,4.456991,0.018411,0.493282,1,1,18,0,20,20,0,-0.345221
2017,AF,Afghanistan,Nam A,Chau A khac,0,0,Low income,1,105.389,35.643418,2956.759085,7.991849,0.021479,-2.395279,-11.236779,33.266254,173,46,3.85,17.468855,28.407143,0.750007,0.108014,1.578979,0.4901,2.916086,0.796981,3.381238,0.021042,0.55962,0,3,21,0,24,24,0,-0.254286
2018,AF,Afghanistan,Nam A,Chau A khac,0,0,Low income,1,106.643,36.686784,2906.850598,7.974826,0.021559,-2.223081,-6.122252,35.72062,172,45,3.666667,21.996919,14.005952,0.822249,0.099945,1.540445,0.599587,3.13536,0.381771,2.708447,0.022413,0.600071,0,1,20,0,21,21,1,-1.687946
2019,AF,Afghanistan,Nam A,Chau A khac,0,0,Low income,1,110.814,37.769499,2933.954724,7.984107,0.019896,-2.544671,-11.941058,28.865904,180,46,6.116667,22.514652,21.0,0.937004,0.161947,1.962439,0.596107,3.157624,0.556004,3.091042,0.024808,0.661142,0,3,21,0,24,24,0,0.932422
2020,AF,Afghanistan,Nam A,Chau A khac,0,0,Low income,1,108.209,38.97223,2776.566802,7.92897,0.021266,-2.521714,-11.349441,34.925855,180,46,2.666667,35.328887,9.0,0.844735,0.068425,1.299283,0.906514,3.592613,0.230934,2.302585,0.021675,0.612335,0,5,16,0,21,21,1,-5.364361
2021,AF,Afghanistan,Nam A,Chau A khac,0,0,Low income,1,85.767546,40.099462,2138.870247,7.668033,0.022923,-2.674281,-12.635821,38.543347,187,46,2.333333,52.282932,10.666667,1.005065,0.058189,1.203973,1.303831,3.975616,0.266005,2.456736,0.025064,0.695676,0,4,16,0,20,20,1,-22.967088
2022,AF,Afghanistan,Nam A,Chau A khac,0,0,Low income,1,80.415504,41.128771,1955.212904,7.578254,0.029725,-2.32091,-7.20618,52.595357,176,46,3.8,70.85796,6.0,0.970952,0.092393,1.568616,1.722832,4.274691,0.145883,1.94591,0.023608,0.678517,0,9,17,0,26,26,1,-8.586652
2023,AF,Afghanistan,Nam A,Chau A khac,0,0,Low income,1,82.238478,41.128771,1999.536481,7.600671,0.033178,-1.993675,2.294449,52.827308,163,46,3.0,73.253155,14.734591,0.959477,0.072942,1.386294,1.781068,4.30748,0.358255,2.755862,0.023329,0.672678,0,5,17,0,22,22,0,2.266944
2001,AM,Armenia,Tay A,Chau A khac,0,0,Upper middle income,3,16.200693,3.133133,5170.764632,8.550776,0.052969,-0.611402,40.833851,59.877911,81,19,27.666667,22.446404,3.5,0.329017,8.830352,3.355735,7.164204,3.154717,1.117093,1.504077,0.105012,0.284439,6,13,13,2,34,34,0,
2002,AM,Armenia,Tay A,Chau A khac,0,0,Upper middle income,3,18.339185,3.105037,5906.269336,8.68377,0.063059,-0.414,55.483835,75.615729,66,16,47.0,25.122756,17.133333,0.485946,15.136696,3.871201,8.090968,3.262807,5.517916,2.897752,0.156503,0.396052,12,21,14,5,52,52,5,14.224293
2003,AM,Armenia,Tay A,Chau A khac,0,0,Upper middle income,3,20.906671,3.084102,6778.851898,8.821563,0.068957,-0.489513,58.877506,86.899913,75,18,24.808205,28.923424,4.68937,0.738486,8.043899,3.250692,9.378232,3.398642,1.520498,1.7386,0.239449,0.553015,9,21,16,9,55,55,0,14.773836
2004,AM,Armenia,Tay A,Chau A khac,0,0,Upper middle income,3,23.101871,3.065745,7535.483584,8.927378,0.06946,-0.290057,62.148008,98.584768,67,13,23.257949,32.456421,6.491534,0.741256,7.586394,3.188744,10.586797,3.510244,2.117441,2.013774,0.241787,0.554607,9,21,14,6,50,50,0,11.161649
2005,AM,Armenia,Tay A,Chau A khac,0,0,Upper middle income,3,26.313031,3.047246,8635.020344,9.063581,0.062163,-0.53002,51.063805,88.805508,84,21,24.229744,35.473578,51.333333,1.017732,7.951358,3.228024,11.641193,3.596588,16.845812,3.957634,0.333984,0.701974,9,22,12,10,53,53,0,14.591456
2006,AM,Armenia,Tay A,Chau A khac,0,0,Upper middle income,3,29.786351,3.026486,9841.892982,9.194403,0.07469,-0.529231,57.641508,114.060948,84,20,46.069231,43.52004,20.963043,1.083341,15.22202,3.85162,14.379726,3.795939,6.926529,3.089361,0.357953,0.733973,11,17,15,2,45,45,0,13.976489
2007,AM,Armenia,Tay A,Chau A khac,0,0,Upper middle income,3,33.867081,3.004393,11272.520424,9.330123,0.091284,-0.328555,74.397749,156.7302,77,19,44.742692,49.017432,30.901075,1.24963,14.892423,3.823032,16.315253,3.912372,10.285297,3.46264,0.415934,0.810766,20,20,20,11,71,71,0,14.5361
2008,AM,Armenia,Tay A,Chau A khac,0,0,Upper middle income,3,36.20391,2.983421,12135.032258,9.403852,0.076206,-0.572912,49.535917,140.974637,88,21,35.894872,45.227677,21.182353,1.010618,12.031447,3.608073,15.15967,3.833579,7.100021,3.099297,0.338745,0.698442,2,16,18,1,37,37,0,7.651455
2009,AM,Armenia,Tay A,Chau A khac,0,0,Upper middle income,3,31.099159,2.964296,10491.246068,9.258296,0.07224,-0.684186,46.432728,118.672949,97,25,24.31,45.812124,10.316667,0.609089,8.200935,3.2312,15.454639,3.846142,3.480309,2.426277,0.205475,0.475668,4,10,14,4,32,32,0,-13.545792
2010,AM,Armenia,Tay A,Chau A khac,0,0,Upper middle income,3,31.78334,2.946293,10787.569412,9.28615,0.078428,-0.472879,61.146863,139.999165,83,19,37.743205,50.277652,18.443939,0.803289,12.810405,3.656955,17.064716,3.937255,6.260049,2.967535,0.272644,0.589612,7,9,14,5,35,35,0,2.824482
2011,AM,Armenia,Tay A,Chau A khac,0,0,Upper middle income,3,33.277157,2.928976,11361.362209,9.337974,0.095351,-0.355843,77.55524,182.078379,82,19,43.08,59.876484,49.830635,1.11291,14.708212,3.786006,20.442805,4.108847,17.012989,3.928499,0.379966,0.748066,11,17,13,14,55,55,0,5.319018
2012,AM,Armenia,Tay A,Chau A khac,0,0,Upper middle income,3,35.673113,2.914421,12240.205708,9.412481,0.106941,-0.314401,88.051087,201.697232,77,16,46.055,73.599939,69.689629,1.176185,15.802453,3.851317,25.253709,4.31214,23.911998,4.258299,0.403574,0.777573,15,15,17,10,57,57,0,7.735371
2013,AM,Armenia,Tay A,Chau A khac,0,0,Upper middle income,3,36.850325,2.901385,12700.94292,9.449432,0.103793,-0.331356,101.428672,192.577444,76,17,55.666667,57.609945,65.198886,1.130336,19.186239,4.037186,19.856015,4.070904,22.471642,4.192664,0.389585,0.75628,19,13,18,21,71,71,0,3.76413
2014,AM,Armenia,Tay A,Chau A khac,0,0,Upper middle income,3,38.176937,2.88993,13210.332771,9.488755,0.108621,-0.209754,108.708026,212.719909,71,15,78.125,67.797108,49.209127,1.303565,27.033527,4.371029,23.459775,4.231162,17.027792,3.916197,0.451071,0.834458,15,16,19,8,58,58,0,4.010646
2015,AM,Armenia,Tay A,Chau A khac,0,0,Upper middle income,3,39.398599,2.878595,13686.746127,9.524183,0.118987,-0.398242,122.089541,218.994683,79,18,60.416667,73.596328,99.481092,1.121294,20.988248,4.117681,25.566753,4.312091,34.558905,4.60997,0.389528,0.752026,15,15,18,12,60,60,0,3.606369
2016,AM,Armenia,Tay A,Chau A khac,0,0,Upper middle income,3,39.477396,2.865835,13775.181113,9.530624,0.120677,-0.360271,123.541939,224.939162,78,15,62.678571,78.688359,66.080435,1.346881,21.870963,4.153848,27.457393,4.378124,23.058004,4.205892,0.469979,0.853087,15,7,21,9,52,52,1,0.646136
2017,AM,Armenia,Tay A,Chau A khac,0,0,Upper middle income,3,42.438201,2.851923,14880.55634,9.607811,0.12431,-0.432735,122.447636,233.378437,85,17,75.852381,66.188584,117.53518,1.643539,26.596925,4.341886,23.208405,4.207503,41.212606,4.77521,0.576291,0.972118,15,10,15,17,57,57,2,8.024397
2018,AM,Armenia,Tay A,Chau A khac,0,0,Upper middle income,3,44.644987,2.836557,15739.146904,9.663906,0.126617,-0.587658,129.304593,239.307442,88,22,66.767857,71.610687,203.921408,1.708315,23.538345,4.216088,25.245637,4.285112,71.890467,5.322627,0.602249,0.996326,17,10,22,36,85,85,1,5.769882
2019,AM,Armenia,Tay A,Chau A khac,0,0,Upper middle income,3,48.038006,2.820602,17031.118307,9.742797,0.136915,-0.490803,140.505768,263.640621,87,21,96.795455,79.760104,156.26927,1.942759,34.317303,4.582878,28.277688,4.391483,55.402808,5.057959,0.688775,1.079348,18,22,23,32,95,95,0,8.208649
2020,AM,Armenia,Tay A,Chau A khac,0,0,Upper middle income,3,44.57927,2.805608,15889.343737,9.673404,0.13155,-0.479894,136.594953,255.707547,88,19,80.183333,67.750191,135.633672,2.125574,28.579664,4.39671,24.148132,4.23048,48.343771,4.917303,0.757616,1.139618,18,15,26,31,90,90,0,-6.704049
2021,AM,Armenia,Tay A,Chau A khac,0,0,Upper middle income,3,47.164868,2.790974,16899.070918,9.735014,0.149579,-0.399432,180.952887,295.880119,79,17,69.991667,48.857915,134.021575,2.11749,25.077864,4.262562,17.505686,3.909177,48.019643,4.905435,0.758692,1.137028,14,12,26,22,74,74,0,6.354744
2022,AM,Armenia,Tay A,Chau A khac,0,0,Upper middle income,3,53.107641,2.780469,19100.245631,9.857456,0.18538,-0.041859,205.662009,352.002184,62,12,67.805556,73.035569,118.704434,3.92408,24.386374,4.231284,26.267356,4.304546,42.692234,4.785026,1.411301,1.594137,17,14,45,19,95,95,0,13.025419
2023,AM,Armenia,Tay A,Chau A khac,0,0,Upper middle income,3,57.515575,2.780469,20685.566018,9.937191,0.199887,0.032612,229.431996,348.824715,56,10,77.602778,98.252951,73.303539,5.400615,27.90996,4.364407,35.336827,4.597672,26.363732,4.308159,1.94234,1.856394,28,21,45,32,126,126,1,8.3
2001,AZ,Azerbaijan,Tay A,Chau A khac,0,0,Upper middle income,3,50.037872,8.1112,6168.98511,8.72729,0.025021,-0.913107,14.158071,27.037483,98,25,27.5,5.75,0.0,2.111167,3.390374,3.349904,0.708896,1.909543,0.0,0.0,0.260278,1.134998,3,5,16,0,24,24,0,
2002,AZ,Azerbaijan,Tay A,Chau A khac,0,0,Upper middle income,3,54.760905,8.17195,6701.081737,8.810024,0.027461,-1.132758,13.562367,29.845733,104,29,24.25,8.05,0.5,1.977729,2.967468,3.228826,0.985077,2.202765,0.061185,0.405465,0.242014,1.091161,3,8,19,1,31,31,0,8.625351
2003,AZ,Azerbaijan,Tay A,Chau A khac,0,0,Upper middle income,3,60.351062,8.2341,7329.406051,8.89965,0.031754,-0.922781,16.714805,37.595371,93,24,23.166667,10.116667,1.0,2.543283,2.813503,3.184974,1.228631,2.408445,0.121446,0.693147,0.308872,1.265054,3,10,23,0,36,36,0,9.376461
2004,AZ,Azerbaijan,Tay A,Chau A khac,0,0,Upper middle income,3,65.93583,8.3065,7937.85948,8.979399,0.031068,-1.241648,11.569772,37.992087,119,32,28.666667,7.230556,2.1,3.198693,3.451113,3.390024,0.87047,2.107854,0.252814,1.131402,0.385083,1.434773,3,2,25,0,30,30,0,8.301538
2005,AZ,Azerbaijan,Tay A,Chau A khac,0,0,Upper middle income,3,84.372502,8.39185,10054.100337,9.215736,0.06884,-0.238217,54.392061,103.066874,63,13,34.0,12.826984,6.919109,5.558979,4.05155,3.555348,1.528505,2.626622,0.824503,2.069279,0.662426,1.880835,5,3,28,74,110,110,2,26.660095
2006,AZ,Azerbaijan,Tay A,Chau A khac,0,0,Upper middle income,3,113.453,8.48455,13371.716826,9.500897,0.063061,-0.530623,42.225329,99.835292,85,21,33.5,21.079762,5.22381,8.84125,3.948353,3.540959,2.484488,3.094661,0.615685,1.828382,1.042041,2.286583,6,8,28,26,68,68,0,32.997647
2007,AZ,Azerbaijan,Tay A,Chau A khac,0,0,Upper middle income,3,142.341,8.5813,16587.346905,9.716395,0.082459,-0.17771,63.274266,146.908406,64,14,43.416667,25.2,13.24291,8.566019,5.059451,3.793615,2.936618,3.265759,1.543229,2.656259,0.998219,2.258217,6,15,29,98,148,148,1,24.047997
2008,AZ,Azerbaijan,Tay A,Chau A khac,0,0,Upper middle income,3,157.417,8.7634,17963.005226,9.79607,0.040088,-0.962759,18.525725,72.135016,112,28,39.238095,21.712434,17.694444,25.707535,4.477497,3.694814,2.477627,3.122913,2.01913,2.928226,2.933512,3.284946,5,9,25,6,45,45,0,8.29342
2009,AZ,Azerbaijan,Tay A,Chau A khac,0,0,Upper middle income,3,172.166,8.947243,19242.352085,9.864869,0.058859,-0.492826,43.985296,100.844876,84,20,51.619048,36.056061,14.193812,15.113616,5.769269,3.963078,4.029851,3.612432,1.58639,2.720888,1.689192,2.779665,4,12,24,2,42,42,1,7.12212
2010,AZ,Azerbaijan,Tay A,Chau A khac,0,0,Upper middle income,3,180.411,9.054332,19925.379365,9.89975,0.060226,-0.390337,48.336723,112.692223,78,18,37.892857,34.031728,22.190967,22.845412,4.185053,3.660811,3.758613,3.556254,2.450867,3.143763,2.523147,3.171592,2,12,18,9,41,41,1,3.549604
2011,AZ,Azerbaijan,Tay A,Chau A khac,0,0,Upper middle income,3,177.573,9.173082,19358.052179,9.870864,0.051781,-0.642276,37.676752,104.326528,96,24,45.083333,41.257007,9.898974,26.177186,4.914742,3.830451,4.497617,3.74377,1.079133,2.388669,2.853696,3.302378,5,20,20,0,45,45,1,-2.847259
2012,AZ,Azerbaijan,Tay A,Chau A khac,0,0,Upper middle income,3,181.485,9.295784,19523.366722,9.879367,0.055538,-0.4433,42.197758,110.665025,85,21,42.892857,38.302151,13.227901,22.496625,4.614227,3.781752,4.120379,3.671279,1.423,2.655205,2.420089,3.156857,3,11,27,6,47,47,0,0.853983
2013,AZ,Azerbaijan,Tay A,Chau A khac,0,0,Upper middle income,3,192.09,9.416801,20398.647056,9.923224,0.068535,-0.444616,66.980857,137.286398,83,19,43.12619,27.536622,23.029806,22.150594,4.579707,3.787053,2.924201,3.351188,2.445608,3.179295,2.352242,3.14202,9,11,25,8,53,53,0,4.483245
2014,AZ,Azerbaijan,Tay A,Chau A khac,0,0,Upper middle income,3,197.464,9.535079,20709.21489,9.938334,0.060413,-0.800119,50.795833,120.245769,105,26,50.484615,41.753844,36.603241,20.13267,5.29462,3.941283,4.378972,3.755459,3.838798,3.62709,2.111432,3.05082,8,16,26,11,61,61,0,1.522492
2015,AZ,Azerbaijan,Tay A,Chau A khac,0,0,Upper middle income,3,199.536,9.649341,20678.717852,9.93686,0.093074,-0.11465,104.094999,189.694165,65,13,68.974267,57.863153,16.867891,11.090924,7.148081,4.248128,5.996591,4.075215,1.748087,2.883005,1.149397,2.492455,16,20,26,35,97,97,0,-0.147263
2016,AZ,Azerbaijan,Tay A,Chau A khac,0,0,Upper middle income,3,193.423,9.757812,19822.374114,9.894567,0.067999,-0.662191,63.610927,132.164328,97,26,48.113639,57.90047,6.043933,10.245194,4.930782,3.894137,5.933755,4.075849,0.619394,1.952167,1.049948,2.419941,4,15,25,3,47,47,0,-4.141184
2017,AZ,Azerbaijan,Tay A,Chau A khac,0,0,Upper middle income,3,193.72,9.854033,19658.955881,9.886288,0.065974,-0.539448,58.474115,137.447807,95,25,54.669608,74.161319,29.157504,13.365495,5.547942,4.019434,7.525986,4.319637,2.958941,3.406434,1.356348,2.664829,6,25,28,11,70,70,1,-0.824413
2018,AZ,Azerbaijan,Tay A,Chau A khac,0,0,Upper middle income,3,196.627,9.939771,19781.844069,9.89252,0.07053,-0.471328,67.638008,151.519896,81,18,56.552715,76.054153,10.974315,15.414232,5.689539,4.052701,7.651499,4.344508,1.104081,2.482764,1.550763,2.798149,16,26,25,0,67,67,0,0.6251
2019,AZ,Azerbaijan,Tay A,Chau A khac,0,0,Upper middle income,3,201.503,10.024283,20101.487558,9.908549,0.074168,-0.618567,63.055618,158.61427,93,23,57.461538,95.168401,38.933323,13.991083,5.732234,4.068369,9.493786,4.566101,3.883901,3.687211,1.395719,2.707456,5,20,32,2,59,59,0,1.615843
2020,AZ,Azerbaijan,Tay A,Chau A khac,0,0,Upper middle income,3,193.042,10.093121,19126.095883,9.858809,0.083803,-0.647508,76.50863,180.571914,91,22,56.516667,104.348754,37.695885,9.466012,5.599523,4.052075,10.338601,4.657276,3.73481,3.655733,0.937868,2.348133,4,34,25,4,67,67,2,-4.852336
2021,AZ,Azerbaijan,Tay A,Chau A khac,0,0,Upper middle income,3,203.884,10.13775,20111.365934,9.90904,0.082254,-0.923882,79.750754,174.708727,104,27,30.941176,82.959425,22.250318,16.153469,3.052075,3.463896,8.183219,4.430334,2.194798,3.146319,1.593398,2.8422,5,27,30,1,63,63,2,5.151444
2022,AZ,Azerbaijan,Tay A,Chau A khac,0,0,Upper middle income,3,213.497,10.175016,20982.473148,9.951443,0.080646,-0.921162,72.390122,162.381918,108,29,19.416667,97.477175,14.374822,26.413469,1.908269,3.016352,9.580051,4.589825,1.412757,2.732731,2.595914,3.311034,4,35,29,3,71,71,2,4.331417
2023,AZ,Azerbaijan,Tay A,Chau A khac,0,0,Upper middle income,3,216.388,10.175016,21266.600465,9.964893,0.078592,-1.212436,59.191009,144.697711,124,30,19.333333,158.654764,14.898737,20.362264,1.900079,3.012262,15.592581,5.073014,1.464247,2.76624,2.001202,3.061626,6,43,29,1,79,79,2,1.354117
2001,BD,Bangladesh,Nam A,Chau A khac,0,0,Lower middle income,2,383.543,131.670484,2912.900358,7.976905,0.0339,-1.567162,8.43731,32.654736,141,39,29.65,84.741667,2.5,6.856107,0.225183,3.422633,0.643589,4.451339,0.018987,1.252763,0.05207,2.061291,0,12,29,0,41,41,22,
2002,BD,Bangladesh,Nam A,Chau A khac,0,0,Lower middle income,2,398.244,134.139826,2968.872198,7.995937,0.03317,-1.497749,8.286013,34.395826,124,35,26.409524,90.503846,2.0,6.663301,0.196881,3.310891,0.674698,4.516381,0.01491,1.098612,0.049674,2.036443,0,6,25,0,31,31,14,1.921516
2003,BD,Bangladesh,Nam A,Chau A khac,0,0,Lower middle income,2,417.119,136.503206,3055.745079,8.024779,0.033302,-1.766653,4.476534,35.062405,142,40,39.466667,120.4,1.0,8.024479,0.289126,3.700479,0.882031,4.799091,0.007326,0.693147,0.058786,2.199941,0,7,31,0,38,38,15,2.926124
2004,BD,Bangladesh,Nam A,Chau A khac,0,0,Lower middle income,2,438.974,138.789725,3162.871027,8.059235,0.035295,-1.611887,7.829181,41.373425,139,37,62.028283,118.090512,3.0,9.826625,0.446923,4.143584,0.850859,4.779884,0.021615,1.386294,0.070802,2.382008,1,2,31,0,34,34,15,3.505723
2005,BD,Bangladesh,Nam A,Chau A khac,0,0,Lower middle income,2,467.666,140.91259,3318.837586,8.10737,0.041211,-1.503104,11.32853,52.105206,133,37,75.991375,158.211111,3.916667,10.751013,0.53928,4.343693,1.122761,5.070231,0.027795,1.592631,0.076296,2.463939,0,3,30,0,33,33,16,4.93117
2006,BD,Bangladesh,Nam A,Chau A khac,0,0,Lower middle income,2,498.868,142.628831,3497.66591,8.159851,0.039397,-1.595819,7.5363,51.629093,138,38,106.597247,170.483267,3.8,12.272974,0.747375,4.678395,1.195293,5.144486,0.026643,1.568616,0.086048,2.58573,0,6,31,0,37,37,13,5.388282
2007,BD,Bangladesh,Nam A,Chau A khac,0,0,Lower middle income,2,534.081,144.135934,3705.397989,8.217546,0.041145,-1.653595,5.186462,60.393991,146,40,109.047589,210.1296,2.0,13.718406,0.756561,4.700913,1.457857,5.352472,0.013876,1.098612,0.095177,2.689099,0,4,31,0,35,35,13,5.939163
2008,BD,Bangladesh,Nam A,Chau A khac,0,0,Lower middle income,2,566.199,145.421318,3893.507553,8.267066,0.045363,-1.480956,10.959192,73.73307,140,38,111.194405,242.660256,8.0,16.637474,0.764636,4.720233,1.66867,5.495775,0.055013,2.197225,0.114409,2.870026,0,4,33,0,37,36,16,5.076636
2009,BD,Bangladesh,Nam A,Chau A khac,0,0,Lower middle income,2,594.765,146.70681,4054.106282,8.307486,0.047387,-1.58842,12.013776,70.292495,143,40,96.562743,307.456421,6.869023,16.461276,0.658202,4.580496,2.09572,5.731581,0.046821,2.062934,0.112205,2.859986,0,4,31,0,35,35,17,4.124783
2010,BD,Bangladesh,Nam A,Chau A khac,0,0,Lower middle income,2,627.904,148.391139,4231.411688,8.350291,0.049806,-1.550536,16.48519,78.358539,142,39,86.430688,318.556872,15.733997,19.105521,0.582452,4.470846,2.146738,5.766935,0.106031,2.817442,0.128751,3.000994,0,5,34,0,39,39,14,4.373477
2011,BD,Bangladesh,Nam A,Chau A khac,0,0,Lower middle income,2,668.494,150.211005,4450.366336,8.400742,0.049366,-1.566345,14.121009,84.420745,146,40,77.426998,394.577987,6.10307,24.407421,0.515455,4.362168,2.626825,5.980348,0.04063,1.960527,0.162488,3.235041,0,8,34,0,42,42,21,5.174506
2012,BD,Bangladesh,Nam A,Chau A khac,0,0,Lower middle income,2,712.089,152.090649,4682.003823,8.451481,0.052244,-1.498491,16.528449,88.887217,140,40,106.318393,490.644877,9.533333,23.478452,0.699046,4.6758,3.226003,6.197757,0.062682,2.354545,0.154371,3.197793,0,7,37,0,44,44,19,5.204908
2013,BD,Bangladesh,Nam A,Chau A khac,0,0,Lower middle income,2,754.912,154.030139,4901.066797,8.497208,0.055392,-1.598986,22.063192,96.122208,143,39,107.483494,529.979401,11.45188,24.163416,0.697808,4.686598,3.440751,6.274723,0.074348,2.521872,0.156875,3.225391,0,8,38,0,46,46,22,4.678829
2014,BD,Bangladesh,Nam A,Chau A khac,0,0,Lower middle income,2,800.667,155.961299,5133.754368,8.543593,0.056754,-1.610275,19.763611,101.404262,148,39,118.016352,592.830914,22.472222,27.254666,0.756703,4.779261,3.801141,6.386595,0.144088,3.155818,0.174753,3.341259,0,9,34,0,43,42,20,4.747692
2015,BD,Bangladesh,Nam A,Chau A khac,0,0,Lower middle income,2,853.132,157.83,5405.385541,8.595151,0.061883,-1.468137,30.38693,108.46576,141,38,113.08338,683.477319,80.875457,30.228537,0.716489,4.73693,4.330465,6.528656,0.512421,4.405199,0.191526,3.441332,0,8,39,0,47,47,23,5.291082
2016,BD,Bangladesh,Nam A,Chau A khac,0,0,Lower middle income,2,913.82,159.784568,5719.075449,8.651562,0.058008,-1.565631,27.815134,99.429652,143,41,90.131548,747.946435,34.328199,30.052085,0.564082,4.512304,4.680968,6.618667,0.214841,3.564681,0.188079,3.435666,0,10,38,0,48,47,27,5.803285
2017,BD,Bangladesh,Nam A,Chau A khac,0,0,Lower middle income,2,974.043,161.793964,6020.267851,8.702887,0.059626,-1.648896,24.914325,103.787069,145,40,91.213235,832.069879,32.286364,31.485903,0.563762,4.524104,5.142775,6.725118,0.199552,3.505148,0.194605,3.480806,0,14,35,0,49,49,27,5.266453
2018,BD,Bangladesh,Nam A,Chau A khac,0,0,Lower middle income,2,1045.34,163.683958,6386.331396,8.761915,0.062783,-1.650222,32.806895,112.859888,146,39,116.07465,944.879472,78.267216,34.524713,0.709139,4.762812,5.772584,6.852115,0.478161,4.372825,0.210923,3.570229,0,12,35,0,47,47,28,6.080519
2019,BD,Bangladesh,Nam A,Chau A khac,0,0,Lower middle income,2,1127.73,165.516222,6813.410712,8.826648,0.066918,-1.515837,35.678882,123.00783,141,39,133.300245,1145.280293,83.003788,35.468377,0.805361,4.900078,6.919444,7.044277,0.501484,4.430862,0.214289,3.596446,0,11,38,0,49,49,31,6.687397
2020,BD,Bangladesh,Nam A,Chau A khac,0,0,Lower middle income,2,1166.61,167.420951,6968.124318,8.849101,0.071066,-1.642709,34.85028,130.808952,150,40,141.597619,1690.965622,38.788325,30.652992,0.845758,4.960027,10.100084,7.433646,0.231681,3.683574,0.183089,3.454833,0,16,36,0,52,52,33,2.270722
2021,BD,Bangladesh,Nam A,Chau A khac,0,0,Lower middle income,2,1247.56,169.356251,7366.483331,8.904696,0.075044,-1.632812,48.842647,141.257525,149,39,131.921429,2160.974405,23.39951,37.488529,0.778958,4.889758,12.759933,7.678777,0.138167,3.194563,0.221359,3.65036,0,26,39,0,65,64,43,5.716876
2022,BD,Bangladesh,Nam A,Chau A khac,0,0,Lower middle income,2,1336.14,171.186372,7805.177389,8.962543,0.078744,-1.536636,48.621874,141.79526,135,37,125.578175,2165.651148,34.219643,43.688476,0.733576,4.84086,12.650839,7.680938,0.199897,3.561604,0.25521,3.799716,0,24,36,0,60,56,48,5.955271
2023,BD,Bangladesh,Nam A,Chau A khac,0,0,Lower middle income,2,1413.3,171.186372,8255.914203,9.018685,0.078799,-1.589776,47.453862,131.848613,139,39,144.194048,2551.742017,23.453175,35.531515,0.842322,4.978071,14.906222,7.844923,0.137004,3.19676,0.20756,3.598175,0,26,36,0,62,58,46,5.774844
2001,BH,Bahrain,Tay A,Chau A khac,0,0,High income,4,37.880643,0.730257,51873.028977,10.856554,0.06827,-0.869569,38.883727,72.610702,92,22,9.416667,19.166667,11.0,3.347299,12.895004,2.343407,26.246468,3.004031,15.06319,2.484907,4.583728,1.469555,1,20,35,4,60,60,5,
2002,BH,Bahrain,Tay A,Chau A khac,0,0,High income,4,39.149095,0.748324,52315.70153,10.865052,0.081206,-0.92029,54.116531,90.182531,90,23,8.041667,19.166667,18.833333,3.093403,10.746236,2.201844,25.612792,3.004031,25.167352,2.987364,4.133776,1.409377,2,19,39,1,61,61,4,0.853377
2003,BH,Bahrain,Tay A,Chau A khac,0,0,High income,4,41.614095,0.778256,53470.959191,10.886894,0.081147,-0.722294,50.615539,100.329776,84,22,8.4,23.166667,30.988889,3.293118,10.793364,2.24071,29.767412,3.184974,39.818375,3.465389,4.231408,1.457013,0,17,34,8,59,59,4,2.208243
2004,BH,Bahrain,Tay A,Chau A khac,0,0,High income,4,44.519159,0.833451,53415.448372,10.885855,0.093096,-0.714242,71.236749,126.324568,93,20,4.926282,33.892857,33.391111,3.680071,5.910704,1.779397,40.665687,3.552282,40.063676,3.537798,4.415462,1.543313,1,20,32,20,73,73,4,-0.103815
2005,BH,Bahrain,Tay A,Chau A khac,0,0,High income,4,47.53266,0.901921,52701.577585,10.872401,0.103499,-0.62713,85.255599,145.655369,89,22,5.405449,36.470238,47.05,5.082928,5.993262,1.857149,40.436178,3.623547,52.166431,3.872242,5.635668,1.805486,1,20,32,15,68,68,4,-1.33645
2006,BH,Bahrain,Tay A,Chau A khac,0,0,High income,4,50.606596,0.970981,52119.03881,10.861286,0.109636,-0.543733,94.151776,164.879109,86,22,7.283333,45.916667,106.645325,5.707707,7.501005,2.114245,47.288945,3.848373,109.832556,4.678842,5.878289,1.903257,1,27,32,25,85,85,4,-1.105354
2007,BH,Bahrain,Tay A,Chau A khac,0,0,High income,4,54.803888,1.040532,52669.103824,10.871784,0.1117,-0.462165,92.900861,185.175044,85,22,10.166667,40.821429,48.06,6.293562,9.770643,2.412933,39.231305,3.733409,46.187912,3.893044,6.048408,1.986992,2,16,35,7,60,60,6,1.055401
2008,BH,Bahrain,Tay A,Chau A khac,0,0,High income,4,58.226397,1.110343,52440.008847,10.867425,0.114332,-0.527947,86.429785,201.574748,84,19,9.266667,43.0,95.369565,8.090126,8.345769,2.328902,38.726772,3.78419,85.891986,4.56819,7.28615,2.207189,1,17,45,10,73,73,7,-0.43497
2009,BH,Bahrain,Tay A,Chau A khac,0,0,High income,4,59.705281,1.179453,50621.161393,10.832125,0.128969,-0.434794,116.593623,202.606978,79,18,12.683333,47.614286,110.532683,5.46849,10.753572,2.616179,40.369803,3.883917,93.715208,4.714318,4.636463,1.866943,3,26,48,8,85,85,4,-3.468435
2010,BH,Bahrain,Tay A,Chau A khac,0,0,High income,4,62.293086,1.213645,51327.271185,10.845977,0.111438,-0.845154,98.375353,181.637613,108,27,8.5,49.400433,97.123492,7.858223,7.003695,2.251292,40.704187,3.92,80.026278,4.586227,6.474894,2.181346,3,10,47,30,90,90,9,1.394891
2011,BH,Bahrain,Tay A,Chau A khac,0,0,High income,4,63.494195,1.212077,52384.62169,10.866368,0.116981,-0.650033,98.495643,215.051271,97,25,10.1,68.013492,108.014512,10.419343,8.332804,2.406945,56.113178,4.234302,89.115223,4.691481,8.596271,2.435309,0,16,46,24,86,86,5,2.060017
2012,BH,Bahrain,Tay A,Chau A khac,0,0,High income,4,65.908898,1.224939,53805.86115,10.893138,0.128271,-0.61389,111.114959,231.908332,95,26,13.433333,64.206349,62.256177,10.71922,10.966532,2.66954,52.415956,4.177557,50.8239,4.147193,8.750819,2.46123,1,19,43,15,78,78,5,2.713085
2013,BH,Bahrain,Tay A,Chau A khac,0,0,High income,4,69.397207,1.261673,55004.114963,10.915163,0.156839,-0.650928,171.635722,271.642483,92,23,23.852676,91.642662,107.148629,10.869234,18.905593,3.212965,72.635828,4.52875,84.925832,4.683506,8.614938,2.47395,4,24,62,11,101,101,6,2.226995
2014,BH,Bahrain,Tay A,Chau A khac,0,0,High income,4,72.387433,1.311134,55209.790217,10.918896,0.163305,-0.556096,183.882262,292.374179,87,20,24.481999,104.373793,86.949607,15.1881,18.672385,3.237972,79.605741,4.657514,66.316339,4.476764,11.583942,2.784276,3,28,60,14,105,105,6,0.373927
2015,BH,Bahrain,Tay A,Chau A khac,0,0,High income,4,74.202817,1.362142,54475.096789,10.905499,0.164564,-0.588547,176.445103,284.818403,93,25,17.266158,97.62566,106.20533,12.002095,12.67574,2.90505,71.670692,4.591331,77.969353,4.674746,8.811192,2.56511,2,13,68,8,91,91,7,-1.33073
2016,BH,Bahrain,Tay A,Chau A khac,0,0,High income,4,77.03365,1.409661,54646.932688,10.908648,0.167151,-0.388542,181.064506,293.750045,81,18,24.112657,54.922417,102.860013,7.394089,17.105287,3.223372,38.961436,4.023965,72.967907,4.643044,5.245296,2.127528,1,13,68,13,95,95,6,0.315439
2017,BH,Bahrain,Tay A,Chau A khac,0,0,High income,4,80.84977,1.456834,55496.899404,10.924082,0.152576,-0.47876,162.355899,280.381564,91,22,22.552256,65.157114,150.902772,7.595797,15.480319,3.159222,44.725146,4.192032,103.582682,5.023241,5.213907,2.151273,2,19,62,12,95,95,2,1.555379
2018,BH,Bahrain,Tay A,Chau A khac,0,0,High income,4,82.509283,1.48734,55474.39264,10.923677,0.152033,-0.592607,174.063832,293.895773,89,23,15.061905,87.594211,141.333333,9.07392,10.12674,2.77645,58.893199,4.484067,95.024227,4.958172,6.100771,2.30995,1,27,60,6,94,94,5,-0.040555
2019,BH,Bahrain,Tay A,Chau A khac,0,0,High income,4,84.203098,1.494188,56353.750572,10.939404,0.164142,-0.440937,193.318437,320.473575,81,18,12.890476,90.849675,182.987053,9.314093,8.627078,2.631203,60.802038,4.520153,122.465883,5.214865,6.233548,2.333511,1,24,64,19,108,108,6,1.58516
2020,BH,Bahrain,Tay A,Chau A khac,0,0,High income,4,79.225547,1.477469,53622.476768,10.889724,0.177972,-0.541671,216.740677,333.119574,90,21,19.116667,120.928257,134.138967,8.24496,12.938794,3.001549,81.848253,4.803433,90.7897,4.906304,5.580463,2.224079,1,27,64,13,105,105,7,-4.846658
2021,BH,Bahrain,Tay A,Chau A khac,0,0,High income,4,82.671891,1.463265,56498.235688,10.941965,0.170043,-0.4762,217.893734,334.667747,81,18,18.033333,123.686334,87.929284,11.829862,12.324038,2.946192,84.527638,4.825801,60.091155,4.487841,8.084566,2.551775,2,45,62,5,114,114,8,5.362973
2022,BH,Bahrain,Tay A,Chau A khac,0,0,High income,4,87.781147,1.472233,59624.493549,10.995822,0.169495,-0.741614,207.883906,312.051737,100,25,18.583333,167.028706,65.923656,14.373137,12.622549,2.974679,113.45263,5.124135,44.778005,4.203553,9.762814,2.732622,2,56,65,11,134,134,6,5.533373
2023,BH,Bahrain,Tay A,Chau A khac,0,0,High income,4,91.185402,1.472233,61936.800661,11.03387,0.179615,-0.641114,228.647851,308.12275,95,24,11.2,165.468937,79.036161,12.121828,7.607491,2.501436,112.393172,5.114809,53.684547,4.382479,8.233634,2.574277,0,59,66,17,142,142,8,3.878116
2001,BN,Brunei Darussalam,Dong Nam A,ASEAN khac,1,0,High income,4,33.228084,0.340748,97515.124866,11.487763,0.04102,-0.904118,27.267055,43.17964,96,24,1.833333,12.116667,0.666667,4.086102,5.38032,1.041454,35.559025,2.573884,1.95648,0.510826,11.991567,1.626512,0,20,17,0,37,37,0,
2002,BN,Brunei Darussalam,Dong Nam A,ASEAN khac,1,0,High income,4,34.544394,0.347463,99418.913887,11.507098,0.033367,-1.119172,18.134886,34.835312,102,28,1.0,8.0,12.65,4.178781,2.878004,0.693147,23.024034,2.197225,36.406754,2.61374,12.02655,1.64457,0,5,17,4,26,26,2,1.952301
2003,BN,Brunei Darussalam,Dong Nam A,ASEAN khac,1,0,High income,4,35.782268,0.354045,101067.005285,11.523539,0.044096,-0.711115,32.09934,52.966605,83,21,1.0,14.583333,8.916667,4.69008,2.8245,0.693147,41.190621,2.746202,25.185122,2.294217,13.247129,1.738724,0,20,18,8,46,46,0,1.657724
2004,BN,Brunei Darussalam,Dong Nam A,ASEAN khac,1,0,High income,4,35.819674,0.360461,99371.843586,11.506624,0.038227,-1.005027,22.440526,49.505835,104,26,2.5,11.25,0.333333,5.723958,6.935563,1.252763,31.210034,2.505526,0.924742,0.287682,15.87955,1.905677,0,15,14,0,29,29,0,-1.677265
2005,BN,Brunei Darussalam,Dong Nam A,ASEAN khac,1,0,High income,4,35.818268,0.366717,97672.777976,11.489378,0.03182,-0.984139,18.325257,44.099935,105,27,4.666667,15.158333,1.166667,6.293281,12.725526,1.734601,41.335235,2.782436,3.181381,0.77319,17.161139,1.986954,0,7,11,0,18,18,0,-1.709806
2006,BN,Brunei Darussalam,Dong Nam A,ASEAN khac,1,0,High income,4,37.286249,0.372808,100014.614863,11.513072,0.037969,-0.794659,26.695491,55.848971,101,26,3.333333,17.333333,3.0,8.767469,8.941153,1.466337,46.493995,2.908721,8.047038,1.386294,23.517383,2.279057,0,16,11,1,28,28,0,2.397635
2007,BN,Brunei Darussalam,Dong Nam A,ASEAN khac,1,0,High income,4,35.882935,0.378748,94740.921497,11.458901,0.050124,-0.504475,41.651733,87.1247,88,23,10.666667,20.483333,9.833333,8.704601,28.162965,2.456736,54.081694,3.067277,25.962733,2.382628,22.982565,2.2726,3,16,7,3,29,29,0,-5.272923
2008,BN,Brunei Darussalam,Dong Nam A,ASEAN khac,1,0,High income,4,34.483245,0.384568,89667.484099,11.403863,0.047544,-0.690539,36.687888,85.832633,97,24,10.666667,15.757479,3.833333,11.741713,27.736751,2.456736,40.974493,2.818845,9.967895,1.575536,30.532214,2.544881,0,13,5,0,18,18,0,-5.355064
2009,BN,Brunei Darussalam,Dong Nam A,ASEAN khac,1,0,High income,4,33.827976,0.390311,86669.286361,11.369855,0.061145,-0.37306,58.732565,101.139468,77,17,5.733333,16.242857,9.556522,7.563755,14.689141,1.90707,41.615166,2.847398,24.484377,2.356744,19.37879,2.147539,0,11,7,3,21,21,1,-3.343684
2010,BN,Brunei Darussalam,Dong Nam A,ASEAN khac,1,0,High income,4,34.755324,0.396053,87754.224546,11.382295,0.069034,-0.552265,63.02929,125.08098,87,22,7.833333,18.888095,12.165254,8.517826,19.778498,2.178532,47.690827,2.990121,30.716228,2.577581,21.506782,2.253166,0,8,7,0,15,15,0,1.251814
2011,BN,Brunei Darussalam,Dong Nam A,ASEAN khac,1,0,High income,4,36.056704,0.401506,89803.650411,11.405381,0.07168,-0.336568,71.274444,141.543732,81,18,5.833333,20.883929,23.9397,11.678583,14.528633,1.921813,52.013989,3.085753,59.624763,3.216461,29.086944,2.539914,0,5,6,1,12,12,0,2.335416
2012,BN,Brunei Darussalam,Dong Nam A,ASEAN khac,1,0,High income,4,36.385951,0.406634,89480.837724,11.40178,0.063858,-0.800334,53.088902,119.729076,102,28,8.0,24.607875,13.4,13.724653,19.673711,2.197225,60.51603,3.2429,32.953467,2.667228,33.751858,2.689523,0,9,3,4,16,16,0,-0.359465
2013,BN,Brunei Darussalam,Dong Nam A,ASEAN khac,1,0,High income,4,35.612828,0.411702,86501.470479,11.367917,0.069696,-0.675933,68.656965,140.150219,94,24,7.25,34.614866,14.190476,11.570211,17.609825,2.110213,84.077479,3.572763,34.467834,2.720669,28.103363,2.53133,0,11,4,1,16,16,0,-3.329615
2014,BN,Brunei Darussalam,Dong Nam A,ASEAN khac,1,0,High income,4,34.719699,0.416656,83329.41042,11.330557,0.094012,-0.86769,101.675642,178.071202,110,28,11.083333,47.154978,17.014646,9.982979,26.600681,2.491827,113.174845,3.874425,40.836197,2.891185,23.959764,2.396347,1,9,5,0,15,15,0,-3.667059
2015,BN,Brunei Darussalam,Dong Nam A,ASEAN khac,1,0,High income,4,34.583464,0.421437,82060.816831,11.315216,0.095613,-0.634925,115.832828,183.623092,94,26,10.166667,64.827596,16.204451,6.033709,24.123811,2.412933,153.825119,4.187039,38.450471,2.845168,14.316988,1.950714,1,23,4,4,32,32,1,-1.522384
2016,BN,Brunei Darussalam,Dong Nam A,ASEAN khac,1,0,High income,4,33.726515,0.425994,79171.337279,11.27937,0.116612,-0.489748,141.80235,222.257875,90,22,16.583333,69.786364,23.192926,4.670486,38.928561,2.866951,163.820062,4.259666,54.444256,3.18606,10.963735,1.735275,1,13,3,11,28,28,0,-3.521144
2017,BN,Brunei Darussalam,Dong Nam A,ASEAN khac,1,0,High income,4,34.174648,0.430276,79424.945372,11.282568,0.126148,-0.492987,157.922468,239.885734,92,23,14.833333,70.442817,71.404918,4.890409,34.473997,2.762117,163.715422,4.268897,165.951431,4.282274,11.365748,1.773325,1,22,5,25,53,53,1,0.320328
2018,BN,Brunei Darussalam,Dong Nam A,ASEAN khac,1,0,High income,4,34.192545,0.434274,78734.958618,11.273843,0.106311,-0.617695,130.997599,214.632447,90,24,17.5,74.08963,19.061183,6.237573,40.29714,2.917771,170.605723,4.318682,43.892066,2.998787,14.363221,1.979286,1,12,4,0,17,17,1,-0.868728
2019,BN,Brunei Darussalam,Dong Nam A,ASEAN khac,1,0,High income,4,35.515402,0.438048,81076.506951,11.303149,0.101842,-0.963561,114.309499,196.595023,116,31,7.0,81.382924,16.589074,5.637214,15.979984,2.079442,185.785402,4.411378,37.870448,2.867278,12.868942,1.892692,1,21,7,1,30,30,0,2.973963
2020,BN,Brunei Darussalam,Dong Nam A,ASEAN khac,1,0,High income,4,35.917995,0.441725,81313.022505,11.306061,0.093679,-1.281854,102.249406,179.503505,131,36,6.083333,116.384049,8.0,6.146278,13.771766,1.957745,263.476256,4.765451,18.110816,2.197225,13.914263,1.966592,1,24,9,0,34,34,2,0.291719
2021,BN,Brunei Darussalam,Dong Nam A,ASEAN khac,1,0,High income,4,35.346625,0.445373,79364.094543,11.281801,0.12783,-0.680239,179.118222,249.127793,92,24,3.25,126.754504,7.051134,8.509028,7.297254,1.446919,284.603026,4.85011,15.831974,2.085813,19.105397,2.252242,0,31,11,1,43,43,3,-2.396821
2022,BN,Brunei Darussalam,Dong Nam A,ASEAN khac,1,0,High income,4,34.771065,0.449002,77440.778968,11.257269,0.113445,-1.391039,128.598437,204.428756,130,36,3.666667,153.368379,8.208207,11.821929,8.166259,1.540445,341.576159,5.039342,18.281003,2.220095,26.329345,2.551157,1,44,8,6,59,59,1,-2.423408
2023,BN,Brunei Darussalam,Dong Nam A,ASEAN khac,1,0,High income,4,35.163159,0.449002,78314.035414,11.268482,0.106816,-1.318493,121.477229,179.183997,126,31,2.583333,159.461533,5.069098,8.712546,5.753501,1.276293,355.146599,5.078054,11.289699,1.80321,19.404248,2.273418,0,46,8,0,54,54,1,1.127644
2001,BT,Bhutan,Nam A,Chau A khac,0,0,Lower middle income,2,3.387238,0.603234,5615.13089,8.63322,0.012068,-1.409881,-0.399471,12.469204,124,33,0.0,1.2,0.0,0.037024,0.0,0.0,1.989278,0.788457,0.0,0.0,0.061376,0.036355,0,0,2,0,2,2,0,
2002,BT,Bhutan,Nam A,Chau A khac,0,0,Lower middle income,2,3.740994,0.619048,6043.139673,8.706679,0.011774,-1.269088,-0.091647,12.612844,109,30,0.0,0.5,0.0,0.038765,0.0,0.0,0.807692,0.405465,0.0,0.0,0.062621,0.038033,0,0,2,0,2,2,0,7.622419
2003,BT,Bhutan,Nam A,Chau A khac,0,0,Lower middle income,2,4.032288,0.634627,6353.792462,8.756807,0.012224,-1.417371,-0.270481,12.108616,121,33,0.0,0.0,0.0,0.070119,0.0,0.0,0.0,0.0,0.0,0.0,0.110489,0.06777,0,0,3,0,3,3,0,5.140586
2004,BT,Bhutan,Nam A,Chau A khac,0,0,Lower middle income,2,4.240244,0.649991,6523.542221,8.783173,0.011074,-1.019321,3.804931,13.212005,105,27,0.25,1.0,0.0,0.064996,0.384621,0.223144,1.538483,0.693147,0.0,0.0,0.099996,0.062971,0,1,1,0,2,2,0,2.671629
2005,BT,Bhutan,Nam A,Chau A khac,0,0,Lower middle income,2,4.534308,0.663323,6835.746182,8.829921,0.023285,-1.592635,3.099617,28.043367,137,39,0.0,3.5,0.0,0.158403,0.0,0.0,5.276464,1.504077,0.0,0.0,0.238803,0.147043,0,0,6,0,6,6,0,4.785804
2006,BT,Bhutan,Nam A,Chau A khac,0,0,Lower middle income,2,4.790079,0.67326,7114.753773,8.869926,0.024674,-1.434421,4.69663,33.982451,134,35,0.0,6.5625,0.0,0.233975,0.0,0.0,9.747349,2.023202,0.0,0.0,0.347526,0.210241,0,4,6,0,10,10,0,4.081597
2007,BT,Bhutan,Nam A,Chau A khac,0,0,Lower middle income,2,5.561511,0.681614,8159.326254,9.006917,0.016442,-1.43067,-1.461121,22.583936,129,36,0.0,1.0,0.0,0.373447,0.0,0.0,1.467106,0.693147,0.0,0.0,0.547887,0.317324,0,1,9,0,10,10,0,14.68178
2008,BT,Bhutan,Nam A,Chau A khac,0,0,Lower middle income,2,5.813417,0.689737,8428.454321,9.039369,0.014194,-1.934502,-2.701234,20.360725,160,43,0.0,3.266667,1.0,0.199032,0.0,0.0,4.736105,1.450833,1.449828,0.693147,0.288562,0.181514,0,0,4,0,4,4,1,3.29841
2009,BT,Bhutan,Nam A,Chau A khac,0,0,Lower middle income,2,6.25916,0.697678,8971.41674,9.101799,0.021157,-1.85255,3.975271,26.321961,156,44,0.25,4.666667,0.0,0.177552,0.358331,0.223144,6.688855,1.734601,0.0,0.0,0.25449,0.163438,0,0,7,0,7,7,0,6.442017
2010,BT,Bhutan,Nam A,Chau A khac,0,0,Lower middle income,2,7.005995,0.705516,9930.313661,9.203347,0.024897,-1.815718,6.094975,34.143473,153,41,0.0,4.271429,0.0,0.220306,0.0,0.0,6.054333,1.662301,0.0,0.0,0.312262,0.199101,0,0,9,0,9,9,0,10.688356
2011,BT,Bhutan,Nam A,Chau A khac,0,0,Lower middle income,2,7.600752,0.713331,10655.294964,9.273812,0.026436,-1.532292,3.522618,42.081907,145,39,1.5,6.183333,0.0,0.272166,2.102811,0.916291,8.668253,1.971764,0.0,0.0,0.381542,0.240721,0,4,9,0,13,13,0,7.300689
2012,BT,Bhutan,Nam A,Chau A khac,0,0,Lower middle income,2,7.993317,0.721145,11084.20275,9.313276,0.024745,-2.038974,-0.570394,35.173621,165,42,2.25,6.092857,0.0,0.207485,3.120038,1.178655,8.448866,1.959088,0.0,0.0,0.287716,0.188539,0,2,4,0,6,6,0,4.025302
2013,BT,Bhutan,Nam A,Chau A khac,0,0,Lower middle income,2,8.132109,0.728889,11156.854598,9.319809,0.024212,-2.406171,7.519914,34.291261,178,45,2.25,15.316667,0.0,0.13068,3.08689,1.178655,21.013716,2.792187,0.0,0.0,0.179287,0.122819,0,3,3,0,6,6,0,0.655454
2014,BT,Bhutan,Nam A,Chau A khac,0,0,Lower middle income,2,8.610365,0.736357,11693.193452,9.366762,0.020694,-1.991015,5.421844,33.634414,165,44,0.333333,11.842857,0.0,0.145132,0.452679,0.287682,16.083037,2.552788,0.0,0.0,0.197095,0.13552,0,2,4,0,6,6,0,4.807259
2015,BT,Bhutan,Nam A,Chau A khac,0,0,Lower middle income,2,9.183884,0.743274,12355.987353,9.421896,0.022957,-2.470459,-0.032031,33.901205,177,46,1.5,12.423232,0.0,0.20166,2.018098,0.916291,16.714203,2.596987,0.0,0.0,0.271314,0.183704,0,2,4,0,6,6,0,5.668203
2016,BT,Bhutan,Nam A,Chau A khac,0,0,Lower middle income,2,9.962305,0.749761,13287.307509,9.494565,0.025932,-2.303736,8.678265,37.57647,169,45,0.535714,17.147191,0.0,0.116576,0.714513,0.428996,22.87021,2.898516,0.0,0.0,0.155484,0.110267,0,0,3,0,3,3,0,7.5374
2017,BT,Bhutan,Nam A,Chau A khac,0,0,Lower middle income,2,10.170203,0.756121,13450.496483,9.506771,0.026398,-1.929658,9.861475,45.383746,160,43,2.095238,13.109524,0.0,0.177184,2.771035,1.129865,17.337865,2.64685,0.0,0.0,0.234333,0.163125,0,0,3,0,3,3,0,1.228157
2018,BT,Bhutan,Nam A,Chau A khac,0,0,Lower middle income,2,10.52635,0.762096,13812.367893,9.53332,0.026545,-2.138299,6.747451,43.42876,168,44,2.214286,12.710096,0.0,0.229129,2.905521,1.167605,16.677815,2.618133,0.0,0.0,0.300657,0.206306,0,4,3,0,7,7,0,2.690394
2019,BT,Bhutan,Nam A,Chau A khac,0,0,Lower middle income,2,11.132157,0.767459,14505.214501,9.582263,0.031656,-1.979606,16.153461,54.111983,162,43,0.742857,17.400747,0.0,0.186706,0.967944,0.555526,22.673194,2.912391,0.0,0.0,0.243278,0.171182,0,2,4,0,6,6,1,5.016132
2020,BT,Bhutan,Nam A,Chau A khac,0,0,Lower middle income,2,9.994629,0.772506,12937.931006,9.467919,0.040761,-1.896989,26.777675,70.588078,163,44,3.028571,26.90671,0.0,0.141232,3.92045,1.393412,34.830421,3.328867,0.0,0.0,0.182823,0.132109,1,6,4,0,11,11,0,-10.804966
2021,BT,Bhutan,Nam A,Chau A khac,0,0,Lower middle income,2,10.436529,0.777486,13423.429633,9.504757,0.03553,-1.915779,23.320226,61.288139,162,43,2.933333,23.226367,1.0,0.236222,3.772844,1.369487,29.873678,3.187442,1.286197,0.693147,0.303828,0.21206,0,0,4,0,4,4,1,3.752521
2022,BT,Bhutan,Nam A,Chau A khac,0,0,Lower middle income,2,10.980675,0.782455,14033.619085,9.549211,0.034165,-2.375329,8.946375,48.375393,181,47,0.285714,19.442681,0.0,0.23165,0.365151,0.251314,24.848306,3.017625,0.0,0.0,0.296056,0.208355,0,5,3,0,8,8,0,4.545705
2023,BT,Bhutan,Nam A,Chau A khac,0,0,Lower middle income,2,11.516817,0.782455,14718.823723,9.596882,0.035594,-1.914296,18.744222,54.842411,158,43,2.0,15.075773,0.0,0.26431,2.556058,1.098612,19.267272,2.777313,0.0,0.0,0.337796,0.234527,1,4,4,0,9,9,0,4.882594
2001,CN,China,Dong A,Chau A khac,0,0,Upper middle income,3,5560.73,1271.85,4372.158667,8.383012,0.183298,-0.13737,164.28994,188.549697,48,8,8002.414738,4114.320846,1156.490779,355.16221,6.291949,8.987624,3.23491,8.322472,0.909298,7.05401,0.279249,5.875386,14,141,495,54,704,197,704,
2002,CN,China,Dong A,Chau A khac,0,0,Upper middle income,3,6074.73,1280.4,4744.400187,8.46472,0.192748,-0.105826,175.577792,206.54191,47,7,7306.120485,5770.146105,1383.756252,424.589193,5.706123,8.896605,4.506518,8.660626,1.080722,7.233279,0.331607,6.053475,21,178,511,74,784,221,784,8.513907
2003,CN,China,Dong A,Chau A khac,0,0,Upper middle income,3,6689.38,1288.4,5192.005588,8.554875,0.204676,-0.061906,181.864447,230.787255,46,9,9210.241944,8403.595148,1806.140243,560.164388,7.148589,9.12818,6.522505,9.036534,1.401847,7.499501,0.434775,6.330014,32,217,544,102,895,235,895,9.434394
2004,CN,China,Dong A,Chau A khac,0,0,Upper middle income,3,7367.11,1296.075,5684.169512,8.64544,0.228823,0.087363,193.693044,280.996851,43,9,12363.380927,11369.538812,3283.333098,736.598912,9.539094,9.422575,8.772285,9.338781,2.533289,8.096919,0.56833,6.6034,52,252,566,221,1091,258,1091,9.479264
2005,CN,China,Dong A,Chau A khac,0,0,Upper middle income,3,8211.25,1303.72,6298.32326,8.748039,0.246897,0.142268,203.356182,309.708974,40,8,16363.151659,15064.976779,4180.207453,917.388288,12.551124,9.702848,11.555378,9.620194,3.206369,8.338355,0.70367,6.82262,83,276,619,259,1237,290,1237,10.804635
2006,CN,China,Dong A,Chau A khac,0,0,Upper middle income,3,9252.0,1311.02,7057.100578,8.86179,0.261589,0.195179,213.753757,344.160609,38,6,22147.14628,20752.210778,5264.622189,1129.205987,16.893065,10.005509,15.829057,9.940456,4.015669,8.568955,0.861319,7.030155,129,295,642,278,1344,327,1344,12.047291
2007,CN,China,Dong A,Chau A khac,0,0,Upper middle income,3,10561.2,1317.885,8013.749303,8.988914,0.277121,0.215374,206.361728,394.684515,37,7,28612.272767,26065.891793,6793.741004,1427.691455,21.710751,10.261626,19.778578,10.168421,5.155033,8.823904,1.08332,7.264514,179,339,657,318,1493,361,1493,13.555832
2008,CN,China,Dong A,Chau A khac,0,0,Upper middle income,3,11582.4,1324.655,8743.710627,9.07609,0.288052,0.242718,210.682718,436.233621,39,6,34128.192875,32277.881493,8191.927615,1634.742082,25.763835,10.437908,24.36701,10.382168,6.184197,9.011027,1.234089,7.399852,218,384,662,340,1604,410,1604,9.108861
2009,CN,China,Dong A,Chau A khac,0,0,Upper middle income,3,12671.5,1331.26,9518.426153,9.160985,0.293994,0.260832,227.613463,399.106875,35,6,38085.604339,38642.618519,8040.821647,1366.929062,28.60869,10.547618,29.027101,10.562137,6.040008,8.992411,1.026793,7.221053,251,419,664,372,1706,416,1706,8.86026
2010,CN,China,Dong A,Chau A khac,0,0,Upper middle income,3,14014.2,1337.705,10476.300829,9.256871,0.30854,0.323361,228.698709,443.316105,32,5,45027.300467,46216.708149,9621.665908,1747.591568,33.660112,10.715046,34.549253,10.741118,7.192666,9.171877,1.30641,7.466566,293,429,676,388,1786,473,1786,10.063372
2011,CN,China,Dong A,Chau A khac,0,0,Upper middle income,3,15340.1,1345.035,11404.982026,9.341806,0.320994,0.334762,229.450277,494.799393,34,6,54535.446751,56971.232421,11518.10536,2033.954809,40.545745,10.906625,42.356691,10.950319,8.563424,9.351762,1.512195,7.618229,335,461,686,415,1897,508,1897,8.864591
2012,CN,China,Dong A,Chau A khac,0,0,Upper middle income,3,16545.3,1354.19,12217.857169,9.410654,0.32904,0.371606,231.523453,494.474107,27,6,69388.002309,65819.355856,12897.178822,2118.632785,51.239488,11.147484,48.604225,11.094684,9.523906,9.464841,1.564502,7.658998,382,486,679,427,1974,530,1974,7.127369
2013,CN,China,Dong A,Chau A khac,0,0,Upper middle income,3,17832.3,1363.24,13080.822159,9.478902,0.335304,0.406314,251.741975,512.169487,24,5,77400.799688,82901.044448,14847.982425,2227.072003,56.77709,11.256765,60.811775,11.325415,10.891686,9.605687,1.633661,7.708892,389,500,691,451,2031,544,2031,7.063145
2014,CN,China,Dong A,Chau A khac,0,0,Upper middle income,3,19162.9,1371.86,13968.553642,9.544564,0.343313,0.441133,260.567651,525.752739,20,4,89010.226684,100176.059779,16313.583265,2315.78948,64.882879,11.396518,73.022072,11.514694,11.89158,9.699815,1.688065,7.747938,400,518,695,468,2081,563,2081,6.786511
2015,CN,China,Dong A,Chau A khac,0,0,Upper middle income,3,20500.3,1379.86,14856.797066,9.606213,0.354445,0.48441,265.494814,522.066197,19,4,100318.799912,113235.325324,22183.898867,2211.279108,72.702158,11.516118,82.062909,11.637232,16.07692,10.007167,1.602539,7.701779,418,534,702,499,2153,603,2153,6.358879
2016,CN,China,Dong A,Chau A khac,0,0,Upper middle income,3,21889.3,1387.79,15772.77542,9.666041,0.362482,0.508625,267.671748,536.506032,17,4,115807.1514,129733.301865,33937.181185,2041.587016,83.447172,11.65969,93.48194,11.773244,24.454119,10.432296,1.471107,7.621972,431,545,696,511,2183,660,2183,6.165382
2017,CN,China,Dong A,Chau A khac,0,0,Upper middle income,3,23397.7,1396.215,16757.94917,9.726628,0.37402,0.542137,267.798904,556.066462,9,3,143826.700174,140812.906579,57096.865011,2172.483997,103.011857,11.876371,100.853312,11.855194,40.894035,10.952522,1.555981,7.684087,439,557,698,518,2212,727,2212,6.246039
2018,CN,China,Dong A,Chau A khac,0,0,Upper middle income,3,24978.7,1402.76,17806.82369,9.787337,0.388436,0.578759,292.032093,585.404697,9,4,160715.655011,163949.167842,91262.827369,2303.262218,114.571028,11.987398,116.876136,12.007318,65.059474,11.42151,1.64195,7.742516,457,572,705,525,2259,777,2259,6.258967
2019,CN,China,Dong A,Chau A khac,0,0,Upper middle income,3,26494.5,1407.745,18820.525024,9.842703,0.399293,0.556203,286.42775,593.820542,9,4,187558.745217,189853.33941,140097.847307,2261.261603,133.233466,12.141853,134.863444,12.154012,99.519336,11.850104,1.606301,7.72412,464,584,702,526,2276,805,2276,5.692769
2020,CN,China,Dong A,Chau A khac,0,0,Upper middle income,3,27114.5,1411.1,19215.1513,9.863454,0.405246,0.597462,299.175435,591.873826,10,4,214651.024361,202055.990005,142515.926407,2324.701052,152.116097,12.276774,143.190412,12.216305,100.996334,11.867216,1.647439,7.751777,465,597,705,527,2294,822,2294,2.096787
2021,CN,China,Dong A,Chau A khac,0,0,Upper middle income,3,29438.2,1412.36,20843.269421,9.944786,0.413641,0.686541,328.934411,604.06765,7,4,243362.235418,205934.103886,249271.369577,2798.057665,172.308926,12.40231,145.808508,12.235316,176.492799,12.426301,1.981122,7.937038,469,599,715,527,2310,896,2310,8.473096
2022,CN,China,Dong A,Chau A khac,0,0,Upper middle income,3,30360.9,1412.175,21499.38924,9.97578,0.425465,0.617045,306.394846,581.370259,10,4,250872.171789,254371.479827,188082.039587,2803.00957,177.649492,12.432703,180.127449,12.446555,133.186071,12.144639,1.984888,7.938806,474,604,720,524,2322,948,2322,3.147874
2023,CN,China,Dong A,Chau A khac,0,0,Upper middle income,3,32004.9,1412.175,22663.550906,10.028513,0.426095,0.624825,320.238494,548.482525,12,4,252632.175751,283330.857214,84524.903473,2513.110308,178.8958,12.439694,200.634381,12.554374,59.854411,11.344813,1.779603,7.829674,471,607,719,521,2318,950,2318,5.414859
2001,CY,Cyprus,Tay A,Chau A khac,0,0,High income,4,26.062393,0.96483,27012.420079,10.204052,0.234967,0.100781,218.401112,239.365018,35,5,84.395238,54.467647,142.348319,1.225157,87.471615,4.44729,56.453103,4.0158,147.537202,4.965277,1.269817,0.799828,19,77,22,181,299,299,8,
2002,CY,Cyprus,Tay A,Chau A khac,0,0,High income,4,27.03269,0.982194,27522.759891,10.222769,0.251396,0.081634,240.921627,267.472658,37,5,91.020833,83.284061,133.710082,1.152727,92.670932,4.522015,84.793901,4.434193,136.134085,4.903125,1.173625,0.766736,14,111,22,226,373,373,3,1.889278
2003,CY,Cyprus,Tay A,Chau A khac,0,0,High income,4,27.741838,1.00035,27732.131827,10.230347,0.250243,0.1167,224.705503,284.504767,33,6,122.895833,82.942857,193.14559,1.357072,122.852835,4.819441,82.913837,4.430136,193.078013,5.268608,1.356598,0.85742,18,101,26,210,355,355,5,0.760723
2004,CY,Cyprus,Tay A,Chau A khac,0,0,High income,4,29.136218,1.018684,28601.821945,10.261226,0.29745,0.242134,242.781416,351.348719,33,5,124.242857,103.009159,241.111515,1.727409,121.96408,4.830255,101.119836,4.644479,236.689214,5.489398,1.695726,1.003352,20,102,28,312,462,462,35,3.136038
2005,CY,Cyprus,Tay A,Chau A khac,0,0,High income,4,30.550195,1.037062,29458.407943,10.290735,0.31047,0.277071,236.288339,388.393264,30,5,121.432143,109.679891,312.193654,2.006512,117.092462,4.807557,105.760207,4.706642,301.036634,5.746822,1.934804,1.100781,15,105,38,354,512,512,28,2.994865
2006,CY,Cyprus,Tay A,Chau A khac,0,0,High income,4,31.990266,1.055438,30309.94294,10.319231,0.310853,0.289697,240.580011,405.827737,32,5,158.703254,149.531432,348.965378,2.462975,150.367197,5.073317,141.677135,5.014172,330.635602,5.857834,2.333604,1.242128,26,117,37,341,521,521,10,2.890635
2007,CY,Cyprus,Tay A,Chau A khac,0,0,High income,4,33.621202,1.073873,31308.35922,10.35164,0.341295,0.345861,224.731264,474.771862,27,6,161.582631,176.740745,569.184332,3.125783,150.46717,5.091186,164.582539,5.180326,530.029465,6.34596,2.910756,1.417256,33,135,44,382,594,594,38,3.294022
2008,CY,Cyprus,Tay A,Chau A khac,0,0,High income,4,34.847363,1.09239,31900.111902,10.370365,0.365318,0.356599,225.05938,541.101326,25,5,134.037113,199.849498,658.175255,3.118404,122.700787,4.90555,182.947023,5.302556,602.50941,6.490989,2.854662,1.415466,25,123,45,456,649,649,51,1.890079
2009,CY,Cyprus,Tay A,Chau A khac,0,0,High income,4,34.14516,1.110974,30734.436885,10.333139,0.383385,0.417634,238.698407,494.733362,22,5,136.378567,237.321269,623.306375,2.144729,122.755859,4.92274,213.615502,5.47362,561.044971,6.436641,1.930495,1.145728,29,151,34,489,703,703,30,-3.654141
2010,CY,Cyprus,Tay A,Chau A khac,0,0,High income,4,34.924582,1.129686,30915.300319,10.339006,0.375307,0.287151,259.316901,528.763344,36,6,150.962674,282.973724,731.909584,2.867057,133.63242,5.023635,250.48883,5.648882,647.887629,6.597022,2.537923,1.352494,29,164,29,428,650,650,25,0.588472
2011,CY,Cyprus,Tay A,Chau A khac,0,0,High income,4,35.070117,1.145086,30626.622659,10.329625,0.38223,0.32928,253.919924,580.285601,35,7,143.078024,307.504646,878.600252,3.744156,124.949588,4.970355,268.542839,5.731737,767.278835,6.779468,3.26976,1.556914,27,164,39,472,702,702,46,-0.93377
2012,CY,Cyprus,Tay A,Chau A khac,0,0,High income,4,33.861116,1.156556,29277.541346,10.284576,0.372957,0.274711,268.043521,568.085037,36,7,154.496278,338.550009,1177.511372,4.443049,133.58305,5.046622,292.722539,5.827621,1018.11877,7.072007,3.84162,1.694339,25,173,39,462,699,699,55,-4.40493
2013,CY,Cyprus,Tay A,Chau A khac,0,0,High income,4,31.630523,1.166968,27104.875798,10.207469,0.373289,0.21462,315.448883,566.955193,39,6,122.232534,379.231208,1263.284819,4.380634,104.743689,4.814073,324.971386,5.94078,1082.535956,7.142262,3.75386,1.682806,27,160,37,493,717,717,125,-7.420929
2014,CY,Cyprus,Tay A,Chau A khac,0,0,High income,4,31.068746,1.176995,26396.667834,10.180993,0.384444,0.151118,348.022987,582.497564,46,8,129.299378,378.600041,1317.238551,3.624598,109.855504,4.869835,321.666652,5.939118,1119.153905,7.184052,3.079535,1.531389,23,186,37,473,719,719,123,-2.612843
2015,CY,Cyprus,Tay A,Chau A khac,0,0,High income,4,32.130962,1.18728,27062.665716,10.20591,0.370309,0.126071,366.700501,549.112794,47,7,116.514141,409.674476,1315.293523,3.637965,98.135353,4.766559,345.052958,6.017801,1107.820837,7.182575,3.064117,1.534276,26,169,28,485,708,708,83,2.523038
2016,CY,Cyprus,Tay A,Chau A khac,0,0,High income,4,34.24312,1.197881,28586.411922,10.260687,0.380235,0.155631,366.670002,554.828705,43,6,145.798611,471.83999,1440.615641,3.005729,121.713769,4.989062,393.895545,6.158757,1202.63669,7.27352,2.509205,1.387726,28,193,31,461,713,713,88,5.630436
2017,CY,Cyprus,Tay A,Chau A khac,0,0,High income,4,36.212384,1.208523,29964.166267,10.307757,0.390621,0.117521,389.06186,572.503885,50,10,125.974074,527.178937,1616.826484,3.209352,104.238044,4.843983,436.217546,6.269435,1337.8533,7.388839,2.655599,1.437309,19,216,33,464,732,732,71,4.819613
2018,CY,Cyprus,Tay A,Chau A khac,0,0,High income,4,38.483503,1.218831,31574.109145,10.360093,0.365407,0.014869,432.337858,568.083689,55,10,103.837821,581.012403,1741.760695,4.400975,85.194601,4.652415,476.696444,6.366492,1429.042004,7.463226,3.610817,1.68658,13,239,36,456,744,744,55,5.372894
2019,CY,Cyprus,Tay A,Chau A khac,0,0,High income,4,40.744638,1.228836,33157.099991,10.409012,0.376947,0.07957,413.921094,576.899155,53,10,144.208974,647.526877,1830.632568,3.392798,117.354126,4.978174,526.943284,6.474703,1489.728953,7.512963,2.760985,1.479966,15,249,30,469,763,763,50,5.013572
2020,CY,Cyprus,Tay A,Chau A khac,0,0,High income,4,39.432404,1.237537,31863.616206,10.36922,0.378665,0.095027,429.155345,569.461694,53,9,147.547561,771.397475,2116.13933,3.074496,119.226787,5.000905,623.332858,6.649499,1709.960453,7.657821,2.484367,1.404747,20,283,32,476,811,811,97,-3.901076
2021,CY,Cyprus,Tay A,Chau A khac,0,0,High income,4,43.923041,1.244188,35302.575503,10.471711,0.372133,0.026486,478.404214,589.095974,54,10,163.877573,777.199329,1589.622142,3.683305,131.714478,5.105203,624.6639,6.656983,1277.63822,7.371881,2.960409,1.544004,16,317,39,402,774,774,68,10.792746
2022,CY,Cyprus,Tay A,Chau A khac,0,0,High income,4,47.087638,1.251488,37625.321088,10.535433,0.358551,-0.025027,431.426184,562.065392,60,11,191.321537,777.469765,1376.174176,3.391971,152.875247,5.259169,621.236292,6.65733,1099.630341,7.227789,2.710351,1.479778,15,298,30,370,713,713,70,6.579536
2023,CY,Cyprus,Tay A,Chau A khac,0,0,High income,4,48.389098,1.251488,38665.251008,10.562697,0.360202,-0.011288,435.265113,528.919385,60,12,152.55,773.505346,1375.686725,3.757694,121.894896,5.034026,618.068528,6.652225,1099.240844,7.227435,3.002581,1.559763,18,330,27,340,715,715,73,2.76391
2001,GE,Georgia,Tay A,Chau A khac,0,0,Upper middle income,3,24.383649,4.014373,6074.08643,8.711787,0.067512,-0.441372,63.013312,75.519709,68,14,44.991667,15.690909,17.722222,0.669931,11.207645,3.82846,3.908682,2.814864,4.414692,2.929711,0.166883,0.512782,10,16,18,8,52,52,1,
2002,GE,Georgia,Tay A,Chau A khac,0,0,Upper middle income,3,25.718416,3.978515,6464.325397,8.774054,0.066218,-0.233667,63.427633,78.284775,56,10,56.566667,16.147619,13.1,0.605585,14.218035,4.052944,4.058705,2.841859,3.292686,2.646175,0.152214,0.473488,14,16,15,15,60,60,0,6.424653
2003,GE,Georgia,Tay A,Chau A khac,0,0,Upper middle income,3,28.562109,3.951736,7227.73706,8.885681,0.070178,-0.290768,62.802308,86.880776,64,13,80.908333,19.927778,7.902778,0.954146,20.474124,4.405601,5.042791,3.041077,1.999824,2.186363,0.24145,0.669953,18,8,18,2,46,46,0,11.809611
2004,GE,Georgia,Tay A,Chau A khac,0,0,Upper middle income,3,30.216621,3.92734,7693.915254,8.948185,0.075538,-0.381401,67.651233,100.643231,74,16,67.908333,28.505074,8.254545,1.227737,17.291178,4.232777,7.258112,3.384562,2.101816,2.225115,0.312613,0.800986,18,18,23,6,65,65,0,6.44985
2005,GE,Georgia,Tay A,Chau A khac,0,0,Upper middle income,3,33.114739,3.902469,8485.586705,9.046124,0.080395,-0.518563,68.781685,109.747795,81,20,77.603571,26.310119,21.785714,1.428316,19.885762,4.364417,6.741916,3.307257,5.582546,3.126134,0.366003,0.887198,9,15,17,9,50,50,0,10.289579
2006,GE,Georgia,Tay A,Chau A khac,0,0,Upper middle income,3,36.234638,3.880347,9337.989064,9.141846,0.083726,-0.345372,72.364771,126.039836,71,15,85.041667,26.686342,16.77381,1.767768,21.915995,4.454832,6.877308,3.320939,4.32276,2.877726,0.45557,1.018041,19,14,19,9,61,61,1,10.045297
2007,GE,Georgia,Tay A,Chau A khac,0,0,Upper middle income,3,40.79135,3.860158,10567.274716,9.265517,0.086002,-0.332456,69.008593,142.448252,78,20,72.761905,28.106464,55.85348,1.615035,18.849463,4.300842,7.281169,3.37096,14.469221,4.040477,0.418386,0.961277,13,13,19,8,53,53,0,13.164351
2008,GE,Georgia,Tay A,Chau A khac,0,0,Upper middle income,3,41.779159,3.848449,10856.103133,9.292483,0.083741,-0.420411,59.784461,148.684672,79,17,81.414286,25.274796,16.98549,2.083041,21.15509,4.411759,6.567528,3.26861,4.413594,2.889565,0.541268,1.125917,20,16,15,5,56,56,0,2.733235
2009,GE,Georgia,Tay A,Chau A khac,0,0,Upper middle income,3,40.253906,3.814419,10553.08964,9.264174,0.095156,-0.49683,76.81652,151.294095,86,21,59.308333,36.673323,49.992491,1.519987,15.548458,4.09947,9.614393,3.628952,13.106188,3.931678,0.398485,0.924254,15,16,19,13,63,63,0,-2.791181
2010,GE,Georgia,Tay A,Chau A khac,0,0,Upper middle income,3,42.768329,3.786695,11294.368592,9.33206,0.101002,-0.374255,80.525529,174.372599,75,16,74.247619,44.7123,54.223048,1.961251,19.607499,4.320784,11.807737,3.822367,14.31936,4.01138,0.517932,1.085612,9,18,20,14,61,61,0,7.024284
2011,GE,Georgia,Tay A,Chau A khac,0,0,Upper middle income,3,46.161712,3.756441,12288.682886,9.416434,0.125264,-0.249531,111.341329,235.471312,74,15,67.057143,50.158925,63.357452,2.677658,17.851243,4.220348,13.352779,3.934937,16.866351,4.164453,0.712818,1.302276,6,19,21,28,74,74,0,8.803629
2012,GE,Georgia,Tay A,Chau A khac,0,0,Upper middle income,3,49.198613,3.728874,13193.959697,9.487514,0.103725,-0.482802,80.21832,192.302676,88,24,47.047619,50.378553,41.779918,2.556681,12.617112,3.872193,13.510393,3.939221,11.204433,3.756069,0.685644,1.268828,9,16,20,15,60,60,1,7.366752
2013,GE,Georgia,Tay A,Chau A khac,0,0,Upper middle income,3,51.723922,3.717668,13913.001825,9.540579,0.109115,-0.695315,91.964788,199.243542,95,25,42.566667,55.435106,42.060317,2.897638,11.44983,3.774292,14.911258,4.033091,11.313629,3.762602,0.779424,1.360371,7,18,22,1,48,48,1,5.449783
2014,GE,Georgia,Tay A,Chau A khac,0,0,Upper middle income,3,53.839684,3.719414,14475.313536,9.5802,0.108168,-0.837679,95.134495,199.318566,107,27,51.321429,57.451726,50.074405,2.969032,13.798257,3.957406,15.446446,4.068201,13.462982,3.933283,0.798253,1.378522,4,14,26,14,58,58,1,4.041628
2015,GE,Georgia,Tay A,Chau A khac,0,0,Upper middle income,3,55.643864,3.725276,14936.843412,9.611586,0.13047,-0.482169,118.729617,238.230466,85,21,41.379365,69.693023,62.617547,2.253632,11.107731,3.746662,18.70815,4.258347,16.808834,4.152889,0.604957,1.179772,6,26,24,27,83,83,2,3.188393
2016,GE,Georgia,Tay A,Chau A khac,0,0,Upper middle income,3,57.563697,3.727505,15442.956436,9.644908,0.123917,-0.655224,115.363459,221.722972,94,25,51.02037,65.378485,60.933136,1.910638,13.687539,3.951635,17.539476,4.195373,16.346896,4.126055,0.512578,1.068372,10,17,23,17,67,67,1,3.388353
2017,GE,Georgia,Tay A,Chau A khac,0,0,Upper middle income,3,60.533928,3.728004,16237.624223,9.695086,0.128453,-0.477826,124.243166,242.160534,90,21,80.186772,69.723207,72.36807,2.353231,21.509304,4.396752,18.702557,4.258774,19.412015,4.295489,0.631231,1.209924,5,24,26,16,71,71,3,5.145827
2018,GE,Georgia,Tay A,Chau A khac,0,0,Upper middle income,3,64.203517,3.726549,17228.679085,9.754331,0.144166,-0.451704,149.284397,280.442143,79,17,63.289153,71.134696,78.46357,2.858946,16.983314,4.163391,19.088625,4.278535,21.05529,4.375299,0.767183,1.350394,9,25,27,15,76,76,4,6.103447
2019,GE,Georgia,Tay A,Chau A khac,0,0,Upper middle income,3,67.658128,3.720161,18186.881647,9.808456,0.17792,-0.206198,190.281867,344.006174,72,14,77.822934,85.866658,98.340134,3.009395,20.919238,4.367204,23.081436,4.464374,26.434376,4.59855,0.808942,1.38864,9,35,33,23,100,100,2,5.561672
2020,GE,Georgia,Tay A,Chau A khac,0,0,Upper middle income,3,63.402112,3.722716,17031.144028,9.742799,0.15988,-0.28999,177.919132,310.848116,79,15,69.390171,95.804617,120.797544,2.539084,18.639663,4.254054,25.73514,4.572695,32.448767,4.80236,0.682051,1.263868,9,28,28,20,85,85,3,-6.354787
2021,GE,Georgia,Tay A,Chau A khac,0,0,Upper middle income,3,70.150781,3.70861,18915.653401,9.847745,0.156974,-0.664356,178.695181,306.285363,91,23,72.07735,75.78446,78.66567,3.269364,19.435139,4.291518,20.434734,4.341002,21.211632,4.377839,0.88156,1.451465,11,33,36,14,94,94,2,11.065078
2022,GE,Georgia,Tay A,Chau A khac,0,0,Upper middle income,3,77.838277,3.712502,20966.528039,9.950683,0.180031,-0.302,185.302693,343.873944,77,16,79.602991,89.560735,47.076735,4.259896,21.441872,4.389536,24.124091,4.506021,12.680595,3.872798,1.147446,1.660111,21,42,37,19,119,119,2,10.842209
2023,GE,Georgia,Tay A,Chau A khac,0,0,Upper middle income,3,83.934728,3.712502,22608.668713,10.026089,0.174164,-0.443681,187.86337,303.714701,84,19,56.112821,89.930132,65.315122,4.181712,15.114556,4.045029,24.223592,4.510091,17.593289,4.194418,1.126386,1.645136,16,36,37,18,107,107,2,7.832201
2001,ID,Indonesia,Dong Nam A,ASEAN khac,1,0,Upper middle income,3,1356.33,217.112437,6247.131757,8.739878,0.110468,-0.876033,72.775296,107.978366,95,23,134.283333,89.768254,317.298796,74.08212,0.618497,4.907371,0.413464,4.50831,1.461449,5.762991,0.341215,4.318582,0,4,147,15,166,145,142,
2002,ID,Indonesia,Dong Nam A,ASEAN khac,1,0,Upper middle income,3,1417.36,220.115092,6439.176828,8.770156,0.104083,-1.014952,62.022032,105.510874,97,25,108.957678,84.760195,260.791728,75.332817,0.495003,4.700096,0.385072,4.451555,1.184797,5.567549,0.342243,4.335103,1,1,144,5,151,124,132,3.074132
2003,ID,Indonesia,Dong Nam A,ASEAN khac,1,0,Upper middle income,3,1485.11,223.080121,6657.294219,8.803468,0.100813,-1.021164,56.302527,108.457868,99,27,143.056909,96.580411,193.601582,82.111041,0.64128,4.970208,0.43294,4.580677,0.867857,5.270954,0.368079,4.420178,0,2,137,6,145,117,122,3.387349
2004,ID,Indonesia,Dong Nam A,ASEAN khac,1,0,Upper middle income,3,1559.83,225.938595,6903.778436,8.839824,0.103787,-0.935634,61.453488,125.374458,103,25,125.67486,117.554208,207.846173,94.555909,0.556235,4.841624,0.520293,4.77537,0.919923,5.341598,0.418503,4.559712,0,3,129,4,136,112,109,3.702468
2005,ID,Indonesia,Dong Nam A,ASEAN khac,1,0,Upper middle income,3,1648.62,228.805144,7205.344999,8.882578,0.103807,-0.996276,60.97056,131.609083,106,28,144.689006,142.995274,276.559576,105.530065,0.632368,4.981474,0.624965,4.96978,1.208712,5.626036,0.461222,4.668427,0,5,126,6,137,111,116,4.368138
2006,ID,Indonesia,Dong Nam A,ASEAN khac,1,0,Upper middle income,3,1739.31,231.797427,7503.577682,8.923135,0.106063,-0.87632,63.719483,143.132041,105,27,171.607843,173.354894,302.524442,118.39574,0.740335,5.151022,0.747872,5.161093,1.305124,5.715462,0.510772,4.782444,0,0,121,0,121,106,102,4.139048
2007,ID,Indonesia,Dong Nam A,ASEAN khac,1,0,Upper middle income,3,1849.67,234.858289,7875.68541,8.971535,0.1076,-0.885095,57.228448,160.619977,104,28,189.026838,196.703307,346.454263,131.667144,0.804855,5.247165,0.83754,5.286767,1.475163,5.850633,0.560624,4.887843,0,1,119,2,122,104,100,4.959071
2008,ID,Indonesia,Dong Nam A,ASEAN khac,1,0,Upper middle income,3,1960.9,237.936543,8241.272968,9.01691,0.105708,-0.94667,56.693431,168.338221,110,27,226.252566,212.765054,359.859306,154.661401,0.950895,5.426062,0.894209,5.364878,1.512417,5.888488,0.650011,5.047683,0,2,119,4,125,109,101,4.641978
2009,ID,Indonesia,Dong Nam A,ASEAN khac,1,0,Upper middle income,3,2051.67,240.981299,8513.814178,9.049445,0.108721,-0.935358,62.06988,157.789931,108,29,228.208195,277.185268,362.96847,125.602376,0.946995,5.434631,1.150236,5.628287,1.50621,5.897067,0.521212,4.841051,0,3,116,4,123,105,96,3.307028
2010,ID,Indonesia,Dong Nam A,ASEAN khac,1,0,Upper middle income,3,2179.36,244.016173,8931.211293,9.097307,0.108264,-0.883031,62.369069,169.821747,111,28,259.176542,346.356432,355.42036,166.231756,1.062129,5.56136,1.419399,5.850351,1.456544,5.876111,0.681233,5.119381,0,3,117,0,120,103,97,4.902587
2011,ID,Indonesia,Dong Nam A,ASEAN khac,1,0,Upper middle income,3,2313.83,247.099697,9363.953206,9.144623,0.113195,-0.792157,63.32301,194.788448,103,27,305.645516,428.189267,330.198138,214.681688,1.236932,5.725692,1.73286,6.061898,1.336295,5.802717,0.868806,5.373804,0,7,123,1,131,111,108,4.845277
2012,ID,Indonesia,Dong Nam A,ASEAN khac,1,0,Upper middle income,3,2453.35,250.222695,9804.666199,9.190614,0.118034,-0.763693,68.837762,201.663583,99,27,332.301968,490.566249,412.649493,192.958628,1.328025,5.809049,1.960519,6.197597,1.649129,6.025019,0.771148,5.267645,1,7,123,0,131,112,112,4.706484
2013,ID,Indonesia,Dong Nam A,ASEAN khac,1,0,Upper middle income,3,2589.69,253.275918,10224.777865,9.232569,0.119564,-0.82494,79.954098,207.735705,101,28,326.510244,604.725388,475.646307,180.61328,1.289148,5.791519,2.387615,6.406427,1.877977,6.166775,0.713109,5.20188,0,7,124,0,131,111,110,4.284814
2014,ID,Indonesia,Dong Nam A,ASEAN khac,1,0,Upper middle income,3,2719.35,256.229761,10612.935786,9.269829,0.124769,-0.68724,85.951726,223.737511,95,24,343.397974,713.025334,607.845118,169.825517,1.340196,5.841798,2.782758,6.570918,2.372266,6.411564,0.662786,5.140643,0,13,119,0,132,115,109,3.796248
2015,ID,Indonesia,Dong Nam A,ASEAN khac,1,0,Upper middle income,3,2851.95,259.09197,11007.481243,9.30633,0.128425,-0.635366,91.544526,223.627736,95,27,393.575841,905.672204,594.426321,144.525778,1.519058,5.977811,3.495563,6.809781,2.294268,6.389278,0.557817,4.980353,0,19,122,1,142,126,117,3.71759
2016,ID,Indonesia,Dong Nam A,ASEAN khac,1,0,Upper middle income,3,2995.49,261.850182,11439.709444,9.344846,0.128801,-0.654246,90.019425,223.997541,93,24,311.734529,1202.703362,605.399467,136.294711,1.190507,5.745355,4.593097,7.093158,2.312007,6.407539,0.520506,4.92213,0,20,125,1,146,126,125,3.926677
2017,ID,Indonesia,Dong Nam A,ASEAN khac,1,0,Upper middle income,3,3147.36,264.498852,11899.33331,9.384238,0.132109,-0.584455,97.026435,236.214757,97,26,371.656213,1426.410661,514.692452,153.975199,1.405134,5.920656,5.39288,7.263617,1.945916,6.245511,0.582139,5.043265,0,21,126,0,147,124,121,4.017793
2018,ID,Indonesia,Dong Nam A,ASEAN khac,1,0,Upper middle income,3,3310.21,267.066843,12394.687273,9.425023,0.133603,-0.698891,105.414837,246.186851,96,26,312.874805,1808.938934,577.363984,161.85814,1.171522,5.748994,6.773356,7.501048,2.161871,6.360203,0.606059,5.09288,0,31,125,0,156,135,135,4.162872
2019,ID,Indonesia,Dong Nam A,ASEAN khac,1,0,Upper middle income,3,3476.36,269.582878,12895.329354,9.46462,0.139168,-0.678487,107.213332,258.487292,97,25,324.673991,2419.696391,750.373975,148.859404,1.204357,5.785897,8.975705,7.791811,2.783463,6.621903,0.552184,5.009698,0,41,129,0,170,146,150,4.039167
2020,ID,Indonesia,Dong Nam A,ASEAN khac,1,0,Upper middle income,3,3404.56,271.85797,12523.303988,9.435347,0.142267,-0.706326,115.761208,263.77311,99,25,273.937492,3041.701362,716.255934,136.630069,1.007649,5.616544,11.188568,8.020501,2.63467,6.575433,0.502579,4.924569,0,55,125,0,180,153,158,-2.884962
2021,ID,Indonesia,Dong Nam A,ASEAN khac,1,0,Upper middle income,3,3530.62,273.753191,12897.091673,9.464757,0.146097,-0.64325,137.886584,282.324739,86,20,342.759937,3069.562633,794.024989,189.204782,1.252076,5.839944,11.212883,8.029616,2.900514,6.678374,0.691151,5.248101,0,55,127,3,185,146,164,2.984737
2022,ID,Indonesia,Dong Nam A,ASEAN khac,1,0,Upper middle income,3,3718.0,275.501339,13495.397204,9.510104,0.149579,-0.653082,128.463402,272.976979,93,23,301.551706,3572.676205,631.994908,229.065209,1.094556,5.712252,12.967909,8.18135,2.293981,6.450462,0.831449,5.438363,0,63,132,0,195,161,174,4.639073
2023,ID,Indonesia,Dong Nam A,ASEAN khac,1,0,Upper middle income,3,3905.72,275.501339,14176.773203,9.55936,0.154455,-0.635405,135.184348,264.762875,93,23,344.58853,4157.378572,630.936247,191.763314,1.250769,5.845249,15.09023,8.332881,2.290139,6.448789,0.696052,5.261463,0,71,131,1,203,162,182,5.048951
2001,IL,Israel,Tay A,Chau A khac,0,0,High income,4,209.848,6.439,32590.153751,10.391765,0.411609,0.455594,306.413227,329.214372,22,4,7956.045391,2714.813312,275.578271,30.126206,1235.602639,8.981813,421.620331,7.906847,42.798303,5.622494,4.678709,3.43805,285,523,240,150,1198,1198,80,
2002,IL,Israel,Tay A,Chau A khac,0,0,High income,4,209.567,6.57,31897.564688,10.370285,0.40503,0.458464,303.038488,338.99882,23,4,9204.504993,2923.835302,261.057741,29.307871,1400.990105,9.127557,445.028204,7.980993,39.734816,5.568565,4.460863,3.411407,306,518,232,133,1189,1189,88,-2.125148
2003,IL,Israel,Tay A,Chau A khac,0,0,High income,4,212.604,6.6897,31780.797345,10.366618,0.41654,0.474664,283.949562,365.249707,20,4,8822.693664,3250.133564,356.817972,31.884851,1318.847432,9.085196,485.841452,8.086759,53.338412,5.880024,4.76626,3.493012,293,524,229,158,1204,1204,83,-0.36607
2004,IL,Israel,Tay A,Chau A khac,0,0,High income,4,222.485,6.809,32675.13585,10.39437,0.422133,0.448239,271.641788,408.931036,20,4,9373.579664,3382.040145,347.508041,39.760639,1376.645567,9.145757,496.701446,8.12653,51.036575,5.853661,5.839424,3.707717,313,524,233,160,1230,1230,85,2.814085
2005,IL,Israel,Tay A,Chau A khac,0,0,High income,4,232.248,6.9301,33512.936321,10.419687,0.430871,0.433403,264.519609,436.169008,21,4,8861.946742,3411.599541,445.916585,40.757576,1278.761741,9.089635,492.287202,8.13523,64.344899,6.102372,5.881239,3.731881,299,518,230,212,1259,1259,72,2.564031
2006,IL,Israel,Tay A,Chau A khac,0,0,High income,4,245.257,7.0537,34769.978876,10.45651,0.438581,0.443037,256.057912,470.39708,21,4,9660.735615,3739.636863,466.868148,43.069672,1369.598312,9.175929,530.166702,8.227011,66.187696,6.148187,6.105969,3.785772,312,520,233,194,1259,1259,77,3.750917
2007,IL,Israel,Tay A,Chau A khac,0,0,High income,4,260.766,7.1801,36317.878581,10.500065,0.460222,0.396618,235.88266,534.233037,23,5,10981.493707,3923.176802,657.452916,48.210735,1529.434647,9.304058,546.395844,8.274912,91.565983,6.489893,6.714493,3.896112,312,524,251,225,1312,1312,79,4.451828
2008,IL,Israel,Tay A,Chau A khac,0,0,High income,4,269.168,7.3088,36827.93345,10.514012,0.46032,0.401172,228.347278,573.591202,21,4,12047.367993,4004.282929,782.057121,61.370023,1648.337346,9.396684,547.87146,8.29537,107.002124,6.663206,8.39673,4.133085,311,525,251,222,1309,1309,81,1.404418
2009,IL,Israel,Tay A,Chau A khac,0,0,High income,4,272.5,7.4856,36403.22753,10.502413,0.457331,0.432575,241.285733,494.757194,21,4,11728.190639,4150.040181,711.618274,48.703783,1566.766944,9.369836,554.403145,8.331114,95.064961,6.568946,6.50633,3.906081,326,520,251,226,1323,1323,82,-1.153217
2010,IL,Israel,Tay A,Chau A khac,0,0,High income,4,287.581,7.6236,37722.467076,10.538011,0.449878,0.375359,266.881157,536.349085,27,4,11614.50684,4179.878273,651.37156,57.441023,1523.493735,9.360096,548.281425,8.338277,85.441466,6.480614,7.534632,4.068018,321,509,232,206,1268,1268,82,3.623963
2011,IL,Israel,Tay A,Chau A khac,0,0,High income,4,303.452,7.7658,39075.43331,10.573249,0.443348,0.386772,255.843337,589.218378,26,5,11659.855527,4464.574853,810.010721,65.749983,1501.436494,9.363993,574.902116,8.404153,104.304865,6.698281,8.466608,4.200954,308,494,231,188,1221,1221,89,3.586632
2012,IL,Israel,Tay A,Chau A khac,0,0,High income,4,310.878,7.9105,39299.412174,10.578965,0.449938,0.40118,257.046177,587.632954,23,5,11495.127382,4235.427242,932.418833,62.421621,1453.148016,9.349766,535.418399,8.351476,117.871036,6.838854,7.890983,4.149805,301,508,230,223,1262,1262,73,0.573196
2013,IL,Israel,Tay A,Chau A khac,0,0,High income,4,323.579,8.0595,40148.768534,10.600347,0.45173,0.41753,280.86032,595.440617,22,4,12085.50089,4535.63118,1091.656558,64.556878,1499.534821,9.399844,562.768308,8.41994,135.449663,6.996367,8.010035,4.182918,300,507,221,245,1273,1273,82,2.161244
2014,IL,Israel,Tay A,Chau A khac,0,0,High income,4,335.797,8.2157,40872.597588,10.618215,0.447964,0.438527,287.397428,604.315073,21,5,12834.484606,4576.270463,1407.034179,63.436675,1562.190027,9.459969,557.015283,8.428858,171.261631,7.24995,7.721396,4.165683,300,513,211,222,1246,1246,81,1.802867
2015,IL,Israel,Tay A,Chau A khac,0,0,High income,4,343.311,8.3801,40967.41089,10.620532,0.454393,0.481993,284.386441,587.089993,20,5,13631.317998,4609.00281,1392.821948,57.97426,1626.629515,9.520199,549.993772,8.435984,166.205886,7.239805,6.918087,4.077101,319,501,216,251,1287,1287,66,0.231973
2016,IL,Israel,Tay A,Chau A khac,0,0,High income,4,358.622,8.546,41963.72572,10.644561,0.448891,0.457518,288.620256,584.345635,20,5,13628.031896,4816.195273,1631.147603,53.44159,1594.667903,9.519957,563.561347,8.479947,190.866792,7.397652,6.253404,3.997128,312,486,218,223,1239,1239,71,2.431969
2017,IL,Israel,Tay A,Chau A khac,0,0,High income,4,374.211,8.7133,42947.103853,10.667724,0.451407,0.452003,295.075291,605.318966,18,5,14989.802366,4432.006841,1822.909873,51.59102,1720.33585,9.615192,508.648485,8.396833,209.210044,7.508738,5.920951,3.962545,313,490,218,210,1231,1231,80,2.3434
2018,IL,Israel,Tay A,Chau A khac,0,0,High income,4,389.194,8.8828,43814.337821,10.687716,0.455395,0.517507,309.479168,633.423436,18,6,15256.112034,4211.354032,2527.710328,52.111498,1717.489084,9.632801,474.102089,8.345777,284.562337,7.835465,5.866562,3.972393,315,475,222,254,1266,1266,70,2.019307
2019,IL,Israel,Tay A,Chau A khac,0,0,High income,4,403.635,9.054,44580.848244,10.70506,0.455513,0.482103,298.254608,638.568368,17,6,15255.117757,4062.533146,3240.489474,46.941724,1684.903662,9.632736,448.70037,8.309808,357.906944,8.083788,5.184639,3.869986,309,479,221,247,1256,1256,80,1.749451
2020,IL,Israel,Tay A,Chau A khac,0,0,High income,4,395.475,9.2151,42915.974867,10.666999,0.452421,0.518542,312.574931,630.737505,19,6,15919.473917,4124.197087,2847.097213,40.350531,1727.542177,9.675361,447.54773,8.324869,308.959991,7.954406,4.37874,3.722085,311,470,220,237,1238,1238,72,-3.734504
2021,IL,Israel,Tay A,Chau A khac,0,0,High income,4,432.603,9.3647,46195.072987,10.740628,0.451463,0.560667,354.531284,675.456299,18,6,16695.975807,3814.596737,2336.565374,47.608682,1782.862858,9.722983,407.337847,8.246852,249.507766,7.756865,5.083845,3.883802,314,453,227,263,1257,1257,86,7.64074
2022,IL,Israel,Tay A,Chau A khac,0,0,High income,4,459.698,9.5506,48132.892174,10.781721,0.446078,0.530637,324.136856,645.376495,19,5,17646.786418,3486.02754,1911.664152,52.748907,1847.714952,9.778366,365.006129,8.156805,200.161681,7.556252,5.523099,3.984323,318,445,214,238,1215,1215,94,4.194861
2023,IL,Israel,Tay A,Chau A khac,0,0,High income,4,468.095,9.5506,49012.103952,10.799823,0.444237,0.537251,333.446578,596.477499,20,6,15873.813349,3572.601052,1651.638442,45.431131,1662.074985,9.672489,374.070849,8.181329,172.935569,7.410128,4.756888,3.83797,316,439,219,233,1207,1207,91,1.826634
2001,IN,India,Nam A,Chau A khac,0,0,Lower middle income,2,3437.21,1078.970907,3185.637331,8.066408,0.104823,-0.352669,83.308934,117.409957,65,13,3020.94337,3324.508952,380.609239,51.763509,2.799838,8.013655,3.081185,8.109378,0.352752,5.944397,0.047975,3.96582,1,99,123,4,227,38,227,
2002,IN,India,Nam A,Chau A khac,0,0,Lower middle income,2,3567.96,1098.313039,3248.582028,8.085974,0.10767,-0.367205,85.428954,126.713727,65,15,3890.943459,4259.23433,513.877876,59.931124,3.542654,8.266664,3.877978,8.357079,0.467879,6.24393,0.054567,4.109744,5,124,134,1,264,37,264,1.97589
2003,IN,India,Nam A,Chau A khac,0,0,Lower middle income,2,3848.42,1117.415123,3444.03787,8.1444,0.112501,-0.369636,87.046337,139.573024,67,15,4958.157487,5040.954103,570.168553,73.01683,4.437167,8.508991,4.511264,8.525549,0.510257,6.347684,0.065344,4.304292,2,131,143,4,280,42,280,6.016651
2004,IN,India,Nam A,Chau A khac,0,0,Lower middle income,2,4153.33,1136.264583,3655.249017,8.20392,0.11872,-0.298799,91.638725,161.688545,68,14,6812.613705,5919.367516,659.618664,92.507628,5.995623,8.826678,5.209498,8.686154,0.580515,6.493177,0.081414,4.538043,6,136,143,5,290,44,289,6.13266
2005,IN,India,Nam A,Chau A khac,0,0,Lower middle income,2,4482.41,1154.638713,3882.088786,8.264129,0.124753,-0.333442,96.520729,176.470602,69,15,8326.922186,7361.328985,786.7854,114.276902,7.211712,9.027369,6.375439,8.904132,0.681413,6.669226,0.098972,4.747337,7,157,153,10,327,54,327,6.205864
2006,IN,India,Nam A,Chau A khac,0,0,Lower middle income,2,4843.73,1172.373788,4131.557742,8.32641,0.12788,-0.349256,97.168329,191.494309,73,16,9536.055395,9253.856776,788.444647,137.054805,8.133972,9.16294,7.893265,9.132904,0.67252,6.67133,0.116904,4.927651,9,176,164,8,357,58,357,6.426153
2007,IN,India,Nam A,Chau A khac,0,0,Lower middle income,2,5214.8,1189.691809,4383.320084,8.385562,0.132585,-0.285045,96.048613,219.454843,72,17,10647.4167,10521.19687,1217.543665,159.55143,8.949727,9.273166,8.843632,9.261242,1.023411,7.105412,0.134112,5.078614,17,184,157,13,371,52,371,6.093642
2008,IN,India,Nam A,Chau A khac,0,0,Lower middle income,2,5375.76,1206.734806,4454.798165,8.401737,0.138377,-0.255178,100.54542,244.925795,75,15,11802.528456,11874.543247,1276.056885,191.357015,9.780549,9.376154,9.840226,9.382236,1.057446,7.152313,0.158574,5.259353,15,206,161,8,390,61,390,1.630684
2009,IN,India,Nam A,Chau A khac,0,0,Lower middle income,2,5798.4,1223.64016,4738.648003,8.463507,0.140603,-0.233326,107.254193,222.313752,68,14,12750.943867,13343.907965,1426.174173,173.574206,10.420501,9.453439,10.905092,9.49889,1.165518,7.263452,0.141851,5.16235,17,221,171,18,427,64,427,6.371778
2010,IN,India,Nam A,Chau A khac,0,0,Lower middle income,2,6291.12,1240.61362,5070.974475,8.531288,0.145791,-0.254894,114.64275,248.027316,68,14,13152.03064,15637.801218,1424.390007,231.393248,10.60123,9.484407,12.604892,9.65751,1.148133,7.262201,0.186515,5.448431,28,242,181,13,464,64,464,7.013107
2011,IN,India,Nam A,Chau A khac,0,0,Lower middle income,2,6620.86,1257.621191,5264.590043,8.568759,0.149558,-0.24664,117.511534,275.200598,73,14,14623.791999,19033.575676,2265.810692,286.399773,11.628137,9.590473,15.134586,9.854012,1.801664,7.726129,0.227731,5.660874,33,267,194,30,524,70,524,3.818114
2012,IN,India,Nam A,Chau A khac,0,0,Lower middle income,2,6982.12,1274.487215,5478.375866,8.608564,0.150942,-0.230587,119.129198,273.670084,70,14,16019.466702,20184.856065,2254.228637,282.653829,12.569343,9.681622,15.837629,9.912737,1.768734,7.721007,0.221778,5.647755,46,278,196,27,547,66,547,4.060826
2013,IN,India,Nam A,Chau A khac,0,0,Lower middle income,2,7428.01,1291.132063,5753.09855,8.657494,0.154402,-0.222408,134.258115,281.860235,73,15,17911.003037,22366.631219,2454.069272,323.584437,13.872325,9.793226,17.323271,10.01537,1.900711,7.80591,0.250621,5.782546,55,288,218,24,585,71,585,5.014674
2014,IN,India,Nam A,Chau A khac,0,0,Lower middle income,2,7978.44,1307.246509,6103.240625,8.716575,0.157432,-0.151092,140.504393,294.972693,66,13,17968.499543,25476.141479,2784.212218,300.275392,13.745303,9.796431,19.488399,10.145537,2.12983,7.932079,0.229701,5.708025,45,303,207,30,585,64,585,6.086148
2015,IN,India,Nam A,Chau A khac,0,0,Lower middle income,2,8616.42,1322.866505,6513.446344,8.781624,0.158689,-0.131621,141.54718,288.738598,66,14,18863.657575,26424.016661,2980.119056,245.395799,14.259683,9.845045,19.974817,10.182066,2.252774,8.000054,0.185503,5.506939,48,316,206,26,596,66,596,6.721113
2016,IN,India,Nam A,Chau A khac,0,0,Lower middle income,2,9327.81,1338.63634,6968.143417,8.849104,0.161653,-0.133826,149.338416,293.907808,65,12,17284.593394,29708.711202,3265.564089,242.453846,12.91209,9.757629,22.193265,10.299229,2.439471,8.091494,0.18112,5.494927,36,332,206,28,602,72,602,6.980898
2017,IN,India,Nam A,Chau A khac,0,0,Lower middle income,2,9961.68,1354.19568,7356.159931,8.903293,0.161155,-0.106529,147.371827,301.536623,67,12,17861.83252,28771.392325,4024.176078,264.026889,13.189994,9.790477,21.246111,10.267172,2.971636,8.300324,0.19497,5.579831,43,331,218,22,614,75,614,5.568435
2018,IN,India,Nam A,Chau A khac,0,0,Lower middle income,2,10604.6,1369.003306,7746.219424,8.95496,0.161931,-0.066757,160.823182,315.250521,65,12,17457.848409,29902.058531,3671.377091,291.117553,12.752232,9.767602,21.842211,10.305716,2.681788,8.208594,0.212649,5.677156,39,344,224,26,633,75,633,5.302488
2019,IN,India,Nam A,Chau A khac,0,0,Lower middle income,2,11015.1,1383.11205,7963.996843,8.982686,0.164457,-0.062689,157.882907,322.207836,64,12,17961.45159,31294.567582,4877.29337,284.737298,12.986259,9.796039,22.626198,10.351232,3.526318,8.492551,0.205867,5.655073,41,356,230,28,655,72,655,2.811403
2020,IN,India,Nam A,Chau A khac,0,0,Lower middle income,2,10378.7,1396.387127,7432.537725,8.913623,0.166941,-0.068609,167.860307,325.028488,63,12,19305.558845,35160.831545,4002.25528,241.220548,13.825363,9.8682,25.179859,10.467716,2.86615,8.294863,0.172746,5.489849,54,388,220,26,688,77,688,-6.673271
2021,IN,India,Nam A,Chau A khac,0,0,Lower middle income,2,11384.4,1407.563842,8088.016799,8.998139,0.174233,-0.020134,195.658263,352.965159,58,12,21665.953503,33215.162163,3819.891841,329.333094,15.392519,9.983543,23.597624,10.410792,2.713832,8.248239,0.233974,5.800102,72,414,250,46,782,76,782,8.819048
2022,IN,India,Nam A,Chau A khac,0,0,Lower middle income,2,12250.6,1417.173173,8644.39169,9.064666,0.176367,-0.015374,184.610421,337.57811,59,10,22662.902124,35903.8467,3385.361445,349.134021,15.991625,10.028529,25.334834,10.488628,2.388813,8.127511,0.246359,5.858316,88,421,242,42,793,76,793,6.879003
2023,IN,India,Nam A,Chau A khac,0,0,Lower middle income,2,13376.6,1417.173173,9438.931145,9.152598,0.179223,0.01168,189.474597,315.822323,58,11,22902.228924,42480.730802,3441.310532,317.061703,16.160501,10.039033,29.975681,10.656829,2.428292,8.143898,0.223728,5.762245,93,439,246,50,828,86,829,9.191387
2001,IQ,Iraq,Tay A,Chau A khac,0,0,Upper middle income,3,315.719,25.425663,12417.335981,9.426849,0.008503,-0.448201,7.107069,10.396203,69,15,18.166667,8.533333,0.0,12.514588,0.714501,2.953173,0.335619,2.254794,0.0,0.0,0.492203,2.60377,4,5,2,0,11,11,1,
2002,IQ,Iraq,Tay A,Chau A khac,0,0,Upper middle income,3,289.818,26.255343,11038.438919,9.309139,0.00897,-0.598502,7.17829,11.292757,76,18,11.333333,12.333333,1.0,10.421309,0.431658,2.512306,0.469746,2.590267,0.038087,0.693147,0.396921,2.435481,4,4,2,0,10,10,1,-11.104613
2003,IQ,Iraq,Tay A,Chau A khac,0,0,Upper middle income,3,183.58,27.068823,6781.972013,8.822023,0.015235,-0.936349,8.861302,18.789404,94,25,25.333333,14.75,0.0,9.799893,0.935886,3.270836,0.544907,2.75684,0.0,0.0,0.362036,2.379536,4,10,11,0,25,25,3,-38.560406
2004,IQ,Iraq,Tay A,Chau A khac,0,0,Upper middle income,3,281.586,27.858948,10107.560415,9.221039,0.017696,-1.157196,5.832626,22.643905,114,31,18.557018,6.911111,12.0,18.716692,0.666106,2.973334,0.248075,2.068268,0.430741,2.564949,0.671838,2.981466,2,0,14,0,16,16,2,49.035714
2005,IQ,Iraq,Tay A,Chau A khac,0,0,Upper middle income,3,286.303,28.698684,9976.17173,9.207955,0.015005,-0.802159,8.162239,22.993641,98,24,38.254386,23.25,11.0,18.301624,1.332967,3.670063,0.810142,3.188417,0.383293,2.484907,0.637717,2.960189,4,6,3,0,13,13,2,-1.299905
2006,IQ,Iraq,Tay A,Chau A khac,0,0,Upper middle income,3,302.445,28.905607,10463.194909,9.255619,0.0152,-0.682952,12.025912,25.881936,97,24,30.947368,29.8,10.8,28.117891,1.070635,3.46409,1.030942,3.427515,0.37363,2.4681,0.972749,3.371353,0,6,3,0,9,9,1,4.881864
2007,IQ,Iraq,Tay A,Chau A khac,0,0,Upper middle income,3,308.157,28.660887,10751.830535,9.282831,0.018249,-0.821084,13.027276,33.731438,100,26,38.071053,41.194444,17.0,34.069303,1.328328,3.665382,1.437305,3.742289,0.593143,2.890372,1.188704,3.557326,0,9,3,1,13,13,2,2.75858
2008,IQ,Iraq,Tay A,Chau A khac,0,0,Upper middle income,3,333.513,29.218381,11414.492815,9.342639,0.017269,-1.025433,8.265726,33.387331,116,30,28.964035,30.20119,3.0,55.247003,0.991295,3.399998,1.033637,3.440456,0.102675,1.386294,1.89083,4.029753,0,6,5,0,11,11,2,6.163251
2009,IQ,Iraq,Tay A,Chau A khac,0,0,Upper middle income,3,344.783,30.28904,11383.094347,9.339885,0.020805,-0.987283,13.029849,35.678912,115,31,24.866667,65.956818,2.777778,34.680453,0.820979,3.252955,2.17758,4.204048,0.091709,1.329136,1.144984,3.574603,0,9,4,0,13,13,3,-0.275075
2010,IQ,Iraq,Tay A,Chau A khac,0,0,Upper middle income,3,366.858,31.264875,11733.870678,9.370235,0.019753,-1.211778,13.45525,37.41908,126,34,23.116667,77.843074,7.0,44.93845,0.739381,3.182903,2.489793,4.367459,0.223893,2.079442,1.437346,3.827302,0,6,3,0,9,9,1,3.081555
2011,IQ,Iraq,Tay A,Chau A khac,0,0,Upper middle income,3,394.543,32.378061,12185.504252,9.408002,0.026777,-0.925456,19.666915,55.18921,113,29,19.683333,121.510256,13.0,68.147845,0.607922,3.029328,3.752858,4.808195,0.401506,2.639057,2.104754,4.236247,0,13,5,1,19,19,3,3.848974
2012,IQ,Iraq,Tay A,Chau A khac,0,0,Upper middle income,3,449.528,33.864447,13274.334585,9.493588,0.032066,-1.045882,22.839911,65.832029,118,31,14.333333,174.000162,14.2,79.536854,0.423256,2.730029,5.138137,5.164787,0.419319,2.721295,2.348683,4.388715,0,13,6,0,19,19,1,8.935456
2013,IQ,Iraq,Tay A,Chau A khac,0,0,Upper middle income,3,483.82,35.4818,13635.723103,9.520448,0.037039,-0.833967,31.838684,80.301087,102,29,13.566667,217.649022,4.575758,75.933381,0.382356,2.678736,6.134103,5.387468,0.128961,1.718428,2.140066,4.34294,0,20,5,0,25,25,1,2.722461
2014,IQ,Iraq,Tay A,Chau A khac,0,0,Upper middle income,3,494.772,36.746488,13464.470401,9.50781,0.039269,-1.133159,33.08155,84.192749,120,31,11.85,259.818713,7.330827,71.296777,0.32248,2.553344,7.070573,5.563826,0.199497,2.119963,1.940234,4.28078,0,24,4,0,28,28,1,-1.255912
2015,IQ,Iraq,Tay A,Chau A khac,0,0,Upper middle income,3,507.669,37.757813,13445.402677,9.506393,0.04454,-0.823137,43.539819,94.902839,105,29,15.9,308.496527,14.239628,44.240324,0.421105,2.827314,8.170402,5.734947,0.377131,2.723899,1.171687,3.811989,0,17,5,0,22,22,1,-0.141615
2016,IQ,Iraq,Tay A,Chau A khac,0,0,Upper middle income,3,577.663,38.697943,14927.485939,9.610959,0.045386,-0.988612,42.839071,95.640693,111,28,6.458333,432.178318,12.903571,38.434068,0.166891,2.009332,11.167992,6.071149,0.333443,2.632146,0.993181,3.67463,0,23,4,0,27,27,3,11.022974
2017,IQ,Iraq,Tay A,Chau A khac,0,0,Upper middle income,3,567.151,39.621162,14314.34545,9.569017,0.050196,-1.089283,45.807113,106.572776,121,33,10.458333,578.150339,15.318182,54.013362,0.263958,2.438717,14.591958,6.361562,0.386616,2.79228,1.363245,4.007576,0,35,5,0,40,40,2,-4.10746
2018,IQ,Iraq,Tay A,Chau A khac,0,0,Upper middle income,3,582.089,40.5907,14340.45237,9.57084,0.059466,-0.92013,65.366613,131.992717,108,28,11.208333,728.941302,27.620807,75.350308,0.276131,2.502119,17.958333,6.592964,0.680471,3.354134,1.856344,4.335332,2,51,4,0,57,57,2,0.182383
2019,IQ,Iraq,Tay A,Chau A khac,0,0,Upper middle income,3,614.185,41.56352,14777.020811,9.600829,0.067155,-0.969149,72.82652,147.667429,117,32,23.375,1095.197911,29.254679,68.456927,0.562392,3.193558,26.34998,6.999603,0.703855,3.409651,1.647044,4.240707,1,68,6,0,75,75,5,3.044314
2020,IQ,Iraq,Tay A,Chau A khac,0,0,Upper middle income,3,540.256,42.556984,12694.884581,9.448954,0.074993,-1.101672,80.343539,158.930153,123,33,18.75,1356.285096,39.415826,43.232682,0.440586,2.983153,31.869859,7.213242,0.926189,3.699221,1.015877,3.789464,0,85,11,0,96,96,6,-14.090365
2021,IQ,Iraq,Tay A,Chau A khac,0,0,Upper middle income,3,548.372,43.533592,12596.52546,9.441176,0.077889,-1.089507,85.348159,170.547314,119,31,33.75,1270.827757,24.050754,62.09166,0.775263,3.54818,29.191888,7.14821,0.552464,3.220904,1.426293,4.144589,0,89,9,0,98,98,10,-0.774793
2022,IQ,Iraq,Tay A,Chau A khac,0,0,Upper middle income,3,592.017,44.496122,13304.91228,9.495889,0.07816,-1.291959,75.85639,157.976998,126,33,27.259091,1890.618383,11.0,89.902689,0.612617,3.341415,42.489509,7.545188,0.247213,2.484907,2.020461,4.50979,0,106,9,0,115,115,16,5.623668
2023,IQ,Iraq,Tay A,Chau A khac,0,0,Upper middle income,3,595.082,44.496122,13373.794687,9.501052,0.081419,-1.403166,78.019329,149.957729,131,35,16.242424,2357.996146,28.0,74.162186,0.36503,2.847373,52.993296,7.765991,0.629268,3.367296,1.666711,4.319648,0,112,7,0,119,119,15,0.517722
2001,IR,Iran (Islamic Republic of),Nam A,Chau A khac,0,0,Upper middle income,3,741.846,66.674851,11126.324077,9.317069,0.081351,-0.548128,58.920866,91.125861,75,18,174.468129,311.875,5.0,26.283683,2.616701,5.167457,4.677551,5.745804,0.074991,1.791759,0.394207,3.306289,3,38,46,0,87,87,19,
2002,IR,Iran (Islamic Republic of),Nam A,Chau A khac,0,0,Upper middle income,3,801.778,67.327117,11908.693491,9.385024,0.09152,-0.596177,69.596979,107.911755,75,17,155.539223,490.05,15.619048,23.229725,2.310202,5.053307,7.278642,6.196546,0.231987,2.810549,0.345028,3.18758,4,53,47,0,104,104,22,7.031697
2003,IR,Iran (Islamic Republic of),Nam A,Chau A khac,0,0,Upper middle income,3,871.046,67.954699,12818.039265,9.458609,0.097086,-0.630064,71.700345,120.632165,80,19,140.168003,786.953114,9.333333,33.048816,2.062668,4.949951,11.580555,6.669439,0.137346,2.335375,0.486336,3.527795,2,73,45,0,120,120,36,7.635983
2004,IR,Iran (Islamic Republic of),Nam A,Chau A khac,0,0,Upper middle income,3,908.821,69.061674,13159.556486,9.484904,0.116642,-0.433398,96.033971,163.154591,76,17,191.961842,1018.381746,54.333156,39.687218,2.779571,5.262492,14.745975,6.926952,0.786734,4.013372,0.574663,3.705914,2,79,43,22,146,146,44,2.664348
2005,IR,Iran (Islamic Republic of),Nam A,Chau A khac,0,0,Upper middle income,3,937.81,70.182594,13362.430007,9.500202,0.121033,-0.46706,101.246496,175.545766,78,19,225.274766,1388.371898,81.517027,52.160653,3.209838,5.42175,19.782282,7.236607,1.161499,4.413005,0.743214,3.973319,1,84,48,3,136,136,41,1.541644
2006,IR,Iran (Islamic Republic of),Nam A,Chau A khac,0,0,Upper middle income,3,984.699,71.27576,13815.34199,9.533535,0.134373,-0.454679,113.890239,208.442554,79,18,316.980958,2174.539394,68.976656,69.15803,4.447248,5.761992,30.508821,7.685032,0.967744,4.248162,0.970288,4.25075,1,121,52,3,177,177,63,3.389443
2007,IR,Iran (Islamic Republic of),Nam A,Chau A khac,0,0,Upper middle income,3,1065.01,72.319418,14726.473601,9.597402,0.130031,-0.325249,114.383608,224.998833,76,18,314.881995,2969.376082,89.060096,69.216521,4.354045,5.755369,41.059181,7.996444,1.231482,4.500477,0.957095,4.251584,0,132,33,7,172,171,72,6.595071
2008,IR,Iran (Islamic Republic of),Nam A,Chau A khac,0,0,Upper middle income,3,1067.68,73.318394,14562.23932,9.586187,0.13221,-0.334721,114.329965,247.785869,78,16,270.357049,3704.189558,91.259885,92.089989,3.687438,5.603435,50.521968,8.21749,1.244707,4.524609,1.256028,4.533567,0,157,31,2,190,190,89,-1.115232
2009,IR,Iran (Islamic Republic of),Nam A,Chau A khac,0,0,Upper middle income,3,1078.44,74.322685,14510.240043,9.58261,0.137853,-0.27544,128.302213,231.717807,71,16,276.590347,4985.909564,105.19105,56.477154,3.721479,5.626146,67.084627,8.514572,1.415329,4.66524,0.759891,4.051388,1,182,31,6,220,220,108,-0.357083
2010,IR,Iran (Islamic Republic of),Nam A,Chau A khac,0,0,Upper middle income,3,1140.96,75.373855,15137.344375,9.62492,0.161398,-0.494636,144.458994,276.355678,85,21,324.921642,6066.608028,141.320207,82.941744,4.3108,5.786657,80.486901,8.71072,1.874923,4.958079,1.100405,4.430123,0,175,64,5,244,244,143,4.321805
2011,IR,Iran (Islamic Republic of),Nam A,Chau A khac,0,0,Upper middle income,3,1171.15,76.342971,15340.639546,9.638261,0.165968,-0.470238,149.107196,310.48139,86,21,382.176677,7744.186653,87.942286,107.056236,5.006049,5.948496,101.439419,8.954827,1.151937,4.487988,1.402306,4.682652,1,194,57,6,258,258,154,1.343004
2012,IR,Iran (Islamic Republic of),Nam A,Chau A khac,0,0,Upper middle income,3,1127.26,77.324451,14578.312363,9.58729,0.156681,-0.383818,152.394413,292.920155,79,18,411.383393,8733.93652,102.105745,65.766013,5.320224,6.021953,112.951808,9.075086,1.320485,4.635755,0.85052,4.201194,0,207,36,2,245,245,148,-4.969331
2013,IR,Iran (Islamic Republic of),Nam A,Chau A khac,0,0,Upper middle income,3,1110.11,78.458928,14148.931528,9.557394,0.178195,-0.475842,181.827053,324.641679,86,20,358.554474,9664.965215,144.643031,61.25048,4.569964,5.884866,123.185028,9.176366,1.843551,4.981159,0.780669,4.131166,1,204,80,4,289,285,173,-2.94534
2014,IR,Iran (Islamic Republic of),Nam A,Chau A khac,0,0,Upper middle income,3,1165.44,79.961672,14574.982874,9.587062,0.175832,-0.562254,189.097111,322.29752,89,21,385.832643,11062.23705,102.146168,61.655129,4.82522,5.957992,138.344244,9.311383,1.277439,4.636147,0.771059,4.137646,1,209,75,1,286,283,180,3.011191
2015,IR,Iran (Islamic Republic of),Nam A,Chau A khac,0,0,Upper middle income,3,1148.84,81.790841,14046.071491,9.550098,0.185829,-0.510124,200.812013,330.252608,87,22,361.639278,12248.411392,161.058016,42.135349,4.421513,5.893409,149.752848,9.413233,1.969145,5.087954,0.51516,3.764343,4,224,85,2,315,312,182,-3.628899
2016,IR,Iran (Islamic Republic of),Nam A,Chau A khac,0,0,Upper middle income,3,1250.11,83.306231,15006.200437,9.616219,0.203723,-0.365155,225.447888,360.510541,79,16,396.805488,14526.546972,208.097085,45.095804,4.763215,5.985963,174.375275,9.583802,2.497977,5.342799,0.541326,3.830722,3,235,92,3,333,328,198,6.835569
2017,IR,Iran (Islamic Republic of),Nam A,Chau A khac,0,0,Upper middle income,3,1284.59,84.505076,15201.335361,9.629139,0.194704,-0.465823,216.502338,351.245371,89,20,502.425999,14288.426754,162.023279,51.916119,5.945513,6.221437,169.083651,9.567275,1.91732,5.093893,0.614355,3.968708,5,241,88,0,334,330,198,1.300362
2018,IR,Iran (Islamic Republic of),Nam A,Chau A khac,0,0,Upper middle income,3,1260.98,85.617562,14728.053107,9.597509,0.195728,-0.503861,230.044752,363.29567,85,20,616.100748,15095.376218,139.187064,59.983947,7.195962,6.425032,176.31168,9.62221,1.625684,4.942978,0.700603,4.110611,1,247,83,0,331,323,209,-3.113426
2019,IR,Iran (Islamic Republic of),Nam A,Chau A khac,0,0,Upper middle income,3,1222.26,86.564202,14119.693496,9.555326,0.191876,-0.626649,221.261992,358.418858,95,24,621.370364,15597.635216,172.232715,33.273259,7.178145,6.433535,180.185745,9.654939,1.989653,5.154636,0.384377,3.534365,5,238,84,2,329,318,202,-4.130618
2020,IR,Iran (Islamic Republic of),Nam A,Chau A khac,0,0,Upper middle income,3,1262.97,87.290193,14468.635669,9.579739,0.190282,-0.6862,223.92754,352.632211,95,24,710.881485,15862.708171,115.973966,18.902154,8.143887,6.567911,181.72383,9.671789,1.328602,4.761951,0.216544,2.990828,5,247,75,0,327,312,205,2.471315
2021,IR,Iran (Islamic Republic of),Nam A,Chau A khac,0,0,Upper middle income,3,1322.58,87.923432,15042.406443,9.618629,0.187139,-0.660522,238.320138,363.441493,90,22,891.068022,13436.625552,127.042196,26.942588,10.134591,6.793542,152.821896,9.505814,1.444919,4.85236,0.306432,3.330152,3,251,72,0,326,299,184,3.965618
2022,IR,Iran (Islamic Republic of),Nam A,Chau A khac,0,0,Upper middle income,3,1372.53,88.55057,15499.956691,9.648593,0.195191,-0.618238,233.996651,357.106637,92,22,918.814308,12667.668607,136.408527,25.924274,10.376154,6.824172,143.055755,9.446887,1.540459,4.922958,0.292762,3.293028,8,239,80,3,330,314,169,3.041736
2023,IR,Iran (Islamic Republic of),Nam A,Chau A khac,0,0,Upper middle income,3,1441.77,88.55057,16281.88277,9.697808,0.195078,-0.633096,240.554855,328.678569,92,22,808.582359,13724.509275,171.423921,8.999441,9.131306,6.696519,154.990637,9.527011,1.935887,5.149956,0.101631,2.302529,5,238,57,3,303,284,158,5.044698
2001,JO,Jordan,Tay A,Chau A khac,0,0,Lower middle income,2,45.859598,5.16331,8881.821579,9.091762,0.135905,-0.683492,119.861452,146.716499,84,20,57.639394,107.283333,37.446429,2.602004,11.163264,4.071407,20.778015,4.684751,7.252408,3.649266,0.503941,1.28149,12,93,82,13,200,200,7,
2002,JO,Jordan,Tay A,Chau A khac,0,0,Lower middle income,2,48.512029,5.275532,9195.665812,9.126488,0.139619,-0.668496,129.220703,155.663983,80,21,47.026263,122.922222,79.291667,3.209897,8.914032,3.871748,23.300441,4.819654,15.03008,4.385666,0.60845,1.437438,10,97,81,22,210,210,9,3.533557
2003,JO,Jordan,Tay A,Chau A khac,0,0,Lower middle income,2,50.530939,5.396117,9364.314864,9.144661,0.136286,-0.87272,111.710432,152.613085,90,23,84.392929,169.659524,47.777778,3.300002,15.639566,4.447263,31.441039,5.13967,8.854103,3.887275,0.611551,1.458615,9,104,83,11,207,207,7,1.834006
2004,JO,Jordan,Tay A,Chau A khac,0,0,Lower middle income,2,54.860032,5.532423,9916.095064,9.201914,0.149967,-0.714789,134.904974,186.801972,94,21,71.806566,168.967857,59.023077,4.487632,12.979225,4.287806,30.541384,5.135609,10.668576,4.094729,0.811151,1.702497,5,119,91,7,222,222,10,5.892371
2005,JO,Jordan,Tay A,Chau A khac,0,0,Lower middle income,2,59.329257,5.678534,10447.988329,9.254165,0.167096,-0.640033,154.231923,219.277042,90,23,83.161977,197.966667,100.077502,4.897382,14.644973,4.432743,34.862284,5.293137,17.623827,4.615888,0.862438,1.774509,10,120,84,20,234,234,8,5.363939
2006,JO,Jordan,Tay A,Chau A khac,0,0,Lower middle income,2,64.130759,6.075548,10555.551377,9.264407,0.165459,-0.614127,146.932372,235.060014,93,23,84.021429,222.401455,163.496212,5.157303,13.82944,4.442903,36.605991,5.40897,26.910529,5.102888,0.848862,1.817639,9,122,87,22,240,240,8,1.02951
2007,JO,Jordan,Tay A,Chau A khac,0,0,Lower middle income,2,69.374199,6.473457,10716.715799,9.27956,0.168934,-0.562465,146.529591,263.689644,92,24,135.910155,244.373413,194.225,5.662051,20.994988,4.919325,37.750063,5.502781,30.003289,5.274153,0.874656,1.896427,14,122,81,18,235,235,8,1.526821
2008,JO,Jordan,Tay A,Chau A khac,0,0,Lower middle income,2,74.383284,6.632873,11214.33866,9.324948,0.182077,-0.522971,157.50877,307.586424,82,18,231.94439,285.197655,145.874224,7.893018,34.968918,5.4508,42.997605,5.656683,21.992615,4.989577,1.189985,2.185267,18,141,93,23,275,275,8,4.643427
2009,JO,Jordan,Tay A,Chau A khac,0,0,Lower middle income,2,78.120085,6.780493,11521.298621,9.351953,0.189516,-0.569562,179.227917,282.670284,88,22,168.94494,350.341678,161.8125,6.049865,24.916321,5.135475,51.669057,5.861759,23.864415,5.092599,0.892246,1.953008,21,165,97,28,311,311,9,2.73721
2010,JO,Jordan,Tay A,Chau A khac,0,0,Lower middle income,2,79.928435,6.931258,11531.591394,9.352846,0.184618,-0.61437,180.400441,297.797237,92,24,199.213988,362.85811,165.507071,6.606462,28.74139,5.299387,52.350974,5.896764,23.87836,5.115038,0.95314,2.028998,19,144,87,20,270,270,11,0.089337
2011,JO,Jordan,Tay A,Chau A khac,0,0,Lower middle income,2,82.11622,7.10998,11549.43054,9.354391,0.188149,-0.6028,178.449841,328.036453,94,23,138.548512,385.844281,215.760577,7.655842,19.486484,4.938412,54.267984,5.958022,30.346158,5.378793,1.076774,2.158234,13,157,89,17,276,276,11,0.154698
2012,JO,Jordan,Tay A,Chau A khac,0,0,Lower middle income,2,84.111117,7.211863,11662.883379,9.364167,0.195972,-0.478894,187.861079,341.047232,86,22,139.10119,372.796861,224.758687,7.410097,19.28783,4.942365,51.692172,5.923712,31.165135,5.419467,1.027487,2.129433,17,149,91,24,281,281,9,0.982324
2013,JO,Jordan,Tay A,Chau A khac,0,0,Lower middle income,2,86.306373,7.694814,11216.174037,9.325112,0.200985,-0.601594,213.934898,351.054625,88,21,147.484524,418.576715,226.198966,7.461497,19.166743,5.000481,54.397249,6.039246,29.396288,5.425826,0.969679,2.135526,18,169,94,30,311,311,10,-3.830179
2014,JO,Jordan,Tay A,Chau A khac,0,0,Lower middle income,2,89.227048,8.658026,10305.70341,9.240453,0.195415,-0.622839,216.637947,346.768051,92,23,183.413636,418.511369,301.831172,7.554071,21.184233,5.217181,48.337966,6.039091,34.861431,5.713175,0.872493,2.146407,26,157,90,29,302,302,11,-8.117479
2015,JO,Jordan,Tay A,Chau A khac,0,0,Lower middle income,2,91.454627,9.494246,9632.637181,9.172912,0.188447,-0.662751,204.004675,328.091847,97,28,127.908217,451.000786,325.997676,7.207364,13.472183,4.859101,47.502539,6.113684,34.336342,5.789953,0.75913,2.105032,18,147,94,46,305,305,13,-6.531007
2016,JO,Jordan,Tay A,Chau A khac,0,0,Lower middle income,2,93.278398,9.964656,9360.925021,9.144299,0.191559,-0.692181,216.442748,334.299603,101,27,118.166802,510.29595,255.291589,6.556707,11.858593,4.780524,51.210594,6.236949,25.619709,5.546316,0.657996,2.022436,15,176,86,34,311,311,13,-2.820745
2017,JO,Jordan,Tay A,Chau A khac,0,0,Lower middle income,2,95.58573,10.215381,9357.040173,9.143884,0.195081,-0.705407,217.277105,348.259054,102,27,148.479487,548.768165,312.284802,6.496789,14.534895,5.007159,53.719794,6.309497,30.570059,5.747113,0.635981,2.014475,11,195,80,38,324,324,13,-0.041501
2018,JO,Jordan,Tay A,Chau A khac,0,0,Lower middle income,2,97.420088,10.459865,9313.704178,9.139242,0.193621,-0.771855,234.089098,356.697619,103,27,105.85119,704.885532,259.470829,6.849217,10.119747,4.671437,67.389544,6.559453,24.806327,5.562491,0.654809,2.060414,17,198,89,41,345,345,11,-0.463138
2019,JO,Jordan,Tay A,Chau A khac,0,0,Lower middle income,2,99.126149,10.698683,9265.266451,9.134028,0.199896,-0.779156,239.332841,369.606443,106,27,111.459524,770.994817,251.206692,6.92606,10.41806,4.722593,72.06446,6.648978,23.480151,5.530249,0.647375,2.070156,8,198,91,51,348,348,15,-0.520069
2020,JO,Jordan,Tay A,Chau A khac,0,0,Lower middle income,2,98.033033,10.928721,8970.220138,9.101665,0.200554,-0.792756,243.720446,363.672765,101,26,130.607143,961.81292,297.127872,6.477628,11.950817,4.879821,88.007821,6.869859,27.187799,5.697522,0.592716,2.011916,11,213,88,35,347,347,20,-3.184434
2021,JO,Jordan,Tay A,Chau A khac,0,0,Lower middle income,2,101.617,11.148278,9115.040009,9.117681,0.192402,-0.927541,245.961616,360.754807,107,29,119.354762,993.737965,309.756116,7.876388,10.706116,4.790444,89.138248,6.902479,27.785109,5.739008,0.706512,2.183395,13,216,87,59,375,375,24,1.614452
2022,JO,Jordan,Tay A,Chau A khac,0,0,Lower middle income,2,104.307,11.285869,9242.265704,9.131542,0.21618,-0.713471,276.663234,383.850916,97,24,121.824206,1319.905988,332.892069,9.923276,10.794402,4.810754,116.952092,7.186073,29.496361,5.810818,0.879266,2.390896,14,245,91,72,422,422,25,1.395778
2023,JO,Jordan,Tay A,Chau A khac,0,0,Lower middle income,2,107.315,11.285869,9508.793696,9.159972,0.223581,-0.751998,287.542341,362.663202,99,26,128.839827,1467.096035,303.758614,9.419658,11.416031,4.866302,129.994069,7.291722,26.914951,5.71952,0.834642,2.343694,18,273,97,65,453,453,28,2.883795
2001,JP,Japan,Dong A,Chau A khac,0,0,High income,4,4966.73,127.149,39062.281261,10.572913,0.478255,0.838399,190.212107,329.229318,3,1,185724.507786,17036.580648,9926.572055,505.691685,1460.683983,12.132025,133.989105,9.743177,78.07039,9.203071,3.977158,6.227903,466,370,469,475,1780,1385,1766,
2002,JP,Japan,Dong A,Chau A khac,0,0,High income,4,4968.81,127.445,38987.877123,10.571006,0.483291,0.867468,166.828211,346.106931,3,1,210932.016114,18505.731535,11567.033782,525.99982,1655.082711,12.259296,145.20563,9.82589,90.760985,9.356001,4.127269,6.2672,464,376,463,508,1811,1400,1802,-0.190476
2003,JP,Japan,Dong A,Chau A khac,0,0,High income,4,5045.09,127.718,39501.793013,10.584101,0.481463,0.840023,159.109161,369.615742,3,1,211769.182596,19674.988558,11889.080151,583.788117,1658.09974,12.263257,154.05024,9.887154,93.088524,9.38346,4.570915,6.37125,466,377,447,501,1791,1404,1784,1.318143
2004,JP,Japan,Dong A,Chau A khac,0,0,High income,4,5155.38,127.761,40351.750534,10.60539,0.488463,0.822213,133.246413,414.302301,3,1,239852.727259,21669.469222,13362.505149,685.268634,1877.354805,12.387785,169.609421,9.983706,104.58986,9.500283,5.363676,6.531269,467,380,453,519,1819,1449,1815,2.151694
2005,JP,Japan,Dong A,Chau A khac,0,0,High income,4,5248.38,127.773,41075.814139,10.623175,0.488926,0.808145,125.642213,432.91667,4,1,247284.129347,21907.965771,14126.788537,695.586103,1935.339464,12.418297,171.460056,9.994651,110.56161,9.555899,5.443921,6.546191,468,389,437,508,1802,1458,1791,1.79438
2006,JP,Japan,Dong A,Chau A khac,0,0,High income,4,5320.41,127.854,41613.168145,10.636172,0.487061,0.794329,127.867761,466.185502,2,1,266194.539947,22746.164723,13911.176826,731.319555,2082.019647,12.491986,177.907337,10.032196,108.805175,9.54052,5.719958,6.596217,464,380,427,511,1782,1428,1772,1.3082
2007,JP,Japan,Dong A,Chau A khac,0,0,High income,4,5399.36,128.001,42182.170452,10.649753,0.481009,0.747907,118.377732,516.259697,3,1,262550.489808,23844.575914,16758.554582,777.753463,2051.159677,12.478202,186.284294,10.079354,130.925185,9.726724,6.076151,6.657695,461,378,416,495,1750,1407,1738,1.367361
2008,JP,Japan,Dong A,Chau A khac,0,0,High income,4,5333.26,128.063,41645.596308,10.636951,0.48735,0.772127,94.853349,564.291265,3,1,268255.453351,24744.8106,16928.542796,834.019482,2094.714737,12.499699,193.223731,10.116411,132.189179,9.736815,6.512572,6.727455,467,388,411,513,1779,1434,1767,-1.27204
2009,JP,Japan,Dong A,Chau A khac,0,0,High income,4,5029.62,128.047,39279.483315,10.578458,0.492411,0.79904,105.987826,502.42033,2,1,273853.867628,25756.297019,16696.61429,602.547164,2138.698038,12.520354,201.147212,10.156473,130.39442,9.723021,4.705672,6.402824,467,393,414,520,1794,1467,1781,-5.681544
2010,JP,Japan,Dong A,Chau A khac,0,0,High income,4,5235.73,128.07,40881.7834,10.61844,0.489609,0.811794,103.51995,548.727834,3,1,251389.826618,25342.358344,15964.062321,788.061451,1962.909554,12.434764,197.87896,10.140272,124.651068,9.678158,6.153365,6.670844,465,390,423,518,1796,1449,1775,4.079229
2011,JP,Japan,Dong A,Chau A khac,0,0,High income,4,5236.98,127.833,40967.355847,10.620531,0.488107,0.786617,102.13252,604.085028,2,1,252118.725645,27494.063998,15787.689544,838.375185,1972.250715,12.437659,215.077985,10.221762,123.502457,9.667049,6.558363,6.732658,467,393,405,510,1775,1424,1756,0.209317
2012,JP,Japan,Dong A,Chau A khac,0,0,High income,4,5308.97,127.629,41596.894123,10.635781,0.49308,0.820769,97.166786,595.575244,2,1,278841.866894,26464.940739,17807.150843,780.232627,2184.784547,12.538404,207.358365,10.183614,139.522764,9.787412,6.113286,6.660873,466,391,406,530,1793,1454,1773,1.536683
2013,JP,Japan,Dong A,Chau A khac,0,0,High income,4,5415.42,127.445,42492.212327,10.657076,0.476832,0.90395,106.053353,602.28916,2,1,282561.628448,27021.231774,20180.829404,680.516071,2217.126042,12.551655,212.02269,10.204415,158.349322,9.912538,5.339684,6.52432,464,334,382,511,1691,1369,1654,2.152368
2014,JP,Japan,Dong A,Chau A khac,0,0,High income,4,5431.46,127.276,42674.659794,10.661361,0.487106,0.888573,121.496928,617.308687,1,1,275487.191206,27022.641235,20190.049556,651.304713,2164.486558,12.5263,212.315293,10.204467,158.632025,9.912995,5.117263,6.480512,466,387,384,522,1759,1431,1731,0.429367
2015,JP,Japan,Dong A,Chau A khac,0,0,High income,4,5516.23,127.141,43386.71239,10.677909,0.489843,0.903069,123.506489,597.120234,2,1,286750.30065,26091.857064,22087.222582,577.33326,2255.372387,12.566371,205.219851,10.169417,173.722266,10.0028,4.54089,6.36015,470,383,374,524,1751,1443,1724,1.668561
2016,JP,Japan,Dong A,Chau A khac,0,0,High income,4,5557.81,127.076,43736.110674,10.685929,0.489372,0.89336,128.360131,600.514321,1,1,277667.63405,26883.972906,21674.841117,606.771812,2185.051733,12.534184,211.558224,10.199323,170.565969,9.983954,4.774873,6.4098,466,373,393,523,1755,1444,1724,0.805312
2017,JP,Japan,Dong A,Chau A khac,0,0,High income,4,5650.92,126.972,44505.245251,10.703362,0.491412,0.898081,128.83086,608.131958,1,1,308813.19454,24828.399577,23326.976602,640.603909,2432.136176,12.640495,195.542321,10.119784,183.717486,10.057409,5.045238,6.463971,469,378,391,523,1761,1468,1729,1.75858
2018,JP,Japan,Dong A,Chau A khac,0,0,High income,4,5687.28,126.811,44848.47529,10.711045,0.491678,0.945863,137.45022,633.942832,1,1,297029.022005,23437.880894,24788.079767,664.924263,2342.296977,12.601588,184.825298,10.062151,195.472631,10.118159,5.243427,6.501176,468,368,381,519,1736,1440,1693,0.771213
2019,JP,Japan,Dong A,Chau A khac,0,0,High income,4,5664.41,126.633,44730.915322,10.70842,0.492437,0.897658,145.428736,636.558421,1,1,314379.694001,22288.967323,27963.071149,625.202686,2482.604803,12.65836,176.012314,10.011892,220.81978,10.238676,4.937123,6.439674,468,351,390,524,1733,1454,1673,-0.262127
2020,JP,Japan,Dong A,Chau A khac,0,0,High income,4,5428.27,126.261,42992.452143,10.66878,0.493539,0.946603,137.187214,636.667593,2,2,312429.173036,21960.056218,28574.642741,556.49019,2474.470922,12.652136,173.925885,9.997026,226.314085,10.26031,4.407459,6.323445,468,357,381,522,1728,1455,1672,-3.886491
2021,JP,Japan,Dong A,Chau A khac,0,0,High income,4,5574.65,125.681593,44355.341677,10.699988,0.493996,1.00123,177.106952,672.428748,2,2,321984.924542,18664.810249,22944.752938,627.164457,2561.909957,12.682263,148.508702,9.834449,182.562557,10.040888,4.990106,6.442802,466,355,361,497,1679,1450,1555,3.170067
2022,JP,Japan,Dong A,Chau A khac,0,0,High income,4,5627.16,125.124989,44972.311646,10.713802,0.491362,0.960699,152.684296,647.03234,1,1,294757.256144,17657.368399,19900.663393,555.70554,2355.702554,12.593911,141.117842,9.778965,159.046275,9.898559,4.441204,6.322036,462,319,357,501,1639,1420,1504,1.390971
2023,JP,Japan,Dong A,Chau A khac,0,0,High income,4,5710.17,125.124989,45635.728288,10.728446,0.491205,0.990363,157.480774,601.796395,1,1,285985.035138,18539.298991,16464.818241,528.372193,2285.594887,12.563698,148.166239,9.827702,131.586971,9.709042,4.222755,6.271692,464,319,354,506,1643,1432,1525,1.475167
2001,KG,Kyrgyzstan,Trung A,Chau A khac,0,0,Lower middle income,2,18.770956,4.9451,3795.869868,8.241669,0.02737,-1.52592,3.087081,26.85705,133,38,1.25,1.5,0.0,0.304104,0.252775,0.81093,0.303331,0.916291,0.0,0.0,0.061496,0.265516,0,1,9,0,10,10,0,
2002,KG,Kyrgyzstan,Trung A,Chau A khac,0,0,Lower middle income,2,18.767704,4.9907,3760.535414,8.232317,0.032184,-1.603778,6.280994,32.144384,129,37,4.5,2.75,0.0,0.3339,0.901677,1.704748,0.551025,1.321756,0.0,0.0,0.066905,0.288107,1,1,16,0,18,18,0,-0.930866
2003,KG,Kyrgyzstan,Trung A,Chau A khac,0,0,Lower middle income,2,20.087129,5.0433,3982.933538,8.289774,0.034963,-1.520703,7.065672,37.461009,130,36,5.0,1.666667,0.0,0.370403,0.991414,1.791759,0.330471,0.980829,0.0,0.0,0.073445,0.315105,1,0,21,0,22,22,0,5.914002
2004,KG,Kyrgyzstan,Trung A,Chau A khac,0,0,Lower middle income,2,21.498614,5.1047,4211.533208,8.345582,0.03532,-1.517549,2.869678,41.67816,134,36,8.5,0.7,0.5,0.434718,1.665132,2.251292,0.137129,0.530628,0.097949,0.405465,0.08516,0.360968,3,0,16,0,19,19,0,5.73948
2005,KG,Kyrgyzstan,Trung A,Chau A khac,0,0,Lower middle income,2,21.46088,5.1626,4156.990701,8.332547,0.04654,-1.406758,16.690032,59.582961,126,34,19.2,6.45,2.933333,0.459181,3.719056,3.005683,1.24937,2.008214,0.568189,1.369487,0.088944,0.377875,2,8,14,2,26,26,1,-1.295075
2006,KG,Kyrgyzstan,Trung A,Chau A khac,0,0,Lower middle income,2,22.12679,5.2184,4240.148239,8.352354,0.042541,-1.317052,14.037683,56.965268,125,33,20.683333,4.0625,5.0,0.643212,3.963539,3.076544,0.778495,1.62186,0.958148,1.791759,0.123259,0.496653,5,4,19,2,30,30,0,2.000426
2007,KG,Kyrgyzstan,Trung A,Chau A khac,0,0,Lower middle income,2,24.017053,5.2684,4558.6997,8.424793,0.036653,-1.484013,1.683272,53.426021,135,37,3.7,3.229167,2.0,0.980841,0.702301,1.547563,0.612931,1.442005,0.379622,1.098612,0.186174,0.683522,1,0,27,1,29,29,0,7.512743
2008,KG,Kyrgyzstan,Trung A,Chau A khac,0,0,Lower middle income,2,26.034874,5.3187,4894.96947,8.495963,0.047395,-1.349823,10.538702,77.765007,133,36,10.166667,10.4,3.111111,0.767635,1.911495,2.412933,1.955365,2.433613,0.584938,1.413693,0.144328,0.569643,3,5,24,3,35,35,0,7.37644
2009,KG,Kyrgyzstan,Trung A,Chau A khac,0,0,Lower middle income,2,26.786317,5.3833,4975.817301,8.512345,0.043304,-1.531996,1.83746,61.793434,140,37,8.589744,3.624242,1.0,0.543337,1.595628,2.260694,0.673238,1.531313,0.18576,0.693147,0.10093,0.433947,3,3,17,0,23,23,0,1.651651
2010,KG,Kyrgyzstan,Trung A,Chau A khac,0,0,Lower middle income,2,26.660002,5.4479,4893.629096,8.495689,0.047551,-1.474133,4.244336,74.685226,137,38,10.851282,8.996612,2.9,0.958262,1.991828,2.472436,1.651391,2.302246,0.532315,1.360977,0.175896,0.672057,4,3,25,0,32,32,0,-1.651753
2011,KG,Kyrgyzstan,Trung A,Chau A khac,0,0,Lower middle income,2,28.247945,5.5146,5122.39234,8.541377,0.049142,-1.30729,11.145576,87.962866,134,36,7.889744,10.57619,8.0,1.030981,1.430701,2.184898,1.917853,2.44895,1.450695,2.197225,0.186955,0.708519,3,2,24,1,30,30,0,4.674716
2012,KG,Kyrgyzstan,Trung A,Chau A khac,0,0,Lower middle income,2,28.223044,5.6072,5033.357857,8.523843,0.053813,-1.237667,17.031091,92.677717,130,37,8.5,8.192857,10.722222,1.086697,1.515908,2.251292,1.461132,2.218427,1.912224,2.461486,0.193804,0.735583,3,4,28,4,39,39,0,-1.738143
2013,KG,Kyrgyzstan,Trung A,Chau A khac,0,0,Lower middle income,2,31.303722,5.7196,5473.061393,8.607593,0.064306,-0.896394,32.272118,117.725933,106,30,9.011111,17.792857,15.734119,1.012213,1.575479,2.303696,3.110857,2.933477,2.750913,2.81745,0.176973,0.699235,4,4,18,4,30,30,0,8.735789
2014,KG,Kyrgyzstan,Trung A,Chau A khac,0,0,Lower middle income,2,32.563396,5.8355,5580.223769,8.626984,0.045743,-1.524226,10.43649,79.189581,143,38,4.583333,14.67619,7.5,1.071201,0.785423,1.719786,2.514984,2.752143,1.285237,2.140066,0.183566,0.728129,0,0,18,0,18,18,0,1.957997
2015,KG,Kyrgyzstan,Trung A,Chau A khac,0,0,Lower middle income,2,33.825496,5.9569,5678.372339,8.64442,0.04466,-1.165346,21.337515,80.119346,124,34,4.456349,13.53866,7.642857,0.61092,0.748099,1.69678,2.272769,2.676811,1.283026,2.156733,0.102557,0.476805,1,5,10,3,19,19,0,1.758864
2016,KG,Kyrgyzstan,Trung A,Chau A khac,0,0,Lower middle income,2,35.292121,6.0795,5805.102552,8.666493,0.050322,-1.3413,21.805285,89.182116,136,36,6.571429,23.257421,7.956522,0.645373,1.080916,2.024382,3.825548,3.188723,1.308746,2.192382,0.106156,0.497967,0,8,9,0,17,17,0,2.231805
2017,KG,Kyrgyzstan,Trung A,Chau A khac,0,0,Lower middle income,2,36.964945,6.1982,5963.81939,8.693466,0.068108,-1.003049,42.21011,126.589812,117,31,11.52381,20.996825,12.683082,0.900561,1.859219,2.527632,3.387568,3.090898,2.046252,2.61616,0.145294,0.642149,2,6,19,1,28,28,0,2.734092
2018,KG,Kyrgyzstan,Trung A,Chau A khac,0,0,Lower middle income,2,38.354055,6.3228,6065.992088,8.710453,0.054811,-1.08672,31.96287,103.571409,118,31,12.761905,14.514705,14.231746,0.869543,2.018395,2.621904,2.295613,2.741788,2.250861,2.723382,0.137525,0.625694,5,4,14,2,25,25,2,1.713209
2019,KG,Kyrgyzstan,Trung A,Chau A khac,0,0,Lower middle income,2,40.118581,6.4562,6213.961968,8.734554,0.083347,-0.684596,68.095981,162.196425,98,26,14.059524,15.102629,23.857546,1.000923,2.177678,2.712011,2.339244,2.778983,3.695292,3.213161,0.155033,0.693609,2,7,14,6,29,29,2,2.439335
2020,KG,Kyrgyzstan,Trung A,Chau A khac,0,0,Lower middle income,2,37.250513,6.5799,5661.258207,8.641401,0.084218,-0.794967,68.806866,164.780786,102,27,16.666667,27.682808,15.132604,0.790808,2.532967,2.87168,4.207178,3.356298,2.299823,2.780842,0.120185,0.582667,0,8,13,5,26,26,0,-8.894547
2021,KG,Kyrgyzstan,Trung A,Chau A khac,0,0,Lower middle income,2,39.301901,6.6918,5873.143469,8.678145,0.094521,-0.902876,87.450295,185.891761,102,26,17.777778,30.380937,23.888334,1.104414,2.656651,2.932674,4.540025,3.446201,3.569792,3.214399,0.16504,0.744037,2,6,15,20,43,43,0,3.742724
2022,KG,Kyrgyzstan,Trung A,Chau A khac,0,0,Lower middle income,2,42.826302,6.8033,6294.930625,8.7475,0.097679,-0.751116,77.790359,190.412988,101,26,9.087302,31.666046,9.680904,1.816041,1.33572,2.311277,4.654513,3.486336,1.422972,2.368458,0.266935,1.035332,0,11,38,0,49,49,1,7.181625
2023,KG,Kyrgyzstan,Trung A,Chau A khac,0,0,Lower middle income,2,46.686361,6.8033,6862.311156,8.8338,0.07709,-1.344363,37.24997,127.014202,128,33,8.277778,27.604771,5.0,1.690174,1.21673,2.227622,4.057556,3.353574,0.734937,1.791759,0.248434,0.989606,0,8,26,0,34,34,1,9.013293
2001,KH,Cambodia,Dong Nam A,ASEAN khac,1,0,Lower middle income,2,25.723064,12.338192,2084.832512,7.642444,0.025659,-2.36242,-5.441943,18.898508,173,44,4.583333,6.916667,0.8,2.022916,0.371475,1.719786,0.56059,2.06897,0.064839,0.587787,0.163956,1.106222,1,7,36,1,45,45,7,
2002,KH,Cambodia,Dong Nam A,ASEAN khac,1,0,Lower middle income,2,27.334632,12.561779,2176.016032,7.685251,0.026464,-2.248919,-2.037236,21.446054,170,44,1.666667,10.696429,0.0,2.454842,0.132678,0.980829,0.851506,2.459284,0.0,0.0,0.195422,1.239777,1,11,37,0,49,49,7,4.373662
2003,KH,Cambodia,Dong Nam A,ASEAN khac,1,0,Lower middle income,2,30.145639,12.78771,2357.39151,7.765311,0.031215,-2.127359,-0.483998,28.806348,161,43,0.666667,21.144444,0.0,2.71739,0.052133,0.510826,1.653497,3.097587,0.0,0.0,0.2125,1.313022,0,18,33,0,51,51,7,8.335209
2004,KH,Cambodia,Dong Nam A,ASEAN khac,1,0,Lower middle income,2,32.996722,13.016371,2535.016981,7.837956,0.036126,-1.761554,6.469789,40.435337,150,42,5.0,32.331589,2.0,3.461789,0.384132,1.791759,2.483917,3.506506,0.153653,1.098612,0.265957,1.49555,1,31,37,1,70,70,10,7.534831
2005,KH,Cambodia,Dong Nam A,ASEAN khac,1,0,Lower middle income,2,37.386386,13.246583,2822.341847,7.945322,0.040474,-1.868007,9.214629,46.277393,157,45,2.0,37.265079,1.75,3.559478,0.150982,1.098612,2.813184,3.644538,0.13211,1.011601,0.268709,1.517208,0,24,33,0,57,57,8,11.334238
2006,KH,Cambodia,Dong Nam A,ASEAN khac,1,0,Lower middle income,2,41.477712,13.477779,3077.488681,8.031869,0.042305,-1.6007,11.69576,55.459509,139,39,4.416667,43.983333,1.0,4.246721,0.3277,1.689481,3.263396,3.806292,0.074196,0.693147,0.315091,1.657603,1,23,36,0,60,60,8,9.040253
2007,KH,Cambodia,Dong Nam A,ASEAN khac,1,0,Lower middle income,2,45.790755,13.714791,3338.786195,8.113363,0.036971,-2.11914,-1.494076,47.257875,167,43,4.25,28.24329,1.0,4.545594,0.309884,1.658228,2.059331,3.37565,0.072914,0.693147,0.331437,1.713004,1,22,36,0,59,59,4,8.490608
2008,KH,Cambodia,Dong Nam A,ASEAN khac,1,0,Lower middle income,2,49.214239,13.943888,3529.448839,8.168897,0.039311,-1.861688,3.962616,57.070428,158,42,8.333333,38.875397,4.5,4.975497,0.597633,2.233592,2.787988,3.68576,0.322722,1.704748,0.356823,1.787667,1,20,35,2,58,58,6,5.710538
2009,KH,Cambodia,Dong Nam A,ASEAN khac,1,0,Lower middle income,2,51.219611,14.15574,3618.29269,8.193758,0.041542,-2.205034,0.806888,51.228477,170,45,3.916667,41.057154,4.5,5.443208,0.276684,1.592631,2.900389,3.73903,0.317892,1.704748,0.384523,1.863027,0,15,40,5,60,60,7,2.517216
2010,KH,Cambodia,Dong Nam A,ASEAN khac,1,0,Lower middle income,2,53.819988,14.363532,3746.988443,8.228708,0.045891,-2.066828,5.25318,62.691864,164,43,8.666667,42.574838,4.5,6.115995,0.60338,2.268684,2.964093,3.77448,0.313293,1.704748,0.4258,1.962345,0,22,42,0,64,64,5,3.556809
2011,KH,Cambodia,Dong Nam A,ASEAN khac,1,0,Lower middle income,2,57.741667,14.573885,3961.995513,8.284503,0.038699,-2.393313,-3.063891,53.526763,177,43,7.833333,37.441642,2.3125,7.711205,0.537491,2.178532,2.569091,3.649141,0.158674,1.197703,0.529111,2.16461,0,11,43,0,54,54,6,5.73813
2012,KH,Cambodia,Dong Nam A,ASEAN khac,1,0,Lower middle income,2,62.159053,14.78664,4203.730709,8.343728,0.048802,-2.205937,4.460832,69.860079,172,44,30.0,64.80434,2.2,7.896789,2.028858,3.433987,4.382628,4.186686,0.148783,1.163151,0.534049,2.18569,1,23,49,1,74,74,7,6.10135
2013,KH,Cambodia,Dong Nam A,ASEAN khac,1,0,Lower middle income,2,67.0432,14.999683,4469.641129,8.405063,0.05616,-2.113434,14.718936,83.727211,162,42,23.0,65.553941,6.2,8.767346,1.533366,3.178054,4.370355,4.198013,0.413342,1.974081,0.584502,2.279045,1,18,56,3,78,78,9,6.325582
2014,KH,Cambodia,Dong Nam A,ASEAN khac,1,0,Lower middle income,2,72.406871,15.210817,4760.222354,8.46805,0.057906,-2.143819,12.626934,87.512255,172,45,9.666667,73.010268,4.1,10.010936,0.635513,2.367124,4.799891,4.304204,0.269545,1.629241,0.658146,2.398889,0,30,52,1,83,83,8,6.50122
2015,KH,Cambodia,Dong Nam A,ASEAN khac,1,0,Lower middle income,2,77.625259,15.417523,5034.872298,8.524143,0.063297,-1.977365,20.194309,95.745239,161,42,16.583333,78.387926,11.233333,10.884575,1.075616,2.866951,5.08434,4.374346,0.728608,2.504164,0.705987,2.475241,0,25,66,3,94,94,11,5.769687
2016,KH,Cambodia,Dong Nam A,ASEAN khac,1,0,Lower middle income,2,83.761925,15.624584,5360.905944,8.586888,0.065132,-1.980236,25.444519,93.589544,161,44,13.833333,85.674857,18.375,12.1562,0.885357,2.696877,5.483337,4.462164,1.176031,2.963984,0.778018,2.576893,0,25,71,1,97,97,13,6.47551
2017,KH,Cambodia,Dong Nam A,ASEAN khac,1,0,Lower middle income,2,90.525733,15.830689,5718.369775,8.651439,0.065022,-1.929084,21.19242,96.714822,159,42,7.0,68.815184,14.419444,12.181013,0.442179,2.079442,4.346948,4.245852,0.910854,2.735629,0.769456,2.578777,0,23,74,0,97,97,12,6.667974
2018,KH,Cambodia,Dong Nam A,ASEAN khac,1,0,Lower middle income,2,98.470474,16.025238,6144.712137,8.723347,0.070645,-2.00128,30.771107,109.701622,164,42,15.416667,80.079926,17.32381,13.731466,0.962024,2.798297,4.997113,4.395435,1.081033,2.908201,0.856865,2.689986,0,33,73,2,108,108,15,7.455663
2019,KH,Cambodia,Dong Nam A,ASEAN khac,1,0,Lower middle income,2,106.286,16.207746,6557.728632,8.7884,0.072744,-1.756848,30.791623,115.759918,155,42,18.833333,70.345587,21.052381,16.365325,1.161996,2.987364,4.340245,4.267535,1.298909,3.093421,1.009722,2.854475,1,19,80,1,101,101,13,6.721495
2020,KH,Cambodia,Dong Nam A,ASEAN khac,1,0,Lower middle income,2,102.507,16.39686,6251.623787,8.740597,0.079101,-1.608225,40.09098,127.526796,146,39,11.0,77.98322,34.706634,14.912088,0.67086,2.484907,4.755985,4.369235,2.116663,3.575337,0.909448,2.767079,2,29,86,6,123,123,18,-4.667849
2021,KH,Cambodia,Dong Nam A,ASEAN khac,1,0,Lower middle income,2,105.674,16.589023,6370.11595,8.759373,0.075955,-1.597046,42.597659,127.955215,146,38,12.166667,64.165777,32.209091,16.122808,0.733417,2.577688,3.867966,4.176934,1.941591,3.502824,0.971896,2.840411,1,19,84,1,105,105,10,1.895382
2022,KH,Cambodia,Dong Nam A,ASEAN khac,1,0,Lower middle income,2,111.095,16.767842,6625.479892,8.798678,0.075031,-1.56058,39.961794,120.570596,136,38,10.75,69.735237,13.833333,19.909923,0.641108,2.463853,4.158868,4.258944,0.824992,2.696877,1.187387,3.040224,0,23,92,0,115,115,13,4.00878
2023,KH,Cambodia,Dong Nam A,ASEAN khac,1,0,Lower middle income,2,116.658,16.767842,6957.2459,8.847539,0.084031,-1.474756,48.196768,129.065459,136,36,18.75,76.067415,11.25,18.144841,1.118212,2.983153,4.536506,4.344681,0.670927,2.505526,1.082121,2.952033,1,31,88,0,120,120,12,5.007426
2001,KP,Democratic People's Republic of Korea,Dong A,Chau A khac,0,0,Low income,1,,23.512522,,,0.041429,-0.340087,28.745249,47.150321,63,12,33.083333,0.5,47.291667,1.025837,1.407052,3.528809,0.021265,0.405465,2.01134,3.877259,0.043629,0.705983,4,0,16,9,29,29,2,
2002,KP,Democratic People's Republic of Korea,Dong A,Chau A khac,0,0,Low income,1,,23.638411,,,0.040238,-0.262065,26.464805,48.576249,58,11,38.940476,1.0,48.8,1.037156,1.647339,3.68739,0.042304,0.693147,2.064437,3.908015,0.043876,0.711555,7,1,16,10,34,34,1,
2003,KP,Democratic People's Republic of Korea,Dong A,Chau A khac,0,0,Low income,1,,23.781707,,,0.042004,0.030977,36.440899,55.31985,37,7,48.607143,1.833333,67.716667,0.9974,2.043888,3.904135,0.07709,1.041454,2.847427,4.229992,0.04194,0.691846,4,0,15,22,41,41,1,
2004,KP,Democratic People's Republic of Korea,Dong A,Chau A khac,0,0,Low income,1,,23.94893,,,0.042688,0.137577,35.902822,62.031565,41,7,80.666667,2.5,31.575971,1.27294,3.368279,4.402646,0.104389,1.252763,1.318471,3.483575,0.053152,0.821074,7,1,15,12,35,35,1,
2005,KP,Democratic People's Republic of Korea,Dong A,Chau A khac,0,0,Low income,1,,24.100982,,,0.039053,-0.02545,31.82858,57.239641,49,11,58.716667,0.0,40.651709,1.858484,2.436277,4.089611,0.0,0.0,1.686724,3.729342,0.077112,1.050292,5,0,22,9,36,36,1,
2006,KP,Democratic People's Republic of Korea,Dong A,Chau A khac,0,0,Low income,1,,24.235761,,,0.038925,-0.025541,31.894063,62.301805,52,10,85.383333,2.333333,29.133333,1.689453,3.523031,4.458795,0.096276,1.203973,1.20208,3.405632,0.069709,0.989338,4,0,16,1,21,21,0,
2007,KP,Democratic People's Republic of Korea,Dong A,Chau A khac,0,0,Low income,1,,24.356506,,,0.042475,0.415236,39.096616,80.088098,20,4,68.933333,1.583333,44.134848,2.464381,2.830182,4.247542,0.065007,0.949081,1.812035,3.809655,0.10118,1.242534,5,0,13,9,27,27,0,
2008,KP,Democratic People's Republic of Korea,Dong A,Chau A khac,0,0,Low income,1,,24.469047,,,0.040199,0.125786,34.670268,77.712396,45,8,105.997619,2.25,51.188462,1.893395,4.331906,4.672807,0.091953,1.178655,2.091968,3.954861,0.077379,1.06243,7,0,12,0,19,19,0,
2009,KP,Democratic People's Republic of Korea,Dong A,Chau A khac,0,0,Low income,1,,24.581509,,,0.040031,0.001497,33.922644,67.232027,51,11,136.673443,1.333333,73.505556,1.276067,5.56001,4.924885,0.054241,0.847298,2.990278,4.310874,0.051912,0.822449,3,0,20,3,26,26,0,
2010,KP,Democratic People's Republic of Korea,Dong A,Chau A khac,0,0,Low income,1,,24.686435,,,0.044246,0.251772,41.255689,81.492673,38,7,156.160101,1.545455,68.07887,1.784751,6.325745,5.057265,0.062603,0.934309,2.757744,4.235249,0.072297,1.024159,6,0,17,8,31,31,0,
2011,KP,Democratic People's Republic of Korea,Dong A,Chau A khac,0,0,Low income,1,,24.783789,,,0.049148,0.496563,48.197589,101.262987,9,3,183.870418,0.833333,109.642347,2.939033,7.418979,5.219655,0.033624,0.606136,4.423954,4.706303,0.118587,1.370935,2,0,20,11,33,33,0,
2012,KP,Democratic People's Republic of Korea,Dong A,Chau A khac,0,0,Low income,1,,24.88777,,,0.057533,0.619437,59.360936,118.660055,6,2,203.717893,3.0,74.97287,2.684857,8.185462,5.321633,0.120541,1.386294,3.012438,4.330376,0.107879,1.304232,11,0,19,6,36,36,0,
2013,KP,Democratic People's Republic of Korea,Dong A,Chau A khac,0,0,Low income,1,,25.001819,,,0.046067,0.143942,44.027522,91.227486,43,7,208.831457,1.2,74.978463,2.999579,8.352651,5.346305,0.047997,0.788457,2.99892,4.33045,0.119974,1.386189,11,0,19,8,38,38,0,
2014,KP,Democratic People's Republic of Korea,Dong A,Chau A khac,0,0,Low income,1,,25.126131,,,0.048004,0.212615,47.434058,96.681274,42,6,197.984885,5.916667,93.000173,3.288833,7.879641,5.293229,0.235479,1.933934,3.701333,4.543297,0.130893,1.456015,7,0,21,4,32,32,0,
2015,KP,Democratic People's Republic of Korea,Dong A,Chau A khac,0,0,Low income,1,,25.258015,,,0.049817,0.046672,48.485103,97.426257,54,10,140.519751,7.72619,113.449603,2.426441,5.563373,4.952439,0.305891,2.166329,4.491628,4.740135,0.096066,1.231522,4,1,25,6,36,36,0,
2016,KP,Democratic People's Republic of Korea,Dong A,Chau A khac,0,0,Low income,1,,25.389611,,,0.043292,-0.130323,39.156236,82.353914,63,11,142.966667,7.45,290.856277,2.717877,5.630912,4.969582,0.293427,2.134166,11.45572,5.676261,0.107047,1.313153,4,0,20,7,31,31,1,
2017,KP,Democratic People's Republic of Korea,Dong A,Chau A khac,0,0,Low income,1,,25.516321,,,0.04925,0.330817,55.16404,101.566818,33,6,156.059848,2.992663,203.262763,1.488811,6.11608,5.056627,0.117284,1.384459,7.96599,5.319407,0.058347,0.911805,5,0,19,14,38,38,0,
2018,KP,Democratic People's Republic of Korea,Dong A,Chau A khac,0,0,Low income,1,,25.638149,,,0.040202,0.799961,62.105118,94.856769,3,2,165.811255,5.25,141.410678,0.245012,6.467365,5.116863,0.204773,1.832581,5.515635,4.958715,0.009557,0.219145,4,0,6,5,15,15,0,
2019,KP,Democratic People's Republic of Korea,Dong A,Chau A khac,0,0,Low income,1,,25.755441,,,0.041565,0.739026,63.944095,99.246623,3,2,175.188348,7.272712,185.268465,0.301564,6.801994,5.171554,0.282376,2.112962,7.193372,5.227189,0.011709,0.263567,5,0,5,6,16,16,0,
2020,KP,Democratic People's Republic of Korea,Dong A,Chau A khac,0,0,Low income,1,,25.867467,,,0.040411,0.998567,67.265681,100.177496,1,1,172.152706,5.003563,159.986643,0.168829,6.655182,5.154174,0.193431,1.792353,6.184859,5.081321,0.006527,0.156002,7,1,2,2,12,12,0,
2021,KP,Democratic People's Republic of Korea,Dong A,Chau A khac,0,0,Low income,1,,25.971909,,,0.029855,1.105866,57.471857,77.212876,1,1,169.534596,4.411469,75.379365,0.182559,6.527614,5.138938,0.169855,1.688521,2.902342,4.335713,0.007029,0.167681,3,0,3,3,9,9,0,
2022,KP,Democratic People's Republic of Korea,Dong A,Chau A khac,0,0,Low income,1,,26.069416,,,0.034108,0.798378,58.341871,81.771557,2,2,118.259921,2.131046,66.638733,0.203908,4.536347,4.781305,0.081745,1.141367,2.556204,4.214181,0.007822,0.185573,2,1,5,7,15,15,1,
2023,KP,Democratic People's Republic of Korea,Dong A,Chau A khac,0,0,Low income,1,,26.069416,,,0.029644,0.635947,52.050706,63.178941,11,3,83.090476,5.146465,36.130519,0.236599,3.187278,4.431893,0.197414,1.815877,1.385935,3.614439,0.009076,0.212365,1,2,3,4,10,10,0,
2001,KR,Republic of Korea (the),Dong A,Chau A khac,0,0,High income,4,1237.71,47.370164,26128.471922,10.170781,0.403685,0.529563,291.39936,320.184905,14,2,24657.180017,3326.957441,922.051211,192.770425,520.521314,10.112864,70.233184,8.110114,19.464809,6.827685,4.069448,5.266674,282,296,307,106,991,982,488,
2002,KR,Republic of Korea (the),Dong A,Chau A khac,0,0,High income,4,1333.32,47.644736,27984.623527,10.23941,0.408897,0.564484,276.622418,340.663123,10,2,29305.726545,4105.479167,1059.889105,203.186434,615.088444,10.285572,86.168578,8.320321,22.245671,6.966863,4.264615,5.319033,294,290,294,135,1013,1003,496,7.103942
2003,KR,Republic of Korea (the),Dong A,Chau A khac,0,0,High income,4,1375.28,47.89233,28716.080425,10.265213,0.411439,0.546649,266.755974,357.559894,12,2,34093.004093,5092.230002,1056.945855,239.992283,711.867727,10.436877,106.326629,8.535667,22.069209,6.964084,5.01108,5.484765,298,318,293,126,1035,1021,537,2.613781
2004,KR,Republic of Korea (the),Dong A,Chau A khac,0,0,High income,4,1446.76,48.082519,30089.105773,10.311918,0.427519,0.594347,232.791828,406.798172,6,2,44726.21168,5907.311766,1272.863111,305.974782,930.196932,10.708337,122.857785,8.684115,26.472471,7.149809,6.363535,5.726766,273,329,293,180,1075,1066,583,4.781381
2005,KR,Republic of Korea (the),Dong A,Chau A khac,0,0,High income,4,1509.1,48.184561,31319.160509,10.351985,0.430083,0.611435,215.44313,428.984106,5,2,55457.806959,6733.633736,1382.527584,338.612264,1150.945569,10.923396,139.746707,8.815019,28.692335,7.232392,7.027402,5.827805,277,338,300,183,1098,1082,604,4.08804
2006,KR,Republic of Korea (the),Dong A,Chau A khac,0,0,High income,4,1588.54,48.438292,32795.128284,10.398035,0.426727,0.58473,227.242892,453.278857,5,2,68532.565292,7728.197798,1429.875618,383.355509,1414.84273,11.135079,159.547281,8.95276,29.51953,7.266042,7.914307,5.951568,276,339,304,154,1073,1059,635,4.712667
2007,KR,Republic of Korea (the),Dong A,Chau A khac,0,0,High income,4,1680.67,48.683638,34522.276252,10.44936,0.43198,0.567659,199.496385,510.571488,5,2,70617.90374,9226.028982,1954.949844,415.328483,1450.546973,11.165053,189.509851,9.129892,40.156199,7.578631,8.531172,6.031475,278,346,284,197,1105,1086,657,5.266477
2008,KR,Republic of Korea (the),Dong A,Chau A khac,0,0,High income,4,1731.31,49.054708,35293.452363,10.471453,0.440383,0.580181,190.413925,559.018126,5,2,70809.108849,10627.361153,2268.118048,460.669121,1443.472232,11.167757,216.643042,9.271281,46.236501,7.727147,9.390926,6.134848,277,358,288,196,1119,1101,706,2.233851
2009,KR,Republic of Korea (the),Dong A,Chau A khac,0,0,High income,4,1745.03,49.307835,35390.521608,10.474199,0.44337,0.601964,207.797233,498.553375,5,2,65707.180595,12470.453615,2634.507846,393.358327,1332.59107,11.092979,252.910184,9.431198,53.429802,7.876831,7.977603,5.97726,307,363,300,195,1165,1138,815,0.275035
2010,KR,Republic of Korea (the),Dong A,Chau A khac,0,0,High income,4,1863.78,49.554112,37611.005924,10.535052,0.456995,0.603516,205.278499,546.542731,5,2,67226.24894,14296.662792,3507.723993,504.564795,1356.623017,11.115834,288.506084,9.567851,70.78573,8.163008,10.182097,6.225676,329,381,312,240,1262,1228,911,6.274234
2011,KR,Republic of Korea (the),Dong A,Chau A khac,0,0,High income,4,1932.47,49.936638,38698.440211,10.563555,0.466322,0.596226,196.453535,603.738051,5,2,71418.357742,16479.655809,4101.352481,592.819911,1430.179536,11.176324,330.01132,9.709943,82.131129,8.319316,11.871442,6.386576,340,383,319,249,1291,1255,978,2.891266
2012,KR,Republic of Korea (the),Dong A,Chau A khac,0,0,High income,4,1978.9,50.199853,39420.434159,10.58204,0.473169,0.613013,196.522528,598.246341,7,3,74139.442858,17261.289399,4703.829938,583.317908,1476.885657,11.213716,343.851393,9.75628,93.702066,8.456345,11.619913,6.370445,354,383,328,252,1317,1273,1045,1.865693
2013,KR,Republic of Korea (the),Dong A,Chau A khac,0,0,High income,4,2041.53,50.428893,40483.339581,10.608646,0.471844,0.658046,214.515155,606.736336,4,2,83166.896037,18835.86343,5055.527513,587.500449,1649.191388,11.328617,373.513324,9.843571,100.250615,8.528435,11.650076,6.377578,369,385,327,237,1318,1261,1063,2.696331
2014,KR,Republic of Korea (the),Dong A,Chau A khac,0,0,High income,4,2106.9,50.746659,41518.00417,10.633882,0.475609,0.668479,222.147754,615.870251,4,2,93013.309756,20296.333142,6623.34491,598.377219,1832.895241,11.440509,399.954077,9.918245,130.517852,8.798507,11.79146,6.395891,362,393,331,272,1358,1296,1125,2.555779
2015,KR,Republic of Korea (the),Dong A,Chau A khac,0,0,High income,4,2166.09,51.014947,42459.908858,10.656316,0.477631,0.680965,225.000126,596.943958,3,2,97049.513577,21232.36586,7447.74573,521.763634,1902.374094,11.482987,416.19892,9.963329,145.991443,8.915801,10.227662,6.259129,370,394,335,271,1370,1316,1129,2.268666
2016,KR,Republic of Korea (the),Dong A,Chau A khac,0,0,High income,4,2229.92,51.217803,43537.986196,10.681389,0.480435,0.686577,227.310233,599.4017,3,2,100490.115112,22016.834209,9237.048885,486.557362,1962.015339,11.517825,429.866822,9.999608,180.348401,9.131086,9.49977,6.189408,380,408,338,277,1403,1333,1183,2.539048
2017,KR,Republic of Korea (the),Dong A,Chau A khac,0,0,High income,4,2300.38,51.361911,44787.663761,10.709688,0.477096,0.694429,228.791603,608.371782,3,2,97165.494056,20945.739148,9768.402726,546.431291,1891.78113,11.484181,407.80685,9.949738,190.187681,9.187011,10.638843,6.305237,384,415,330,268,1397,1333,1135,2.870315
2018,KR,Republic of Korea (the),Dong A,Chau A khac,0,0,High income,4,2367.26,51.585058,45890.420439,10.734012,0.488953,0.739593,236.01177,633.745562,4,3,97349.909811,21281.509306,12048.907049,581.873869,1887.172635,11.486077,412.551815,9.965641,233.573587,9.396812,11.279892,6.367971,390,418,323,343,1474,1386,1194,2.462188
2019,KR,Republic of Korea (the),Dong A,Chau A khac,0,0,High income,4,2420.38,51.764822,46757.236024,10.752724,0.488717,0.680769,251.33884,633.252533,4,3,104081.936463,21920.592576,15072.570177,499.970994,2010.669262,11.552943,423.465043,9.995227,291.173998,9.620698,9.658509,6.216548,378,416,340,349,1483,1411,1185,1.888881
2020,KR,Republic of Korea (the),Dong A,Chau A khac,0,0,High income,4,2403.21,51.836239,46361.581132,10.744226,0.492043,0.697175,262.010184,627.959469,5,3,117113.285996,22486.18727,15739.676836,470.446591,2259.293657,11.670906,433.7928,10.020701,303.642339,9.664004,9.075631,6.155806,388,428,328,388,1532,1429,1247,-0.84619
2021,KR,Republic of Korea (the),Dong A,Chau A khac,0,0,High income,4,2506.66,51.744876,48442.670923,10.788136,0.497301,0.764207,290.556849,664.167484,4,3,121668.653664,20377.680558,15703.382021,577.853544,2351.317909,11.709065,393.810598,9.922245,303.477044,9.661695,11.167358,6.361049,394,431,328,430,1583,1486,1292,4.488824
2022,KR,Republic of Korea (the),Dong A,Chau A khac,0,0,High income,4,2572.15,51.628117,49820.720752,10.816186,0.493774,0.729077,262.589018,635.587947,4,3,134622.500302,19988.083322,13541.174374,559.972437,2607.542326,11.810237,387.154994,9.902942,262.282941,9.513564,10.846269,6.329672,400,434,334,419,1587,1483,1276,2.844702
2023,KR,Republic of Korea (the),Dong A,Chau A khac,0,0,High income,4,2607.05,51.628117,50496.708993,10.829663,0.49814,0.744188,269.92991,586.673888,4,2,142228.409616,21591.267989,11929.923746,513.73293,2754.863394,11.865197,418.207544,9.980091,231.07416,9.386889,9.950642,6.243648,401,443,329,432,1605,1482,1314,1.356842
2001,KW,Kuwait,Tay A,Chau A khac,0,0,High income,4,118.679,1.991674,59587.563025,10.995202,0.094356,-0.264245,100.645372,113.571829,59,10,25.166667,95.533333,62.433333,16.519227,12.635937,3.264486,47.966351,4.569888,31.347165,4.149989,8.294142,2.863299,4,77,33,20,134,134,6,
2002,KW,Kuwait,Tay A,Chau A khac,0,0,High income,4,122.257,2.047364,59714.344884,10.997328,0.112158,-0.204052,121.040205,141.212786,54,9,18.166667,104.416667,50.86875,14.756002,8.873198,2.953173,51.000539,4.657921,24.845973,3.948716,7.207317,2.757221,4,104,35,21,164,164,5,0.212766
2003,KW,Kuwait,Tay A,Chau A khac,0,0,High income,4,143.439,2.101506,68255.336887,11.131011,0.105766,-0.266394,108.96934,139.0968,62,11,21.25,109.575,47.569697,18.657984,10.111796,3.102342,52.141179,4.705694,22.636003,3.883,8.878387,2.978484,2,66,41,19,128,128,6,14.303082
2004,KW,Kuwait,Tay A,Chau A khac,0,0,High income,4,158.127,2.153481,73428.555906,11.204068,0.100802,-0.554325,95.083735,144.597488,81,19,31.833333,128.784524,36.0,24.660051,14.782268,3.491444,59.802953,4.865876,16.71712,3.610918,11.451251,3.244935,5,82,36,5,128,128,6,7.579215
2005,KW,Kuwait,Tay A,Chau A khac,0,0,High income,4,174.903,2.235403,78242.267725,11.267565,0.098528,-0.441787,102.363497,149.758391,76,18,25.25,162.773611,68.0,39.264617,11.295502,3.267666,72.816226,5.098485,30.419571,4.234107,17.564894,3.695473,7,82,22,5,116,116,6,6.55564
2006,KW,Kuwait,Tay A,Chau A khac,0,0,High income,4,188.047,2.363409,79565.999791,11.284342,0.116924,-0.435487,114.402935,185.351295,78,17,29.0,152.291667,156.966667,45.083444,12.270411,3.401197,64.437288,5.032342,66.415363,5.062384,19.0756,3.830454,1,68,29,14,112,112,7,1.691838
2007,KW,Kuwait,Tay A,Chau A khac,0,0,High income,4,199.314,2.506769,79510.317863,11.283642,0.135625,-0.086433,126.554374,239.035499,59,13,42.216667,169.756782,282.279545,46.34555,16.841068,3.766226,67.719356,5.14024,112.606924,5.646434,18.488162,3.857473,7,83,32,51,173,173,6,-0.069982
2008,KW,Kuwait,Tay A,Chau A khac,0,0,High income,4,204.256,2.65093,77050.695416,11.252219,0.146115,-0.089998,139.830124,273.196563,60,13,47.9,164.74329,291.59483,67.68531,18.06913,3.889777,62.14547,5.11044,109.997182,5.678789,25.532666,4.229535,8,70,30,63,171,171,5,-3.093463
2009,KW,Kuwait,Tay A,Chau A khac,0,0,High income,4,189.803,2.79555,67894.689775,11.125713,0.147706,-0.048217,154.037255,247.804331,58,12,33.033333,175.668599,275.391451,48.583452,11.816399,3.52734,62.838654,5.174276,98.510651,5.621818,17.378853,3.903657,2,67,36,59,164,164,6,-11.883093
2010,KW,Kuwait,Tay A,Chau A khac,0,0,High income,4,185.304,2.943356,62956.706562,11.050203,0.161029,-0.027497,167.891754,288.826255,56,11,40.783333,177.021612,243.630952,55.221469,13.856065,3.732498,60.14278,5.181905,82.773185,5.499751,18.761397,4.029299,9,83,41,84,217,217,10,-7.273004
2011,KW,Kuwait,Tay A,Chau A khac,0,0,High income,4,203.146,3.143825,64617.464394,11.07624,0.145534,-0.250626,143.062292,285.337171,75,16,54.561111,210.976264,169.759716,75.340287,17.355009,4.017484,67.108145,5.356474,53.997826,5.140257,23.96453,4.335201,9,68,30,17,124,124,6,2.637936
2012,KW,Kuwait,Tay A,Chau A khac,0,0,High income,4,216.606,3.394663,63807.806548,11.063631,0.130531,-0.293715,136.271154,255.711841,74,15,62.65,182.184423,161.726706,99.61138,18.45544,4.153399,53.667897,5.210493,47.641461,5.092072,29.343525,4.611265,11,61,22,51,145,145,8,-1.253002
2013,KW,Kuwait,Tay A,Chau A khac,0,0,High income,4,219.096,3.646518,60083.619497,11.003493,0.166781,-0.11478,189.278184,321.02505,66,13,125.866667,212.135085,199.671694,83.774216,34.516946,4.843137,58.174699,5.361926,54.75681,5.30167,22.973756,4.439991,26,57,33,29,145,145,6,-5.83657
2014,KW,Kuwait,Tay A,Chau A khac,0,0,High income,4,220.193,3.761584,58537.307687,10.97742,0.151489,-0.342237,179.170422,291.777479,79,17,112.088095,206.70059,271.288708,77.946831,29.79811,4.728167,54.950412,5.336098,72.120869,5.606863,20.72181,4.368775,21,49,35,16,121,121,9,-2.5736
2015,KW,Kuwait,Tay A,Chau A khac,0,0,High income,4,221.498,3.908743,56667.322461,10.944953,0.162956,-0.332904,186.407552,308.297043,78,17,83.161111,219.44728,221.059068,41.79847,21.275666,4.432733,56.142673,5.395659,56.555028,5.402943,10.693584,3.756502,9,59,41,16,125,125,7,-3.194519
2016,KW,Kuwait,Tay A,Chau A khac,0,0,High income,4,227.98,4.048085,56317.987394,10.938769,0.162217,-0.386205,192.304272,303.555591,80,17,65.75,244.172525,240.120197,32.360727,16.242248,4.200954,60.318033,5.501962,59.316985,5.485296,7.994083,3.507379,13,68,48,12,141,141,7,-0.616467
2017,KW,Kuwait,Tay A,Chau A khac,0,0,High income,4,217.237,4.124904,52664.740804,10.871701,0.175295,-0.445538,207.948829,328.172603,87,19,72.7579,251.403895,412.61753,40.565227,17.638689,4.300788,60.947817,5.531031,100.03082,6.024942,9.834223,3.727264,7,71,52,39,169,169,7,-6.48682
2018,KW,Kuwait,Tay A,Chau A khac,0,0,High income,4,223.196,4.317185,51699.429142,10.853202,0.152138,-0.666483,188.076925,298.701239,93,25,50.875,283.733333,362.748431,51.154,11.784299,3.948837,65.721838,5.651553,84.024296,5.896463,11.848925,3.954201,9,71,44,14,138,138,4,-1.832937
2019,KW,Kuwait,Tay A,Chau A khac,0,0,High income,4,228.249,4.4411,51394.699511,10.84729,0.157536,-0.442984,197.255536,317.331039,82,19,65.192424,302.097194,280.889072,45.927623,14.679342,4.192566,68.023056,5.714054,63.247635,5.641514,10.341497,3.848606,9,71,37,13,130,130,5,-0.589426
2020,KW,Kuwait,Tay A,Chau A khac,0,0,High income,4,217.253,4.360444,49823.595946,10.816244,0.163514,-0.648212,209.353797,319.405826,92,23,55.333333,383.575516,373.552994,30.663649,12.689839,4.031286,87.967078,5.95214,85.668568,5.925733,7.032231,3.455169,6,96,49,12,163,163,6,-3.056937
2021,KW,Kuwait,Tay A,Chau A khac,0,0,High income,4,220.886,4.250114,51971.782404,10.858456,0.173913,-0.682092,243.576586,346.32807,93,25,55.633333,375.72832,487.896065,41.995145,13.089845,4.036598,88.404292,5.931524,114.795995,6.19215,9.880945,3.761087,5,104,50,22,181,181,7,4.311585
2022,KW,Kuwait,Tay A,Chau A khac,0,0,High income,4,235.815,4.268873,55240.575206,10.919453,0.189214,-0.452036,253.302039,364.58907,83,20,56.768182,379.562185,396.103584,61.482932,13.298166,4.056438,88.913909,5.94165,92.788796,5.984197,14.402614,4.134893,9,145,41,46,241,241,6,6.289553
2023,KW,Kuwait,Tay A,Chau A khac,0,0,High income,4,231.884,4.268873,54319.723262,10.902643,0.188076,-0.587308,259.489758,328.298406,90,21,34.3,427.507985,290.929535,45.83835,8.034908,3.563883,100.145398,6.060309,68.151368,5.676512,10.737811,3.846702,5,155,43,40,243,243,7,-1.666985
2001,KZ,Kazakhstan,Trung A,Chau A khac,0,0,Upper middle income,3,227.59,14.858335,15317.328624,9.63674,0.047782,-0.980779,30.327604,48.43936,100,26,28.25,11.75,5.714286,11.117781,1.90129,3.37588,0.790802,2.545531,0.384585,1.904237,0.748252,2.494674,8,6,56,2,72,72,16,
2002,KZ,Kazakhstan,Trung A,Chau A khac,0,0,Upper middle income,3,249.894,14.858948,16817.745106,9.73019,0.050393,-1.075057,30.699837,53.774249,100,27,54.666667,14.409524,9.6,12.387524,3.67904,4.019382,0.969754,2.734986,0.646075,2.360854,0.833674,2.594323,11,8,55,8,82,82,16,9.795549
2003,KZ,Kazakhstan,Trung A,Chau A khac,0,0,Upper middle income,3,273.134,14.909019,18320.051775,9.815751,0.069549,-0.4827,57.555582,83.258717,73,17,60.083333,17.966667,23.35357,15.264491,4.029999,4.112239,1.205087,2.942683,1.566406,3.192678,1.023843,2.788984,18,16,60,38,132,132,19,8.932866
2004,KZ,Kazakhstan,Trung A,Chau A khac,0,0,Upper middle income,3,299.355,15.012984,19939.740161,9.90047,0.067728,-0.776689,47.730082,86.535316,97,23,71.722222,19.7671,17.407143,19.31462,4.777346,4.286647,1.316667,3.03337,1.159473,2.912739,1.286528,3.011341,29,18,69,8,124,124,18,8.841069
2005,KZ,Kazakhstan,Trung A,Chau A khac,0,0,Upper middle income,3,328.393,15.147029,21680.35725,9.984162,0.091361,-0.338835,74.245305,130.237596,71,16,70.194444,23.66978,33.612763,24.295972,4.634205,4.265415,1.562668,3.205579,2.219099,3.544222,1.604009,3.230645,22,14,65,71,172,172,16,8.729387
2006,KZ,Kazakhstan,Trung A,Chau A khac,0,0,Upper middle income,3,363.531,15.308085,23747.647077,10.075239,0.080515,-0.31138,61.397303,121.708665,69,13,71.305556,23.622457,34.465624,31.420834,4.658032,4.280901,1.543136,3.203659,2.251465,3.568564,2.052565,3.478801,24,12,60,26,122,122,15,9.535313
2007,KZ,Kazakhstan,Trung A,Chau A khac,0,0,Upper middle income,3,395.885,15.484192,25567.042827,10.149059,0.092785,-0.234919,68.231052,156.399776,69,15,74.611111,31.11557,38.192576,39.577576,4.818534,4.325603,2.009506,3.469341,2.466553,3.668487,2.555999,3.703216,29,14,65,57,165,165,21,7.661373
2008,KZ,Kazakhstan,Trung A,Chau A khac,0,0,Upper middle income,3,408.949,15.776938,25920.682454,10.162796,0.075839,-0.575077,54.197758,132.076581,89,22,61.633333,39.179194,56.418997,53.658442,3.906546,4.137298,2.483321,3.693349,3.576042,4.050375,3.401068,4.001104,12,9,61,25,107,107,20,1.383185
2009,KZ,Kazakhstan,Trung A,Chau A khac,0,0,Upper middle income,3,413.857,16.092822,25716.869297,10.154902,0.080085,-0.669511,57.084717,128.658258,93,24,81.729861,51.411601,44.327262,35.350153,5.078653,4.415581,3.194691,3.959128,2.754474,3.813909,2.196641,3.593198,16,16,57,19,108,108,18,-0.786295
2010,KZ,Kazakhstan,Trung A,Chau A khac,0,0,Upper middle income,3,444.068,16.321872,27206.928225,10.211227,0.077236,-0.482479,61.728843,136.491189,84,20,74.433333,43.164225,42.188316,46.682818,4.560343,4.323249,2.644563,3.787915,2.584772,3.76557,2.860139,3.864571,16,14,50,22,102,102,13,5.794091
2011,KZ,Kazakhstan,Trung A,Chau A khac,0,0,Upper middle income,3,476.929,16.557202,28804.927306,10.268302,0.098159,-0.308018,81.264892,187.91718,78,17,82.1,60.969444,75.435553,67.704964,4.958567,4.420045,3.682352,4.126641,4.556057,4.336448,4.089155,4.229821,11,21,57,27,116,116,15,5.873501
2012,KZ,Kazakhstan,Trung A,Chau A khac,0,0,Upper middle income,3,499.822,16.79209,29765.324031,10.301099,0.112806,-0.363328,91.230503,207.935233,78,17,105.866667,91.792857,76.899121,68.158211,6.304556,4.671582,5.466434,4.53037,4.579485,4.355415,4.058947,4.236397,20,30,76,35,161,161,18,3.33414
2013,KZ,Kazakhstan,Trung A,Chau A khac,0,0,Upper middle income,3,529.811,17.035551,31100.314865,10.344973,0.131358,-0.259249,130.640007,251.962289,74,16,108.613194,102.754376,180.938776,60.580942,6.375678,4.696958,6.031761,4.642026,10.621246,5.20367,3.556148,4.120352,23,35,58,60,176,176,19,4.485054
2014,KZ,Kazakhstan,Trung A,Chau A khac,0,0,Upper middle income,3,552.063,17.288285,31932.779914,10.371388,0.128433,-0.25531,122.731784,250.538673,74,16,116.758333,130.706798,61.937486,50.957251,6.75361,4.768635,7.560426,4.880578,3.582628,4.142142,2.947502,3.950421,26,36,69,32,163,163,13,2.676709
2015,KZ,Kazakhstan,Trung A,Chau A khac,0,0,Upper middle income,3,558.688,17.542806,31847.128675,10.368703,0.134283,-0.244428,130.996119,257.084542,72,16,120.661111,171.208799,86.235057,31.653759,6.878096,4.801239,9.759488,5.148708,4.915693,4.468606,1.804373,3.48596,25,47,64,50,186,186,16,-0.268224
2016,KZ,Kazakhstan,Trung A,Chau A khac,0,0,Upper middle income,3,564.834,17.794055,31742.848946,10.365423,0.133314,-0.486251,126.183272,248.362592,89,21,106.169444,163.552509,119.18211,25.299679,5.966568,4.674411,9.191413,5.10323,6.697861,4.789008,1.421805,3.269557,15,36,69,49,169,169,17,-0.327438
2017,KZ,Kazakhstan,Trung A,Chau A khac,0,0,Upper middle income,3,587.992,18.037776,32597.810284,10.392,0.137024,-0.503677,132.735703,260.67743,93,24,107.088889,203.597874,111.422534,34.1884,5.936923,4.682954,11.287305,5.321046,6.177177,4.722264,1.895378,3.560716,16,46,76,43,181,181,16,2.693398
2018,KZ,Kazakhstan,Trung A,Chau A khac,0,0,Upper middle income,3,612.099,18.276452,33491.128366,10.419036,0.160627,-0.30909,172.351161,317.732139,76,15,122.394444,225.966388,110.87064,39.757568,6.696838,4.815386,12.3638,5.424802,6.066311,4.717343,2.175344,3.707642,22,61,73,58,214,214,16,2.740424
2019,KZ,Kazakhstan,Trung A,Chau A khac,0,0,Upper middle income,3,639.644,18.513673,34549.816236,10.450158,0.178381,-0.214743,187.696332,349.536329,73,15,145.925,323.33212,254.618112,40.618655,7.882012,4.989922,17.464504,5.781768,13.752977,5.543685,2.193981,3.728549,23,73,83,75,254,254,26,3.161099
2020,KZ,Kazakhstan,Trung A,Chau A khac,0,0,Upper middle income,3,623.653,18.755666,33251.44519,10.411854,0.178167,-0.277901,187.906822,349.140171,75,14,112.875,336.673816,185.435236,33.326997,6.018181,4.735101,17.950512,5.82208,9.886892,5.228084,1.776903,3.535932,20,73,74,86,253,253,18,-3.757968
2021,KZ,Kazakhstan,Trung A,Chau A khac,0,0,Upper middle income,3,650.47,19.000988,34233.483017,10.440959,0.189155,-0.345297,224.888837,383.767124,76,14,106.263258,400.47588,174.919239,39.813655,5.592512,4.675286,21.076582,5.995147,9.205797,5.170025,2.095347,3.709017,21,91,75,146,333,333,18,2.953369
2022,KZ,Kazakhstan,Trung A,Chau A khac,0,0,Upper middle income,3,671.285,19.621972,34210.883595,10.440299,0.186978,-0.334876,202.310781,362.238859,80,19,53.871429,504.098606,131.477131,53.575242,2.745465,4.004993,25.690517,6.224754,6.700506,4.88641,2.73037,3.99958,9,99,80,122,310,310,20,-0.066016
2023,KZ,Kazakhstan,Trung A,Chau A khac,0,0,Upper middle income,3,705.52,19.621972,35955.611393,10.49004,0.216385,-0.216348,244.020475,384.638354,71,16,63.347619,685.315561,124.931094,55.258583,3.228402,4.1643,34.925927,6.531338,6.366898,4.835735,2.816158,4.029959,9,111,79,126,325,325,24,5.09992
2001,LA,Lao People's Democratic Republic (the),Dong Nam A,ASEAN khac,1,0,Lower middle income,2,16.650761,5.519707,3016.602337,8.011886,0.015512,-2.574106,-12.030817,10.670858,185,46,0.666667,2.583333,0.0,0.390751,0.120779,0.510826,0.46802,1.276293,0.0,0.0,0.070792,0.329844,1,0,14,0,15,15,0,
2002,LA,Lao People's Democratic Republic (the),Dong Nam A,ASEAN khac,1,0,Lower middle income,2,17.636277,5.606101,3145.907807,8.053858,0.020149,-2.532237,-9.261071,15.346879,181,45,1.666667,4.194444,0.0,0.392926,0.297295,0.980829,0.748193,1.64759,0.0,0.0,0.070089,0.331407,0,3,11,0,14,14,1,4.286461
2003,LA,Lao People's Democratic Republic (the),Dong Nam A,ASEAN khac,1,0,Lower middle income,2,18.70627,5.689065,3288.109774,8.098068,0.018367,-2.713029,-14.490386,14.40572,186,47,2.333333,2.666667,0.0,0.417058,0.410144,1.203973,0.468735,1.299283,0.0,0.0,0.073309,0.348583,1,2,11,0,14,14,0,4.52022
2004,LA,Lao People's Democratic Republic (the),Dong Nam A,ASEAN khac,1,0,Lower middle income,2,19.895558,5.768167,3449.19936,8.145897,0.025622,-2.247121,-9.549897,24.724707,171,45,5.666667,6.284524,0.0,0.484585,0.982403,1.89712,1.089518,1.985752,0.0,0.0,0.08401,0.395135,0,7,14,0,21,21,0,4.899155
2005,LA,Lao People's Democratic Republic (the),Dong Nam A,ASEAN khac,1,0,Lower middle income,2,21.309648,5.85297,3640.826505,8.199966,0.039369,-1.011401,17.615542,50.545863,108,29,11.095238,10.209524,1.5,0.601788,1.895659,2.492812,1.744332,2.416764,0.25628,0.916291,0.102817,0.47112,0,7,14,8,29,29,0,5.555699
2006,LA,Lao People's Democratic Republic (the),Dong Nam A,ASEAN khac,1,0,Lower middle income,2,23.146384,5.946593,3892.377303,8.266775,0.027233,-2.287125,-8.821068,29.160078,171,44,8.309524,10.288889,0.0,1.015719,1.397359,2.231038,1.730216,2.423819,0.0,0.0,0.170807,0.700976,0,6,14,0,20,20,0,6.909167
2007,LA,Lao People's Democratic Republic (the),Dong Nam A,ASEAN khac,1,0,Lower middle income,2,24.904775,6.041348,4122.38705,8.324188,0.029215,-2.175183,-9.888066,37.521954,170,44,5.428571,9.763131,0.0,1.080623,0.89857,1.860752,1.616052,2.376127,0.0,0.0,0.178871,0.732667,0,6,11,0,17,17,0,5.909236
2008,LA,Lao People's Democratic Republic (the),Dong Nam A,ASEAN khac,1,0,Lower middle income,2,26.853549,6.135861,4376.492422,8.384003,0.032293,-2.325062,-11.93604,43.61486,177,46,7.142857,13.244444,0.0,1.263482,1.164117,2.097141,2.158531,2.656367,0.0,0.0,0.205918,0.816904,2,12,17,0,31,31,0,6.164035
2009,LA,Lao People's Democratic Republic (the),Dong Nam A,ASEAN khac,1,0,Lower middle income,2,28.868042,6.22993,4633.766669,8.441125,0.030106,-2.675897,-16.355138,34.098609,187,47,4.5,13.275,2.0,1.264828,0.72232,1.704748,2.130843,2.65851,0.321031,1.098612,0.203024,0.817499,1,3,21,0,25,25,1,5.878549
2010,LA,Lao People's Democratic Republic (the),Dong Nam A,ASEAN khac,1,0,Lower middle income,2,31.329593,6.323418,4954.534501,8.508058,0.040913,-2.274083,-7.191892,54.460094,175,46,9.178571,19.883929,0.0,2.176261,1.451521,2.320285,3.144491,3.03898,0.0,0.0,0.344159,1.155705,1,8,27,0,36,36,1,6.922399
2011,LA,Lao People's Democratic Republic (the),Dong Nam A,ASEAN khac,1,0,Lower middle income,2,33.84807,6.416327,5275.303111,8.570791,0.040668,-2.403513,-11.022775,57.641582,178,44,8.535714,20.221512,0.0,3.074132,1.330312,2.255044,3.151571,3.055015,0.0,0.0,0.479111,1.404658,1,12,25,0,38,38,2,6.474243
2012,LA,Lao People's Democratic Republic (the),Dong Nam A,ASEAN khac,1,0,Lower middle income,2,36.564749,6.508803,5617.737883,8.633684,0.038048,-2.382001,-14.585356,52.093123,176,45,13.72619,18.379401,1.0,3.144506,2.108866,2.689628,2.823776,2.964211,0.153638,0.693147,0.483116,1.421784,3,6,26,0,35,35,1,6.491281
2013,LA,Lao People's Democratic Republic (the),Dong Nam A,ASEAN khac,1,0,Lower middle income,2,39.499546,6.600742,5984.106898,8.696862,0.044889,-2.153903,-5.860796,65.476579,164,43,16.517857,24.608333,2.0,3.109713,2.502424,2.863221,3.728116,3.242918,0.302996,1.098612,0.471116,1.413353,3,6,35,0,44,44,2,6.521647
2014,LA,Lao People's Democratic Republic (the),Dong Nam A,ASEAN khac,1,0,Lower middle income,2,42.506237,6.691454,6352.316957,8.756575,0.049907,-1.835732,4.247255,77.975216,158,41,21.364011,22.593723,3.954464,3.783936,3.192731,3.107453,3.376504,3.160981,0.590972,1.600289,0.565488,1.565264,4,3,38,0,45,45,2,6.153133
2015,LA,Lao People's Democratic Republic (the),Dong Nam A,ASEAN khac,1,0,Lower middle income,2,45.596468,6.787419,6717.79186,8.812515,0.055057,-2.017768,0.430268,81.465113,163,43,20.745421,22.442027,8.25,3.829206,3.056452,3.079403,3.306416,3.15453,1.215484,2.224624,0.564162,1.574682,2,7,46,0,55,55,3,5.753411
2016,LA,Lao People's Democratic Republic (the),Dong Nam A,ASEAN khac,1,0,Lower middle income,2,48.798633,6.891363,7081.129438,8.865189,0.054832,-1.974573,0.537191,83.517103,160,43,6.899267,24.11131,2.952381,3.959575,1.001147,2.06677,3.498772,3.223318,0.428418,1.374318,0.574571,1.60132,1,7,40,0,48,48,3,5.408586
2017,LA,Lao People's Democratic Republic (the),Dong Nam A,ASEAN khac,1,0,Lower middle income,2,52.162094,6.997917,7453.945835,8.916499,0.048748,-2.209351,-10.294239,69.096914,169,44,5.166667,23.634608,6.0,4.537113,0.738315,1.819158,3.377378,3.204152,0.857398,1.94591,0.648352,1.711473,0,4,41,0,45,45,2,5.264928
2018,LA,Lao People's Democratic Republic (the),Dong Nam A,ASEAN khac,1,0,Lower middle income,2,55.421161,7.105006,7800.297574,8.961917,0.055552,-2.09491,4.926626,83.602828,165,43,5.47619,30.229286,1.0,5.457704,0.770751,1.868132,4.254646,3.441356,0.140746,0.693147,0.768149,1.865274,0,16,45,0,61,61,2,4.646556
2019,LA,Lao People's Democratic Republic (the),Dong Nam A,ASEAN khac,1,0,Lower middle income,2,58.445901,7.212053,8103.920093,9.000103,0.053352,-2.184617,-4.158866,75.964466,168,44,6.25,24.017652,3.333333,5.5145,0.866605,1.981001,3.33021,3.219582,0.462189,1.466337,0.764623,1.87403,0,9,49,1,59,59,3,3.892448
2020,LA,Lao People's Democratic Republic (the),Dong Nam A,ASEAN khac,1,0,Lower middle income,2,58.739903,7.319399,8025.235775,8.990346,0.061412,-1.743328,14.727019,96.745378,156,42,9.97619,22.746195,3.881356,4.479806,1.362979,2.395728,3.107659,3.167422,0.530283,1.585423,0.612046,1.70107,1,6,50,0,57,57,4,-0.970941
2021,LA,Lao People's Democratic Republic (the),Dong Nam A,ASEAN khac,1,0,Lower middle income,2,60.225054,7.425057,8111.056067,9.000983,0.049917,-1.861532,3.727841,80.657511,159,42,2.333333,20.98474,5.0,5.553623,0.314251,1.203973,2.826206,3.090349,0.673396,1.791759,0.747957,1.880018,0,7,50,0,57,57,5,1.06938
2022,LA,Lao People's Democratic Republic (the),Dong Nam A,ASEAN khac,1,0,Lower middle income,2,61.855603,7.529475,8215.12824,9.013733,0.044626,-1.931911,0.117965,67.416808,159,43,7.392857,19.857321,0.0,5.86684,0.981856,2.127381,2.637278,3.037705,0.0,0.0,0.779183,1.926704,0,4,48,0,52,52,8,1.28309
2023,LA,Lao People's Democratic Republic (the),Dong Nam A,ASEAN khac,1,0,Lower middle income,2,64.172517,7.529475,8522.840771,9.050505,0.050186,-1.915669,1.329721,70.91282,160,44,5.47619,25.39516,1.666667,5.485334,0.7273,1.868132,3.372766,3.273181,0.221352,0.980829,0.728515,1.869543,0,11,42,0,53,53,7,3.745681
2001,LB,Lebanon,Tay A,Chau A khac,0,0,Lower middle income,2,52.021561,4.3892,11852.173744,9.380267,0.130096,-0.710289,102.167315,134.896095,86,21,42.65,81.691667,144.183333,1.036191,9.717033,3.776203,18.611972,4.415119,32.84957,4.977997,0.236077,0.711081,11,59,43,25,138,138,1,
2002,LB,Lebanon,Tay A,Chau A khac,0,0,Lower middle income,2,53.802337,4.446666,12099.477895,9.400918,0.151149,-0.651717,130.874654,162.307549,79,20,51.266667,89.976923,189.173077,1.196606,11.529237,3.956359,20.234693,4.510606,42.542677,5.247935,0.269102,0.786914,6,72,55,37,170,170,3,2.086572
2003,LB,Lebanon,Tay A,Chau A khac,0,0,Lower middle income,2,55.538591,4.504807,12328.739335,9.419688,0.150699,-0.670696,125.436369,173.095171,81,20,57.65,94.45,128.0,1.560701,12.797441,4.071588,20.966492,4.558603,28.414092,4.859812,0.346452,0.940281,7,84,60,18,169,169,2,1.894804
2004,LB,Lebanon,Tay A,Chau A khac,0,0,Lower middle income,2,59.248261,4.574797,12951.014155,9.468929,0.163151,-0.536527,139.601405,206.403318,79,18,95.433333,118.568494,277.194444,2.043143,20.860671,4.568852,25.917761,4.783889,60.591638,5.62832,0.446608,1.112891,12,92,63,22,189,189,3,5.047352
2005,LB,Lebanon,Tay A,Chau A khac,0,0,Lower middle income,2,60.839538,4.643044,13103.373181,9.480625,0.182961,-0.412292,163.9063,240.640079,74,17,91.159524,125.812302,207.283081,2.074064,19.633569,4.523521,27.096944,4.842708,44.64379,5.338898,0.446704,1.123001,13,73,60,52,198,198,3,1.176425
2006,LB,Lebanon,Tay A,Chau A khac,0,0,Lower middle income,2,61.782256,4.719864,13089.838182,9.479591,0.197367,-0.475984,176.144114,271.684736,81,19,107.269048,186.125397,225.78757,2.139662,22.727148,4.684619,39.434483,5.231779,47.837728,5.424014,0.453331,1.144115,13,116,56,44,229,229,2,-0.103294
2007,LB,Lebanon,Tay A,Chau A khac,0,0,Lower middle income,2,67.534569,4.809608,14041.595208,9.549779,0.201594,-0.373709,169.330699,308.407092,79,21,109.445238,182.164359,285.210612,2.66378,22.755542,4.70452,37.875095,5.210384,59.300178,5.656728,0.553846,1.298495,13,96,59,30,198,198,2,7.270961
2008,LB,Lebanon,Tay A,Chau A khac,0,0,Lower middle income,2,73.659365,4.887613,15070.621447,9.620503,0.203924,-0.534347,179.35457,328.777128,86,20,123.885714,213.729203,259.040773,3.441761,25.346875,4.827399,43.728749,5.369378,52.999444,5.560838,0.70418,1.491051,12,106,67,32,217,217,3,7.328414
2009,LB,Lebanon,Tay A,Chau A khac,0,0,Lower middle income,2,81.196306,4.951135,16399.533876,9.705008,0.21423,-0.441964,202.055626,311.308645,80,19,121.535714,217.484069,306.822691,2.761143,24.547041,4.808403,43.926104,5.386713,61.970173,5.729524,0.557679,1.324723,11,108,74,45,238,238,2,8.817901
2010,LB,Lebanon,Tay A,Chau A khac,0,0,Lower middle income,2,87.671822,4.9958,17549.105576,9.772758,0.224052,-0.36213,207.174047,351.592026,73,15,123.803571,227.383287,340.814525,3.213609,24.781531,4.826741,45.51489,5.431025,68.22021,5.834268,0.643262,1.43832,19,98,65,64,246,246,4,7.009783
2011,LB,Lebanon,Tay A,Chau A khac,0,0,Lower middle income,2,88.432234,5.045056,17528.494096,9.771583,0.224439,-0.401372,208.70758,379.732036,83,20,109.009524,269.0217,341.241177,3.359255,21.607198,4.700567,53.323828,5.598502,67.638729,5.835516,0.665851,1.472301,15,117,55,74,261,261,2,-0.11745
2012,LB,Lebanon,Tay A,Chau A khac,0,0,Lower middle income,2,90.700337,5.178337,17515.340658,9.770832,0.221386,-0.440362,211.694017,368.005994,84,20,127.533333,291.50122,246.119257,3.179694,24.628241,4.856188,56.292439,5.678469,47.528629,5.509871,0.614038,1.430238,27,114,62,53,256,256,3,-0.07504
2013,LB,Lebanon,Tay A,Chau A khac,0,0,Lower middle income,2,94.172231,5.678851,16582.972637,9.716132,0.237051,-0.416363,251.458755,395.871699,81,18,139.483333,303.057722,278.35112,3.52186,24.561893,4.945089,53.366028,5.717218,49.015394,5.632469,0.620171,1.508923,29,118,64,45,256,256,3,-5.323151
2014,LB,Lebanon,Tay A,Chau A khac,0,0,Lower middle income,2,96.511526,6.274342,15381.935756,9.640949,0.241071,-0.435813,265.763221,411.000149,83,18,186.704365,367.427389,300.335182,2.979289,29.756804,5.234868,58.560306,5.909244,47.8672,5.708223,0.474837,1.381103,28,135,68,66,297,297,2,-7.242591
2015,LB,Lebanon,Tay A,Chau A khac,0,0,Lower middle income,2,96.957718,6.39894,15152.153076,9.625898,0.243752,-0.417459,271.120008,406.864498,80,19,158.479365,383.76801,370.506696,2.767673,24.766503,5.071915,59.973685,5.952641,57.901261,5.917567,0.432521,1.326458,23,162,58,55,298,298,2,-1.493848
2016,LB,Lebanon,Tay A,Chau A khac,0,0,Lower middle income,2,98.464974,6.258619,15732.699825,9.663497,0.251969,-0.398525,289.420709,419.612074,83,20,129.020726,468.000734,437.557785,2.335653,20.614887,4.867694,74.776997,6.150604,69.912833,6.083492,0.37319,1.204669,21,190,51,92,354,354,0,3.831447
2017,LB,Lebanon,Tay A,Chau A khac,0,0,Lower middle income,2,99.354141,6.109252,16262.89778,9.696642,0.248034,-0.422442,286.105559,423.081699,84,16,121.732937,459.923209,562.213078,2.47031,19.925997,4.810011,75.283064,6.133231,92.0265,6.333658,0.404355,1.244244,23,177,54,90,344,344,2,3.370038
2018,LB,Lebanon,Tay A,Chau A khac,0,0,Lower middle income,2,97.481608,5.950839,16381.153578,9.703887,0.245901,-0.515845,304.629934,434.424291,86,21,147.830159,521.919823,305.02393,2.673269,24.841902,5.002806,87.70525,6.259428,51.257298,5.723663,0.449226,1.301082,27,189,53,53,322,322,1,0.727151
2019,LB,Lebanon,Tay A,Chau A khac,0,0,Lower middle income,2,90.740828,5.781907,15693.927244,9.661029,0.261744,-0.467407,322.194434,458.215745,86,20,173.184524,609.691005,364.088609,2.81571,29.952838,5.160115,105.448082,6.414591,62.970333,5.90014,0.486986,1.339127,24,217,55,74,370,370,3,-4.195226
2020,LB,Lebanon,Tay A,Chau A khac,0,0,Lower middle income,2,71.322382,5.662923,12594.623247,9.441025,0.250141,-0.511246,312.560734,439.381024,89,20,151.8,617.920244,271.291755,2.538777,26.805945,5.02913,109.116837,6.427976,47.906665,5.606874,0.448316,1.263781,19,228,52,42,341,341,7,-19.748428
2021,LB,Lebanon,Tay A,Chau A khac,0,0,Lower middle income,2,66.328932,5.592631,11860.058625,9.380932,0.233999,-0.647496,318.302769,430.28181,87,21,116.561364,500.630948,304.072818,3.204354,20.841955,4.76696,89.516177,6.217865,54.370263,5.72055,0.57296,1.436121,19,200,50,66,335,335,7,-5.832367
2022,LB,Lebanon,Tay A,Chau A khac,0,0,Lower middle income,2,65.916579,5.489739,12007.233588,9.393265,0.237998,-0.557407,306.126115,419.69605,89,21,131.292605,504.430826,149.874546,2.991433,23.916001,4.885016,91.886122,6.225411,27.300851,5.016449,0.544914,1.38415,22,224,44,57,347,347,1,1.240929
2023,LB,Lebanon,Tay A,Chau A khac,0,0,Lower middle income,2,65.415227,5.489739,11915.908434,9.38563,0.250213,-0.554287,330.414218,401.220308,87,20,138.93373,753.629524,159.585563,2.937441,25.307894,4.941169,137.279664,6.626227,29.06979,5.078827,0.535078,1.370531,21,268,40,72,401,401,5,-0.760584
2001,LK,Sri Lanka,Nam A,Chau A khac,0,0,Lower middle income,2,122.111,18.920275,6453.97596,8.772452,0.077893,-1.334988,43.667703,73.088888,118,31,39.3,53.15,101.165583,5.885697,2.077137,3.696351,2.809156,3.991758,5.34694,4.626595,0.311079,1.929446,3,37,87,23,150,150,28,
2002,LK,Sri Lanka,Nam A,Chau A khac,0,0,Lower middle income,2,126.952,19.110707,6642.977677,8.801316,0.080608,-1.345462,45.334005,81.232219,112,31,40.107685,69.36859,83.082738,5.310645,2.098702,3.716195,3.629829,4.253747,4.347445,4.431801,0.277888,1.842238,7,34,83,18,142,142,15,2.928454
2003,LK,Sri Lanka,Nam A,Chau A khac,0,0,Lower middle income,2,134.493,19.30318,6967.401226,8.848998,0.081424,-1.456271,38.315039,88.184564,123,34,40.971609,97.825,30.333333,5.585099,2.122532,3.736993,5.067818,4.593351,1.571416,3.444682,0.289336,1.884809,14,49,81,4,148,148,12,4.883707
2004,LK,Sri Lanka,Nam A,Chau A khac,0,0,Lower middle income,2,141.817,19.490431,7276.237247,8.892369,0.09854,-1.08581,63.433006,122.079788,111,29,51.448161,92.019444,59.653175,6.371783,2.639663,3.959825,4.721263,4.532809,3.060639,4.105172,0.326919,1.99766,7,41,82,29,159,159,11,4.432586
2005,LK,Sri Lanka,Nam A,Chau A khac,0,0,Lower middle income,2,150.669,19.673866,7658.332124,8.94355,0.097062,-1.29363,61.815127,121.033251,123,33,80.463455,112.940152,66.483586,6.998787,4.089865,4.400155,5.740618,4.735673,3.379284,4.211884,0.35574,2.07929,9,56,87,7,159,159,13,5.25127
2006,LK,Sri Lanka,Nam A,Chau A khac,0,0,Lower middle income,2,162.222,19.870706,8163.877016,9.007474,0.098938,-1.219801,61.9232,131.540346,121,31,104.993192,108.411534,50.653924,7.444358,5.283818,4.663375,5.455847,4.695116,2.549176,3.944566,0.37464,2.133498,12,48,90,12,162,162,10,6.60124
2007,LK,Sri Lanka,Nam A,Chau A khac,0,0,Lower middle income,2,173.248,20.078655,8628.466399,9.062822,0.098639,-1.247225,55.236206,147.507462,122,33,115.463333,126.214181,45.857143,7.966606,5.750551,4.757576,6.285988,4.845872,2.283875,3.847103,0.39677,2.193507,14,53,88,4,159,159,11,5.690794
2008,LK,Sri Lanka,Nam A,Chau A khac,0,0,Lower middle income,2,183.557,20.285643,9048.616305,9.110367,0.105233,-1.13254,64.804642,170.822452,122,32,120.455,143.972594,101.747765,8.731373,5.937943,4.799544,7.097265,4.976545,5.015753,4.632277,0.430421,2.275355,15,49,81,15,160,160,8,4.869346
2009,LK,Sri Lanka,Nam A,Chau A khac,0,0,Lower middle income,2,190.053,20.482477,9278.809394,9.135489,0.111492,-1.149037,68.821937,164.529287,120,33,155.250476,169.949675,95.956533,8.033239,7.579673,5.05146,8.29732,5.141369,4.684811,4.574263,0.392201,2.200911,11,55,84,17,167,167,10,2.543959
2010,LK,Sri Lanka,Nam A,Chau A khac,0,0,Lower middle income,2,205.287,20.668557,9932.333447,9.203551,0.103753,-1.191561,61.407978,160.400979,124,32,120.68381,149.652092,95.996303,8.800479,5.839005,4.801426,7.240568,5.014973,4.644558,4.574673,0.425791,2.282431,11,35,84,12,142,142,11,7.043189
2011,LK,Sri Lanka,Nam A,Chau A khac,0,0,Lower middle income,2,223.084,20.859743,10694.474999,9.277483,0.102162,-1.300033,56.793607,171.289499,133,35,129.546017,180.80811,85.43127,10.412217,6.210336,4.871726,8.667801,5.202952,4.095509,4.45935,0.499154,2.434684,11,36,83,7,137,137,8,7.673338
2012,LK,Sri Lanka,Nam A,Chau A khac,0,0,Lower middle income,2,242.341,21.017147,11530.632583,9.352762,0.111521,-1.145123,70.719384,186.938375,122,34,144.095238,189.583499,103.183933,9.218374,6.85608,4.97739,9.02042,5.25009,4.909512,4.646158,0.438612,2.324187,12,46,87,6,151,151,9,7.818594
2013,LK,Sri Lanka,Nam A,Chau A khac,0,0,Lower middle income,2,252.161,21.131756,11932.799148,9.387046,0.104767,-1.406056,63.088413,176.082336,135,37,116.007215,196.662525,87.730556,9.862646,5.48971,4.762236,9.306492,5.286561,4.151598,4.485604,0.466722,2.38533,11,51,83,4,149,149,9,3.48781
2014,LK,Sri Lanka,Nam A,Chau A khac,0,0,Lower middle income,2,268.243,21.239457,12629.465998,9.443788,0.115905,-1.176043,80.399839,202.863964,125,35,133.075152,210.470088,142.337036,10.370704,6.265469,4.8984,9.909391,5.354084,6.701538,4.965199,0.488275,2.43104,13,42,90,5,150,150,8,5.838252
2015,LK,Sri Lanka,Nam A,Chau A khac,0,0,Lower middle income,2,279.525,21.336697,13100.668768,9.480419,0.123644,-1.048568,89.447987,211.455691,113,30,142.52416,247.321727,140.665733,9.400519,6.679767,4.966503,11.591378,5.514725,6.592667,4.95347,0.44058,2.341856,22,43,92,25,182,182,8,3.730979
2016,LK,Sri Lanka,Nam A,Chau A khac,0,0,Lower middle income,2,293.652,21.425494,13705.728325,9.525569,0.117928,-1.181986,88.513876,197.238252,127,33,107.437208,265.317507,134.274615,9.698097,5.014457,4.686171,12.383262,5.584689,6.267049,4.907307,0.452643,2.370066,17,43,95,9,164,164,8,4.618539
2017,LK,Sri Lanka,Nam A,Chau A khac,0,0,Lower middle income,2,312.624,21.506813,14536.044927,9.584387,0.122232,-1.170591,94.205268,207.072911,128,35,117.313983,263.846626,137.527198,10.40787,5.454736,4.773342,12.268049,5.579151,6.394588,4.931067,0.483934,2.434303,15,32,96,18,161,161,8,6.058172
2018,LK,Sri Lanka,Nam A,Chau A khac,0,0,Lower middle income,2,319.845,21.67,14759.806184,9.599663,0.122137,-1.197475,99.821106,219.019614,127,35,139.434416,311.820009,139.520125,8.980857,6.434445,4.944741,14.389479,5.745628,6.4384,4.945351,0.414437,2.300669,16,50,94,5,165,165,6,1.539354
2019,LK,Sri Lanka,Nam A,Chau A khac,0,0,Lower middle income,2,319.14,21.803,14637.435215,9.591338,0.126832,-1.065676,100.679778,227.568388,118,33,138.652469,297.031442,167.631322,10.4415,6.35933,4.939157,13.623421,5.697199,7.688452,5.127715,0.478902,2.437247,15,48,94,4,161,161,10,-0.829082
2020,LK,Sri Lanka,Nam A,Chau A khac,0,0,Lower middle income,2,304.382,21.919,13886.673662,9.538685,0.133158,-0.970002,114.485369,242.562222,111,30,111.306199,356.767308,153.720215,9.185737,5.078069,4.721229,16.276623,5.879883,7.013103,5.041618,0.419076,2.320988,22,51,97,14,184,184,8,-5.129051
2021,LK,Sri Lanka,Nam A,Chau A khac,0,0,Lower middle income,2,317.188,22.156,14316.122044,9.569142,0.132211,-1.154553,120.945203,241.476268,124,34,126.43705,383.511359,164.311918,10.824459,5.706673,4.847623,17.309594,5.951973,7.416136,5.107834,0.488557,2.47017,22,68,99,14,203,203,11,3.092522
2022,LK,Sri Lanka,Nam A,Chau A khac,0,0,Lower middle income,2,293.878,22.181,13249.087056,9.491684,0.129188,-1.060353,107.438002,229.911561,114,31,192.465919,370.766212,93.243254,10.99961,8.677062,5.265101,16.715487,5.918265,4.203744,4.545879,0.495902,2.484874,24,68,101,9,202,202,11,-7.45338
2023,LK,Sri Lanka,Nam A,Chau A khac,0,0,Lower middle income,2,287.031,22.181,12940.399441,9.468109,0.13708,-0.999485,120.038742,227.531197,111,27,145.249555,387.651677,103.397059,9.011796,6.548377,4.985314,17.476745,5.962684,4.661515,4.648202,0.406284,2.303764,25,63,103,12,203,203,10,-2.329878
2001,MM,Myanmar,Dong Nam A,ASEAN khac,1,0,Lower middle income,2,68.57943,46.014826,1490.376819,7.306784,0.021095,-2.725638,-16.51699,14.131105,191,47,0.0,11.729762,3.0,3.05797,0.0,0.0,0.254913,2.543943,0.065196,1.386294,0.066456,1.400683,0,2,31,0,33,33,6,
2002,MM,Myanmar,Dong Nam A,ASEAN khac,1,0,Lower middle income,2,76.826459,46.48023,1652.884647,7.410277,0.021436,-2.658561,-16.550246,15.795858,184,47,0.0,15.666667,1.0,3.037234,0.0,0.0,0.337061,2.813411,0.021515,0.693147,0.065345,1.39556,0,2,25,0,27,27,4,10.903808
2003,MM,Myanmar,Dong Nam A,ASEAN khac,1,0,Lower middle income,2,87.462311,46.924293,1863.902586,7.530428,0.021122,-2.623221,-14.171422,17.320557,184,46,0.0,15.125,1.0,2.926629,0.0,0.0,0.322328,2.780371,0.021311,0.693147,0.062369,1.367781,0,2,25,0,27,27,3,12.766646
2004,MM,Myanmar,Dong Nam A,ASEAN khac,1,0,Lower middle income,2,99.326278,47.338446,2098.215848,7.648843,0.023509,-2.608785,-18.576543,21.821432,184,47,1.416667,16.478968,4.0,3.838858,0.029926,0.882389,0.34811,2.860998,0.084498,1.609438,0.081094,1.576679,0,0,30,1,31,31,5,12.571111
2005,MM,Myanmar,Dong Nam A,ASEAN khac,1,0,Lower middle income,2,112.804,47.724471,2363.651134,7.767963,0.020367,-2.569974,-11.683262,19.934935,183,47,6.05,15.0,2.0,3.720113,0.126769,1.953028,0.314304,2.772589,0.041907,1.098612,0.07795,1.551833,0,2,23,0,25,25,4,12.650523
2006,MM,Myanmar,Dong Nam A,ASEAN khac,1,0,Lower middle income,2,127.554,48.088274,2652.496948,7.883257,0.020905,-2.397832,-9.38218,22.741052,174,46,10.916667,27.092857,0.0,4.391862,0.227013,2.477938,0.563398,3.335515,0.0,0.0,0.091329,1.684891,0,3,14,0,17,17,4,12.220323
2007,MM,Myanmar,Dong Nam A,ASEAN khac,1,0,Lower middle income,2,142.85,48.445647,2948.665336,7.989108,0.020799,-2.540401,-11.141749,24.438253,182,47,8.5,25.124242,2.0,4.567243,0.175454,2.251292,0.518607,3.262864,0.041283,1.098612,0.094276,1.7169,0,4,16,0,20,20,5,11.165645
2008,MM,Myanmar,Dong Nam A,ASEAN khac,1,0,Lower middle income,2,157.499,48.729486,3232.108789,8.08089,0.021733,-2.552037,-10.497049,27.52946,181,47,9.583333,21.189683,0.0,5.917172,0.196664,2.35928,0.434843,3.099627,0.0,0.0,0.121429,1.934007,0,1,21,0,22,22,3,9.612602
2009,MM,Myanmar,Dong Nam A,ASEAN khac,1,0,Lower middle income,2,174.116,49.015836,3552.239729,8.175334,0.023253,-2.564499,-13.90379,27.06828,184,46,13.833333,27.720833,2.25,5.407668,0.282222,2.696877,0.565549,3.357623,0.045904,1.178655,0.110325,1.857495,0,0,24,0,24,24,5,9.904708
2010,MM,Myanmar,Dong Nam A,ASEAN khac,1,0,Lower middle income,2,190.891,49.390988,3864.895353,8.25969,0.025457,-2.205622,-10.748688,34.930714,172,45,12.333333,26.060552,2.846154,7.343187,0.249708,2.590267,0.527638,3.298077,0.057625,1.347074,0.148675,2.121445,0,1,24,0,25,25,3,8.801648
2011,MM,Myanmar,Dong Nam A,ASEAN khac,1,0,Lower middle income,2,201.564,49.794522,4047.91515,8.305957,0.027007,-2.446288,-13.962935,38.787635,181,45,14.816667,30.8171,1.5,9.131783,0.297556,2.761064,0.618885,3.460004,0.030124,0.916291,0.183389,2.315677,0,3,27,0,30,30,4,4.73544
2012,MM,Myanmar,Dong Nam A,ASEAN khac,1,0,Lower middle income,2,216.344,50.218185,4308.080828,8.368248,0.027274,-2.447802,-17.713202,38.735145,179,46,24.416667,28.163889,2.75,7.666827,0.486212,3.235405,0.56083,3.372931,0.054761,1.321756,0.15267,2.159503,0,2,27,0,29,29,6,6.427152
2013,MM,Myanmar,Dong Nam A,ASEAN khac,1,0,Lower middle income,2,234.574,50.648334,4631.425784,8.44062,0.030351,-2.588646,-17.780517,41.919451,183,46,30.966667,28.909524,0.75,10.707634,0.611405,3.464694,0.570789,3.398177,0.014808,0.559616,0.211411,2.460241,2,2,42,0,46,46,7,7.505545
2014,MM,Myanmar,Dong Nam A,ASEAN khac,1,0,Lower middle income,2,253.738,51.072436,4968.198501,8.510813,0.027346,-2.75301,-22.490372,37.066643,188,47,27.716667,28.678968,3.0,23.753969,0.542693,3.357478,0.561535,3.390439,0.05874,1.386294,0.465103,3.208986,1,1,36,0,38,38,8,7.27147
2015,MM,Myanmar,Dong Nam A,ASEAN khac,1,0,Lower middle income,2,271.481,51.483949,5273.119201,8.570377,0.031473,-2.680923,-21.656859,41.295355,187,47,15.033333,37.03824,5.5,12.773943,0.292,2.77467,0.719413,3.638592,0.106829,1.871802,0.248115,2.622779,0,0,36,0,36,36,5,6.13745
2016,MM,Myanmar,Dong Nam A,ASEAN khac,1,0,Lower middle income,2,287.397,51.892349,5538.330901,8.619448,0.036549,-2.34616,-17.869813,49.941334,171,46,18.35,43.793074,13.75,11.093266,0.353617,2.962692,0.843922,3.802054,0.264972,2.691243,0.213775,2.492649,0,4,41,0,45,45,6,5.029503
2017,MM,Myanmar,Dong Nam A,ASEAN khac,1,0,Lower middle income,2,305.032,52.288341,5833.652286,8.671399,0.043004,-2.29009,-13.866362,60.212318,172,45,21.683333,59.506584,17.05,12.336155,0.414688,3.12163,1.138047,4.102752,0.326077,2.893146,0.235926,2.590479,0,3,43,0,46,46,12,5.332317
2018,MM,Myanmar,Dong Nam A,ASEAN khac,1,0,Lower middle income,2,324.154,52.666014,6154.899059,8.725004,0.045689,-2.419614,-11.856614,63.544893,178,46,11.966667,59.990278,6.0,15.410769,0.227218,2.562382,1.13907,4.110714,0.113925,1.94591,0.292613,2.797938,0,4,61,0,65,65,13,5.506786
2019,MM,Myanmar,Dong Nam A,ASEAN khac,1,0,Lower middle income,2,345.48,53.040212,6513.548626,8.78164,0.048794,-2.299737,-8.573269,67.775049,172,45,17.316667,74.044526,7.75,17.446795,0.326482,2.907811,1.396007,4.318082,0.146116,2.169054,0.328935,2.914891,0,2,65,0,67,67,16,5.827058
2020,MM,Myanmar,Dong Nam A,ASEAN khac,1,0,Lower middle income,2,314.22,53.423198,5881.714532,8.679604,0.052693,-2.088704,-0.837315,79.214485,171,45,25.816667,87.452684,4.666667,15.956117,0.483248,3.289024,1.63698,4.482468,0.087353,1.734601,0.298674,2.830629,0,4,69,0,73,73,15,-9.700305
2021,MM,Myanmar,Dong Nam A,ASEAN khac,1,0,Lower middle income,2,276.462,53.798084,5138.881898,8.544591,0.049162,-2.079831,-1.235414,78.247968,169,44,18.033333,69.648005,3.0,14.264996,0.335204,2.946192,1.294619,4.25771,0.055764,1.386294,0.265158,2.725562,0,2,64,0,66,66,9,-12.629525
2022,MM,Myanmar,Dong Nam A,ASEAN khac,1,0,Lower middle income,2,287.624,54.179306,5308.742788,8.57711,0.046487,-1.978529,-1.977987,67.794803,162,44,13.15,36.441483,15.959091,17.166978,0.242713,2.649715,0.672609,3.622779,0.294561,2.830804,0.316855,2.899606,0,3,67,0,70,70,7,3.305406
2023,MM,Myanmar,Dong Nam A,ASEAN khac,1,0,Lower middle income,2,290.381,54.179306,5359.629376,8.58665,0.047252,-1.935157,-4.358291,62.667315,162,45,14.866667,35.762732,37.128905,12.683792,0.274398,2.76422,0.660081,3.604485,0.685297,3.640973,0.234108,2.616212,0,1,71,1,73,73,7,0.958543
2001,MN,Mongolia,Dong A,Chau A khac,0,0,Upper middle income,3,14.306004,2.472601,5785.811802,8.663164,0.029999,-2.25309,0.977292,23.43732,169,42,1.5,9.416667,0.0,0.580452,0.606649,0.916291,3.808405,2.343407,0.0,0.0,0.234754,0.457711,0,11,18,0,29,29,2,
2002,MN,Mongolia,Dong A,Chau A khac,0,0,Upper middle income,3,14.983104,2.494617,6006.174149,8.700543,0.033071,-1.819663,6.940784,30.9421,150,41,1.5,9.683766,1.0,0.537145,0.601295,0.916291,3.881865,2.368725,0.400863,0.693147,0.215322,0.429927,0,7,18,1,26,26,1,3.808668
2003,MN,Mongolia,Dong A,Chau A khac,0,0,Upper middle income,3,16.032616,2.516454,6371.114207,8.75953,0.04082,-1.894836,12.049656,39.702287,152,42,3.0,17.336447,3.0,0.610823,1.192154,1.386294,6.889237,2.908891,1.192154,1.386294,0.242732,0.476745,1,11,23,2,37,37,1,6.076082
2004,MN,Mongolia,Dong A,Chau A khac,0,0,Upper middle income,3,17.736146,2.537949,6988.37776,8.852004,0.042966,-1.730533,18.080376,47.480728,147,41,3.666667,16.538828,3.666667,0.894705,1.444736,1.540445,6.516612,2.864417,1.444736,1.540445,0.352531,0.639063,1,16,20,1,38,38,3,9.688471
2005,MN,Mongolia,Dong A,Chau A khac,0,0,Upper middle income,3,19.022667,2.559255,7432.89241,8.91367,0.043859,-1.787543,15.068318,50.496278,153,44,11.666667,18.95119,2.0,0.881929,4.558618,2.538974,7.404964,2.993289,0.781477,1.098612,0.344604,0.632297,2,18,15,2,37,37,2,6.36077
2006,MN,Mongolia,Dong A,Chau A khac,0,0,Upper middle income,3,20.650291,2.581242,8000.137581,8.987214,0.042572,-1.980632,11.114394,51.105292,159,43,8.5,23.695833,1.5,1.491453,3.292988,2.251292,9.180012,3.206635,0.581116,0.916291,0.577804,0.912866,0,13,11,0,24,24,2,7.631554
2007,MN,Mongolia,Dong A,Chau A khac,0,0,Upper middle income,3,22.766536,2.605643,8737.39662,9.075368,0.041307,-1.673917,16.42682,59.190967,147,41,4.666667,21.60873,1.0,1.745836,1.790985,1.734601,8.293051,3.118336,0.383782,0.693147,0.670021,1.010086,2,16,13,1,32,32,4,9.21558
2008,MN,Mongolia,Dong A,Chau A khac,0,0,Upper middle income,3,24.792842,2.633887,9413.024113,9.14985,0.040829,-1.413864,18.531987,66.645888,139,37,11.823529,26.190675,3.958333,1.641073,4.489004,2.551282,9.943735,3.302874,1.502849,1.60107,0.623061,0.971185,4,13,12,0,29,29,1,7.732595
2009,MN,Mongolia,Dong A,Chau A khac,0,0,Upper middle income,3,24.47832,2.666713,9179.210554,9.124696,0.046052,-1.554381,23.832232,66.842126,141,38,4.598039,39.478701,0.5,1.315579,1.724235,1.722416,14.804256,3.700776,0.187497,0.405465,0.493334,0.83966,6,18,13,0,37,37,2,-2.483937
2010,MN,Mongolia,Dong A,Chau A khac,0,0,Upper middle income,3,26.036405,2.70252,9634.12103,9.173066,0.058525,-1.473953,38.974094,95.201002,136,37,13.398529,49.415545,6.25,2.439458,4.957791,2.667126,18.284988,3.9203,2.312656,1.981001,0.90266,1.235314,5,21,12,3,41,41,2,4.955878
2011,MN,Mongolia,Dong A,Chau A khac,0,0,Upper middle income,3,30.538302,2.743938,11129.370127,9.317343,0.06091,-1.159145,40.971608,106.828284,126,33,21.007353,37.243651,9.166667,3.496272,7.655914,3.091377,13.573066,3.643978,3.340697,2.319114,1.27418,1.503249,5,12,14,16,47,47,2,15.520348
2012,MN,Mongolia,Dong A,Chau A khac,0,0,Upper middle income,3,34.300565,2.792349,12283.767305,9.416034,0.05373,-1.591663,30.809445,91.636898,144,41,8.059524,52.091703,3.0,3.560652,2.886288,2.203817,18.655155,3.972021,1.074364,1.386294,1.275146,1.517466,2,13,12,0,27,27,1,10.372529
2013,MN,Mongolia,Dong A,Chau A khac,0,0,Upper middle income,3,38.296209,2.845153,13460.158192,9.507489,0.065343,-1.302321,57.37006,115.021711,131,35,13.285714,56.571549,13.6875,3.723021,4.669596,2.65926,19.883482,4.053028,4.810813,2.686997,1.308549,1.552449,2,9,13,5,29,29,3,9.576792
2014,MN,Mongolia,Dong A,Chau A khac,0,0,Upper middle income,3,41.315952,2.902823,14233.024861,9.56332,0.071605,-1.135845,61.730051,134.837194,121,32,33.466667,79.923266,15.691667,5.243883,11.529007,3.539993,27.532945,4.393501,5.405657,2.81491,1.806477,1.831602,3,18,14,2,37,37,3,5.741884
2015,MN,Mongolia,Dong A,Chau A khac,0,0,Upper middle income,3,42.299204,2.964749,14267.381065,9.565731,0.071387,-1.367201,54.658294,126.004458,135,37,53.38141,67.323396,11.766234,3.952569,18.005373,3.996022,22.707958,4.224252,3.968712,2.546804,1.333188,1.599906,1,14,19,1,35,35,3,0.241384
2016,MN,Mongolia,Dong A,Chau A khac,0,0,Upper middle income,3,42.929371,3.029555,14170.190249,9.558896,0.082794,-1.269641,73.347719,145.644109,131,34,20.5125,71.513171,14.116524,3.675957,6.770796,3.068634,23.605173,4.283768,4.659603,2.715788,1.213365,1.542434,0,17,25,3,45,45,5,-0.68121
2017,MN,Mongolia,Dong A,Chau A khac,0,0,Upper middle income,3,45.349246,3.09603,14647.547434,9.592028,0.086899,-1.13388,82.528165,159.032313,124,34,19.5,72.21704,5.453297,5.141068,6.298389,3.020425,23.325691,4.293428,1.761384,1.864591,1.660535,1.814999,1,14,21,0,36,36,1,3.368742
2018,MN,Mongolia,Dong A,Chau A khac,0,0,Upper middle income,3,48.861491,3.163991,15442.993127,9.644911,0.080522,-1.121161,81.318377,155.009524,122,34,28.083333,88.699741,24.245228,6.102297,8.875921,3.370165,28.034132,4.496468,7.662862,3.228637,1.928671,1.960418,1,10,19,8,38,38,1,5.430573
2019,MN,Mongolia,Dong A,Chau A khac,0,0,Upper middle income,3,51.598831,3.23243,15962.861172,9.67802,0.095659,-0.958035,99.949186,185.947,115,30,24.333333,103.774402,17.494083,6.018865,7.527876,3.232121,32.104145,4.651809,5.412053,2.917451,1.862025,1.948602,4,30,21,7,62,62,2,3.366368
2020,MN,Mongolia,Dong A,Chau A khac,0,0,Upper middle income,3,49.247085,3.294335,14949.021452,9.612401,0.10833,-1.006689,120.39308,206.53523,114,31,24.9,110.190068,25.069248,4.824347,7.55843,3.254243,33.448349,4.711241,7.609805,3.260756,1.464437,1.762047,4,21,17,15,57,57,3,-6.351241
2021,MN,Mongolia,Dong A,Chau A khac,0,0,Upper middle income,3,50.053146,3.347782,14951.136568,9.612543,0.093131,-1.094945,106.166637,183.357058,120,32,25.678205,105.153619,6.455556,6.241963,7.670214,3.283847,31.409936,4.664887,1.928308,2.008959,1.864507,1.979892,6,21,16,0,43,43,1,0.014149
2022,MN,Mongolia,Dong A,Chau A khac,0,0,Upper middle income,3,52.572175,3.398366,15469.839146,9.646648,0.10036,-0.900835,111.418837,191.196278,107,28,13.129167,146.634916,16.196372,7.985357,3.863376,2.648241,43.148653,4.994742,4.765929,2.844698,2.349764,2.195596,0,32,17,2,51,51,2,3.469319
2023,MN,Mongolia,Dong A,Chau A khac,0,0,Upper middle income,3,56.474142,3.398366,16618.028051,9.718243,0.11364,-1.129711,127.285888,198.945949,120,29,14.35,202.674144,16.01797,10.182173,4.222618,2.731115,59.638704,5.316521,4.713433,2.83427,2.996197,2.414321,4,45,18,1,68,68,2,7.422113
2001,MV,Maldives,Nam A,Chau A khac,0,0,Upper middle income,3,3.721662,0.287324,12952.840222,9.46907,0.019421,-2.400479,-11.128955,13.019094,177,45,0.5,1.333333,0.0,0.217457,1.740196,0.405465,4.640522,0.847298,0.0,0.0,0.756835,0.196764,0,1,10,0,11,11,0,
2002,MV,Maldives,Nam A,Chau A khac,0,0,Upper middle income,3,3.992167,0.292284,13658.519211,9.522119,0.020943,-2.620703,-15.732855,14.445296,182,46,0.0,1.333333,0.0,0.264169,0.0,0.0,4.561773,0.847298,0.0,0.0,0.90381,0.234415,0,0,10,0,10,10,0,5.448064
2003,MV,Maldives,Nam A,Chau A khac,0,0,Upper middle income,3,4.541092,0.297226,15278.244578,9.634185,0.024876,-1.55396,-0.460752,24.541505,132,37,0.0,2.866667,0.933333,0.223269,0.0,0.0,9.644737,1.352393,3.140147,0.659246,0.751175,0.201527,0,0,6,3,9,9,0,11.858719
2004,MV,Maldives,Nam A,Chau A khac,0,0,Upper middle income,3,4.810146,0.302135,15920.520026,9.675364,0.022149,-2.085872,-3.000006,23.49822,163,44,0.5,6.333333,0.0,0.22332,1.654889,0.405465,20.961932,1.99243,0.0,0.0,0.739139,0.201568,0,0,8,0,8,8,0,4.203856
2005,MV,Maldives,Nam A,Chau A khac,0,0,Upper middle income,3,4.272501,0.307018,13916.126621,9.540804,0.025351,-1.74407,7.897905,29.403491,148,43,0.0,5.741667,0.0,0.158728,0.0,0.0,18.701401,1.908307,0.0,0.0,0.516998,0.147323,0,0,6,0,6,6,0,-12.59
2006,MV,Maldives,Nam A,Chau A khac,0,0,Upper middle income,3,5.282105,0.314401,16800.53518,9.729166,0.020685,-1.729568,4.376772,25.089479,146,41,0.0,5.5,0.0,0.186959,0.0,0.0,17.493583,1.871802,0.0,0.0,0.594652,0.171395,0,1,6,0,7,7,0,20.727093
2007,MV,Maldives,Nam A,Chau A khac,0,0,Upper middle income,3,5.658898,0.325126,17405.24504,9.764527,0.024608,-2.237112,0.237377,30.123362,172,45,0.0,10.086601,0.571429,0.163898,0.0,0.0,31.023669,2.405737,1.75756,0.451985,0.504106,0.151775,0,3,5,0,8,8,0,3.599349
2008,MV,Maldives,Nam A,Chau A khac,0,0,Upper middle income,3,6.166866,0.336883,18305.661259,9.814966,0.021033,-2.255653,2.413164,27.623385,175,44,0.5,8.13511,0.0,0.18692,1.484195,0.405465,24.148177,2.212125,0.0,0.0,0.554852,0.171362,0,1,4,0,5,5,0,5.173246
2009,MV,Maldives,Nam A,Chau A khac,0,0,Upper middle income,3,5.652506,0.349037,16194.576389,9.692432,0.023991,-1.769761,11.484346,31.054494,151,42,0.0,11.7,2.0,0.107384,0.0,0.0,33.520802,2.541602,5.730052,1.098612,0.307658,0.102001,0,4,5,0,9,9,0,-11.532415
2010,MV,Maldives,Nam A,Chau A khac,0,0,Upper middle income,3,6.036055,0.361575,16693.785146,9.722792,0.039905,-0.753796,34.55047,65.843447,101,26,0.0,6.488095,3.503468,0.134493,0.0,0.0,17.943982,2.013314,9.689464,1.504848,0.371966,0.126186,0,1,4,23,28,28,0,3.082568
2011,MV,Maldives,Nam A,Chau A khac,0,0,Upper middle income,3,6.569849,0.37444,17545.800262,9.77257,0.023285,-1.891701,5.846763,36.376247,162,42,0.0,8.858333,4.0,0.187778,0.0,0.0,23.657551,2.288317,10.682619,1.609438,0.50149,0.172084,0,1,5,2,8,8,0,5.103786
2012,MV,Maldives,Nam A,Chau A khac,0,0,Upper middle income,3,6.726822,0.387539,17357.793881,9.761797,0.023924,-2.164717,5.581225,34.652075,169,43,0.0,11.607576,1.0,0.212546,0.0,0.0,29.95202,2.534298,2.580385,0.693147,0.54845,0.192722,0,2,5,0,7,7,0,-1.071518
2013,MV,Maldives,Nam A,Chau A khac,0,0,Upper middle income,3,7.196015,0.400728,17957.356074,9.795755,0.036629,-0.78978,33.077889,63.310413,100,27,3.333333,8.2,10.0553,0.220152,8.318194,1.466337,20.462758,2.219203,25.09258,2.40291,0.549379,0.198975,0,3,5,13,21,21,0,3.454138
2014,MV,Maldives,Nam A,Chau A khac,0,0,Upper middle income,3,7.761672,0.416738,18624.823237,9.832251,0.022444,-1.122054,16.644764,37.625787,119,30,9.833333,6.894048,1.714286,0.187572,23.59596,2.382628,16.542882,2.066109,4.113581,0.998529,0.450096,0.171911,1,3,5,1,10,10,0,3.716957
2015,MV,Maldives,Nam A,Chau A khac,0,0,Upper middle income,3,8.061904,0.435582,18508.348708,9.825977,0.028119,-1.10111,20.264207,46.254044,118,33,6.166667,7.087302,5.0,0.203347,14.157304,1.969441,16.270878,2.090295,11.478895,1.791759,0.46684,0.185107,1,1,4,0,6,6,0,-0.625373
2016,MV,Maldives,Nam A,Chau A khac,0,0,Upper middle income,3,8.575873,0.454252,18879.108328,9.845811,0.019517,-1.454573,11.791725,29.048166,138,38,4.666667,3.587302,1.9,0.239604,10.273299,1.734601,7.897162,1.523292,4.1827,1.064711,0.52747,0.214792,1,0,5,0,6,6,0,2.003202
2017,MV,Maldives,Nam A,Chau A khac,0,0,Upper middle income,3,9.182567,0.472442,19436.389478,9.874902,0.022248,-1.207173,14.055342,36.978743,130,36,4.0,7.788095,0.666667,0.34842,8.466648,1.609438,16.484765,2.173398,1.411108,0.510826,0.737487,0.298933,1,2,6,0,9,9,0,2.95184
2018,MV,Maldives,Nam A,Chau A khac,0,0,Upper middle income,3,9.969417,0.489758,20355.80181,9.921121,0.026336,-1.087214,20.666981,46.164868,119,32,3.833333,6.714881,0.965517,0.249064,7.826995,1.575536,13.71061,2.043151,1.971417,0.675755,0.508545,0.222395,1,1,5,0,7,7,0,4.730366
2019,MV,Maldives,Nam A,Chau A khac,0,0,Upper middle income,3,10.659605,0.504508,21128.714451,9.958388,0.028125,-1.115714,20.344679,49.174636,122,34,1.5,7.125392,1.505,0.218874,2.973194,0.916291,14.123447,2.094994,2.983104,0.918289,0.433837,0.197928,1,1,6,0,8,8,0,3.797014
2020,MV,Maldives,Nam A,Chau A khac,0,0,Upper middle income,3,7.151654,0.514438,13901.877703,9.539779,0.033329,-1.209748,26.194589,60.153739,127,35,1.0,12.303218,2.755,0.189248,1.943869,0.693147,23.915841,2.588006,5.355359,1.323088,0.367874,0.173321,2,0,5,0,7,7,0,-34.203864
2021,MV,Maldives,Nam A,Chau A khac,0,0,Upper middle income,3,9.834087,0.521457,18858.865274,9.844738,0.03847,-1.151289,37.544352,74.049392,123,33,3.166667,10.566912,6.666667,0.214611,6.072728,1.427116,20.264205,2.448149,12.784691,2.036882,0.411561,0.194424,3,1,5,0,9,9,0,35.656964
2022,MV,Maldives,Nam A,Chau A khac,0,0,Upper middle income,3,11.193757,0.523787,21370.81872,9.969782,0.029042,-1.856748,12.166203,45.393978,155,42,1.5,13.433283,0.4,0.534812,2.86376,0.916291,25.64646,2.669537,0.763669,0.336472,1.021049,0.428408,2,1,5,0,8,8,0,13.319749
2023,MV,Maldives,Nam A,Chau A khac,0,0,Upper middle income,3,11.722818,0.523787,22380.887376,10.015963,0.02948,-1.487794,18.886845,45.035988,137,37,1.4,15.869639,0.0,0.231219,2.672842,0.875469,30.297887,2.825516,0.0,0.0,0.441438,0.208005,2,2,2,0,6,6,0,4.726392
2001,MY,Malaysia,Dong Nam A,ASEAN khac,1,0,Upper middle income,3,427.864,23.542517,18174.097527,9.807753,0.244456,-0.039214,231.998635,241.782049,42,6,389.109583,218.763095,285.807051,114.715247,16.527952,5.966428,9.292256,5.39255,12.140038,5.65881,4.872684,4.751132,43,100,204,98,445,445,114,
2002,MY,Malaysia,Dong Nam A,ASEAN khac,1,0,Upper middle income,3,450.93,24.142445,18677.892815,9.835096,0.266868,0.036814,246.846759,276.102152,41,6,488.57506,290.334932,307.919905,119.012259,20.237182,6.193538,12.025913,5.674474,12.754297,5.733082,4.929586,4.787594,49,108,216,148,521,521,120,2.772051
2003,MY,Malaysia,Dong Nam A,ASEAN khac,1,0,Upper middle income,3,477.032,24.739411,19282.269897,9.866941,0.282819,0.136275,247.318736,306.137507,32,5,507.54172,346.054293,570.466039,133.053369,20.515513,6.231547,13.987976,5.849481,23.058998,6.348205,5.378195,4.898238,63,113,210,169,555,555,132,3.235788
2004,MY,Malaysia,Dong Nam A,ASEAN khac,1,0,Upper middle income,3,509.391,25.333247,20107.607998,9.908854,0.291678,0.167461,237.573393,347.607138,38,6,703.623929,418.254605,546.534322,155.435688,27.774723,6.557664,16.510106,6.038478,21.573797,6.305425,6.13564,5.052645,54,134,222,189,599,598,132,4.280295
2005,MY,Malaysia,Dong Nam A,ASEAN khac,1,0,Upper middle income,3,536.553,25.923536,20697.523671,9.937769,0.300555,0.172455,240.190849,363.31144,36,6,876.219751,486.727219,680.020524,167.047402,33.800163,6.776758,18.775495,6.189756,26.231781,6.523592,6.443851,5.124246,56,123,235,176,590,590,135,2.933793
2006,MY,Malaysia,Dong Nam A,ASEAN khac,1,0,Upper middle income,3,566.518,26.509413,21370.446792,9.969764,0.308175,0.145505,252.422066,389.948176,41,7,1132.558952,657.837434,660.677385,185.329936,42.722898,7.033117,24.81524,6.490477,24.922369,6.494778,6.991099,5.227519,71,151,244,141,607,607,128,3.251225
2007,MY,Malaysia,Dong Nam A,ASEAN khac,1,0,Upper middle income,3,602.202,27.092604,22227.542247,10.009087,0.311941,0.139585,230.964818,434.736448,40,8,1250.998377,772.558102,823.479576,199.664792,46.174904,7.132496,28.515461,6.651001,30.394995,6.714752,7.369716,5.301636,68,139,246,136,589,589,132,4.010658
2008,MY,Malaysia,Dong Nam A,ASEAN khac,1,0,Upper middle income,3,631.299,27.664296,22819.991515,10.035392,0.330364,0.133621,239.611118,484.986994,44,7,1308.516488,956.900938,716.721649,199.068475,47.29983,7.177413,34.589745,6.864744,25.907822,6.576082,7.195863,5.29866,68,165,273,127,633,633,120,2.665384
2009,MY,Malaysia,Dong Nam A,ASEAN khac,1,0,Upper middle income,3,621.744,28.217204,22034.217139,10.000352,0.347559,0.149073,266.320325,453.560731,41,8,1384.633345,1534.218031,795.901853,176.470008,49.070537,7.233913,54.371724,7.336428,28.206262,6.680732,6.253986,5.178802,74,203,263,164,704,704,153,-3.44336
2010,MY,Malaysia,Dong Nam A,ASEAN khac,1,0,Upper middle income,3,667.908,28.717731,23257.687037,10.054391,0.346708,0.108001,274.693743,485.563279,44,9,1484.450325,2052.623302,874.207907,217.928151,51.691073,7.303473,71.475818,7.627361,30.441399,6.774461,7.588627,5.388744,82,223,266,137,708,708,160,5.552591
2011,MY,Malaysia,Dong Nam A,ASEAN khac,1,0,Upper middle income,3,703.266,29.184133,24097.54643,10.089865,0.366775,0.159779,270.036841,550.458895,45,9,1611.61596,2744.214116,800.374172,245.916325,55.222335,7.385613,94.031031,7.917614,27.424977,6.686328,8.426371,5.50905,79,255,263,148,745,745,170,3.611105
2012,MY,Malaysia,Dong Nam A,ASEAN khac,1,0,Upper middle income,3,741.759,29.660212,25008.553546,10.126973,0.366823,0.143275,276.562512,538.959069,45,9,1857.258301,3184.917623,705.525569,244.88264,62.617836,7.527395,107.380137,8.066496,23.786936,6.560359,8.256267,5.504854,82,272,271,121,746,746,165,3.780497
2013,MY,Malaysia,Dong Nam A,ASEAN khac,1,0,Upper middle income,3,776.576,30.134807,25770.067152,10.156969,0.364587,0.105496,312.728982,546.880816,46,9,1818.082249,3751.468342,793.454351,241.067371,60.331637,7.506087,124.489543,8.230169,26.330162,6.677656,7.999632,5.489216,84,272,277,113,746,745,194,3.045013
2014,MY,Malaysia,Dong Nam A,ASEAN khac,1,0,Upper middle income,3,823.222,30.606459,26897.002361,10.19977,0.373551,0.124347,327.147144,561.754969,49,9,1891.815342,4272.868632,1049.189585,239.35983,61.810984,7.545821,139.606762,8.360275,34.280006,6.956726,7.820566,5.482137,87,273,285,163,808,808,184,4.373039
2015,MY,Malaysia,Dong Nam A,ASEAN khac,1,0,Upper middle income,3,865.137,31.068833,27845.815773,10.234438,0.37709,0.130354,332.270469,548.632818,45,6,2047.236403,4269.610165,1352.460157,202.431082,65.893573,7.624734,137.424221,8.359512,43.53109,7.21042,6.515568,5.315327,74,267,293,146,780,779,193,3.527581
2016,MY,Malaysia,Dong Nam A,ASEAN khac,1,0,Upper middle income,3,903.634,31.526418,28662.755153,10.263354,0.378158,0.119827,341.314704,546.350585,48,8,1857.608555,4574.16798,1434.334442,187.453727,58.922284,7.527583,145.09,8.428399,45.496271,7.269153,5.945925,5.238852,65,281,289,158,793,792,188,2.933796
2017,MY,Malaysia,Dong Nam A,ASEAN khac,1,0,Upper middle income,3,956.159,31.975806,29902.576967,10.3057,0.374385,0.148522,338.859534,556.42753,47,7,1885.401951,4086.477325,1704.191967,212.516659,58.963391,7.542427,127.79904,8.315683,53.296294,7.441433,6.646171,5.363715,67,272,268,166,773,772,179,4.32555
2018,MY,Malaysia,Dong Nam A,ASEAN khac,1,0,Upper middle income,3,1002.47,32.399271,30941.128274,10.339842,0.376011,0.157726,368.540274,578.365622,45,8,1841.771778,4250.45088,1448.109985,236.678308,56.846087,7.519026,131.189707,8.355016,44.695758,7.278705,7.30505,5.470918,80,272,266,150,768,767,193,3.473116
2019,MY,Malaysia,Dong Nam A,ASEAN khac,1,0,Upper middle income,3,1046.71,32.80402,31907.979571,10.370611,0.380988,0.151434,356.931636,585.819796,48,8,1755.700643,4581.586504,1596.428839,223.002573,53.520899,7.471193,139.665398,8.430019,48.665646,7.376151,6.798026,5.411658,77,276,281,171,805,805,201,3.124809
2020,MY,Malaysia,Dong Nam A,ASEAN khac,1,0,Upper middle income,3,989.59,33.199993,29806.933995,10.302496,0.380751,0.141885,381.634155,577.546872,51,8,1821.815645,5119.802585,2406.712543,216.828942,54.873977,7.508138,154.210954,8.541066,72.491357,7.786432,6.530994,5.38371,79,291,256,178,804,804,204,-6.584703
2021,MY,Malaysia,Dong Nam A,ASEAN khac,1,0,Upper middle income,3,1022.4,33.573874,30452.249865,10.323915,0.377188,0.140131,423.687891,599.622106,47,8,1857.655928,5154.134165,2151.672153,261.373326,55.330402,7.527609,153.516218,8.547748,64.087694,7.674465,7.785021,5.569768,72,294,258,173,797,796,234,2.164986
2022,MY,Malaysia,Dong Nam A,ASEAN khac,1,0,Upper middle income,3,1113.0,33.938221,32794.883385,10.398028,0.373809,0.135203,389.842286,568.024657,47,8,1879.816811,4813.461182,1845.987955,288.979885,55.389374,7.539461,141.830097,8.479379,54.392596,7.521311,8.51488,5.669812,84,298,253,160,795,795,218,7.692809
2023,MY,Malaysia,Dong Nam A,ASEAN khac,1,0,Upper middle income,3,1152.57,33.938221,33960.825466,10.432963,0.380003,0.138446,401.096145,530.212759,49,8,1555.529582,4995.133555,1619.127973,250.097354,45.834152,7.350214,147.183129,8.51642,47.708098,7.39026,7.369195,5.525841,72,297,252,169,790,788,216,3.555256
2001,NP,Nepal,Nam A,Chau A khac,0,0,Lower middle income,2,60.216815,24.956071,2412.912469,7.78859,0.03252,-1.782868,4.583973,31.895021,147,40,11.333333,33.440909,0.0,0.759345,0.454131,2.512306,1.339991,3.539245,0.0,0.0,0.030427,0.564941,0,13,26,0,39,39,6,
2002,NP,Nepal,Nam A,Chau A khac,0,0,Lower middle income,2,60.289161,25.332178,2379.943852,7.774832,0.040815,-1.443375,17.174182,44.023757,121,34,9.45,39.566667,2.666667,0.579442,0.373043,2.346602,1.561913,3.702947,0.105268,1.299283,0.022874,0.457072,0,19,24,14,57,57,3,-1.366341
2003,NP,Nepal,Nam A,Chau A khac,0,0,Lower middle income,2,62.667591,25.682908,2440.050459,7.799774,0.039631,-1.739851,7.612804,43.105841,141,39,13.366667,44.587121,1.0,0.749148,0.52045,2.664911,1.736062,3.819625,0.038936,0.693147,0.029169,0.559129,0,23,29,0,52,52,1,2.525547
2004,NP,Nepal,Nam A,Chau A khac,0,0,Lower middle income,2,65.602066,26.003965,2522.771667,7.833113,0.038416,-1.616812,11.734309,47.531816,141,39,16.766667,54.644444,0.0,0.656242,0.644773,2.877324,2.101389,4.018982,0.0,0.0,0.025236,0.504551,1,21,18,0,40,40,2,3.390143
2005,NP,Nepal,Nam A,Chau A khac,0,0,Lower middle income,2,67.884481,26.28511,2582.621141,7.85656,0.037332,-1.600891,11.545301,48.284141,138,40,27.6,52.083333,0.0,0.633002,1.050024,3.353407,1.981477,3.971863,0.0,0.0,0.024082,0.49042,1,20,18,0,39,39,2,2.37237
2006,NP,Nepal,Nam A,Chau A khac,0,0,Lower middle income,2,70.168532,26.518971,2645.974916,7.880795,0.039384,-1.60738,15.096881,54.805484,140,40,33.566667,67.741296,0.0,0.566894,1.265761,3.54289,2.554447,4.23035,0.0,0.0,0.021377,0.449095,1,24,17,0,42,42,1,2.45308
2007,NP,Nepal,Nam A,Chau A khac,0,0,Lower middle income,2,72.562374,26.713655,2716.302723,7.907027,0.043388,-1.560417,17.278753,67.950028,139,39,32.466667,76.28952,3.0,0.681439,1.215358,3.51055,2.855825,4.347558,0.112302,1.386294,0.025509,0.51965,3,25,19,0,47,47,3,2.657917
2008,NP,Nepal,Nam A,Chau A khac,0,0,Lower middle income,2,76.992045,26.881544,2864.122868,7.960017,0.044274,-1.56622,16.593476,74.996405,142,39,20.616667,89.09329,1.666667,0.821657,0.766945,3.073465,3.314292,4.500846,0.062,0.980829,0.030566,0.599746,2,23,23,0,48,48,2,5.441961
2009,NP,Nepal,Nam A,Chau A khac,0,0,Lower middle income,2,80.482155,27.026941,2977.84921,7.998957,0.04853,-1.489009,22.366253,73.176388,138,35,33.733333,93.508766,5.196078,0.698516,1.248137,3.5477,3.459835,4.548693,0.192256,1.823917,0.025845,0.529755,1,21,22,1,45,45,2,3.970721
2010,NP,Nepal,Nam A,Chau A khac,0,0,Lower middle income,2,84.358509,27.161567,3105.804213,8.041028,0.05326,-1.468282,28.703985,87.65399,135,36,39.433333,126.874675,10.658654,0.771587,1.451806,3.699655,4.67111,4.851051,0.392417,2.456049,0.028407,0.571876,0,16,22,2,40,40,1,4.296893
2011,NP,Nepal,Nam A,Chau A khac,0,0,Lower middle income,2,87.245096,27.266399,3199.729308,8.070821,0.048864,-1.572602,23.396034,86.700862,147,41,49.891667,114.729762,0.0,0.784481,1.829786,3.929699,4.207734,4.751258,0.0,0.0,0.028771,0.579127,2,19,18,0,39,39,2,3.02418
2012,NP,Nepal,Nam A,Chau A khac,0,0,Lower middle income,2,91.319566,27.330694,3341.282363,8.11411,0.054263,-1.387581,32.117481,97.10864,133,38,46.254167,151.085934,3.759615,0.5894,1.692389,3.855541,5.528068,5.024446,0.13756,1.560167,0.021566,0.463357,3,24,18,0,45,45,2,4.423907
2013,NP,Nepal,Nam A,Chau A khac,0,0,Lower middle income,2,94.53872,27.381555,3452.642496,8.146895,0.056639,-1.620785,35.932143,101.26321,144,40,62.881349,187.007675,9.0,0.6399,2.296486,4.157027,6.829695,5.236483,0.328688,2.302585,0.02337,0.494636,3,32,19,0,54,54,0,3.332856
2014,NP,Nepal,Nam A,Chau A khac,0,0,Lower middle income,2,100.222,27.462106,3649.465194,8.202336,0.0606,-1.651708,36.588063,109.256081,150,40,89.866682,230.361156,4.0,0.849208,3.272389,4.509393,8.388328,5.44398,0.145655,1.609438,0.030923,0.614758,3,39,23,0,65,65,2,5.700639
2015,NP,Nepal,Nam A,Chau A khac,0,0,Lower middle income,2,104.207,27.610325,3774.204034,8.235945,0.064802,-1.474569,46.050108,116.181223,142,39,97.509554,295.741137,6.71627,0.684604,3.531634,4.590154,10.711252,5.69286,0.243252,2.043331,0.024795,0.52153,3,37,22,1,63,63,1,3.418003
2016,NP,Nepal,Nam A,Chau A khac,0,0,Lower middle income,2,104.658,27.861186,3756.408647,8.231219,0.06023,-1.523066,43.686006,105.446948,141,39,81.221078,296.125333,0.333333,0.616142,2.915205,4.409412,10.628598,5.694154,0.011964,0.287682,0.022115,0.480042,5,38,19,0,62,62,2,-0.4715
2017,NP,Nepal,Nam A,Chau A khac,0,0,Lower middle income,2,114.054,28.183426,4046.84654,8.305693,0.060946,-1.611977,37.705117,110.572062,141,38,95.381471,292.352127,5.75,0.603341,3.384311,4.568314,10.373193,5.681374,0.204021,1.909543,0.021408,0.47209,3,43,18,0,64,64,1,7.731797
2018,NP,Nepal,Nam A,Chau A khac,0,0,Lower middle income,2,122.747,28.506712,4305.898204,8.367741,0.062527,-1.607849,45.51145,116.582979,143,37,108.630815,293.265984,1.0,0.622675,3.81071,4.697118,10.287612,5.684484,0.035079,0.693147,0.021843,0.484076,4,49,19,0,72,72,1,6.401322
2019,NP,Nepal,Nam A,Chau A khac,0,0,Lower middle income,2,130.918,28.832496,4540.640533,8.420823,0.0626,-1.734957,40.230992,116.19206,152,41,104.895162,351.311323,9.22381,0.820996,3.638088,4.66245,12.184562,5.864515,0.31991,2.324719,0.028475,0.599383,1,52,21,0,74,74,2,5.451646
2020,NP,Nepal,Nam A,Chau A khac,0,0,Lower middle income,2,127.816,29.348627,4355.093,8.379101,0.065553,-1.72795,42.350877,120.627602,154,41,85.354457,457.574284,3.801948,0.716778,2.908295,4.45846,15.590995,6.128122,0.129544,1.569022,0.024423,0.540449,4,59,18,0,81,81,2,-4.086374
2021,NP,Nepal,Nam A,Chau A khac,0,0,Lower middle income,2,134.0,30.034989,4461.463262,8.403232,0.066964,-1.670946,48.04131,131.419292,152,41,68.01482,424.235855,6.5,1.362957,2.26452,4.234321,14.124722,6.052644,0.216414,2.014903,0.045379,0.859914,0,62,18,0,80,80,5,2.442434
2022,NP,Nepal,Nam A,Chau A khac,0,0,Lower middle income,2,141.546,30.54758,4633.624006,8.441095,0.068363,-1.600977,43.965988,127.504981,139,39,75.047222,344.794394,1.5,0.966314,2.456732,4.331354,11.287126,5.845844,0.049104,0.916291,0.031633,0.676161,0,45,18,0,63,63,4,3.85884
2023,NP,Nepal,Nam A,Chau A khac,0,0,Lower middle income,2,144.352,30.54758,4725.480709,8.460725,0.070708,-1.69605,46.2796,120.577026,147,42,77.750794,390.783089,4.5,0.69829,2.545236,4.366288,12.792604,5.970708,0.147311,1.704748,0.022859,0.529622,1,46,18,0,65,65,1,1.982394
2001,OM,Oman,Tay A,Chau A khac,0,0,High income,4,100.477,2.374653,42312.287311,10.652833,0.062226,-1.187982,26.544743,65.889623,112,29,8.383333,31.625,9.0,12.416087,3.53034,2.238935,13.317735,3.485079,3.790027,2.302585,5.22859,2.596454,1,31,59,2,93,93,4,
2002,OM,Oman,Tay A,Chau A khac,0,0,High income,4,99.688716,2.403659,41473.734869,10.632816,0.08282,-1.038392,50.761541,94.161747,98,26,3.916667,54.866667,16.208333,13.422641,1.62946,1.592631,22.82631,4.022968,6.743192,2.845394,5.584253,2.668799,0,50,74,10,134,134,4,-1.981818
2003,OM,Oman,Tay A,Chau A khac,0,0,High income,4,97.500882,2.4316,40097.418179,10.599067,0.07082,-1.031694,42.120095,86.705807,101,28,5.7,62.068687,8.0,11.000074,2.344136,1.902108,25.525862,4.144224,3.290015,2.197225,4.523801,2.484913,1,46,35,12,94,94,3,-3.318526
2004,OM,Oman,Tay A,Chau A khac,0,0,High income,4,99.443602,2.468855,40279.239506,10.603591,0.080474,-1.055925,46.907179,106.547024,108,28,9.366667,63.661111,14.602564,15.184819,3.793931,2.338596,25.785682,4.16916,5.914711,2.747435,6.150551,2.784074,2,49,61,8,120,120,4,0.453449
2005,OM,Oman,Tay A,Chau A khac,0,0,High income,4,102.208,2.515192,40636.261566,10.612416,0.090945,-0.95722,58.222445,127.108826,104,26,16.45,75.969298,11.333333,20.240213,6.540256,2.85934,30.204175,4.343407,4.505952,2.512306,8.047184,3.055896,4,58,72,2,136,136,4,0.886367
2006,OM,Oman,Tay A,Chau A khac,0,0,High income,4,106.98,2.560649,41778.471005,10.640136,0.080404,-1.056173,50.298212,118.738576,115,29,23.15,69.055128,13.833333,23.22699,9.040677,3.184284,26.967823,4.249282,5.402276,2.696877,9.070743,3.187467,3,30,64,1,98,98,5,2.810813
2007,OM,Oman,Tay A,Chau A khac,0,0,High income,4,112.309,2.6057,43101.277968,10.671308,0.095139,-1.001996,61.180018,155.223885,113,30,6.0,91.060411,34.833333,23.410869,2.302644,1.94591,34.946621,4.522445,13.368129,3.578879,8.984484,3.195028,2,42,69,3,116,116,5,3.166241
2008,OM,Oman,Tay A,Chau A khac,0,0,High income,4,122.361,2.651028,46156.057197,10.739783,0.100094,-0.897325,66.685334,178.603096,108,26,18.533333,90.230134,26.0,32.284202,6.990999,2.972122,34.035904,4.513385,9.807516,3.295837,12.177994,3.505083,5,39,66,2,112,112,6,7.087445
2009,OM,Oman,Tay A,Chau A khac,0,0,High income,4,129.68,2.697537,48073.483329,10.780486,0.106124,-0.862828,83.210729,167.343671,105,27,14.2,111.832082,38.331863,22.978913,5.264061,2.721295,41.457108,4.725901,14.209949,3.672035,8.518479,3.177175,2,38,80,5,125,125,5,4.154224
2010,OM,Oman,Tay A,Chau A khac,0,0,High income,4,132.886,2.881914,46110.328067,10.738792,0.113602,-0.932482,90.998755,192.371453,116,29,12.033333,123.662302,36.333333,31.617576,4.175466,2.56751,42.909782,4.825608,12.607362,3.619887,10.971034,3.484851,4,40,76,3,123,123,5,-4.083655
2011,OM,Oman,Tay A,Chau A khac,0,0,High income,4,136.732,3.20687,42637.213233,10.660483,0.123089,-0.905558,98.263774,224.987149,112,28,20.45,157.916522,46.336842,43.845216,6.376935,3.065725,49.243194,5.068379,14.449242,3.857289,13.672277,3.803217,2,59,68,7,136,136,7,-7.532184
2012,OM,Oman,Tay A,Chau A khac,0,0,High income,4,148.851,3.535579,42100.883618,10.647824,0.121802,-0.994045,95.054328,221.609575,113,29,19.116667,172.038649,38.777778,41.999213,5.406941,3.001549,48.659258,5.153515,10.967872,3.683308,11.87902,3.761182,1,64,70,4,139,139,9,-1.257891
2013,OM,Oman,Tay A,Chau A khac,0,0,High income,4,156.633,3.81668,41039.070606,10.62228,0.124283,-1.127267,111.332604,224.661164,118,31,8.416667,194.178608,38.982353,44.088367,2.205232,2.242481,50.876313,5.273915,10.213681,3.688438,11.551497,3.808624,1,58,68,3,130,130,10,-2.522068
2014,OM,Oman,Tay A,Chau A khac,0,0,High income,4,158.657,4.009267,39572.570248,10.585891,0.129745,-1.036914,118.235128,237.153718,116,29,12.0,214.570225,28.308436,42.497677,2.993066,2.564949,53.518567,5.373287,7.060751,3.377875,10.599862,3.772708,0,60,75,0,135,135,15,-3.573425
2015,OM,Oman,Tay A,Chau A khac,0,0,High income,4,166.617,4.191776,39748.545724,10.590329,0.135035,-1.079218,129.039722,240.546176,114,31,15.5,231.362252,48.692593,29.080056,3.697717,2.80336,55.194326,5.448298,11.61622,3.905856,6.937407,3.403862,2,61,85,3,151,151,10,0.444691
2016,OM,Oman,Tay A,Chau A khac,0,0,High income,4,175.025,4.39807,39795.865004,10.591518,0.147659,-1.023263,148.772963,262.129535,117,30,15.083333,251.998214,60.487581,24.720494,3.429535,2.777784,57.297454,5.533382,13.75321,4.118835,5.620759,3.247288,0,67,91,10,168,168,14,0.119047
2017,OM,Oman,Tay A,Chau A khac,0,0,High income,4,175.557,4.541854,38653.157939,10.562384,0.16377,-0.93742,161.112089,296.229695,113,30,12.130952,250.43612,75.924521,27.01608,2.670925,2.574972,55.139624,5.527189,16.716636,4.342825,5.948249,3.332779,1,90,94,9,194,194,13,-2.871422
2018,OM,Oman,Tay A,Chau A khac,0,0,High income,4,177.816,4.601157,38645.931882,10.562197,0.158878,-0.951397,177.584391,297.019783,114,29,16.488095,264.25294,108.557111,34.418757,3.583467,2.86152,57.431846,5.580684,23.593438,4.696446,7.480457,3.567242,0,86,91,12,189,189,16,-0.018695
2019,OM,Oman,Tay A,Chau A khac,0,0,High income,4,175.81,4.602768,38196.58084,10.550501,0.158501,-0.928904,166.0954,298.383299,113,29,23.833333,290.131834,90.86453,32.612658,5.178044,3.212187,63.034208,5.673776,19.74128,4.520315,7.085445,3.514903,3,91,95,8,197,197,13,-1.162738
2020,OM,Oman,Tay A,Chau A khac,0,0,High income,4,169.868,4.543399,37387.867541,10.529102,0.177996,-0.957749,198.03103,324.191955,109,29,29.25,383.563816,81.793333,28.383148,6.437911,3.409496,84.422217,5.95211,18.002675,4.416348,6.247118,3.380421,6,128,108,15,257,257,17,-2.11724
2021,OM,Oman,Tay A,Chau A khac,0,0,High income,4,174.254,4.520471,38547.753099,10.559653,0.188105,-0.926527,234.888661,349.345936,106,28,44.2,422.88248,97.757676,43.751306,9.777742,3.811097,93.548323,6.049456,21.625551,4.592669,9.678484,3.801121,6,149,109,0,264,264,18,3.102305
2022,OM,Oman,Tay A,Chau A khac,0,0,High income,4,188.169,4.576298,41118.170189,10.624205,0.167343,-1.045712,190.055449,293.997807,111,30,32.733333,414.574071,62.35,57.773026,7.152798,3.518486,90.591581,6.029661,13.62455,4.148675,12.624402,4.073683,4,161,93,10,268,268,21,6.668137
2023,OM,Oman,Tay A,Chau A khac,0,0,High income,4,190.403,4.576298,41606.337699,10.636008,0.177133,-1.014858,210.726797,285.923116,112,28,37.642308,458.651901,85.222222,46.69777,8.225493,3.654348,100.223347,6.130469,18.622525,4.456928,10.204268,3.864885,9,157,91,16,273,273,21,1.187231
2001,PH,Philippines,Dong Nam A,ASEAN khac,1,0,Lower middle income,2,388.969,79.626086,4884.944364,8.493913,0.077712,-1.058231,42.618843,77.137621,105,28,104.31947,83.842063,51.333333,42.0202,1.310117,4.656998,1.052947,4.440791,0.64468,3.957634,0.527719,3.76167,1,11,88,2,102,101,36,
2002,PH,Philippines,Dong Nam A,ASEAN khac,1,0,Lower middle income,2,403.424,81.285572,4963.045594,8.509775,0.086426,-0.882532,55.615842,93.359557,88,22,155.344892,121.084463,57.071429,46.850669,1.9111,5.052064,1.489618,4.804713,0.70211,4.061674,0.576371,3.868085,0,19,81,4,104,104,41,1.598815
2003,PH,Philippines,Dong Nam A,ASEAN khac,1,0,Lower middle income,2,423.946,82.942837,5111.303343,8.53921,0.082522,-0.967624,43.218324,93.558592,97,26,182.051613,122.872709,42.875,50.449697,2.194905,5.209768,1.481414,4.819254,0.516922,3.781345,0.608247,3.940605,1,20,75,1,97,96,38,2.987233
2004,PH,Philippines,Dong Nam A,ASEAN khac,1,0,Lower middle income,2,451.796,84.607501,5339.904792,8.582963,0.08382,-0.841511,51.418976,107.761094,101,24,230.558333,114.418133,46.575758,53.358676,2.725034,5.444832,1.35234,4.748561,0.550492,3.862323,0.630661,3.995604,0,14,72,0,86,85,32,4.472469
2005,PH,Philippines,Dong Nam A,ASEAN khac,1,0,Lower middle income,2,474.126,86.26125,5496.396122,8.611848,0.08624,-0.860501,50.264834,115.470878,100,25,238.360714,148.802814,91.425397,53.544281,2.763242,5.477972,1.725025,5.00932,1.059866,4.526402,0.620722,3.999013,0,14,68,5,87,85,31,2.930602
2006,PH,Philippines,Dong Nam A,ASEAN khac,1,0,Lower middle income,2,499.332,87.901835,5680.564006,8.644806,0.089319,-0.705083,56.707086,128.095784,99,25,239.22381,144.869841,195.339564,54.421183,2.721488,5.481571,1.648087,4.982715,2.222247,5.279846,0.619113,4.014962,3,10,73,1,87,87,27,3.350703
2007,PH,Philippines,Dong Nam A,ASEAN khac,1,0,Lower middle income,2,531.885,89.561377,5938.776488,8.689258,0.090597,-0.675729,53.225169,147.052036,96,25,273.029762,159.831462,142.643161,56.159107,3.048521,5.613237,1.784603,5.080357,1.592686,4.967332,0.627046,4.045839,6,12,59,0,77,77,26,4.545543
2008,PH,Philippines,Dong Nam A,ASEAN khac,1,0,Lower middle income,2,554.993,91.252326,6081.960037,8.713082,0.092385,-0.632744,56.609414,162.509997,94,23,281.436447,188.931732,157.39311,53.282216,3.084156,5.643454,2.070432,5.246665,1.724812,5.06508,0.5839,3.994197,2,14,59,0,75,75,27,2.410994
2009,PH,Philippines,Dong Nam A,ASEAN khac,1,0,Lower middle income,2,563.031,92.946951,6057.552119,8.709061,0.093874,-0.653725,58.359334,149.085798,92,23,323.268315,211.712721,164.853464,42.564067,3.477987,5.781571,2.27778,5.359943,1.77363,5.111105,0.457939,3.774233,2,10,58,1,71,71,27,-0.401317
2010,PH,Philippines,Dong Nam A,ASEAN khac,1,0,Lower middle income,2,604.327,94.6367,6385.757322,8.761825,0.09512,-0.584765,62.391591,164.280665,91,23,259.283445,215.002665,191.086508,42.401964,2.739777,5.561771,2.271874,5.375291,2.019159,5.257946,0.44805,3.770505,2,10,61,1,74,74,21,5.418116
2011,PH,Philippines,Dong Nam A,ASEAN khac,1,0,Lower middle income,2,627.643,96.337913,6515.015537,8.781865,0.091619,-0.728168,52.749697,169.898924,100,26,292.455688,235.920065,171.034091,45.070766,3.035728,5.681727,2.448881,5.467723,1.775356,5.147693,0.46784,3.830179,1,6,62,0,69,69,20,2.024164
2012,PH,Philippines,Dong Nam A,ASEAN khac,1,0,Lower middle income,2,670.931,98.032317,6843.977787,8.831124,0.108769,-0.480069,71.970798,200.338038,87,23,337.964398,256.616959,243.576856,55.533299,3.447479,5.825895,2.617677,5.551474,2.484659,5.49953,0.56648,4.03483,1,13,71,3,88,88,24,5.049293
2013,PH,Philippines,Dong Nam A,ASEAN khac,1,0,Lower middle income,2,716.223,99.700107,7183.773634,8.87958,0.102784,-0.620268,74.407434,189.885041,91,22,393.677645,291.5579,269.281356,54.114863,3.948618,5.978069,2.924349,5.678663,2.700913,5.599463,0.542776,4.009419,1,8,64,0,73,73,25,4.964888
2014,PH,Philippines,Dong Nam A,ASEAN khac,1,0,Lower middle income,2,761.688,101.325201,7517.26118,8.924957,0.110251,-0.51227,79.848148,211.574177,84,19,423.300054,329.479264,337.013334,58.784656,4.177638,6.050441,3.251701,5.800544,3.326056,5.823085,0.580158,4.090749,1,8,70,7,86,86,30,4.642233
2015,PH,Philippines,Dong Nam A,ASEAN khac,1,0,Lower middle income,2,810.043,103.031365,7862.101021,8.969809,0.106701,-0.475132,80.783608,199.556618,83,20,417.92375,327.771848,357.76496,55.636502,4.056277,6.037689,3.181282,5.795364,3.472389,5.882667,0.539996,4.036654,0,7,72,3,82,82,21,4.587307
2016,PH,Philippines,Dong Nam A,ASEAN khac,1,0,Lower middle income,2,867.956,104.875266,8276.079128,9.021125,0.109276,-0.391872,87.43605,206.387299,82,19,388.156203,384.413455,348.272573,53.963015,3.701122,5.963981,3.665435,5.954317,3.320827,5.855853,0.514545,4.006661,1,13,71,1,86,86,27,5.26549
2017,PH,Philippines,Dong Nam A,ASEAN khac,1,0,Lower middle income,2,928.114,106.738501,8695.212986,9.070528,0.110609,-0.393887,87.83768,213.059977,81,15,404.126613,369.763191,290.360619,64.755942,3.786137,6.0042,3.464197,5.915564,2.720299,5.674562,0.606678,4.18595,0,8,73,0,81,81,30,5.064401
2018,PH,Philippines,Dong Nam A,ASEAN khac,1,0,Lower middle income,2,986.97,108.568836,9090.730235,9.115011,0.109277,-0.398208,95.465811,219.235958,77,16,346.323788,354.9945,358.113169,64.253227,3.189901,5.850257,3.269764,5.874915,3.29849,5.883638,0.59182,4.178275,1,8,70,0,79,79,23,4.548678
2019,PH,Philippines,Dong Nam A,ASEAN khac,1,0,Lower middle income,2,1047.36,110.380804,9488.60637,9.157847,0.112006,-0.379505,93.813809,227.739181,78,16,378.021685,430.701324,506.791555,64.969655,3.424705,5.937593,3.901959,6.067734,4.591302,6.230071,0.588596,4.189195,1,11,74,0,86,86,27,4.376724
2020,PH,Philippines,Dong Nam A,ASEAN khac,1,0,Lower middle income,2,947.668,112.190977,8446.918151,9.041557,0.112938,-0.400292,96.755758,231.38811,85,17,332.42299,534.309851,461.454598,59.389521,2.96301,5.809412,4.762503,6.282846,4.113117,6.136548,0.529361,4.100816,0,9,56,0,65,65,25,-10.978306
2021,PH,Philippines,Dong Nam A,ASEAN khac,1,0,Lower middle income,2,1001.82,113.880328,8797.129562,9.082181,0.115572,-0.37013,113.952306,247.192979,78,16,380.760219,555.264436,392.815177,67.241338,3.343512,5.944793,4.875859,6.321244,3.449368,5.975882,0.590456,4.223051,0,16,62,0,78,78,29,4.146026
2022,PH,Philippines,Dong Nam A,ASEAN khac,1,0,Lower middle income,2,1077.77,115.559009,9326.577039,9.140623,0.118173,-0.320459,105.732519,242.97337,78,17,339.810357,509.765252,348.052821,67.738,2.940579,5.831326,4.411298,6.23591,3.011906,5.855223,0.586177,4.230302,0,13,63,0,76,76,27,6.018412
2023,PH,Philippines,Dong Nam A,ASEAN khac,1,0,Lower middle income,2,1137.25,115.559009,9841.292426,9.194342,0.118987,-0.311619,108.678169,226.021703,78,17,310.006448,572.568574,253.839657,57.889119,2.682668,5.739814,4.954772,6.351877,2.196624,5.540635,0.500949,4.075656,1,13,60,0,74,74,28,5.518803
2001,PK,Pakistan,Nam A,Chau A khac,0,0,Lower middle income,2,566.961,159.217727,3560.916304,8.177773,0.045228,-1.436782,9.283409,45.825992,125,34,49.002381,143.722258,20.916667,9.175293,0.30777,3.912071,0.902677,4.974816,0.131371,3.087247,0.057627,2.319963,0,3,33,0,36,36,21,
2002,PK,Pakistan,Nam A,Chau A khac,0,0,Lower middle income,2,581.673,163.262807,3562.801661,8.178302,0.049346,-1.379448,12.776497,52.784743,116,32,61.533333,201.370635,23.5,9.346016,0.376897,4.1357,1.233414,5.310101,0.14394,3.198673,0.057245,2.336601,0,8,33,0,41,41,23,0.052946
2003,PK,Pakistan,Nam A,Chau A khac,0,0,Lower middle income,2,613.091,166.87668,3673.916571,8.209014,0.05687,-1.347889,20.416815,64.793978,120,32,81.166667,223.942532,18.367949,14.042185,0.486387,4.40875,1.341964,5.415845,0.110069,2.96362,0.084147,2.710859,0,8,42,0,50,49,27,3.118751
2004,PK,Pakistan,Nam A,Chau A khac,0,0,Lower middle income,2,661.103,170.64862,3874.060042,8.262058,0.058262,-1.319326,22.28427,71.647673,124,34,63.589103,291.528847,32.652564,14.568502,0.372632,4.168046,1.708357,5.678563,0.191344,3.516089,0.085371,2.74525,0,4,43,0,47,47,29,5.447687
2005,PK,Pakistan,Nam A,Chau A khac,0,0,Lower middle income,2,709.209,174.372098,4067.216075,8.310714,0.063232,-1.291049,25.953258,82.734512,121,32,105.563942,355.459414,55.894073,17.358988,0.605395,4.668745,2.038511,5.87622,0.320545,4.041191,0.099551,2.910119,0,7,41,0,48,47,29,4.985881
2006,PK,Pakistan,Nam A,Chau A khac,0,0,Lower middle income,2,752.128,178.069984,4223.777546,8.348485,0.066461,-1.255619,28.365211,93.762142,123,32,111.82033,508.983135,43.291999,18.150269,0.627957,4.725797,2.858332,6.234378,0.243118,3.790804,0.101928,2.952317,0,10,40,0,50,50,28,3.849352
2007,PK,Pakistan,Nam A,Chau A khac,0,0,Lower middle income,2,785.558,181.924521,4318.043525,8.370558,0.069954,-1.164842,27.266884,109.9033,118,31,111.921039,651.695015,61.384127,19.153304,0.615206,4.726689,3.582227,6.48111,0.337415,4.133311,0.105282,3.003368,0,14,38,0,52,50,38,2.231793
2008,PK,Pakistan,Nam A,Chau A khac,0,0,Lower middle income,2,802.216,185.931955,4314.56766,8.369752,0.076329,-1.035424,37.768496,133.751146,119,31,173.164105,793.00763,77.96627,22.181343,0.931331,5.159998,4.265042,6.677093,0.419327,4.369021,0.119298,3.143348,0,16,37,0,53,50,36,-0.080496
2009,PK,Pakistan,Nam A,Chau A khac,0,0,Lower middle income,2,830.073,190.123222,4365.973768,8.381597,0.077436,-1.164182,38.257726,118.848062,121,34,167.735038,866.458608,78.031343,19.70611,0.882244,5.12833,4.557353,6.765568,0.410425,4.369845,0.103649,3.030429,0,13,42,0,55,51,36,1.191454
2010,PK,Pakistan,Nam A,Chau A khac,0,0,Lower middle income,2,842.538,194.454498,4332.828547,8.373976,0.078963,-1.198411,37.612532,131.142144,125,33,139.775758,1065.379805,67.070563,23.032239,0.71881,4.947168,5.478813,6.972025,0.344916,4.220545,0.118445,3.179396,0,14,43,0,57,52,35,-0.759171
2011,PK,Pakistan,Nam A,Chau A khac,0,0,Lower middle income,2,865.119,198.602738,4356.027559,8.379316,0.085759,-1.157724,42.557723,154.87356,125,32,177.293308,1305.70426,63.180885,27.028023,0.892703,5.18343,6.574452,7.175263,0.318127,4.161705,0.136091,3.333205,0,20,44,0,64,60,38,0.535424
2012,PK,Pakistan,Nam A,Chau A khac,0,0,Lower middle income,2,891.312,202.205861,4407.943447,8.391164,0.087121,-1.16602,43.636733,153.089594,125,35,170.547139,1367.461609,87.606532,24.705514,0.843433,5.144858,6.76272,7.221442,0.433254,4.484206,0.12218,3.246706,0,19,46,0,65,61,42,1.191817
2013,PK,Pakistan,Nam A,Chau A khac,0,0,Lower middle income,2,930.234,205.337562,4530.267093,8.418536,0.087652,-1.263398,49.166423,159.297792,125,33,173.140156,1721.89513,59.16461,25.094254,0.843198,5.15986,8.38568,7.451761,0.288133,4.097084,0.12221,3.261715,0,19,45,0,64,62,40,2.775073
2014,PK,Pakistan,Nam A,Chau A khac,0,0,Lower middle income,2,968.526,208.251628,4650.748757,8.444784,0.091912,-1.156335,57.627077,171.689106,124,34,198.62764,1902.239565,120.255937,23.853862,0.953787,5.296454,9.134332,7.551313,0.577455,4.797903,0.114543,3.213013,0,14,43,0,57,55,33,2.659483
2015,PK,Pakistan,Nam A,Chau A khac,0,0,Lower middle income,2,1009.38,210.969298,4784.487646,8.473134,0.096272,-1.096044,63.51888,176.118105,116,32,202.059005,2234.305032,190.986311,21.385327,0.957765,5.313497,10.590664,7.712133,0.90528,5.257424,0.101367,3.108406,0,21,46,0,67,63,38,2.875642
2016,PK,Pakistan,Nam A,Chau A khac,0,0,Lower middle income,2,1075.73,213.52484,5037.96186,8.524757,0.09437,-1.104113,63.364511,172.063344,120,31,169.958394,2591.425178,158.143491,19.611355,0.795965,5.14142,12.136411,7.860349,0.740633,5.069806,0.091846,3.025842,0,29,43,0,72,70,46,5.297834
2017,PK,Pakistan,Nam A,Chau A khac,0,0,Lower middle income,2,1123.42,216.379655,5191.892925,8.554854,0.10088,-1.030231,71.303303,189.914958,119,32,213.22104,3097.812889,149.949171,20.531965,0.985402,5.367008,14.316563,8.038774,0.692991,5.016943,0.094889,3.069539,0,40,43,0,83,77,55,3.055423
2018,PK,Pakistan,Nam A,Chau A khac,0,0,Lower middle income,2,1192.53,219.731479,5427.215096,8.599181,0.100923,-1.120637,77.953292,196.443236,121,33,141.125289,3620.146448,191.653384,22.82017,0.642262,4.956709,16.47532,8.194546,0.872216,5.260893,0.103855,3.170533,0,44,44,0,88,80,69,4.532493
2019,PK,Pakistan,Nam A,Chau A khac,0,0,Lower middle income,2,1222.31,223.29328,5474.011578,8.607767,0.105764,-1.212115,78.41731,203.602057,129,36,172.347222,4509.330862,220.875025,22.07642,0.771842,5.155297,20.194655,8.414126,0.98917,5.402114,0.098867,3.138811,0,71,40,0,111,89,87,0.862256
2020,PK,Pakistan,Nam A,Chau A khac,0,0,Lower middle income,2,1206.74,227.196741,5311.431822,8.577617,0.10694,-1.329036,81.350485,203.131576,134,38,170.581169,5744.938889,210.256837,20.283249,0.750808,5.145056,25.286185,8.656249,0.925439,5.353075,0.089276,3.05792,0,91,38,0,129,102,105,-2.970029
2021,PK,Pakistan,Nam A,Chau A khac,0,0,Lower middle income,2,1285.34,231.402117,5554.573211,8.622377,0.10934,-1.309553,90.617736,214.353854,133,35,136.205628,5780.824206,150.838645,25.540622,0.58861,4.921481,24.981726,8.662475,0.651846,5.022818,0.110373,3.278676,0,106,48,0,154,120,129,4.5777
2022,PK,Pakistan,Nam A,Chau A khac,0,0,Lower middle income,2,1346.76,235.824862,5710.848248,8.650123,0.112181,-1.304657,89.242874,206.903948,127,34,176.03171,6199.07679,127.053492,24.429406,0.746451,5.176329,26.286782,8.732317,0.538762,4.852448,0.103591,3.235906,0,116,45,0,161,121,134,2.813448
2023,PK,Pakistan,Nam A,Chau A khac,0,0,Lower middle income,2,1346.22,235.824862,5708.558413,8.649722,0.113828,-1.333529,91.765309,194.066605,127,32,198.145455,6476.985778,219.160952,22.646205,0.840223,5.294035,27.465237,8.776165,0.929338,5.394359,0.09603,3.163203,0,110,44,0,154,111,128,-0.040096
2001,QA,Qatar,Tay A,Chau A khac,0,0,High income,4,62.447621,0.678831,91992.883613,11.429467,0.061108,-0.510466,62.425129,71.359578,73,17,4.833333,32.25,32.952381,13.198986,7.120083,1.763589,47.508143,3.504055,48.542835,3.524959,19.4437,2.653171,2,36,24,4,66,66,7,
2002,QA,Qatar,Tay A,Chau A khac,0,0,High income,4,66.932704,0.713186,93850.277556,11.449456,0.061981,-0.638796,61.752907,72.53132,78,19,9.366667,25.416667,31.133333,10.068916,13.133554,2.338596,35.638202,3.273995,43.653876,3.469894,14.118218,2.404141,2,27,28,3,60,60,6,2.019063
2003,QA,Qatar,Tay A,Chau A khac,0,0,High income,4,69.422573,0.748525,92745.830775,11.437618,0.072483,-0.279882,75.814416,93.295465,63,12,5.533333,28.398352,14.684921,14.873,7.392316,1.876917,37.939082,3.380939,19.618477,2.7527,19.869744,2.76462,1,32,24,7,64,64,5,-1.176818
2004,QA,Qatar,Tay A,Chau A khac,0,0,High income,4,82.764839,0.777943,106389.335091,11.574861,0.093023,0.131452,105.173813,137.050108,42,8,7.788095,41.507576,106.127773,20.484941,10.011139,2.173398,53.355549,3.749682,136.421014,4.674022,26.332187,3.067352,1,35,29,38,103,103,5,14.710639
2005,QA,Qatar,Tay A,Chau A khac,0,0,High income,4,88.966208,0.84871,104825.214699,11.56005,0.122144,0.1541,134.38498,184.039731,37,7,8.438095,54.516667,85.409689,27.206185,9.94226,2.244754,64.234741,4.016683,100.634715,4.4591,32.055926,3.339541,1,30,26,38,95,95,5,-1.470185
2006,QA,Qatar,Tay A,Chau A khac,0,0,High income,4,112.249,1.01506,110583.610821,11.613527,0.097587,-0.177092,102.841255,157.209936,60,11,14.702381,54.2,116.805411,36.486086,14.484248,2.753812,53.395858,4.010963,115.072421,4.769034,35.944758,3.62397,2,38,27,18,85,85,7,5.493331
2007,QA,Qatar,Tay A,Chau A khac,0,0,High income,4,132.438,1.231893,107507.713738,11.585318,0.114184,-0.084465,119.685176,200.155378,58,12,22.019048,79.866667,164.746998,44.786626,17.874156,3.136322,64.832471,4.392802,133.734828,5.110463,36.355939,3.823992,5,51,26,12,94,94,8,-2.781513
2008,QA,Qatar,Tay A,Chau A khac,0,0,High income,4,155.831,1.444277,107895.507579,11.588919,0.118931,0.102128,131.450959,227.298962,46,9,23.738095,87.057576,282.014567,64.763852,16.435971,3.208344,60.277617,4.477991,195.26349,5.645498,44.841711,4.18607,6,53,21,22,102,102,6,0.360713
2009,QA,Qatar,Tay A,Chau A khac,0,0,High income,4,174.463,1.610274,108343.673189,11.593064,0.127959,-0.182022,145.337129,209.024595,63,13,20.135714,109.085714,274.112626,45.920475,12.504527,3.050964,67.743573,4.701259,170.227319,5.617181,28.517181,3.848454,5,52,24,22,103,103,12,0.41537
2010,QA,Qatar,Tay A,Chau A khac,0,0,High income,4,208.644,1.713504,121764.524623,11.709844,0.127088,-0.38077,152.821672,222.696171,76,17,17.166667,147.231385,175.926673,72.240092,10.018457,2.899588,85.924156,4.998774,102.670711,5.175735,42.159278,4.293743,4,73,22,16,115,115,6,12.387296
2011,QA,Qatar,Tay A,Chau A khac,0,0,High income,4,236.551,1.804171,131113.40333,11.783818,0.161637,-0.082135,184.963881,308.154413,60,11,29.972222,186.394877,277.096878,114.852269,16.612739,3.433091,103.31331,5.233218,153.586815,5.62797,63.659304,4.752316,8,98,19,58,183,183,13,7.677835
2012,QA,Qatar,Tay A,Chau A khac,0,0,High income,4,247.739,1.90566,130001.679208,11.775303,0.17021,-0.038154,192.927928,321.086898,55,11,54.584524,215.437987,318.533224,123.803283,28.64337,4.017905,113.051639,5.377304,167.151131,5.766861,64.966092,4.826739,12,109,23,75,219,219,9,-0.84791
2013,QA,Qatar,Tay A,Chau A khac,0,0,High income,4,261.504,2.035501,128471.565477,11.763463,0.203341,-0.002379,252.263144,375.711012,59,11,93.79127,288.670622,393.177505,118.924409,46.077732,4.551677,141.817971,5.668744,193.160065,5.976801,58.425129,4.786862,9,141,25,119,294,294,7,-1.176995
2014,QA,Qatar,Tay A,Chau A khac,0,0,High income,4,275.453,2.214465,124388.057612,11.731161,0.214896,0.033968,270.04708,400.188442,55,11,112.260498,423.930652,319.970314,116.949103,50.694185,4.72969,191.437052,6.051926,144.491023,5.771349,52.811448,4.770253,15,182,26,122,345,345,11,-3.17853
2015,QA,Qatar,Tay A,Chau A khac,0,0,High income,4,288.547,2.414573,119502.28881,11.691091,0.219485,-0.200344,291.29977,388.286572,69,15,144.931818,551.5122,509.136599,36.95526,60.023788,4.98314,228.409827,6.314476,210.859891,6.234679,15.305091,3.636408,9,249,31,98,387,387,11,-3.927844
2016,QA,Qatar,Tay A,Chau A khac,0,0,High income,4,297.388,2.595166,114593.054934,11.649142,0.229273,-0.150638,307.285038,402.058466,67,14,111.008333,717.94205,502.975884,47.822329,42.775041,4.718573,276.645906,6.577781,193.812606,6.222528,18.427464,3.888188,13,277,27,91,408,408,10,-4.108067
2017,QA,Qatar,Tay A,Chau A khac,0,0,High income,4,292.935,2.711755,108024.139349,11.59011,0.216304,-0.314044,297.460359,390.577303,78,14,105.17619,640.994196,638.295196,54.943706,38.785285,4.6651,236.376146,6.464579,235.38085,6.460366,20.261309,4.024346,8,275,28,87,398,398,12,-5.732385
2018,QA,Qatar,Tay A,Chau A khac,0,0,High income,4,296.552,2.766732,107184.938765,11.582311,0.207535,-0.265575,298.315161,397.971566,74,14,85.778571,655.657711,300.757028,41.020919,31.003571,4.46336,236.979119,6.487163,108.704793,5.709622,14.826488,3.738168,8,265,27,64,364,364,11,-0.776864
2019,QA,Qatar,Tay A,Chau A khac,0,0,High income,4,298.593,2.807235,106365.516246,11.574637,0.204897,-0.519829,294.721979,390.8121,90,22,101.503752,831.853883,256.216759,59.474866,36.15791,4.629899,296.32499,6.724858,91.27015,5.549919,21.18628,4.102228,8,285,24,44,361,361,11,-0.764494
2020,QA,Qatar,Tay A,Chau A khac,0,0,High income,4,287.97,2.760385,104322.404302,11.555241,0.226356,-0.424376,331.51695,409.975174,86,18,116.428571,1071.706194,377.467559,22.54647,42.178381,4.76583,388.245188,6.97794,136.744533,5.93613,8.167871,3.158976,12,329,29,92,462,462,11,-1.920841
2021,QA,Qatar,Tay A,Chau A khac,0,0,High income,4,292.655,2.688235,108865.110379,11.597865,0.219966,-0.477773,337.264578,425.551798,82,19,90.515873,994.056077,255.806836,69.230418,33.671116,4.516512,369.780201,6.902799,95.157914,5.548324,25.753112,4.251782,6,342,24,50,422,422,14,4.354488
2022,QA,Qatar,Tay A,Chau A khac,0,0,High income,4,304.903,2.695122,113131.427817,11.636305,0.235266,-0.240442,331.52408,434.657225,73,15,100.251948,903.737108,369.475348,53.784291,37.197555,4.617612,335.323265,6.807644,137.090398,5.914787,19.956162,4.003403,4,317,26,152,499,499,43,3.918902
2023,QA,Qatar,Tay A,Chau A khac,0,0,High income,4,308.522,2.695122,114474.224172,11.648105,0.262066,-0.178791,378.309587,433.155945,69,15,111.561111,971.98437,316.313058,69.420855,41.393715,4.723496,360.645778,6.880368,117.365024,5.759889,25.757964,4.254489,15,350,26,144,535,535,32,1.186935
2001,SA,Saudi Arabia,Tay A,Chau A khac,0,0,High income,4,908.462,22.085929,41133.067122,10.624568,0.122042,-0.18075,125.443646,141.929351,51,9,80.820973,225.891667,223.79026,74.348477,3.659388,4.404534,10.227854,5.424473,10.132708,5.415168,3.366328,4.322124,14,104,58,48,224,224,32,
2002,SA,Saudi Arabia,Tay A,Chau A khac,0,0,High income,4,902.208,22.623415,39879.390446,10.593615,0.128645,-0.282865,127.456433,154.760436,61,13,104.796438,297.663095,181.943452,72.357092,4.632211,4.661517,13.157302,5.699316,8.042263,5.209177,3.198328,4.295339,16,104,73,21,214,214,33,-3.047856
2003,SA,Saudi Arabia,Tay A,Chau A khac,0,0,High income,4,981.32,23.150847,42388.081957,10.654623,0.123037,-0.334534,119.323451,156.542475,66,14,115.859596,269.766306,201.407143,98.510426,5.004551,4.760973,11.652546,5.601256,8.699774,5.310281,4.255154,4.600262,16,98,64,26,204,204,37,6.290697
2004,SA,Saudi Arabia,Tay A,Chau A khac,0,0,High income,4,1066.02,23.661808,45052.347648,10.71558,0.132893,-0.243392,126.911318,188.001466,63,12,174.699694,295.490512,213.214819,121.429575,7.383193,5.168776,12.488078,5.692015,9.010927,5.366979,5.131881,4.807536,23,99,67,25,214,214,38,6.285412
2005,SA,Saudi Arabia,Tay A,Chau A khac,0,0,High income,4,1129.39,24.397644,46290.945142,10.742702,0.135619,-0.111344,123.454499,200.408466,55,12,155.112374,278.013889,372.991476,170.036133,6.357678,5.050576,11.395112,5.631262,15.288012,5.924233,6.969367,5.141875,27,75,62,64,228,228,41,2.749241
2006,SA,Saudi Arabia,Tay A,Chau A khac,0,0,High income,4,1166.81,25.38287,45968.4031,10.73571,0.136823,-0.180429,127.926547,214.738923,62,12,202.516667,339.785706,464.387886,203.918771,7.978478,5.315748,13.386418,5.831254,18.295326,6.142871,8.033716,5.322614,30,85,59,40,214,214,34,-0.696771
2007,SA,Saudi Arabia,Tay A,Chau A khac,0,0,High income,4,1192.64,26.400068,45175.641214,10.718313,0.152245,-0.072819,133.296814,262.021154,55,11,219.688131,398.840476,486.660487,214.497065,8.321499,5.396751,15.107555,5.991066,18.434062,6.189619,8.124868,5.372947,29,97,59,46,231,231,39,-1.72458
2008,SA,Saudi Arabia,Tay A,Chau A khac,0,0,High income,4,1267.04,27.437353,46179.381808,10.740289,0.169741,0.061974,147.794228,310.423437,50,11,247.211111,469.112637,638.876034,294.729684,9.01002,5.51428,17.097591,6.152972,23.2849,6.461274,10.741914,5.689446,21,92,56,102,271,271,49,2.221862
2009,SA,Saudi Arabia,Tay A,Chau A khac,0,0,High income,4,1253.52,28.483797,44008.177702,10.692131,0.183232,0.002634,171.783779,294.255312,49,10,353.580628,666.295862,633.002814,172.138747,12.413395,5.870936,23.392101,6.503234,22.22326,6.452053,6.043392,5.154093,33,102,73,75,283,283,47,-4.701674
2010,SA,Saudi Arabia,Tay A,Chau A khac,0,0,High income,4,1316.7,29.411929,44767.549928,10.709239,0.185911,-0.079559,176.493851,323.928571,60,12,395.317109,1124.749192,519.639098,232.034462,13.440707,5.982215,38.241259,7.026204,17.667631,6.255057,7.889128,5.451186,28,161,67,67,323,323,53,1.725525
2011,SA,Saudi Arabia,Tay A,Chau A khac,0,0,High income,4,1471.52,30.150945,48805.103787,10.79559,0.195347,-0.105862,190.626313,364.275243,63,12,477.945635,1645.404794,627.484804,334.501935,15.851763,6.171587,54.572246,7.406349,20.811447,6.443312,11.094244,5.815628,33,198,54,65,350,349,55,9.01893
2012,SA,Saudi Arabia,Tay A,Chau A khac,0,0,High income,4,1556.31,30.821543,50494.227366,10.829614,0.208592,-0.140017,211.617837,373.497497,66,12,713.336456,2048.130117,570.109253,339.076401,23.144086,6.571354,66.451252,7.625171,18.497103,6.347581,11.001279,5.82917,44,207,63,51,365,364,65,3.460957
2013,SA,Saudi Arabia,Tay A,Chau A khac,0,0,High income,4,1602.15,31.482498,50890.180315,10.837425,0.222781,-0.05808,246.741548,399.271572,63,12,1052.354252,2586.469481,713.920126,320.32373,33.426644,6.959735,82.15579,7.858436,22.676731,6.572171,10.174661,5.772449,54,235,62,63,414,413,69,0.784155
2014,SA,Saudi Arabia,Tay A,Chau A khac,0,0,High income,4,1666.63,32.125564,51878.622271,10.856662,0.222683,-0.162629,261.415395,402.978831,67,14,1154.357275,3184.385456,686.242414,304.220698,35.93267,7.052165,99.123099,8.066329,21.361257,6.532687,9.469739,5.721035,52,242,59,49,402,401,79,1.942304
2015,SA,Saudi Arabia,Tay A,Chau A khac,0,0,High income,4,1744.21,32.749848,53258.567795,10.882914,0.259974,-0.007919,292.778204,442.893906,57,11,1280.469899,3744.087572,794.376114,157.131198,39.098499,7.155763,114.323815,8.2282,24.255872,6.678815,4.797921,5.063425,60,259,81,76,476,476,85,2.65995
2016,SA,Saudi Arabia,Tay A,Chau A khac,0,0,High income,4,1773.94,33.41627,53086.116434,10.879671,0.248456,-0.140286,293.097715,420.849602,66,13,1486.427266,4177.828711,898.054825,148.607722,44.482142,7.304803,125.02379,8.337786,26.874778,6.801344,4.447167,5.008017,57,261,88,70,476,476,84,-0.3238
2017,SA,Saudi Arabia,Tay A,Chau A khac,0,0,High income,4,1794.91,34.193122,52493.305525,10.868441,0.246686,-0.14475,290.996142,430.117825,71,13,1847.945383,4059.322336,1051.181787,158.623037,54.04436,7.522371,118.717511,8.309018,30.742492,6.958621,4.639033,5.072815,64,263,93,51,471,471,88,-1.116697
2018,SA,Saudi Arabia,Tay A,Chau A khac,0,0,High income,4,1852.83,35.018133,52910.58778,10.876359,0.241704,-0.146887,311.422118,440.463425,69,13,2283.176479,4370.376673,761.744644,204.529229,65.199835,7.733761,124.803246,8.382833,21.752863,6.636923,5.840666,5.325588,68,255,87,59,469,469,96,0.794925
2019,SA,Saudi Arabia,Tay A,Chau A khac,0,0,High income,4,1883.43,35.827362,52569.597505,10.869893,0.252632,-0.142189,310.439571,459.488193,68,13,2792.007311,5185.232475,850.137355,179.696302,77.929469,7.934874,144.72828,8.553763,23.728718,6.746574,5.015616,5.196818,76,276,94,70,516,516,110,-0.644465
2020,SA,Saudi Arabia,Tay A,Chau A khac,0,0,High income,4,1811.77,35.997107,50330.989099,10.826376,0.254038,-0.240453,330.840523,453.315172,72,13,3217.754267,7123.311073,736.450324,123.116196,89.389246,8.07675,197.885654,8.871268,20.458598,6.603199,3.420169,4.821218,74,293,98,59,524,524,158,-4.258371
2021,SA,Saudi Arabia,Tay A,Chau A khac,0,0,High income,4,1929.89,35.950396,53682.023419,10.890833,0.267922,-0.136544,373.323926,496.76161,66,13,3644.564309,8027.727323,888.232238,183.969204,101.377585,8.201266,223.300108,8.990781,24.707161,6.790358,5.117307,5.220189,88,301,89,93,571,570,207,6.657994
2022,SA,Saudi Arabia,Tay A,Chau A khac,0,0,High income,4,2161.49,36.40882,59367.208275,10.991497,0.282586,-0.071682,364.072026,490.410991,64,13,3022.107205,9453.746897,1002.568733,242.281616,83.004811,8.01404,259.655405,9.154272,27.536425,6.911318,6.654476,5.49422,83,327,89,126,625,624,247,10.590482
2023,SA,Saudi Arabia,Tay A,Chau A khac,0,0,High income,4,2173.21,36.40882,59689.108298,10.996905,0.288159,-0.041491,377.09389,456.953014,62,13,2751.380972,10920.302443,1103.529532,243.164802,75.569078,7.920222,299.935632,9.298471,30.309401,7.007175,6.678733,5.497843,79,335,77,140,631,630,275,0.542219
2001,SG,Singapore,Dong Nam A,ASEAN khac,1,0,High income,4,272.217,4.138012,65784.487817,11.094139,0.465342,0.489676,282.328413,357.324487,17,3,1590.030853,1111.647619,1369.715053,121.287963,384.249938,7.372137,268.642918,7.014498,331.007994,7.223088,29.310684,4.806379,223,381,312,367,1283,1283,179,
2002,SG,Singapore,Dong Nam A,ASEAN khac,1,0,High income,4,282.897,4.17595,67744.345598,11.123496,0.46743,0.487532,275.918713,374.300909,20,3,2057.861631,1406.797558,1528.004877,127.81428,492.788858,7.629909,336.880843,7.249782,365.905932,7.332372,30.607234,4.858372,218,385,308,366,1277,1277,189,2.97921
2003,SG,Singapore,Dong Nam A,ASEAN khac,1,0,High income,4,295.764,4.114826,71877.644401,11.182721,0.487276,0.493309,262.184842,392.51816,17,3,2294.011334,1669.697749,1124.468922,109.80269,557.498989,7.738493,405.776028,7.420997,273.272533,7.025955,26.68465,4.707751,252,424,341,387,1404,1404,175,6.101319
2004,SG,Singapore,Dong Nam A,ASEAN khac,1,0,High income,4,325.162,4.166664,78038.929945,11.264963,0.490127,0.514926,226.697488,447.901128,13,3,2378.21342,2007.3139,1561.630303,172.524134,570.771586,7.774525,481.755644,7.605051,374.791512,7.354126,41.405819,5.156317,263,423,297,426,1409,1409,232,8.571908
2005,SG,Singapore,Dong Nam A,ASEAN khac,1,0,High income,4,349.115,4.265762,81841.181013,11.312536,0.495473,0.496392,221.120139,456.59667,16,3,2780.758426,2099.069969,1411.771402,143.541834,651.878475,7.930839,492.073859,7.649726,330.954095,7.253309,33.649752,4.973569,284,422,338,393,1437,1437,154,4.872249
2006,SG,Singapore,Dong Nam A,ASEAN khac,1,0,High income,4,380.559,4.401365,86463.858371,11.367482,0.504952,0.49766,214.969917,487.812713,14,3,3015.994499,2205.379473,1665.959727,154.570288,685.240715,8.012016,501.067163,7.699108,378.509787,7.418757,35.118716,5.047098,289,434,348,402,1473,1473,168,5.648351
2007,SG,Singapore,Dong Nam A,ASEAN khac,1,0,High income,4,414.891,4.588599,90417.794189,11.412196,0.493172,0.458916,207.925271,535.366242,15,3,3181.755775,2461.923453,2460.532717,223.143446,693.404626,8.065503,536.53053,7.809104,536.227445,7.808539,48.629973,5.412286,289,435,307,382,1413,1413,184,4.572935
2008,SG,Singapore,Dong Nam A,ASEAN khac,1,0,High income,4,422.622,4.839396,87329.493185,11.377444,0.502397,0.483039,189.213647,583.543061,12,3,3452.844552,2726.260473,2346.307388,248.51063,713.486673,8.147243,563.347259,7.911053,484.834758,7.761024,51.35158,5.519502,283,435,318,411,1447,1447,182,-3.41559
2009,SG,Singapore,Dong Nam A,ASEAN khac,1,0,High income,4,423.163,4.987573,84843.46996,11.348563,0.499458,0.486584,212.953474,513.386781,16,3,3494.370325,3173.539573,2612.683927,204.081016,700.615374,8.159195,636.289348,8.062918,523.838734,7.868516,40.917901,5.323405,294,449,293,403,1439,1439,203,-2.846717
2010,SG,Singapore,Dong Nam A,ASEAN khac,1,0,High income,4,484.605,5.076732,95456.09262,11.466422,0.494222,0.472071,221.664276,559.971972,14,3,3674.117718,3458.489316,2054.868295,245.562378,723.717092,8.20934,681.243232,8.148876,404.762019,7.628454,48.370168,5.507615,304,444,292,370,1410,1410,199,12.508473
2011,SG,Singapore,Dong Nam A,ASEAN khac,1,0,High income,4,514.723,5.183688,99296.678349,11.505867,0.495422,0.47705,212.09437,613.796726,14,4,3731.404222,3959.533745,3170.469513,285.280183,719.835805,8.224808,763.84492,8.284134,611.624294,8.06195,55.034212,5.656971,291,451,289,373,1404,1404,262,4.023406
2012,SG,Singapore,Dong Nam A,ASEAN khac,1,0,High income,4,537.554,5.312437,101187.835263,11.524734,0.507317,0.487314,209.522617,606.667922,14,4,3933.574322,4113.444702,3221.838764,284.929469,740.4463,8.277558,774.304656,8.322259,606.470959,8.078018,53.634418,5.655745,295,458,304,420,1477,1477,252,1.904552
2013,SG,Singapore,Dong Nam A,ASEAN khac,1,0,High income,4,563.451,5.399162,104358.972744,11.555592,0.513241,0.520646,229.641258,622.508492,11,3,4237.155238,4549.668187,2786.749015,274.819333,784.780164,8.351883,842.661914,8.423029,516.14473,7.93299,50.900368,5.619746,289,464,300,470,1523,1523,246,3.133912
2014,SG,Singapore,Dong Nam A,ASEAN khac,1,0,High income,4,585.626,5.469724,107066.828235,11.581208,0.516149,0.530342,243.646344,627.175965,13,3,4140.45922,4724.851411,3899.018406,270.537515,756.977723,8.328803,863.818981,8.460803,712.836408,8.268737,49.460908,5.6041,311,465,306,452,1534,1534,284,2.594751
2015,SG,Singapore,Dong Nam A,ASEAN khac,1,0,High income,4,603.059,5.535002,108953.709502,11.598678,0.514563,0.515099,262.102172,604.52121,15,3,4634.920129,4968.04262,4353.173746,232.933229,837.383641,8.44159,897.568351,8.510982,786.480971,8.37889,42.083676,5.455036,321,472,306,439,1538,1538,279,1.76234
2016,SG,Singapore,Dong Nam A,ASEAN khac,1,0,High income,4,625.659,5.607283,111579.708033,11.622494,0.517816,0.52208,270.190627,602.513173,12,3,4802.889015,5257.651546,5124.116039,217.774007,856.544786,8.477181,937.646904,8.56763,913.83225,8.541908,38.837706,5.388039,326,499,282,463,1570,1570,310,2.410197
2017,SG,Singapore,Dong Nam A,ASEAN khac,1,0,High income,4,653.669,5.612253,116471.762766,11.665404,0.511842,0.503922,295.187017,612.410195,16,4,5026.722,5086.292831,5561.052775,238.88006,895.669172,8.522722,906.283596,8.534501,990.877064,8.623723,42.564022,5.480139,309,489,277,466,1541,1541,297,4.384359
2018,SG,Singapore,Dong Nam A,ASEAN khac,1,0,High income,4,676.234,5.638676,119927.798653,11.694645,0.508024,0.529028,324.288646,635.066118,16,5,4948.630558,5023.203777,5734.795828,264.210176,877.622789,8.507068,890.848096,8.522022,1017.046524,8.654482,46.856776,5.580523,300,503,274,443,1520,1520,320,2.967274
2019,SG,Singapore,Dong Nam A,ASEAN khac,1,0,High income,4,685.079,5.703569,120114.089967,11.696197,0.509099,0.515166,306.880036,635.870053,16,5,5051.01006,4990.299585,6396.528149,246.96914,885.587614,8.527541,874.943318,8.515452,1121.495707,8.763667,43.300807,5.513304,305,491,282,439,1517,1517,339,0.155336
2020,SG,Singapore,Dong Nam A,ASEAN khac,1,0,High income,4,658.945,5.685807,115892.959434,11.660422,0.50732,0.528671,326.131115,625.805338,18,5,5717.247611,5418.339473,8781.465333,230.543295,1005.529665,8.651418,952.95874,8.597729,1544.453643,9.080512,40.547154,5.444767,287,500,265,485,1537,1537,366,-3.514268
2021,SG,Singapore,Dong Nam A,ASEAN khac,1,0,High income,4,723.237,5.453566,132617.26364,11.795223,0.507138,0.57292,366.119406,669.870659,16,5,6264.572228,4734.260842,7956.312805,269.555461,1148.711179,8.742825,868.103704,8.462792,1458.919321,8.981847,49.427377,5.600477,304,503,260,438,1505,1505,364,14.43082
2022,SG,Singapore,Dong Nam A,ASEAN khac,1,0,High income,4,752.948,5.637022,133571.946322,11.802396,0.496817,0.529885,337.7678,642.443085,20,6,6092.18781,4587.387822,7662.93101,280.548678,1080.745793,8.714927,813.796331,8.431284,1359.39349,8.94428,49.768952,5.640305,299,487,261,376,1423,1423,349,0.719878
2023,SG,Singapore,Dong Nam A,ASEAN khac,1,0,High income,4,766.662,5.637022,136004.791182,11.820445,0.50033,0.543813,350.619727,587.754836,18,5,6084.141769,4734.568129,6052.121164,252.460074,1079.318436,8.713605,839.905917,8.462857,1073.638024,8.708329,44.786072,5.535206,300,505,256,393,1454,1454,356,1.821374
2001,SY,Syrian Arab Republic (the),Tay A,Chau A khac,0,0,Low income,1,131.268,16.727948,7847.226689,8.967915,0.044055,-1.513159,2.999872,43.684585,130,36,24.25,18.283333,96.0,6.491899,1.44967,3.228826,1.092981,2.959241,5.738899,4.574711,0.388087,2.013822,6,12,44,10,72,72,7,
2002,SY,Syrian Arab Republic (the),Tay A,Chau A khac,0,0,Low income,1,136.459,17.164021,7950.293233,8.980964,0.048366,-1.728955,1.902134,47.146952,142,39,11.583333,16.660256,50.75,9.913552,0.674861,2.532373,0.97065,2.871317,2.956766,3.946424,0.577577,2.390005,3,16,64,5,88,88,8,1.313414
2003,SY,Syrian Arab Republic (the),Tay A,Chau A khac,0,0,Low income,1,146.291,17.611356,8306.628973,9.024809,0.063784,-1.642915,12.038561,67.225861,136,38,12.0,32.679798,128.35,10.139679,0.681379,2.564949,1.855609,3.516898,7.287911,4.862522,0.575747,2.410513,1,20,79,8,108,108,9,4.482045
2004,SY,Syrian Arab Republic (the),Tay A,Chau A khac,0,0,Low income,1,156.389,18.084007,8647.917467,9.065074,0.05955,-1.616489,9.288675,69.800515,140,38,16.571429,24.888889,136.0,10.924465,0.916358,2.866274,1.376293,3.253814,7.520457,4.919981,0.604095,2.478592,2,21,83,9,115,115,11,4.108628
2005,SY,Syrian Arab Republic (the),Tay A,Chau A khac,0,0,Low income,1,166.109,18.583557,8938.493314,9.098122,0.065065,-1.458329,18.24024,83.381537,130,35,24.654762,36.45,104.64127,5.84927,1.326698,3.244729,1.961411,3.623007,5.630853,4.660049,0.314755,1.924142,3,16,57,13,89,89,3,3.360067
2006,SY,Syrian Arab Republic (the),Tay A,Chau A khac,0,0,Low income,1,174.491,19.432009,8979.565623,9.102707,0.068095,-1.447062,22.059535,87.885071,135,36,22.769048,26.138095,161.171429,7.903204,1.171729,3.168384,1.345105,3.300938,8.294121,5.088654,0.406711,2.186411,4,12,96,9,121,121,5,0.459499
2007,SY,Syrian Arab Republic (the),Tay A,Chau A khac,0,0,Low income,1,184.392,20.703005,8906.533134,9.09454,0.076998,-1.183911,28.899587,115.645994,119,32,18.619048,43.570635,117.547057,10.184171,0.89934,2.976501,2.104556,3.797075,5.677778,4.77531,0.491918,2.414499,2,20,88,7,117,117,5,-0.813319
2008,SY,Syrian Arab Republic (the),Tay A,Chau A khac,0,0,Low income,1,192.647,21.474059,8971.149795,9.101769,0.07352,-1.314984,21.976067,118.406874,129,34,13.735714,37.840079,101.760806,13.373343,0.639642,2.690274,1.76213,3.659453,4.738778,4.632404,0.622767,2.665375,2,14,91,7,114,114,9,0.725497
2009,SY,Syrian Arab Republic (the),Tay A,Chau A khac,0,0,Low income,1,204.036,21.82722,9347.777683,9.142894,0.078773,-1.514078,25.622039,109.450344,139,36,17.3,47.404219,107.993393,9.907884,0.792588,2.906901,2.171794,3.879587,4.947648,4.691287,0.453923,2.389486,5,21,99,4,129,129,12,4.198212
2010,SY,Syrian Arab Republic (the),Tay A,Chau A khac,0,0,Low income,1,214.63,22.337563,9608.478776,9.170401,0.086207,-1.15677,40.469843,138.16699,121,30,20.383333,68.677815,158.410334,11.859424,0.912514,3.062612,3.074544,4.243882,7.091657,5.071482,0.530918,2.554077,3,18,92,9,122,122,11,2.78891
2011,SY,Syrian Arab Republic (the),Tay A,Chau A khac,0,0,Low income,1,220.747,22.730733,9711.389422,9.181055,0.072342,-1.031487,34.98045,128.234956,117,30,36.366667,80.375647,172.014706,7.090452,1.59989,3.620779,3.53599,4.399076,7.567495,5.153377,0.311932,2.090685,5,15,49,10,79,79,5,1.07104
2012,SY,Syrian Arab Republic (the),Tay A,Chau A khac,0,0,Low income,1,162.604,22.605577,7193.092218,8.880876,0.071615,-1.114396,30.099212,125.294833,120,33,29.55,64.92513,88.259524,1.82368,1.3072,3.419365,2.872085,4.18852,3.904325,4.491548,0.080674,1.038041,4,12,48,13,77,77,1,-25.931379
2013,SY,Syrian Arab Republic (the),Tay A,Chau A khac,0,0,Low income,1,119.839,21.495821,5574.990599,8.626046,0.057678,-1.276226,25.350713,104.109016,126,34,20.533333,56.908381,109.836325,1.23982,0.955224,3.069602,2.647416,4.058862,5.109659,4.708055,0.057677,0.806395,5,9,33,1,48,48,1,-22.495216
2014,SY,Syrian Arab Republic (the),Tay A,Chau A khac,0,0,Low income,1,107.483,20.072232,5354.810566,8.585751,0.060058,-1.434125,25.198056,109.724035,137,37,11.116667,60.127596,170.75845,0.889628,0.553833,2.494582,2.995561,4.112963,8.507198,5.146089,0.044321,0.63638,2,8,29,20,59,59,0,-3.949424
2015,SY,Syrian Arab Republic (the),Tay A,Chau A khac,0,0,Low income,1,102.991,19.205178,5362.668339,8.587217,0.056094,-1.316976,25.74373,101.094067,133,35,17.366667,69.764827,102.033065,0.629583,0.90427,2.910537,3.632605,4.259362,5.312789,4.63505,0.032782,0.488324,5,11,26,6,48,48,0,0.146742
2016,SY,Syrian Arab Republic (the),Tay A,Chau A khac,0,0,Low income,1,96.393598,18.964252,5082.910617,8.533639,0.065924,-1.169134,40.331308,120.463162,125,32,13.916667,62.578543,151.130673,0.627485,0.733837,2.702479,3.299816,4.152276,7.96924,5.02474,0.033088,0.487036,2,9,23,46,80,80,0,-5.216763
2017,SY,Syrian Arab Republic (the),Tay A,Chau A khac,0,0,Low income,1,95.696401,18.983373,5041.06412,8.525372,0.060813,-1.214113,32.5826,112.676901,131,37,21.266667,49.775216,131.708225,0.580656,1.120279,3.103091,2.622043,3.927408,6.938083,4.888153,0.030588,0.45784,8,11,23,38,80,80,1,-0.823278
2018,SY,Syrian Arab Republic (the),Tay A,Chau A khac,0,0,Low income,1,97.02962,19.333463,5018.739781,8.520934,0.061943,-1.308526,42.527884,118.00506,132,36,19.766667,70.310714,168.089982,0.562716,1.022407,3.033349,3.636737,4.267047,8.694251,5.130431,0.029106,0.446425,8,8,18,58,92,92,0,-0.44285
2019,SY,Syrian Arab Republic (the),Tay A,Chau A khac,0,0,Low income,1,98.214066,20.098251,4886.697131,8.494272,0.061201,-1.190207,40.34085,121.504427,128,35,19.516667,72.497762,131.697965,0.576215,0.971063,3.021238,3.607168,4.297255,6.552708,4.888076,0.02867,0.455026,2,10,20,47,79,79,0,-2.630992
2020,SY,Syrian Arab Republic (the),Tay A,Chau A khac,0,0,Low income,1,97.529362,20.772595,4695.097638,8.454274,0.066251,-1.152153,48.212895,129.793059,125,34,19.95,73.791735,174.811007,0.665447,0.9604,3.042139,3.55236,4.314707,8.415463,5.16941,0.032035,0.510093,5,9,23,55,92,92,0,-3.920838
2021,SY,Syrian Arab Republic (the),Tay A,Chau A khac,0,0,Low income,1,99.337767,21.324367,4658.415729,8.446431,0.06636,-1.42898,40.794351,133.596334,137,36,17.416667,100.333705,140.824139,0.740201,0.81675,2.913256,4.70512,4.618419,6.603907,4.954588,0.034712,0.554001,6,16,20,49,91,91,0,-0.781281
2022,SY,Syrian Arab Republic (the),Tay A,Chau A khac,0,0,Low income,1,100.066,22.125249,4522.706163,8.416866,0.067443,-1.283112,43.27734,132.240211,125,32,21.333333,106.992464,127.455162,0.696662,0.964208,3.10608,4.835763,4.682061,5.76062,4.85558,0.031487,0.528663,2,19,22,52,95,95,1,-2.913213
2023,SY,Syrian Arab Republic (the),Tay A,Chau A khac,0,0,Low income,1,98.857638,22.125249,4468.091542,8.404717,0.069756,-1.352404,43.357799,126.955056,129,34,13.75,130.524429,138.179188,0.772285,0.621462,2.691243,5.899343,4.879193,6.245317,4.935762,0.034905,0.57227,2,22,19,22,65,65,0,-1.207565
2001,TH,Thailand,Dong Nam A,ASEAN khac,1,0,Upper middle income,3,757.532,63.649892,11901.544153,9.384423,0.199192,-0.469122,183.754338,198.849728,71,16,209.959293,319.013528,320.928814,81.695461,3.298659,5.351665,5.012004,5.768363,5.042095,5.77433,1.283513,4.415165,8,47,241,57,353,351,143,
2002,TH,Thailand,Dong Nam A,ASEAN khac,1,0,Upper middle income,3,804.113,64.22258,12520.720905,9.43514,0.215608,-0.352008,203.309725,224.313065,63,14,250.952803,426.580495,430.218194,82.769115,3.907548,5.529242,6.64222,6.058143,6.698862,6.066614,1.288785,4.428064,9,59,249,49,366,363,152,5.202491
2003,TH,Thailand,Dong Nam A,ASEAN khac,1,0,Upper middle income,3,861.923,64.776956,13306.012712,9.495971,0.214326,-0.419402,199.46654,233.245319,71,16,255.413914,586.629221,405.450289,98.882323,3.942975,5.546793,9.056141,6.376096,6.259175,6.007462,1.526505,4.603993,6,66,245,25,342,341,162,6.271938
2004,TH,Thailand,Dong Nam A,ASEAN khac,1,0,Upper middle income,3,916.132,65.311166,14027.187939,9.548753,0.223924,-0.340909,199.77796,268.888505,70,15,291.240323,665.034511,471.136698,117.423498,4.459273,5.677576,10.182555,6.501341,7.213724,6.157269,1.797908,4.774267,7,60,259,39,365,362,164,5.41992
2005,TH,Thailand,Dong Nam A,ASEAN khac,1,0,Upper middle income,3,954.497,65.82136,14501.326013,9.581995,0.242965,-0.24511,213.923691,304.644166,65,14,316.854051,864.504539,561.371568,133.055586,4.813848,5.761592,13.134103,6.763313,8.528714,6.332163,2.021465,4.898255,6,84,261,52,403,402,162,3.380136
2006,TH,Thailand,Dong Nam A,ASEAN khac,1,0,Upper middle income,3,1001.91,66.319525,15107.315681,9.622934,0.237696,-0.312345,215.160558,313.721233,70,14,355.794294,1113.973581,572.573335,149.374705,5.36485,5.877159,16.797068,7.016586,8.633556,6.351886,2.252349,5.01313,7,91,268,54,420,418,167,4.178857
2007,TH,Thailand,Dong Nam A,ASEAN khac,1,0,Upper middle income,3,1056.37,66.826754,15807.591073,9.668246,0.241538,-0.264194,198.015262,351.571292,71,16,387.072907,1249.906671,683.702621,168.676609,5.792185,5.961193,18.703687,7.131624,10.230972,6.528985,2.524088,5.133894,6,85,262,33,386,384,168,4.63534
2008,TH,Thailand,Dong Nam A,ASEAN khac,1,0,Upper middle income,3,1074.6,67.328239,15960.613495,9.677879,0.251057,-0.236109,208.951423,393.547533,74,14,483.862203,1399.294944,759.606869,188.538821,7.186616,6.183865,20.783181,7.244438,11.282144,6.634117,2.800293,5.244594,9,87,265,48,409,408,167,0.968031
2009,TH,Thailand,Dong Nam A,ASEAN khac,1,0,Upper middle income,3,1067.18,67.813654,15736.948786,9.663767,0.253632,-0.246345,224.500822,354.464866,70,15,519.596413,1679.063598,692.248425,157.231683,7.662121,6.254975,24.759964,7.426587,10.208098,6.541388,2.318584,5.06406,5,84,265,45,399,399,188,-1.401354
2010,TH,Thailand,Dong Nam A,ASEAN khac,1,0,Upper middle income,3,1147.36,68.270489,16806.090257,9.729497,0.248553,-0.254702,219.061706,369.160368,67,13,513.114805,1833.133172,714.617825,200.501738,7.515909,6.242447,26.851033,7.514327,10.467448,6.573146,2.936873,5.305798,5,90,276,28,399,396,186,6.79383
2011,TH,Thailand,Dong Nam A,ASEAN khac,1,0,Upper middle income,3,1157.0,68.712846,16838.190635,9.731405,0.263969,-0.180929,221.298799,425.384856,67,13,538.267526,1975.908413,835.78204,236.408584,7.833579,6.290212,28.756026,7.589289,12.163403,6.729564,3.44053,5.469783,9,83,281,55,428,425,181,0.191004
2012,TH,Thailand,Dong Nam A,ASEAN khac,1,0,Upper middle income,3,1240.8,69.157023,17941.778668,9.794887,0.263743,-0.176578,225.649824,419.796683,67,13,581.268571,2031.643603,852.850719,230.534605,8.405055,6.366932,29.377256,7.617092,12.332091,6.749756,3.333495,5.444729,6,81,273,49,409,404,188,6.554077
2013,TH,Thailand,Dong Nam A,ASEAN khac,1,0,Upper middle income,3,1274.14,69.578602,18312.239157,9.815325,0.264322,-0.168512,244.091582,430.14915,70,14,575.349351,2057.954934,1201.49284,228.364963,8.269056,6.356714,29.577411,7.629954,17.268137,7.092152,3.282115,5.435314,6,65,286,48,405,403,171,2.064792
2014,TH,Thailand,Dong Nam A,ASEAN khac,1,0,Upper middle income,3,1286.69,69.960943,18391.54741,9.819646,0.275439,-0.095117,254.530167,450.287569,60,12,660.52289,2239.383464,1637.266375,228.026732,9.441309,6.494545,32.009052,7.714402,23.402577,7.401394,3.259343,5.433839,13,65,279,64,421,418,170,0.433089
2015,TH,Thailand,Dong Nam A,ASEAN khac,1,0,Upper middle income,3,1327.01,70.294397,18877.891505,9.845747,0.277675,-0.080943,260.651565,446.732683,64,12,629.762402,2400.074371,1571.446902,207.28094,8.958927,6.446929,34.143182,7.783672,22.355223,7.360388,2.948755,5.338888,12,69,289,68,438,437,174,2.644389
2016,TH,Thailand,Dong Nam A,ASEAN khac,1,0,Upper middle income,3,1372.6,70.607037,19439.98868,9.875087,0.280185,-0.051429,263.268574,450.24008,58,10,658.043876,2692.891332,1715.490836,202.829491,9.319806,6.49079,38.139135,7.898742,24.296315,7.448037,2.872653,5.317284,11,84,296,62,453,451,186,2.977542
2017,TH,Thailand,Dong Nam A,ASEAN khac,1,0,Upper middle income,3,1429.94,70.898202,20168.917683,9.911898,0.289071,-0.010209,270.851681,471.130052,58,11,774.095186,2621.457077,1896.421121,226.394692,10.918404,6.652986,36.974944,7.871867,26.748508,7.548251,3.193236,5.426687,13,82,294,76,465,464,201,3.749637
2018,TH,Thailand,Dong Nam A,ASEAN khac,1,0,Upper middle income,3,1490.33,71.127802,20952.847664,9.95003,0.288134,-0.043638,292.894426,485.481527,61,11,778.586568,2767.448361,1776.571005,237.164946,10.946304,6.658764,38.90811,7.926042,24.977167,7.483003,3.334349,5.472963,16,89,289,59,453,451,188,3.886822
2019,TH,Thailand,Dong Nam A,ASEAN khac,1,0,Upper middle income,3,1521.84,71.307763,21341.855865,9.968425,0.289776,-0.008266,280.961245,496.369578,61,11,820.465228,2887.562403,2092.534545,220.017562,11.505973,6.71109,40.494362,7.968514,29.345116,7.646609,3.085464,5.398242,17,88,289,45,439,438,182,1.856589
2020,TH,Thailand,Dong Nam A,ASEAN khac,1,0,Upper middle income,3,1429.77,71.475664,20003.591712,9.903667,0.286964,-0.044551,298.300825,493.263067,62,11,726.406313,3318.516958,2461.350175,195.97856,10.162988,6.589485,46.428627,8.107575,34.436199,7.808872,2.741892,5.283095,15,99,283,50,447,445,187,-6.270608
2021,TH,Thailand,Dong Nam A,ASEAN khac,1,0,Upper middle income,3,1451.96,71.601103,20278.45856,9.917314,0.294372,-0.009272,333.769812,520.291633,57,11,726.276912,3513.261594,1964.807855,228.566065,10.143376,6.589307,49.067143,8.164585,27.441028,7.583659,3.192214,5.436191,18,125,285,68,496,494,206,1.374087
2022,TH,Thailand,Dong Nam A,ASEAN khac,1,0,Upper middle income,3,1489.43,71.69703,20773.942798,9.941455,0.287415,-0.10663,311.50172,483.364359,67,14,682.11702,3841.236955,1270.699624,225.894155,9.513881,6.526666,53.575956,8.25381,17.723184,7.14811,3.150677,5.424484,14,125,282,32,453,452,177,2.443402
2023,TH,Thailand,Dong Nam A,ASEAN khac,1,0,Upper middle income,3,1519.48,71.69703,21193.067551,9.961429,0.289552,-0.117344,321.649836,451.12867,67,14,565.044571,3826.760462,1251.731768,220.428612,7.881004,6.338673,53.374044,8.250035,17.458628,7.133082,3.074446,5.4001,15,113,284,40,452,450,185,2.01755
2001,TJ,Tajikistan,Trung A,Chau A khac,0,0,Lower middle income,2,9.402177,6.40881,1467.070717,7.291023,0.018491,-1.35624,2.019417,19.200408,119,32,4.1,6.083333,0.0,0.383279,0.639744,1.629241,0.949214,1.957745,0.0,0.0,0.059805,0.324457,0,7,8,0,15,15,0,
2002,TJ,Tajikistan,Trung A,Chau A khac,0,0,Lower middle income,2,10.417613,6.541755,1592.479847,7.373048,0.015726,-1.728089,-3.178382,15.317726,141,38,2.5,3.5,0.75,0.48964,0.38216,1.252763,0.535025,1.504077,0.114648,0.559616,0.074848,0.398535,2,4,8,0,14,14,0,8.548268
2003,TJ,Tajikistan,Trung A,Chau A khac,0,0,Lower middle income,2,11.56355,6.672492,1733.018239,7.45762,0.018293,-1.51783,0.550561,20.607289,129,35,7.7,3.0,0.0,0.602849,1.153992,2.163323,0.449607,1.386294,0.0,0.0,0.090348,0.471783,2,7,8,0,17,17,0,8.825128
2004,TJ,Tajikistan,Trung A,Chau A khac,0,0,Lower middle income,2,12.754596,6.801204,1875.343821,7.536547,0.018222,-1.451015,-0.692897,22.726681,131,35,7.333333,5.5,0.0,0.665185,1.07824,2.120264,0.80868,1.871802,0.0,0.0,0.097804,0.509936,1,1,10,0,12,12,0,8.212584
2005,TJ,Tajikistan,Trung A,Chau A khac,0,0,Lower middle income,2,13.609154,6.929145,1964.04515,7.582761,0.01721,-1.662086,-0.774572,21.79607,143,42,4.833333,7.583333,0.0,0.799349,0.697537,1.763589,1.094411,2.149822,0.0,0.0,0.11536,0.587425,1,1,7,0,9,9,1,4.72987
2006,TJ,Tajikistan,Trung A,Chau A khac,0,0,Lower middle income,2,14.561795,7.057417,2063.33207,7.632077,0.025899,-1.1314,9.525813,39.345928,118,30,7.166667,13.63869,1.0,0.887458,1.01548,2.100061,1.932533,2.683668,0.141695,0.693147,0.125748,0.635231,3,9,6,0,18,18,1,5.055226
2007,TJ,Tajikistan,Trung A,Chau A khac,0,0,Lower middle income,2,15.697615,7.188391,2183.745269,7.688797,0.0232,-1.252967,2.859002,36.293264,123,34,2.25,13.061111,0.0,1.03159,0.313005,1.178655,1.816973,2.643413,0.0,0.0,0.143508,0.708819,5,5,7,0,17,17,2,5.835861
2008,TJ,Tajikistan,Trung A,Chau A khac,0,0,Lower middle income,2,16.937726,7.324627,2312.435314,7.746056,0.037496,-0.987777,15.6342,70.37268,114,29,1.333333,64.066667,0.0,0.976334,0.182034,0.847298,8.746748,4.175412,0.0,0.0,0.133295,0.681243,4,20,10,0,34,34,2,5.893089
2009,TJ,Tajikistan,Trung A,Chau A khac,0,0,Lower middle income,2,17.598298,7.468596,2356.306011,7.76485,0.039628,-0.966136,21.097628,66.634096,113,30,3.333333,72.457143,0.0,0.812977,0.446313,1.466337,9.701575,4.296702,0.0,0.0,0.108853,0.59497,4,18,10,0,32,32,1,1.897164
2010,TJ,Tajikistan,Trung A,Chau A khac,0,0,Lower middle income,2,18.742187,7.621779,2459.030476,7.807522,0.037999,-1.266111,12.367181,68.09735,129,35,2.0,76.9375,0.0,1.07104,0.262406,1.098612,10.094428,4.355907,0.0,0.0,0.140524,0.728051,3,15,10,0,28,28,1,4.359555
2011,TJ,Tajikistan,Trung A,Chau A khac,0,0,Lower middle income,2,20.129109,7.784819,2585.687448,7.857747,0.038438,-1.21486,15.300587,75.11323,129,34,2.25,80.975,0.0,0.917256,0.289024,1.178655,10.401655,4.406414,0.0,0.0,0.117826,0.650895,3,11,7,0,21,21,1,5.150687
2012,TJ,Tajikistan,Trung A,Chau A khac,0,0,Lower middle income,2,21.638792,7.956382,2719.677339,7.908269,0.03403,-1.183612,13.253907,69.051155,127,36,0.5,70.25119,0.0,0.91918,0.062843,0.405465,8.82954,4.266212,0.0,0.0,0.115527,0.651898,0,17,7,0,24,24,0,5.181983
2013,TJ,Tajikistan,Trung A,Chau A khac,0,0,Lower middle income,2,23.240062,8.13661,2856.23403,7.957259,0.033671,-1.240413,12.610072,67.825041,124,32,2.0,58.074603,0.0,0.794352,0.245803,1.098612,7.137445,4.078801,0.0,0.0,0.097627,0.584644,1,10,6,0,17,17,1,5.021062
2014,TJ,Tajikistan,Trung A,Chau A khac,0,0,Lower middle income,2,24.797147,8.326348,2978.154013,7.999059,0.038281,-1.212637,19.209908,78.445746,128,36,2.0,72.524802,2.0,0.574512,0.240201,1.098612,8.710277,4.297623,0.240201,1.098612,0.068999,0.453945,1,13,7,0,21,21,1,4.268557
2015,TJ,Tajikistan,Trung A,Chau A khac,0,0,Lower middle income,2,26.289762,8.524063,3084.18206,8.034042,0.033573,-1.334946,14.768327,64.45385,134,36,1.0,58.345238,0.0,0.634883,0.117315,0.693147,6.844769,4.083372,0.0,0.0,0.074481,0.491571,1,9,10,0,20,20,1,3.560194
2016,TJ,Tajikistan,Trung A,Chau A khac,0,0,Lower middle income,2,28.103756,8.725318,3220.94344,8.07743,0.026918,-1.531744,7.142356,50.782912,142,40,4.0,23.402271,0.0,0.72191,0.458436,1.609438,2.682111,3.194676,0.0,0.0,0.082737,0.543434,1,4,10,0,15,15,1,4.434284
2017,TJ,Tajikistan,Trung A,Chau A khac,0,0,Lower middle income,2,30.099123,8.925525,3372.252338,8.123336,0.031206,-1.623394,8.923303,59.19551,142,39,6.5,33.445134,0.0,0.948017,0.728248,2.014903,3.747134,3.539368,0.0,0.0,0.106214,0.666812,1,3,10,0,14,14,3,4.697658
2018,TJ,Tajikistan,Trung A,Chau A khac,0,0,Lower middle income,2,32.386656,9.128132,3548.004732,8.174141,0.028174,-1.853682,8.913648,52.806575,156,41,7.0,30.700234,0.0,0.927055,0.76686,2.079442,3.363255,3.456324,0.0,0.0,0.10156,0.655993,0,6,15,0,21,21,2,5.211721
2019,TJ,Tajikistan,Trung A,Chau A khac,0,0,Lower middle income,2,34.783268,9.337003,3725.31401,8.222906,0.043397,-1.319359,25.829334,87.558435,133,37,8.0,34.116555,9.472103,0.677427,0.856806,2.197225,3.653909,3.558673,1.014469,2.348715,0.072553,0.517261,2,9,12,0,23,23,1,4.997436
2020,TJ,Tajikistan,Trung A,Chau A khac,0,0,Lower middle income,2,36.313732,9.543207,3805.191722,8.244122,0.040357,-1.299266,30.512127,81.118438,133,37,1.0,40.90246,12.156362,0.553632,0.104787,0.693147,4.286029,3.735345,1.273824,2.576905,0.058013,0.440595,0,5,9,0,14,14,0,2.144187
2021,TJ,Tajikistan,Trung A,Chau A khac,0,0,Lower middle income,2,39.727223,9.750064,4074.560223,8.312518,0.038846,-1.670436,16.467448,77.703237,151,40,1.5,30.050321,4.46875,0.942301,0.153845,0.916291,3.082064,3.435609,0.45833,1.69905,0.096646,0.663874,1,3,14,0,18,18,0,7.078973
2022,TJ,Tajikistan,Trung A,Chau A khac,0,0,Lower middle income,2,42.905401,9.952787,4310.893111,8.3689,0.043062,-1.374728,23.665945,84.634232,128,35,0.0,29.26978,1.84635,1.199508,0.0,0.0,2.940863,3.41015,0.185511,1.046037,0.12052,0.788234,0,12,15,0,27,27,0,5.800206
2023,TJ,Tajikistan,Trung A,Chau A khac,0,0,Lower middle income,2,46.466549,9.952787,4668.697206,8.448635,0.042082,-1.616215,19.607538,73.03179,142,41,0.0,31.782259,2.70122,0.860314,0.0,0.0,3.193302,3.489887,0.271403,1.308662,0.086439,0.620745,0,15,12,0,27,27,1,8.299999
2001,TL,Timor-Leste,Dong Nam A,ASEAN khac,1,0,Lower middle income,2,3.281806,0.893001,3675.030998,8.209317,0.004033,-1.190039,0.590531,4.435758,113,30,0.0,0.0,0.0,0.008682,0.0,0.0,0.0,0.0,0.0,0.0,0.009722,0.008644,0,0,0,0,0,0,0,
2002,TL,Timor-Leste,Dong Nam A,ASEAN khac,1,0,Lower middle income,2,3.061805,0.909639,3365.956698,8.121468,0.005435,-1.767406,-1.281578,4.6447,146,40,0.0,0.0,0.0,0.020477,0.0,0.0,0.0,0.0,0.0,0.0,0.022511,0.02027,0,0,1,0,1,1,0,-8.410114
2003,TL,Timor-Leste,Dong Nam A,ASEAN khac,1,0,Lower middle income,2,2.994989,0.926721,3231.812813,8.080799,0.003743,-1.254064,0.764934,4.228726,115,29,0.0,0.0,0.0,0.009995,0.0,0.0,0.0,0.0,0.0,0.0,0.010785,0.009945,0,0,0,0,0,0,0,-3.985312
2004,TL,Timor-Leste,Dong Nam A,ASEAN khac,1,0,Lower middle income,2,3.006969,0.945989,3178.650995,8.064212,0.010394,-0.771674,5.393039,14.527088,96,22,0.0,0.0,0.0,0.067987,0.0,0.0,0.0,0.0,0.0,0.0,0.071869,0.065776,0,0,0,0,0,0,0,-1.644954
2005,TL,Timor-Leste,Dong Nam A,ASEAN khac,1,0,Lower middle income,2,3.096714,0.969313,3194.751599,8.069265,0.005537,-1.533511,-0.721605,7.508643,134,38,0.0,0.0,0.0,0.076956,0.0,0.0,0.0,0.0,0.0,0.0,0.079392,0.074139,0,0,0,0,0,0,0,0.506523
2006,TL,Timor-Leste,Dong Nam A,ASEAN khac,1,0,Lower middle income,2,2.969251,0.994564,2985.479696,8.001516,0.004458,-2.54988,-6.277723,5.488635,181,47,0.0,0.5,0.0,0.036117,0.0,0.0,0.502733,0.405465,0.0,0.0,0.036315,0.03548,0,0,0,0,0,0,0,-6.550491
2007,TL,Timor-Leste,Dong Nam A,ASEAN khac,1,0,Lower middle income,2,3.274056,1.019362,3211.867559,8.074608,0.00494,-1.925331,-1.663136,7.046088,161,42,0.0,1.0,0.0,0.028316,0.0,0.0,0.981006,0.693147,0.0,0.0,0.027779,0.027923,0,3,0,0,3,3,0,7.582964
2008,TL,Timor-Leste,Dong Nam A,ASEAN khac,1,0,Lower middle income,2,3.647128,1.043076,3496.512239,8.159521,0.005261,-1.739126,-0.46936,7.947315,153,41,0.0,0.5,0.0,0.152602,0.0,0.0,0.479351,0.405465,0.0,0.0,0.1463,0.142022,0,0,0,0,0,0,0,8.862279
2009,TL,Timor-Leste,Dong Nam A,ASEAN khac,1,0,Lower middle income,2,4.0172,1.06554,3770.107566,8.234859,0.006305,-1.591973,0.835525,9.387654,144,41,0.0,0.666667,0.0,0.095627,0.0,0.0,0.625661,0.510826,0.0,0.0,0.089745,0.091327,0,1,0,0,1,1,0,7.824807
2010,TL,Timor-Leste,Dong Nam A,ASEAN khac,1,0,Lower middle income,2,4.392066,1.088486,4035.022909,8.302767,0.008277,-2.317525,0.790324,10.376318,180,47,0.0,1.738095,0.0,0.064836,0.0,0.0,1.596801,1.007263,0.0,0.0,0.059566,0.062821,0,2,0,0,2,2,0,7.026732
2011,TL,Timor-Leste,Dong Nam A,ASEAN khac,1,0,Lower middle income,2,4.653769,1.112976,4181.374027,8.338395,0.00719,-2.974394,-3.397556,8.728713,190,47,0.0,2.416667,0.0,0.116653,0.0,0.0,2.171356,1.228665,0.0,0.0,0.104812,0.110336,0,0,0,0,0,0,0,3.627021
2012,TL,Timor-Leste,Dong Nam A,ASEAN khac,1,0,Lower middle income,2,4.879971,1.137676,4289.420758,8.363907,0.005437,-2.906835,-2.093395,6.672994,190,47,0.0,1.5,0.0,0.573938,0.0,0.0,1.318477,0.916291,0.0,0.0,0.504483,0.453581,0,0,0,0,0,0,0,2.584001
2013,TL,Timor-Leste,Dong Nam A,ASEAN khac,1,0,Lower middle income,2,5.031463,1.161555,4331.661654,8.373707,0.008868,-2.702306,-0.844602,11.781112,185,47,0.0,3.111111,0.0,0.738677,0.0,0.0,2.678402,1.413693,0.0,0.0,0.635938,0.553124,0,4,1,0,5,5,0,0.984769
2014,TL,Timor-Leste,Dong Nam A,ASEAN khac,1,0,Lower middle income,2,5.256495,1.18483,4436.49753,8.39762,0.013575,-2.163218,3.059888,21.360325,173,46,0.0,2.819444,1.0,0.108169,0.0,0.0,2.379619,1.340105,0.844003,0.693147,0.091295,0.102709,0,0,0,0,0,0,0,2.420223
2015,TL,Timor-Leste,Dong Nam A,ASEAN khac,1,0,Lower middle income,2,5.386859,1.205813,4467.407946,8.404564,0.014774,-2.359022,1.783877,23.50499,173,45,0.0,3.222222,2.913043,0.280463,0.0,0.0,2.67224,1.440362,2.415834,1.364315,0.232592,0.247222,0,0,0,0,0,0,0,0.69673
2016,TL,Timor-Leste,Dong Nam A,ASEAN khac,1,0,Lower middle income,2,5.548999,1.224562,4531.415546,8.41879,0.008761,-3.063961,-4.382339,11.396167,190,47,0.0,4.7,0.0,0.049708,0.0,0.0,3.838107,1.740466,0.0,0.0,0.040593,0.048512,0,1,0,0,1,1,0,1.432768
2017,TL,Timor-Leste,Dong Nam A,ASEAN khac,1,0,Lower middle income,2,5.372407,1.243235,4321.312613,8.371314,0.009464,-2.654976,-2.026291,13.156043,186,47,0.0,3.85,0.0,0.082363,0.0,0.0,3.09676,1.578979,0.0,0.0,0.066249,0.079146,0,0,0,0,0,0,0,-4.636585
2018,TL,Timor-Leste,Dong Nam A,ASEAN khac,1,0,Lower middle income,2,5.372413,1.261845,4257.585719,8.356458,0.01167,-2.783041,-7.825731,17.911429,188,47,0.0,4.743478,0.6,0.058951,0.0,0.0,3.759161,1.748065,0.475494,0.470004,0.046718,0.057279,0,1,1,0,2,2,0,-1.474712
2019,TL,Timor-Leste,Dong Nam A,ASEAN khac,1,0,Lower middle income,2,6.630203,1.280438,5178.074512,8.552189,0.014887,-3.042578,-6.38006,19.471983,191,47,0.0,5.706667,5.0,0.097995,0.0,0.0,4.456808,1.903102,3.904914,1.791759,0.076532,0.093485,0,0,1,1,2,2,0,21.619971
2020,TL,Timor-Leste,Dong Nam A,ASEAN khac,1,0,Lower middle income,2,8.749344,1.299995,6730.290173,8.814374,0.012766,-2.872264,-3.459756,17.125386,189,47,0.0,4.822812,1.0,0.102219,0.0,0.0,3.70987,1.761783,0.769234,0.693147,0.07863,0.097325,0,1,0,0,1,1,0,29.976696
2021,TL,Timor-Leste,Dong Nam A,ASEAN khac,1,0,Lower middle income,2,9.214418,1.320942,6975.641855,8.85018,0.011906,-2.879602,-3.295414,17.929636,192,47,2.666667,3.96023,0.0,0.297297,2.018761,1.299283,2.998035,1.601452,0.0,0.0,0.225064,0.260283,0,0,0,0,0,0,0,3.645484
2022,TL,Timor-Leste,Dong Nam A,ASEAN khac,1,0,Lower middle income,2,7.321631,1.341296,5458.624166,8.604952,0.014359,-2.248926,3.408532,21.386834,174,45,2.333333,3.747619,0.0,0.299795,1.739611,1.203973,2.794028,1.557643,0.0,0.0,0.223512,0.262207,0,0,0,0,0,0,0,-21.747356
2023,TL,Timor-Leste,Dong Nam A,ASEAN khac,1,0,Lower middle income,2,5.9946,1.341296,4469.259946,8.404978,0.013627,-2.101625,4.031965,20.212159,168,47,0.0,3.697182,0.0,0.121622,0.0,0.0,2.756425,1.546963,0.0,0.0,0.090675,0.114776,0,3,0,0,3,3,0,-18.124791
2001,TM,Turkmenistan,Trung A,Chau A khac,0,0,Upper middle income,3,24.446794,4.635094,5274.282242,8.570598,0.01253,-2.322164,-7.701403,9.656753,172,43,0.333333,1.333333,0.0,2.583574,0.071915,0.287682,0.28766,0.847298,0.0,0.0,0.557394,1.276361,0,3,10,0,13,13,0,
2002,TM,Turkmenistan,Trung A,Chau A khac,0,0,Upper middle income,3,24.509666,4.698968,5215.967894,8.55948,0.012265,-2.163307,-6.689607,10.679836,162,42,0.0,0.833333,0.0,2.89997,0.0,0.0,0.177344,0.606136,0.0,0.0,0.61715,1.360969,0,2,12,0,14,14,1,-1.105636
2003,TM,Turkmenistan,Trung A,Chau A khac,0,0,Upper middle income,3,25.310845,4.758988,5318.535199,8.578953,0.010451,-2.213613,-5.748041,9.147499,171,44,1.0,1.0,0.0,2.893809,0.210129,0.693147,0.210129,0.693147,0.0,0.0,0.608072,1.359388,0,0,9,0,9,9,0,1.96641
2004,TM,Turkmenistan,Trung A,Chau A khac,0,0,Upper middle income,3,26.576491,4.819792,5514.032675,8.615052,0.011037,-2.376572,-7.780302,10.325984,179,46,0.0,1.25,0.0,3.75809,0.0,0.0,0.259347,0.81093,0.0,0.0,0.77972,1.559846,0,2,12,0,14,14,0,3.675777
2005,TM,Turkmenistan,Trung A,Chau A khac,0,0,Upper middle income,3,30.04048,4.885775,6148.559773,8.723973,0.009651,-2.252708,-5.259929,9.432764,170,46,0.333333,0.7,0.0,4.941847,0.068225,0.287682,0.143273,0.530628,0.0,0.0,1.011477,1.78202,0,1,14,0,15,15,0,11.507496
2006,TM,Turkmenistan,Trung A,Chau A khac,0,0,Upper middle income,3,33.336914,4.954029,6729.252912,8.814219,0.009639,-2.339462,-4.773242,8.860372,172,45,0.0,0.0625,0.0,5.43104,0.0,0.0,0.012616,0.060625,0.0,0.0,1.096287,1.861136,0,0,14,0,14,14,2,9.444377
2007,TM,Turkmenistan,Trung A,Chau A khac,0,0,Upper middle income,3,37.023743,5.024894,7368.064528,8.90491,0.008444,-2.281648,-5.175301,9.37654,175,46,1.0,0.25,0.0,6.209212,0.199009,0.693147,0.049752,0.223144,0.0,0.0,1.23569,1.97536,0,0,15,0,15,15,1,9.493054
2008,TM,Turkmenistan,Trung A,Chau A khac,0,0,Upper middle income,3,42.466233,5.100083,8326.576939,9.027208,0.008694,-2.259228,-2.7436,9.927225,176,45,1.5,0.0,0.0,7.590568,0.294113,0.916291,0.0,0.0,0.0,0.0,1.488323,2.150665,0,0,10,0,10,10,1,13.009012
2009,TM,Turkmenistan,Trung A,Chau A khac,0,0,Upper middle income,3,45.056674,5.180957,8696.592885,9.070687,0.010797,-1.828347,-0.675007,12.616784,155,43,2.75,0.015152,0.0,1.913052,0.53079,1.321756,0.002924,0.015038,0.0,0.0,0.369247,1.069201,0,0,10,0,10,10,0,4.443794
2010,TM,Turkmenistan,Trung A,Chau A khac,0,0,Upper middle income,3,49.201888,5.26797,9339.819279,9.142042,0.01055,-2.144349,-2.391602,12.839595,167,44,3.0,0.0,1.0,2.392704,0.569479,1.386294,0.0,0.0,0.189826,0.693147,0.454199,1.221627,0,0,11,0,11,11,0,7.396303
2011,TM,Turkmenistan,Trung A,Chau A khac,0,0,Upper middle income,3,56.434565,5.360811,10527.243963,9.261722,0.008736,-2.514913,-5.211685,10.796888,184,46,0.0,1.125,0.0,6.513168,0.0,0.0,0.209856,0.753772,0.0,0.0,1.21496,2.016657,0,0,10,0,10,10,0,12.713572
2012,TM,Turkmenistan,Trung A,Chau A khac,0,0,Upper middle income,3,62.698802,5.458682,11486.069706,9.34889,0.014154,-1.037431,4.320619,23.588344,117,30,0.0,2.033333,5.3125,9.23289,0.0,0.0,0.372495,1.109662,0.97322,1.842532,1.691414,2.325607,0,0,12,1,13,13,0,9.108041
2013,TM,Turkmenistan,Trung A,Chau A khac,0,0,Upper middle income,3,69.09408,5.560095,12426.780445,9.427609,0.009165,-2.208641,-3.935181,11.965294,168,44,0.0,0.75,1.0,9.653151,0.0,0.0,0.13489,0.559616,0.179853,0.693147,1.736149,2.365856,0,0,13,0,13,13,0,8.190014
2014,TM,Turkmenistan,Trung A,Chau A khac,0,0,Upper middle income,3,76.21077,5.663152,13457.306111,9.507277,0.011792,-1.954705,-1.601998,17.129246,163,43,0.5,3.0,3.0,9.927903,0.08829,0.405465,0.52974,1.386294,0.52974,1.386294,1.75307,2.391319,0,1,17,0,18,18,0,8.292781
2015,TM,Turkmenistan,Trung A,Chau A khac,0,0,Upper middle income,3,81.16447,5.766431,14075.338802,9.55218,0.008643,-2.174952,-1.24403,10.233895,168,44,2.5,0.0,2.0,8.271641,0.433544,1.252763,0.0,0.0,0.346835,1.098612,1.434447,2.22696,0,0,13,0,13,13,4,4.592544
2016,TM,Turkmenistan,Trung A,Chau A khac,0,0,Upper middle income,3,86.196667,5.868561,14687.871032,9.594777,0.016621,-1.312784,5.213418,27.10724,135,35,2.5,1.5,3.857143,6.484934,0.425999,1.252763,0.255599,0.916291,0.657255,1.58045,1.10503,2.012892,0,0,19,0,19,19,2,4.351812
2017,TM,Turkmenistan,Trung A,Chau A khac,0,0,Upper middle income,3,91.799451,5.968383,15380.95838,9.640886,0.019107,-0.935475,14.779577,33.196514,112,29,4.0,2.416667,2.268293,6.759486,0.670198,1.609438,0.404911,1.228665,0.380051,1.184268,1.132549,2.048916,0,0,18,2,20,20,2,4.718773
2018,TM,Turkmenistan,Trung A,Chau A khac,0,0,Upper middle income,3,97.491016,6.065066,16074.18887,9.68497,0.014377,-1.642087,1.557838,22.166177,145,38,1.333333,0.7,1.5,6.6527,0.219838,0.847298,0.115415,0.530628,0.247318,0.916291,1.096888,2.035059,0,0,19,0,19,19,3,4.50707
2019,TM,Turkmenistan,Trung A,Chau A khac,0,0,Upper middle income,3,103.633,6.15842,16827.855197,9.730791,0.017804,-1.471273,3.92924,29.208005,139,38,6.0,1.117902,1.8,9.346106,0.974276,1.94591,0.181524,0.750426,0.292283,1.029619,1.517614,2.33661,1,1,19,0,21,21,2,4.688674
2020,TM,Turkmenistan,Trung A,Chau A khac,0,0,Upper middle income,3,109.747,6.250438,17558.289515,9.773281,0.016131,-1.037804,9.492283,29.736143,117,32,2.5,0.56036,1.533333,7.632229,0.399972,1.252763,0.089651,0.444917,0.245316,0.929536,1.221071,2.155503,0,0,17,0,17,17,2,4.340626
2021,TM,Turkmenistan,Trung A,Chau A khac,0,0,Upper middle income,3,116.552,6.341855,18378.218991,9.818921,0.014185,-2.176652,-3.961334,21.34619,172,45,0.666667,0.598667,0.0,6.857068,0.105122,0.510826,0.094399,0.46917,0.0,0.0,1.08124,2.061414,0,0,19,0,19,19,1,4.669757
2022,TM,Turkmenistan,Trung A,Chau A khac,0,0,Upper middle income,3,123.778,6.43077,19247.772817,9.865151,0.012584,-1.777496,-0.653881,18.852377,149,41,0.0,0.666667,1.0,9.64725,0.0,0.0,0.103668,0.510826,0.155502,0.693147,1.50017,2.365302,0,0,18,0,18,18,1,4.731437
2023,TM,Turkmenistan,Trung A,Chau A khac,0,0,Upper middle income,3,131.576,6.43077,20460.380328,9.926246,0.017934,-1.499868,3.554673,28.131775,138,38,0.5,2.257634,3.725146,10.004495,0.077751,0.405465,0.351067,1.181001,0.579269,1.552899,1.555723,2.398304,0,0,15,0,15,15,2,6.299989
2001,TR,Turkiye,Tay A,Chau A khac,0,0,Upper middle income,3,908.769,65.072018,13965.588097,9.544352,0.256659,-0.117435,249.903705,258.502484,47,7,362.45,1402.894298,607.106118,36.751493,5.569982,5.895642,21.559102,7.247005,9.329757,6.410349,0.564782,3.631025,5,150,182,137,474,474,162,
2002,TR,Turkiye,Tay A,Chau A khac,0,0,Upper middle income,3,967.364,65.988663,14659.548414,9.592847,0.270373,-0.129672,262.811624,283.718491,49,8,468.292424,2053.236048,758.762189,42.172762,7.096559,6.151226,31.114982,7.627659,11.498372,6.633005,0.639091,3.76521,14,185,191,155,545,545,200,4.969073
2003,TR,Turkiye,Tay A,Chau A khac,0,0,Upper middle income,3,1023.12,66.867327,15300.746207,9.635657,0.283442,-0.126632,273.932768,306.607813,52,10,522.995675,2828.598146,770.662007,54.712209,7.821393,6.261483,42.301648,7.94789,11.52524,6.648547,0.81822,4.020199,13,224,206,141,584,582,222,4.373926
2004,TR,Turkiye,Tay A,Chau A khac,0,0,Upper middle income,3,1123.34,67.785075,16572.084637,9.715475,0.295935,-0.066583,269.620313,350.524766,53,11,675.748618,3622.296492,981.783466,71.389383,9.968988,6.5173,53.437965,8.19514,14.48377,6.890389,1.053173,4.28206,12,229,214,152,607,606,260,8.308996
2005,TR,Turkiye,Tay A,Chau A khac,0,0,Upper middle income,3,1224.35,68.704715,17820.465451,9.788103,0.313057,-0.024469,275.063699,380.220325,48,10,815.60705,4136.134449,1185.2063,81.16423,11.871195,6.705158,60.20161,8.327759,17.250727,7.078516,1.181349,4.40872,13,227,234,153,627,627,270,7.533034
2006,TR,Turkiye,Tay A,Chau A khac,0,0,Upper middle income,3,1309.42,69.601333,18813.145432,9.842311,0.332691,0.040011,281.854053,421.121008,45,9,1025.963986,4705.901791,1469.870898,92.894848,14.74058,6.934362,67.612237,8.456785,21.11843,7.29361,1.334671,4.542176,20,250,239,202,711,709,321,5.570449
2007,TR,Turkiye,Tay A,Chau A khac,0,0,Upper middle income,3,1375.46,70.468869,19518.689877,9.879128,0.349821,0.095982,261.591801,478.429162,43,9,1420.143561,5304.501527,1757.035551,113.43095,20.152779,7.259217,75.274396,8.5765,24.9335,7.471952,1.60966,4.739972,27,253,238,215,733,731,317,3.750274
2008,TR,Turkiye,Tay A,Chau A khac,0,0,Upper middle income,3,1386.67,71.320726,19442.735342,9.875229,0.351106,0.091504,261.134028,514.604967,48,10,1630.522351,5617.632823,1784.514296,136.913251,22.861831,7.397269,78.765783,8.633844,25.020978,7.487462,1.919684,4.926625,23,246,247,217,733,732,346,-0.389137
2009,TR,Turkiye,Tay A,Chau A khac,0,0,Upper middle income,3,1319.79,72.225639,18273.150896,9.813188,0.355545,0.105432,277.164699,457.925859,42,9,1840.764391,5925.288433,1701.625348,104.48624,25.486301,7.518479,82.038574,8.687153,23.559852,7.439927,1.446664,4.658581,32,254,265,198,749,748,321,-6.015534
2010,TR,Turkiye,Tay A,Chau A khac,0,0,Upper middle income,3,1431.01,73.195345,19550.560217,9.880759,0.357583,0.084249,284.65032,492.489717,46,10,2032.379743,6144.084494,1882.648241,116.413197,27.766516,7.617455,83.940919,8.723408,25.720874,7.540966,1.590445,4.765699,34,268,268,181,751,750,306,6.990635
2011,TR,Turkiye,Tay A,Chau A khac,0,0,Upper middle income,3,1591.29,74.173854,21453.516491,9.973644,0.358181,0.092492,279.423148,537.861064,48,10,2374.576112,6811.913701,2160.957095,135.277627,32.013654,7.772995,91.837128,8.826575,29.133677,7.678769,1.823791,4.914694,39,250,258,183,730,727,346,9.733513
2012,TR,Turkiye,Tay A,Chau A khac,0,0,Upper middle income,3,1667.48,75.277439,22151.125518,10.005644,0.36729,0.145368,277.091642,542.384318,44,8,2376.276762,6625.138295,2286.879391,137.796032,31.566918,7.773711,88.009613,8.798777,30.379346,7.735381,1.830509,4.933005,49,240,268,230,787,783,395,3.251723
2013,TR,Turkiye,Tay A,Chau A khac,0,0,Upper middle income,3,1808.98,76.576117,23623.292364,10.069988,0.374302,0.084014,313.867237,555.862729,48,10,2336.164056,7250.387028,2890.719358,155.969941,30.507737,7.756694,94.682093,8.888948,37.749621,7.969607,2.036796,5.056054,40,226,283,251,800,797,458,6.646014
2014,TR,Turkiye,Tay A,Chau A khac,0,0,Upper middle income,3,1898.34,78.112073,24302.773273,10.098346,0.374961,0.07912,334.395093,558.978633,51,10,2330.803043,7805.227899,2990.378615,156.680915,29.839216,7.754397,99.923451,8.962677,38.283181,8.00349,2.005848,5.060573,39,222,279,243,783,774,460,2.876318
2015,TR,Turkiye,Tay A,Chau A khac,0,0,Upper middle income,3,2013.85,79.646178,25284.954665,10.137965,0.379975,0.094566,341.54627,547.361157,49,8,2769.403507,8431.574092,3096.83467,136.969486,34.77133,7.926748,105.862884,9.039857,38.882401,8.038459,1.719725,4.927033,40,250,280,244,814,806,452,4.041437
2016,TR,Turkiye,Tay A,Chau A khac,0,0,Upper middle income,3,2080.77,81.019394,25682.369335,10.15356,0.383014,0.106467,345.892431,551.09874,49,9,2938.869478,9136.47023,3751.616416,131.314093,36.273654,7.98612,112.768928,9.120139,46.305165,8.230209,1.620774,4.885179,54,238,287,242,821,814,450,1.571744
2017,TR,Turkiye,Tay A,Chau A khac,0,0,Upper middle income,3,2236.87,82.089826,27249.052763,10.212774,0.38238,0.139622,340.953822,560.627858,49,9,3522.568178,7622.215092,3784.79629,145.389493,42.911142,8.167229,92.852129,8.938953,46.105547,8.239012,1.771102,4.986271,66,227,296,234,823,810,429,6.100229
2018,TR,Turkiye,Tay A,Chau A khac,0,0,Upper middle income,3,2304.27,82.809304,27826.221073,10.233734,0.387478,0.165976,366.098684,583.417364,44,7,4250.981357,7953.396713,3646.575039,159.964657,51.334586,8.35514,96.044724,8.98148,44.035813,8.201818,1.931723,5.081185,74,234,299,212,819,813,414,2.118122
2019,TR,Turkiye,Tay A,Chau A khac,0,0,Upper middle income,3,2323.13,83.481684,27828.020336,10.233799,0.395417,0.166638,354.241401,593.23372,47,7,4748.095736,8858.199684,4075.115145,160.803376,56.875898,8.46571,106.109499,9.089212,48.814482,8.3129,1.926211,5.086382,78,247,311,209,845,835,418,0.006466
2020,TR,Turkiye,Tay A,Chau A khac,0,0,Upper middle income,3,2366.34,84.135428,28125.369494,10.244427,0.398917,0.163402,376.50812,592.806909,49,7,4125.488939,10033.458526,3956.871001,145.577973,49.033909,8.325182,119.25367,9.21378,47.029784,8.283462,1.730281,4.987558,78,260,326,208,872,865,434,1.068524
2021,TR,Turkiye,Tay A,Chau A khac,0,0,Upper middle income,3,2637.03,84.775404,31106.074116,10.345158,0.405441,0.175094,424.544748,621.584752,42,7,4704.706764,9679.128648,3514.098493,188.477631,55.496129,8.456531,114.173784,9.17783,41.451864,8.164823,2.223258,5.244271,87,263,347,221,918,908,465,10.597922
2022,TR,Turkiye,Tay A,Chau A khac,0,0,Upper middle income,3,2782.95,85.341241,32609.67344,10.392364,0.419865,0.205348,389.245757,604.932,42,7,4816.997324,9520.27248,3410.194355,202.601749,56.443957,8.480114,111.555356,9.161284,39.959512,8.134818,2.374019,5.316166,101,269,368,246,984,963,515,4.83378
2023,TR,Turkiye,Tay A,Chau A khac,0,0,Upper middle income,3,2925.19,85.341241,34276.393989,10.442212,0.424048,0.199428,405.065479,562.787923,46,7,3525.253783,10975.905103,3332.880208,194.595963,41.30774,8.167991,128.61197,9.303549,39.053571,8.111892,2.28021,5.276051,93,278,367,248,986,967,540,5.111123
2001,UZ,Uzbekistan,Trung A,Chau A khac,0,0,Lower middle income,2,88.060085,24.96445,3527.419381,8.168322,0.027193,-1.517599,0.791946,26.682487,131,37,16.533333,12.283333,0.0,2.155382,0.662275,2.864104,0.492033,2.58651,0.0,0.0,0.086338,1.14911,1,8,28,0,37,37,2,
2002,UZ,Uzbekistan,Trung A,Chau A khac,0,0,Lower middle income,2,91.559142,25.27185,3622.969503,8.195049,0.028078,-1.522372,1.171215,28.745174,125,36,13.9,13.873352,0.0,1.535845,0.550019,2.701361,0.548965,2.699571,0.0,0.0,0.060773,0.930527,2,10,29,0,41,41,2,2.708783
2003,UZ,Uzbekistan,Trung A,Chau A khac,0,0,Lower middle income,2,95.434499,25.56765,3732.626939,8.224868,0.031694,-1.330682,6.192579,35.965549,119,31,9.5,23.377778,1.0,2.184094,0.371563,2.351375,0.91435,3.193672,0.039112,0.693147,0.085424,1.158168,7,10,36,0,53,53,3,3.026728
2004,UZ,Uzbekistan,Trung A,Chau A khac,0,0,Lower middle income,2,102.543,25.86435,3964.646318,8.285172,0.031723,-1.303146,5.986004,39.948461,123,33,23.866667,23.544877,0.666667,2.938949,0.922763,3.213528,0.910322,3.200503,0.025776,0.510826,0.113629,1.370914,5,7,38,0,50,50,5,6.215981
2005,UZ,Uzbekistan,Trung A,Chau A khac,0,0,Lower middle income,2,109.67,26.167,4191.156801,8.340732,0.036283,-1.205981,11.076873,47.246027,118,31,19.375,23.567262,3.60119,3.603442,0.740436,3.014309,0.900648,3.201415,0.137623,1.526315,0.137709,1.526804,1,13,36,1,51,51,3,5.713258
2006,UZ,Uzbekistan,Trung A,Chau A khac,0,0,Lower middle income,2,117.842,26.48825,4448.840524,8.400399,0.033281,-1.335762,6.953516,46.090202,128,34,13.722222,31.654794,0.0,4.537021,0.518049,2.689358,1.19505,3.485992,0.0,0.0,0.171284,1.711457,3,9,36,0,48,48,6,6.148272
2007,UZ,Uzbekistan,Trung A,Chau A khac,0,0,Lower middle income,2,129.005,26.868,4801.436653,8.47667,0.044885,-0.874452,16.829899,73.17945,103,27,15.175866,34.524082,6.0,5.341454,0.564831,2.78352,1.284952,3.570211,0.223314,1.94591,0.198804,1.847108,10,11,35,0,56,56,3,7.925574
2008,UZ,Uzbekistan,Trung A,Chau A khac,0,0,Lower middle income,2,140.653,27.3028,5151.596173,8.547062,0.038572,-1.157032,8.580089,66.430744,123,33,16.396631,29.908141,1.0,7.101663,0.600548,2.856277,1.095424,3.43102,0.036626,0.693147,0.260107,2.092069,10,5,30,0,45,45,1,7.292807
2009,UZ,Uzbekistan,Trung A,Chau A khac,0,0,Lower middle income,2,151.977,27.7674,5473.216794,8.607622,0.038679,-1.116288,7.097037,60.651959,119,32,14.811471,32.020671,2.5,4.915151,0.533412,2.760736,1.153175,3.497134,0.090034,1.252763,0.177012,1.777517,10,9,28,1,48,48,1,6.243126
2010,UZ,Uzbekistan,Trung A,Chau A khac,0,0,Lower middle income,2,163.523,28.5624,5725.114136,8.652618,0.042204,-1.188206,9.720786,70.551235,123,31,20.704779,34.71725,6.7,5.64599,0.724896,3.077532,1.215488,3.575634,0.234574,2.04122,0.197672,1.894014,7,13,31,0,51,51,4,4.602364
2011,UZ,Uzbekistan,Trung A,Chau A khac,0,0,Lower middle income,2,175.829,29.3394,5992.931007,8.698336,0.039905,-1.092206,9.058557,73.094882,120,31,24.838869,37.385516,1.0,5.926346,0.846605,3.25188,1.274243,3.64768,0.034084,0.693147,0.201993,1.935332,6,9,28,0,43,43,4,4.677931
2012,UZ,Uzbekistan,Trung A,Chau A khac,0,0,Lower middle income,2,188.317,29.7745,6324.774555,8.75223,0.039368,-1.102687,9.786357,72.188834,119,32,17.689035,36.551623,7.0,4.383955,0.5941,2.927937,1.227615,3.625717,0.235101,2.079442,0.147239,1.683423,3,10,34,0,47,47,2,5.53725
2013,UZ,Uzbekistan,Trung A,Chau A khac,0,0,Lower middle income,2,202.058,30.2432,6681.105174,8.807039,0.043512,-1.324622,12.302392,78.873965,133,36,26.892105,49.124242,8.92,5.292932,0.889195,3.328344,1.624307,3.914505,0.294942,2.294553,0.175012,1.839427,3,12,34,0,49,49,4,5.633886
2014,UZ,Uzbekistan,Trung A,Chau A khac,0,0,Lower middle income,2,215.947,30.7577,7020.908585,8.856648,0.049093,-0.696483,24.811177,98.308316,96,25,31.2,46.763936,17.005876,4.224187,1.01438,3.471966,1.520398,3.866271,0.552898,2.890698,0.137338,1.653299,2,8,30,9,49,49,5,5.086036
2015,UZ,Uzbekistan,Trung A,Chau A khac,0,0,Lower middle income,2,231.535,31.2989,7397.544323,8.908903,0.051095,-0.54487,31.687847,99.466758,90,24,33.033772,51.126359,10.776976,3.55905,1.055429,3.527353,1.633487,3.953671,0.344324,2.466146,0.113712,1.517114,5,12,32,14,63,63,4,5.364487
2016,UZ,Uzbekistan,Trung A,Chau A khac,0,0,Lower middle income,2,245.27,31.8479,7701.292707,8.949143,0.044445,-0.99604,19.287734,81.837052,113,29,29.929386,56.611688,34.483601,3.702861,0.93976,3.431707,1.777564,4.053725,1.082759,3.569071,0.116267,1.548171,3,8,34,1,46,46,2,4.10607
2017,UZ,Uzbekistan,Trung A,Chau A khac,0,0,Lower middle income,2,256.051,32.3886,7905.590239,8.975325,0.057248,-0.790757,33.234167,109.379564,104,28,28.731579,49.367532,33.68668,5.504148,0.887089,3.39221,1.524226,3.919347,1.040078,3.546356,0.169941,1.87244,2,4,48,4,58,58,5,2.652769
2018,UZ,Uzbekistan,Trung A,Chau A khac,0,0,Lower middle income,2,270.285,32.9561,8201.364846,9.012056,0.05835,-0.975865,32.756197,111.304819,116,30,22.086802,53.199326,65.758802,5.974589,0.670189,3.139261,1.614248,3.992668,1.995345,4.201086,0.181289,1.942273,3,6,48,8,65,65,5,3.741335
2019,UZ,Uzbekistan,Trung A,Chau A khac,0,0,Lower middle income,2,288.61,33.58035,8594.609645,9.058891,0.063489,-0.924415,36.225989,121.310624,112,28,31.622368,69.123338,31.906364,7.109776,0.941693,3.484998,2.058446,4.250256,0.95015,3.493666,0.211724,2.09307,3,10,56,4,73,73,5,4.79487
2020,UZ,Uzbekistan,Trung A,Chau A khac,0,0,Lower middle income,2,293.122,34.23205,8562.794224,9.055182,0.069044,-0.832738,45.244591,135.890456,104,28,36.583333,114.816457,40.391092,5.85065,1.068687,3.626561,3.354063,4.752007,1.17992,3.723066,0.170911,1.924344,3,12,59,3,77,77,7,-0.370179
2021,UZ,Uzbekistan,Trung A,Chau A khac,0,0,Lower middle income,2,316.674,34.9151,9069.829386,9.112709,0.078461,-0.966468,53.368181,156.521298,111,30,26.666667,146.057413,31.016238,7.862693,0.763757,3.320228,4.183216,4.990823,0.888333,3.466243,0.225195,2.181851,2,21,60,0,83,83,8,5.921375
2022,UZ,Uzbekistan,Trung A,Chau A khac,0,0,Lower middle income,2,335.678,35.6481,9416.434536,9.150212,0.08913,-0.900398,62.621946,172.817755,106,27,7.5,209.710886,57.242298,8.611566,0.21039,2.140066,5.882807,5.350487,1.60576,4.064612,0.241572,2.262967,1,17,70,11,99,99,8,3.821518
2023,UZ,Uzbekistan,Trung A,Chau A khac,0,0,Lower middle income,2,356.797,35.6481,10008.864428,9.211226,0.1069,-0.746925,90.302068,193.327608,98,25,10.5,334.024819,35.340392,9.419033,0.294546,2.442347,9.37006,5.814205,0.991368,3.59293,0.264223,2.343634,0,37,74,6,117,117,8,6.291446
2001,VN,Viet Nam,Dong Nam A,Viet Nam,1,1,Lower middle income,2,356.341,79.817777,4464.431526,8.403897,0.078709,-1.492191,25.49709,73.529786,129,35,29.7,100.279004,52.583333,18.777282,0.372098,3.424263,1.256349,4.617879,0.658792,3.981238,0.235252,2.984534,0,16,82,2,100,100,37,
2002,VN,Viet Nam,Dong Nam A,Viet Nam,1,1,Lower middle income,2,378.865,80.642308,4698.092222,8.454912,0.088555,-1.399859,42.815412,86.382263,117,33,29.521429,112.156822,120.27381,20.598101,0.366079,3.418429,1.390794,4.728775,1.491448,4.798051,0.255425,3.072605,0,14,90,7,111,111,39,5.233829
2003,VN,Viet Nam,Dong Nam A,Viet Nam,1,1,Lower middle income,2,405.003,81.475825,4970.836441,8.511343,0.093802,-1.299476,43.565635,100.223404,117,30,31.388095,122.661068,178.987879,25.013392,0.385244,3.477791,1.50549,4.817545,2.196822,5.19289,0.307004,3.258611,0,9,85,8,102,102,38,5.805425
2004,VN,Viet Nam,Dong Nam A,Viet Nam,1,1,Lower middle income,2,435.525,82.311227,5291.198004,8.5738,0.096817,-1.124065,50.295667,117.475651,113,30,48.907143,118.822558,165.411688,31.303757,0.594173,3.910164,1.443577,4.786012,2.009588,5.114465,0.38031,3.475184,0,7,89,8,104,104,34,6.444822
2005,VN,Viet Nam,Dong Nam A,Viet Nam,1,1,Lower middle income,2,468.396,83.142095,5633.680508,8.636518,0.106309,-1.078374,65.717779,135.290383,112,30,59.345238,163.90368,221.750883,38.633981,0.713781,4.100082,1.971368,5.105362,2.667131,5.406054,0.464674,3.679687,0,12,94,4,110,110,39,6.472684
2006,VN,Viet Nam,Dong Nam A,Viet Nam,1,1,Lower middle income,2,501.08,83.9518,5968.662971,8.694278,0.111083,-0.967631,71.51628,150.034165,108,28,95.735714,197.89733,202.810583,44.620762,1.140365,4.571983,2.357273,5.292789,2.415798,5.317191,0.531505,3.820363,0,12,102,4,118,118,37,5.946068
2007,VN,Viet Nam,Dong Nam A,Viet Nam,1,1,Lower middle income,2,536.804,84.762269,6333.053685,8.753538,0.115252,-0.938312,67.858761,172.294629,109,29,118.165476,228.141556,183.070833,53.7029,1.394081,4.780513,2.691546,5.43434,2.159815,5.215321,0.633571,4.001917,0,10,113,1,124,124,43,6.105064
2008,VN,Viet Nam,Dong Nam A,Viet Nam,1,1,Lower middle income,2,567.197,85.597241,6626.346753,8.798809,0.126534,-0.828109,80.712544,206.218446,104,25,120.002381,260.834686,232.06324,65.404583,1.401942,4.79581,3.047232,5.567713,2.711107,5.45131,0.764097,4.195766,0,10,114,4,128,128,48,4.631148
2009,VN,Viet Nam,Dong Nam A,Viet Nam,1,1,Lower middle income,2,597.814,86.482923,6912.50919,8.841088,0.132606,-0.889647,91.098041,190.77228,106,28,124.275,323.842105,231.706854,57.870663,1.436989,4.830511,3.744579,5.783339,2.679221,5.44978,0.669157,4.075343,0,9,116,1,126,126,58,4.318555
2010,VN,Viet Nam,Dong Nam A,Viet Nam,1,1,Lower middle income,2,636.213,87.411012,7278.407897,8.892667,0.141721,-0.70703,108.26988,220.230707,99,25,114.542857,360.98171,351.108222,73.304492,1.310394,4.749642,4.129705,5.891594,4.01675,5.863939,0.838619,4.308171,1,8,131,8,148,148,60,5.293283
2011,VN,Viet Nam,Dong Nam A,Viet Nam,1,1,Lower middle income,2,677.014,88.349117,7662.940197,8.944151,0.153648,-0.594765,117.07721,262.098107,93,22,140.953038,447.515636,366.915351,97.198512,1.59541,4.955496,5.06531,6.105944,4.153017,5.907853,1.100164,4.586991,0,12,136,12,160,160,63,5.283192
2012,VN,Viet Nam,Dong Nam A,Viet Nam,1,1,Lower middle income,2,714.281,89.301326,7998.548644,8.987015,0.159949,-0.610269,124.937495,269.142208,94,25,174.899365,506.477028,415.448437,114.753485,1.95853,5.169912,5.671551,6.229451,4.652209,6.031763,1.285014,4.751463,1,10,154,6,171,171,77,4.37963
2013,VN,Viet Nam,Dong Nam A,Viet Nam,1,1,Lower middle income,2,753.949,90.267739,8352.36385,9.0303,0.161202,-0.698575,136.437316,275.856663,97,26,186.895731,612.515741,465.289183,129.092915,2.07046,5.235887,6.785544,6.419206,5.154546,6.144806,1.430111,4.868249,0,18,160,9,187,185,83,4.423493
2014,VN,Viet Nam,Dong Nam A,Viet Nam,1,1,Lower middle income,2,802.369,91.235504,8794.482025,9.08188,0.167719,-0.598819,148.786702,288.936674,90,22,246.237187,683.948525,419.474706,142.345734,2.698918,5.510348,7.496517,6.529344,4.597713,6.041384,1.560201,4.965259,2,15,168,7,192,191,94,5.29333
2015,VN,Viet Nam,Dong Nam A,Viet Nam,1,1,Lower middle income,2,858.432,92.191398,9311.411028,9.138996,0.172262,-0.511418,152.373728,289.031115,88,23,246.388147,763.731116,388.616012,155.465263,2.672572,5.510959,8.284191,6.639524,4.215317,5.965162,1.686332,5.052834,2,22,171,1,196,195,102,5.877879
2016,VN,Viet Nam,Dong Nam A,Viet Nam,1,1,Lower middle income,2,915.861,93.126529,9834.587521,9.193661,0.180125,-0.499472,165.775053,302.240149,91,23,225.813805,1030.745037,463.162292,167.193446,2.424806,5.424129,11.068221,6.939007,4.973473,6.140234,1.795336,5.125115,2,19,180,2,203,202,118,5.61866
2017,VN,Viet Nam,Dong Nam A,Viet Nam,1,1,Lower middle income,2,979.423,94.033048,10415.731712,9.251073,0.188313,-0.444735,171.304107,324.054333,86,18,279.22866,1065.067314,518.980054,201.075706,2.969474,5.635606,11.326521,6.971732,5.519124,6.25379,2.138351,5.308642,4,22,192,7,225,221,126,5.909187
2018,VN,Viet Nam,Dong Nam A,Viet Nam,1,1,Lower middle income,2,1052.54,94.91433,11089.368697,9.313742,0.195961,-0.471759,202.729105,347.666752,82,19,331.761078,1416.483775,662.548029,217.135153,3.495374,5.807425,14.923814,7.256639,6.980485,6.497601,2.287696,5.385115,1,37,198,4,240,237,136,6.467496
2019,VN,Viet Nam,Dong Nam A,Viet Nam,1,1,Lower middle income,2,1130.0,95.776716,11798.274645,9.375709,0.21452,-0.395531,218.252252,383.431649,80,17,406.084466,2122.941228,889.698473,234.796877,4.239908,6.009021,22.165525,7.661029,9.289298,6.792006,2.451503,5.462971,3,66,201,14,284,277,157,6.392663
2020,VN,Viet Nam,Dong Nam A,Viet Nam,1,1,Lower middle income,2,1162.38,96.648685,12026.857893,9.394898,0.222893,-0.380649,242.095883,390.440963,82,16,428.341234,2895.352111,1155.967359,246.057083,4.431941,6.062252,29.957491,7.971207,11.960508,7.053558,2.545892,5.509619,3,90,201,26,320,315,174,1.937429
2021,VN,Viet Nam,Dong Nam A,Viet Nam,1,1,Lower middle income,2,1192.06,97.468029,12230.266809,9.411669,0.223119,-0.357039,263.689409,403.492836,77,15,468.427225,2340.549328,926.586791,282.995358,4.805958,6.151513,24.013508,7.758568,9.506572,6.832586,2.903469,5.648958,3,81,216,22,322,316,173,1.691289
2022,VN,Viet Nam,Dong Nam A,Viet Nam,1,1,Lower middle income,2,1293.83,98.186856,13177.22201,9.486245,0.225811,-0.328043,245.797955,390.779009,79,18,434.010895,2326.267786,973.862486,300.318105,4.420255,6.075371,23.692253,7.75245,9.918461,6.882296,3.058639,5.708167,3,66,233,29,331,323,181,7.742719
2023,VN,Viet Nam,Dong Nam A,Viet Nam,1,1,Lower middle income,2,1359.36,98.186856,13844.62295,9.535652,0.22541,-0.348213,247.867812,362.302584,81,18,448.030483,2711.780135,817.517361,303.050045,4.563039,6.107091,27.618566,7.905729,8.326138,6.707495,3.086462,5.717192,3,73,219,27,322,316,181,5.064808
2001,YE,Yemen,Tay A,Chau A khac,0,0,Low income,1,,19.143457,,,0.015633,-2.105501,-5.47422,13.859126,161,41,0.0,9.9,8.0,3.270669,0.0,0.0,0.517148,2.388763,0.417897,2.197225,0.170851,1.451771,0,13,13,2,28,28,3,
2002,YE,Yemen,Tay A,Chau A khac,0,0,Low income,1,,19.660653,,,0.012407,-2.222962,-9.810392,11.909522,167,43,5.5,6.833333,2.0,2.945386,0.279747,1.871802,0.347564,2.058388,0.101726,1.098612,0.149811,1.372547,2,3,11,0,16,16,2,
2003,YE,Yemen,Tay A,Chau A khac,0,0,Low income,1,,20.188799,,,0.014869,-2.304601,-10.170821,14.194915,174,45,0.0,7.283333,18.0,4.080248,0.0,0.0,0.360761,2.114245,0.891583,2.944439,0.202105,1.62536,0,5,11,1,17,17,1,
2004,YE,Yemen,Tay A,Chau A khac,0,0,Low income,1,,20.733406,,,0.020191,-1.679603,-1.743514,24.227388,143,40,0.0,11.516667,46.0,4.444717,0.0,0.0,0.555464,2.527061,2.218642,3.850148,0.214375,1.694646,0,7,13,6,26,26,0,
2005,YE,Yemen,Tay A,Chau A khac,0,0,Low income,1,,21.320671,,,0.021745,-1.648602,-2.557915,29.035302,141,41,2.666667,12.116667,60.923077,5.9164,0.125074,1.299283,0.568306,2.573884,2.857465,4.125893,0.277496,1.933895,0,4,14,10,28,28,1,
2006,YE,Yemen,Tay A,Chau A khac,0,0,Low income,1,,21.966298,,,0.024966,-1.515148,-0.095277,35.00185,136,37,4.0,11.547619,64.888889,7.175134,0.182097,1.609438,0.525697,2.529531,2.95402,4.18797,0.326643,2.101097,0,7,12,7,26,26,0,
2007,YE,Yemen,Tay A,Chau A khac,0,0,Low income,1,,22.641538,,,0.027983,-1.326478,4.908279,44.211786,125,35,2.375,18.866667,47.258333,7.030507,0.104896,1.216395,0.833277,2.989043,2.08724,3.876569,0.310514,2.083248,0,2,12,10,24,24,1,
2008,YE,Yemen,Tay A,Chau A khac,0,0,Low income,1,,23.329004,,,0.023211,-1.594385,-2.032121,38.757833,145,40,1.541667,14.819444,46.988889,7.880588,0.066084,0.93282,0.635237,2.76124,2.014183,3.87097,0.337802,2.183868,0,5,17,5,27,27,0,
2009,YE,Yemen,Tay A,Chau A khac,0,0,Low income,1,,24.029589,,,0.028326,-1.55536,1.779474,42.627737,142,39,3.833333,20.197222,39.113003,6.104771,0.159526,1.575536,0.840515,3.05387,1.627702,3.691701,0.254052,1.960767,0,1,14,9,24,24,1,
2010,YE,Yemen,Tay A,Chau A khac,0,0,Low income,1,,24.743946,,,0.030736,-1.583171,4.342105,51.658378,145,40,1.125,39.42619,17.777778,7.106976,0.045466,0.753772,1.593367,3.699478,0.71847,2.932674,0.287221,2.092725,0,11,13,1,25,25,1,
2011,YE,Yemen,Tay A,Chau A khac,0,0,Low income,1,,25.47561,,,0.035642,-1.332489,9.481418,66.212469,136,37,6.166667,51.960714,41.470588,8.156997,0.242062,1.969441,2.039626,3.96955,1.627855,3.748812,0.320188,2.214518,1,6,15,4,26,26,0,
2012,YE,Yemen,Tay A,Chau A khac,0,0,Low income,1,,26.223391,,,0.031815,-1.450576,5.486182,58.927645,138,39,5.208333,51.211905,19.791667,6.792624,0.198614,1.825892,1.952909,3.955311,0.754733,3.034552,0.259029,2.053178,1,5,13,0,19,19,1,
2013,YE,Yemen,Tay A,Chau A khac,0,0,Low income,1,,26.984002,,,0.034758,-1.462842,11.70219,66.014996,137,38,4.666667,60.47619,32.95977,7.185805,0.172942,1.734601,2.241187,4.11865,1.221456,3.525177,0.266299,2.102402,0,6,15,0,21,21,2,
2014,YE,Yemen,Tay A,Chau A khac,0,0,Low income,1,,27.753304,,,0.033983,-1.851842,5.457142,61.735113,159,42,3.458333,62.278665,42.833333,3.050881,0.12461,1.494775,2.244009,4.147548,1.54336,3.780395,0.109929,1.398934,0,8,11,3,22,22,1,
2015,YE,Yemen,Tay A,Chau A khac,0,0,Low income,1,,28.516545,,,0.034884,-1.52621,8.002835,65.802437,144,40,4.5,57.468687,31.727778,1.740201,0.157803,1.704748,2.015275,4.068491,1.112609,3.488224,0.061024,1.008031,2,5,13,0,20,20,0,
2016,YE,Yemen,Tay A,Chau A khac,0,0,Low income,1,,29.274002,,,0.030557,-1.359013,14.860834,59.282387,137,37,6.958333,68.724901,26.585714,0.369571,0.237697,2.07422,2.347643,4.244558,0.908168,3.317298,0.012625,0.314497,1,9,7,0,17,17,0,
2017,YE,Yemen,Tay A,Chau A khac,0,0,Low income,1,,30.034389,,,0.029105,-1.668411,5.329631,54.356643,148,41,2.666667,60.094444,26.0,1.12369,0.088787,1.299283,2.000855,4.112421,0.865674,3.295837,0.037413,0.753155,0,9,12,0,21,21,0,
2018,YE,Yemen,Tay A,Chau A khac,0,0,Low income,1,,30.790513,,,0.037184,-1.853345,12.360027,69.883203,155,40,6.5,82.743184,40.777778,1.110211,0.211104,2.014903,2.687295,4.427755,1.324362,3.732365,0.036057,0.746788,0,11,10,3,24,24,0,
2019,YE,Yemen,Tay A,Chau A khac,0,0,Low income,1,,31.546691,,,0.039965,-1.603687,17.317224,78.698444,147,40,5.833333,103.470722,42.479167,1.183144,0.184911,1.921813,3.279923,4.648907,1.346549,3.772282,0.037505,0.780766,0,15,12,0,27,27,0,
2020,YE,Yemen,Tay A,Chau A khac,0,0,Low income,1,,32.284046,,,0.04528,-1.868666,20.885406,88.025778,162,43,1.0,176.267324,49.388889,1.077106,0.030975,0.693147,5.45989,5.177659,1.529823,3.919771,0.033363,0.730976,0,20,13,0,33,33,1,
2021,YE,Yemen,Tay A,Chau A khac,0,0,Low income,1,,32.981641,,,0.056124,-1.429547,44.043688,114.575029,138,37,3.916667,178.626014,42.384067,1.483752,0.118753,1.592631,5.415923,5.190877,1.285081,3.770092,0.044987,0.90977,0,30,14,10,54,54,3,
2022,YE,Yemen,Tay A,Chau A khac,0,0,Low income,1,,33.696614,,,0.049453,-1.679385,23.557852,97.778835,142,40,2.5,219.403032,32.168831,1.309242,0.074191,1.252763,6.51113,5.395458,0.954661,3.501611,0.038854,0.836919,0,26,14,1,41,41,3,
2023,YE,Yemen,Tay A,Chau A khac,0,0,Low income,1,,33.696614,,,0.052565,-1.60299,27.909743,95.890844,140,40,2.0,218.204811,75.509524,0.544692,0.059353,1.098612,6.475571,5.390007,2.240864,4.337415,0.016165,0.434825,0,25,13,3,41,41,1,
