ma_qg,ten_qg,ma_linh_vuc,ten_linh_vuc,ma_nhom_linh_vuc,nhom_linh_vuc,chieu,san_luong_2013,san_luong_2023,san_luong_phan_so_2023,nang_luc_chuan_hoa_2013,nang_luc_chuan_hoa_2023,co_nang_luc_2013,co_nang_luc_2023,nang_luc_tuong_doi_2023,nang_luc_tuyet_doi_2023,gia_nhap_moi,roi_bo,mat_do_lien_quan_2013,mat_do_lien_quan_2023,tiem_nang_2023,ln_tiem_nang_2023,ln_san_luong_2023,chenh_lech_tiem_nang,do_phuc_tap_linh_vuc_2023,do_pho_bien_linh_vuc_2023
VN,Viet Nam,E - 10_0,Medical Implants and Prosthetic Devices,E - F,Health,Entrepreneurial,0.0,0.0,0.0,0.0,0.0,0,0,0,0,0,,0.132916,0.208442,16.238419,2.847141,0.0,-2.847141,2.312085,0.16404
VN,Viet Nam,E - 10_1,Medical Diagnostic and Monitoring Devices,E - F,Health,Entrepreneurial,0.0,2.0,0.143478,0.0,0.154826,0,0,0,0,0,,0.132554,0.197211,18.708925,2.981072,1.098612,-1.882459,3.191404,0.139195
VN,Viet Nam,E - 10_10,Orthopedic and Medical Support Apparel,E - F,Health,Entrepreneurial,0.0,8.0,2.234524,0.0,0.292373,0,0,0,0,0,,0.144484,0.212163,21.960851,3.133791,2.197225,-0.936566,1.958344,0.168319
VN,Viet Nam,E - 10_14,Medical Imaging and Diagnostic Devices,E - F,Health,Entrepreneurial,0.0,5.0,0.554193,0.0,0.182196,0,0,0,0,0,,0.136874,0.198253,20.632743,3.074208,1.791759,-1.282449,3.199239,0.134866
VN,Viet Nam,E - 10_2,Medical fluid delivery and packaging devices,E - F,Health,Entrepreneurial,1.0,2.0,0.543478,0.114734,0.097349,0,0,0,0,0,,0.131342,0.197949,17.368946,2.910662,1.098612,-1.812049,2.812594,0.146844
VN,Viet Nam,E - 10_3,Surgical and Medical Instruments and Devices,E - F,Health,Entrepreneurial,0.0,0.0,0.0,0.0,0.0,0,0,0,0,0,,0.140865,0.205297,19.75624,3.032847,0.0,-3.032847,2.07338,0.161303
VN,Viet Nam,E - 10_4,"Medical, Surgical, and Dental Instruments",E - F,Health,Entrepreneurial,0.0,9.0,1.620859,0.0,0.216114,0,0,0,0,0,,0.138878,0.204588,30.769847,3.458518,2.302585,-1.155933,1.087177,0.179451
VN,Viet Nam,E - 10_5,"Infant care, sexual health, accessories",E - F,Health,Entrepreneurial,1.0,3.0,0.866667,0.082142,0.064318,0,0,0,0,0,,0.136551,0.206108,28.298138,3.377524,1.386294,-1.99123,2.135466,0.163091
VN,Viet Nam,E - 10_7,Respiratory and Oxygen Therapy Medical Devices,E - F,Health,Entrepreneurial,0.0,0.0,0.0,0.0,0.0,0,0,0,0,0,,0.13528,0.199108,14.728377,2.755467,0.0,-2.755467,3.143242,0.143972
VN,Viet Nam,E - 10_8,Medical and Protective Wear and Supplies,E - F,Health,Entrepreneurial,0.0,9.0,4.591667,0.0,0.403534,0,0,0,0,0,,0.137632,0.208447,15.928395,2.828992,2.302585,-0.526407,2.583522,0.146452
VN,Viet Nam,E - 10_9,Therapeutic and Massage Devices for Body,E - F,Health,Entrepreneurial,0.0,7.0,6.533333,0.0,0.229154,0,0,0,0,0,,0.139874,0.207134,26.636156,3.319125,2.079442,-1.239683,2.131961,0.155095
VN,Viet Nam,E - 11_0,Industrial Heating and Combustion Equipment,E - G,Household equipment,Entrepreneurial,1.0,2.0,0.083333,0.096309,0.0943,0,0,0,0,0,,0.143907,0.204793,19.366889,3.01391,1.098612,-1.915298,2.431934,0.179759
VN,Viet Nam,E - 11_1,Electric and LED Lighting Apparatus,E - G,Household equipment,Entrepreneurial,3.0,4.0,1.138889,0.173189,0.080213,0,0,0,0,0,,0.145249,0.189691,41.913606,3.759189,1.609438,-2.149751,2.638599,0.126538
VN,Viet Nam,E - 11_10,Automotive Lighting and Electrical Components,E - G,Household equipment,Entrepreneurial,0.0,4.0,0.19712,0.0,0.102387,0,0,0,0,0,,0.140597,0.156957,17.369989,2.910718,1.609438,-1.30128,2.1818,0.104992
VN,Viet Nam,E - 11_11,Drying and Dehydrating Appliances and Equipment,E - G,Household equipment,Entrepreneurial,1.0,9.0,1.285256,0.09795,0.151714,0,0,0,0,0,,0.143996,0.196535,22.20461,3.144351,2.302585,-0.841766,1.937086,0.160281
VN,Viet Nam,E - 11_12,Air Purification and Deodorization Devices,E - G,Household equipment,Entrepreneurial,1.0,4.0,0.783333,0.112785,0.086148,0,0,0,0,0,,0.143051,0.181909,29.576645,3.420236,1.609438,-1.810799,2.732556,0.113361
VN,Viet Nam,E - 11_13,Ventilation and Air Conditioning Equipment,E - G,Household equipment,Entrepreneurial,4.0,13.0,1.054599,0.211908,0.27737,0,0,0,0,0,,0.145231,0.199404,29.898464,3.430706,2.639057,-0.791649,1.972208,0.162489
VN,Viet Nam,E - 11_14,Household Electric and Non-electric Heating Products,E - G,Household equipment,Entrepreneurial,1.0,4.0,0.710256,0.145764,0.119252,0,0,0,0,0,,0.14188,0.192344,20.89857,3.086421,1.609438,-1.476983,2.538735,0.123517
VN,Viet Nam,E - 11_15,Specialized Technical and Electronic Equipment,E - G,Household equipment,Entrepreneurial,2.0,6.0,0.425957,0.108248,0.199457,0,0,0,0,0,,0.142635,0.209813,21.455846,3.111551,1.94591,-1.165641,1.066806,0.19595
VN,Viet Nam,E - 11_16,Lighting Devices and Illumination Products,E - G,Household equipment,Entrepreneurial,3.0,9.0,0.396536,0.16347,0.170938,0,0,0,0,0,,0.14558,0.183163,53.098081,3.990799,2.302585,-1.688214,2.205502,0.11641
VN,Viet Nam,E - 11_18,Bathroom and Sanitary Ware Fixtures,E - G,Household equipment,Entrepreneurial,2.0,5.0,0.432367,0.167111,0.182238,0,0,0,0,0,,0.143386,0.203043,18.312735,2.960765,1.791759,-1.169005,1.426517,0.167869
VN,Viet Nam,E - 11_19,Electric Beverage Preparation Appliances,E - G,Household equipment,Entrepreneurial,1.0,11.0,1.585256,0.128254,0.274317,0,0,0,0,0,,0.140884,0.184004,16.219848,2.846063,2.484907,-0.361156,1.05052,0.141083
VN,Viet Nam,E - 11_2,Bath and Shower Fixtures and Accessories,E - G,Household equipment,Entrepreneurial,0.0,4.0,0.182367,0.0,0.115282,0,0,0,0,0,,0.142122,0.193652,21.827453,3.127964,1.609438,-1.518526,2.082128,0.128989
VN,Viet Nam,E - 11_20,Water and Gas Plumbing Control Components,E - G,Household equipment,Entrepreneurial,1.0,1.0,0.055556,0.086942,0.082022,0,0,0,0,0,,0.144414,0.19553,27.188226,3.338904,0.693147,-2.645757,2.222398,0.139555
VN,Viet Nam,E - 11_21,Barbecue and Grill Equipment and Accessories,E - G,Household equipment,Entrepreneurial,0.0,3.0,0.333333,0.0,0.154801,0,0,0,0,0,,0.145717,0.201535,15.88526,2.826441,1.386294,-1.440147,2.461213,0.129286
VN,Viet Nam,E - 11_3,Electric and Gas Kitchen Cooking Appliances,E - G,Household equipment,Entrepreneurial,2.0,10.0,1.190812,0.152509,0.20734,0,0,0,0,0,,0.148687,0.190905,33.59285,3.543647,2.397895,-1.145752,1.871215,0.137824
VN,Viet Nam,E - 11_4,Industrial and Domestic Filtration Systems,E - G,Household equipment,Entrepreneurial,1.0,7.0,1.630556,0.122903,0.349224,0,0,0,0,0,,0.144367,0.206953,14.891769,2.765801,2.079442,-0.68636,2.802591,0.154746
VN,Viet Nam,E - 11_5,Heating and Thermal Management Devices,E - G,Household equipment,Entrepreneurial,1.0,11.0,0.787932,0.069377,0.192381,0,0,0,0,0,,0.145463,0.203715,31.460089,3.480011,2.484907,-0.995105,1.908585,0.173983
VN,Viet Nam,E - 11_7,Refrigeration and Cooling Appliances and Devices,E - G,Household equipment,Entrepreneurial,1.0,7.0,0.494488,0.083574,0.178816,0,0,0,0,0,,0.142458,0.19929,25.01613,3.258717,2.079442,-1.179275,1.847082,0.163645
VN,Viet Nam,E - 11_8,Water Purification and Filtration Devices,E - G,Household equipment,Entrepreneurial,1.0,9.0,1.190812,0.091827,0.204789,0,0,0,0,0,,0.141423,0.196963,21.103644,3.095742,2.302585,-0.793157,2.388017,0.159263
VN,Viet Nam,E - 11_9,"Sanitation, Environmental, and Processing Equipment",E - G,Household equipment,Entrepreneurial,1.0,7.0,1.663933,0.105995,0.19726,0,0,0,0,0,,0.141794,0.201921,20.235186,3.05566,2.079442,-0.976218,2.638514,0.138219
VN,Viet Nam,E - 12_0,Vehicle Anti-Theft and Security Devices,E - J,Transportation,Entrepreneurial,0.0,1.0,0.2,0.0,0.075955,0,0,0,0,0,,0.13586,0.196544,11.253144,2.505783,0.693147,-1.812635,2.785358,0.128176
VN,Viet Nam,E - 12_10,Marine vehicles and boat components,E - J,Transportation,Entrepreneurial,1.0,1.0,0.5,0.13666,0.078685,0,0,0,0,0,,0.138523,0.201972,11.360413,2.514499,0.693147,-1.821352,2.953418,0.163138
VN,Viet Nam,E - 12_11,Vehicles and Locomotion Equipment,E - J,Transportation,Entrepreneurial,0.0,14.0,1.146903,0.0,0.37699,0,0,0,0,0,,0.142233,0.206499,23.25499,3.188622,2.70805,-0.480572,1.068135,0.1984
VN,Viet Nam,E - 12_12,Automobile Accessories and Exterior Enhancements,E - J,Transportation,Entrepreneurial,0.0,1.0,0.2,0.0,0.040557,0,0,0,0,0,,0.135986,0.193386,31.312218,3.475445,0.693147,-2.782298,2.34463,0.151293
VN,Viet Nam,E - 12_13,Bicycles and Related Parts/Accessories,E - J,Transportation,Entrepreneurial,1.0,34.0,5.446903,0.09901,0.489661,0,0,0,0,0,,0.139415,0.197504,23.208917,3.186721,3.555348,0.368627,1.732197,0.156
VN,Viet Nam,E - 12_2,Aircraft and Transportation Parts and Components,E - J,Transportation,Entrepreneurial,0.0,10.0,1.383117,0.0,0.345088,0,0,0,0,0,,0.136568,0.203338,23.527634,3.1998,2.397895,-0.801905,2.246845,0.170701
VN,Viet Nam,E - 12_3,Commercial and Utility Motor Vehicles,E - J,Transportation,Entrepreneurial,2.0,36.0,5.723827,0.076574,0.409847,0,0,0,0,0,,0.136786,0.201303,39.167676,3.693063,3.610918,-0.082145,0.473476,0.20863
VN,Viet Nam,E - 12_4,Vehicle Safety and Comfort Accessories,E - J,Transportation,Entrepreneurial,0.0,0.0,0.0,0.0,0.0,0,0,0,0,0,,0.137932,0.195569,19.270092,3.009147,0.0,-3.009147,1.997938,0.14061
VN,Viet Nam,E - 12_6,Two- and Three-Wheeled Electric Vehicles,E - J,Transportation,Entrepreneurial,4.0,34.0,5.023827,0.242995,0.452282,0,0,0,0,0,,0.140312,0.198454,32.135587,3.500608,3.555348,0.05474,1.733272,0.154099
VN,Viet Nam,E - 12_7,"Vehicle Tires, Wheels, and Accessories",E - J,Transportation,Entrepreneurial,2.0,3.0,1.7,0.118633,0.092269,0,0,0,0,0,,0.135877,0.190099,25.956712,3.294232,1.386294,-1.907938,1.426645,0.141536
VN,Viet Nam,E - 12_9,Land Vehicle Powertrain and Engine Components,E - J,Transportation,Entrepreneurial,1.0,34.0,5.146903,0.074114,0.492083,0,0,0,0,0,,0.138514,0.20271,26.720294,3.322165,3.555348,0.233183,2.510237,0.152815
VN,Viet Nam,E - 13_7,"Heating, Cooling, and Climate Control Devices",E - G,Household equipment,Entrepreneurial,0.0,0.0,0.0,0.0,0.0,0,0,0,0,0,,0.124823,0.128464,0.025398,0.025081,0.0,-0.025081,5.054008,0.027212
VN,Viet Nam,E - 14_0,Fashion and Decorative Jewelry Items,E - D,Clothing,Entrepreneurial,0.0,10.0,5.366812,0.0,0.15575,0,0,0,0,0,,0.136186,0.194469,30.797881,3.4594,2.397895,-1.061504,1.527564,0.180598
VN,Viet Nam,E - 14_1,Jewelry and Gemstones (Natural and Synthetic),E - D,Clothing,Entrepreneurial,0.0,5.0,0.826812,0.0,0.111627,0,0,0,0,0,,0.13769,0.205521,20.243123,3.056033,1.791759,-1.264274,0.839327,0.191685
VN,Viet Nam,E - 14_10,"Watches, Clocks, and Watch Accessories",E - D,Clothing,Entrepreneurial,0.0,4.0,0.166812,0.0,0.125978,0,0,0,0,0,,0.132988,0.193552,22.538138,3.158622,1.609438,-1.549184,2.012879,0.160737
VN,Viet Nam,E - 14_12,Diverse Everyday Consumer Goods,E - D,Clothing,Entrepreneurial,0.0,4.0,0.623333,0.0,0.199568,0,0,0,0,0,,0.132686,0.207994,14.560968,2.744766,1.609438,-1.135328,1.583932,0.187567
VN,Viet Nam,E - 14_5,Bracelets and Watch Accessories,E - D,Clothing,Entrepreneurial,0.0,3.0,0.74,0.0,0.094174,0,0,0,0,0,,0.134729,0.198576,24.386552,3.23422,1.386294,-1.847925,2.219122,0.149242
VN,Viet Nam,E - 14_6,Decorative Jewelry Pins and Accessories,E - D,Clothing,Entrepreneurial,0.0,3.0,0.123333,0.0,0.119147,0,0,0,0,0,,0.135485,0.193899,17.199669,2.901403,1.386294,-1.515109,2.226513,0.145065
VN,Viet Nam,E - 14_7,Jewelry and watch storage containers,E - D,Clothing,Entrepreneurial,0.0,3.0,1.083478,0.0,0.111344,0,0,0,0,0,,0.132467,0.199787,21.439908,3.110841,1.386294,-1.724547,2.19381,0.14891
VN,Viet Nam,E - 14_8,Household and Decorative Precious Metal Goods,E - D,Clothing,Entrepreneurial,0.0,3.0,0.126812,0.0,0.077039,0,0,0,0,0,,0.131446,0.195161,19.497755,3.020315,1.386294,-1.634021,0.815431,0.193564
VN,Viet Nam,E - 15_2,Musical Instruments and Accessories,E - H,Leisure and education,Entrepreneurial,0.0,1.0,1.0,0.0,0.196209,0,0,0,0,0,,0.127879,0.192579,3.363524,1.47328,0.693147,-0.780133,1.567766,0.114597
VN,Viet Nam,E - 15_4,Broad Range of Goods and Products,E - H,Leisure and education,Entrepreneurial,0.0,0.0,0.0,0.0,0.0,0,0,0,0,0,,0.120725,0.19077,2.184277,1.158225,0.0,-1.158225,1.725115,0.097998
VN,Viet Nam,E - 16_1,Writing Instruments and Stationery Supplies,E - H,Leisure and education,Entrepreneurial,16.0,6.0,10.090909,0.370126,0.138579,0,0,0,0,0,,0.134502,0.203427,28.469823,3.383367,1.94591,-1.437457,1.934156,0.191147
VN,Viet Nam,E - 16_10,Paper and Cardboard Packaging Products,E - H,Leisure and education,Entrepreneurial,0.0,0.0,0.0,0.0,0.0,0,0,0,0,0,,0.139649,0.209692,31.815847,3.490912,0.0,-3.490912,0.734761,0.245984
VN,Viet Nam,E - 16_11,Printing and Reproducing Office Supplies,E - H,Leisure and education,Entrepreneurial,7.0,5.0,0.697498,0.139541,0.08222,0,0,0,0,0,,0.134808,0.20552,32.324657,3.506298,1.791759,-1.714538,0.309063,0.260292
VN,Viet Nam,E - 16_12,Printed Promotional and Informational Materials,E - H,Leisure and education,Entrepreneurial,0.0,5.0,0.332079,0.0,0.120808,0,0,0,0,0,,0.131985,0.207,19.540816,3.022414,1.791759,-1.230654,1.504422,0.224382
VN,Viet Nam,E - 16_13,Books and Printed Educational Publications,E - H,Leisure and education,Entrepreneurial,0.0,3.0,0.316399,0.0,0.127217,0,0,0,0,0,,0.13011,0.20858,29.963657,3.432814,1.386294,-2.04652,2.088654,0.20706
VN,Viet Nam,E - 16_14,Varied Consumer and Promotional Goods,E - H,Leisure and education,Entrepreneurial,19.0,8.0,0.481812,0.300718,0.11899,0,0,0,0,0,,0.133515,0.210344,43.484287,3.795136,2.197225,-1.597911,1.282427,0.220386
VN,Viet Nam,E - 16_15,Printed and Artistic Paper Goods,E - H,Leisure and education,Entrepreneurial,0.0,6.0,4.210145,0.0,0.201292,0,0,0,0,0,,0.138854,0.207889,36.212732,3.616651,1.94591,-1.670741,0.750709,0.244328
VN,Viet Nam,E - 16_16,Office Stationery and Supplies,E - H,Leisure and education,Entrepreneurial,13.0,6.0,0.756322,0.208505,0.126904,0,0,0,0,0,,0.136874,0.203669,40.187136,3.718126,1.94591,-1.772216,0.70965,0.240895
VN,Viet Nam,E - 16_18,Printed Instructional and Technical Manuals,E - H,Leisure and education,Entrepreneurial,9.0,2.0,0.22549,0.384212,0.130812,0,0,0,0,0,,0.137025,0.206528,9.50925,2.352256,1.098612,-1.253643,2.60185,0.191936
VN,Viet Nam,E - 16_19,"Adhesive Labels, Stickers, and Decals",E - H,Leisure and education,Entrepreneurial,13.0,1.0,0.333333,0.341834,0.135921,0,0,0,0,0,,0.138595,0.203631,29.900359,3.430768,0.693147,-2.737621,2.170064,0.185593
VN,Viet Nam,E - 16_2,Printed Cards and Card Accessories,E - H,Leisure and education,Entrepreneurial,7.0,3.0,1.590909,0.22363,0.149384,0,0,0,0,0,,0.13186,0.205872,26.932307,3.329784,1.386294,-1.94349,1.659118,0.210878
VN,Viet Nam,E - 16_20,Disposable Paper Hygiene and Cleaning Products,E - H,Leisure and education,Entrepreneurial,1.0,2.0,0.058824,0.068511,0.128165,0,0,0,0,0,,0.135882,0.201613,15.902072,2.827436,1.098612,-1.728824,0.99308,0.214431
VN,Viet Nam,E - 16_21,Paper and Printed Stationery Goods,E - H,Leisure and education,Entrepreneurial,0.0,0.0,0.0,0.0,0.0,0,0,0,0,0,,0.142176,0.201088,2.579109,1.275114,0.0,-1.275114,0.108874,0.204675
VN,Viet Nam,E - 16_3,Plastic and Paper Packaging Materials,E - H,Leisure and education,Entrepreneurial,3.0,1.0,0.166667,0.092171,0.060581,0,0,0,0,0,,0.147366,0.213831,20.609897,3.073151,0.693147,-2.380004,0.338185,0.25551
VN,Viet Nam,E - 16_4,Printed Educational and Instructional Materials,E - H,Leisure and education,Entrepreneurial,0.0,2.0,0.114165,0.0,0.052846,0,0,0,0,0,,0.134381,0.207861,24.335465,3.232205,1.098612,-2.133593,0.812214,0.24093
VN,Viet Nam,E - 16_5,Paper and Textile Decorative and Utility Goods,E - H,Leisure and education,Entrepreneurial,8.0,10.0,3.185635,0.217221,0.160785,0,0,0,0,0,,0.139207,0.206243,36.622843,3.627611,2.397895,-1.229716,1.283873,0.212949
VN,Viet Nam,E - 16_6,Adhesive Stationery and Office Supplies,E - H,Leisure and education,Entrepreneurial,11.0,2.0,1.090909,0.243108,0.09764,0,0,0,0,0,,0.146079,0.207467,23.913273,3.215401,1.098612,-2.116788,0.654794,0.23349
VN,Viet Nam,E - 16_7,Paper and Plastic Bags for Packaging,E - H,Leisure and education,Entrepreneurial,0.0,5.0,0.375223,0.0,0.173668,0,0,0,0,0,,0.140198,0.207253,24.004614,3.21906,1.791759,-1.427301,1.72577,0.206216
VN,Viet Nam,E - 16_8,Art and Craft Supplies and Materials,E - H,Leisure and education,Entrepreneurial,15.0,1.0,0.090909,0.279162,0.062907,0,0,0,0,0,,0.143759,0.203852,31.171999,3.471096,0.693147,-2.777949,0.959328,0.22022
VN,Viet Nam,E - 16_9,Print and Digital Periodical Publications,E - H,Leisure and education,Entrepreneurial,0.0,1.0,0.043478,0.0,0.062153,0,0,0,0,0,,0.135485,0.207221,21.159891,3.098284,0.693147,-2.405137,1.548955,0.223166
VN,Viet Nam,E - 17_0,"Non-metallic pipes, tubes, and fittings",E - E,Construction,Entrepreneurial,2.0,1.0,0.125,0.175662,0.098869,0,0,0,0,0,,0.147494,0.217536,10.100258,2.406968,0.693147,-1.713821,1.452008,0.185594
VN,Viet Nam,E - 17_1,Specialty Films and Sheets for Industrial Use,E - E,Construction,Entrepreneurial,0.0,0.0,0.0,0.0,0.0,0,0,0,0,0,,0.13984,0.204089,8.219748,2.221348,0.0,-2.221348,2.92079,0.142308
VN,Viet Nam,E - 17_10,Semi-finished plastic materials for manufacturing,E - E,Construction,Entrepreneurial,0.0,0.0,0.0,0.0,0.0,0,0,0,0,0,,0.14569,0.209856,12.593171,2.609568,0.0,-2.609568,2.063974,0.17099
VN,Viet Nam,E - 17_11,Industrial Rubber Materials and Products,E - E,Construction,Entrepreneurial,2.0,1.0,0.125,0.200594,0.12506,0,0,0,0,0,,0.144075,0.209039,10.351614,2.42936,0.693147,-1.736213,1.007516,0.178343
VN,Viet Nam,E - 17_13,Industrial and Commercial Adhesive Tapes,E - E,Construction,Entrepreneurial,0.0,0.0,0.0,0.0,0.0,0,0,0,0,0,,0.144011,0.206833,6.021963,1.949043,0.0,-1.949043,1.938468,0.143775
VN,Viet Nam,E - 17_2,Industrial Components and Process Materials,E - E,Construction,Entrepreneurial,0.0,0.0,0.0,0.0,0.0,0,0,0,0,0,,0.143535,0.215,8.818229,2.284241,0.0,-2.284241,2.118621,0.170809
VN,Viet Nam,E - 17_4,Building and Construction Sealants and Barriers,E - E,Construction,Entrepreneurial,0.0,0.0,0.0,0.0,0.0,0,0,0,0,0,,0.146323,0.211557,8.508102,2.252144,0.0,-2.252144,2.013011,0.1731
VN,Viet Nam,E - 17_6,"Non-metallic seals, gaskets, and washers",E - E,Construction,Entrepreneurial,2.0,1.0,0.125,0.296878,0.127352,0,0,0,0,0,,0.141261,0.207031,7.195324,2.103564,0.693147,-1.410417,2.635974,0.138571
VN,Viet Nam,E - 18_0,"Wallets, purses, cases, and key holders",E - D,Clothing,Entrepreneurial,1.0,9.0,1.429443,0.04663,0.172195,0,0,0,0,0,,0.136686,0.201057,40.037552,3.714488,2.302585,-1.411902,1.226108,0.185644
VN,Viet Nam,E - 18_1,"Sports, Travel, and Utility Bags",E - D,Clothing,Entrepreneurial,0.0,2.0,0.082935,0.0,0.103067,0,0,0,0,0,,0.134218,0.195855,29.663021,3.423057,1.098612,-2.324445,1.990563,0.159191
VN,Viet Nam,E - 18_12,Leather Goods and Animal Skins Products,E - D,Clothing,Entrepreneurial,0.0,6.0,1.363967,0.0,0.107963,0,0,0,0,0,,0.139844,0.202192,30.761634,3.458259,1.94591,-1.512349,0.028359,0.22319
VN,Viet Nam,E - 18_14,Equestrian Saddlery and Horse Tack Products,E - D,Clothing,Entrepreneurial,0.0,2.0,0.267857,0.0,0.066585,0,0,0,0,0,,0.139342,0.204318,17.680204,2.927464,1.098612,-1.828852,0.762827,0.210425
VN,Viet Nam,E - 18_4,Varied consumer goods and accessories,E - D,Clothing,Entrepreneurial,0.0,8.0,1.671679,0.0,0.110703,0,0,0,0,0,,0.139429,0.205843,38.784856,3.683486,2.197225,-1.486262,1.066102,0.19341
VN,Viet Nam,E - 18_5,Variety of Functional and Fashion Bags,E - D,Clothing,Entrepreneurial,0.0,17.0,2.82046,0.0,0.171575,0,0,0,0,0,,0.136697,0.197293,49.624315,3.924432,2.890372,-1.03406,1.374707,0.182348
VN,Viet Nam,E - 18_8,"Umbrellas, Canes, and Accessories",E - D,Clothing,Entrepreneurial,0.0,4.0,0.520489,0.0,0.065115,0,0,0,0,0,,0.138678,0.19904,36.641282,3.628101,1.609438,-2.018663,0.995526,0.198191
VN,Viet Nam,E - 18_9,Travel Bags and Luggage Containers,E - D,Clothing,Entrepreneurial,0.0,8.0,0.9723,0.0,0.098128,0,0,0,0,0,,0.13881,0.201219,47.751284,3.886732,2.197225,-1.689507,1.052293,0.197505
VN,Viet Nam,E - 19_0,"Construction Materials: Cement, Concrete, Mortar",E - E,Construction,Entrepreneurial,8.0,2.0,0.25,0.444316,0.296779,0,0,0,0,0,,0.145878,0.216315,10.589909,2.450135,1.098612,-1.351523,1.004305,0.195409
VN,Viet Nam,E - 19_1,Non-metallic Prefabricated and Transportable Structures,E - E,Construction,Entrepreneurial,0.0,0.0,0.0,0.0,0.0,0,0,0,0,0,,0.152722,0.217171,11.352873,2.513889,0.0,-2.513889,1.4569,0.205718
VN,Viet Nam,E - 19_11,Non-metallic construction and structural materials,E - E,Construction,Entrepreneurial,9.0,8.0,0.441428,0.394318,0.391198,0,0,0,0,0,,0.15472,0.219449,14.49065,2.740237,2.197225,-0.543012,2.004883,0.206071
VN,Viet Nam,E - 19_12,"Stone, Mineral, and Ceramic Building Materials",E - E,Construction,Entrepreneurial,3.0,9.0,3.166667,0.287572,0.632013,0,1,1,0,1,,0.15026,0.218862,9.006551,2.30324,2.302585,-0.000655,1.24177,0.193718
VN,Viet Nam,E - 19_13,Architectural and Construction Glass Products,E - E,Construction,Entrepreneurial,2.0,0.0,0.0,0.303569,0.0,0,0,0,0,0,,0.146467,0.20513,4.99821,1.791461,0.0,-1.791461,2.65732,0.160982
VN,Viet Nam,E - 19_2,Plastic-based construction and landscaping materials,E - E,Construction,Entrepreneurial,4.0,0.0,0.0,0.390087,0.0,0,0,0,0,0,,0.143622,0.206264,7.657319,2.158405,0.0,-2.158405,3.046065,0.158902
VN,Viet Nam,E - 19_3,Non-metallic building panels and boards,E - E,Construction,Entrepreneurial,7.0,1.0,0.030303,0.446759,0.209482,0,0,0,0,0,,0.146726,0.215409,10.346445,2.428904,0.693147,-1.735757,2.462102,0.188418
VN,Viet Nam,E - 19_4,Construction and Structural Materials/Components,E - E,Construction,Entrepreneurial,5.0,2.0,0.25,0.348826,0.330532,0,0,0,0,0,,0.147029,0.219147,10.140797,2.410614,1.098612,-1.312002,1.949505,0.195283
VN,Viet Nam,E - 19_7,Building and Road Surface Materials,E - E,Construction,Entrepreneurial,5.0,0.0,0.0,0.312896,0.0,0,0,0,0,0,,0.154083,0.219305,8.739155,2.276154,0.0,-2.276154,1.179437,0.211667
VN,Viet Nam,E - 19_8,Engineered and Processed Wood Building Materials,E - E,Construction,Entrepreneurial,7.0,5.0,0.617647,0.470759,0.48515,0,0,0,0,0,,0.152417,0.214096,8.981931,2.300777,1.791759,-0.509017,2.184747,0.188608
VN,Viet Nam,E - 19_9,"Non-metal Doors, Windows, and Accessories",E - E,Construction,Entrepreneurial,7.0,6.0,0.867647,0.501927,0.527119,1,1,1,0,,0,0.148765,0.219109,7.828845,2.178024,1.94591,-0.232114,2.148304,0.182535
VN,Viet Nam,E - 1_0,Industrial Adhesives and Bonding Materials,E - C,Chemicals,Entrepreneurial,6.0,1.0,0.030303,0.245988,0.073123,0,0,0,0,0,,0.149642,0.207432,11.226117,2.503574,0.693147,-1.810427,-0.002133,0.219144
VN,Viet Nam,E - 1_1,Physical Goods and Merchandise Products,E - C,Chemicals,Entrepreneurial,0.0,4.0,0.833333,0.0,0.270387,0,0,0,0,0,,0.147363,0.216,13.66697,2.685598,1.609438,-1.07616,0.589807,0.224963
VN,Viet Nam,E - 1_10,Water and Waste Treatment Chemicals,E - C,Chemicals,Entrepreneurial,0.0,13.0,3.628716,0.0,0.502316,0,1,1,0,1,,0.144269,0.207838,7.896788,2.18569,2.639057,0.453367,2.202181,0.162476
VN,Viet Nam,E - 1_11,Raw Chemical Ingredients for Cosmetic Manufacturing,E - C,Chemicals,Entrepreneurial,0.0,0.0,0.0,0.0,0.0,0,0,0,0,0,,0.131794,0.198744,9.759309,2.375771,0.0,-2.375771,3.296129,0.146712
VN,Viet Nam,E - 1_13,Industrial Chemical Compositions and Materials,E - C,Chemicals,Entrepreneurial,2.0,1.0,0.333333,0.138239,0.285944,0,0,0,0,0,,0.146638,0.211095,13.403683,2.667484,0.693147,-1.974337,0.96445,0.207918
VN,Viet Nam,E - 1_14,Food Additives and Processing Ingredients,E - C,Chemicals,Entrepreneurial,0.0,2.0,0.363636,0.0,0.102129,0,0,0,0,0,,0.148003,0.20541,12.243109,2.583477,1.098612,-1.484865,1.690137,0.191576
VN,Viet Nam,E - 1_15,Industrial and Scientific Chemical Products,E - C,Chemicals,Entrepreneurial,12.0,8.0,1.062049,0.394381,0.240993,0,0,0,0,0,,0.144236,0.208858,21.998419,3.135425,2.197225,-0.938201,2.22822,0.177069
VN,Viet Nam,E - 1_16,Automotive and Industrial Chemical Fluids,E - C,Chemicals,Entrepreneurial,0.0,7.0,0.898413,0.0,0.339553,0,0,0,0,0,,0.146709,0.210356,9.006857,2.303271,2.079442,-0.223829,1.280081,0.198473
VN,Viet Nam,E - 1_17,Plant Growth and Agricultural Enhancers,E - C,Chemicals,Entrepreneurial,0.0,5.0,0.9,0.0,0.248033,0,0,0,0,0,,0.140562,0.203656,10.094639,2.406462,1.791759,-0.614703,2.063941,0.164189
VN,Viet Nam,E - 1_18,Photographic Materials and Chemicals,E - C,Chemicals,Entrepreneurial,1.0,0.0,0.0,0.247358,0.0,0,0,0,0,0,,0.134655,0.187291,3.024634,1.392434,0.0,-1.392434,3.077434,0.113952
VN,Viet Nam,E - 1_19,Agricultural and Horticultural Chemical Products,E - C,Chemicals,Entrepreneurial,0.0,0.0,0.0,0.0,0.0,0,0,0,0,0,,0.145043,0.208501,11.944166,2.560645,0.0,-2.560645,0.902648,0.204601
VN,Viet Nam,E - 1_2,Industrial and Specialized Cleaning Chemicals,E - C,Chemicals,Entrepreneurial,10.0,0.0,0.0,0.532572,0.0,1,0,0,0,,1,0.14692,0.206359,8.919136,2.294466,0.0,-2.294466,2.459659,0.158723
VN,Viet Nam,E - 1_20,Raw Industrial Plastics and Synthetic Resins,E - C,Chemicals,Entrepreneurial,2.0,1.0,0.333333,0.122193,0.132894,0,0,0,0,0,,0.148136,0.211574,14.728627,2.755482,0.693147,-2.062335,0.935959,0.203228
VN,Viet Nam,E - 1_21,Fertilizers and Soil Nutrient Products,E - C,Chemicals,Entrepreneurial,14.0,5.0,1.833333,0.458369,0.325943,0,0,0,0,0,,0.151276,0.212011,13.750097,2.69125,1.791759,-0.89949,0.874136,0.217122
VN,Viet Nam,E - 1_4,Scientific and Research Laboratory Chemical Reagents,E - C,Chemicals,Entrepreneurial,0.0,0.0,0.0,0.0,0.0,0,0,0,0,0,,0.133049,0.195313,11.115075,2.494451,0.0,-2.494451,3.054148,0.147944
VN,Viet Nam,E - 1_5,Industrial Chemicals and Chemical Compounds,E - C,Chemicals,Entrepreneurial,10.0,7.0,1.031746,0.478769,0.364227,0,0,0,0,0,,0.146835,0.210729,12.95877,2.636108,2.079442,-0.556666,2.012012,0.181448
VN,Viet Nam,E - 1_6,Industrial Biotech Ingredients and Enzyme Additives,E - C,Chemicals,Entrepreneurial,0.0,3.0,0.430303,0.0,0.173057,0,0,0,0,0,,0.141303,0.206433,13.501537,2.674255,1.386294,-1.28796,1.641258,0.192408
VN,Viet Nam,E - 1_8,Surface Treatment and Protective Coatings,E - C,Chemicals,Entrepreneurial,1.0,0.0,0.0,0.131783,0.0,0,0,0,0,0,,0.141523,0.207902,10.68228,2.458073,0.0,-2.458073,2.287695,0.179999
VN,Viet Nam,E - 1_9,Soil and Plant Growth Enhancers,E - C,Chemicals,Entrepreneurial,0.0,3.0,0.5,0.0,0.199189,0,0,0,0,0,,0.148043,0.207887,8.587338,2.260443,1.386294,-0.874149,2.134128,0.172929
VN,Viet Nam,E - 20_0,Non-metal storage and packaging containers,E - G,Household equipment,Entrepreneurial,0.0,6.0,0.699465,0.0,0.238677,0,0,0,0,0,,0.146289,0.207623,23.35709,3.192823,1.94591,-1.246913,2.039834,0.178783
VN,Viet Nam,E - 20_1,Seating and Functional Indoor Furniture,E - G,Household equipment,Entrepreneurial,7.0,12.0,2.741277,0.292969,0.243197,0,0,0,0,0,,0.151331,0.207081,42.705371,3.777471,2.564949,-1.212522,2.0642,0.151317
VN,Viet Nam,E - 20_10,Storage Furniture and Organizational Shelving,E - G,Household equipment,Entrepreneurial,0.0,7.0,2.284314,0.0,0.257547,0,0,0,0,0,,0.1492,0.197251,28.47952,3.383696,2.079442,-1.304254,2.592136,0.129689
VN,Viet Nam,E - 20_11,Plastic Fixtures and Construction Accessories,E - G,Household equipment,Entrepreneurial,0.0,2.0,1.25,0.0,0.209897,0,0,0,0,0,,0.142366,0.2047,17.731244,2.930193,1.098612,-1.831581,2.69246,0.152533
VN,Viet Nam,E - 20_12,Pet and Baby Furniture and Accessories,E - G,Household equipment,Entrepreneurial,0.0,1.0,0.043478,0.0,0.063458,0,0,0,0,0,,0.147962,0.197348,30.210616,3.440758,0.693147,-2.747611,2.233985,0.131053
VN,Viet Nam,E - 20_13,"Cabinets, Storage, and Organizational Furniture",E - G,Household equipment,Entrepreneurial,1.0,7.0,0.786125,0.107945,0.277418,0,0,0,0,0,,0.146102,0.203694,24.623327,3.243503,2.079442,-1.164062,2.141468,0.146807
VN,Viet Nam,E - 20_4,Household and Furniture Goods Materials,E - G,Household equipment,Entrepreneurial,4.0,11.0,1.476125,0.20847,0.233079,0,0,0,0,0,,0.149258,0.211026,38.622385,3.679394,2.484907,-1.194488,1.481592,0.172521
VN,Viet Nam,E - 20_5,Mirrors and Picture Frames Furniture,E - G,Household equipment,Entrepreneurial,0.0,7.0,0.724314,0.0,0.242195,0,0,0,0,0,,0.152193,0.207163,23.950355,3.216888,2.079442,-1.137447,1.364191,0.16449
VN,Viet Nam,E - 20_7,Non-metallic hardware and fittings,E - G,Household equipment,Entrepreneurial,0.0,5.0,0.681963,0.0,0.140453,0,0,0,0,0,,0.143589,0.206443,25.33078,3.270739,1.791759,-1.478979,2.479091,0.155321
VN,Viet Nam,E - 20_8,"Beds, Mattresses, Pillows, and Cushions",E - G,Household equipment,Entrepreneurial,4.0,13.0,2.552792,0.231118,0.293478,0,0,0,0,0,,0.150741,0.204958,32.26757,3.504583,2.639057,-0.865526,1.918863,0.149541
VN,Viet Nam,E - 21_0,Household Tableware and Serving Ware,E - G,Household equipment,Entrepreneurial,0.0,7.0,2.088918,0.0,0.272572,0,0,0,0,0,,0.138096,0.185576,13.27864,2.658765,2.079442,-0.579323,2.238472,0.156129
VN,Viet Nam,E - 21_1,Insulated and Cooling Beverage Containers,E - G,Household equipment,Entrepreneurial,0.0,8.0,2.146043,0.0,0.148953,0,0,0,0,0,,0.1395,0.181484,28.933988,3.398995,2.197225,-1.20177,1.970311,0.137988
VN,Viet Nam,E - 21_11,Non-construction glass goods and materials,E - G,Household equipment,Entrepreneurial,0.0,7.0,0.627792,0.0,0.203149,0,0,0,0,0,,0.143104,0.204683,22.586387,3.16067,2.079442,-1.081228,0.583689,0.201352
VN,Viet Nam,E - 21_12,Decorative and Functional Ceramic Tableware,E - G,Household equipment,Entrepreneurial,0.0,11.0,0.992467,0.0,0.207365,0,0,0,0,0,,0.146031,0.200019,31.763253,3.489308,2.484907,-1.004401,0.909856,0.180727
VN,Viet Nam,E - 21_13,Drinkware and Beverage Containers,E - G,Household equipment,Entrepreneurial,1.0,29.0,13.317409,0.075706,0.262754,0,0,0,0,0,,0.141418,0.182636,57.697262,4.072393,3.401197,-0.671196,1.933896,0.148391
VN,Viet Nam,E - 21_14,Manual brushes for cleaning and grooming,E - G,Household equipment,Entrepreneurial,2.0,7.0,1.585354,0.104352,0.11407,0,0,0,0,0,,0.143706,0.187307,53.72596,4.002338,2.079442,-1.922897,1.752354,0.142543
VN,Viet Nam,E - 21_2,Household Containers and Accessories,E - G,Household equipment,Entrepreneurial,1.0,16.0,1.908585,0.059919,0.179368,0,0,0,0,0,,0.143926,0.196733,50.925309,3.949806,2.833213,-1.116593,1.936207,0.152524
VN,Viet Nam,E - 21_4,Bathroom and Household Cleaning Accessories,E - G,Household equipment,Entrepreneurial,0.0,6.0,1.124242,0.0,0.098733,0,0,0,0,0,,0.140507,0.182619,36.179342,3.615753,1.94591,-1.669843,2.182973,0.123396
VN,Viet Nam,E - 21_5,"Manual, Non-Electric Kitchen Cooking Tools",E - G,Household equipment,Entrepreneurial,0.0,9.0,1.03561,0.0,0.130874,0,0,0,0,0,,0.141851,0.175569,29.460675,3.416437,2.302585,-1.113851,1.751031,0.131824
VN,Viet Nam,E - 21_6,Manual Cleaning Tools and Materials,E - G,Household equipment,Entrepreneurial,0.0,8.0,1.344877,0.0,0.138175,0,0,0,0,0,,0.14587,0.198682,35.936904,3.609211,2.197225,-1.411987,1.777854,0.157511
VN,Viet Nam,E - 21_7,Home and Garden Care Products,E - G,Household equipment,Entrepreneurial,0.0,14.0,1.432395,0.0,0.239997,0,0,0,0,0,,0.140491,0.18179,45.15371,3.831977,2.70805,-1.123927,2.014632,0.131338
VN,Viet Nam,E - 21_8,Personal Care and Cosmetic Application Tools,E - G,Household equipment,Entrepreneurial,1.0,9.0,1.750938,0.093894,0.104038,0,0,0,0,0,,0.138665,0.189158,45.771217,3.845268,2.302585,-1.542683,1.967933,0.11983
VN,Viet Nam,E - 21_9,Kitchenware and Tableware for Food Preparation,E - G,Household equipment,Entrepreneurial,2.0,19.0,4.840363,0.144231,0.20843,0,0,0,0,0,,0.143387,0.183671,63.766059,4.170782,2.995732,-1.175049,1.424102,0.139802
VN,Viet Nam,E - 22_10,"Class 22: Ropes, Nets, Miscellaneous Goods",E - D,Clothing,Entrepreneurial,0.0,0.0,0.0,0.0,0.0,0,0,0,0,0,,0.139205,0.201695,7.539981,2.144759,0.0,-2.144759,1.777147,0.155524
VN,Viet Nam,E - 22_11,Non-plastic padding and filling materials,E - D,Clothing,Entrepreneurial,0.0,0.0,0.0,0.0,0.0,0,0,0,0,0,,0.140186,0.19846,3.134366,1.419334,0.0,-1.419334,2.135574,0.151949
VN,Viet Nam,E - 22_4,Natural and Synthetic Filling Fibers,E - D,Clothing,Entrepreneurial,0.0,0.0,0.0,0.0,0.0,0,0,0,0,0,,0.135704,0.182212,1.961597,1.085729,0.0,-1.085729,3.45916,0.099605
VN,Viet Nam,E - 22_9,Protective and Camouflage Coverings/Tarpaulins,E - D,Clothing,Entrepreneurial,0.0,0.0,0.0,0.0,0.0,0,0,0,0,0,,0.1338,0.191184,5.140929,1.814976,0.0,-1.814976,2.579247,0.129627
VN,Viet Nam,E - 23_2,Consumer Goods and Accessories,E - D,Clothing,Entrepreneurial,0.0,0.0,0.0,0.0,0.0,0,0,0,0,0,,0.127067,0.191992,1.155241,0.767902,0.0,-0.767902,3.495852,0.115664
VN,Viet Nam,E - 24_1,Non-paper Table Linens and Accessories,E - D,Clothing,Entrepreneurial,1.0,1.0,0.125,0.081132,0.117493,0,0,0,0,0,,0.146583,0.193215,16.450328,2.859358,0.693147,-2.166211,1.94948,0.140346
VN,Viet Nam,E - 24_10,Textile Fabrics and Related Materials,E - D,Clothing,Entrepreneurial,2.0,1.0,0.333333,0.154285,0.201014,0,0,0,0,0,,0.138799,0.204106,19.507414,3.020786,0.693147,-2.327639,-0.011204,0.204673
VN,Viet Nam,E - 24_14,"Household, Apparel, Toys, and Sports Goods",E - D,Clothing,Entrepreneurial,1.0,0.0,0.0,0.127514,0.0,0,0,0,0,0,,0.140169,0.20931,12.696958,2.617174,0.0,-2.617174,1.46496,0.191355
VN,Viet Nam,E - 24_4,Protective Textile Covers for Home Furnishings,E - D,Clothing,Entrepreneurial,1.0,7.0,0.956933,0.085402,0.264618,0,0,0,0,0,,0.146827,0.200208,20.436665,3.065103,2.079442,-0.985661,2.198463,0.151246
VN,Viet Nam,E - 24_5,Natural Fiber and Blended Textile Fabrics,E - D,Clothing,Entrepreneurial,1.0,7.0,1.195569,0.099692,0.250981,0,0,0,0,0,,0.143949,0.203083,20.335912,3.060392,2.079442,-0.98095,1.53229,0.162015
VN,Viet Nam,E - 24_7,Blankets and Bedding for Sleep and Comfort,E - D,Clothing,Entrepreneurial,1.0,10.0,2.52295,0.106961,0.265001,0,0,0,0,0,,0.142689,0.199317,23.892249,3.214556,2.397895,-0.816661,2.380382,0.143261
VN,Viet Nam,E - 24_8,Textile-Based Hygiene and Cleaning Products,E - D,Clothing,Entrepreneurial,0.0,2.0,0.297619,0.0,0.117943,0,0,0,0,0,,0.142114,0.20016,12.566268,2.607586,1.098612,-1.508974,2.026201,0.160252
VN,Viet Nam,E - 24_9,Bedding and Bed Linen Products,E - D,Clothing,Entrepreneurial,1.0,6.0,4.172619,0.068304,0.21555,0,0,0,0,0,,0.146571,0.199075,24.561815,3.2411,1.94591,-1.295189,0.772863,0.172703
VN,Viet Nam,E - 25_0,Baby and Childrens Clothing and Accessories,E - D,Clothing,Entrepreneurial,1.0,7.0,0.71064,0.057509,0.124227,0,0,0,0,0,,0.143484,0.198564,47.923457,3.890257,2.079442,-1.810815,1.001375,0.147508
VN,Viet Nam,E - 25_10,Footwear and Shoe-related Products,E - D,Clothing,Entrepreneurial,1.0,9.0,1.32381,0.077122,0.222153,0,0,0,0,0,,0.137712,0.203463,22.059916,3.138096,2.302585,-0.835511,1.515668,0.184496
VN,Viet Nam,E - 25_11,Swimwear and Beachwear Apparel,E - D,Clothing,Entrepreneurial,1.0,21.0,2.888887,0.050725,0.201422,0,0,0,0,0,,0.141546,0.191289,41.490648,3.749284,3.091042,-0.658242,0.941728,0.188036
VN,Viet Nam,E - 25_13,"Clothing, Footwear, and Headgear Products",E - D,Clothing,Entrepreneurial,6.0,1.0,0.333333,0.100977,0.091635,0,0,0,0,0,,0.136926,0.191945,13.58845,2.68023,0.693147,-1.987083,-1.305667,0.301314
VN,Viet Nam,E - 25_15,Clothing and Garments of Various Types,E - D,Clothing,Entrepreneurial,7.0,41.0,10.672942,0.139045,0.25759,0,0,0,0,0,,0.141708,0.188762,82.367555,4.423259,3.73767,-0.68559,0.474526,0.221491
VN,Viet Nam,E - 25_16,"Underwear, Lingerie, and Sleepwear Apparel",E - D,Clothing,Entrepreneurial,5.0,10.0,1.202307,0.158035,0.168251,0,0,0,0,0,,0.145289,0.193001,53.065411,3.990195,2.397895,-1.592299,0.706369,0.19353
VN,Viet Nam,E - 25_18,Coats and Jackets Apparel,E - D,Clothing,Entrepreneurial,4.0,7.0,0.731494,0.143439,0.113543,0,0,0,0,0,,0.141283,0.192148,52.480355,3.979314,2.079442,-1.899873,0.541396,0.193747
VN,Viet Nam,E - 25_2,"Shirts, Sweaters, and Upper Body Apparel",E - D,Clothing,Entrepreneurial,6.0,29.0,8.299675,0.179053,0.262749,0,0,0,0,0,,0.140724,0.184792,54.098464,4.009122,3.401197,-0.607924,0.17637,0.20853
VN,Viet Nam,E - 25_3,"Clothing Accessories: Scarves, Ties, Belts",E - D,Clothing,Entrepreneurial,5.0,17.0,2.521751,0.12949,0.169002,0,0,0,0,0,,0.139801,0.190058,59.597864,4.10426,2.890372,-1.213888,0.817152,0.200908
VN,Viet Nam,E - 25_4,Athletic and Sports Apparel and Footwear,E - D,Clothing,Entrepreneurial,3.0,18.0,2.518974,0.120964,0.198908,0,0,0,0,0,,0.141336,0.193659,46.583445,3.862485,2.944439,-0.918046,0.472427,0.215
VN,Viet Nam,E - 25_5,Footwear and related accessories,E - D,Clothing,Entrepreneurial,7.0,47.0,13.462769,0.143342,0.287913,0,0,0,0,0,,0.139742,0.193674,78.788097,4.379374,3.871201,-0.508173,0.779232,0.223868
VN,Viet Nam,E - 25_7,"Clothing, accessories, and household goods",E - D,Clothing,Entrepreneurial,3.0,9.0,1.940152,0.093236,0.144675,0,0,0,0,0,,0.139406,0.194669,58.814491,4.091248,2.302585,-1.788663,0.54451,0.214478
VN,Viet Nam,E - 25_8,Headwear and Hats for Various Uses,E - D,Clothing,Entrepreneurial,6.0,33.0,6.261578,0.134285,0.24189,0,0,0,0,0,,0.141546,0.192472,81.657588,4.414707,3.526361,-0.888346,0.510583,0.228334
VN,Viet Nam,E - 25_9,"Apparel Accessories: Gloves, Socks, Warmers",E - D,Clothing,Entrepreneurial,7.0,17.0,2.491593,0.170544,0.174593,0,0,0,0,0,,0.139966,0.191346,66.420875,4.210955,2.890372,-1.320583,0.636998,0.196738
VN,Viet Nam,E - 26_10,Sewing and Needlework Tools and Kits,E - D,Clothing,Entrepreneurial,0.0,0.0,0.0,0.0,0.0,0,0,0,0,0,,0.135288,0.189122,5.185105,1.822144,0.0,-1.822144,2.465851,0.123909
VN,Viet Nam,E - 26_4,Decorative and Functional Hair Accessories,E - D,Clothing,Entrepreneurial,0.0,0.0,0.0,0.0,0.0,0,0,0,0,0,,0.131579,0.179445,8.890018,2.291526,0.0,-2.291526,1.544626,0.119016
VN,Viet Nam,E - 26_8,"Fasteners, Textiles, and Small Accessories",E - D,Clothing,Entrepreneurial,0.0,0.0,0.0,0.0,0.0,0,0,0,0,0,,0.134949,0.180522,6.023813,1.949306,0.0,-1.949306,2.496537,0.116684
VN,Viet Nam,E - 27_2,Floor Coverings and Flooring Materials,E - D,Clothing,Entrepreneurial,0.0,5.0,0.165266,0.0,0.369634,0,0,0,0,0,,0.13135,0.1968,6.893535,2.066044,1.791759,-0.274285,0.804771,0.17024
VN,Viet Nam,E - 27_3,"Clothing, accessories, and home textiles",E - D,Clothing,Entrepreneurial,0.0,0.0,0.0,0.0,0.0,0,0,0,0,0,,0.137743,0.202169,3.04425,1.397296,0.0,-1.397296,3.053151,0.14144
VN,Viet Nam,E - 27_4,"Carpets, rugs, and floor coverings",E - D,Clothing,Entrepreneurial,0.0,0.0,0.0,0.0,0.0,0,0,0,0,0,,0.128626,0.157832,0.217449,0.196758,0.0,-0.196758,1.815784,0.072608
VN,Viet Nam,E - 27_7,Artificial Turf and Synthetic Sports Surfaces,E - D,Clothing,Entrepreneurial,0.0,0.0,0.0,0.0,0.0,0,0,0,0,0,,0.128268,0.190646,2.83401,1.343911,0.0,-1.343911,3.585154,0.099703
VN,Viet Nam,E - 28_0,"Toys, Games, Sports and Gym Equipment",E - H,Leisure and education,Entrepreneurial,1.0,1.0,0.047619,0.047582,0.052253,0,0,0,0,0,,0.14052,0.210597,18.566077,2.973797,0.693147,-2.28065,1.225677,0.218337
VN,Viet Nam,E - 28_1,"Children's Toys, Playsets, and Accessories",E - H,Leisure and education,Entrepreneurial,2.0,6.0,3.206589,0.086948,0.166164,0,0,0,0,0,,0.137382,0.186946,51.995633,3.97021,1.94591,-2.024299,1.527448,0.17292
VN,Viet Nam,E - 28_10,Sports Protective Gear and Supports,E - H,Leisure and education,Entrepreneurial,0.0,0.0,0.0,0.0,0.0,0,0,0,0,0,,0.137365,0.180088,26.216511,3.303824,0.0,-3.303824,2.079314,0.146846
VN,Viet Nam,E - 28_12,Sports Equipment and Game Accessories,E - H,Leisure and education,Entrepreneurial,1.0,18.0,5.42381,0.073332,0.215893,0,0,0,0,0,,0.138664,0.195796,36.63273,3.627874,2.944439,-0.683435,1.601587,0.172869
VN,Viet Nam,E - 28_13,Golf Equipment and Accessories Products,E - H,Leisure and education,Entrepreneurial,1.0,0.0,0.0,0.132704,0.0,0,0,0,0,0,,0.129482,0.17277,7.67806,2.160798,0.0,-2.160798,2.001528,0.130437
VN,Viet Nam,E - 28_14,Electronic Gaming Devices and Accessories,E - H,Leisure and education,Entrepreneurial,0.0,0.0,0.0,0.0,0.0,0,0,0,0,0,,0.133564,0.195877,30.585745,3.452706,0.0,-3.452706,1.948899,0.196852
VN,Viet Nam,E - 28_2,Exercise and Fitness Equipment,E - H,Leisure and education,Entrepreneurial,0.0,13.0,2.214286,0.0,0.198794,0,0,0,0,0,,0.139693,0.192561,39.02228,3.689436,2.639057,-1.050379,1.860733,0.132133
VN,Viet Nam,E - 28_3,Coin-Operated Gaming and Gambling Machines,E - H,Leisure and education,Entrepreneurial,0.0,1.0,0.023256,0.0,0.041407,0,0,0,0,0,,0.132357,0.191161,20.761109,3.080124,0.693147,-2.386977,1.927809,0.182357
VN,Viet Nam,E - 28_5,"Sporting, gaming, and recreational equipment",E - H,Leisure and education,Entrepreneurial,2.0,3.0,1.070875,0.110779,0.068456,0,0,0,0,0,,0.135731,0.20028,42.696819,3.777275,1.386294,-2.390981,1.660363,0.169212
VN,Viet Nam,E - 28_6,Fishing and Hunting Equipment and Accessories,E - H,Leisure and education,Entrepreneurial,0.0,1.0,0.047619,0.0,0.036661,0,0,0,0,0,,0.140436,0.173904,19.507495,3.02079,0.693147,-2.327643,2.009611,0.104593
VN,Viet Nam,E - 28_7,Tabletop and Card-Based Gaming Products,E - H,Leisure and education,Entrepreneurial,2.0,1.0,0.023256,0.075972,0.076172,0,0,0,0,0,,0.139979,0.189695,43.980911,3.806238,0.693147,-3.113091,1.555834,0.195274
VN,Viet Nam,E - 28_9,Water and Snow Sports Equipment,E - H,Leisure and education,Entrepreneurial,0.0,1.0,0.030303,0.0,0.044227,0,0,0,0,0,,0.135886,0.184344,27.602469,3.353493,0.693147,-2.660346,2.231103,0.138131
VN,Viet Nam,E - 29_0,"Fruit Preserves, Jams, and Jellies",E - K,"Food, beverages and tobacco",Entrepreneurial,2.0,13.0,0.952737,0.072443,0.316316,0,0,0,0,0,,0.14294,0.213788,17.151678,2.898763,2.639057,-0.259706,-1.233948,0.332475
VN,Viet Nam,E - 29_1,Vegetable and Potato-Based Snack Foods,E - K,"Food, beverages and tobacco",Entrepreneurial,2.0,22.0,1.167839,0.159828,0.441246,0,0,0,0,0,,0.142946,0.223709,19.1574,3.003571,3.135494,0.131923,0.062212,0.255373
VN,Viet Nam,E - 29_10,Soups and Soup Preparation Products,E - K,"Food, beverages and tobacco",Entrepreneurial,4.0,27.0,4.386768,0.270654,0.488158,0,0,0,0,0,,0.149334,0.21816,15.551101,2.806453,3.332205,0.525752,0.633334,0.23223
VN,Viet Nam,E - 29_11,Prepared and Frozen Protein-Based Meals,E - K,"Food, beverages and tobacco",Entrepreneurial,1.0,2.0,0.123167,0.141809,0.171952,0,0,0,0,0,,0.138972,0.212159,14.089304,2.713986,1.098612,-1.615374,1.254089,0.21983
VN,Viet Nam,E - 29_13,Non-live Seafood and Edible Aquatic Animals,E - K,"Food, beverages and tobacco",Entrepreneurial,8.0,17.0,2.225596,0.477201,0.4843,0,0,0,0,0,,0.151975,0.218434,10.047296,2.402186,2.890372,0.488186,-0.393086,0.271551
VN,Viet Nam,E - 29_14,Prepared and Preserved Vegetable Foods,E - K,"Food, beverages and tobacco",Entrepreneurial,8.0,27.0,2.212099,0.351703,0.481483,0,0,0,0,0,,0.149339,0.222235,26.925815,3.329552,3.332205,0.002653,-0.171973,0.27205
VN,Viet Nam,E - 29_15,Plant-Based Protein Foods and Substitutes,E - K,"Food, beverages and tobacco",Entrepreneurial,4.0,14.0,1.47056,0.269383,0.317481,0,0,0,0,0,,0.148201,0.216997,21.529734,3.114836,2.70805,-0.406786,0.480154,0.239663
VN,Viet Nam,E - 29_16,Processed and Prepared Seafood Products,E - K,"Food, beverages and tobacco",Entrepreneurial,22.0,30.0,3.136109,0.603477,0.592517,1,1,1,1,,0,0.154403,0.221632,18.606816,2.975877,3.433987,0.45811,-0.556508,0.278801
VN,Viet Nam,E - 29_17,Dairy and Dairy Alternative Beverages,E - K,"Food, beverages and tobacco",Entrepreneurial,8.0,69.0,9.83503,0.302781,0.63972,0,1,1,1,1,,0.146617,0.220791,27.489001,3.349518,4.248495,0.898977,-0.78425,0.279139
VN,Viet Nam,E - 29_18,"Processed Nuts, Seeds, and Snack Mixes",E - K,"Food, beverages and tobacco",Entrepreneurial,7.0,19.0,3.281333,0.346651,0.394968,0,0,0,0,0,,0.148335,0.221297,21.926442,3.132291,2.995732,-0.136559,0.213359,0.244914
VN,Viet Nam,E - 29_19,Yogurt-Based and Probiotic Dairy Beverages,E - K,"Food, beverages and tobacco",Entrepreneurial,5.0,36.0,2.064699,0.293335,0.657178,0,1,1,1,1,,0.146897,0.224464,16.056523,2.836533,3.610918,0.774385,0.139895,0.241562
VN,Viet Nam,E - 29_2,Artisanal Organic Food and Ingredients,E - K,"Food, beverages and tobacco",Entrepreneurial,11.0,63.0,9.241151,0.275761,0.53503,0,1,1,1,1,,0.147154,0.222336,33.12867,3.530138,4.158883,0.628745,-1.198938,0.331621
VN,Viet Nam,E - 29_20,Regionally-Specific Processed Japanese Foods,E - K,"Food, beverages and tobacco",Entrepreneurial,2.0,7.0,1.23355,0.269795,0.428248,0,0,0,0,0,,0.149599,0.217668,9.181526,2.320575,2.079442,-0.241133,0.408935,0.21962
VN,Viet Nam,E - 29_21,Processed and Prepared Meat Products,E - K,"Food, beverages and tobacco",Entrepreneurial,4.0,21.0,1.571886,0.206862,0.493963,0,0,0,0,0,,0.1505,0.220489,22.605302,3.161471,3.091042,-0.070429,-0.406744,0.282039
VN,Viet Nam,E - 29_3,Processed and Preserved Fruits and Vegetables,E - K,"Food, beverages and tobacco",Entrepreneurial,4.0,15.0,0.99092,0.126421,0.406208,0,0,0,0,0,,0.142315,0.218319,21.455466,3.111534,2.772589,-0.338945,-1.034754,0.321132
VN,Viet Nam,E - 29_4,"Edible Oils, Fats, and Spreads",E - K,"Food, beverages and tobacco",Entrepreneurial,4.0,16.0,2.558929,0.119327,0.295851,0,0,0,0,0,,0.142882,0.212095,21.790645,3.12635,2.833213,-0.293137,-1.515757,0.330847
VN,Viet Nam,E - 29_5,Processed and Prepared Fruit Products,E - K,"Food, beverages and tobacco",Entrepreneurial,5.0,19.0,1.860683,0.263754,0.397064,0,0,0,0,0,,0.149515,0.221349,24.692091,3.246183,2.995732,-0.250451,-0.462609,0.279643
VN,Viet Nam,E - 29_7,Meat and Poultry Products,E - K,"Food, beverages and tobacco",Entrepreneurial,5.0,23.0,1.220394,0.149545,0.466216,0,0,0,0,0,,0.144168,0.217286,21.372726,3.107843,3.178054,0.070211,-1.397062,0.316231
VN,Viet Nam,E - 29_8,Dairy and Dairy-Based Food Products,E - K,"Food, beverages and tobacco",Entrepreneurial,4.0,46.0,2.945745,0.11453,0.541111,0,1,1,1,1,,0.138946,0.21146,22.83349,3.171092,3.850148,0.679056,-1.41581,0.328712
VN,Viet Nam,E - 29_9,Functional Foods and Plant-based Dietary Supplements,E - K,"Food, beverages and tobacco",Entrepreneurial,4.0,7.0,0.421155,0.364708,0.525075,0,1,1,0,1,,0.148274,0.216971,5.819823,1.919834,2.079442,0.159608,1.444901,0.198221
VN,Viet Nam,E - 2_0,Lacquers and Varnishes for Surface Protection,E - C,Chemicals,Entrepreneurial,5.0,0.0,0.0,0.32284,0.0,0,0,0,0,0,,0.148327,0.20431,5.540319,1.877986,0.0,-1.877986,-0.182143,0.209322
VN,Viet Nam,E - 2_11,Industrial and Specialty Dyes and Colorants,E - C,Chemicals,Entrepreneurial,0.0,0.0,0.0,0.0,0.0,0,0,0,0,0,,0.142003,0.198242,4.383292,1.6833,0.0,-1.6833,2.143262,0.13961
VN,Viet Nam,E - 2_3,"Colorants, Pigments, and Coloring Agents",E - C,Chemicals,Entrepreneurial,6.0,0.0,0.0,0.390667,0.0,0,0,0,0,0,,0.150322,0.207543,6.83688,2.058841,0.0,-2.058841,1.492133,0.179773
VN,Viet Nam,E - 2_7,Metal Powders and Foils for Artists,E - C,Chemicals,Entrepreneurial,0.0,0.0,0.0,0.0,0.0,0,0,0,0,0,,0.143896,0.202631,3.479604,1.499535,0.0,-1.499535,1.217905,0.16874
VN,Viet Nam,E - 2_8,Wood Protection and Preservation Products,E - C,Chemicals,Entrepreneurial,5.0,0.0,0.0,0.362371,0.0,0,0,0,0,0,,0.147329,0.207579,4.099575,1.629157,0.0,-1.629157,1.190903,0.182018
VN,Viet Nam,E - 2_9,Building and Maintenance Chemical Materials,E - C,Chemicals,Entrepreneurial,5.0,0.0,0.0,0.322166,0.0,0,0,0,0,0,,0.150053,0.213206,7.363241,2.123846,0.0,-2.123846,1.159189,0.198707
VN,Viet Nam,E - 30_0,Asian-Inspired Specialty Food Products,E - K,"Food, beverages and tobacco",Entrepreneurial,5.0,11.0,2.664806,0.391833,0.429512,0,0,0,0,0,,0.146696,0.210812,11.076984,2.491302,2.484907,-0.006395,1.093947,0.195608
VN,Viet Nam,E - 30_1,"Culinary Spices, Seasonings, and Herbs",E - K,"Food, beverages and tobacco",Entrepreneurial,18.0,41.0,7.254812,0.318866,0.409861,0,0,0,0,0,,0.14469,0.196938,19.45725,3.018337,3.73767,0.719332,-2.020781,0.348909
VN,Viet Nam,E - 30_10,Non-essential oil food and beverage flavorings,E - K,"Food, beverages and tobacco",Entrepreneurial,11.0,12.0,0.839286,0.436857,0.333267,0,0,0,0,0,,0.149955,0.219625,17.682774,2.927602,2.564949,-0.362653,0.283109,0.242163
VN,Viet Nam,E - 30_11,"Sauces, Seasonings, and Condiments",E - K,"Food, beverages and tobacco",Entrepreneurial,16.0,44.0,7.019891,0.28374,0.418003,0,0,0,0,0,,0.138711,0.197875,21.57591,3.116883,3.806662,0.689779,-1.82405,0.342531
VN,Viet Nam,E - 30_12,"Coffee, Tea, Cocoa, and Substitutes",E - K,"Food, beverages and tobacco",Entrepreneurial,11.0,46.0,3.841609,0.230163,0.537941,0,1,1,1,1,,0.139004,0.216561,26.897845,3.328549,3.850148,0.521598,-1.884352,0.334013
VN,Viet Nam,E - 30_13,Baking Mixes and Ingredients,E - K,"Food, beverages and tobacco",Entrepreneurial,8.0,13.0,4.170939,0.199303,0.218895,0,0,0,0,0,,0.139921,0.200746,17.218873,2.902458,2.639057,-0.263401,-1.965642,0.338825
VN,Viet Nam,E - 30_14,Bakery and Confectionery Food Products,E - K,"Food, beverages and tobacco",Entrepreneurial,6.0,14.0,1.040481,0.158114,0.348059,0,0,0,0,0,,0.140349,0.219636,18.547706,2.972858,2.70805,-0.264808,-1.517371,0.312268
VN,Viet Nam,E - 30_15,Rice-based Food Products and Dishes,E - K,"Food, beverages and tobacco",Entrepreneurial,23.0,58.0,16.25792,0.467097,0.592022,0,1,1,1,1,,0.149688,0.226165,30.280596,3.442998,4.077537,0.634539,-1.082137,0.286382
VN,Viet Nam,E - 30_16,Sweet Baked Goods and Desserts,E - K,"Food, beverages and tobacco",Entrepreneurial,29.0,23.0,3.177021,0.467849,0.391672,0,0,0,0,0,,0.150994,0.216461,37.764199,3.657497,3.178054,-0.479443,-1.393572,0.326021
VN,Viet Nam,E - 30_17,"Food, Ingredients, and Related Goods",E - K,"Food, beverages and tobacco",Entrepreneurial,19.0,57.0,12.731681,0.294739,0.464776,0,0,0,0,0,,0.135694,0.212214,38.439501,3.674768,4.060443,0.385675,-1.803925,0.346836
VN,Viet Nam,E - 30_18,Specialty Tea and Tea-Based Beverages,E - K,"Food, beverages and tobacco",Entrepreneurial,34.0,72.0,11.434427,0.587035,0.635539,1,1,1,1,,0,0.150518,0.22172,33.453454,3.539609,4.290459,0.75085,-0.377561,0.263592
VN,Viet Nam,E - 30_19,"Pasta, Noodle, and Rice-Based Foods",E - K,"Food, beverages and tobacco",Entrepreneurial,27.0,53.0,14.691254,0.56428,0.535066,1,1,1,1,,0,0.147109,0.214758,24.200571,3.226867,3.988984,0.762117,-1.190872,0.302827
VN,Viet Nam,E - 30_2,Sugary Confectionery and Candy Products,E - K,"Food, beverages and tobacco",Entrepreneurial,28.0,40.0,4.688284,0.478565,0.520758,0,1,1,0,1,,0.146045,0.217801,35.408057,3.59479,3.713572,0.118782,-0.569524,0.294519
VN,Viet Nam,E - 30_20,Functional Foods and Nutritional Supplements,E - K,"Food, beverages and tobacco",Entrepreneurial,4.0,20.0,2.12363,0.117081,0.270168,0,0,0,0,0,,0.13761,0.202194,19.553131,3.023013,3.044522,0.021509,-1.750992,0.343767
VN,Viet Nam,E - 30_3,Chocolate and Confectionery Food Products,E - K,"Food, beverages and tobacco",Entrepreneurial,25.0,23.0,1.925666,0.457904,0.379433,0,0,0,0,0,,0.149885,0.214908,30.005758,3.434173,3.178054,-0.256119,-1.353301,0.328133
VN,Viet Nam,E - 30_4,Coffee and Coffee-Based Products,E - K,"Food, beverages and tobacco",Entrepreneurial,62.0,82.0,16.210585,0.703881,0.662325,1,1,1,1,,0,0.15127,0.21706,31.406064,3.478346,4.418841,0.940495,-1.13032,0.306506
VN,Viet Nam,E - 30_6,Savory Filled or Wrapped Baked Goods,E - K,"Food, beverages and tobacco",Entrepreneurial,26.0,35.0,9.544937,0.500332,0.453744,1,0,0,0,,1,0.147354,0.218056,31.675904,3.486638,3.583519,0.096881,-0.469924,0.289302
VN,Viet Nam,E - 30_7,Frozen Desserts and Edible Ices,E - K,"Food, beverages and tobacco",Entrepreneurial,6.0,44.0,2.897372,0.157781,0.488089,0,0,0,0,0,,0.143972,0.205733,26.318219,3.307554,3.806662,0.499109,-1.688193,0.341298
VN,Viet Nam,E - 30_8,Cereal-based and grain-derived food products,E - K,"Food, beverages and tobacco",Entrepreneurial,51.0,76.0,10.675282,0.539652,0.551546,1,1,1,1,,0,0.149254,0.213679,36.333414,3.619889,4.343805,0.723917,-1.856407,0.333602
VN,Viet Nam,E - 30_9,Grain-Based and Savory Snack Foods,E - K,"Food, beverages and tobacco",Entrepreneurial,24.0,20.0,1.59699,0.552644,0.403871,1,0,0,0,,1,0.146157,0.21427,26.9108,3.329014,3.044522,-0.284491,0.064285,0.255055
VN,Viet Nam,E - 31_10,"Live Plants, Flowers, and Propagation Materials",E - A,Agriculture,Entrepreneurial,2.0,1.0,0.016393,0.169934,0.141021,0,0,0,0,0,,0.144779,0.208663,10.459914,2.438855,0.693147,-1.745708,-0.183105,0.236923
VN,Viet Nam,E - 31_13,Pet Food and Edible Pet Treats,E - K,"Food, beverages and tobacco",Entrepreneurial,1.0,4.0,1.18306,0.152011,0.197302,0,0,0,0,0,,0.146422,0.216233,12.425695,2.59717,1.609438,-0.987733,0.97248,0.210532
VN,Viet Nam,E - 31_2,Fresh Fruits and Vegetables Products,E - K,"Food, beverages and tobacco",Entrepreneurial,4.0,7.0,0.993695,0.228533,0.338677,0,0,0,0,0,,0.145547,0.203285,9.6267,2.36337,2.079442,-0.283928,-0.539056,0.255094
VN,Viet Nam,E - 31_3,Fresh and Unprocessed Vegetables and Herbs,E - K,"Food, beverages and tobacco",Entrepreneurial,3.0,3.0,0.325217,0.375212,0.224916,0,0,0,0,0,,0.14664,0.209837,6.953979,2.073672,1.386294,-0.687378,0.203193,0.222326
VN,Viet Nam,E - 31_4,Live Animals and Breeding Products,E - A,Agriculture,Entrepreneurial,4.0,4.0,0.184872,0.277062,0.291049,0,0,0,0,0,,0.149167,0.210432,5.85442,1.924894,1.609438,-0.315456,-0.621085,0.26033
VN,Viet Nam,E - 31_6,Seeds and Plant Propagation Materials,E - A,Agriculture,Entrepreneurial,3.0,7.0,2.684872,0.204352,0.330842,0,0,0,0,0,,0.149089,0.209178,8.516564,2.253034,2.079442,-0.173592,-0.663858,0.254082
VN,Viet Nam,E - 31_7,Natural Agricultural and Food Products,E - A,Agriculture,Entrepreneurial,2.0,5.0,1.184872,0.164184,0.267775,0,0,0,0,0,,0.147122,0.217476,10.88935,2.475643,1.791759,-0.683884,0.064142,0.257344
VN,Viet Nam,E - 31_9,Unprocessed Agricultural Crops and Products,E - K,"Food, beverages and tobacco",Entrepreneurial,2.0,1.0,0.016393,0.297539,0.26447,0,0,0,0,0,,0.144548,0.21381,7.744162,2.168386,0.693147,-1.475239,-0.330696,0.2489
VN,Viet Nam,E - 32_0,Non-alcoholic and Low-alcoholic Beverages,E - K,"Food, beverages and tobacco",Entrepreneurial,3.0,76.0,9.882788,0.165542,0.646573,0,1,1,1,1,,0.136411,0.216503,28.624637,3.388606,4.343805,0.955199,-0.732791,0.313671
VN,Viet Nam,E - 32_1,Fruit and Vegetable Juice Beverages,E - K,"Food, beverages and tobacco",Entrepreneurial,4.0,66.0,7.247867,0.117922,0.604956,0,1,1,1,1,,0.126124,0.214971,28.658729,3.389756,4.204693,0.814936,-0.943441,0.324055
VN,Viet Nam,E - 32_11,Nutritionally Enhanced Sports and Energy Drinks,E - K,"Food, beverages and tobacco",Entrepreneurial,1.0,33.0,4.920548,0.09484,0.588822,0,1,1,0,1,,0.144978,0.220293,18.210054,2.955434,3.526361,0.570927,0.777142,0.25474
VN,Viet Nam,E - 32_2,Beer and Beer-Related Products,E - K,"Food, beverages and tobacco",Entrepreneurial,6.0,49.0,30.171644,0.186664,0.582589,0,1,1,1,1,,0.131476,0.206009,20.348098,3.060963,3.912023,0.85106,-1.361078,0.325394
VN,Viet Nam,E - 32_4,Food and Beverage Products and Services,E - K,"Food, beverages and tobacco",Entrepreneurial,0.0,9.0,0.718272,0.0,0.371487,0,0,0,0,0,,0.141575,0.222173,10.443634,2.437434,2.302585,-0.134848,0.024295,0.263835
VN,Viet Nam,E - 32_7,Bottled and Enhanced Drinking Water Beverages,E - K,"Food, beverages and tobacco",Entrepreneurial,3.0,61.0,7.099508,0.102245,0.651272,0,1,1,1,1,,0.126476,0.209633,22.054795,3.137874,4.127134,0.989261,-1.052199,0.3405
VN,Viet Nam,E - 32_8,Preparations for Making Beverages,E - K,"Food, beverages and tobacco",Entrepreneurial,0.0,28.0,2.128821,0.0,0.482983,0,0,0,0,0,,0.126841,0.217341,25.168338,3.26455,3.367296,0.102746,-0.909809,0.311461
VN,Viet Nam,E - 33_10,Distilled Spirits and Alcoholic Beverages,E - K,"Food, beverages and tobacco",Entrepreneurial,1.0,1.0,0.222222,0.094672,0.058691,0,0,0,0,0,,0.138448,0.193302,13.242537,2.656233,0.693147,-1.963086,0.080192,0.244039
VN,Viet Nam,E - 33_12,Flavored and Infused Alcoholic Beverages,E - K,"Food, beverages and tobacco",Entrepreneurial,0.0,0.0,0.0,0.0,0.0,0,0,0,0,0,,0.142098,0.197206,12.314726,2.588871,0.0,-2.588871,0.677116,0.228441
VN,Viet Nam,E - 33_13,Wines and Wine-Related Beverages,E - K,"Food, beverages and tobacco",Entrepreneurial,1.0,1.0,0.052632,0.069652,0.070277,0,0,0,0,0,,0.138165,0.201417,17.61664,2.924056,0.693147,-2.230909,0.008503,0.214437
VN,Viet Nam,E - 33_14,Agricultural and Food Products and Services,E - K,"Food, beverages and tobacco",Entrepreneurial,1.0,1.0,0.052632,0.109516,0.196508,0,0,0,0,0,,0.142664,0.200551,9.982057,2.396263,0.693147,-1.703116,0.08941,0.272161
VN,Viet Nam,E - 33_9,Alcoholic Beverages and Related Preparations,E - K,"Food, beverages and tobacco",Entrepreneurial,1.0,2.0,0.274854,0.10655,0.145851,0,0,0,0,0,,0.14291,0.199609,15.070615,2.776992,1.098612,-1.67838,0.165989,0.267771
VN,Viet Nam,E - 34_0,Diverse Consumer and Industrial Goods,E - D,Clothing,Entrepreneurial,0.0,2.0,0.424242,0.0,0.112228,0,0,0,0,0,,0.115375,0.188446,13.616658,2.682162,1.098612,-1.58355,0.385302,0.188515
VN,Viet Nam,E - 34_1,"Tobacco, smoking devices, and accessories",E - K,"Food, beverages and tobacco",Entrepreneurial,0.0,1.0,0.090909,0.0,0.081401,0,0,0,0,0,,0.133421,0.192212,8.826542,2.285087,0.693147,-1.59194,-0.660453,0.196966
VN,Viet Nam,E - 34_5,Electronic Cigarettes and Vaping Products,E - K,"Food, beverages and tobacco",Entrepreneurial,0.0,1.0,0.090909,0.0,0.045916,0,0,0,0,0,,0.132676,0.194815,20.855697,3.084462,0.693147,-2.391314,0.871859,0.161434
VN,Viet Nam,E - 34_6,Smoking and Tobacco-Related Accessories,E - K,"Food, beverages and tobacco",Entrepreneurial,0.0,3.0,0.757576,0.0,0.231945,0,0,0,0,0,,0.127666,0.186629,8.7132,2.273486,1.386294,-0.887191,1.098116,0.166924
VN,Viet Nam,E - 34_7,Smoking Accessories and Cigarette Products,E - K,"Food, beverages and tobacco",Entrepreneurial,0.0,4.0,1.757576,0.0,0.290275,0,0,0,0,0,,0.126597,0.184622,16.683536,2.872634,1.609438,-1.263196,0.186384,0.199224
VN,Viet Nam,E - 34_8,Tobacco Products and Smoking Goods,E - K,"Food, beverages and tobacco",Entrepreneurial,0.0,2.0,0.424242,0.0,0.287115,0,0,0,0,0,,0.117904,0.187353,17.403426,2.912537,1.098612,-1.813925,-0.242552,0.199265
VN,Viet Nam,E - 35_0,Business Support and Administrative Services,E - B,Business services,Entrepreneurial,9.0,33.0,3.634012,0.088409,0.173047,0,0,0,0,0,,0.136052,0.203449,115.897111,4.761294,3.526361,-1.234934,0.034887,0.318963
VN,Viet Nam,E - 35_1,Business and Commercial Management Services,E - B,Business services,Entrepreneurial,5.0,17.0,2.239668,0.055626,0.108817,0,0,0,0,0,,0.133546,0.202072,100.683178,4.621862,2.890372,-1.73149,0.003049,0.317705
VN,Viet Nam,E - 35_10,Service-Based Sales and Distribution Facilitation,E - B,Business services,Entrepreneurial,2.0,1.0,0.083333,0.103945,0.05993,0,0,0,0,0,,0.147432,0.208805,24.194336,3.226619,0.693147,-2.533472,0.980874,0.241617
VN,Viet Nam,E - 35_11,Automotive Parts and Services Commerce,E - B,Business services,Entrepreneurial,0.0,21.0,3.27865,0.0,0.481333,0,0,0,0,0,,0.139592,0.211368,15.30076,2.791212,3.091042,0.299831,1.761564,0.198958
VN,Viet Nam,E - 35_12,Commercial and Advertising Event Organization,E - B,Business services,Entrepreneurial,5.0,14.0,1.402553,0.110754,0.168872,0,0,0,0,0,,0.13749,0.208521,61.645475,4.137491,2.70805,-1.429441,1.162234,0.25776
VN,Viet Nam,E - 35_13,Retail and Wholesale Services for Goods,E - B,Business services,Entrepreneurial,0.0,11.0,3.949122,0.0,0.222201,0,0,0,0,0,,0.142508,0.213361,38.293338,3.671055,2.484907,-1.186148,0.971067,0.254076
VN,Viet Nam,E - 35_14,Business Data Management and Processing Services,E - B,Business services,Entrepreneurial,1.0,8.0,0.361779,0.024779,0.129889,0,0,0,0,0,,0.138921,0.208583,78.288192,4.373089,2.197225,-2.175865,1.242424,0.247892
VN,Viet Nam,E - 35_16,Personnel Recruitment and Human Resources Services,E - B,Business services,Entrepreneurial,3.0,1.0,0.166667,0.112133,0.047027,0,0,0,0,0,,0.138679,0.205329,39.84159,3.709701,0.693147,-3.016554,1.266893,0.227498
VN,Viet Nam,E - 35_17,Commercial Trade and Intermediary Services,E - B,Business services,Entrepreneurial,9.0,26.0,3.609893,0.195722,0.340491,0,0,0,0,0,,0.144237,0.210038,56.777887,4.056606,3.295837,-0.760769,0.100513,0.290375
VN,Viet Nam,E - 35_18,Market and Business Analysis Services,E - B,Business services,Entrepreneurial,1.0,17.0,1.523441,0.027787,0.216281,0,0,0,0,0,,0.140019,0.210539,69.051045,4.249224,2.890372,-1.358852,1.062695,0.25812
VN,Viet Nam,E - 35_19,Online Commercial and Marketplace Services,E - B,Business services,Entrepreneurial,0.0,17.0,1.384078,0.0,0.17611,0,0,0,0,0,,0.139538,0.205101,98.115563,4.596286,2.890372,-1.705915,0.810255,0.277293
VN,Viet Nam,E - 35_2,Retail and Wholesale of Electronic Goods,E - B,Business services,Entrepreneurial,3.0,7.0,0.614455,0.110155,0.152264,0,0,0,0,0,,0.145073,0.207903,42.624395,3.775617,2.079442,-1.696175,1.337303,0.255472
VN,Viet Nam,E - 35_20,Beauty and Personal Care Retail Services,E - B,Business services,Entrepreneurial,0.0,5.0,0.436552,0.0,0.242512,0,0,0,0,0,,0.139561,0.213121,19.518386,3.021321,1.791759,-1.229562,1.21111,0.229451
VN,Viet Nam,E - 35_21,Advertising and Marketing Services for Others,E - B,Business services,Entrepreneurial,6.0,62.0,5.996297,0.057794,0.271904,0,0,0,0,0,,0.132895,0.205763,119.220884,4.789331,4.143135,-0.646196,-0.279197,0.32559
VN,Viet Nam,E - 35_23,Retail and Distribution of Health Products,E - B,Business services,Entrepreneurial,0.0,12.0,2.232367,0.0,0.358909,0,0,0,0,0,,0.146651,0.213973,24.463045,3.237228,2.564949,-0.672279,1.082544,0.221876
VN,Viet Nam,E - 35_24,Retail Services for Fashion and Apparel,E - B,Business services,Entrepreneurial,0.0,8.0,1.606324,0.0,0.241249,0,0,0,0,0,,0.143673,0.210741,24.620371,3.243388,2.197225,-1.046163,1.039301,0.238206
VN,Viet Nam,E - 35_25,Business Consulting and Advisory Services,E - B,Business services,Entrepreneurial,3.0,22.0,2.348369,0.05068,0.181151,0,0,0,0,0,,0.134344,0.203769,99.430547,4.609466,3.135494,-1.473972,0.806077,0.272021
VN,Viet Nam,E - 35_26,Wholesale and retail trade services,E - B,Business services,Entrepreneurial,0.0,11.0,4.658009,0.0,0.323125,0,0,0,0,0,,0.139271,0.220066,20.33916,3.060544,2.484907,-0.575637,1.11738,0.242619
VN,Viet Nam,E - 35_3,Customer Loyalty Services for Retailers,E - B,Business services,Entrepreneurial,0.0,0.0,0.0,0.0,0.0,0,0,0,0,0,,0.062988,0.066327,0.004743,0.004732,0.0,-0.004732,6.163911,0.010057
VN,Viet Nam,E - 35_4,"Marketing, Promotion, and Loyalty Program Services",E - B,Business services,Entrepreneurial,4.0,16.0,1.452988,0.074605,0.152039,0,0,0,0,0,,0.135716,0.203579,93.460966,4.548187,2.833213,-1.714973,0.691672,0.28451
VN,Viet Nam,E - 35_9,Food and Beverage Retail and Wholesale Services,E - B,Business services,Entrepreneurial,1.0,27.0,6.977286,0.095595,0.504481,0,1,1,0,1,,0.148587,0.220707,22.308454,3.148816,3.332205,0.183388,0.362803,0.278193
VN,Viet Nam,E - 36_0,Real Estate Leasing and Rental Services,E - B,Business services,Entrepreneurial,2.0,16.0,4.774802,0.185746,0.514831,0,1,1,0,1,,0.145039,0.212373,12.991586,2.638456,2.833213,0.194757,0.984812,0.233053
VN,Viet Nam,E - 36_1,Electronic Payment and Money Transfer Services,E - B,Business services,Entrepreneurial,3.0,9.0,0.437348,0.208431,0.378128,0,0,0,0,0,,0.137095,0.200492,20.470152,3.066664,2.302585,-0.764079,0.70291,0.278701
VN,Viet Nam,E - 36_10,Real Estate Management and Leasing Services,E - B,Business services,Entrepreneurial,6.0,11.0,1.243056,0.314131,0.506287,0,1,1,0,1,,0.144519,0.209434,15.01877,2.773761,2.484907,-0.288854,0.85972,0.250684
VN,Viet Nam,E - 36_11,Payment and Card-Based Financial Services,E - B,Business services,Entrepreneurial,3.0,7.0,0.394491,0.21971,0.293838,0,0,0,0,0,,0.138175,0.20357,14.087802,2.713887,2.079442,-0.634445,1.275458,0.258572
VN,Viet Nam,E - 36_12,Banking and Financial Transaction Services,E - B,Business services,Entrepreneurial,19.0,14.0,2.159831,0.341042,0.310532,0,0,0,0,0,,0.131399,0.189889,30.08915,3.436859,2.70805,-0.728809,-0.402518,0.317429
VN,Viet Nam,E - 36_13,Issuance of Payment and Loyalty Instruments,E - B,Business services,Entrepreneurial,0.0,1.0,0.052632,0.0,0.071605,0,0,0,0,0,,0.141314,0.209262,12.523674,2.604442,0.693147,-1.911295,1.553964,0.230881
VN,Viet Nam,E - 36_14,Loan and Financing Services,E - B,Business services,Entrepreneurial,8.0,16.0,1.625281,0.338519,0.426745,0,0,0,0,0,,0.137845,0.194951,21.776931,3.125748,2.833213,-0.292535,0.795428,0.276732
VN,Viet Nam,E - 36_15,Financial and Asset Valuation Services,E - B,Business services,Entrepreneurial,4.0,9.0,0.509398,0.224232,0.268366,0,0,0,0,0,,0.14239,0.203352,22.821957,3.170608,2.302585,-0.868023,0.68969,0.270676
VN,Viet Nam,E - 36_17,Securities Trading and Brokerage Services,E - B,Business services,Entrepreneurial,4.0,9.0,0.616353,0.257341,0.360439,0,0,0,0,0,,0.142944,0.192391,17.083282,2.894988,2.302585,-0.592403,1.15815,0.281503
VN,Viet Nam,E - 36_18,Investment and Asset Management Services,E - B,Business services,Entrepreneurial,9.0,10.0,0.981071,0.3438,0.312976,0,0,0,0,0,,0.140277,0.191291,21.973082,3.134323,2.397895,-0.736428,0.940784,0.261278
VN,Viet Nam,E - 36_19,Digital and Online Financial Service Provision,E - B,Business services,Entrepreneurial,3.0,0.0,0.0,0.357674,0.0,0,0,0,0,0,,0.138394,0.198119,5.749498,1.909468,0.0,-1.909468,1.200715,0.201873
VN,Viet Nam,E - 36_20,Blockchain-Based Financial and Payment Services,E - B,Business services,Entrepreneurial,0.0,2.0,0.190476,0.0,0.143673,0,0,0,0,0,,0.113678,0.198544,12.692688,2.616862,1.098612,-1.51825,1.689253,0.242366
VN,Viet Nam,E - 36_21,Credit and Debt Management Services,E - B,Business services,Entrepreneurial,4.0,4.0,0.333333,0.290201,0.325854,0,0,0,0,0,,0.138158,0.205017,14.064184,2.71232,1.609438,-1.102882,1.037812,0.251678
VN,Viet Nam,E - 36_3,Insurance and Risk Management Services,E - B,Business services,Entrepreneurial,14.0,17.0,2.985039,0.301731,0.358828,0,0,0,0,0,,0.134873,0.196895,23.482706,3.197967,2.890372,-0.307595,-0.456725,0.307995
VN,Viet Nam,E - 36_4,Financial Sponsorship and Funding Services,E - B,Business services,Entrepreneurial,2.0,3.0,0.15873,0.18853,0.117284,0,0,0,0,0,,0.137262,0.205816,14.161653,2.718769,1.386294,-1.332475,1.312407,0.23082
VN,Viet Nam,E - 36_5,Financial Consulting and Advisory Services,E - B,Business services,Entrepreneurial,12.0,7.0,0.975224,0.342809,0.257627,0,0,0,0,0,,0.137988,0.195376,29.787993,3.427125,2.079442,-1.347683,0.754283,0.261557
VN,Viet Nam,E - 36_6,Real Estate Services and Consulting,E - B,Business services,Entrepreneurial,8.0,21.0,1.990188,0.249258,0.43107,0,0,0,0,0,,0.135129,0.202695,20.567415,3.071184,3.091042,0.019859,-0.197134,0.302587
VN,Viet Nam,E - 36_7,Investment and Venture Capital Services,E - B,Business services,Entrepreneurial,8.0,10.0,0.901786,0.338395,0.340168,0,0,0,0,0,,0.136311,0.198863,22.078017,3.138881,2.397895,-0.740985,0.69954,0.272896
VN,Viet Nam,E - 36_8,Financial and Service Management Solutions,E - B,Business services,Entrepreneurial,6.0,20.0,2.655314,0.264429,0.37198,0,0,0,0,0,,0.130766,0.203356,18.718956,2.98158,3.044522,0.062942,0.311073,0.278823
VN,Viet Nam,E - 36_9,Online Financial Information and Services,E - B,Business services,Entrepreneurial,0.0,0.0,0.0,0.0,0.0,0,0,0,0,0,,0.134786,0.197341,17.775974,2.932578,0.0,-2.932578,1.35724,0.248771
VN,Viet Nam,E - 37_0,Business and Industrial Operations Services,E - E,Construction,Entrepreneurial,1.0,1.0,0.043478,0.107609,0.100385,0,0,0,0,0,,0.1463,0.211796,9.180131,2.320438,0.693147,-1.627291,2.074876,0.199938
VN,Viet Nam,E - 37_1,Water and Waste Infrastructure Services,E - E,Construction,Entrepreneurial,0.0,0.0,0.0,0.0,0.0,0,0,0,0,0,,0.143586,0.21355,8.987203,2.301305,0.0,-2.301305,1.872672,0.192511
VN,Viet Nam,E - 37_10,Installation and Repair of Security Systems,E - E,Construction,Entrepreneurial,1.0,0.0,0.0,0.090516,0.0,0,0,0,0,0,,0.142723,0.21221,18.523461,2.971617,0.0,-2.971617,0.960694,0.203218
VN,Viet Nam,E - 37_11,Laundry and Fabric Care Services,E - E,Construction,Entrepreneurial,0.0,0.0,0.0,0.0,0.0,0,0,0,0,0,,0.148851,0.207609,4.66893,1.735,0.0,-1.735,1.901399,0.168112
VN,Viet Nam,E - 37_12,Building and Construction Services,E - E,Construction,Entrepreneurial,0.0,2.0,0.105978,0.0,0.236285,0,0,0,0,0,,0.147453,0.219211,21.067356,3.094099,1.098612,-1.995487,0.11173,0.239599
VN,Viet Nam,E - 37_13,Industrial Equipment Maintenance and Repair Services,E - E,Construction,Entrepreneurial,1.0,0.0,0.0,0.10018,0.0,0,0,0,0,0,,0.145433,0.210819,17.597089,2.923005,0.0,-2.923005,2.057858,0.205633
VN,Viet Nam,E - 37_14,HVAC and Appliance Installation and Repair,E - E,Construction,Entrepreneurial,0.0,0.0,0.0,0.0,0.0,0,0,0,0,0,,0.145709,0.213703,12.538882,2.605566,0.0,-2.605566,1.997995,0.186453
VN,Viet Nam,E - 37_15,Building and Property Improvement Services,E - E,Construction,Entrepreneurial,0.0,1.0,0.043478,0.0,0.09429,0,0,0,0,0,,0.148071,0.215761,10.302242,2.425001,0.693147,-1.731854,1.571703,0.203201
VN,Viet Nam,E - 37_16,"Sanitation, Disinfection, and Pest Control Services",E - E,Construction,Entrepreneurial,0.0,0.0,0.0,0.0,0.0,0,0,0,0,0,,0.143023,0.200586,4.502977,1.705289,0.0,-1.705289,2.196347,0.153923
VN,Viet Nam,E - 37_19,Advisory and Consultancy Services Provision,E - E,Construction,Entrepreneurial,0.0,1.0,0.0625,0.0,0.121345,0,0,0,0,0,,0.128756,0.204446,11.508642,2.52642,0.693147,-1.833273,2.328082,0.157232
VN,Viet Nam,E - 37_2,Construction and Industrial Equipment Rental Services,E - E,Construction,Entrepreneurial,0.0,0.0,0.0,0.0,0.0,0,0,0,0,0,,0.145273,0.209395,7.602492,2.152052,0.0,-2.152052,1.80671,0.188442
VN,Viet Nam,E - 37_20,Professional Cleaning and Maintenance Services,E - E,Construction,Entrepreneurial,0.0,11.0,1.188191,0.0,0.413781,0,0,0,0,0,,0.147839,0.214039,11.797053,2.549215,2.484907,-0.064308,1.941746,0.19016
VN,Viet Nam,E - 37_21,Vehicle Maintenance and Repair Services,E - E,Construction,Entrepreneurial,0.0,22.0,2.551485,0.0,0.427728,0,0,0,0,0,,0.143542,0.209249,15.708645,2.815926,3.135494,0.319568,1.745134,0.186143
VN,Viet Nam,E - 37_3,Electric Vehicle Charging and Battery Services,E - E,Construction,Entrepreneurial,0.0,6.0,0.698413,0.0,0.286483,0,0,0,0,0,,0.124592,0.203931,9.784389,2.3781,1.94591,-0.432189,2.783787,0.151819
VN,Viet Nam,E - 37_4,Construction Supervision and Management Services,E - E,Construction,Entrepreneurial,0.0,1.0,0.043478,0.0,0.283672,0,0,0,0,0,,0.145081,0.216749,14.108911,2.715285,0.693147,-2.022138,1.533571,0.196997
VN,Viet Nam,E - 37_6,"Industrial Excavation, Extraction, and Well Services",E - E,Construction,Entrepreneurial,1.0,1.0,0.125,0.147091,0.15854,0,0,0,0,0,,0.144905,0.20564,6.667333,2.036969,0.693147,-1.343822,0.349006,0.208681
VN,Viet Nam,E - 37_7,Repair and Maintenance Services for Goods,E - E,Construction,Entrepreneurial,0.0,2.0,0.105978,0.0,0.149609,0,0,0,0,0,,0.148305,0.216428,14.981512,2.771433,1.098612,-1.67282,1.13777,0.222644
VN,Viet Nam,E - 37_8,Maintenance and Repair of Industrial Machines,E - E,Construction,Entrepreneurial,0.0,1.0,0.125,0.0,0.055508,0,0,0,0,0,,0.143781,0.206873,18.162119,2.952935,0.693147,-2.259788,2.450723,0.175549
VN,Viet Nam,E - 38_0,Telecommunication and Conferencing Services,E - I,Research and technology,Entrepreneurial,5.0,7.0,0.27489,0.230417,0.257729,0,0,0,0,0,,0.138788,0.206795,16.217481,2.845925,2.079442,-0.766484,1.607779,0.221409
VN,Viet Nam,E - 38_1,Network and Internet Access Services,E - I,Research and technology,Entrepreneurial,6.0,1.0,0.052632,0.198947,0.110974,0,0,0,0,0,,0.137229,0.206243,25.329218,3.270679,0.693147,-2.577532,1.802372,0.221619
VN,Viet Nam,E - 38_11,Broadcasting and Transmission of Media Programs,E - I,Research and technology,Entrepreneurial,5.0,0.0,0.0,0.198579,0.0,0,0,0,0,0,,0.133321,0.207971,19.742059,3.032163,0.0,-3.032163,1.193497,0.249479
VN,Viet Nam,E - 38_12,Electronic Data and Information Transmission Services,E - I,Research and technology,Entrepreneurial,0.0,0.0,0.0,0.0,0.0,0,0,0,0,0,,0.136296,0.207023,27.938535,3.365174,0.0,-3.365174,1.968314,0.226144
VN,Viet Nam,E - 38_13,Electronic Transmission of Multimedia Content,E - I,Research and technology,Entrepreneurial,0.0,1.0,0.066667,0.0,0.14646,0,0,0,0,0,,0.133189,0.210395,16.642614,2.870317,0.693147,-2.17717,1.949513,0.196747
VN,Viet Nam,E - 38_14,Database Access and Connectivity Services,E - I,Research and technology,Entrepreneurial,1.0,0.0,0.0,0.052513,0.0,0,0,0,0,0,,0.137418,0.202699,21.95795,3.133664,0.0,-3.133664,1.851385,0.209392
VN,Viet Nam,E - 38_15,Telecommunications Equipment Rental Services,E - I,Research and technology,Entrepreneurial,4.0,0.0,0.0,0.240339,0.0,0,0,0,0,0,,0.136146,0.204902,9.822673,2.381643,0.0,-2.381643,2.046333,0.202946
VN,Viet Nam,E - 38_16,News and Information Dissemination Services,E - I,Research and technology,Entrepreneurial,0.0,0.0,0.0,0.0,0.0,0,0,0,0,0,,0.134859,0.206014,9.363213,2.338262,0.0,-2.338262,1.75676,0.207176
VN,Viet Nam,E - 38_17,"Service-related Exclusions, Limitations, and Clarifications",E - I,Research and technology,Entrepreneurial,0.0,0.0,0.0,0.0,0.0,0,0,0,0,0,,0.1337,0.208074,12.336715,2.590521,0.0,-2.590521,1.571743,0.201802
VN,Viet Nam,E - 38_19,Telecommunications and Data Communication Services,E - I,Research and technology,Entrepreneurial,4.0,7.0,0.305548,0.104117,0.203977,0,0,0,0,0,,0.130985,0.207848,29.697727,3.424189,2.079442,-1.344747,0.688727,0.262212
VN,Viet Nam,E - 38_2,Electronic Messaging and Communication Services,E - I,Research and technology,Entrepreneurial,0.0,2.0,0.075887,0.0,0.162545,0,0,0,0,0,,0.132552,0.201314,18.774083,2.984372,1.098612,-1.88576,1.238724,0.239021
VN,Viet Nam,E - 38_20,Digital Media Streaming and Transmission Services,E - I,Research and technology,Entrepreneurial,0.0,0.0,0.0,0.0,0.0,0,0,0,0,0,,0.1282,0.194381,11.677516,2.53983,0.0,-2.53983,2.152523,0.18677
VN,Viet Nam,E - 38_21,Electronic Messaging and Data Transmission Services,E - I,Research and technology,Entrepreneurial,5.0,2.0,0.075887,0.212524,0.117978,0,0,0,0,0,,0.13952,0.206242,16.042357,2.835702,1.098612,-1.73709,1.660809,0.228806
VN,Viet Nam,E - 38_3,Online Access and Platform Facilitation Services,E - I,Research and technology,Entrepreneurial,0.0,0.0,0.0,0.0,0.0,0,0,0,0,0,,0.136136,0.202736,21.427189,3.110274,0.0,-3.110274,2.376479,0.197925
VN,Viet Nam,E - 38_4,Computer-Based Electronic Communication Services,E - I,Research and technology,Entrepreneurial,4.0,2.0,0.075887,0.200456,0.12944,0,0,0,0,0,,0.13836,0.204603,11.88485,2.556052,1.098612,-1.45744,2.01527,0.196655
VN,Viet Nam,E - 38_6,Mobile and Wireless Communication Services,E - I,Research and technology,Entrepreneurial,4.0,3.0,0.134367,0.213094,0.131657,0,0,0,0,0,,0.138544,0.206732,14.296133,2.7276,1.386294,-1.341306,1.524533,0.224683
VN,Viet Nam,E - 38_7,Online Forums and Discussion Platforms,E - I,Research and technology,Entrepreneurial,0.0,2.0,0.119298,0.0,0.120949,0,0,0,0,0,,0.137049,0.20536,19.451376,3.01805,1.098612,-1.919438,1.981416,0.205245
VN,Viet Nam,E - 38_8,Internet-Based Telecommunication and Information Services,E - I,Research and technology,Entrepreneurial,1.0,1.0,0.023256,0.081311,0.0616,0,0,0,0,0,,0.135529,0.202869,13.884676,2.700332,0.693147,-2.007185,2.267718,0.204184
VN,Viet Nam,E - 38_9,Internet Audio/Video Streaming and Broadcasting Services,E - I,Research and technology,Entrepreneurial,0.0,1.0,0.023256,0.0,0.039101,0,0,0,0,0,,0.136551,0.201489,20.968161,3.089594,0.693147,-2.396447,1.564077,0.240158
VN,Viet Nam,E - 39_0,Service-Related Trademark Descriptions and Limitations,E - J,Transportation,Entrepreneurial,2.0,0.0,0.0,0.173783,0.0,0,0,0,0,0,,0.144174,0.211827,12.336987,2.590541,0.0,-2.590541,1.225025,0.223978
VN,Viet Nam,E - 39_11,Rental and Leasing of Equipment,E - J,Transportation,Entrepreneurial,2.0,11.0,1.192298,0.216756,0.474564,0,0,0,0,0,,0.149578,0.218574,12.101685,2.572741,2.484907,-0.087834,1.791719,0.211948
VN,Viet Nam,E - 39_13,Storage and Warehousing Services,E - J,Transportation,Entrepreneurial,6.0,21.0,2.323964,0.32366,0.476028,0,0,0,0,0,,0.147562,0.217738,16.321812,2.851967,3.091042,0.239076,1.078822,0.249344
VN,Viet Nam,E - 39_14,"Navigation, Location, and Transport Information Services",E - J,Transportation,Entrepreneurial,0.0,7.0,0.766693,0.0,0.270842,0,0,0,0,0,,0.145706,0.211839,15.232845,2.787037,2.079442,-0.707595,1.568077,0.223305
VN,Viet Nam,E - 39_2,Freight and Goods Transportation Services,E - J,Transportation,Entrepreneurial,5.0,25.0,2.550343,0.25757,0.465733,0,0,0,0,0,,0.147297,0.217073,20.523185,3.069131,3.258097,0.188966,0.779956,0.263933
VN,Viet Nam,E - 39_3,"Goods Packaging, Storage, and Transport Services",E - J,Transportation,Entrepreneurial,1.0,18.0,2.055094,0.06166,0.420663,0,0,0,0,0,,0.145368,0.220432,16.141648,2.841511,2.944439,0.102928,0.1173,0.269679
VN,Viet Nam,E - 39_6,Vehicle Rental and Related Services,E - J,Transportation,Entrepreneurial,8.0,19.0,1.813594,0.349466,0.452592,0,0,0,0,0,,0.143899,0.212917,16.162209,2.84271,2.995732,0.153022,1.270836,0.238091
VN,Viet Nam,E - 39_7,Goods and Package Delivery Services,E - J,Transportation,Entrepreneurial,3.0,22.0,2.386464,0.225336,0.488449,0,0,0,0,0,,0.149423,0.213912,13.661254,2.685208,3.135494,0.450286,1.086969,0.250771
VN,Viet Nam,E - 39_9,Passenger and Goods Transportation Services,E - J,Transportation,Entrepreneurial,10.0,21.0,1.927428,0.286045,0.454751,0,0,0,0,0,,0.143777,0.215395,22.581784,3.160475,3.091042,-0.069432,0.428131,0.284476
VN,Viet Nam,E - 3_0,Facial Skin Cleansing and Treatment Products,E - F,Health,Entrepreneurial,7.0,18.0,2.853327,0.237033,0.219504,0,0,0,0,0,,0.143248,0.21273,56.030518,4.043587,2.944439,-1.099148,0.093622,0.23991
VN,Viet Nam,E - 3_1,Impregnated wipes and cleansing pads,E - F,Health,Entrepreneurial,6.0,12.0,1.719885,0.26907,0.159065,0,0,0,0,0,,0.145717,0.213995,33.330378,3.536031,2.564949,-0.971081,0.440132,0.218503
VN,Viet Nam,E - 3_10,"Sun Care, Tanning, and After-Sun Products",E - F,Health,Entrepreneurial,1.0,5.0,0.31837,0.066496,0.118471,0,0,0,0,0,,0.142797,0.207788,31.19492,3.471809,1.791759,-1.680049,0.777485,0.208381
VN,Viet Nam,E - 3_11,Cosmetic Oral and Dental Care Products,E - F,Health,Entrepreneurial,4.0,4.0,0.227461,0.109308,0.069655,0,0,0,0,0,,0.14002,0.203656,34.804164,3.578064,1.609438,-1.968626,-0.774804,0.268913
VN,Viet Nam,E - 3_12,Nail care and cosmetic products,E - F,Health,Entrepreneurial,5.0,6.0,1.352461,0.256027,0.161697,0,0,0,0,0,,0.147933,0.207536,26.790295,3.324687,1.94591,-1.378777,0.899527,0.201966
VN,Viet Nam,E - 3_13,Essential and Cosmetic Oils and Gels,E - F,Health,Entrepreneurial,0.0,9.0,1.160794,0.0,0.160601,0,0,0,0,0,,0.142956,0.211569,54.569918,4.017642,2.302585,-1.715057,-0.362771,0.267488
VN,Viet Nam,E - 3_14,Laundry and Household Cleaning Products,E - F,Health,Entrepreneurial,5.0,6.0,1.015909,0.268236,0.155784,0,0,0,0,0,,0.148032,0.216947,26.395445,3.310377,1.94591,-1.364467,0.09638,0.233654
VN,Viet Nam,E - 3_16,Bath and Body Cleansing Products,E - F,Health,Entrepreneurial,6.0,18.0,2.578327,0.113808,0.191994,0,0,0,0,0,,0.139577,0.20662,54.569332,4.017631,2.944439,-1.073192,-0.561953,0.268256
VN,Viet Nam,E - 3_17,Moisturizing and Skin Care Creams,E - F,Health,Entrepreneurial,10.0,11.0,1.594561,0.262282,0.13397,0,0,0,0,0,,0.140975,0.207075,47.643477,3.884518,2.484907,-1.399611,-0.180436,0.251126
VN,Viet Nam,E - 3_18,Non-medicated Skin and Body Care Products,E - F,Health,Entrepreneurial,7.0,26.0,4.552569,0.207522,0.250866,0,0,0,0,0,,0.143936,0.213552,58.028529,4.078021,3.295837,-0.782184,-0.311327,0.257443
VN,Viet Nam,E - 3_19,Hair and scalp care products,E - F,Health,Entrepreneurial,15.0,12.0,1.51047,0.322177,0.186105,0,0,0,0,0,,0.143652,0.20556,47.079979,3.872866,2.564949,-1.307917,-0.078546,0.259485
VN,Viet Nam,E - 3_2,Laundry and Cleaning Preparations and Bleaches,E - F,Health,Entrepreneurial,3.0,2.0,0.590909,0.09925,0.091783,0,0,0,0,0,,0.140272,0.201832,11.035147,2.487831,1.098612,-1.389219,-1.743492,0.320295
VN,Viet Nam,E - 3_21,Cleaning and Decontamination Preparations and Agents,E - F,Health,Entrepreneurial,3.0,7.0,0.789394,0.166061,0.169327,0,0,0,0,0,,0.149448,0.216501,34.210687,3.56135,2.079442,-1.481908,0.325662,0.242754
VN,Viet Nam,E - 3_3,Personal Care and Beauty Products,E - F,Health,Entrepreneurial,9.0,0.0,0.0,0.201381,0.0,0,0,0,0,0,,0.137946,0.213601,9.862716,2.385336,0.0,-2.385336,-1.2906,0.267828
VN,Viet Nam,E - 3_4,Hair and Body Care Products,E - F,Health,Entrepreneurial,2.0,7.0,1.332576,0.132704,0.186167,0,0,0,0,0,,0.133223,0.206466,26.098814,3.29949,2.079442,-1.220048,1.013763,0.204234
VN,Viet Nam,E - 3_5,Shaving and Hair Removal Products,E - F,Health,Entrepreneurial,1.0,0.0,0.0,0.066233,0.0,0,0,0,0,0,,0.135886,0.213506,24.492158,3.238371,0.0,-3.238371,0.125166,0.235742
VN,Viet Nam,E - 3_6,"Cleaning, Polishing, and Abrasive Products",E - F,Health,Entrepreneurial,0.0,0.0,0.0,0.0,0.0,0,0,0,0,0,,0.138294,0.206569,22.645318,3.163165,0.0,-3.163165,-1.040226,0.283138
VN,Viet Nam,E - 3_7,"Fragrances, Perfumes, and Scented Products",E - F,Health,Entrepreneurial,12.0,17.0,2.493045,0.242855,0.196885,0,0,0,0,0,,0.142719,0.210442,66.481471,4.211853,2.890372,-1.321481,0.158264,0.24846
VN,Viet Nam,E - 3_8,Decorative and Corrective Cosmetic Products,E - F,Health,Entrepreneurial,21.0,32.0,9.043045,0.325227,0.278648,0,0,0,0,0,,0.141157,0.205244,67.842501,4.231821,3.496508,-0.735314,-0.133067,0.240912
VN,Viet Nam,E - 3_9,Wellness and Beauty-Related Consumer Goods,E - F,Health,Entrepreneurial,1.0,5.0,0.736552,0.050554,0.128638,0,0,0,0,0,,0.142444,0.221769,38.072011,3.665406,1.791759,-1.873647,0.107075,0.240016
VN,Viet Nam,E - 40_12,Technical and Specialized Processing Services,E - E,Construction,Entrepreneurial,0.0,1.0,0.030303,0.0,0.103387,0,0,0,0,0,,0.142468,0.209425,9.21218,2.323581,0.693147,-1.630434,2.007651,0.192758
VN,Viet Nam,E - 40_14,Custom Material Processing and Assembly Services,E - E,Construction,Entrepreneurial,0.0,0.0,0.0,0.0,0.0,0,0,0,0,0,,0.144603,0.206397,7.942378,2.190801,0.0,-2.190801,2.979839,0.158632
VN,Viet Nam,E - 40_15,Renewable and Conventional Energy Generation Services,E - E,Construction,Entrepreneurial,0.0,0.0,0.0,0.0,0.0,0,0,0,0,0,,0.14196,0.207633,8.610186,2.262824,0.0,-2.262824,2.849768,0.171736
VN,Viet Nam,E - 40_16,Industrial Surface Treatment and Coating Services,E - E,Construction,Entrepreneurial,0.0,0.0,0.0,0.0,0.0,0,0,0,0,0,,0.142438,0.207127,5.093899,1.807288,0.0,-1.807288,2.29036,0.157005
VN,Viet Nam,E - 40_3,Industrial Metal Processing Services,E - E,Construction,Entrepreneurial,0.0,0.0,0.0,0.0,0.0,0,0,0,0,0,,0.14407,0.208533,6.933779,2.071129,0.0,-2.071129,2.267752,0.169577
VN,Viet Nam,E - 40_5,Industrial Equipment and Machinery Rental Services,E - E,Construction,Entrepreneurial,0.0,6.0,0.698413,0.0,0.366184,0,0,0,0,0,,0.137663,0.209642,7.240617,2.109075,1.94591,-0.163165,2.92244,0.164925
VN,Viet Nam,E - 40_8,Custom Clothing and Textile Manufacturing Services,E - E,Construction,Entrepreneurial,0.0,2.0,0.833333,0.0,0.353187,0,0,0,0,0,,0.143749,0.214882,3.711003,1.549901,1.098612,-0.451289,0.483577,0.170887
VN,Viet Nam,E - 40_9,Photographic and Video Processing Services,E - E,Construction,Entrepreneurial,0.0,0.0,0.0,0.0,0.0,0,0,0,0,0,,0.138844,0.20279,3.125002,1.417067,0.0,-1.417067,2.779298,0.138993
VN,Viet Nam,E - 41_0,Personal and Professional Coaching and Training,E - H,Leisure and education,Entrepreneurial,0.0,0.0,0.0,0.0,0.0,0,0,0,0,0,,0.139294,0.199145,13.278587,2.658761,0.0,-2.658761,1.427295,0.242601
VN,Viet Nam,E - 41_1,Streaming Online Non-Downloadable Multimedia Content,E - H,Leisure and education,Entrepreneurial,0.0,1.0,0.023256,0.0,0.034833,0,0,0,0,0,,0.127093,0.19545,36.260964,3.617946,0.693147,-2.924799,1.366229,0.240008
VN,Viet Nam,E - 41_10,Audiovisual and Entertainment Production Services,E - H,Leisure and education,Entrepreneurial,0.0,4.0,2.100179,0.0,0.077115,0,0,0,0,0,,0.13044,0.20101,43.771501,3.801572,1.609438,-2.192134,1.07604,0.242634
VN,Viet Nam,E - 41_11,Online Educational Services and Courses,E - H,Leisure and education,Entrepreneurial,0.0,2.0,0.223256,0.0,0.141883,0,0,0,0,0,,0.138637,0.206425,25.750128,3.286539,1.098612,-2.187927,1.850339,0.215886
VN,Viet Nam,E - 41_12,Cultural and Educational Exhibition Services,E - H,Leisure and education,Entrepreneurial,0.0,1.0,0.043478,0.0,0.042423,0,0,0,0,0,,0.137417,0.204664,31.65538,3.48601,0.693147,-2.792862,1.165802,0.248072
VN,Viet Nam,E - 41_13,Fitness and Wellness Instruction Services,E - H,Leisure and education,Entrepreneurial,0.0,0.0,0.0,0.0,0.0,0,0,0,0,0,,0.136927,0.208219,17.309357,2.907412,0.0,-2.907412,0.49985,0.246081
VN,Viet Nam,E - 41_14,Event and Festival Organization Services,E - H,Leisure and education,Entrepreneurial,0.0,2.0,0.120401,0.0,0.073222,0,0,0,0,0,,0.139254,0.208284,36.934151,3.635852,1.098612,-2.537239,0.944669,0.254215
VN,Viet Nam,E - 41_16,Online Interactive Gaming and Entertainment Services,E - H,Leisure and education,Entrepreneurial,1.0,1.0,0.023256,0.037957,0.01723,0,0,0,0,0,,0.11886,0.193683,50.759182,3.946602,0.693147,-3.253455,1.310063,0.239393
VN,Viet Nam,E - 41_18,"Leisure, Entertainment, and Recreational Facility Services",E - H,Leisure and education,Entrepreneurial,3.0,6.0,0.53361,0.056665,0.147157,0,0,0,0,0,,0.128838,0.20178,60.220416,4.114481,1.94591,-2.168571,0.231806,0.294155
VN,Viet Nam,E - 41_19,Live Entertainment Booking and Production Services,E - H,Leisure and education,Entrepreneurial,1.0,3.0,0.350179,0.044067,0.075041,0,0,0,0,0,,0.132437,0.191515,28.860903,3.39655,1.386294,-2.010256,0.458485,0.269417
VN,Viet Nam,E - 41_2,Organization of Competitions and Sporting Events,E - H,Leisure and education,Entrepreneurial,2.0,5.0,0.825887,0.071437,0.156137,0,0,0,0,0,,0.136179,0.204658,45.836325,3.846659,1.791759,-2.0549,0.797945,0.260292
VN,Viet Nam,E - 41_20,Service Descriptions Specifying Field or Scope,E - H,Leisure and education,Entrepreneurial,1.0,1.0,0.043478,0.067246,0.042282,0,0,0,0,0,,0.127545,0.196639,20.99485,3.090808,0.693147,-2.397661,2.144387,0.21068
VN,Viet Nam,E - 41_21,"Educational Workshops, Seminars, and Training Services",E - H,Leisure and education,Entrepreneurial,2.0,1.0,0.2,0.084801,0.09679,0,0,0,0,0,,0.136745,0.205123,33.592347,3.543632,0.693147,-2.850485,1.230792,0.255515
VN,Viet Nam,E - 41_22,Music Entertainment and Related Services,E - H,Leisure and education,Entrepreneurial,0.0,1.0,0.023256,0.0,0.043384,0,0,0,0,0,,0.136593,0.205783,21.836578,3.128364,0.693147,-2.435216,1.088453,0.24018
VN,Viet Nam,E - 41_23,Non-downloadable Online Electronic Publications Services,E - H,Leisure and education,Entrepreneurial,1.0,2.0,0.075887,0.03206,0.058118,0,0,0,0,0,,0.132957,0.204099,52.338684,3.976662,1.098612,-2.87805,1.540841,0.233272
VN,Viet Nam,E - 41_24,Online Entertainment and Educational Information Services,E - H,Leisure and education,Entrepreneurial,1.0,4.0,0.22058,0.044316,0.081608,0,0,0,0,0,,0.130872,0.190887,30.260528,3.442356,1.609438,-1.832918,1.172471,0.247231
VN,Viet Nam,E - 41_26,Education and Training Services,E - H,Leisure and education,Entrepreneurial,2.0,4.0,0.566734,0.039309,0.076795,0,0,0,0,0,,0.136131,0.207719,65.036829,4.190213,1.609438,-2.580775,0.922709,0.257681
VN,Viet Nam,E - 41_3,"Educational, informational, and support services",E - H,Leisure and education,Entrepreneurial,2.0,4.0,0.210756,0.060165,0.105902,0,0,0,0,0,,0.128256,0.202877,48.954947,3.911122,1.609438,-2.301684,0.329869,0.276063
VN,Viet Nam,E - 41_4,Organizing and Conducting Educational Events,E - H,Leisure and education,Entrepreneurial,3.0,4.0,0.743478,0.100957,0.096933,0,0,0,0,0,,0.133538,0.204755,37.779484,3.657891,1.609438,-2.048453,1.070343,0.252491
VN,Viet Nam,E - 41_5,Broadcast Program Production and Distribution Services,E - H,Leisure and education,Entrepreneurial,1.0,3.0,0.350179,0.042352,0.066343,0,0,0,0,0,,0.136824,0.203738,32.878547,3.522782,1.386294,-2.136488,0.912674,0.246047
VN,Viet Nam,E - 41_6,Educational and Training Service Provision,E - H,Leisure and education,Entrepreneurial,2.0,4.0,0.776923,0.035276,0.118685,0,0,0,0,0,,0.129833,0.206111,61.954802,4.142417,1.609438,-2.532979,0.05386,0.275816
VN,Viet Nam,E - 41_8,Sports and Recreational Services and Facilities,E - H,Leisure and education,Entrepreneurial,3.0,1.0,0.052632,0.068497,0.093432,0,0,0,0,0,,0.130006,0.204259,38.312998,3.671555,0.693147,-2.978408,-0.191232,0.294994
VN,Viet Nam,E - 41_9,Publication and Editing Services,E - H,Leisure and education,Entrepreneurial,0.0,3.0,0.266734,0.0,0.092375,0,0,0,0,0,,0.131892,0.207329,50.19015,3.935547,1.386294,-2.549253,1.429763,0.236361
VN,Viet Nam,E - 42_0,Business and Professional Service Offerings,E - I,Research and technology,Entrepreneurial,0.0,1.0,0.043478,0.0,0.034834,0,0,0,0,0,,0.139558,0.208876,28.308107,3.377864,0.693147,-2.684717,1.320205,0.241199
VN,Viet Nam,E - 42_1,Online Non-Downloadable Software as a Service,E - I,Research and technology,Entrepreneurial,1.0,3.0,0.248256,0.082734,0.043219,0,0,0,0,0,,0.124433,0.190587,59.988653,4.110688,1.386294,-2.724393,2.501313,0.194772
VN,Viet Nam,E - 42_10,IT Support and Software Maintenance Services,E - I,Research and technology,Entrepreneurial,0.0,5.0,0.47479,0.0,0.111564,0,0,0,0,0,,0.137118,0.206888,65.451893,4.196478,1.791759,-2.404719,1.645682,0.228443
VN,Viet Nam,E - 42_11,"Architectural, Urban Planning, and Design Services",E - I,Research and technology,Entrepreneurial,0.0,6.0,0.253623,0.0,0.20996,0,0,0,0,0,,0.142348,0.214936,24.597287,3.242486,1.94591,-1.296576,1.5916,0.208837
VN,Viet Nam,E - 42_12,Hospitality and Food Service Provision,E - I,Research and technology,Entrepreneurial,0.0,1.0,1.0,0.0,0.421769,0,0,0,0,0,,0.130349,0.210939,1.394636,0.873231,0.693147,-0.180084,2.466503,0.152564
VN,Viet Nam,E - 42_13,Industrial and Technical Engineering Services,E - I,Research and technology,Entrepreneurial,1.0,6.0,0.446076,0.072822,0.139105,0,0,0,0,0,,0.137605,0.208242,36.629377,3.627785,1.94591,-1.681875,2.618195,0.178956
VN,Viet Nam,E - 42_14,Cybersecurity Consulting and Authentication Services,E - I,Research and technology,Entrepreneurial,0.0,11.0,1.664184,0.0,0.212357,0,0,0,0,0,,0.140255,0.208349,37.858528,3.659928,2.484907,-1.175021,1.567698,0.241543
VN,Viet Nam,E - 42_16,Medical and Biotechnological Research Services,E - I,Research and technology,Entrepreneurial,0.0,11.0,1.343081,0.0,0.207378,0,0,0,0,0,,0.140292,0.204503,33.694345,3.546577,2.484907,-1.06167,2.438687,0.168061
VN,Viet Nam,E - 42_17,Digital Data Storage and Management Services,E - I,Research and technology,Entrepreneurial,0.0,4.0,0.848485,0.0,0.083565,0,0,0,0,0,,0.134,0.206882,64.569666,4.183113,1.609438,-2.573675,1.225654,0.240999
VN,Viet Nam,E - 42_18,IT and Computer Technology Consulting Services,E - I,Research and technology,Entrepreneurial,0.0,13.0,0.946937,0.0,0.191905,0,0,0,0,0,,0.137522,0.20864,67.929865,4.23309,2.639057,-1.594032,1.387462,0.238859
VN,Viet Nam,E - 42_19,"Website Design, Development, and Management Services",E - I,Research and technology,Entrepreneurial,0.0,9.0,1.329917,0.0,0.206149,0,0,0,0,0,,0.140389,0.208413,30.899253,3.462583,2.302585,-1.159998,2.02429,0.230063
VN,Viet Nam,E - 42_2,Technical and Engineering Consulting Services,E - I,Research and technology,Entrepreneurial,0.0,2.0,0.105978,0.0,0.077992,0,0,0,0,0,,0.1374,0.208996,42.084583,3.763165,1.098612,-2.664553,1.806208,0.216747
VN,Viet Nam,E - 42_20,Scientific and Technological Research Services,E - I,Research and technology,Entrepreneurial,0.0,20.0,1.278358,0.0,0.186865,0,0,0,0,0,,0.141443,0.207705,79.519968,4.388505,3.044522,-1.343983,0.746264,0.263164
VN,Viet Nam,E - 42_22,Cloud-based SaaS Solutions for Businesses,E - I,Research and technology,Entrepreneurial,0.0,3.0,0.360504,0.0,0.070973,0,0,0,0,0,,0.13947,0.198998,65.519941,4.197502,1.386294,-2.811207,1.986449,0.210488
VN,Viet Nam,E - 42_23,"Testing, Inspection, and Quality Assurance Services",E - I,Research and technology,Entrepreneurial,0.0,16.0,0.920804,0.0,0.195893,0,0,0,0,0,,0.141435,0.210858,52.384339,3.977517,2.833213,-1.144304,1.483325,0.223382
VN,Viet Nam,E - 42_24,Computer and Software Rental Services,E - I,Research and technology,Entrepreneurial,0.0,4.0,0.601413,0.0,0.113619,0,0,0,0,0,,0.140034,0.20848,37.944519,3.662138,1.609438,-2.0527,1.606489,0.223844
VN,Viet Nam,E - 42_25,Online Platforms for Content Sharing and Collaboration,E - I,Research and technology,Entrepreneurial,0.0,6.0,0.330795,0.0,0.146846,0,0,0,0,0,,0.138017,0.202199,43.087761,3.786182,1.94591,-1.840272,2.010696,0.225005
VN,Viet Nam,E - 42_26,Custom Software Development and Programming Services,E - I,Research and technology,Entrepreneurial,0.0,16.0,1.138034,0.0,0.172067,0,0,0,0,0,,0.138608,0.209581,115.127762,4.754691,2.833213,-1.921478,1.255733,0.253548
VN,Viet Nam,E - 42_3,Professional Advisory and Consulting Services,E - I,Research and technology,Entrepreneurial,0.0,0.0,0.0,0.0,0.0,0,0,0,0,0,,0.136488,0.203073,41.017206,3.738079,0.0,-3.738079,2.197445,0.20308
VN,Viet Nam,E - 42_4,Engineering and Consulting for Energy Systems,E - I,Research and technology,Entrepreneurial,0.0,0.0,0.0,0.0,0.0,0,0,0,0,0,,0.138561,0.205882,21.490405,3.113089,0.0,-3.113089,1.930699,0.19519
VN,Viet Nam,E - 42_5,Online Information and Web Services Solutions,E - I,Research and technology,Entrepreneurial,1.0,6.0,0.655832,0.055364,0.184706,0,0,0,0,0,,0.140011,0.205548,35.376914,3.593934,1.94591,-1.648024,1.803599,0.215832
VN,Viet Nam,E - 42_6,Telecommunications and Network Technology Consulting Services,E - I,Research and technology,Entrepreneurial,0.0,3.0,0.291113,0.0,0.122445,0,0,0,0,0,,0.140927,0.20881,37.543855,3.651797,1.386294,-2.265502,1.718583,0.236909
VN,Viet Nam,E - 42_7,Laboratory Analysis and Scientific Testing Services,E - I,Research and technology,Entrepreneurial,0.0,9.0,1.043081,0.0,0.131169,0,0,0,0,0,,0.141892,0.208691,32.747675,3.518912,2.302585,-1.216326,2.367987,0.19536
VN,Viet Nam,E - 42_8,Cloud and SaaS Application Hosting Services,E - I,Research and technology,Entrepreneurial,0.0,3.0,0.191097,0.0,0.081615,0,0,0,0,0,,0.127885,0.204364,57.61997,4.071075,1.386294,-2.684781,1.701376,0.216271
VN,Viet Nam,E - 42_9,Design and Creative Consultancy Services,E - I,Research and technology,Entrepreneurial,0.0,24.0,3.519456,0.0,0.285769,0,0,0,0,0,,0.142282,0.214416,50.301687,3.937724,3.218876,-0.718848,1.811002,0.226099
VN,Viet Nam,E - 43_0,Food and Beverage Service Establishments,E - Z,Services,Entrepreneurial,3.0,10.0,1.181338,0.192704,0.375242,0,0,0,0,0,,0.141992,0.212918,20.893237,3.086178,2.397895,-0.688282,-0.006798,0.274475
VN,Viet Nam,E - 43_10,Event and Meeting Venue Services,E - Z,Services,Entrepreneurial,1.0,3.0,0.1875,0.114146,0.318153,0,0,0,0,0,,0.145976,0.215111,13.131877,2.648433,1.386294,-1.262139,0.305559,0.246096
VN,Viet Nam,E - 43_11,Food and Beverage Preparation and Service,E - Z,Services,Entrepreneurial,2.0,28.0,5.257186,0.083221,0.45611,0,0,0,0,0,,0.142782,0.214797,31.459529,3.479994,3.367296,-0.112698,-0.542688,0.307071
VN,Viet Nam,E - 43_12,"Lifestyle, Leisure, and Advisory Services",E - Z,Services,Entrepreneurial,0.0,1.0,0.166667,0.0,0.122714,0,0,0,0,0,,0.130417,0.215456,7.228916,2.107654,0.693147,-1.414507,1.196888,0.208284
VN,Viet Nam,E - 43_13,Online Hotel and Restaurant Booking Services,E - Z,Services,Entrepreneurial,0.0,1.0,0.0625,0.0,0.157029,0,0,0,0,0,,0.143725,0.210321,14.134819,2.716998,0.693147,-2.023851,-0.08317,0.272304
VN,Viet Nam,E - 43_2,Food and Beverage Service Establishments,E - Z,Services,Entrepreneurial,9.0,16.0,2.459909,0.356275,0.438571,0,0,0,0,0,,0.143122,0.215827,14.593973,2.746885,2.833213,0.086329,-0.32261,0.293138
VN,Viet Nam,E - 43_3,Restaurant and Takeout Food Services,E - Z,Services,Entrepreneurial,5.0,31.0,5.919176,0.211898,0.50845,0,1,1,0,1,,0.146671,0.206769,22.025842,3.136617,3.465736,0.329119,-0.935297,0.318287
VN,Viet Nam,E - 43_5,Temporary Accommodation and Related Hospitality Services,E - Z,Services,Entrepreneurial,2.0,11.0,1.316399,0.096597,0.377142,0,0,0,0,0,,0.143902,0.211989,16.332247,2.852569,2.484907,-0.367662,-1.172,0.316557
VN,Viet Nam,E - 43_6,Food and Beverage Service Establishments,E - Z,Services,Entrepreneurial,2.0,28.0,3.928209,0.167781,0.582674,0,1,1,0,1,,0.148397,0.218704,18.103763,2.949885,3.367296,0.41741,-0.017919,0.281663
VN,Viet Nam,E - 43_7,"Hospitality, Accommodation, and Food Services",E - Z,Services,Entrepreneurial,1.0,22.0,2.8482,0.064871,0.489535,0,0,0,0,0,,0.140244,0.209057,19.628037,3.026651,3.135494,0.108843,-0.85018,0.280999
VN,Viet Nam,E - 43_8,Temporary Rental of Event and Accommodation Equipment,E - Z,Services,Entrepreneurial,0.0,1.0,0.090909,0.0,0.124521,0,0,0,0,0,,0.146103,0.213929,11.386541,2.516611,0.693147,-1.823463,0.99107,0.206011
VN,Viet Nam,E - 44_0,"Health, Medical, and Scientific Services",E - F,Health,Entrepreneurial,0.0,0.0,0.0,0.0,0.0,0,0,0,0,0,,0.142464,0.219171,13.000551,2.639097,0.0,-2.639097,1.24781,0.195549
VN,Viet Nam,E - 44_12,Animal and Veterinary Health Services,E - F,Health,Entrepreneurial,0.0,0.0,0.0,0.0,0.0,0,0,0,0,0,,0.149972,0.213429,9.357428,2.337704,0.0,-2.337704,0.859942,0.202464
VN,Viet Nam,E - 44_14,"Health, Nutrition, and Weight Management Services",E - F,Health,Entrepreneurial,0.0,1.0,0.1,0.0,0.249586,0,0,0,0,0,,0.130689,0.213709,9.510712,2.352395,0.693147,-1.659248,2.287911,0.17652
VN,Viet Nam,E - 44_15,Wellness and Therapeutic Spa Services,E - F,Health,Entrepreneurial,0.0,1.0,0.142857,0.0,0.199315,0,0,0,0,0,,0.145434,0.218001,8.13569,2.212189,0.693147,-1.519042,1.210315,0.229867
VN,Viet Nam,E - 44_16,Medical and Health Consultation Services,E - F,Health,Entrepreneurial,0.0,2.0,0.2,0.0,0.096066,0,0,0,0,0,,0.143093,0.212749,19.877791,3.038686,1.098612,-1.940074,2.207833,0.196935
VN,Viet Nam,E - 44_2,Medical and Healthcare Service Provision,E - F,Health,Entrepreneurial,0.0,10.0,1.299603,0.0,0.273147,0,0,0,0,0,,0.147411,0.218169,25.075116,3.260981,2.397895,-0.863086,0.817813,0.247088
VN,Viet Nam,E - 44_3,Online Medical and Health Information Services,E - F,Health,Entrepreneurial,0.0,4.0,0.422222,0.0,0.177272,0,0,0,0,0,,0.123965,0.202647,17.764824,2.931984,1.609438,-1.322546,3.212803,0.146234
VN,Viet Nam,E - 44_4,Personal Beauty and Grooming Services,E - F,Health,Entrepreneurial,2.0,2.0,0.47619,0.218926,0.159395,0,0,0,0,0,,0.144256,0.213921,10.527296,2.444718,1.098612,-1.346106,0.813761,0.238027
VN,Viet Nam,E - 44_5,Therapeutic and Rehabilitation Healthcare Services,E - F,Health,Entrepreneurial,0.0,1.0,0.1,0.0,0.247578,0,0,0,0,0,,0.147603,0.215425,10.847311,2.472101,0.693147,-1.778954,1.334592,0.211665
VN,Viet Nam,E - 44_6,Nursing and Assisted Care Services,E - F,Health,Entrepreneurial,0.0,0.0,0.0,0.0,0.0,0,0,0,0,0,,0.144102,0.211768,6.096247,1.959566,0.0,-1.959566,2.261484,0.17277
VN,Viet Nam,E - 44_7,Medical Diagnostic and Testing Services,E - F,Health,Entrepreneurial,0.0,15.0,6.299603,0.0,0.383535,0,0,0,0,0,,0.140241,0.211184,16.620741,2.869077,2.772589,-0.096488,1.970027,0.190483
VN,Viet Nam,E - 45_1,Legal and Litigation Support Services,E - I,Research and technology,Entrepreneurial,0.0,4.0,0.308436,0.0,0.227487,0,0,0,0,0,,0.14101,0.210455,10.961095,2.481659,1.609438,-0.872221,0.729151,0.219721
VN,Viet Nam,E - 45_11,"Risk, Safety, Security, and Compliance Consulting",E - I,Research and technology,Entrepreneurial,0.0,0.0,0.0,0.0,0.0,0,0,0,0,0,,0.133694,0.202867,10.119302,2.408683,0.0,-2.408683,2.704536,0.163536
VN,Viet Nam,E - 45_2,Personalized Concierge and Home Care Services,E - I,Research and technology,Entrepreneurial,0.0,0.0,0.0,0.0,0.0,0,0,0,0,0,,0.138694,0.196895,4.818922,1.761115,0.0,-1.761115,2.351082,0.175704
VN,Viet Nam,E - 45_3,Varied Professional and Personal Support Services,E - I,Research and technology,Entrepreneurial,0.0,0.0,0.0,0.0,0.0,0,0,0,0,0,,0.140853,0.207012,7.294777,2.115626,0.0,-2.115626,1.688534,0.183213
VN,Viet Nam,E - 45_5,Intellectual Property Legal and Advisory Services,E - I,Research and technology,Entrepreneurial,0.0,1.0,0.111111,0.0,0.142868,0,0,0,0,0,,0.141672,0.21244,6.375172,1.998119,0.693147,-1.304972,2.21664,0.193573
VN,Viet Nam,E - 45_6,Intellectual Property and Technology Licensing,E - I,Research and technology,Entrepreneurial,0.0,2.0,0.188034,0.0,0.145402,0,0,0,0,0,,0.138365,0.208156,12.018037,2.566336,1.098612,-1.467724,2.580363,0.189232
VN,Viet Nam,E - 45_7,Online Information and Advisory Services,E - I,Research and technology,Entrepreneurial,0.0,5.0,0.808436,0.0,0.342983,0,0,0,0,0,,0.137109,0.205915,7.066269,2.087691,1.791759,-0.295932,2.246442,0.171759
VN,Viet Nam,E - 4_0,"Lubricants, Oils, and Greases Products",E - C,Chemicals,Entrepreneurial,1.0,7.0,0.89712,0.099763,0.285874,0,0,0,0,0,,0.145094,0.203692,8.41475,2.242278,2.079442,-0.162836,0.610889,0.196891
VN,Viet Nam,E - 4_11,Diverse Consumer and Industrial Goods,E - C,Chemicals,Entrepreneurial,0.0,0.0,0.0,0.0,0.0,0,0,0,0,0,,0.145458,0.209028,5.781433,1.914188,0.0,-1.914188,1.371813,0.190951
VN,Viet Nam,E - 4_3,Candles and wicks for lighting,E - C,Chemicals,Entrepreneurial,1.0,0.0,0.0,0.116952,0.0,0,0,0,0,0,,0.143707,0.204357,11.708705,2.542287,0.0,-2.542287,0.877576,0.200535
VN,Viet Nam,E - 4_6,Fuels and Petroleum-Based Energy Products,E - C,Chemicals,Entrepreneurial,1.0,5.0,0.32212,0.105399,0.29396,0,0,0,0,0,,0.145106,0.211033,8.590589,2.260782,1.791759,-0.469023,0.991846,0.2089
VN,Viet Nam,E - 4_7,"Industrial Oils, Fats, and Lubricants",E - C,Chemicals,Entrepreneurial,1.0,6.0,0.52212,0.097456,0.280181,0,0,0,0,0,,0.142468,0.208842,8.639448,2.265864,1.94591,-0.319954,-0.713353,0.246628
VN,Viet Nam,E - 4_8,Industrial and Cosmetic Waxes and Derivatives,E - C,Chemicals,Entrepreneurial,0.0,0.0,0.0,0.0,0.0,0,0,0,0,0,,0.141358,0.203912,5.285042,1.838173,0.0,-1.838173,1.913822,0.161615
VN,Viet Nam,E - 5_0,Wound Care and Medical Dressings,E - F,Health,Entrepreneurial,2.0,2.0,0.47619,0.078412,0.092733,0,0,0,0,0,,0.146961,0.21969,31.949108,3.494964,1.098612,-2.396352,0.104882,0.251902
VN,Viet Nam,E - 5_1,Vitamin and Mineral Dietary Supplements,E - F,Health,Entrepreneurial,1.0,6.0,0.489987,0.072454,0.279289,0,0,0,0,0,,0.148555,0.220454,36.136413,3.614598,1.94591,-1.668688,1.043075,0.255498
VN,Viet Nam,E - 5_10,Antimicrobial and Disinfectant Cleaning Products,E - F,Health,Entrepreneurial,4.0,14.0,3.075,0.112878,0.223445,0,0,0,0,0,,0.147004,0.222695,47.750485,3.886715,2.70805,-1.178665,-0.49747,0.272199
VN,Viet Nam,E - 5_12,Medical and Veterinary Diagnostic Reagents,E - F,Health,Entrepreneurial,3.0,3.0,0.866667,0.195398,0.121585,0,0,0,0,0,,0.143515,0.208607,29.679948,3.423609,1.386294,-2.037315,1.803014,0.190591
VN,Viet Nam,E - 5_13,Infant and Medical Nutritional Products,E - F,Health,Entrepreneurial,1.0,37.0,7.045901,0.083167,0.5743,0,1,1,0,1,,0.146806,0.219044,21.544071,3.115472,3.637586,0.522114,0.963022,0.233227
VN,Viet Nam,E - 5_14,Medicated and Dietetic Foods and Supplements,E - F,Health,Entrepreneurial,7.0,48.0,7.141977,0.160844,0.497105,0,0,0,0,0,,0.146379,0.225259,51.60986,3.962904,3.89182,-0.071083,-0.022306,0.281447
VN,Viet Nam,E - 5_15,Veterinary Medicines and Nutritional Supplements,E - F,Health,Entrepreneurial,10.0,5.0,1.068478,0.335149,0.143389,0,0,0,0,0,,0.150162,0.216437,31.385345,3.477706,1.791759,-1.685947,0.773117,0.238581
VN,Viet Nam,E - 5_16,Medicated Dermatological and Skin Care Products,E - F,Health,Entrepreneurial,0.0,5.0,0.634387,0.0,0.177982,0,0,0,0,0,,0.14463,0.216387,30.372026,3.445917,1.791759,-1.654157,0.775318,0.228841
VN,Viet Nam,E - 5_17,Insect and Pest Control Products,E - F,Health,Entrepreneurial,8.0,2.0,0.625,0.232625,0.141687,0,0,0,0,0,,0.145558,0.216835,26.57431,3.316885,1.098612,-2.218272,-0.176349,0.250417
VN,Viet Nam,E - 5_18,Agricultural and Horticultural Pest Control Products,E - F,Health,Entrepreneurial,16.0,8.0,1.187179,0.317506,0.161716,0,0,0,0,0,,0.146563,0.213583,28.113254,3.371194,2.197225,-1.173969,0.254442,0.240403
VN,Viet Nam,E - 5_19,Pharmaceuticals for Disease Prevention and Treatment,E - F,Health,Entrepreneurial,17.0,19.0,2.250336,0.351877,0.331875,0,0,0,0,0,,0.145408,0.210954,54.238412,4.011659,2.995732,-1.015926,1.3221,0.204247
VN,Viet Nam,E - 5_2,Pharmaceuticals for Disease Treatment and Prevention,E - F,Health,Entrepreneurial,1.0,7.0,1.2407,0.05703,0.168271,0,0,0,0,0,,0.145447,0.215074,42.629046,3.775723,2.079442,-1.696282,0.766817,0.229248
VN,Viet Nam,E - 5_20,Miscellaneous Goods and Consumable Products,E - F,Health,Entrepreneurial,1.0,6.0,2.236552,0.060216,0.131639,0,0,0,0,0,,0.145728,0.215426,29.517754,3.418309,1.94591,-1.472398,1.176273,0.23531
VN,Viet Nam,E - 5_21,Non-personal Deodorizing and Air Freshening Products,E - F,Health,Entrepreneurial,0.0,0.0,0.0,0.0,0.0,0,0,0,0,0,,0.146227,0.215554,13.52866,2.676123,0.0,-2.676123,1.335851,0.188963
VN,Viet Nam,E - 5_3,Medicinal and therapeutic topical preparations,E - F,Health,Entrepreneurial,2.0,8.0,1.65,0.115755,0.240407,0,0,0,0,0,,0.144756,0.218828,34.670227,3.574316,2.197225,-1.377092,0.61926,0.242803
VN,Viet Nam,E - 5_4,Nutritional and Dietary Supplements Products,E - F,Health,Entrepreneurial,4.0,58.0,13.630108,0.136749,0.474257,0,0,0,0,0,,0.149067,0.219892,63.651188,4.169006,4.077537,-0.091469,0.239313,0.279223
VN,Viet Nam,E - 5_5,Pharmaceutical and Medicinal Preparations,E - F,Health,Entrepreneurial,4.0,30.0,6.676501,0.070347,0.322691,0,0,0,0,0,,0.139928,0.222515,69.834873,4.260351,3.433987,-0.826364,-0.470029,0.281964
VN,Viet Nam,E - 5_6,Dental and Oral Care Materials,E - F,Health,Entrepreneurial,0.0,0.0,0.0,0.0,0.0,0,0,0,0,0,,0.145981,0.218465,20.556563,3.07068,0.0,-3.07068,-0.014305,0.257497
VN,Viet Nam,E - 5_7,Absorbent Hygienic Products for Personal Care,E - F,Health,Entrepreneurial,3.0,8.0,1.022314,0.202302,0.329392,0,0,0,0,0,,0.1527,0.220873,22.232052,3.145533,2.197225,-0.948308,-0.021655,0.225621
VN,Viet Nam,E - 5_8,Herbal and Botanical Health Supplements,E - F,Health,Entrepreneurial,3.0,21.0,2.708696,0.20433,0.425293,0,0,0,0,0,,0.1495,0.216518,25.674056,3.283691,3.091042,-0.192649,0.863255,0.241156
VN,Viet Nam,E - 6_0,Metal goods and hardware products,E - E,Construction,Entrepreneurial,6.0,2.0,0.666667,0.262841,0.090137,0,0,0,0,0,,0.14785,0.211956,15.244619,2.787762,1.098612,-1.689149,1.336369,0.203808
VN,Viet Nam,E - 6_1,Metal Structural and Utility Products,E - E,Construction,Entrepreneurial,3.0,3.0,0.958333,0.156716,0.123954,0,0,0,0,0,,0.147799,0.213536,26.010512,3.296226,1.386294,-1.909932,1.853985,0.175529
VN,Viet Nam,E - 6_10,Metal Pipes and Fittings Products,E - E,Construction,Entrepreneurial,10.0,3.0,0.708333,0.345394,0.161034,0,0,0,0,0,,0.150604,0.207463,14.866614,2.764217,1.386294,-1.377923,2.075495,0.164101
VN,Viet Nam,E - 6_13,Metal Fasteners and Small Hardware,E - E,Construction,Entrepreneurial,4.0,2.0,0.375,0.299245,0.110787,0,0,0,0,0,,0.142055,0.211381,16.220868,2.846122,1.098612,-1.74751,1.268756,0.176547
VN,Viet Nam,E - 6_14,Metal Construction Materials and Structures,E - E,Construction,Entrepreneurial,17.0,7.0,2.166667,0.433271,0.289926,0,0,0,0,0,,0.149335,0.217021,19.796758,3.034797,2.079442,-0.955356,1.25274,0.201707
VN,Viet Nam,E - 6_2,Metal Containers and Storage Solutions,E - E,Construction,Entrepreneurial,0.0,2.0,0.083333,0.0,0.108817,0,0,0,0,0,,0.14304,0.211925,16.738914,2.875761,1.098612,-1.777148,1.245726,0.200886
VN,Viet Nam,E - 6_4,Raw and Semi-Finished Metal Materials,E - E,Construction,Entrepreneurial,20.0,13.0,5.375,0.40485,0.291139,0,0,0,0,0,,0.146858,0.213717,23.731567,3.20808,2.639057,-0.569023,0.169411,0.211572
VN,Viet Nam,E - 6_6,"Metal Cables, Wires, and Accessories",E - E,Construction,Entrepreneurial,10.0,4.0,2.0,0.386908,0.153979,0,0,0,0,0,,0.151157,0.217813,14.416343,2.735428,1.609438,-1.12599,0.934076,0.199727
VN,Viet Nam,E - 7_0,Power Generation Equipment and Systems,E - J,Transportation,Entrepreneurial,2.0,4.0,0.765079,0.168224,0.133011,0,0,0,0,0,,0.144111,0.202959,16.439415,2.858733,1.609438,-1.249295,2.332186,0.16785
VN,Viet Nam,E - 7_1,Electric Kitchen Food Processing Machines,E - J,Transportation,Entrepreneurial,0.0,4.0,0.238889,0.0,0.18221,0,0,0,0,0,,0.144401,0.193048,17.312888,2.907605,1.609438,-1.298167,2.146248,0.152182
VN,Viet Nam,E - 7_10,Agricultural and Gardening Machinery and Equipment,E - J,Transportation,Entrepreneurial,2.0,5.0,1.015079,0.135091,0.16644,0,0,0,0,0,,0.151078,0.205467,19.365695,3.013852,1.791759,-1.222092,1.703751,0.170817
VN,Viet Nam,E - 7_11,Engine Components and Engine Systems,E - J,Transportation,Entrepreneurial,2.0,6.0,1.159524,0.149426,0.195173,0,0,0,0,0,,0.143628,0.202489,17.367285,2.910571,1.94591,-0.964661,2.597932,0.166759
VN,Viet Nam,E - 7_13,Automated Cleaning and Washing Machines,E - J,Transportation,Entrepreneurial,2.0,6.0,0.581746,0.141853,0.154277,0,0,0,0,0,,0.14457,0.195118,25.613088,3.281403,1.94591,-1.335493,2.221367,0.153965
VN,Viet Nam,E - 7_14,Industrial Manufacturing and Processing Machines,E - J,Transportation,Entrepreneurial,3.0,7.0,0.761111,0.144996,0.163486,0,0,0,0,0,,0.141852,0.202864,32.465195,3.510506,2.079442,-1.431064,1.435134,0.175923
VN,Viet Nam,E - 7_15,Industrial Machinery and Machine Tools,E - J,Transportation,Entrepreneurial,2.0,3.0,0.377778,0.09651,0.11337,0,0,0,0,0,,0.14867,0.202082,26.739461,3.322856,1.386294,-1.936562,1.92245,0.171876
VN,Viet Nam,E - 7_16,Industrial Machine Parts and Components,E - J,Transportation,Entrepreneurial,1.0,2.0,0.416667,0.061752,0.085506,0,0,0,0,0,,0.142164,0.199045,26.827357,3.32602,1.098612,-2.227407,2.971132,0.156108
VN,Viet Nam,E - 7_17,Industrial Processing and Packaging Machinery,E - J,Transportation,Entrepreneurial,0.0,0.0,0.0,0.0,0.0,0,0,0,0,0,,0.14411,0.197595,28.049394,3.368998,0.0,-3.368998,2.177796,0.175841
VN,Viet Nam,E - 7_18,Industrial and Service Robotics Applications,E - J,Transportation,Entrepreneurial,2.0,0.0,0.0,0.290724,0.0,0,0,0,0,0,,0.144573,0.197482,14.383938,2.733324,0.0,-2.733324,3.027344,0.160743
VN,Viet Nam,E - 7_19,Non-land Vehicle Power Transmission Machinery,E - J,Transportation,Entrepreneurial,0.0,4.0,0.731746,0.0,0.131579,0,0,0,0,0,,0.149515,0.208594,22.937989,3.175467,1.609438,-1.566029,1.659978,0.190328
VN,Viet Nam,E - 7_2,Industrial and Technical Equipment and Supplies,E - J,Transportation,Entrepreneurial,1.0,1.0,0.25,0.053996,0.074501,0,0,0,0,0,,0.148569,0.20566,26.016661,3.296454,0.693147,-2.603307,1.763179,0.182112
VN,Viet Nam,E - 7_20,Industrial Processing and Treatment Machinery,E - J,Transportation,Entrepreneurial,0.0,3.0,0.477778,0.0,0.106544,0,0,0,0,0,,0.139801,0.197755,24.044198,3.220642,1.386294,-1.834348,2.863585,0.148506
VN,Viet Nam,E - 7_3,Industrial Printing and Processing Machinery,E - J,Transportation,Entrepreneurial,2.0,0.0,0.0,0.215418,0.0,0,0,0,0,0,,0.143277,0.191694,14.754099,2.757101,0.0,-2.757101,2.963644,0.136619
VN,Viet Nam,E - 7_4,"Lifting, Hoisting, and Material Handling Equipment",E - J,Transportation,Entrepreneurial,1.0,0.0,0.0,0.089163,0.0,0,0,0,0,0,,0.143252,0.200872,19.349076,3.013035,0.0,-3.013035,2.898635,0.16018
VN,Viet Nam,E - 7_5,Heavy Industrial and Construction Machinery,E - J,Transportation,Entrepreneurial,0.0,1.0,0.222222,0.0,0.0685,0,0,0,0,0,,0.142002,0.198373,14.059302,2.711996,0.693147,-2.018849,2.465236,0.162435
VN,Viet Nam,E - 7_6,Industrial and Mechanical Fluid Pumps,E - J,Transportation,Entrepreneurial,3.0,4.0,0.765079,0.174443,0.096927,0,0,0,0,0,,0.144048,0.197256,21.307882,3.10494,1.609438,-1.495502,2.279867,0.164789
VN,Viet Nam,E - 7_7,Industrial Filtration and Separation Equipment,E - J,Transportation,Entrepreneurial,2.0,1.0,0.2,0.202146,0.069063,0,0,0,0,0,,0.142534,0.191549,12.72406,2.619151,0.693147,-1.926003,3.255684,0.13942
VN,Viet Nam,E - 7_8,"Industrial Valves, Actuators, and Controls",E - J,Transportation,Entrepreneurial,0.0,1.0,0.2,0.0,0.052951,0,0,0,0,0,,0.140906,0.198627,18.203544,2.955095,0.693147,-2.261948,3.206844,0.150174
VN,Viet Nam,E - 7_9,Power and Pneumatic Tools for Drilling,E - J,Transportation,Entrepreneurial,0.0,4.0,0.520635,0.0,0.165129,0,0,0,0,0,,0.142475,0.195928,17.190412,2.900895,1.609438,-1.291457,2.33175,0.158844
VN,Viet Nam,E - 8_12,Varied Physical Goods and Devices,E - G,Household equipment,Entrepreneurial,1.0,0.0,0.0,0.097211,0.0,0,0,0,0,0,,0.14589,0.204437,17.922506,2.940352,0.0,-2.940352,1.630457,0.16417
VN,Viet Nam,E - 8_13,Manual Abrasive and Cutting Hand Tools,E - G,Household equipment,Entrepreneurial,0.0,1.0,0.1,0.0,0.115057,0,0,0,0,0,,0.143251,0.195833,9.257735,2.328032,0.693147,-1.634885,1.971155,0.135635
VN,Viet Nam,E - 8_3,Manicure and Pedicure Tools and Kits,E - G,Household equipment,Entrepreneurial,3.0,3.0,0.742857,0.369494,0.162073,0,0,0,0,0,,0.14621,0.186591,15.413222,2.798087,1.386294,-1.411793,2.370495,0.109225
VN,Viet Nam,E - 8_5,Hand-Operated Cutting and Trimming Tools,E - G,Household equipment,Entrepreneurial,3.0,3.0,1.1,0.33974,0.12715,0,0,0,0,0,,0.145837,0.189321,18.713509,2.981304,1.386294,-1.59501,2.119911,0.127419
VN,Viet Nam,E - 8_6,Manual Hand Tools and Implements,E - G,Household equipment,Entrepreneurial,0.0,1.0,0.1,0.0,0.094853,0,0,0,0,0,,0.143702,0.198773,16.536185,2.864266,0.693147,-2.171119,0.263309,0.182519
VN,Viet Nam,E - 8_8,Table and Kitchen Cutlery and Utensils,E - G,Household equipment,Entrepreneurial,0.0,0.0,0.0,0.0,0.0,0,0,0,0,0,,0.14874,0.203848,13.721389,2.689301,0.0,-2.689301,1.250833,0.174682
VN,Viet Nam,E - 8_9,Personal Hair Styling and Grooming Devices,E - G,Household equipment,Entrepreneurial,0.0,0.0,0.0,0.0,0.0,0,0,0,0,0,,0.139732,0.18551,16.226347,2.84644,0.0,-2.84644,1.822609,0.124314
VN,Viet Nam,E - 9_0,"Scientific, Electronic, and Measurement Apparatus",E - I,Research and technology,Entrepreneurial,8.0,24.0,8.245368,0.102251,0.110432,0,0,0,0,0,,0.134281,0.203665,139.757228,4.947037,3.218876,-1.728161,1.373953,0.224203
VN,Viet Nam,E - 9_1,Mobile Application Software Solutions,E - I,Research and technology,Entrepreneurial,0.0,1.0,0.142857,0.0,0.010026,0,0,0,0,0,,0.127395,0.200779,92.820248,4.541381,0.693147,-3.848234,1.79735,0.226247
VN,Viet Nam,E - 9_10,Laboratory and Scientific Research Equipment,E - I,Research and technology,Entrepreneurial,2.0,1.0,0.125,0.079124,0.022238,0,0,0,0,0,,0.138478,0.202628,43.692768,3.799812,0.693147,-3.106665,2.414094,0.18811
VN,Viet Nam,E - 9_11,Measurement and Sensing Instruments and Devices,E - I,Research and technology,Entrepreneurial,3.0,8.0,1.236945,0.075267,0.069017,0,0,0,0,0,,0.138401,0.201063,87.563778,4.483723,2.197225,-2.286498,2.377897,0.184363
VN,Viet Nam,E - 9_12,Downloadable Digital Educational and Entertainment Content,E - I,Research and technology,Entrepreneurial,0.0,1.0,0.1,0.0,0.040723,0,0,0,0,0,,0.132515,0.19686,83.453727,4.436204,0.693147,-3.743057,1.807591,0.229223
VN,Viet Nam,E - 9_13,Electrical Components and Power Distribution,E - I,Research and technology,Entrepreneurial,13.0,13.0,4.138636,0.169922,0.116305,0,0,0,0,0,,0.142384,0.20122,88.710839,4.496592,2.639057,-1.857534,0.884602,0.198952
VN,Viet Nam,E - 9_14,Computer Software and Related Documentation,E - I,Research and technology,Entrepreneurial,5.0,5.0,0.38495,0.06334,0.073937,0,0,0,0,0,,0.137026,0.202946,125.69656,4.841795,1.791759,-3.050035,1.434105,0.246673
VN,Viet Nam,E - 9_15,Personal Protective Safety Equipment and Gear,E - I,Research and technology,Entrepreneurial,5.0,6.0,1.827922,0.114256,0.087857,0,0,0,0,0,,0.145621,0.194169,43.31834,3.791399,1.94591,-1.845488,0.44626,0.228673
VN,Viet Nam,E - 9_16,Telecommunication and Signal Transmission Devices,E - I,Research and technology,Entrepreneurial,9.0,4.0,0.958333,0.161191,0.043161,0,0,0,0,0,,0.135277,0.19728,86.070024,4.466713,1.609438,-2.857275,1.838105,0.197024
VN,Viet Nam,E - 9_17,Audio and Video Electronic Devices,E - I,Research and technology,Entrepreneurial,4.0,20.0,7.169298,0.059948,0.143732,0,0,0,0,0,,0.134507,0.195078,90.708168,4.518611,3.044522,-1.474089,0.893476,0.218774
VN,Viet Nam,E - 9_18,Audio-visual media and storage devices,E - I,Research and technology,Entrepreneurial,2.0,6.0,1.417647,0.031387,0.106421,0,0,0,0,0,,0.133004,0.193082,58.860085,4.09201,1.94591,-2.1461,0.763062,0.254041
VN,Viet Nam,E - 9_19,"Batteries, Chargers, and Power Devices",E - I,Research and technology,Entrepreneurial,12.0,16.0,3.241768,0.253042,0.124328,0,0,0,0,0,,0.139181,0.186262,78.374008,4.374171,2.833213,-1.540958,1.752847,0.168123
VN,Viet Nam,E - 9_2,Imaging and Optical Processing Equipment,E - I,Research and technology,Entrepreneurial,5.0,6.0,0.619298,0.117024,0.053944,0,0,0,0,0,,0.133773,0.196649,81.016233,4.406917,1.94591,-2.461007,1.820804,0.180563
VN,Viet Nam,E - 9_21,Computing Devices and Data Processing Equipment,E - I,Research and technology,Entrepreneurial,8.0,9.0,2.120922,0.087017,0.073575,0,0,0,0,0,,0.136665,0.195984,131.052207,4.883197,2.302585,-2.580612,1.061524,0.224792
VN,Viet Nam,E - 9_22,Electronic Safety and Security Devices,E - I,Research and technology,Entrepreneurial,9.0,7.0,0.744298,0.19266,0.070999,0,0,0,0,0,,0.138782,0.199445,86.42456,4.470776,2.079442,-2.391335,2.056317,0.191296
VN,Viet Nam,E - 9_23,Digital and Interactive Gaming Software Products,E - I,Research and technology,Entrepreneurial,1.0,6.0,4.148256,0.029381,0.104303,0,0,0,0,0,,0.130919,0.192359,57.698154,4.072408,1.94591,-2.126498,1.720036,0.240802
VN,Viet Nam,E - 9_24,Electronic Control and Monitoring Devices,E - I,Research and technology,Entrepreneurial,4.0,2.0,0.113636,0.10504,0.048525,0,0,0,0,0,,0.142497,0.203743,72.3051,4.29463,1.098612,-3.196018,2.672184,0.179765
VN,Viet Nam,E - 9_25,Electronic Payment and Card-Related Devices,E - I,Research and technology,Entrepreneurial,7.0,4.0,0.284314,0.130038,0.069812,0,0,0,0,0,,0.139343,0.195848,58.860853,4.092023,1.609438,-2.482585,0.546379,0.25939
VN,Viet Nam,E - 9_26,Downloadable and Recorded Computer Software Products,E - I,Research and technology,Entrepreneurial,4.0,5.0,0.836695,0.138435,0.083463,0,0,0,0,0,,0.138984,0.194975,110.314065,4.712356,1.791759,-2.920596,1.646311,0.238236
VN,Viet Nam,E - 9_3,Management and Operations Software Solutions,E - I,Research and technology,Entrepreneurial,0.0,4.0,0.343838,0.0,0.044041,0,0,0,0,0,,0.132998,0.205299,85.842945,4.464101,1.609438,-2.854663,1.608471,0.238131
VN,Viet Nam,E - 9_4,Eyewear and Optical Accessories,E - I,Research and technology,Entrepreneurial,0.0,3.0,3.0,0.0,0.058752,0,0,0,0,0,,0.131928,0.191989,63.884626,4.172611,1.386294,-2.786316,1.668902,0.194497
VN,Viet Nam,E - 9_6,Accessories for Portable Electronic Devices,E - I,Research and technology,Entrepreneurial,5.0,11.0,2.334731,0.128581,0.118172,0,0,0,0,0,,0.129169,0.181249,76.851182,4.354799,2.484907,-1.869892,1.801566,0.174303
VN,Viet Nam,E - 9_7,Electronic Visual Display Devices and Accessories,E - I,Research and technology,Entrepreneurial,2.0,6.0,0.59697,0.063688,0.068622,0,0,0,0,0,,0.131654,0.18638,64.730812,4.185568,1.94591,-2.239658,1.342771,0.19699
VN,Viet Nam,E - 9_8,Scientific and Electronic Measuring Instruments,E - I,Research and technology,Entrepreneurial,2.0,0.0,0.0,0.044882,0.0,0,0,0,0,0,,0.138061,0.20299,16.402624,2.856621,0.0,-2.856621,-0.839571,0.264721
VN,Viet Nam,E - 9_9,Enterprise Communication and Information Management Software,E - I,Research and technology,Entrepreneurial,0.0,2.0,0.214286,0.0,0.06524,0,0,0,0,0,,0.130355,0.205039,61.538631,4.135784,1.098612,-3.037172,1.539084,0.225666
VN,Viet Nam,P - 0101,Live Equines,P - 1,Agriculture and live animals,Production,0.0,0.0,0.0,0.0,3.4e-05,0,0,0,0,0,,0.125877,0.187661,10872504.31285,16.201748,0.0,-16.201748,1.367454,0.131815
VN,Viet Nam,P - 0102,Live Cattle,P - 1,Agriculture and live animals,Production,0.0,15443122.888924,15443122.888924,0.0,0.072319,0,0,0,0,0,,0.142966,0.207221,38318089.679645,17.461433,16.552674,-0.908758,-1.728121,0.217404
VN,Viet Nam,P - 0103,Live Pigs,P - 1,Agriculture and live animals,Production,31554.116736,72881.783797,72881.783797,0.000628,0.024678,0,0,0,0,0,,0.149443,0.210732,22439571.895211,16.926337,11.196608,-5.729729,2.228158,0.097003
VN,Viet Nam,P - 0104,Live Sheep and Goats,P - 1,Agriculture and live animals,Production,0.0,0.0,0.0,0.0,0.0,0,0,0,0,0,,0.125687,0.210682,6208567.390312,15.641441,0.0,-15.641441,-3.606199,0.167247
VN,Viet Nam,P - 0105,Live Poultry,P - 1,Agriculture and live animals,Production,0.0,684903.118083,684903.118083,0.0,0.031351,0,0,0,0,0,,0.153027,0.217122,16746395.519452,16.633694,13.437034,-3.19666,-0.971174,0.190604
VN,Viet Nam,P - 0201,Fresh Beef,P - 1,Agriculture and live animals,Production,25867.74919,2784.744138,2784.744138,0.000123,9e-06,0,0,0,0,0,,0.136207,0.189095,93065324.76717,18.348812,7.93227,-10.416542,0.322741,0.150568
VN,Viet Nam,P - 0202,Frozen Beef,P - 1,Agriculture and live animals,Production,1067729.730019,1437219.94381,1437219.94381,0.005041,0.006767,0,0,0,0,0,,0.088132,0.141861,72477418.075456,18.098786,14.178222,-3.920564,-1.180608,0.135168
VN,Viet Nam,P - 0203,Pork,P - 1,Agriculture and live animals,Production,43528585.373022,41661654.14877,41661654.14877,0.125722,0.099121,0,0,0,0,0,,0.140238,0.195203,134764360.748349,18.719038,17.545092,-1.173947,2.197004,0.114676
VN,Viet Nam,P - 0204,Sheep and Goat Meat,P - 1,Agriculture and live animals,Production,5577.683958,66641.666978,66641.666978,9.2e-05,0.000688,0,0,0,0,0,,0.091037,0.134423,8810840.287452,15.991493,11.1071,-4.884393,-3.015744,0.132496
VN,Viet Nam,P - 0206,Edible Offal,P - 1,Agriculture and live animals,Production,205648.342268,1068110.900138,1068110.900138,0.003044,0.092469,0,0,0,0,0,,0.134433,0.184704,26111041.145696,17.077869,13.881403,-3.196466,0.343114,0.153854
VN,Viet Nam,P - 0207,Poultry Meat,P - 1,Agriculture and live animals,Production,1652960.252655,3263500.948321,3263500.948321,0.006133,0.007731,0,0,0,0,0,,0.147609,0.212393,134687282.637863,18.718466,14.998311,-3.720155,-0.054907,0.178721
VN,Viet Nam,P - 0208,Other Meat and Offal,P - 1,Agriculture and live animals,Production,5065293.597874,12526301.730832,12526301.730832,0.37039,0.613715,0,1,1,1,1,,0.147941,0.212785,3397276.507659,15.038485,16.343341,1.304856,1.321639,0.148756
VN,Viet Nam,P - 0210,Preserved Meat,P - 1,Agriculture and live animals,Production,261328.10524,244244.551466,244244.551466,0.005196,0.026167,0,0,0,0,0,,0.146392,0.202093,22160511.116735,16.913823,12.405929,-4.507893,0.266031,0.154425
VN,Viet Nam,P - 0301,Live Fish,P - 1,Agriculture and live animals,Production,11999186.239348,15343914.84557,15343914.84557,0.386905,0.436363,0,0,0,0,0,,0.162166,0.253064,21407921.47923,16.879272,16.54623,-0.333042,-2.223794,0.240748
VN,Viet Nam,P - 0302,Fresh Fish,P - 1,Agriculture and live animals,Production,38226299.297058,6112418.512797,6112418.512797,0.188983,0.022723,0,0,0,0,0,,0.341511,0.177513,95579667.208017,18.375471,15.625833,-2.749637,-2.104401,0.252612
VN,Viet Nam,P - 0303,Frozen Fish,P - 1,Agriculture and live animals,Production,245749248.806033,312924871.150914,312924871.150914,0.529201,0.562728,1,1,1,1,,0,0.639405,0.663797,865654330.612488,20.578996,19.561474,-1.017523,-3.52608,0.332655
VN,Viet Nam,P - 0304,Fish Fillets,P - 1,Agriculture and live animals,Production,2198329284.980581,1516929316.666932,1516929316.666932,0.913775,0.869796,1,1,1,1,,0,0.261985,0.344808,321018610.95266,19.58701,21.139954,1.552944,-1.784303,0.256032
VN,Viet Nam,P - 0305,Processed Fish,P - 1,Agriculture and live animals,Production,77211453.786974,251417293.409118,251417293.409118,0.590332,0.797015,1,1,1,1,,0,0.199126,0.249803,39742940.040276,17.497943,19.342625,1.844682,-3.458231,0.252514
VN,Viet Nam,P - 0306,Crustaceans,P - 1,Agriculture and live animals,Production,2038320985.355734,1085650308.079064,1085650308.079064,0.90063,0.81633,1,1,1,1,,0,0.493518,0.555965,708227234.94925,20.378276,20.805445,0.427169,-3.895116,0.219441
VN,Viet Nam,P - 0307,Molluscs,P - 1,Agriculture and live animals,Production,396280485.148065,237993652.247723,237993652.247723,0.77653,0.663399,1,1,1,1,,0,0.612479,0.516297,269077847.818781,19.410511,19.287755,-0.122757,-2.685806,0.230623
VN,Viet Nam,P - 0401,Milk and Cream,P - 1,Agriculture and live animals,Production,2704858.054922,5838514.187206,5838514.187206,0.028274,0.046964,0,0,0,0,0,,0.157341,0.222791,46273556.62636,17.650081,15.579987,-2.070094,-0.229417,0.198736
VN,Viet Nam,P - 0402,Concentrated Milk,P - 1,Agriculture and live animals,Production,62016161.784055,5932527.312862,5932527.312862,0.201014,0.110264,0,0,0,0,0,,0.135078,0.188618,56094331.244021,17.842545,15.595961,-2.246584,-1.394852,0.198963
VN,Viet Nam,P - 0403,Yogurt and Fermented Dairy,P - 1,Agriculture and live animals,Production,2577991.596809,2512661.141071,2512661.141071,0.049286,0.061351,0,0,0,0,0,,0.158719,0.229291,23161259.870117,16.957992,14.736853,-2.221138,-0.997069,0.233565
VN,Viet Nam,P - 0404,Whey Products,P - 1,Agriculture and live animals,Production,59657.79334,43130.411627,43130.411627,0.001053,0.014263,0,0,0,0,0,,0.144028,0.206405,19729168.646286,16.797609,10.672007,-6.125602,2.1156,0.150003
VN,Viet Nam,P - 0405,Butter and Dairy Spreads,P - 1,Agriculture and live animals,Production,1176881.818424,17873.068542,17873.068542,0.014696,0.023413,0,0,0,0,0,,0.140226,0.1941,35397338.307785,17.382147,9.791106,-7.591041,-0.199348,0.15504
VN,Viet Nam,P - 0406,Cheese,P - 1,Agriculture and live animals,Production,372238.124306,11824550.297336,11824550.297336,0.001197,0.020239,0,0,0,0,0,,0.155054,0.220862,173174534.252786,18.969811,16.285689,-2.684122,0.62084,0.196299
VN,Viet Nam,P - 0407,Fresh Eggs,P - 1,Agriculture and live animals,Production,3609042.198555,3832005.850648,3832005.850648,0.078186,0.038707,0,0,0,0,0,,0.162825,0.231667,25951811.960113,17.071752,15.158899,-1.912853,-1.305217,0.231152
VN,Viet Nam,P - 0409,Honey,P - 1,Agriculture and live animals,Production,81998419.267076,25927669.846164,25927669.846164,0.801672,0.560913,1,1,1,1,,0,0.16978,0.236507,11295359.096408,16.239903,17.070821,0.830919,-1.586092,0.215066
VN,Viet Nam,P - 0504,Animal Casings,P - 1,Agriculture and live animals,Production,1155.422613,15090.777923,15090.777923,2.5e-05,0.000134,0,0,0,0,0,,0.13657,0.195355,13109971.570901,16.388884,9.621905,-6.766978,-0.545482,0.190257
VN,Viet Nam,P - 0511,Other Animal By-products,P - 1,Agriculture and live animals,Production,10645038.322904,41637234.273526,41637234.273526,0.332057,0.501117,0,1,1,1,1,,0.145073,0.178478,8790381.559529,15.989169,17.544505,1.555337,-1.314502,0.259335
VN,Viet Nam,P - 0601,Bulbs and Roots,P - 2,Plant products and food processing,Production,410680.459142,40499.42135,40499.42135,0.023182,0.005495,0,0,0,0,0,,0.127422,0.180774,6371602.118447,15.667362,10.609068,-5.058294,-0.323017,0.104396
VN,Viet Nam,P - 0602,Live Plants,P - 2,Plant products and food processing,Production,10648530.970255,17172444.909223,17172444.909223,0.113428,0.131816,0,0,0,0,0,,0.158365,0.221411,58272233.057434,17.880636,16.658817,-1.22182,-1.787886,0.178684
VN,Viet Nam,P - 0603,Cut Flowers,P - 2,Plant products and food processing,Production,28858264.646532,46103573.760828,46103573.760828,0.260267,0.304801,0,0,0,0,0,,0.148787,0.185603,34878949.813068,17.367394,17.646401,0.279007,-3.604233,0.121018
VN,Viet Nam,P - 0604,Ornamental Foliage,P - 2,Plant products and food processing,Production,2101289.55092,754200.310528,754200.310528,0.143983,0.118396,0,0,0,0,0,,0.181481,0.216244,6577943.553519,15.699233,13.533415,-2.165818,-1.586825,0.208887
VN,Viet Nam,P - 0701,Potatoes,P - 2,Plant products and food processing,Production,308094.758794,89271.291145,89271.291145,0.006611,0.026255,0,0,0,0,0,,0.139389,0.197687,17923870.913431,16.701644,11.399446,-5.302198,-1.702895,0.181913
VN,Viet Nam,P - 0702,Tomatoes,P - 2,Plant products and food processing,Production,1371833.796281,394340.215887,394340.215887,0.015668,0.002301,0,0,0,0,0,,0.191166,0.300982,109270558.313948,18.509338,12.884972,-5.624366,-2.823265,0.161873
VN,Viet Nam,P - 0703,Onions and Garlic,P - 2,Plant products and food processing,Production,23579745.455444,10460788.714303,10460788.714303,0.27739,0.096598,0,0,0,0,0,,0.160498,0.226771,60874519.461454,17.924325,16.163145,-1.761181,-4.333383,0.182464
VN,Viet Nam,P - 0704,Cabbage and Brassicas,P - 2,Plant products and food processing,Production,3845159.932037,32534753.787216,32534753.787216,0.128531,0.383777,0,0,0,0,0,,0.173282,0.266507,35771372.409451,17.392659,17.297819,-0.094839,-1.87397,0.152092
VN,Viet Nam,P - 0705,Lettuce and Chicory,P - 2,Plant products and food processing,Production,204923.433286,4366195.835345,4366195.835345,0.007985,0.071356,0,0,0,0,0,,0.145856,0.214515,16384250.158621,16.611831,15.289403,-1.322428,-0.071441,0.118584
VN,Viet Nam,P - 0706,Root Vegetables,P - 2,Plant products and food processing,Production,1324176.570411,7242388.353417,7242388.353417,0.067466,0.218806,0,0,0,0,0,,0.143368,0.213907,11164223.836507,16.228225,15.795462,-0.432763,-1.99981,0.19205
VN,Viet Nam,P - 0707,Cucumbers,P - 2,Plant products and food processing,Production,56650.529004,346342.840277,346342.840277,0.002374,0.004401,0,0,0,0,0,,0.201898,0.269395,27412387.175823,17.126506,12.755187,-4.371318,-1.519529,0.146069
VN,Viet Nam,P - 0708,Legumes,P - 2,Plant products and food processing,Production,2156514.531111,2533653.450183,2533653.450183,0.139995,0.116724,0,0,0,0,0,,0.19922,0.213906,6621642.905035,15.705854,14.745173,-0.960681,-6.029045,0.194841
VN,Viet Nam,P - 0709,Other Fresh Vegetables,P - 2,Plant products and food processing,Production,41977969.184387,35756185.879825,35756185.879825,0.257322,0.159721,0,0,0,0,0,,0.233613,0.317998,190035532.539976,19.062722,17.392234,-1.670488,-2.865213,0.236741
VN,Viet Nam,P - 0710,Frozen Vegetables,P - 2,Plant products and food processing,Production,23753024.026474,43992826.848995,43992826.848995,0.280578,0.312672,0,0,0,0,0,,0.177575,0.256093,50305133.897306,17.733618,17.599537,-0.134081,-2.119818,0.203731
VN,Viet Nam,P - 0712,Dried Vegetables,P - 2,Plant products and food processing,Production,8842679.288406,14884232.509969,14884232.509969,0.191255,0.276207,0,0,0,0,0,,0.19834,0.26272,25373559.688651,17.049218,16.515813,-0.533405,-2.710825,0.193299
VN,Viet Nam,P - 0713,Dried Legumes,P - 2,Plant products and food processing,Production,3027267.391954,4722602.192984,4722602.192984,0.030539,0.033918,0,0,0,0,0,,0.14654,0.084409,11842525.333713,16.287208,15.367871,-0.919337,-5.969839,0.222987
VN,Viet Nam,P - 0714,Starchy Roots and Tubers,P - 2,Plant products and food processing,Production,417999836.643233,198868052.72646,198868052.72646,0.935463,0.816633,1,1,1,1,,0,0.56421,0.749543,249018515.983659,19.333038,19.108152,-0.224886,-6.663228,0.14588
VN,Viet Nam,P - 0801,Tropical Nuts,P - 2,Plant products and food processing,Production,1633563479.993346,1895915978.650061,1895915978.650061,0.96694,0.953111,1,1,1,1,,0,0.65561,0.694733,234547910.946137,19.27317,21.362968,2.089797,-7.651506,0.184081
VN,Viet Nam,P - 0802,Tree Nuts,P - 2,Plant products and food processing,Production,23203869.068882,32470626.977279,32470626.977279,0.134014,0.203794,0,0,0,0,0,,0.182661,0.158742,44228381.545611,17.604877,17.295846,-0.309031,-3.675515,0.178312
VN,Viet Nam,P - 0803,Bananas,P - 2,Plant products and food processing,Production,4812523.006234,233465091.516956,233465091.516956,0.045937,0.605598,0,1,1,1,1,,0.343477,0.454307,520712532.648152,20.070709,19.268543,-0.802166,-4.633128,0.198738
VN,Viet Nam,P - 0804,Tropical Fruits,P - 2,Plant products and food processing,Production,56469804.024235,22159627.237515,22159627.237515,0.427029,0.203263,0,0,0,0,0,,0.248651,0.291848,197331169.943187,19.100394,16.913783,-2.186611,-5.497844,0.246807
VN,Viet Nam,P - 0805,Citrus Fruits,P - 2,Plant products and food processing,Production,9613150.963045,59273932.424366,59273932.424366,0.070672,0.266309,0,0,0,0,0,,0.160752,0.22158,64056384.999174,17.975274,17.89768,-0.077594,-2.474147,0.190994
VN,Viet Nam,P - 0806,Grapes,P - 2,Plant products and food processing,Production,3802515.868575,417688.72114,417688.72114,0.040505,0.005214,0,0,0,0,0,,0.141748,0.184438,34155236.647947,17.346427,12.942494,-4.403932,-2.467782,0.149421
VN,Viet Nam,P - 0807,Melons,P - 2,Plant products and food processing,Production,477859.578862,8510448.789678,8510448.789678,0.014143,0.232732,0,0,0,0,0,,0.328828,0.348744,74974159.333124,18.132654,15.956805,-2.175849,-3.875052,0.200971
VN,Viet Nam,P - 0808,Apples and Pears,P - 2,Plant products and food processing,Production,675218.423368,874445.644177,874445.644177,0.006252,0.007381,0,0,0,0,0,,0.144984,0.210708,36168035.634341,17.403686,13.681347,-3.72234,-0.725452,0.165655
VN,Viet Nam,P - 0809,Stone Fruits,P - 2,Plant products and food processing,Production,7125.633705,106243.10035,106243.10035,0.000134,0.003678,0,0,0,0,0,,0.150697,0.232812,38520084.332338,17.46669,11.573495,-5.893196,-1.796966,0.168337
VN,Viet Nam,P - 0810,Other Fresh Fruits,P - 2,Plant products and food processing,Production,260424305.182467,2093028644.805366,2093028644.805366,0.729276,0.842703,1,1,1,1,,0,0.199898,0.293358,187790472.857979,19.050837,21.461878,2.411041,-2.918496,0.201712
VN,Viet Nam,P - 0811,Frozen Fruits and Nuts,P - 2,Plant products and food processing,Production,17202012.059513,187431879.775846,187431879.775846,0.300717,0.678331,0,1,1,1,1,,0.17195,0.272794,47257343.458284,17.671119,19.048926,1.377807,-1.252444,0.219273
VN,Viet Nam,P - 0813,Dried Fruits and Nuts,P - 2,Plant products and food processing,Production,12032363.223645,17395465.702945,17395465.702945,0.338855,0.331198,0,0,0,0,0,,0.187296,0.289897,33697517.580068,17.332935,16.67172,-0.661215,-2.682749,0.237094
VN,Viet Nam,P - 0901,Coffee,P - 2,Plant products and food processing,Production,2223026018.100685,2118539141.987232,2118539141.987232,0.890502,0.814519,1,1,1,1,,0,0.328817,0.284148,348715207.690875,19.669766,21.473993,1.804226,-4.304778,0.232852
VN,Viet Nam,P - 0902,Tea,P - 2,Plant products and food processing,Production,210335909.747736,60715833.68255,60715833.68255,0.740997,0.547507,1,1,1,0,,0,0.740997,0.547507,0.0,0.0,17.921715,17.921715,-5.446752,0.174068
VN,Viet Nam,P - 0904,Pepper and Capsicum,P - 2,Plant products and food processing,Production,858876354.105974,538629984.021904,538629984.021904,0.958089,0.914995,1,1,1,1,,0,0.640267,0.729671,209387222.336503,19.159696,20.104539,0.944844,-4.579348,0.192099
VN,Viet Nam,P - 0910,Other Spices,P - 2,Plant products and food processing,Production,15998978.648352,21041281.352381,21041281.352381,0.418458,0.370931,0,0,0,0,0,,0.33894,0.426358,83707825.698123,18.242843,16.861997,-1.380846,-4.475578,0.274082
VN,Viet Nam,P - 1001,Wheat,P - 2,Plant products and food processing,Production,4594526.942122,9696.307341,9696.307341,0.00888,0.005961,0,0,0,0,0,,0.135782,0.203469,232847565.203719,19.265895,9.179604,-10.086291,0.869168,0.144937
VN,Viet Nam,P - 1003,Barley,P - 2,Plant products and food processing,Production,8801.260289,0.0,0.0,0.000111,0.003358,0,0,0,0,0,,0.139772,0.20296,40618928.276101,17.519745,0.0,-17.519745,0.842353,0.134554
VN,Viet Nam,P - 1005,Corn,P - 2,Plant products and food processing,Production,9282791.896362,54269239.330514,54269239.330514,0.024858,0.061718,0,0,0,0,0,,0.130977,0.216855,290819720.015825,19.488214,17.809468,-1.678746,-2.085118,0.136148
VN,Viet Nam,P - 1006,Rice,P - 2,Plant products and food processing,Production,2818294896.717986,2636492663.313424,2636492663.313424,0.913595,0.873702,1,1,1,1,,0,0.92141,0.75705,1327611180.025641,21.006647,21.692715,0.686068,-4.099706,0.149403
VN,Viet Nam,P - 1007,Sorghum,P - 2,Plant products and food processing,Production,0.0,0.0,0.0,0.0,0.0,0,0,0,0,0,,0.04824,0.100063,6321817.829493,15.659518,0.0,-15.659518,-5.350707,0.072481
VN,Viet Nam,P - 1101,Wheat Flour,P - 2,Plant products and food processing,Production,60891816.345987,74628825.949907,74628825.949907,0.523299,0.517774,1,1,1,0,,0,0.255211,0.306492,55104200.025101,17.824737,18.128037,0.303301,-3.176722,0.290618
VN,Viet Nam,P - 1103,Cereal Groats and Meal,P - 2,Plant products and food processing,Production,346168.835646,120072.769475,120072.769475,0.02509,0.019767,0,0,0,0,0,,0.155064,0.211794,6397158.669282,15.671365,11.695862,-3.975503,-2.342838,0.241575
VN,Viet Nam,P - 1104,Processed Cereal Grains,P - 2,Plant products and food processing,Production,216215.974662,409641.17861,409641.17861,0.014858,0.0143,0,0,0,0,0,,0.144546,0.203703,10222964.556073,16.140147,12.923039,-3.217108,-1.533929,0.231022
VN,Viet Nam,P - 1107,Malt,P - 2,Plant products and food processing,Production,372968.30919,1666220.781331,1666220.781331,0.009293,0.049167,0,0,0,0,0,,0.135766,0.195861,19510020.123253,16.786439,14.326069,-2.46037,0.458927,0.153383
VN,Viet Nam,P - 1108,Starches,P - 2,Plant products and food processing,Production,744586255.396563,449799132.262659,449799132.262659,0.942722,0.898711,1,1,1,1,,0,0.157641,0.229307,35138230.849334,17.3748,19.924312,2.549511,-0.02739,0.16916
VN,Viet Nam,P - 1201,Soybeans,P - 2,Plant products and food processing,Production,1319248.877623,132080.291774,132080.291774,0.002362,0.001067,0,0,0,0,0,,0.07314,0.109513,198169402.464922,19.104633,11.791173,-7.31346,-5.231154,0.077247
VN,Viet Nam,P - 1202,Peanuts,P - 2,Plant products and food processing,Production,14336215.769143,1728795.33154,1728795.33154,0.377149,0.337374,0,0,0,0,0,,0.128179,0.129635,990606.226428,13.806073,14.362936,0.556863,-7.81083,0.152607
VN,Viet Nam,P - 1205,Rapeseed,P - 2,Plant products and food processing,Production,22006.843855,0.0,0.0,0.00019,5e-06,0,0,0,0,0,,0.141442,0.202519,55922416.714722,17.839476,0.0,-17.839476,1.318297,0.120396
VN,Viet Nam,P - 1206,Sunflower Seeds,P - 2,Plant products and food processing,Production,117376.164978,152541.822928,152541.822928,0.002834,0.002831,0,0,0,0,0,,0.143824,0.214561,24677897.626967,17.021419,11.935201,-5.086218,-0.417496,0.127351
VN,Viet Nam,P - 1207,Other Oil Seeds,P - 2,Plant products and food processing,Production,4868158.451627,2461316.347618,2461316.347618,0.086551,0.084744,0,0,0,0,0,,0.132859,0.092967,1167208.578339,13.970126,14.716207,0.746081,-6.962149,0.287168
VN,Viet Nam,P - 1208,Oil Seed Meal,P - 2,Plant products and food processing,Production,79779.029697,37133.193194,37133.193194,0.003674,0.122728,0,0,0,0,0,,0.116456,0.157327,7257138.284813,15.797496,10.522293,-5.275203,-5.184129,0.130964
VN,Viet Nam,P - 1209,Seeds for Sowing,P - 2,Plant products and food processing,Production,12981321.840107,18317138.317746,18317138.317746,0.158766,0.149161,0,0,0,0,0,,0.136267,0.194432,29525495.331612,17.200765,16.723348,-0.477417,-2.019048,0.20218
VN,Viet Nam,P - 1211,Medicinal Plants,P - 2,Plant products and food processing,Production,13864871.929675,64277625.300279,64277625.300279,0.29387,0.569467,0,1,1,1,1,,0.192339,0.49796,121015442.779597,18.611429,17.978722,-0.632707,-4.599927,0.329162
VN,Viet Nam,P - 1212,Industrial Plant Materials,P - 2,Plant products and food processing,Production,5201477.299526,13037062.244147,13037062.244147,0.226511,0.469256,0,0,0,0,0,,0.431073,0.522443,44287642.053395,17.606216,16.383307,-1.222909,-4.485742,0.251288
VN,Viet Nam,P - 1214,Animal Feed,P - 2,Plant products and food processing,Production,1505415.422897,4560508.002499,4560508.002499,0.048924,0.049052,0,0,0,0,0,,0.112703,0.173999,8944577.04984,16.006558,15.332945,-0.673613,-1.09687,0.113876
VN,Viet Nam,P - 1302,Plant Extracts and Thickeners,P - 2,Plant products and food processing,Production,8473120.26731,95649245.847526,95649245.847526,0.092169,0.484433,0,0,0,0,0,,0.124682,0.181581,27514097.120156,17.130209,18.376198,1.245989,-1.403233,0.190976
VN,Viet Nam,P - 1502,Beef and Lamb Fat,P - 2,Plant products and food processing,Production,7546914.507295,25049260.950859,25049260.950859,0.323835,0.399339,0,0,0,0,0,,0.115879,0.18019,7974072.167543,15.891706,17.036355,1.144649,0.404331,0.123775
VN,Viet Nam,P - 1504,Fish and Marine Oils,P - 2,Plant products and food processing,Production,93142693.014777,132824390.128768,132824390.128768,0.830619,0.717682,1,1,1,1,,0,0.139471,0.19457,10634841.154178,16.179646,18.704538,2.524892,-1.038312,0.188753
VN,Viet Nam,P - 1507,Soybean Oil,P - 2,Plant products and food processing,Production,81941640.006055,64518605.85355,64518605.85355,0.426096,0.31133,0,0,0,0,0,,0.162657,0.225818,58032523.618092,17.876514,17.982464,0.10595,-2.805135,0.173683
VN,Viet Nam,P - 1509,Olive Oil,P - 2,Plant products and food processing,Production,5872276.627091,47646.522384,47646.522384,0.081216,0.000671,0,0,0,0,0,,0.16682,0.247593,50452576.638995,17.736544,10.771586,-6.964958,-1.855639,0.103889
VN,Viet Nam,P - 1511,Palm Oil,P - 2,Plant products and food processing,Production,44846441.412426,1970496.401576,1970496.401576,0.11726,0.063474,0,0,0,0,0,,0.284963,0.239158,574594760.590119,20.169176,14.493797,-5.675379,-6.20547,0.140549
VN,Viet Nam,P - 1512,Sunflower and Cotton Oil,P - 2,Plant products and food processing,Production,0.0,153192.00548,153192.00548,0.0,0.000494,0,0,0,0,0,,0.173553,0.246798,101072352.308223,18.431347,11.939454,-6.491893,-1.924141,0.177587
VN,Viet Nam,P - 1513,Coconut and Palm Kernel Oil,P - 2,Plant products and food processing,Production,1259171.122456,17600703.390491,17600703.390491,0.024855,0.213501,0,0,0,0,0,,0.314857,0.257727,60118300.565142,17.911825,16.683449,-1.228375,-4.352935,0.165117
VN,Viet Nam,P - 1514,Rapeseed Oil,P - 2,Plant products and food processing,Production,42300.074629,82626.34368,82626.34368,0.000504,0.000369,0,0,0,0,0,,0.141569,0.209651,60058475.682178,17.910829,11.322096,-6.588733,1.333727,0.138788
VN,Viet Nam,P - 1515,Other Vegetable Oils,P - 2,Plant products and food processing,Production,21128181.361674,17211253.855938,17211253.855938,0.334365,0.414568,0,0,0,0,0,,0.154901,0.19694,18108204.856353,16.711876,16.661074,-0.050802,-2.609304,0.246331
VN,Viet Nam,P - 1516,Hydrogenated Oils,P - 2,Plant products and food processing,Production,4274862.129489,3577678.971509,3577678.971509,0.070829,0.042647,0,0,0,0,0,,0.17382,0.237674,31126783.273117,17.253579,15.090225,-2.163354,-2.342606,0.1859
VN,Viet Nam,P - 1517,Margarine,P - 2,Plant products and food processing,Production,288315.400908,1590963.99108,1590963.99108,0.004754,0.133519,0,0,0,0,0,,0.152321,0.212766,31505129.752304,17.265661,14.279851,-2.98581,-1.530555,0.234505
VN,Viet Nam,P - 1518,Modified Oils and Fats,P - 2,Plant products and food processing,Production,10375282.49126,44591102.751645,44591102.751645,0.345915,0.452091,0,0,0,0,0,,0.157184,0.217425,31864804.912221,17.277013,17.613045,0.336032,0.454677,0.201619
VN,Viet Nam,P - 1520,Crude Glycerol,P - 2,Plant products and food processing,Production,200269.032238,4048.306456,4048.306456,0.011995,0.000923,0,0,0,0,0,,0.151234,0.210132,12430070.245816,16.335629,8.306301,-8.029328,0.723874,0.13685
VN,Viet Nam,P - 1601,Sausages,P - 2,Plant products and food processing,Production,862782.027583,347509.079672,347509.079672,0.016342,0.005093,0,0,0,0,0,,0.161423,0.225623,33218416.421837,17.318615,12.758549,-4.560066,-0.098573,0.20422
VN,Viet Nam,P - 1602,Preserved Meat,P - 2,Plant products and food processing,Production,5969236.10518,21879651.27008,21879651.27008,0.036195,0.088457,0,0,0,0,0,,0.157476,0.223517,85804993.649241,18.267588,16.901068,-1.36652,-0.207749,0.216759
VN,Viet Nam,P - 1604,Prepared Fish and Caviar,P - 2,Plant products and food processing,Production,423010427.575248,522190005.3335,522190005.3335,0.702395,0.702972,1,1,1,1,,0,0.301574,0.359213,228468838.566039,19.24691,20.073542,0.826632,-2.706065,0.243017
VN,Viet Nam,P - 1605,Prepared Seafood,P - 2,Plant products and food processing,Production,1156945556.257603,1238738495.353767,1238738495.353767,0.914574,0.868042,1,1,1,1,,0,0.206723,0.565989,421218787.579472,19.858663,20.937359,1.078696,-2.795093,0.222764
VN,Viet Nam,P - 1701,Sugar,P - 2,Plant products and food processing,Production,263310930.735289,41279953.645261,41279953.645261,0.439629,0.055008,0,0,0,0,0,,0.309745,0.241673,415455720.004944,19.844887,17.535888,-2.308999,-4.322162,0.249597
VN,Viet Nam,P - 1702,Other Sugars and Syrups,P - 2,Plant products and food processing,Production,2153982.097986,64330884.656442,64330884.656442,0.030143,0.337672,0,0,0,0,0,,0.148712,0.217194,50578732.43296,17.739042,17.97955,0.240509,0.998394,0.1715
VN,Viet Nam,P - 1704,Sugar Confectionery,P - 2,Plant products and food processing,Production,90756622.917519,111237337.363868,111237337.363868,0.454346,0.35456,1,0,0,0,,1,0.16389,0.231441,75698697.639332,18.142272,18.527177,0.384905,-1.428394,0.255351
VN,Viet Nam,P - 1801,Cocoa Beans,P - 2,Plant products and food processing,Production,8029230.113277,3528672.381724,3528672.381724,0.097929,0.032598,0,0,0,0,0,,0.138055,0.227605,334197923.095676,19.627244,15.076433,-4.550811,-10.602652,0.165003
VN,Viet Nam,P - 1803,Cocoa Paste,P - 2,Plant products and food processing,Production,59174.520685,3759294.177506,3759294.177506,0.001932,0.048376,0,0,0,0,0,,0.130016,0.163296,15299556.000055,16.543334,15.139742,-1.403592,-1.776692,0.11324
VN,Viet Nam,P - 1804,Cocoa Butter,P - 2,Plant products and food processing,Production,2035.443124,92298.93367,92298.93367,5.7e-05,0.002607,0,0,0,0,0,,0.145903,0.15591,18493980.388345,16.732956,11.432799,-5.300157,-2.14878,0.104492
VN,Viet Nam,P - 1805,Cocoa Powder,P - 2,Plant products and food processing,Production,112012.682655,118569.580128,118569.580128,0.004351,0.003326,0,0,0,0,0,,0.156148,0.202159,13157053.970222,16.392469,11.683264,-4.709205,-1.039342,0.144362
VN,Viet Nam,P - 1806,Chocolate Products,P - 2,Plant products and food processing,Production,8014748.816524,24407545.49318,24407545.49318,0.030353,0.053427,0,0,0,0,0,,0.153546,0.221633,147632014.897005,18.810233,17.010403,-1.79983,0.001492,0.237416
VN,Viet Nam,P - 1901,Malt Extract and Food Preparations,P - 2,Plant products and food processing,Production,28026709.62974,51727341.238436,51727341.238436,0.133295,0.211493,0,0,0,0,0,,0.15083,0.219024,98945672.339124,18.410082,17.761497,-0.648584,-0.383928,0.223449
VN,Viet Nam,P - 1902,Pasta,P - 2,Plant products and food processing,Production,167539734.634666,220223704.294355,220223704.294355,0.646533,0.627285,1,1,1,1,,0,0.182655,0.286994,108200894.299584,18.4995,19.210154,0.710654,-2.389018,0.25204
VN,Viet Nam,P - 1904,Breakfast Cereals,P - 2,Plant products and food processing,Production,6828024.274688,8879258.504024,8879258.504024,0.103838,0.12102,0,0,0,0,0,,0.157888,0.215611,34439558.144849,17.354716,15.999229,-1.355488,-1.583417,0.250825
VN,Viet Nam,P - 1905,Baked Goods,P - 2,Plant products and food processing,Production,150650613.129178,223025675.40722,223025675.40722,0.336749,0.293875,0,0,0,0,0,,0.165887,0.235546,254547178.547503,19.354997,19.222797,-0.132199,-1.499559,0.277402
VN,Viet Nam,P - 2001,Pickled Vegetables and Fruits,P - 2,Plant products and food processing,Production,32479877.210011,17417791.908588,17417791.908588,0.617286,0.409138,1,1,0,1,,0,0.204131,0.28513,19471871.202769,16.784482,16.673003,-0.111479,-2.218407,0.216139
VN,Viet Nam,P - 2002,Preserved Tomatoes,P - 2,Plant products and food processing,Production,1475654.057777,564057.490104,564057.490104,0.028594,0.007104,0,0,0,0,0,,0.162824,0.237525,31555406.65865,17.267256,13.242913,-4.024342,-1.973505,0.151098
VN,Viet Nam,P - 2003,Preserved Mushrooms,P - 2,Plant products and food processing,Production,10195811.066059,5098927.854063,5098927.854063,0.441,0.157935,0,0,0,0,0,,0.166502,0.222726,13012815.640288,16.381445,15.444541,-0.936904,0.794238,0.066971
VN,Viet Nam,P - 2004,Frozen Vegetable Preparations,P - 2,Plant products and food processing,Production,20409557.034545,23560638.964817,23560638.964817,0.215819,0.164154,0,0,0,0,0,,0.136219,0.183786,47805406.89562,17.682649,16.975088,-0.707561,0.718641,0.112719
VN,Viet Nam,P - 2005,Canned Vegetables,P - 2,Plant products and food processing,Production,41167430.196991,33798478.037451,33798478.037451,0.281219,0.202968,0,0,0,0,0,,0.182251,0.246458,76310576.514387,18.150322,17.335926,-0.814396,-1.992953,0.240941
VN,Viet Nam,P - 2007,Jams and Preserves,P - 2,Plant products and food processing,Production,14934178.099314,11255435.286601,11255435.286601,0.317587,0.226142,0,0,0,0,0,,0.162952,0.228405,20235857.224794,16.822967,16.236362,-0.586605,-0.985819,0.250289
VN,Viet Nam,P - 2008,Other Preserved Fruits,P - 2,Plant products and food processing,Production,153606573.535418,635479202.698145,635479202.698145,0.528941,0.737735,1,1,1,1,,0,0.20104,0.287411,142385020.907201,18.774045,20.26989,1.495845,-2.623042,0.303226
VN,Viet Nam,P - 2009,Fruit and Vegetable Juices,P - 2,Plant products and food processing,Production,20301573.03092,233501195.867823,233501195.867823,0.112816,0.544313,0,1,1,1,1,,0.167142,0.218931,64546105.318442,17.98289,19.268698,1.285807,-2.481155,0.276856
VN,Viet Nam,P - 2101,Coffee and Tea Extracts,P - 2,Plant products and food processing,Production,329385085.517461,428862122.199141,428862122.199141,0.793183,0.780616,1,1,1,1,,0,0.161388,0.227752,48414409.999129,17.695308,19.876646,2.181338,-0.369729,0.21408
VN,Viet Nam,P - 2102,Yeasts and Baking Powder,P - 2,Plant products and food processing,Production,11711997.771181,14794293.043799,14794293.043799,0.343401,0.326551,0,0,0,0,0,,0.161392,0.225341,14313338.506406,16.476702,16.509752,0.03305,-0.815228,0.229797
VN,Viet Nam,P - 2103,Sauces and Condiments,P - 2,Plant products and food processing,Production,41282698.111392,74365784.988892,74365784.988892,0.281629,0.271556,0,0,0,0,0,,0.156209,0.218828,77401758.920664,18.16452,18.124507,-0.040014,-1.240734,0.262184
VN,Viet Nam,P - 2104,Soups and Broths,P - 2,Plant products and food processing,Production,6206854.305288,39236305.572791,39236305.572791,0.162242,0.326769,0,0,0,0,0,,0.152537,0.22145,17032963.934138,16.650661,17.485113,0.834452,-1.23668,0.224541
VN,Viet Nam,P - 2105,Ice Cream,P - 2,Plant products and food processing,Production,135447.185685,128845.735808,128845.735808,0.00392,0.002315,0,0,0,0,0,,0.160028,0.226456,25222568.911172,17.04325,11.766379,-5.276871,-0.405155,0.235154
VN,Viet Nam,P - 2106,Other Food Preparations,P - 2,Plant products and food processing,Production,64180740.004308,291562470.769913,291562470.769913,0.161543,0.322736,0,0,0,0,0,,0.157344,0.226543,247063815.58524,19.325157,19.490765,0.165608,-0.227874,0.271192
VN,Viet Nam,P - 2201,Water and Ice,P - 2,Plant products and food processing,Production,440782.647553,1009127.483998,1009127.483998,0.01312,0.021198,0,0,0,0,0,,0.147877,0.216614,21818750.133465,16.89828,13.824598,-3.073683,-1.241152,0.235063
VN,Viet Nam,P - 2202,Soft Drinks,P - 2,Plant products and food processing,Production,69056282.608855,116338627.13895,116338627.13895,0.287417,0.305802,0,0,0,0,0,,0.184091,0.214406,117414045.92378,18.581217,18.572016,-0.009201,-1.96838,0.328035
VN,Viet Nam,P - 2203,Beer,P - 2,Plant products and food processing,Production,68955702.806578,62307135.441421,62307135.441421,0.347011,0.275546,0,0,0,0,0,,0.15465,0.211038,79896469.23681,18.196242,17.947587,-0.248656,-1.436351,0.244434
VN,Viet Nam,P - 2204,Wine,P - 2,Plant products and food processing,Production,2076699.625278,466081.931159,466081.931159,0.006051,0.001262,0,0,0,0,0,,0.137471,0.196148,136706874.43411,18.73335,13.052119,-5.681231,0.180894,0.164571
VN,Viet Nam,P - 2207,Pure Ethyl Alcohol,P - 2,Plant products and food processing,Production,71098636.109877,6368357.353962,6368357.353962,0.441778,0.057667,0,0,0,0,0,,0.166036,0.166455,45660839.6616,17.636752,15.666852,-1.969899,-1.625853,0.174927
VN,Viet Nam,P - 2208,Spirits and Liqueurs,P - 2,Plant products and food processing,Production,78266981.410054,56604152.011632,56604152.011632,0.212132,0.087214,0,0,0,0,0,,0.126699,0.181978,106704460.916561,18.485574,17.851593,-0.633981,-1.105907,0.273231
VN,Viet Nam,P - 2301,Animal Feed Meal,P - 2,Plant products and food processing,Production,151522801.035459,374024122.800317,374024122.800317,0.704121,0.747776,1,1,1,1,,0,0.141166,0.214659,32931814.874832,17.30995,19.739831,2.429881,-2.124589,0.258667
VN,Viet Nam,P - 2302,Cereal Bran and Residues,P - 2,Plant products and food processing,Production,4453103.214262,136707560.030298,136707560.030298,0.16928,0.77527,0,1,1,1,1,,0.140567,0.247265,30974429.248074,17.248673,18.733355,1.484682,-5.107203,0.297389
VN,Viet Nam,P - 2303,Starch and Sugar Residues,P - 2,Plant products and food processing,Production,27188916.386017,7687446.897556,7687446.897556,0.301329,0.156496,0,0,0,0,0,,0.146466,0.201139,28883630.405016,17.178786,15.855099,-1.323686,1.095253,0.132638
VN,Viet Nam,P - 2304,Soybean Cake,P - 2,Plant products and food processing,Production,24777854.339357,19142185.626927,19142185.626927,0.07408,0.089689,0,0,0,0,0,,0.111068,0.147246,118391400.398582,18.589507,16.767405,-1.822101,-2.738966,0.133854
VN,Viet Nam,P - 2306,Other Oil Cake,P - 2,Plant products and food processing,Production,2425419.887297,17914115.915731,17914115.915731,0.030999,0.115477,0,0,0,0,0,,0.157108,0.230503,63143993.74362,17.960928,16.7011,-1.259829,-1.908734,0.189678
VN,Viet Nam,P - 2309,Prepared Animal Feed,P - 2,Plant products and food processing,Production,143771424.208742,244272357.197245,244272357.197245,0.357778,0.379649,0,1,0,1,1,,0.160125,0.21974,197864603.278607,19.103094,19.313794,0.210701,-0.841138,0.26374
VN,Viet Nam,P - 2401,Raw Tobacco,P - 2,Plant products and food processing,Production,25909000.415546,4397832.327997,4397832.327997,0.175169,0.036942,0,0,0,0,0,,0.336051,0.293878,154514206.529595,18.855797,15.296623,-3.559174,-5.538745,0.202597
VN,Viet Nam,P - 2402,Cigars and Cigarettes,P - 2,Plant products and food processing,Production,264066873.630055,75109689.515588,75109689.515588,0.525581,0.272685,1,0,0,0,,1,0.225383,0.299039,200785827.788867,19.117749,18.13446,-0.983289,-2.875211,0.249717
VN,Viet Nam,P - 2403,Manufactured Tobacco,P - 2,Plant products and food processing,Production,4802881.822292,7376402.018213,7376402.018213,0.080034,0.067095,0,0,0,0,0,,0.15309,0.240778,70304552.996068,18.068347,15.813797,-2.25455,-1.955025,0.190609
VN,Viet Nam,P - 2501,Salt,P - 3,Raw materials and mining,Production,1494495.360226,3282284.272436,3282284.272436,0.05493,0.073425,0,0,0,0,0,,0.148598,0.201927,10721278.854718,16.187741,15.00405,-1.183691,-2.598739,0.253024
VN,Viet Nam,P - 2503,Sulphur,P - 3,Raw materials and mining,Production,98437.785925,20690464.111171,20690464.111171,0.00348,0.277934,0,0,0,0,0,,0.114357,0.268333,11705409.649188,16.275562,16.845184,0.569622,-2.48402,0.154426
VN,Viet Nam,P - 2505,Natural Sands,P - 3,Raw materials and mining,Production,30837659.749707,23578647.794747,23578647.794747,0.657958,0.400989,1,0,0,0,,1,0.145042,0.215102,14450060.637113,16.486209,16.975852,0.489643,-1.861069,0.229795
VN,Viet Nam,P - 2507,Kaolin Clay,P - 3,Raw materials and mining,Production,5266145.089731,2177314.155399,2177314.155399,0.250532,0.15515,0,0,0,0,0,,0.130495,0.193131,6024885.547945,15.611409,14.593603,-1.017806,0.340073,0.123296
VN,Viet Nam,P - 2508,Other Clays,P - 3,Raw materials and mining,Production,364757.949963,334269.072963,334269.072963,0.018125,0.00725,0,0,0,0,0,,0.145759,0.210702,9786940.028739,16.09656,12.719705,-3.376855,-0.591785,0.200438
VN,Viet Nam,P - 2510,Natural Phosphates,P - 3,Raw materials and mining,Production,25479036.533338,1812.332749,1812.332749,0.4033,2.5e-05,0,0,0,0,0,,0.200817,0.202969,25754324.487328,17.064113,7.502922,-9.561191,-4.85409,0.10348
VN,Viet Nam,P - 2515,Marble and Limestone,P - 3,Raw materials and mining,Production,18351712.429063,28916977.771484,28916977.771484,0.393263,0.546,0,1,1,0,1,,0.272658,0.405481,30801193.266616,17.243064,17.179939,-0.063125,-4.313223,0.145064
VN,Viet Nam,P - 2516,Granite and Building Stone,P - 3,Raw materials and mining,Production,1732520.859996,777497.291881,777497.291881,0.07403,0.060076,0,0,0,0,0,,0.091528,0.160032,5173512.482852,15.459063,13.563837,-1.895226,-3.574917,0.176039
VN,Viet Nam,P - 2517,Gravel and Crushed Stone,P - 3,Raw materials and mining,Production,49073107.118826,41602492.443579,41602492.443579,0.623917,0.691482,1,1,1,1,,0,0.159741,0.230023,14809231.042574,16.510761,17.543671,1.032909,-1.249111,0.270394
VN,Viet Nam,P - 2519,Magnesium Compounds,P - 3,Raw materials and mining,Production,946122.291362,128813.84006,128813.84006,0.050841,0.009515,0,0,0,0,0,,0.128433,0.175562,5848486.195231,15.581694,11.766131,-3.815562,-0.324452,0.121496
VN,Viet Nam,P - 2520,Gypsum and Plaster,P - 3,Raw materials and mining,Production,166491.650255,97385.07869,97385.07869,0.015465,0.013733,0,0,0,0,0,,0.162236,0.245443,7960248.882453,15.889971,11.486439,-4.403532,-2.731032,0.210763
VN,Viet Nam,P - 2523,Cement,P - 3,Raw materials and mining,Production,819127792.374656,1053526668.399736,1053526668.399736,0.859034,0.86314,1,1,1,1,,0,0.231787,0.346726,141174998.313693,18.765511,20.775409,2.009898,-4.349445,0.331907
VN,Viet Nam,P - 2529,Feldspar and Fluorspar,P - 3,Raw materials and mining,Production,420367.015845,23250684.265779,23250684.265779,0.034265,0.677374,0,1,1,1,1,,0.126514,0.189626,5775852.134594,15.569197,16.961845,1.392649,-2.858495,0.129492
VN,Viet Nam,P - 2530,Other Minerals,P - 3,Raw materials and mining,Production,23482208.793639,36395388.933983,36395388.933983,0.582006,0.149523,1,0,0,0,,1,0.143736,0.095174,14960768.927553,16.520942,17.409953,0.889011,-3.354363,0.106564
VN,Viet Nam,P - 2601,Iron Ore,P - 3,Raw materials and mining,Production,60898028.193407,74191552.421758,74191552.421758,0.042721,0.019564,0,0,0,0,0,,0.10028,0.149519,760087055.4428,20.448944,18.122161,-2.326783,-2.30707,0.098357
VN,Viet Nam,P - 2602,Manganese Ore,P - 3,Raw materials and mining,Production,2224838.52164,0.0,0.0,0.051897,0.000647,0,0,0,0,0,,0.13635,0.071612,53744188.366955,17.799746,0.0,-17.799746,-6.667445,0.085674
VN,Viet Nam,P - 2603,Copper Ore,P - 3,Raw materials and mining,Production,39663499.413014,16198141.85698,16198141.85698,0.071978,0.009532,0,0,0,0,0,,0.065404,0.102002,198440438.023737,19.106,16.600407,-2.505592,-5.651977,0.159565
VN,Viet Nam,P - 2604,Nickel Ore,P - 3,Raw materials and mining,Production,11183029.471136,29554048.717574,29554048.717574,0.200614,0.253225,0,0,0,0,0,,0.131233,0.129718,7854103.316926,15.876547,17.201731,1.325185,-4.77664,0.085146
VN,Viet Nam,P - 2605,Cobalt Ore,P - 3,Raw materials and mining,Production,0.0,0.0,0.0,0.0,0.0,0,0,0,0,0,,0.073395,0.063427,83253.185629,11.329654,0.0,-11.329654,-4.415522,0.03923
VN,Viet Nam,P - 2606,Aluminum Ore,P - 3,Raw materials and mining,Production,16900.825567,0.0,0.0,0.000451,0.0,0,0,0,0,0,,0.105121,0.168235,189433313.309422,19.059548,0.0,-19.059548,-5.065752,0.070377
VN,Viet Nam,P - 2607,Lead Ore,P - 3,Raw materials and mining,Production,2146142.107104,47389445.927654,47389445.927654,0.034885,0.364081,0,0,0,0,0,,0.104968,0.206237,23404729.270664,16.968449,17.67391,0.705461,-3.866177,0.14282
VN,Viet Nam,P - 2608,Zinc Ore,P - 3,Raw materials and mining,Production,1958616.489386,28051489.92541,28051489.92541,0.027989,0.162488,0,0,0,0,0,,0.094999,0.114839,15848621.417193,16.578593,17.149552,0.570959,-4.176536,0.167106
VN,Viet Nam,P - 2610,Chromium Ore,P - 3,Raw materials and mining,Production,4755185.554746,2694338.502885,2694338.502885,0.145592,0.026992,0,0,0,0,0,,0.14953,0.177439,22270535.854875,16.918775,14.806664,-2.112111,-9.378191,0.058723
VN,Viet Nam,P - 2612,Uranium Ore,P - 3,Raw materials and mining,Production,5012207.468493,1414466.00801,1414466.00801,0.318617,0.065457,0,0,0,0,0,,0.185282,0.119583,7087066.832904,15.773782,14.162263,-1.611519,-9.182761,0.046149
VN,Viet Nam,P - 2613,Molybdenum Ore,P - 3,Raw materials and mining,Production,13483245.864739,41702670.444803,41702670.444803,0.273161,0.249921,0,0,0,0,0,,0.100561,0.18394,45318806.890924,17.629233,17.546076,-0.083157,-0.456005,0.073106
VN,Viet Nam,P - 2614,Titanium Ore,P - 3,Raw materials and mining,Production,83297926.77331,94298345.611427,94298345.611427,0.796633,0.622599,1,1,1,1,,0,0.109808,0.198093,7408058.303889,15.818079,18.361974,2.543895,-4.249948,0.099428
VN,Viet Nam,P - 2615,Rare Metal Ores,P - 3,Raw materials and mining,Production,29331023.483008,22834771.892441,22834771.892441,0.635635,0.487427,1,0,0,0,,1,0.22276,0.30521,18118768.367478,16.712459,16.943795,0.231336,-6.651077,0.150074
VN,Viet Nam,P - 2616,Precious Metal Ores,P - 3,Raw materials and mining,Production,158653.769733,16105968.870622,16105968.870622,0.002623,0.07176,0,0,0,0,0,,0.113071,0.154295,31377276.085447,17.261595,16.594701,-0.666894,-4.682552,0.175875
VN,Viet Nam,P - 2620,Metal-Bearing Residues,P - 3,Raw materials and mining,Production,16737529.003452,20379738.189306,20379738.189306,0.2964,0.107276,0,0,0,0,0,,0.145806,0.206162,24826350.096528,17.027416,16.830052,-0.197364,-1.701562,0.249444
VN,Viet Nam,P - 2701,Coal and Briquettes,P - 3,Raw materials and mining,Production,938494138.510386,231386607.562976,231386607.562976,0.44461,0.092115,0,0,0,0,0,,0.085705,0.15124,520868526.890133,20.071008,19.2596,-0.811408,-3.717491,0.089705
VN,Viet Nam,P - 2703,Peat,P - 3,Raw materials and mining,Production,63902.784365,64920.114434,64920.114434,0.004528,0.00484,0,0,0,0,0,,0.131613,0.19882,6607337.182168,15.703691,11.080928,-4.622763,1.903849,0.103676
VN,Viet Nam,P - 2704,Coke,P - 3,Raw materials and mining,Production,11196181.240498,1764328.012465,1764328.012465,0.152921,0.017576,0,0,0,0,0,,0.121228,0.149489,24318549.959236,17.00675,14.383281,-2.623469,-1.009575,0.096998
VN,Viet Nam,P - 2707,Coal Tar Oils,P - 3,Raw materials and mining,Production,132214.112729,16412258.830019,16412258.830019,0.000539,0.044496,0,0,0,0,0,,0.145127,0.209193,114143516.246826,18.552967,16.613539,-1.939428,1.398756,0.174524
VN,Viet Nam,P - 2708,Coal Pitch,P - 3,Raw materials and mining,Production,962208.517607,0.0,0.0,0.084431,0.0,0,0,0,0,0,,0.107144,0.175645,7211746.938192,15.791222,0.0,-15.791222,1.917992,0.077254
VN,Viet Nam,P - 2709,Crude Oil,P - 3,Raw materials and mining,Production,7530623673.11538,1154385672.464486,1154385672.464486,0.354639,0.086298,0,0,0,0,0,,0.11932,0.167439,4986919933.861363,22.330084,20.866834,-1.46325,-5.63039,0.178132
VN,Viet Nam,P - 2710,Refined Petroleum Products,P - 3,Raw materials and mining,Production,1094516485.473257,738952724.11223,738952724.11223,0.114206,0.084211,0,0,0,0,0,,0.124029,0.195246,1301995719.723264,20.987164,20.420745,-0.56642,-2.0169,0.293771
VN,Viet Nam,P - 2711,Petroleum Gas,P - 3,Raw materials and mining,Production,63876192.76225,91243366.794839,91243366.794839,0.015799,0.021991,0,0,0,0,0,,0.115201,0.193044,1057206696.029228,20.778896,18.329041,-2.449855,-3.421187,0.203828
VN,Viet Nam,P - 2712,Petroleum Wax,P - 3,Raw materials and mining,Production,1335198.985588,802105.270253,802105.270253,0.031917,0.013832,0,0,0,0,0,,0.135743,0.205183,13710713.399822,16.433688,13.594996,-2.838692,-0.253498,0.149839
VN,Viet Nam,P - 2713,Petroleum Coke,P - 3,Raw materials and mining,Production,105926.401712,274996.959414,274996.959414,0.000474,0.003559,0,0,0,0,0,,0.143213,0.212199,81314251.469499,18.213832,12.524519,-5.689313,-1.092753,0.209542
VN,Viet Nam,P - 2714,Natural Bitumen,P - 3,Raw materials and mining,Production,111766.825606,186796.220421,186796.220421,0.012779,0.07842,0,0,0,0,0,,0.17144,0.225289,2600014.37968,14.771028,12.137779,-2.633249,-2.197425,0.219791
VN,Viet Nam,P - 2715,Bituminous Mixtures,P - 3,Raw materials and mining,Production,36935.537127,753016.07866,753016.07866,0.003867,0.035379,0,0,0,0,0,,0.153797,0.193157,5412010.899728,15.504131,13.531843,-1.972288,-0.906882,0.213674
VN,Viet Nam,P - 2716,Electrical Energy,P - 3,Raw materials and mining,Production,164454697.167231,34850114.374913,34850114.374913,0.305969,0.057013,0,0,0,0,0,,0.156059,0.219975,324772660.037982,19.598636,17.366567,-2.232069,-1.331269,0.234348
VN,Viet Nam,P - 2803,Carbon and Carbon Black,P - 4,Chemicals and pharmaceuticals,Production,181772.773802,204688.099276,204688.099276,0.003785,0.005047,0,0,0,0,0,,0.138471,0.191943,23138024.818017,16.956988,12.229248,-4.72774,2.065299,0.128512
VN,Viet Nam,P - 2804,Industrial Gases,P - 4,Chemicals and pharmaceuticals,Production,151670970.532055,230865716.469445,230865716.469445,0.586373,0.688103,1,1,1,1,,0,0.135456,0.2099,48071014.109876,17.68819,19.257347,1.569157,0.481985,0.177758
VN,Viet Nam,P - 2807,Sulphuric Acid,P - 4,Chemicals and pharmaceuticals,Production,129664.796716,15902.074894,15902.074894,0.011519,0.024083,0,0,0,0,0,,0.124984,0.192612,4880997.262907,15.40086,9.674268,-5.726593,-0.414106,0.146493
VN,Viet Nam,P - 2809,Phosphoric Acid,P - 4,Chemicals and pharmaceuticals,Production,1105075.732348,96961526.875718,96961526.875718,0.027609,0.564005,0,1,1,0,1,,0.118517,0.225762,20820026.460402,16.851426,18.389825,1.538399,-0.932757,0.103856
VN,Viet Nam,P - 2811,Other Inorganic Acids,P - 4,Chemicals and pharmaceuticals,Production,739154.973508,8046402.461502,8046402.461502,0.017199,0.093729,0,0,0,0,0,,0.145942,0.211992,21248733.291104,16.871808,15.900736,-0.971072,-0.189682,0.202648
VN,Viet Nam,P - 2814,Ammonia,P - 4,Chemicals and pharmaceuticals,Production,79915.147978,302191.76472,302191.76472,0.000787,0.002583,0,0,0,0,0,,0.140538,0.205735,17069221.23844,16.652788,12.61882,-4.033967,-1.013508,0.118529
VN,Viet Nam,P - 2815,Caustic Soda and Potash,P - 4,Chemicals and pharmaceuticals,Production,384888.682945,422997.318555,422997.318555,0.007322,0.006387,0,0,0,0,0,,0.133353,0.206134,27056177.265346,17.113426,12.955123,-4.158302,0.256401,0.160899
VN,Viet Nam,P - 2818,Aluminum Oxide,P - 4,Chemicals and pharmaceuticals,Production,50088723.595857,375747311.022956,375747311.022956,0.279915,0.652271,0,1,1,0,1,,0.109483,0.179318,54101708.931415,17.806376,19.744427,1.938051,0.784981,0.104655
VN,Viet Nam,P - 2821,Iron Oxides,P - 4,Chemicals and pharmaceuticals,Production,449499.493405,2413356.592634,2413356.592634,0.039268,0.147196,0,0,0,0,0,,0.134789,0.175725,2912012.193471,14.884355,14.69653,-0.187826,0.921335,0.115336
VN,Viet Nam,P - 2822,Cobalt Oxides,P - 4,Chemicals and pharmaceuticals,Production,0.0,0.0,0.0,0.0,0.001863,0,0,0,0,0,,0.073631,0.116693,7512671.708925,15.832102,0.0,-15.832102,-7.066656,0.044151
VN,Viet Nam,P - 2825,Other Metal Oxides,P - 4,Chemicals and pharmaceuticals,Production,35811836.403747,146619169.394102,146619169.394102,0.494274,0.523163,0,1,1,0,1,,0.134236,0.177484,47293384.93666,17.671881,18.803349,1.131468,0.963569,0.09524
VN,Viet Nam,P - 2826,Fluorides,P - 4,Chemicals and pharmaceuticals,Production,436345.613682,1760287.884406,1760287.884406,0.041216,0.064586,0,0,0,0,0,,0.136309,0.202662,6255227.63223,15.648928,14.380988,-1.26794,1.512365,0.111747
VN,Viet Nam,P - 2827,Chlorides and Bromides,P - 4,Chemicals and pharmaceuticals,Production,2601965.297058,8599414.208779,8599414.208779,0.098629,0.231875,0,0,0,0,0,,0.135069,0.196764,12269142.000851,16.322598,15.967205,-0.355393,0.592511,0.167991
VN,Viet Nam,P - 2833,Sulphates,P - 4,Chemicals and pharmaceuticals,Production,873094.306303,7987598.152254,7987598.152254,0.028155,0.140952,0,0,0,0,0,,0.145861,0.206257,19067076.817827,16.763474,15.893401,-0.870073,-0.074327,0.173953
VN,Viet Nam,P - 2834,Nitrites and Nitrates,P - 4,Chemicals and pharmaceuticals,Production,67962.063628,40546.856052,40546.856052,0.00522,0.013803,0,0,0,0,0,,0.133171,0.198077,5271068.037221,15.477744,10.610238,-4.867506,0.490535,0.133329
VN,Viet Nam,P - 2835,Phosphates,P - 4,Chemicals and pharmaceuticals,Production,4291444.290554,17042456.651371,17042456.651371,0.101404,0.277374,0,0,0,0,0,,0.143668,0.220595,19649109.776085,16.793543,16.651218,-0.142324,0.666278,0.16961
VN,Viet Nam,P - 2836,Carbonates,P - 4,Chemicals and pharmaceuticals,Production,20595669.765616,73063460.341062,73063460.341062,0.254318,0.250184,0,0,0,0,0,,0.149926,0.173001,48674837.096184,17.700673,18.106839,0.406166,-1.601246,0.144777
VN,Viet Nam,P - 2841,Oxometallic Salts,P - 4,Chemicals and pharmaceuticals,Production,22460881.679912,29325065.054687,29325065.054687,0.56943,0.178164,1,0,0,0,,1,0.123067,0.143352,57610802.101751,17.869221,17.193953,-0.675267,3.024643,0.03861
VN,Viet Nam,P - 2843,Precious Metal Compounds,P - 4,Chemicals and pharmaceuticals,Production,164904.65883,311998.480419,311998.480419,0.002609,0.003034,0,0,0,0,0,,0.120764,0.167783,29451340.843373,17.19825,12.650757,-4.547493,3.272238,0.067534
VN,Viet Nam,P - 2844,Radioactive Elements,P - 4,Chemicals and pharmaceuticals,Production,297867.949691,3781.690717,3781.690717,0.001804,0.000318,0,0,0,0,0,,0.06918,0.120319,24554622.267032,17.016411,8.238191,-8.77822,0.152841,0.078659
VN,Viet Nam,P - 2849,Carbides,P - 4,Chemicals and pharmaceuticals,Production,11216933.474776,29061784.466643,29061784.466643,0.355419,0.555952,0,1,1,0,1,,0.133799,0.18675,7320276.485656,15.806159,17.184935,1.378776,2.461435,0.130592
VN,Viet Nam,P - 2901,Acyclic Hydrocarbons,P - 4,Chemicals and pharmaceuticals,Production,9638997.608626,12290891.483676,12290891.483676,0.036283,0.024622,0,0,0,0,0,,0.132196,0.205301,82686319.783306,18.230565,16.324369,-1.906196,1.771163,0.138308
VN,Viet Nam,P - 2902,Cyclic Hydrocarbons,P - 4,Chemicals and pharmaceuticals,Production,815589.08112,339043712.659829,339043712.659829,0.001366,0.441965,0,0,0,0,0,,0.132024,0.199117,131622818.13494,18.695451,19.64164,0.946189,1.394727,0.112841
VN,Viet Nam,P - 2903,Halogenated Hydrocarbons,P - 4,Chemicals and pharmaceuticals,Production,525422.89367,120117.750658,120117.750658,0.006037,0.00416,0,0,0,0,0,,0.125748,0.185902,34832927.183891,17.366074,11.696236,-5.669838,2.744027,0.091837
VN,Viet Nam,P - 2904,Nitrated Hydrocarbons,P - 4,Chemicals and pharmaceuticals,Production,2797284.477717,12040855.809379,12040855.809379,0.143282,0.204178,0,0,0,0,0,,0.133723,0.197202,7279955.305163,15.800635,16.303816,0.503181,0.514811,0.111179
VN,Viet Nam,P - 2905,Acyclic Alcohols,P - 4,Chemicals and pharmaceuticals,Production,1964494.899777,324787.03962,324787.03962,0.0063,0.004716,0,0,0,0,0,,0.121566,0.18823,62206896.288465,17.945976,12.690928,-5.255048,-0.025187,0.166317
VN,Viet Nam,P - 2906,Cyclic Alcohols,P - 4,Chemicals and pharmaceuticals,Production,13572.786369,11424.402602,11424.402602,0.000637,0.001507,0,0,0,0,0,,0.118961,0.163001,5372593.860472,15.496822,9.343594,-6.153227,1.988351,0.082644
VN,Viet Nam,P - 2907,Phenols,P - 4,Chemicals and pharmaceuticals,Production,198339.107161,1545.71701,1545.71701,0.002902,0.001024,0,0,0,0,0,,0.132135,0.193907,15230611.486034,16.538818,7.34389,-9.194928,2.803993,0.109751
VN,Viet Nam,P - 2909,Ethers,P - 4,Chemicals and pharmaceuticals,Production,317243.173458,1688287.731793,1688287.731793,0.00166,0.005993,0,0,0,0,0,,0.124222,0.189442,50402714.894712,17.735556,14.339226,-3.39633,1.598377,0.110184
VN,Viet Nam,P - 2910,Epoxides,P - 4,Chemicals and pharmaceuticals,Production,3871.45714,494180.44932,494180.44932,9.2e-05,0.009906,0,0,0,0,0,,0.122449,0.176792,10063117.952991,16.124388,13.110658,-3.01373,3.510193,0.065612
VN,Viet Nam,P - 2912,Aldehydes,P - 4,Chemicals and pharmaceuticals,Production,2214887.11464,3522393.008599,3522393.008599,0.091998,0.108452,0,0,0,0,0,,0.135497,0.194757,8729592.203476,15.982229,15.074651,-0.907578,2.312105,0.117644
VN,Viet Nam,P - 2914,Ketones and Quinones,P - 4,Chemicals and pharmaceuticals,Production,256873.133302,183726.050232,183726.050232,0.004227,0.015673,0,0,0,0,0,,0.133675,0.191491,20563237.535842,16.839016,12.121207,-4.717809,2.807337,0.1089
VN,Viet Nam,P - 2915,Saturated Acids,P - 4,Chemicals and pharmaceuticals,Production,550818.977191,2805946.631589,2805946.631589,0.004615,0.033869,0,0,0,0,0,,0.133325,0.19693,49677929.985568,17.721071,14.847252,-2.873819,2.224903,0.123004
VN,Viet Nam,P - 2916,Unsaturated Acids,P - 4,Chemicals and pharmaceuticals,Production,230525.276998,5756738.396802,5756738.396802,0.00232,0.043054,0,0,0,0,0,,0.133812,0.19094,31116724.456779,17.253256,15.565882,-1.687374,2.33922,0.116062
VN,Viet Nam,P - 2917,Polycarboxylic Acids,P - 4,Chemicals and pharmaceuticals,Production,16508873.506245,43160543.294254,43160543.294254,0.083209,0.233636,0,0,0,0,0,,0.139677,0.203157,62930837.579994,17.957547,17.580437,-0.37711,2.415956,0.106461
VN,Viet Nam,P - 2918,Oxygen Function Acids,P - 4,Chemicals and pharmaceuticals,Production,199913.43642,180960.934247,180960.934247,0.002589,0.003198,0,0,0,0,0,,0.137616,0.196095,35653217.088307,17.38935,12.106042,-5.283308,2.19733,0.141043
VN,Viet Nam,P - 2920,Other Inorganic Esters,P - 4,Chemicals and pharmaceuticals,Production,0.0,0.0,0.0,0.0,0.0,0,0,0,0,0,,0.131414,0.188541,5424882.936778,15.506507,0.0,-15.506507,2.934546,0.093152
VN,Viet Nam,P - 2921,Amines,P - 4,Chemicals and pharmaceuticals,Production,141029.090364,314056.165074,314056.165074,0.001377,0.006944,0,0,0,0,0,,0.132315,0.193258,37981210.719035,17.452602,12.65733,-4.795272,3.169798,0.10664
VN,Viet Nam,P - 2922,Amino Alcohols,P - 4,Chemicals and pharmaceuticals,Production,115509821.910045,64881067.496238,64881067.496238,0.433561,0.299877,0,0,0,0,0,,0.137549,0.202647,62826690.663921,17.955891,17.988066,0.032176,1.982029,0.127652
VN,Viet Nam,P - 2923,Quaternary Ammonium Salts,P - 4,Chemicals and pharmaceuticals,Production,148152.613709,781679.724045,781679.724045,0.007126,0.022742,0,0,0,0,0,,0.135148,0.199307,10635935.221341,16.179749,13.569202,-2.610547,1.559199,0.149917
VN,Viet Nam,P - 2924,Amides,P - 4,Chemicals and pharmaceuticals,Production,151408.900635,18009.64777,18009.64777,0.001971,0.000788,0,0,0,0,0,,0.126503,0.178814,25438996.727106,17.051794,9.798718,-7.253075,3.280542,0.095831
VN,Viet Nam,P - 2925,Imides,P - 4,Chemicals and pharmaceuticals,Production,904.289662,0.0,0.0,6.9e-05,7.6e-05,0,0,0,0,0,,0.132558,0.190277,7804510.47875,15.870213,0.0,-15.870213,3.082101,0.101858
VN,Viet Nam,P - 2926,Nitriles,P - 4,Chemicals and pharmaceuticals,Production,11976.29832,3463.551079,3463.551079,0.000195,0.000139,0,0,0,0,0,,0.124736,0.167236,13009415.889269,16.381184,8.150338,-8.230846,3.90774,0.079651
VN,Viet Nam,P - 2929,Other Nitrogen Compounds,P - 4,Chemicals and pharmaceuticals,Production,99689.229961,267305.994988,267305.994988,0.001853,0.012896,0,0,0,0,0,,0.124933,0.183893,21823805.458888,16.898512,12.496153,-4.402359,2.317834,0.090384
VN,Viet Nam,P - 2930,Organo-Sulphur Compounds,P - 4,Chemicals and pharmaceuticals,Production,2260955.238723,346975.848196,346975.848196,0.029296,0.006683,0,0,0,0,0,,0.13198,0.191577,26420639.442837,17.089656,12.757013,-4.332643,2.372889,0.106935
VN,Viet Nam,P - 2931,Other Organo-Inorganic Compounds,P - 4,Chemicals and pharmaceuticals,Production,5762.34054,30792.482093,30792.482093,8.6e-05,0.000712,0,0,0,0,0,,0.118917,0.180519,24909401.235258,17.030756,10.335058,-6.695698,3.409632,0.07598
VN,Viet Nam,P - 2932,Oxygen Heterocycles,P - 4,Chemicals and pharmaceuticals,Production,31190658.768527,13059254.324081,13059254.324081,0.308341,0.119651,0,0,0,0,0,,0.136873,0.192887,36153471.840057,17.403284,16.385008,-1.018276,2.423524,0.1168
VN,Viet Nam,P - 2933,Nitrogen Heterocycles,P - 4,Chemicals and pharmaceuticals,Production,300392.996553,4972908.572217,4972908.572217,0.000534,0.002703,0,0,0,0,0,,0.129041,0.174334,318292989.396002,19.578483,15.419516,-4.158967,3.104566,0.107608
VN,Viet Nam,P - 2934,Nucleic Acids,P - 4,Chemicals and pharmaceuticals,Production,267089.3906,116093.979393,116093.979393,0.001496,0.00072,0,0,0,0,0,,0.134246,0.189164,94489993.86596,18.364005,11.662164,-6.701841,3.623082,0.099762
VN,Viet Nam,P - 2935,Sulphonamides,P - 4,Chemicals and pharmaceuticals,Production,119201.627189,0.0,0.0,0.001597,5.7e-05,0,0,0,0,0,,0.122086,0.178809,25102893.507829,17.038494,0.0,-17.038494,2.906513,0.077387
VN,Viet Nam,P - 2936,Vitamins,P - 4,Chemicals and pharmaceuticals,Production,1509815.525451,986572.283243,986572.283243,0.023163,0.025971,0,0,0,0,0,,0.13959,0.195027,32051082.1133,17.282842,13.801993,-3.480849,2.144257,0.129107
VN,Viet Nam,P - 2937,Hormones,P - 4,Chemicals and pharmaceuticals,Production,7597.299375,28139.410145,28139.410145,5.4e-05,9.7e-05,0,0,0,0,0,,0.127125,0.177755,93723404.671189,18.355859,10.244962,-8.110897,3.39771,0.080291
VN,Viet Nam,P - 2939,Alkaloids,P - 4,Chemicals and pharmaceuticals,Production,1018660.672683,13611253.585825,13611253.585825,0.039033,0.293991,0,0,0,0,0,,0.130097,0.201791,8101350.203888,15.907541,16.426408,0.518866,1.302559,0.135467
VN,Viet Nam,P - 2941,Antibiotics,P - 4,Chemicals and pharmaceuticals,Production,826319.211306,66281.817515,66281.817515,0.006872,0.026436,0,0,0,0,0,,0.140171,0.201377,40237193.636283,17.510302,11.101686,-6.408616,2.751705,0.107617
VN,Viet Nam,P - 3001,Therapeutic Glands and Organs,P - 4,Chemicals and pharmaceuticals,Production,12167.285985,2683405.621936,2683405.621936,0.000231,0.058995,0,0,0,0,0,,0.12166,0.189517,19410783.875537,16.781339,14.802598,-1.978742,2.414126,0.12064
VN,Viet Nam,P - 3002,Blood Products and Vaccines,P - 4,Chemicals and pharmaceuticals,Production,3471956.317603,6916914.328458,6916914.328458,0.003546,0.002535,0,0,0,0,0,,0.132595,0.190883,1096137325.217377,20.815058,15.74948,-5.065578,2.724114,0.111276
VN,Viet Nam,P - 3003,Bulk Pharmaceuticals,P - 4,Chemicals and pharmaceuticals,Production,11177976.211871,1364154.963923,1364154.963923,0.079445,0.016045,0,0,0,0,0,,0.141438,0.210208,58481571.485225,17.884222,14.126046,-3.758176,1.512902,0.16395
VN,Viet Nam,P - 3004,Retail Pharmaceuticals,P - 4,Chemicals and pharmaceuticals,Production,72126899.980005,141164413.39506,141164413.39506,0.02404,0.031339,0,0,0,0,0,,0.153024,0.215766,1777431382.361848,21.298435,18.765436,-2.532999,0.943902,0.192849
VN,Viet Nam,P - 3005,Medical Dressings,P - 4,Chemicals and pharmaceuticals,Production,7604204.475663,20838138.970116,20838138.970116,0.102608,0.138943,0,0,0,0,0,,0.150305,0.213975,41014705.680571,17.529441,16.852296,-0.677146,1.411279,0.175266
VN,Viet Nam,P - 3006,Other Pharmaceutical Goods,P - 4,Chemicals and pharmaceuticals,Production,2418457.806565,8581879.725868,8581879.725868,0.01787,0.047961,0,0,0,0,0,,0.139004,0.20355,66015573.719286,18.005401,15.965164,-2.040238,1.473653,0.16768
VN,Viet Nam,P - 3102,Nitrogen Fertilizers,P - 4,Chemicals and pharmaceuticals,Production,146958207.452873,184681578.13879,184681578.13879,0.34869,0.384214,0,0,0,0,0,,0.164213,0.258768,118561646.907342,18.590944,19.034144,0.4432,-2.542703,0.244204
VN,Viet Nam,P - 3103,Phosphate Fertilizers,P - 4,Chemicals and pharmaceuticals,Production,10563909.717387,53903875.992612,53903875.992612,0.326131,0.473101,0,0,0,0,0,,0.17792,0.288325,14749816.869802,16.506741,17.802713,1.295972,-2.46694,0.115722
VN,Viet Nam,P - 3104,Potash Fertilizers,P - 4,Chemicals and pharmaceuticals,Production,16392194.815557,27156439.628133,27156439.628133,0.08976,0.166298,0,0,0,0,0,,0.108497,0.112237,30918261.477966,17.246858,17.117125,-0.129733,-0.295499,0.096777
VN,Viet Nam,P - 3105,Mixed Fertilizers,P - 4,Chemicals and pharmaceuticals,Production,228173575.183762,114630061.072093,114630061.072093,0.504935,0.290148,1,0,0,0,,1,0.165819,0.225959,110985519.932703,18.52491,18.557221,0.03231,-1.596378,0.195713
VN,Viet Nam,P - 3204,Synthetic Dyes,P - 4,Chemicals and pharmaceuticals,Production,8510548.573716,15089045.738717,15089045.738717,0.066204,0.093348,0,0,0,0,0,,0.142392,0.207908,48151983.273787,17.689873,16.52948,-1.160393,1.205693,0.156949
VN,Viet Nam,P - 3206,Other Coloring Matter,P - 4,Chemicals and pharmaceuticals,Production,14823918.071417,46289800.764827,46289800.764827,0.108938,0.206872,0,0,0,0,0,,0.142751,0.207507,51585932.671127,17.75876,17.650432,-0.108327,1.494058,0.163954
VN,Viet Nam,P - 3207,Ceramic and Glass Pigments,P - 4,Chemicals and pharmaceuticals,Production,5266463.754232,21711441.274409,21711441.274409,0.104205,0.322052,0,0,0,0,0,,0.136534,0.204352,19385828.229058,16.780053,16.89335,0.113297,1.284509,0.130718
VN,Viet Nam,P - 3208,Non-Aqueous Paints,P - 4,Chemicals and pharmaceuticals,Production,20655033.163604,34483309.185642,34483309.185642,0.131534,0.184495,0,0,0,0,0,,0.156241,0.217564,65863216.956055,18.003091,17.355986,-0.647105,-0.354883,0.239938
VN,Viet Nam,P - 3209,Water-Based Paints,P - 4,Chemicals and pharmaceuticals,Production,2413035.234136,6791150.212595,6791150.212595,0.038633,0.088792,0,0,0,0,0,,0.157617,0.214322,27639989.918634,17.134774,15.731131,-1.403643,-0.662493,0.266938
VN,Viet Nam,P - 3212,Metallic Pigments,P - 4,Chemicals and pharmaceuticals,Production,853718.027357,399511.416235,399511.416235,0.036519,0.031026,0,0,0,0,0,,0.14425,0.210014,7446925.79868,15.823312,12.898,-2.925312,1.279989,0.193365
VN,Viet Nam,P - 3214,Putty and Mastics,P - 4,Chemicals and pharmaceuticals,Production,2857382.281312,5398694.724108,5398694.724108,0.036301,0.037068,0,0,0,0,0,,0.156006,0.223863,46768536.785542,17.660721,15.501668,-2.159053,0.259537,0.222565
VN,Viet Nam,P - 3215,Printing and Writing Inks,P - 4,Chemicals and pharmaceuticals,Production,3261998.618301,11115985.441399,11115985.441399,0.023228,0.089979,0,0,0,0,0,,0.144966,0.215908,46302820.200892,17.650713,16.223895,-1.426819,1.061971,0.177274
VN,Viet Nam,P - 3301,Essential Oils,P - 4,Chemicals and pharmaceuticals,Production,12333166.6854,13064755.113823,13064755.113823,0.233821,0.19391,0,0,0,0,0,,0.14361,0.19825,20084984.411915,16.815483,16.385429,-0.430054,-2.877905,0.256181
VN,Viet Nam,P - 3302,Fragrance Compounds,P - 4,Chemicals and pharmaceuticals,Production,3305010.939746,2659536.152801,2659536.152801,0.015027,0.009781,0,0,0,0,0,,0.123778,0.175865,84666975.814441,18.254236,14.793663,-3.460574,0.013708,0.161917
VN,Viet Nam,P - 3303,Perfumes,P - 4,Chemicals and pharmaceuticals,Production,5797847.36237,2091049.242947,2091049.242947,0.032459,0.01027,0,0,0,0,0,,0.143298,0.20974,109865556.590439,18.514768,14.553177,-3.961591,0.273086,0.176632
VN,Viet Nam,P - 3304,Cosmetics and Makeup,P - 4,Chemicals and pharmaceuticals,Production,32323400.277585,51384241.950361,51384241.950361,0.088415,0.065769,0,0,0,0,0,,0.14728,0.211941,266106250.455331,19.399406,17.754842,-1.644564,0.60109,0.198138
VN,Viet Nam,P - 3305,Hair Care Products,P - 4,Chemicals and pharmaceuticals,Production,66834858.651212,25886068.794754,25886068.794754,0.326855,0.154141,0,0,0,0,0,,0.162375,0.226622,76257781.090761,18.14963,17.069216,-1.080414,0.194625,0.235231
VN,Viet Nam,P - 3306,Oral Care Products,P - 4,Chemicals and pharmaceuticals,Production,39817354.221975,26976111.701804,26976111.701804,0.433297,0.267875,0,0,0,0,0,,0.154001,0.219996,27825509.130588,17.141464,17.110462,-0.031001,0.141225,0.202458
VN,Viet Nam,P - 3307,Personal Care Products,P - 4,Chemicals and pharmaceuticals,Production,85412999.091513,82964670.873233,82964670.873233,0.425725,0.319718,0,0,0,0,0,,0.159644,0.228379,69309045.399866,18.054086,18.233925,0.179839,0.330003,0.221145
VN,Viet Nam,P - 3401,Soap and Cleansing Products,P - 4,Chemicals and pharmaceuticals,Production,35003619.868562,13064513.033275,13064513.033275,0.320623,0.173473,0,0,0,0,0,,0.251395,0.261741,46228003.482105,17.649096,16.38541,-1.263686,-2.841884,0.276383
VN,Viet Nam,P - 3402,Detergents and Surfactants,P - 4,Chemicals and pharmaceuticals,Production,138645935.730671,200684856.604666,200684856.604666,0.3091,0.304115,0,0,0,0,0,,0.161075,0.228177,186888619.811701,19.046023,19.117246,0.071223,-0.744473,0.250227
VN,Viet Nam,P - 3403,Lubricating Preparations,P - 4,Chemicals and pharmaceuticals,Production,14560177.823626,6616531.625128,6616531.625128,0.146667,0.071403,0,0,0,0,0,,0.142679,0.205916,41813336.891681,17.548726,15.705082,-1.843644,1.648297,0.151955
VN,Viet Nam,P - 3404,Artificial Wax,P - 4,Chemicals and pharmaceuticals,Production,1034612.891009,8267559.398575,8267559.398575,0.034448,0.163726,0,0,0,0,0,,0.139389,0.204854,13700542.373923,16.432946,15.92785,-0.505096,1.822714,0.14094
VN,Viet Nam,P - 3405,Polishes and Cleaners,P - 4,Chemicals and pharmaceuticals,Production,2172784.358758,1063922.743095,1063922.743095,0.091698,0.044095,0,0,0,0,0,,0.156903,0.214094,10517301.392891,16.168532,13.877474,-2.291058,0.373454,0.177383
VN,Viet Nam,P - 3406,Candles,P - 4,Chemicals and pharmaceuticals,Production,157407189.023969,460323633.142177,460323633.142177,0.839049,0.881895,1,1,1,1,,0,0.158361,0.222782,22500769.593063,16.92906,19.94744,3.01838,1.071393,0.156734
VN,Viet Nam,P - 3501,Casein and Derivatives,P - 4,Chemicals and pharmaceuticals,Production,105971.774472,69630.871037,69630.871037,0.004283,0.001329,0,0,0,0,0,,0.123536,0.173595,9342745.436104,16.050111,11.150978,-4.899133,1.427129,0.080277
VN,Viet Nam,P - 3503,Gelatin and Animal Glues,P - 4,Chemicals and pharmaceuticals,Production,123866.580041,15742798.978764,15742798.978764,0.006037,0.387006,0,0,0,0,0,,0.132796,0.196268,10132111.958997,16.13122,16.571894,0.440673,-0.222759,0.146192
VN,Viet Nam,P - 3504,Protein Substances,P - 4,Chemicals and pharmaceuticals,Production,281016.717606,7541675.151565,7541675.151565,0.011405,0.121471,0,0,0,0,0,,0.140658,0.202874,18029657.930768,16.707529,15.835955,-0.871574,3.003043,0.125823
VN,Viet Nam,P - 3505,Modified Starches and Glues,P - 4,Chemicals and pharmaceuticals,Production,47981703.359811,120917027.020304,120917027.020304,0.575401,0.683596,1,1,1,1,,0,0.146453,0.213297,22855753.313271,16.944713,18.610615,1.665902,1.041621,0.141309
VN,Viet Nam,P - 3506,Prepared Adhesives,P - 4,Chemicals and pharmaceuticals,Production,34333934.811572,63925526.504277,63925526.504277,0.261993,0.346469,0,0,0,0,0,,0.150441,0.214069,55085197.242032,17.824392,17.973229,0.148838,0.806004,0.185286
VN,Viet Nam,P - 3507,Enzymes,P - 4,Chemicals and pharmaceuticals,Production,487326.658028,731031.730006,731031.730006,0.010749,0.008449,0,0,0,0,0,,0.138977,0.196811,28041994.22513,17.149214,13.502214,-3.647,2.056723,0.130213
VN,Viet Nam,P - 3603,Detonators and Fuses,P - 4,Chemicals and pharmaceuticals,Production,248205.880932,375923.283953,375923.283953,0.015713,0.035393,0,0,0,0,0,,0.13421,0.183795,6791207.008317,15.731139,12.837143,-2.893996,-1.057161,0.168395
VN,Viet Nam,P - 3701,Photographic Plates and Film,P - 4,Chemicals and pharmaceuticals,Production,13830712.572361,270067.839615,270067.839615,0.20868,0.006629,0,0,0,0,0,,0.136027,0.194769,16096997.087291,16.594143,12.506432,-4.087711,2.449337,0.099207
VN,Viet Nam,P - 3702,Film in Rolls,P - 4,Chemicals and pharmaceuticals,Production,169658.246841,150224.065253,150224.065253,0.006237,0.011991,0,0,0,0,0,,0.110845,0.173057,4554750.233171,15.331681,11.91989,-3.411792,2.590685,0.084071
VN,Viet Nam,P - 3703,Photographic Paper,P - 4,Chemicals and pharmaceuticals,Production,948195.720983,27019.787613,27019.787613,0.067459,0.013684,0,0,0,0,0,,0.131099,0.199815,1663051.340991,14.324165,10.204362,-4.119803,1.806244,0.098557
VN,Viet Nam,P - 3707,Photographic Chemicals,P - 4,Chemicals and pharmaceuticals,Production,4441107.922694,14527836.784247,14527836.784247,0.065536,0.169539,0,0,0,0,0,,0.132187,0.183352,19387223.639148,16.780125,16.491577,-0.288548,2.48996,0.084314
VN,Viet Nam,P - 3801,Artificial Graphite,P - 4,Chemicals and pharmaceuticals,Production,2098.753952,43787.954736,43787.954736,0.000122,0.002235,0,0,0,0,0,,0.133925,0.185165,13933545.810004,16.44981,10.687137,-5.762673,2.363612,0.095709
VN,Viet Nam,P - 3802,Activated Carbon,P - 4,Chemicals and pharmaceuticals,Production,25806647.910081,19464861.822313,19464861.822313,0.521852,0.454974,1,0,0,0,,1,0.146494,0.206218,14412765.674758,16.483625,16.784121,0.300497,-0.252552,0.153507
VN,Viet Nam,P - 3806,Rosin and Derivatives,P - 4,Chemicals and pharmaceuticals,Production,37082026.775839,52144244.833476,52144244.833476,0.665645,0.787349,1,1,1,1,,0,0.143752,0.196746,5680906.878142,15.552622,17.769524,2.216903,0.4157,0.111117
VN,Viet Nam,P - 3808,Pesticides and Herbicides,P - 4,Chemicals and pharmaceuticals,Production,101279321.50652,63291824.239862,63291824.239862,0.24134,0.154141,0,0,0,0,0,,0.150606,0.20405,158211838.204602,18.879445,17.963267,-0.916179,0.141803,0.204394
VN,Viet Nam,P - 3809,Textile and Leather Finishing,P - 4,Chemicals and pharmaceuticals,Production,100418245.705755,149976709.638949,149976709.638949,0.712897,0.734709,1,1,1,1,,0,0.151098,0.224078,19942305.180192,16.808354,18.825991,2.017637,0.555487,0.188508
VN,Viet Nam,P - 3810,Metal Treatment Preparations,P - 4,Chemicals and pharmaceuticals,Production,1852334.491856,1243844.203099,1243844.203099,0.105962,0.0666,0,0,0,0,0,,0.13903,0.204172,7595071.703883,15.84301,14.033718,-1.809292,2.085616,0.122725
VN,Viet Nam,P - 3811,Fuel Additives,P - 4,Chemicals and pharmaceuticals,Production,441289.134178,726491.901898,726491.901898,0.003815,0.004583,0,0,0,0,0,,0.128338,0.177318,40720011.964065,17.52223,13.495984,-4.026246,1.154385,0.116238
VN,Viet Nam,P - 3812,Rubber and Plastic Additives,P - 4,Chemicals and pharmaceuticals,Production,10907609.430736,17606855.998464,17606855.998464,0.214632,0.225129,0,0,0,0,0,,0.143163,0.203223,18323594.893838,16.7237,16.683799,-0.039901,1.567744,0.150221
VN,Viet Nam,P - 3814,Paint Removers and Solvents,P - 4,Chemicals and pharmaceuticals,Production,6282580.386805,4901687.002987,4901687.002987,0.243496,0.321501,0,0,0,0,0,,0.153829,0.221369,8935303.134696,16.005521,15.40509,-0.600431,-0.441818,0.236245
VN,Viet Nam,P - 3815,Catalysts,P - 4,Chemicals and pharmaceuticals,Production,1652989.797708,1426566.764034,1426566.764034,0.010091,0.006479,0,0,0,0,0,,0.132578,0.195132,100918002.568351,18.429819,14.170782,-4.259037,1.527273,0.12816
VN,Viet Nam,P - 3816,Refractory Materials,P - 4,Chemicals and pharmaceuticals,Production,2587879.692981,1063037.022713,1063037.022713,0.110991,0.031831,0,0,0,0,0,,0.151998,0.214283,11742133.688268,16.278694,13.876641,-2.402053,1.15788,0.165106
VN,Viet Nam,P - 3817,Mixed Alkylbenzenes,P - 4,Chemicals and pharmaceuticals,Production,115232.038265,0.0,0.0,0.004166,0.000225,0,0,0,0,0,,0.110297,0.17916,5514703.41126,15.522929,0.0,-15.522929,0.476515,0.077864
VN,Viet Nam,P - 3818,Electronic Grade Chemicals,P - 4,Chemicals and pharmaceuticals,Production,478809.241284,385138673.750903,385138673.750903,0.005494,0.632149,0,1,1,0,1,,0.12329,0.182305,63099246.733924,17.960219,19.769114,1.808895,4.003975,0.060656
VN,Viet Nam,P - 3821,Culture Media,P - 4,Chemicals and pharmaceuticals,Production,4041.341195,751172.668003,751172.668003,0.000281,0.019361,0,0,0,0,0,,0.13393,0.193977,11862685.937355,16.288908,13.529392,-2.759516,2.808961,0.126299
VN,Viet Nam,P - 3822,Laboratory Reagents,P - 4,Chemicals and pharmaceuticals,Production,304661.201549,6662.122099,6662.122099,0.001479,0.014308,0,0,0,0,0,,0.137286,0.176122,977472.845562,13.792727,8.804343,-4.988383,1.19271,0.18721
VN,Viet Nam,P - 3823,Industrial Fatty Acids,P - 4,Chemicals and pharmaceuticals,Production,170680388.554246,376450546.017646,376450546.017646,0.256066,0.285318,0,0,0,0,0,,0.14931,0.201369,320626213.967784,19.585787,19.746297,0.160511,0.385441,0.209748
VN,Viet Nam,P - 3901,Ethylene Polymers,P - 5,"Plastics, rubber and leather",Production,40966671.561015,128605763.651048,128605763.651048,0.056108,0.121901,0,0,0,0,0,,0.14267,0.208949,266297729.748382,19.400126,18.672262,-0.727863,0.732255,0.175562
VN,Viet Nam,P - 3902,Propylene Polymers,P - 5,"Plastics, rubber and leather",Production,139837711.42141,360762530.848224,360762530.848224,0.25809,0.441974,0,1,0,1,1,,0.142286,0.213735,142455571.986065,18.774541,19.70373,0.92919,0.789715,0.177011
VN,Viet Nam,P - 3903,Styrene Polymers,P - 5,"Plastics, rubber and leather",Production,54265919.276343,89593072.623593,89593072.623593,0.212936,0.330925,0,0,0,0,0,,0.142181,0.212158,59924649.301876,17.908599,18.310789,0.40219,1.739608,0.156842
VN,Viet Nam,P - 3904,Vinyl Chloride Polymers,P - 5,"Plastics, rubber and leather",Production,78786284.257005,70499627.788552,70499627.788552,0.302852,0.262531,0,0,0,0,0,,0.146941,0.20677,80208479.044459,18.20014,18.071118,-0.129022,0.860261,0.15594
VN,Viet Nam,P - 3905,Vinyl Acetate Polymers,P - 5,"Plastics, rubber and leather",Production,1779943.835801,2722645.570166,2722645.570166,0.042422,0.107503,0,0,0,0,0,,0.140895,0.199887,21850200.544192,16.899721,14.817115,-2.082606,1.191265,0.138412
VN,Viet Nam,P - 3906,Acrylic Polymers,P - 5,"Plastics, rubber and leather",Production,11017424.172475,17488301.13945,17488301.13945,0.070257,0.076397,0,0,0,0,0,,0.1385,0.200621,62004173.003918,17.942712,16.677043,-1.265669,1.353368,0.148487
VN,Viet Nam,P - 3907,Polyethers and Polyesters,P - 5,"Plastics, rubber and leather",Production,35756142.923429,564738904.317564,564738904.317564,0.067728,0.460205,0,0,0,0,0,,0.148014,0.221601,249748790.614047,19.335966,20.151874,0.815908,0.422139,0.180237
VN,Viet Nam,P - 3908,Polyamides,P - 5,"Plastics, rubber and leather",Production,55306623.724198,69685141.243262,69685141.243262,0.295497,0.308913,0,0,0,0,0,,0.136783,0.198574,57168849.683675,17.86152,18.059498,0.197978,3.173898,0.117958
VN,Viet Nam,P - 3909,Amino and Phenolic Resins,P - 5,"Plastics, rubber and leather",Production,13648154.74429,33438226.1976,33438226.1976,0.083622,0.130188,0,0,0,0,0,,0.145354,0.209343,76216768.028961,18.149092,17.32521,-0.823882,2.131681,0.152706
VN,Viet Nam,P - 3910,Silicones,P - 5,"Plastics, rubber and leather",Production,1008823.225173,14904776.642932,14904776.642932,0.014955,0.204418,0,0,0,0,0,,0.134076,0.194695,30804291.994944,17.243165,16.517192,-0.725972,2.686544,0.109516
VN,Viet Nam,P - 3911,Other Synthetic Polymers,P - 5,"Plastics, rubber and leather",Production,4197011.969688,15888071.024705,15888071.024705,0.071218,0.148143,0,0,0,0,0,,0.131695,0.197567,26499532.065914,17.092638,16.581079,-0.511558,2.172332,0.114585
VN,Viet Nam,P - 3912,Cellulose Derivatives,P - 5,"Plastics, rubber and leather",Production,1018271.31109,349268.252841,349268.252841,0.018179,0.007281,0,0,0,0,0,,0.135946,0.18953,23104997.353998,16.95556,12.763598,-4.191961,1.336113,0.129279
VN,Viet Nam,P - 3913,Natural Polymers,P - 5,"Plastics, rubber and leather",Production,2085816.384527,7043371.154538,7043371.154538,0.079628,0.142502,0,0,0,0,0,,0.133089,0.197537,13848060.4913,16.443656,15.767598,-0.676058,2.235619,0.134332
VN,Viet Nam,P - 3914,Ion-Exchange Resins,P - 5,"Plastics, rubber and leather",Production,227815.573554,34587.258246,34587.258246,0.016731,0.00406,0,0,0,0,0,,0.133088,0.19009,8243795.46259,15.924972,10.45127,-5.473702,3.253505,0.099698
VN,Viet Nam,P - 3915,Plastic Waste,P - 5,"Plastics, rubber and leather",Production,131978465.60574,9106276.080302,9106276.080302,0.692943,0.276425,1,0,0,0,,1,0.162921,0.208345,10975805.102353,16.211204,16.024475,-0.186729,-2.272972,0.328737
VN,Viet Nam,P - 3916,Plastic Profiles and Rods,P - 5,"Plastics, rubber and leather",Production,8818176.942742,27010218.888153,27010218.888153,0.145629,0.222177,0,0,0,0,0,,0.153147,0.219266,34141500.41237,17.346024,17.111726,-0.234298,1.466573,0.167221
VN,Viet Nam,P - 3917,Plastic Pipes and Tubes,P - 5,"Plastics, rubber and leather",Production,62809756.683485,140205094.80158,140205094.80158,0.215172,0.255868,0,0,0,0,0,,0.16051,0.227516,138581859.683853,18.746972,18.758617,0.011645,-0.743076,0.268082
VN,Viet Nam,P - 3918,Plastic Floor and Wall Coverings,P - 5,"Plastics, rubber and leather",Production,13716650.729236,758220242.035666,758220242.035666,0.179559,0.831188,0,1,1,1,1,,0.143875,0.207338,57621250.415992,17.869402,20.446484,2.577082,1.199048,0.111716
VN,Viet Nam,P - 3919,Self-Adhesive Plastic Films,P - 5,"Plastics, rubber and leather",Production,22995430.829455,139409808.678646,139409808.678646,0.115373,0.338391,0,0,0,0,0,,0.145681,0.21117,103455204.635082,18.454649,18.752928,0.298279,1.440432,0.168401
VN,Viet Nam,P - 3920,Plastic Sheets and Films,P - 5,"Plastics, rubber and leather",Production,184774828.712234,316672131.63525,316672131.63525,0.26544,0.284997,0,0,0,0,0,,0.158622,0.227827,279755900.881145,19.449428,19.573378,0.12395,-0.095114,0.222889
VN,Viet Nam,P - 3921,Other Plastic Sheets,P - 5,"Plastics, rubber and leather",Production,147435802.181438,182207618.807435,182207618.807435,0.383894,0.408772,0,0,0,0,0,,0.158296,0.226669,143125414.452805,18.779232,19.020657,0.241426,0.78809,0.21926
VN,Viet Nam,P - 3922,Plastic Sanitary Ware,P - 5,"Plastics, rubber and leather",Production,19936950.144056,17675047.47165,17675047.47165,0.344059,0.33484,0,0,0,0,0,,0.160987,0.226538,25434454.94268,17.051615,16.687665,-0.363951,0.605867,0.180084
VN,Viet Nam,P - 3923,Plastic Packaging,P - 5,"Plastics, rubber and leather",Production,750076393.14101,912920949.102106,912920949.102106,0.601383,0.55141,1,1,1,0,,0,0.167373,0.230628,322753880.796484,19.592401,20.63216,1.039759,-1.277189,0.281189
VN,Viet Nam,P - 3924,Plastic Household Items,P - 5,"Plastics, rubber and leather",Production,116758224.915818,255451468.412803,255451468.412803,0.468608,0.464295,0,0,0,0,0,,0.168937,0.230231,133070464.007443,18.706389,19.358543,0.652154,-1.034705,0.18263
VN,Viet Nam,P - 3925,Plastic Building Materials,P - 5,"Plastics, rubber and leather",Production,27695900.000996,156602054.304555,156602054.304555,0.211868,0.452579,0,0,0,0,0,,0.158805,0.229321,80530925.475034,18.204152,18.869218,0.665067,-0.113555,0.226571
VN,Viet Nam,P - 3926,Other Plastic Articles,P - 5,"Plastics, rubber and leather",Production,578339250.84398,1104932516.038975,1104932516.038975,0.461914,0.395139,0,0,0,0,0,,0.158586,0.219825,619625867.799841,20.244626,20.82305,0.578424,1.024947,0.192678
VN,Viet Nam,P - 4001,Natural Rubber,P - 5,"Plastics, rubber and leather",Production,2465033270.913926,565919706.166152,565919706.166152,0.896305,0.804335,1,1,1,1,,0,0.400091,0.505872,446676141.917022,19.917344,20.153963,0.236618,-5.284438,0.115935
VN,Viet Nam,P - 4002,Synthetic Rubber,P - 5,"Plastics, rubber and leather",Production,16103725.3583,1551627743.04355,1551627743.04355,0.069791,0.839188,0,1,1,1,1,,0.135681,0.209181,106844540.156507,18.486885,21.16257,2.675685,1.648415,0.130193
VN,Viet Nam,P - 4005,Compounded Rubber,P - 5,"Plastics, rubber and leather",Production,87415948.988291,3312861.662691,3312861.662691,0.453344,0.077759,0,0,0,0,0,,0.149163,0.212044,29916703.282622,17.213928,15.013323,-2.200604,1.976845,0.144923
VN,Viet Nam,P - 4008,Vulcanized Rubber Sheets,P - 5,"Plastics, rubber and leather",Production,10299791.714987,8210098.799935,8210098.799935,0.196238,0.172026,0,0,0,0,0,,0.153135,0.219857,21412931.067939,16.879506,15.920876,-0.95863,1.593695,0.175922
VN,Viet Nam,P - 4009,Rubber Tubes and Pipes,P - 5,"Plastics, rubber and leather",Production,10218748.579088,52357533.334911,52357533.334911,0.099871,0.261435,0,0,0,0,0,,0.151565,0.224177,56293203.504073,17.846084,17.773606,-0.072478,1.055444,0.189109
VN,Viet Nam,P - 4010,Rubber Belting,P - 5,"Plastics, rubber and leather",Production,16189213.969514,20541147.847972,20541147.847972,0.215314,0.224383,0,0,0,0,0,,0.149252,0.211979,28161001.597944,17.153449,16.837941,-0.315508,1.515386,0.172583
VN,Viet Nam,P - 4011,New Tires,P - 5,"Plastics, rubber and leather",Production,378672918.696127,1604031476.960276,1604031476.960276,0.309243,0.602683,0,1,1,1,1,,0.157881,0.225921,454972897.887611,19.935748,21.195786,1.260038,0.331615,0.177817
VN,Viet Nam,P - 4012,Used and Retreaded Tires,P - 5,"Plastics, rubber and leather",Production,4785945.120589,52138751.404291,52138751.404291,0.137187,0.600414,0,1,1,1,1,,0.152679,0.219626,13312658.375536,16.404226,17.769419,1.365193,0.814651,0.1739
VN,Viet Nam,P - 4013,Inner Tubes,P - 5,"Plastics, rubber and leather",Production,63725771.510534,37042284.588245,37042284.588245,0.80486,0.803003,1,1,1,1,,0,0.197908,0.248061,7644877.174125,15.849546,17.427571,1.578024,0.08304,0.119923
VN,Viet Nam,P - 4014,Rubber Medical Articles,P - 5,"Plastics, rubber and leather",Production,8057627.130051,3755919.770953,3755919.770953,0.410519,0.240222,0,0,0,0,0,,0.156135,0.22237,6484007.486702,15.684849,15.138844,-0.546005,0.568571,0.175645
VN,Viet Nam,P - 4015,Rubber Clothing,P - 5,"Plastics, rubber and leather",Production,71991855.87326,120110555.303957,120110555.303957,0.505995,0.559575,1,1,1,0,,0,0.217392,0.247868,56715404.824487,17.853556,18.603923,0.750367,-0.703179,0.126782
VN,Viet Nam,P - 4016,Other Rubber Articles,P - 5,"Plastics, rubber and leather",Production,273357235.391099,370476575.496434,370476575.496434,0.529558,0.524052,1,1,1,0,,0,0.159571,0.22595,142219843.077217,18.772885,19.730301,0.957416,1.226815,0.202322
VN,Viet Nam,P - 4101,Raw Bovine Hides,P - 5,"Plastics, rubber and leather",Production,763721.685181,450698.366628,450698.366628,0.011456,0.106244,0,0,0,0,0,,0.129504,0.143947,662252.600863,13.403404,13.018556,-0.384848,-3.699778,0.21122
VN,Viet Nam,P - 4102,Raw Sheep Skins,P - 5,"Plastics, rubber and leather",Production,21343.13534,0.0,0.0,0.001356,0.0,0,0,0,0,0,,0.112455,0.232874,1006522.142744,13.822013,0.0,-13.822013,-4.285072,0.176948
VN,Viet Nam,P - 4104,Tanned Bovine Leather,P - 5,"Plastics, rubber and leather",Production,208944724.99684,193048047.887073,193048047.887073,0.533905,0.608992,1,1,1,1,,0,0.169476,0.208727,50920807.22407,17.745782,19.07845,1.332667,-2.496335,0.238276
VN,Viet Nam,P - 4105,Tanned Sheep Leather,P - 5,"Plastics, rubber and leather",Production,873653.551952,885479.119408,885479.119408,0.055428,0.082723,0,0,0,0,0,,0.06644,0.360254,4236880.263306,15.259338,13.693885,-1.565453,-4.601467,0.164577
VN,Viet Nam,P - 4106,Other Tanned Leather,P - 5,"Plastics, rubber and leather",Production,1086407.479496,141781.506153,141781.506153,0.070337,0.109617,0,0,0,0,0,,0.064339,0.191309,1279525.567484,14.062001,11.86205,-2.199951,-5.118934,0.136289
VN,Viet Nam,P - 4107,Finished Bovine Leather,P - 5,"Plastics, rubber and leather",Production,50229666.161423,19975206.873067,19975206.873067,0.801592,0.656302,1,1,1,1,,0,0.166799,0.214279,3093429.900581,14.944791,16.810002,1.865211,-2.02641,0.161484
VN,Viet Nam,P - 4201,Saddlery and Harness,P - 5,"Plastics, rubber and leather",Production,20301883.253977,79065581.722176,79065581.722176,0.615867,0.70954,1,1,1,0,,0,0.149455,0.215071,11927996.47958,16.294399,18.185788,1.891389,0.459165,0.142549
VN,Viet Nam,P - 4202,Luggage and Bags,P - 5,"Plastics, rubber and leather",Production,1604761109.311422,2928061587.656315,2928061587.656315,0.741657,0.730316,1,1,1,1,,0,0.165433,0.221648,504914987.081047,20.039901,21.797606,1.757706,-0.513944,0.145887
VN,Viet Nam,P - 4203,Leather Clothing,P - 5,"Plastics, rubber and leather",Production,69876144.115693,156270067.822161,156270067.822161,0.441635,0.636746,0,1,1,1,1,,0.17304,0.24405,49795830.987773,17.723442,18.867096,1.143654,-1.238812,0.195879
VN,Viet Nam,P - 4205,Other Leather Articles,P - 5,"Plastics, rubber and leather",Production,1567647.85658,8814445.526589,8814445.526589,0.056034,0.253115,0,0,0,0,0,,0.16586,0.238783,14427673.303458,16.484659,15.991903,-0.492756,-0.755185,0.172096
VN,Viet Nam,P - 4301,Raw Furskins,P - 5,"Plastics, rubber and leather",Production,0.0,0.0,0.0,0.0,7.3e-05,0,0,0,0,0,,0.129918,0.192702,3203601.596883,14.979787,0.0,-14.979787,1.091911,0.101335
VN,Viet Nam,P - 4302,Dressed Furskins,P - 5,"Plastics, rubber and leather",Production,6812320.023773,141832.212214,141832.212214,0.232256,0.017622,0,0,0,0,0,,0.149761,0.228949,6833014.147404,15.737277,11.862407,-3.87487,-0.215055,0.130533
VN,Viet Nam,P - 4303,Fur Clothing,P - 5,"Plastics, rubber and leather",Production,2828586.406321,4239026.670898,4239026.670898,0.059541,0.121652,0,0,0,0,0,,0.152011,0.174563,6875310.969614,15.743448,15.259844,-0.483603,0.488219,0.100237
VN,Viet Nam,P - 4401,Fuel Wood and Wood Waste,P - 6,"Wood, paper and textiles",Production,1175263814.189906,2492962246.243666,2492962246.243666,0.941046,0.942127,1,1,1,1,,0,0.16723,0.226745,58870558.057273,17.890852,21.636737,3.745886,-0.196928,0.197859
VN,Viet Nam,P - 4403,Rough Wood,P - 6,"Wood, paper and textiles",Production,152103421.474627,2814479.153054,2814479.153054,0.474618,0.015864,0,0,0,0,0,,0.168269,0.149437,36193121.781254,17.40438,14.850288,-2.554092,-3.41119,0.273899
VN,Viet Nam,P - 4407,Sawn Wood,P - 6,"Wood, paper and textiles",Production,248802419.823314,76185401.417786,76185401.417786,0.411666,0.099179,0,0,0,0,0,,0.160556,0.191197,159622485.677659,18.888322,18.14868,-0.739642,-2.646325,0.255233
VN,Viet Nam,P - 4408,Wood Veneer Sheets,P - 6,"Wood, paper and textiles",Production,39922103.042284,119030481.044863,119030481.044863,0.580968,0.709319,1,1,1,1,,0,0.156384,0.231211,22418746.323885,16.925408,18.59489,1.669482,-2.192717,0.217556
VN,Viet Nam,P - 4409,Wood Molding,P - 6,"Wood, paper and textiles",Production,43826884.891525,90449893.004653,90449893.004653,0.475462,0.470219,0,1,0,1,1,,0.179396,0.229239,26659522.516988,17.098657,18.320307,1.22165,-1.922926,0.24602
VN,Viet Nam,P - 4410,Particle Board,P - 6,"Wood, paper and textiles",Production,10540596.560111,14582775.165289,14582775.165289,0.117634,0.092506,0,0,0,0,0,,0.158073,0.220127,45854126.939133,17.640976,16.495352,-1.145624,1.353482,0.176064
VN,Viet Nam,P - 4411,Fiberboard,P - 6,"Wood, paper and textiles",Production,42778927.133128,77796333.782688,77796333.782688,0.297012,0.329337,0,0,0,0,0,,0.156873,0.220202,47398784.091968,17.674107,18.169605,0.495498,0.164419,0.196101
VN,Viet Nam,P - 4412,Plywood,P - 6,"Wood, paper and textiles",Production,227933593.379404,691083676.545534,691083676.545534,0.591393,0.774383,1,1,1,1,,0,0.173677,0.24009,91797288.734546,18.335093,20.353771,2.018678,-1.653331,0.205625
VN,Viet Nam,P - 4414,Picture Frames,P - 6,"Wood, paper and textiles",Production,28646817.032408,7112747.677432,7112747.677432,0.75033,0.470175,1,0,0,0,,1,0.167403,0.219935,4945566.95792,15.414002,15.777399,0.363397,0.577969,0.135468
VN,Viet Nam,P - 4415,Wood Packaging,P - 6,"Wood, paper and textiles",Production,18520892.679152,7857484.76493,7857484.76493,0.375755,0.161925,0,0,0,0,0,,0.165557,0.230411,24773157.776069,17.025271,15.876977,-1.148294,-0.284208,0.238547
VN,Viet Nam,P - 4418,Wood Building Materials,P - 6,"Wood, paper and textiles",Production,64690931.367912,143162278.801795,143162278.801795,0.297796,0.57572,0,1,1,1,1,,0.162593,0.223149,70814974.934871,18.075581,18.779489,0.703908,-0.326783,0.226809
VN,Viet Nam,P - 4420,Decorative Wood Articles,P - 6,"Wood, paper and textiles",Production,20599791.300526,42218198.963499,42218198.963499,0.596102,0.586481,1,1,1,0,,0,0.269509,0.298016,21095923.464863,16.86459,17.558362,0.693772,-1.018742,0.18643
VN,Viet Nam,P - 4421,Other Wood Articles,P - 6,"Wood, paper and textiles",Production,81109916.160389,156752405.134959,156752405.134959,0.601548,0.567303,1,1,1,0,,0,0.175189,0.241876,46725980.550211,17.659811,18.870178,1.210367,-0.928885,0.184752
VN,Viet Nam,P - 4602,Basketwork,P - 6,"Wood, paper and textiles",Production,162314623.403003,213186311.547937,213186311.547937,0.899199,0.889367,1,1,1,1,,0,0.578304,0.479002,54293180.727743,17.809909,19.177677,1.367768,-2.756675,0.149147
VN,Viet Nam,P - 4702,Chemical Dissolving Pulp,P - 6,"Wood, paper and textiles",Production,7278.634873,0.0,0.0,0.000164,0.01289,0,0,0,0,0,,0.118869,0.16957,18556629.152183,16.736338,0.0,-16.736338,1.806246,0.080161
VN,Viet Nam,P - 4703,Chemical Soda Pulp,P - 6,"Wood, paper and textiles",Production,30176799.166977,379994.48992,379994.48992,0.094137,0.008594,0,0,0,0,0,,0.128978,0.180232,109396629.629167,18.510491,12.847915,-5.662576,2.032814,0.101755
VN,Viet Nam,P - 4705,Semi-Chemical Pulp,P - 6,"Wood, paper and textiles",Production,0.0,0.0,0.0,0.0,0.0,0,0,0,0,0,,0.114156,0.158637,4247937.880293,15.261944,0.0,-15.261944,2.632329,0.073022
VN,Viet Nam,P - 4707,Paper Waste,P - 6,"Wood, paper and textiles",Production,4951862.752668,381940.948377,381940.948377,0.052787,0.00236,0,0,0,0,0,,0.152034,0.221389,27044870.043045,17.113008,12.853024,-4.259984,-0.99247,0.268466
VN,Viet Nam,P - 4801,Newsprint,P - 6,"Wood, paper and textiles",Production,112565.597221,2553452.53119,2553452.53119,0.001473,0.031632,0,0,0,0,0,,0.129388,0.189831,24448401.700091,17.012075,14.752957,-2.259118,1.934411,0.119506
VN,Viet Nam,P - 4802,Printing Paper,P - 6,"Wood, paper and textiles",Production,4997093.063459,4869872.221283,4869872.221283,0.022309,0.030748,0,0,0,0,0,,0.142744,0.207108,54000789.827454,17.804509,15.398578,-2.405931,1.146001,0.152353
VN,Viet Nam,P - 4803,Tissue Paper,P - 6,"Wood, paper and textiles",Production,40300729.229147,75042297.889616,75042297.889616,0.528115,0.551704,1,1,1,1,,0,0.161129,0.24402,27189498.437746,17.118341,18.133562,1.015221,-1.031593,0.1929
VN,Viet Nam,P - 4804,Kraft Paper,P - 6,"Wood, paper and textiles",Production,5565588.423862,48250495.357742,48250495.357742,0.042695,0.280559,0,0,0,0,0,,0.142822,0.201878,54879938.74204,17.820658,17.691917,-0.128742,0.734266,0.155065
VN,Viet Nam,P - 4805,Other Uncoated Paper,P - 6,"Wood, paper and textiles",Production,53243139.17911,481472122.64574,481472122.64574,0.32176,0.665468,0,1,1,1,1,,0.150232,0.223335,72077876.387643,18.093258,19.992359,1.899101,0.348585,0.191734
VN,Viet Nam,P - 4806,Specialty Papers,P - 6,"Wood, paper and textiles",Production,126711.346584,305738.735447,305738.735447,0.007711,0.014107,0,0,0,0,0,,0.134712,0.206585,9002323.380033,16.012993,12.630489,-3.382504,2.310359,0.11529
VN,Viet Nam,P - 4808,Corrugated Paper,P - 6,"Wood, paper and textiles",Production,1699001.997227,9138378.741575,9138378.741575,0.08543,0.284448,0,0,0,0,0,,0.159326,0.227639,9823590.223379,16.100297,16.027994,-0.072304,-0.591817,0.209302
VN,Viet Nam,P - 4809,Carbon Paper,P - 6,"Wood, paper and textiles",Production,123598.564202,43554.052585,43554.052585,0.010333,0.012536,0,0,0,0,0,,0.141205,0.203649,4950449.079517,15.414989,10.681781,-4.733208,0.025556,0.109719
VN,Viet Nam,P - 4810,Coated Paper,P - 6,"Wood, paper and textiles",Production,4081241.789384,27922672.813991,27922672.813991,0.013247,0.05968,0,0,0,0,0,,0.139059,0.199571,92166278.08581,18.339105,17.14495,-1.194155,1.957468,0.135129
VN,Viet Nam,P - 4811,Other Coated Paper,P - 6,"Wood, paper and textiles",Production,36234536.423608,135219177.671286,135219177.671286,0.195824,0.314856,0,0,0,0,0,,0.148106,0.218882,92622961.042748,18.344048,18.722408,0.37836,1.417656,0.172696
VN,Viet Nam,P - 4813,Cigarette Paper,P - 6,"Wood, paper and textiles",Production,17161752.70391,17760833.947885,17760833.947885,0.434492,0.431373,0,0,0,0,0,,0.148368,0.220519,11639855.479459,16.269946,16.692506,0.422561,0.213906,0.183437
VN,Viet Nam,P - 4814,Wallpaper,P - 6,"Wood, paper and textiles",Production,3236356.677731,1263817.483959,1263817.483959,0.11893,0.066111,0,0,0,0,0,,0.137632,0.190472,6261504.764092,15.649931,14.049648,-1.600283,1.704934,0.125263
VN,Viet Nam,P - 4817,Paper Stationery,P - 6,"Wood, paper and textiles",Production,1329830.227363,5935209.827039,5935209.827039,0.109097,0.318095,0,0,0,0,0,,0.160331,0.225722,5364340.739338,15.495284,15.596413,0.101129,0.260514,0.185382
VN,Viet Nam,P - 4818,Sanitary Paper Products,P - 6,"Wood, paper and textiles",Production,78991230.904261,170999251.830558,170999251.830558,0.235619,0.294541,0,0,0,0,0,,0.165881,0.233491,155855842.413016,18.864442,18.95717,0.092728,-0.981185,0.245505
VN,Viet Nam,P - 4819,Paper Packaging,P - 6,"Wood, paper and textiles",Production,140213173.122048,349817810.851571,349817810.851571,0.389303,0.483191,0,0,0,0,0,,0.17684,0.240393,161778986.395187,18.901742,19.672923,0.771181,-1.541671,0.272158
VN,Viet Nam,P - 4820,Paper Books and Albums,P - 6,"Wood, paper and textiles",Production,100778139.273758,196885155.421695,196885155.421695,0.691352,0.747246,1,1,1,1,,0,0.180404,0.269563,40074758.028708,17.506257,19.098131,1.591874,-1.77583,0.218772
VN,Viet Nam,P - 4821,Paper Labels,P - 6,"Wood, paper and textiles",Production,22249648.267423,46117279.93616,46117279.93616,0.34081,0.461757,0,0,0,0,0,,0.163326,0.224433,24467002.066723,17.012836,17.646698,0.633862,-0.613128,0.245087
VN,Viet Nam,P - 4823,Other Paper Articles,P - 6,"Wood, paper and textiles",Production,41690245.739722,169219852.668323,169219852.668323,0.264175,0.498052,0,0,0,0,0,,0.157022,0.225402,65144053.009895,17.992112,18.946709,0.954598,0.240784,0.20253
VN,Viet Nam,P - 4901,Books and Brochures,P - 6,"Wood, paper and textiles",Production,1803407.883883,59575439.657267,59575439.657267,0.011642,0.170944,0,0,0,0,0,,0.155102,0.221807,60516473.231825,17.918426,17.902754,-0.015672,0.320195,0.226813
VN,Viet Nam,P - 4902,Newspapers and Periodicals,P - 6,"Wood, paper and textiles",Production,88888.402684,121606.21889,121606.21889,0.001683,0.028158,0,0,0,0,0,,0.151401,0.212717,9312891.53707,16.04691,11.708552,-4.338359,1.669491,0.156203
VN,Viet Nam,P - 4907,Stamps and Securities,P - 6,"Wood, paper and textiles",Production,120899.412563,1286311.346738,1286311.346738,0.004986,0.013974,0,0,0,0,0,,0.091434,0.119917,3703908.597989,15.124899,14.06729,-1.057609,-3.451408,0.200024
VN,Viet Nam,P - 4908,Transfers,P - 6,"Wood, paper and textiles",Production,9318762.99854,11764367.928214,11764367.928214,0.473576,0.574377,0,1,1,0,1,,0.142507,0.210396,4622698.425494,15.346489,16.280586,0.934097,0.89957,0.141515
VN,Viet Nam,P - 4909,Greeting Cards,P - 6,"Wood, paper and textiles",Production,1888888.053653,34552705.336689,34552705.336689,0.135417,0.765227,0,1,1,0,1,,0.128792,0.198096,3654815.775449,15.111557,17.357996,2.24644,1.802695,0.100733
VN,Viet Nam,P - 4911,Other Printed Matter,P - 6,"Wood, paper and textiles",Production,2538443.432842,19821431.747889,19821431.747889,0.020493,0.145705,0,0,0,0,0,,0.157442,0.222312,45677401.317712,17.637114,16.802274,-0.83484,0.635884,0.221105
VN,Viet Nam,P - 5007,Silk Fabrics,P - 6,"Wood, paper and textiles",Production,12576647.468193,10422673.295643,10422673.295643,0.385077,0.454525,0,0,0,0,0,,0.143886,0.219995,6007715.80085,15.608555,16.159494,0.550939,-0.051898,0.092805
VN,Viet Nam,P - 5101,Raw Wool,P - 6,"Wood, paper and textiles",Production,58863.242447,0.0,0.0,0.001379,1.8e-05,0,0,0,0,0,,0.113976,0.122294,3429812.543571,15.048016,0.0,-15.048016,-1.892595,0.096499
VN,Viet Nam,P - 5105,Processed Wool,P - 6,"Wood, paper and textiles",Production,19621.080816,872.634947,872.634947,0.000853,0.001457,0,0,0,0,0,,0.111245,0.132269,3136590.860911,14.958647,6.772663,-8.185985,-1.097972,0.085605
VN,Viet Nam,P - 5107,Combed Wool Yarn,P - 6,"Wood, paper and textiles",Production,2000139.95119,22097624.357248,22097624.357248,0.115548,0.575081,0,1,1,0,1,,0.153196,0.214145,6585640.761398,15.700402,16.910981,1.210578,1.377595,0.112279
VN,Viet Nam,P - 5111,Carded Wool Fabrics,P - 6,"Wood, paper and textiles",Production,426863.76199,165636.254173,165636.254173,0.032389,0.041269,0,0,0,0,0,,0.146415,0.209302,4217479.919457,15.254749,12.017555,-3.237193,2.067764,0.128291
VN,Viet Nam,P - 5112,Combed Wool Fabrics,P - 6,"Wood, paper and textiles",Production,2032062.32591,83915.259028,83915.259028,0.070223,0.020731,0,0,0,0,0,,0.143816,0.201609,8699404.047349,15.978765,11.337575,-4.641191,1.708021,0.132829
VN,Viet Nam,P - 5201,Raw Cotton,P - 6,"Wood, paper and textiles",Production,217203.623581,428399.149694,428399.149694,0.001124,0.072816,0,0,0,0,0,,0.116416,0.113621,3965006.895602,15.193018,12.967813,-2.225205,-8.843647,0.144404
VN,Viet Nam,P - 5205,Cotton Yarn High Content,P - 6,"Wood, paper and textiles",Production,956026990.798876,1646684998.904269,1646684998.904269,0.861245,0.923326,1,1,1,1,,0,0.568176,0.672296,381613579.467909,19.759919,21.22203,1.462111,-4.522469,0.130241
VN,Viet Nam,P - 5208,Light Cotton Fabrics,P - 6,"Wood, paper and textiles",Production,11333055.030177,91879620.719081,91879620.719081,0.06315,0.431373,0,0,0,0,0,,0.252174,0.313743,116747224.016469,18.575522,18.33599,-0.239532,-2.205243,0.15935
VN,Viet Nam,P - 5209,Heavy Cotton Fabrics,P - 6,"Wood, paper and textiles",Production,27094500.948038,82672109.170839,82672109.170839,0.237919,0.586323,0,1,1,0,1,,0.334116,0.557931,157035839.434403,18.871985,18.230393,-0.641592,-2.24573,0.150626
VN,Viet Nam,P - 5210,Cotton Blend Light Fabrics,P - 6,"Wood, paper and textiles",Production,10203702.760785,10275102.302338,10275102.302338,0.272215,0.45346,0,0,0,0,0,,0.205352,0.301252,18276139.043507,16.721107,16.145234,-0.575873,-0.971441,0.117416
VN,Viet Nam,P - 5211,Cotton Blend Heavy Fabrics,P - 6,"Wood, paper and textiles",Production,3042265.727137,20322027.331722,20322027.331722,0.092085,0.44054,0,0,0,0,0,,0.175475,0.284226,31827979.930215,17.275856,16.827216,-0.44864,-0.903119,0.118789
VN,Viet Nam,P - 5309,Flax Fabrics,P - 6,"Wood, paper and textiles",Production,61798.754511,1857772.739538,1857772.739538,0.005787,0.091809,0,0,0,0,0,,0.147235,0.210207,10121396.654762,16.130162,14.434889,-1.695273,1.682114,0.115134
VN,Viet Nam,P - 5401,Man-Made Thread,P - 6,"Wood, paper and textiles",Production,21373556.193408,18726177.566346,18726177.566346,0.639424,0.628727,1,1,1,0,,0,0.185881,0.258317,9211707.001178,16.035986,16.745433,0.709447,-0.798221,0.176263
VN,Viet Nam,P - 5402,Synthetic Filament Yarn,P - 6,"Wood, paper and textiles",Production,480552438.460232,570386991.076134,570386991.076134,0.738692,0.763211,1,1,1,1,,0,0.161809,0.22385,90102456.41534,18.316458,20.161826,1.845368,0.629287,0.166025
VN,Viet Nam,P - 5403,Artificial Filament Yarn,P - 6,"Wood, paper and textiles",Production,4224789.595527,1388567.47861,1388567.47861,0.242533,0.097989,0,0,0,0,0,,0.157375,0.195392,7220619.085783,15.792451,14.143784,-1.648667,2.083022,0.082828
VN,Viet Nam,P - 5404,Synthetic Monofilament,P - 6,"Wood, paper and textiles",Production,1943143.322993,37691706.549304,37691706.549304,0.13834,0.713563,0,1,1,1,1,,0.151399,0.217626,7031955.120024,15.765975,17.444951,1.678975,1.147776,0.132309
VN,Viet Nam,P - 5407,Synthetic Filament Fabrics,P - 6,"Wood, paper and textiles",Production,288807699.576404,211638748.67342,211638748.67342,0.534723,0.42779,1,0,0,0,,1,0.179608,0.242511,208863248.405025,19.15719,19.170391,0.013201,-0.394279,0.135142
VN,Viet Nam,P - 5408,Artificial Filament Fabrics,P - 6,"Wood, paper and textiles",Production,5780985.57848,1081871.870728,1081871.870728,0.279853,0.061873,0,0,0,0,0,,0.152529,0.204234,5961437.385273,15.600822,13.894204,-1.706618,1.052,0.130446
VN,Viet Nam,P - 5501,Synthetic Filament Tow,P - 6,"Wood, paper and textiles",Production,761531.130528,29003.048856,29003.048856,0.055144,0.010324,0,0,0,0,0,,0.141794,0.193464,4138900.362629,15.235941,10.275191,-4.96075,0.520584,0.091096
VN,Viet Nam,P - 5502,Artificial Filament Tow,P - 6,"Wood, paper and textiles",Production,491361.66814,639692.94013,639692.94013,0.016619,0.037701,0,0,0,0,0,,0.106288,0.173877,9689648.119557,16.086569,13.368745,-2.717824,1.348376,0.081975
VN,Viet Nam,P - 5503,Raw Synthetic Staple Fiber,P - 6,"Wood, paper and textiles",Production,111329108.257876,145481831.635733,145481831.635733,0.596676,0.656565,1,1,1,1,,0,0.150508,0.220827,32137267.382213,17.285527,18.795562,1.510035,0.483235,0.13602
VN,Viet Nam,P - 5504,Raw Artificial Staple Fiber,P - 6,"Wood, paper and textiles",Production,1671853.258947,174059.18512,174059.18512,0.068002,0.008238,0,0,0,0,0,,0.132618,0.212381,18106588.58175,16.711786,12.067156,-4.64463,0.901059,0.058372
VN,Viet Nam,P - 5509,Synthetic Staple Yarn,P - 6,"Wood, paper and textiles",Production,404974991.774334,198594074.795297,198594074.795297,0.866574,0.784574,1,1,1,1,,0,0.24513,0.411651,84853658.705435,18.256439,19.106773,0.850335,-1.289711,0.161517
VN,Viet Nam,P - 5510,Artificial Staple Yarn,P - 6,"Wood, paper and textiles",Production,64142330.380067,28903133.381245,28903133.381245,0.793561,0.587002,1,1,1,0,,0,0.212022,0.294875,12137591.00226,16.311818,17.179461,0.867643,-0.479314,0.104199
VN,Viet Nam,P - 5512,Synthetic Staple Fabrics,P - 6,"Wood, paper and textiles",Production,11091305.798533,7803403.479881,7803403.479881,0.25857,0.222914,0,0,0,0,0,,0.155455,0.212971,14429956.7356,16.484817,15.870071,-0.614746,0.218227,0.150111
VN,Viet Nam,P - 5513,Synthetic-Cotton Light Blends,P - 6,"Wood, paper and textiles",Production,4464817.827826,15202259.286729,15202259.286729,0.113169,0.336312,0,0,0,0,0,,0.321305,0.471334,37471424.024377,17.439089,16.536955,-0.902135,-2.48928,0.116888
VN,Viet Nam,P - 5514,Synthetic-Cotton Heavy Blends,P - 6,"Wood, paper and textiles",Production,13839410.424965,6998607.517054,6998607.517054,0.391295,0.413359,0,0,0,0,0,,0.159897,0.227019,12190710.355632,16.316185,15.761222,-0.554963,-0.746589,0.159643
VN,Viet Nam,P - 5515,Other Synthetic Fabrics,P - 6,"Wood, paper and textiles",Production,28278566.435093,30345581.77418,30345581.77418,0.399395,0.37284,0,0,0,0,0,,0.189962,0.234533,27040354.120214,17.112841,17.228162,0.115321,-0.133505,0.138139
VN,Viet Nam,P - 5516,Artificial Staple Fabrics,P - 6,"Wood, paper and textiles",Production,2444455.342953,950954.54699,950954.54699,0.0685,0.026283,0,0,0,0,0,,0.160441,0.21721,25722032.079176,17.062859,13.765223,-3.297636,0.584914,0.095886
VN,Viet Nam,P - 5601,Textile Wadding,P - 6,"Wood, paper and textiles",Production,8287545.678279,22873899.796634,22873899.796634,0.269837,0.404762,0,0,0,0,0,,0.159303,0.225261,15970105.90042,16.586229,16.945507,0.359278,-0.092443,0.201022
VN,Viet Nam,P - 5602,Felt,P - 6,"Wood, paper and textiles",Production,586051.453041,5369353.089621,5369353.089621,0.043039,0.22466,0,0,0,0,0,,0.154702,0.216649,6449739.981611,15.679551,15.496218,-0.183332,1.104347,0.15319
VN,Viet Nam,P - 5603,Nonwoven Fabrics,P - 6,"Wood, paper and textiles",Production,29314624.923344,83674831.334401,83674831.334401,0.179073,0.341126,0,0,0,0,0,,0.146481,0.216409,72050016.294207,18.092871,18.242449,0.149578,1.415989,0.163093
VN,Viet Nam,P - 5607,Twine and Rope,P - 6,"Wood, paper and textiles",Production,33682181.491467,54054580.129762,54054580.129762,0.582321,0.661356,1,1,1,1,,0,0.17146,0.237847,16659612.746199,16.628498,17.805505,1.177007,-1.864126,0.220899
VN,Viet Nam,P - 5608,Netting,P - 6,"Wood, paper and textiles",Production,128157230.835649,79705491.389823,79705491.389823,0.88733,0.796927,1,1,1,1,,0,0.176375,0.253085,13544618.614778,16.4215,18.193849,1.772349,-0.891065,0.199957
VN,Viet Nam,P - 5701,Knotted Carpets,P - 6,"Wood, paper and textiles",Production,350563.662298,364048.251683,364048.251683,0.019392,0.023016,0,0,0,0,0,,0.219319,0.217214,2825743.797859,14.854283,12.805044,-2.049238,-2.112616,0.150364
VN,Viet Nam,P - 5702,Woven Carpets,P - 6,"Wood, paper and textiles",Production,29976651.480493,15767087.999658,15767087.999658,0.368613,0.222937,0,0,0,0,0,,0.163012,0.240761,31297460.827437,17.259048,16.573435,-0.685612,-1.187903,0.153831
VN,Viet Nam,P - 5703,Tufted Carpets,P - 6,"Wood, paper and textiles",Production,4098601.618455,198521337.769125,198521337.769125,0.05678,0.750771,0,1,1,1,1,,0.149419,0.220221,32518419.527756,17.297317,19.106407,1.80909,0.900828,0.144488
VN,Viet Nam,P - 5705,Other Carpets,P - 6,"Wood, paper and textiles",Production,603052.520752,7737836.454253,7737836.454253,0.032415,0.224418,0,0,0,0,0,,0.151167,0.252697,18165394.388999,16.715029,15.861633,-0.853396,-0.886163,0.121876
VN,Viet Nam,P - 5801,Pile Fabrics,P - 6,"Wood, paper and textiles",Production,3440977.274222,2275050.087315,2275050.087315,0.102996,0.13821,0,0,0,0,0,,0.148087,0.204013,10001072.387597,16.118203,14.637513,-1.48069,1.886374,0.114882
VN,Viet Nam,P - 5804,Net Fabrics and Lace,P - 6,"Wood, paper and textiles",Production,3148099.272967,6442618.833313,6442618.833313,0.181127,0.33775,0,0,0,0,0,,0.197243,0.338355,16772948.245146,16.635278,15.678446,-0.956832,-0.965386,0.103516
VN,Viet Nam,P - 5806,Narrow Fabrics,P - 6,"Wood, paper and textiles",Production,32070584.313185,62342934.738084,62342934.738084,0.49958,0.606193,0,1,1,0,1,,0.16639,0.227128,22676374.292755,16.936834,17.948161,1.011327,-0.041605,0.170449
VN,Viet Nam,P - 5807,Textile Labels,P - 6,"Wood, paper and textiles",Production,10042898.533257,16969114.423829,16969114.423829,0.514991,0.655281,1,1,1,0,,0,0.173199,0.243051,5815844.437913,15.576097,16.646906,1.070809,-0.882935,0.182561
VN,Viet Nam,P - 5810,Embroidery,P - 6,"Wood, paper and textiles",Production,6243285.466151,4589677.072812,4589677.072812,0.217945,0.17262,0,0,0,0,0,,0.200082,0.286112,19328910.613812,16.777113,15.33932,-1.437792,-1.181587,0.112032
VN,Viet Nam,P - 5902,Tire Cord Fabrics,P - 6,"Wood, paper and textiles",Production,361104594.405821,433327906.373295,433327906.373295,0.923767,0.937088,1,1,1,1,,0,0.153399,0.22424,14907107.394425,16.517349,19.887005,3.369657,1.987289,0.080959
VN,Viet Nam,P - 5903,Plastic-Coated Fabrics,P - 6,"Wood, paper and textiles",Production,48353752.606813,68026218.863307,68026218.863307,0.287659,0.355425,0,0,0,0,0,,0.147379,0.210227,62097999.806153,17.944224,18.035404,0.091179,1.70111,0.134464
VN,Viet Nam,P - 5906,Rubberized Fabrics,P - 6,"Wood, paper and textiles",Production,866313.716611,9422428.368496,9422428.368496,0.057594,0.396764,0,0,0,0,0,,0.148068,0.213715,7411479.675665,15.818541,16.058604,0.240063,1.793765,0.139086
VN,Viet Nam,P - 5911,Technical Textiles,P - 6,"Wood, paper and textiles",Production,10811965.762692,18134831.219372,18134831.219372,0.187293,0.205855,0,0,0,0,0,,0.149892,0.217296,24491769.004982,17.013848,16.713345,-0.300503,1.808235,0.17274
VN,Viet Nam,P - 6001,Knitted Pile Fabrics,P - 6,"Wood, paper and textiles",Production,12200538.941928,26211569.808422,26211569.808422,0.223998,0.571305,0,1,1,0,1,,0.180435,0.352364,82909438.155261,18.233259,17.081712,-1.151548,-0.111204,0.101784
VN,Viet Nam,P - 6002,Narrow Elastic Knits,P - 6,"Wood, paper and textiles",Production,249366933.987808,759918103.398846,759918103.398846,0.508503,0.693117,1,1,1,0,,0,0.189003,0.302127,306355406.778188,19.540256,20.448721,0.908465,-1.183352,0.165663
VN,Viet Nam,P - 6101,Men's Knit Coats,P - 6,"Wood, paper and textiles",Production,155341497.041341,259511503.507422,259511503.507422,0.8909,0.889944,1,1,1,1,,0,0.351901,0.346419,37705290.70112,17.445311,19.374312,1.929001,-2.442634,0.243198
VN,Viet Nam,P - 6102,Women's Knit Coats,P - 6,"Wood, paper and textiles",Production,218569559.973215,338002449.80097,338002449.80097,0.906513,0.872969,1,1,1,1,,0,0.331552,0.358731,54148004.262663,17.807232,19.638564,1.831332,-2.524113,0.231745
VN,Viet Nam,P - 6103,Men's Knit Suits,P - 6,"Wood, paper and textiles",Production,334906027.145331,732212062.414935,732212062.414935,0.660896,0.822488,1,1,1,1,,0,0.665996,0.532904,381462033.584952,19.759522,20.411581,0.652059,-3.051147,0.227279
VN,Viet Nam,P - 6104,Women's Knit Suits,P - 6,"Wood, paper and textiles",Production,1336448355.138632,1880582762.78329,1880582762.78329,0.748043,0.823897,1,1,1,1,,0,0.468107,0.403448,606785282.438438,20.223686,21.354848,1.131162,-2.266974,0.216647
VN,Viet Nam,P - 6105,Men's Knit Shirts,P - 6,"Wood, paper and textiles",Production,450835210.484234,769429238.749102,769429238.749102,0.841345,0.861382,1,1,1,1,,0,0.548568,0.562782,267710207.912538,19.405416,20.46116,1.055744,-3.234612,0.225906
VN,Viet Nam,P - 6106,Women's Knit Blouses,P - 6,"Wood, paper and textiles",Production,249173239.78507,375509181.458838,375509181.458838,0.816379,0.867727,1,1,1,1,,0,0.388597,0.443023,71105279.565538,18.079672,19.743793,1.664121,-2.811608,0.255441
VN,Viet Nam,P - 6107,Men's Knit Underwear,P - 6,"Wood, paper and textiles",Production,369807394.750573,446857514.205226,446857514.205226,0.853406,0.82006,1,1,1,1,,0,0.392649,0.491786,182564726.166611,19.022615,19.91775,0.895135,-2.789603,0.208534
VN,Viet Nam,P - 6108,Women's Knit Underwear,P - 6,"Wood, paper and textiles",Production,306484918.491081,622079986.319032,622079986.319032,0.726241,0.790109,1,1,1,1,,0,0.352521,0.433179,256813095.159137,19.363859,20.248579,0.88472,-2.55385,0.187412
VN,Viet Nam,P - 6109,Knit T-Shirts and Vests,P - 6,"Wood, paper and textiles",Production,1357890122.41826,1766598294.546836,1766598294.546836,0.763466,0.75883,1,1,1,1,,0,0.452331,0.446072,937952386.601995,20.65921,21.292322,0.633112,-2.607722,0.247149
VN,Viet Nam,P - 6110,Knit Sweaters,P - 6,"Wood, paper and textiles",Production,1943301861.747917,2995630446.030895,2995630446.030895,0.807284,0.805822,1,1,1,1,,0,0.378501,0.409328,1023616702.41462,20.746608,21.820421,1.073813,-2.747384,0.217477
VN,Viet Nam,P - 6111,Babies' Knit Clothing,P - 6,"Wood, paper and textiles",Production,109659927.771056,221464039.965192,221464039.965192,0.643484,0.755788,1,1,1,1,,0,0.369231,0.450522,142563333.351441,18.775297,19.215771,0.440474,-2.751278,0.181473
VN,Viet Nam,P - 6112,Knit Sportswear,P - 6,"Wood, paper and textiles",Production,122071383.571332,345751888.129037,345751888.129037,0.741943,0.848219,1,1,1,1,,0,0.192184,0.269488,42449250.225592,17.56382,19.661232,2.097412,-1.639412,0.201473
VN,Viet Nam,P - 6114,Other Knit Garments,P - 6,"Wood, paper and textiles",Production,347768785.742433,412934924.088081,412934924.088081,0.854087,0.762745,1,1,1,1,,0,0.401977,0.404257,176546997.460448,18.989098,19.838801,0.849703,-2.414798,0.201591
VN,Viet Nam,P - 6115,Knit Hosiery,P - 6,"Wood, paper and textiles",Production,95812820.859752,253952145.812284,253952145.812284,0.404586,0.555219,0,1,1,0,1,,0.200959,0.295841,137524982.769932,18.739316,19.352656,0.61334,-1.836,0.202012
VN,Viet Nam,P - 6116,Knit Gloves,P - 6,"Wood, paper and textiles",Production,86873879.567547,241858542.614386,241858542.614386,0.679825,0.783813,1,1,1,1,,0,0.18107,0.250259,42517688.172137,17.565431,19.303864,1.738433,-1.37157,0.141244
VN,Viet Nam,P - 6117,Knit Accessories,P - 6,"Wood, paper and textiles",Production,10403789.246802,28016191.964475,28016191.964475,0.256897,0.459544,0,0,0,0,0,,0.178075,0.257982,26296773.582609,17.084957,17.148293,0.063336,-1.769773,0.180926
VN,Viet Nam,P - 6201,Men's Woven Coats,P - 6,"Wood, paper and textiles",Production,1003119046.181191,1516410159.393539,1516410159.393539,0.884463,0.87862,1,1,1,1,,0,0.256465,0.277182,157792972.733999,18.876794,21.139612,2.262817,-1.518291,0.196977
VN,Viet Nam,P - 6202,Women's Woven Coats,P - 6,"Wood, paper and textiles",Production,866983299.315951,1519514491.56394,1519514491.56394,0.849467,0.848769,1,1,1,1,,0,0.212899,0.236373,134956971.776866,18.720467,21.141657,2.42119,-1.310379,0.177068
VN,Viet Nam,P - 6203,Men's Woven Suits,P - 6,"Wood, paper and textiles",Production,1989521814.693569,2165022564.662516,2165022564.662516,0.818434,0.804658,1,1,1,1,,0,0.385343,0.452746,965973611.31418,20.688647,21.495697,0.80705,-2.82944,0.238226
VN,Viet Nam,P - 6204,Women's Woven Suits,P - 6,"Wood, paper and textiles",Production,2362618349.414459,2566059880.016092,2566059880.016092,0.812447,0.763074,1,1,1,1,,0,0.345891,0.386602,1102053415.30401,20.820441,21.665637,0.845196,-2.305346,0.220706
VN,Viet Nam,P - 6205,Men's Woven Shirts,P - 6,"Wood, paper and textiles",Production,676450595.587863,727137700.82942,727137700.82942,0.821314,0.836111,1,1,1,1,,0,0.478882,0.560456,363775302.848142,19.712047,20.404626,0.692579,-2.961622,0.231754
VN,Viet Nam,P - 6206,Women's Woven Blouses,P - 6,"Wood, paper and textiles",Production,388469729.095653,386222075.799687,386222075.799687,0.754473,0.762384,1,1,1,1,,0,0.366894,0.378574,160535561.875833,18.894026,19.771923,0.877897,-2.254512,0.230581
VN,Viet Nam,P - 6207,Men's Woven Underwear,P - 6,"Wood, paper and textiles",Production,63276426.073477,66607557.337697,66607557.337697,0.812028,0.819726,1,1,1,1,,0,0.433102,0.47721,28286773.377992,17.157905,18.014329,0.856424,-2.595245,0.218379
VN,Viet Nam,P - 6208,Women's Woven Underwear,P - 6,"Wood, paper and textiles",Production,46955876.956565,78740024.277569,78740024.277569,0.656023,0.732095,1,1,1,1,,0,0.423466,0.416573,47789421.949511,17.682315,18.181662,0.499347,-2.216656,0.194604
VN,Viet Nam,P - 6209,Babies' Woven Clothing,P - 6,"Wood, paper and textiles",Production,57686910.377307,71607567.481496,71607567.481496,0.713939,0.751025,1,1,1,1,,0,0.329351,0.386185,30940943.763393,17.247591,18.086711,0.83912,-2.493091,0.196661
VN,Viet Nam,P - 6210,Coated Fabric Garments,P - 6,"Wood, paper and textiles",Production,462456611.515552,1148033936.884344,1148033936.884344,0.792244,0.876303,1,1,1,1,,0,0.220471,0.272475,91570887.801051,18.332624,20.861317,2.528693,-2.161379,0.215527
VN,Viet Nam,P - 6211,Woven Sportswear,P - 6,"Wood, paper and textiles",Production,394822244.733563,943551069.57134,943551069.57134,0.776801,0.829523,1,1,1,1,,0,0.375636,0.432233,271939953.279806,19.421092,20.665161,1.244069,-2.484835,0.243052
VN,Viet Nam,P - 6212,Foundation Garments,P - 6,"Wood, paper and textiles",Production,178844278.688579,851031562.901962,851031562.901962,0.656376,0.857171,1,1,1,1,,0,0.217414,0.324496,129598254.516137,18.67995,20.56196,1.88201,-1.841207,0.190662
VN,Viet Nam,P - 6214,Scarves and Shawls,P - 6,"Wood, paper and textiles",Production,3641536.481089,4062346.309578,4062346.309578,0.064905,0.157664,0,0,0,0,0,,0.164018,0.216108,20285860.754464,16.825435,15.217272,-1.608163,-1.446812,0.135253
VN,Viet Nam,P - 6215,Neckties,P - 6,"Wood, paper and textiles",Production,8646566.612034,2256373.08236,2256373.08236,0.451056,0.270848,0,0,0,0,0,,0.150302,0.203029,2099559.710857,14.557239,14.62927,0.072031,0.912492,0.113008
VN,Viet Nam,P - 6217,Other Clothing Accessories,P - 6,"Wood, paper and textiles",Production,13378429.51288,23461530.697905,23461530.697905,0.360894,0.416447,0,0,0,0,0,,0.167363,0.283794,26668206.031086,17.098983,16.970873,-0.12811,-1.889017,0.209449
VN,Viet Nam,P - 6301,Blankets and Rugs,P - 6,"Wood, paper and textiles",Production,26770828.559985,55738700.968344,55738700.968344,0.34664,0.435239,0,0,0,0,0,,0.276422,0.277894,50327518.335971,17.734063,17.836185,0.102123,-1.775695,0.129359
VN,Viet Nam,P - 6302,Bed and Table Linens,P - 6,"Wood, paper and textiles",Production,208278892.403741,249321193.188258,249321193.188258,0.494259,0.485868,0,0,0,0,0,,0.261315,0.328353,259284591.743535,19.373437,19.334253,-0.039184,-1.874824,0.161664
VN,Viet Nam,P - 6303,Curtains and Blinds,P - 6,"Wood, paper and textiles",Production,173142447.472959,73007149.625024,73007149.625024,0.788987,0.539792,1,1,1,0,,0,0.174873,0.231862,30682264.395784,17.239195,18.106068,0.866873,-0.019827,0.145837
VN,Viet Nam,P - 6304,Furnishing Textiles,P - 6,"Wood, paper and textiles",Production,129474737.610318,102975381.802835,102975381.802835,0.671021,0.63564,1,1,1,1,,0,0.226878,0.383511,85417631.28028,18.263063,18.450001,0.186937,-1.817388,0.158398
VN,Viet Nam,P - 6305,Textile Sacks and Bags,P - 6,"Wood, paper and textiles",Production,254830621.523446,366544397.36944,366544397.36944,0.828074,0.85322,1,1,1,1,,0,0.55019,0.547151,149162699.518535,18.820548,19.71963,0.899082,-4.319882,0.259766
VN,Viet Nam,P - 6306,Tarpaulins and Tents,P - 6,"Wood, paper and textiles",Production,60475326.063185,143822115.951281,143822115.951281,0.600696,0.646572,1,1,1,0,,0,0.172591,0.232584,41285044.585424,17.536011,18.784088,1.248077,-1.097717,0.192346
VN,Viet Nam,P - 6307,Other Textile Articles,P - 6,"Wood, paper and textiles",Production,338612365.424545,492176926.098556,492176926.098556,0.741703,0.680753,1,1,1,0,,0,0.171085,0.244203,106642279.143606,18.484991,20.014349,1.529358,-1.143433,0.202754
VN,Viet Nam,P - 6309,Used Clothing,P - 6,"Wood, paper and textiles",Production,415171.307217,896397.279243,896397.279243,0.009923,0.016152,0,0,0,0,0,,0.137959,0.201654,19377426.150256,16.779619,13.70614,-3.073479,-1.359812,0.239184
VN,Viet Nam,P - 6402,Rubber and Plastic Footwear,P - 7,Construction materials and precious goods,Production,1651005302.917982,3933897482.820226,3933897482.820226,0.83235,0.864635,1,1,1,1,,0,0.270768,0.299138,474871635.422064,19.978555,22.092896,2.114341,-1.47919,0.154732
VN,Viet Nam,P - 6403,Leather Footwear,P - 7,Construction materials and precious goods,Production,3466857454.493306,6548286478.758947,6548286478.758947,0.871359,0.900104,1,1,1,1,,0,0.193416,0.245473,351278317.134368,19.677089,22.602469,2.92538,-0.810672,0.195224
VN,Viet Nam,P - 6404,Textile Footwear,P - 7,Construction materials and precious goods,Production,2683018973.154295,8553455640.448511,8553455640.448511,0.928963,0.940994,1,1,1,1,,0,0.192205,0.227539,237169116.826352,19.284284,22.869601,3.585317,-0.4323,0.163263
VN,Viet Nam,P - 6405,Other Footwear,P - 7,Construction materials and precious goods,Production,150736264.238184,142270744.397337,142270744.397337,0.703752,0.780102,1,1,1,1,,0,0.274368,0.305819,32521492.785592,17.297412,18.773242,1.475831,-2.234958,0.241123
VN,Viet Nam,P - 6406,Footwear Parts,P - 7,Construction materials and precious goods,Production,307922097.503428,545617065.724235,545617065.724235,0.789677,0.833799,1,1,1,1,,0,0.224908,0.299535,86660567.874229,18.27751,20.117428,1.839918,-1.098759,0.166483
VN,Viet Nam,P - 6505,Textile and Knit Headwear,P - 7,Construction materials and precious goods,Production,171039671.172758,542198122.893451,542198122.893451,0.796565,0.840141,1,1,1,1,,0,0.186788,0.261413,65760676.433999,18.001533,20.111142,2.109609,-1.427125,0.181219
VN,Viet Nam,P - 6506,Other Headgear,P - 7,Construction materials and precious goods,Production,25694807.221843,111782443.054881,111782443.054881,0.476733,0.649628,0,1,1,0,1,,0.154238,0.219637,22814399.01016,16.942902,18.532065,1.589163,0.743272,0.176264
VN,Viet Nam,P - 6601,Umbrellas,P - 7,Construction materials and precious goods,Production,6360577.216691,7841634.213937,7841634.213937,0.166881,0.159044,0,0,0,0,0,,0.171234,0.208371,17928204.852045,16.701886,15.874958,-0.826928,0.357439,0.104389
VN,Viet Nam,P - 6702,Artificial Flowers,P - 7,Construction materials and precious goods,Production,2101920.548841,10276117.241391,10276117.241391,0.065959,0.081784,0,0,0,0,0,,0.16309,0.23143,38957954.332872,17.477994,16.145333,-1.33266,0.315349,0.050678
VN,Viet Nam,P - 6704,Wigs and Hairpieces,P - 7,Construction materials and precious goods,Production,11173836.738893,46200569.547826,46200569.547826,0.219652,0.37582,0,0,0,0,0,,0.225245,0.37582,0.0,0.0,17.648503,17.648503,-5.565751,0.097211
VN,Viet Nam,P - 6801,Stone Paving,P - 7,Construction materials and precious goods,Production,33622402.352374,27303049.659804,27303049.659804,0.817496,0.791451,1,1,1,1,,0,0.198062,0.235542,2932530.206288,14.891377,17.122509,2.231132,-0.520775,0.152098
VN,Viet Nam,P - 6802,Worked Building Stone,P - 7,Construction materials and precious goods,Production,69578834.35647,87402645.226636,87402645.226636,0.331704,0.368416,0,0,0,0,0,,0.214299,0.309237,119853112.763361,18.601777,18.286036,-0.315741,-2.765581,0.162568
VN,Viet Nam,P - 6804,Millstones and Grindstones,P - 7,Construction materials and precious goods,Production,3960263.238286,24929962.675568,24929962.675568,0.090831,0.228578,0,0,0,0,0,,0.1478,0.211214,22237099.240326,16.917273,17.031581,0.114308,2.017389,0.146387
VN,Viet Nam,P - 6805,Abrasive Materials,P - 7,Construction materials and precious goods,Production,2220476.405583,2937298.228201,2937298.228201,0.053375,0.053797,0,0,0,0,0,,0.148175,0.214428,21030985.60827,16.861507,14.893001,-1.968506,2.183753,0.1561
VN,Viet Nam,P - 6806,Mineral Wool and Insulation,P - 7,Construction materials and precious goods,Production,2447868.851769,5935156.667459,5935156.667459,0.055856,0.066185,0,0,0,0,0,,0.14848,0.217229,23163800.766054,16.958101,15.596404,-1.361697,1.99491,0.176516
VN,Viet Nam,P - 6807,Asphalt Articles,P - 7,Construction materials and precious goods,Production,205344.450293,286719.873502,286719.873502,0.007973,0.006678,0,0,0,0,0,,0.14754,0.213359,9274006.946965,16.042726,12.566264,-3.476462,0.647451,0.171949
VN,Viet Nam,P - 6809,Plaster Articles,P - 7,Construction materials and precious goods,Production,941168.219061,4738083.898278,4738083.898278,0.04254,0.071664,0,0,0,0,0,,0.159538,0.223321,12684307.220434,16.355876,15.371144,-0.984733,-1.002786,0.219624
VN,Viet Nam,P - 6810,Concrete Articles,P - 7,Construction materials and precious goods,Production,105033250.535233,366410598.796481,366410598.796481,0.571315,0.720186,1,1,1,1,,0,0.162235,0.232047,59243678.679563,17.89717,19.719265,1.822095,0.041234,0.193519
VN,Viet Nam,P - 6813,Friction Materials,P - 7,Construction materials and precious goods,Production,527964.823419,2113122.736127,2113122.736127,0.034282,0.100852,0,0,0,0,0,,0.141188,0.197488,5659857.44429,15.548909,14.563678,-0.985232,0.464765,0.155304
VN,Viet Nam,P - 6815,Other Stone Articles,P - 7,Construction materials and precious goods,Production,6755542.873112,26444181.408165,26444181.408165,0.111717,0.201177,0,0,0,0,0,,0.141869,0.211521,39481896.685124,17.491353,17.090547,-0.400806,1.285908,0.1535
VN,Viet Nam,P - 6902,Refractory Ceramics,P - 7,Construction materials and precious goods,Production,2255079.993873,10608456.212691,10608456.212691,0.050557,0.156756,0,0,0,0,0,,0.144063,0.205049,20748836.824202,16.848001,16.177162,-0.670839,1.134626,0.126622
VN,Viet Nam,P - 6903,Industrial Ceramics,P - 7,Construction materials and precious goods,Production,3856488.349549,3836886.717906,3836886.717906,0.160428,0.151837,0,0,0,0,0,,0.140987,0.209705,9862205.501898,16.10422,15.160172,-0.944048,1.368287,0.138636
VN,Viet Nam,P - 6907,Ceramic Tiles,P - 7,Construction materials and precious goods,Production,86237268.087168,178861716.421349,178861716.421349,0.580147,0.405266,1,0,0,0,,1,0.188373,0.357923,232096824.106574,19.262665,19.002124,-0.260542,-3.319467,0.15547
VN,Viet Nam,P - 6909,Technical Ceramics,P - 7,Construction materials and precious goods,Production,4107162.297597,22068299.897394,22068299.897394,0.086367,0.20938,0,0,0,0,0,,0.136919,0.194681,28900444.837895,17.179368,16.909653,-0.269715,2.178481,0.105149
VN,Viet Nam,P - 6910,Ceramic Sanitary Ware,P - 7,Construction materials and precious goods,Production,103737646.141553,131051116.585796,131051116.585796,0.639167,0.517506,1,1,1,0,,0,0.171155,0.245056,62442408.220697,17.949755,18.691098,0.741343,0.257201,0.133836
VN,Viet Nam,P - 6911,Porcelain Tableware,P - 7,Construction materials and precious goods,Production,5382431.253284,5173547.547197,5173547.547197,0.106066,0.051684,0,0,0,0,0,,0.159174,0.21055,44721259.539305,17.61596,15.459069,-2.15689,0.675604,0.103309
VN,Viet Nam,P - 6912,Other Ceramic Tableware,P - 7,Construction materials and precious goods,Production,10452673.647556,10433043.502887,10433043.502887,0.409093,0.207405,0,0,0,0,0,,0.162829,0.222142,10452880.352926,16.162388,16.160489,-0.0019,0.470665,0.183627
VN,Viet Nam,P - 6913,Ornamental Ceramics,P - 7,Construction materials and precious goods,Production,49676639.746692,69693888.038725,69693888.038725,0.572243,0.681663,1,1,1,0,,0,0.193638,0.217156,12556955.767806,16.345785,18.059623,1.713838,0.492299,0.124873
VN,Viet Nam,P - 6914,Other Ceramic Articles,P - 7,Construction materials and precious goods,Production,81524818.396586,53708594.685428,53708594.685428,0.808354,0.714147,1,1,1,0,,0,0.157219,0.219986,11282383.779868,16.238753,17.799084,1.56033,1.002506,0.142845
VN,Viet Nam,P - 7002,Glass Rods and Tubes,P - 7,Construction materials and precious goods,Production,312380.901858,300426.866673,300426.866673,0.016638,0.013375,0,0,0,0,0,,0.126838,0.180797,4971593.48263,15.419251,12.612963,-2.806288,2.955377,0.075769
VN,Viet Nam,P - 7004,Drawn Glass Sheets,P - 7,Construction materials and precious goods,Production,811252.289394,4096.558997,4096.558997,0.050572,0.006421,0,0,0,0,0,,0.117396,0.171392,2897994.736837,14.87953,8.318147,-6.561383,0.147354,0.085567
VN,Viet Nam,P - 7005,Float Glass Sheets,P - 7,Construction materials and precious goods,Production,132698225.307053,79229905.34365,79229905.34365,0.70929,0.452117,1,0,0,0,,1,0.152651,0.223162,29131587.542495,17.187334,18.187864,1.000531,-0.261294,0.172674
VN,Viet Nam,P - 7006,Worked Glass Sheets,P - 7,Construction materials and precious goods,Production,142616146.155235,46063381.029361,46063381.029361,0.857553,0.408071,1,0,0,0,,1,0.146187,0.201641,12637639.212281,16.35219,17.645529,1.293339,2.630273,0.09625
VN,Viet Nam,P - 7007,Safety Glass,P - 7,Construction materials and precious goods,Production,6676692.402228,117138738.516044,117138738.516044,0.064389,0.428511,0,0,0,0,0,,0.153507,0.222582,59164875.834715,17.895839,18.57887,0.683031,1.255354,0.172
VN,Viet Nam,P - 7008,Insulating Glass Units,P - 7,Construction materials and precious goods,Production,2281496.436907,1177061.867695,1177061.867695,0.139206,0.085827,0,0,0,0,0,,0.154715,0.223526,11993239.73687,16.299854,13.978533,-2.321321,1.167538,0.160494
VN,Viet Nam,P - 7009,Glass Mirrors,P - 7,Construction materials and precious goods,Production,50399333.904888,59996697.430805,59996697.430805,0.477703,0.41362,0,0,0,0,0,,0.148869,0.215229,41221401.777316,17.534468,17.9098,0.375332,1.395968,0.128903
VN,Viet Nam,P - 7010,Glass Containers,P - 7,Construction materials and precious goods,Production,8913946.177263,17807074.603845,17807074.603845,0.086712,0.091592,0,0,0,0,0,,0.165921,0.223716,75611385.950568,18.141117,16.695106,-1.446011,-1.303238,0.250074
VN,Viet Nam,P - 7013,Glass Tableware,P - 7,Construction materials and precious goods,Production,25773062.570943,20349734.104672,20349734.104672,0.191146,0.147192,0,0,0,0,0,,0.155101,0.218554,50883745.717163,17.745054,16.828578,-0.916476,1.006233,0.148502
VN,Viet Nam,P - 7018,Glass Beads and Ornaments,P - 7,Construction materials and precious goods,Production,2285652.792774,1533503.39244,1533503.39244,0.115767,0.062522,0,0,0,0,0,,0.141171,0.194046,9789763.641521,16.096848,14.243066,-1.853782,1.217685,0.093273
VN,Viet Nam,P - 7019,Glass Fibers,P - 7,Construction materials and precious goods,Production,8123276.238092,19356974.864189,19356974.864189,0.07227,0.129648,0,0,0,0,0,,0.150912,0.22465,58078379.175615,17.877304,16.778563,-1.098741,0.949268,0.194912
VN,Viet Nam,P - 7020,Other Glass Articles,P - 7,Construction materials and precious goods,Production,331090727.765377,254059710.54157,254059710.54157,0.921757,0.881381,1,1,1,1,,0,0.151776,0.219575,16399764.013386,16.612778,19.35308,2.740302,1.368988,0.150305
VN,Viet Nam,P - 7101,Pearls,P - 7,Construction materials and precious goods,Production,2642968.554891,7920962.210155,7920962.210155,0.119399,0.410453,0,0,0,0,0,,0.102688,0.156249,2902699.47569,14.881152,15.885023,1.003871,-0.392446,0.088618
VN,Viet Nam,P - 7102,Diamonds,P - 7,Construction materials and precious goods,Production,240780164.452935,134344090.840794,134344090.840794,0.154229,0.251523,0,0,0,0,0,,0.086575,0.08165,73983851.63081,18.119357,18.715915,0.596557,-2.648842,0.114868
VN,Viet Nam,P - 7103,Precious and Semi-Precious Stones,P - 7,Construction materials and precious goods,Production,1858844.955348,8014965.521734,8014965.521734,0.024029,0.040045,0,0,0,0,0,,0.086226,0.076842,10970176.572054,16.210691,15.896821,-0.31387,-4.910767,0.136467
VN,Viet Nam,P - 7106,Silver,P - 7,Construction materials and precious goods,Production,4499691.542317,1235726.326356,1235726.326356,0.016796,0.00247,0,0,0,0,0,,0.122727,0.165178,73450496.058008,18.112122,14.02717,-4.084952,-0.07454,0.142432
VN,Viet Nam,P - 7110,Platinum,P - 7,Construction materials and precious goods,Production,605797.045151,279955.521443,279955.521443,0.002257,0.000419,0,0,0,0,0,,0.123083,0.160384,110277758.063432,18.518513,12.54239,-5.976123,2.442793,0.075999
VN,Viet Nam,P - 7112,Precious Metal Scrap,P - 7,Construction materials and precious goods,Production,7803281.153972,55771471.804643,55771471.804643,0.040326,0.150974,0,0,0,0,0,,0.143609,0.202653,75057151.798204,18.13376,17.836773,-0.296987,-1.58249,0.245874
VN,Viet Nam,P - 7113,Precious Metal Jewelry,P - 7,Construction materials and precious goods,Production,192895418.460852,264783482.15027,264783482.15027,0.156935,0.170823,0,0,0,0,0,,0.147988,0.191051,354696632.346591,19.686773,19.394423,-0.29235,0.116419,0.143435
VN,Viet Nam,P - 7115,Other Precious Metal Articles,P - 7,Construction materials and precious goods,Production,2723281.505906,250408.609194,250408.609194,0.016748,0.007512,0,0,0,0,0,,0.105372,0.172105,21626381.45743,16.889425,12.430853,-4.458571,1.297599,0.106237
VN,Viet Nam,P - 7117,Imitation Jewelry,P - 7,Construction materials and precious goods,Production,30060779.964082,85712787.242642,85712787.242642,0.346181,0.419095,0,0,0,0,0,,0.15532,0.212959,41627652.00779,17.544275,18.266513,0.722237,0.430386,0.152022
VN,Viet Nam,P - 7201,Pig Iron,P - 8,Base metals and metal products,Production,154129.155883,6942010.557125,6942010.557125,0.002958,0.300384,0,0,0,0,0,,0.108324,0.176242,12826679.027322,16.367038,15.753102,-0.613936,0.991522,0.094333
VN,Viet Nam,P - 7202,Ferro-Alloys,P - 8,Base metals and metal products,Production,260459568.258551,93074790.375309,93074790.375309,0.509503,0.15974,1,0,0,0,,1,0.13342,0.161,98557894.921499,18.406155,18.348914,-0.057241,-1.836591,0.185498
VN,Viet Nam,P - 7203,Direct Reduced Iron,P - 8,Base metals and metal products,Production,157605.975528,133172800.467777,133172800.467777,0.004703,0.527474,0,1,1,0,1,,0.137324,0.27044,14308736.668232,16.476381,18.707158,2.230777,-2.245326,0.10476
VN,Viet Nam,P - 7204,Iron and Steel Scrap,P - 8,Base metals and metal products,Production,9891354.569522,107224432.734789,107224432.734789,0.024324,0.115573,0,0,0,0,0,,0.103607,0.173469,108114869.22032,18.498705,18.490435,-0.00827,-2.192305,0.374143
VN,Viet Nam,P - 7205,Iron and Steel Granules,P - 8,Base metals and metal products,Production,1064942.998401,582399.998626,582399.998626,0.048911,0.014395,0,0,0,0,0,,0.141362,0.207629,9704951.635334,16.088147,13.274914,-2.813232,1.067552,0.134571
VN,Viet Nam,P - 7206,Iron and Steel Ingots,P - 8,Base metals and metal products,Production,253212.712256,899097.785893,899097.785893,0.01209,0.287945,0,0,0,0,0,,0.140585,0.203559,2494991.140376,14.729796,13.709148,-1.020648,-0.708783,0.145625
VN,Viet Nam,P - 7207,Iron and Steel Semi-Finished,P - 8,Base metals and metal products,Production,172573461.453638,413942280.949155,413942280.949155,0.393978,0.567646,0,1,1,0,1,,0.145679,0.228967,93415111.374148,18.352564,19.841237,1.488673,-0.602551,0.165239
VN,Viet Nam,P - 7208,Hot-Rolled Steel Sheets,P - 8,Base metals and metal products,Production,16355589.549917,1308748790.84667,1308748790.84667,0.034246,0.556787,0,1,1,0,1,,0.14515,0.216304,292859481.149195,19.495203,20.992337,1.497134,1.029645,0.160942
VN,Viet Nam,P - 7209,Cold-Rolled Steel Sheets,P - 8,Base metals and metal products,Production,233211079.548812,142716134.16655,142716134.16655,0.573481,0.501398,1,1,1,0,,0,0.145164,0.210707,60993390.693887,17.926276,18.776368,0.850092,0.362123,0.155806
VN,Viet Nam,P - 7210,Coated Steel Sheets,P - 8,Base metals and metal products,Production,638718006.790668,1154672864.231488,1154672864.231488,0.5728,0.680243,1,1,1,1,,0,0.150283,0.212065,243054962.916847,19.308798,20.867083,1.558285,-0.408695,0.186034
VN,Viet Nam,P - 7211,Narrow Steel Sheets,P - 8,Base metals and metal products,Production,16590511.763928,1737762.943719,1737762.943719,0.260837,0.092934,0,0,0,0,0,,0.145098,0.212409,21631955.93505,16.889682,14.36811,-2.521573,1.053512,0.149663
VN,Viet Nam,P - 7212,Narrow Coated Steel,P - 8,Base metals and metal products,Production,39348416.193975,106553216.981724,106553216.981724,0.488651,0.663933,0,1,1,0,1,,0.152995,0.22153,28425709.802698,17.162805,18.484155,1.321351,1.249441,0.169065
VN,Viet Nam,P - 7213,Hot-Rolled Steel Coils,P - 8,Base metals and metal products,Production,123094031.771006,158589274.709911,158589274.709911,0.491333,0.621071,1,1,1,1,,0,0.150852,0.232468,60348693.788458,17.91565,18.881828,0.966178,-0.919334,0.19869
VN,Viet Nam,P - 7214,Hot-Worked Steel Bars,P - 8,Base metals and metal products,Production,119285194.316243,167995154.09232,167995154.09232,0.345605,0.622496,0,1,1,1,1,,0.176871,0.300979,149023995.539784,18.819618,18.939446,0.119828,-3.090475,0.284088
VN,Viet Nam,P - 7215,Other Steel Bars,P - 8,Base metals and metal products,Production,11631473.784072,10840671.978025,10840671.978025,0.287185,0.36802,0,0,0,0,0,,0.151018,0.212331,11988247.508187,16.299437,16.198816,-0.100622,-0.33966,0.193092
VN,Viet Nam,P - 7216,Steel Sections,P - 8,Base metals and metal products,Production,46188668.955116,93588853.325284,93588853.325284,0.234976,0.351257,0,0,0,0,0,,0.157189,0.224159,79794977.667872,18.194971,18.354422,0.159451,-0.860359,0.209027
VN,Viet Nam,P - 7217,Iron and Steel Wire,P - 8,Base metals and metal products,Production,29412679.67876,98170107.467149,98170107.467149,0.294434,0.512252,0,1,1,0,1,,0.162736,0.235919,44015722.434445,17.600057,18.402212,0.802155,-0.541435,0.181812
VN,Viet Nam,P - 7218,Stainless Steel Primary,P - 8,Base metals and metal products,Production,2492527.254746,6378077.378654,6378077.378654,0.112087,0.088829,0,0,0,0,0,,0.133369,0.187221,19614510.612963,16.79178,15.668377,-1.123403,2.546538,0.079552
VN,Viet Nam,P - 7219,Wide Stainless Steel Sheets,P - 8,Base metals and metal products,Production,177667676.492979,468033255.762873,468033255.762873,0.399282,0.512709,0,1,1,0,1,,0.142083,0.203791,138755499.379456,18.748224,19.96405,1.215826,2.591794,0.103443
VN,Viet Nam,P - 7220,Narrow Stainless Steel,P - 8,Base metals and metal products,Production,19387011.187377,12959274.240062,12959274.240062,0.309762,0.168087,0,0,0,0,0,,0.14082,0.199037,21845613.838329,16.899511,16.377322,-0.522188,2.812763,0.108242
VN,Viet Nam,P - 7221,Stainless Steel Coils,P - 8,Base metals and metal products,Production,304768.829957,850328.369617,850328.369617,0.017964,0.104127,0,0,0,0,0,,0.127854,0.177521,5000058.610207,15.42496,13.653379,-1.771581,3.729765,0.063929
VN,Viet Nam,P - 7222,Stainless Steel Bars,P - 8,Base metals and metal products,Production,10708727.960814,6557364.19506,6557364.19506,0.153721,0.090483,0,0,0,0,0,,0.141826,0.202578,30119119.640123,17.220671,15.696099,-1.524571,2.377033,0.121372
VN,Viet Nam,P - 7223,Stainless Steel Wire,P - 8,Base metals and metal products,Production,10876704.249988,29958183.381565,29958183.381565,0.357742,0.53796,0,1,1,0,1,,0.139199,0.204138,10057068.158599,16.123786,17.215313,1.091527,1.998143,0.121553
VN,Viet Nam,P - 7224,Alloy Steel Primary,P - 8,Base metals and metal products,Production,455012.811354,71042531.037286,71042531.037286,0.01385,0.501247,0,1,1,0,1,,0.137604,0.195882,15938904.698447,16.584274,18.078789,1.494516,1.971718,0.119541
VN,Viet Nam,P - 7225,Wide Alloy Steel Sheets,P - 8,Base metals and metal products,Production,15602474.538808,49299091.785083,49299091.785083,0.06387,0.174648,0,0,0,0,0,,0.134879,0.195037,135174595.654168,18.722078,17.713416,-1.008662,3.326922,0.105554
VN,Viet Nam,P - 7226,Narrow Alloy Steel,P - 8,Base metals and metal products,Production,5987367.271173,4217716.222147,4217716.222147,0.165884,0.084091,0,0,0,0,0,,0.140172,0.204853,19493722.401529,16.785603,15.254805,-1.530798,2.768293,0.117879
VN,Viet Nam,P - 7227,Alloy Steel Coils,P - 8,Base metals and metal products,Production,11914249.48752,38835302.416965,38835302.416965,0.148896,0.533161,0,1,1,0,1,,0.131459,0.195896,15966414.519141,16.585998,17.47484,0.888842,1.371698,0.118604
VN,Viet Nam,P - 7228,Alloy Steel Bars,P - 8,Base metals and metal products,Production,12401219.494549,5385624.010214,5385624.010214,0.069732,0.068304,0,0,0,0,0,,0.139141,0.205303,49262110.34902,17.712666,15.499244,-2.213422,0.676169,0.168935
VN,Viet Nam,P - 7229,Alloy Steel Wire,P - 8,Base metals and metal products,Production,19518073.043033,72349483.83991,72349483.83991,0.471656,0.686603,0,1,1,1,1,,0.144389,0.211072,11987267.634934,16.299356,18.097019,1.797663,1.908429,0.131524
VN,Viet Nam,P - 7301,Steel Sheet Piling,P - 8,Base metals and metal products,Production,19121583.706015,1867207.338179,1867207.338179,0.454602,0.325918,0,0,0,0,0,,0.151189,0.220414,9969783.143525,16.115069,14.439955,-1.675114,-0.041128,0.165089
VN,Viet Nam,P - 7302,Railway Track Materials,P - 8,Base metals and metal products,Production,1687022.533366,147919.393012,147919.393012,0.037428,0.004702,0,0,0,0,0,,0.140161,0.203332,18169559.649341,16.715258,11.90443,-4.810829,1.927913,0.126824
VN,Viet Nam,P - 7303,Cast Iron Pipes,P - 8,Base metals and metal products,Production,8764106.329985,5698333.193322,5698333.193322,0.316625,0.132238,0,0,0,0,0,,0.143784,0.206328,6859597.69329,15.741159,15.555684,-0.185475,0.121032,0.134987
VN,Viet Nam,P - 7304,Seamless Steel Pipes,P - 8,Base metals and metal products,Production,91213613.137071,17658432.240549,17658432.240549,0.208497,0.052482,0,0,0,0,0,,0.13958,0.198083,107986313.88482,18.497515,16.686724,-1.810791,0.712063,0.176143
VN,Viet Nam,P - 7305,Large Welded Pipes,P - 8,Base metals and metal products,Production,17467112.434929,9692933.752344,9692933.752344,0.119896,0.169793,0,0,0,0,0,,0.131106,0.204063,37965201.847268,17.452181,16.086908,-1.365273,1.182553,0.131821
VN,Viet Nam,P - 7306,Other Steel Pipes,P - 8,Base metals and metal products,Production,335877935.936987,316626432.389164,316626432.389164,0.578283,0.56352,1,1,1,1,,0,0.164283,0.237551,138171429.192361,18.744006,19.573233,0.829227,-1.158416,0.22765
VN,Viet Nam,P - 7307,Pipe Fittings,P - 8,Base metals and metal products,Production,86792943.004876,176811345.706643,176811345.706643,0.309419,0.443012,0,0,0,0,0,,0.152485,0.218204,90225779.74397,18.317826,18.990594,0.672768,1.35119,0.186612
VN,Viet Nam,P - 7308,Steel Structures,P - 8,Base metals and metal products,Production,173623923.155287,586180668.679729,586180668.679729,0.258908,0.476711,0,0,0,0,0,,0.162404,0.235632,327384061.878195,19.606645,20.189139,0.582494,-0.055161,0.230792
VN,Viet Nam,P - 7309,Large Steel Containers,P - 8,Base metals and metal products,Production,35490131.927268,17451595.676413,17451595.676413,0.449554,0.331474,0,0,0,0,0,,0.157131,0.223548,20887391.250712,16.854656,16.674942,-0.179715,-0.140207,0.249525
VN,Viet Nam,P - 7310,Small Steel Containers,P - 8,Base metals and metal products,Production,9724502.047547,15653629.09974,15653629.09974,0.131716,0.126445,0,0,0,0,0,,0.15893,0.22991,33980292.920394,17.341291,16.566213,-0.775078,-0.54435,0.251264
VN,Viet Nam,P - 7311,Gas Containers,P - 8,Base metals and metal products,Production,5101819.724978,15804383.125111,15804383.125111,0.119182,0.25784,0,0,0,0,0,,0.158938,0.20349,19054823.576105,16.762831,16.575798,-0.187033,-0.980826,0.248175
VN,Viet Nam,P - 7312,Steel Wire Rope,P - 8,Base metals and metal products,Production,215617731.65369,310789276.633679,310789276.633679,0.756775,0.790339,1,1,1,1,,0,0.156726,0.221689,35079767.100653,17.373135,19.554626,2.181491,0.882508,0.185342
VN,Viet Nam,P - 7314,Steel Wire Mesh,P - 8,Base metals and metal products,Production,13461642.099822,51918642.937698,51918642.937698,0.213452,0.383794,0,0,0,0,0,,0.163627,0.227068,31463022.188195,17.264324,17.765189,0.500865,-0.523751,0.216395
VN,Viet Nam,P - 7315,Steel Chain,P - 8,Base metals and metal products,Production,16953327.126648,13404566.686352,13404566.686352,0.250486,0.190791,0,0,0,0,0,,0.149072,0.209832,25367417.469161,17.048976,16.411106,-0.63787,1.539942,0.156214
VN,Viet Nam,P - 7317,Nails and Fasteners,P - 8,Base metals and metal products,Production,33253767.669368,5929367.998147,5929367.998147,0.565573,0.214163,1,0,0,0,,1,0.163254,0.23551,19686543.438933,16.795446,15.595428,-1.200018,-1.6805,0.188571
VN,Viet Nam,P - 7318,Screws and Bolts,P - 8,Base metals and metal products,Production,321931323.397124,415322159.69892,415322159.69892,0.516485,0.483964,1,0,0,0,,1,0.148653,0.214881,189979743.306162,19.062428,19.844565,0.782137,1.902957,0.157895
VN,Viet Nam,P - 7320,Steel Springs,P - 8,Base metals and metal products,Production,6619040.506959,11327329.120055,11327329.120055,0.093803,0.130505,0,0,0,0,0,,0.150807,0.218074,35516556.590748,17.38551,16.242729,-1.142781,1.699128,0.161412
VN,Viet Nam,P - 7321,Steel Stoves and Ranges,P - 8,Base metals and metal products,Production,27301876.620733,114305935.66478,114305935.66478,0.217367,0.400217,0,0,0,0,0,,0.160684,0.226414,54523520.270657,17.814143,18.554389,0.740246,0.335558,0.178811
VN,Viet Nam,P - 7322,Steel Radiators,P - 8,Base metals and metal products,Production,159449.375806,15895797.974078,15895797.974078,0.004724,0.255355,0,0,0,0,0,,0.148968,0.215364,15336618.631639,16.545754,16.581565,0.035811,1.901723,0.150818
VN,Viet Nam,P - 7323,Steel Household Items,P - 8,Base metals and metal products,Production,69481387.385004,118378605.56474,118378605.56474,0.400943,0.360277,0,0,0,0,0,,0.155994,0.212053,76269028.451056,18.149778,18.589399,0.439621,-0.085376,0.132632
VN,Viet Nam,P - 7324,Steel Sanitary Ware,P - 8,Base metals and metal products,Production,1352419.530837,77651430.582445,77651430.582445,0.039642,0.61123,0,1,1,0,1,,0.1541,0.218122,21165165.491604,16.867867,18.167741,1.299873,1.280647,0.133936
VN,Viet Nam,P - 7325,Cast Iron Articles,P - 8,Base metals and metal products,Production,24731425.343554,31444822.106363,31444822.106363,0.237783,0.318431,0,0,0,0,0,,0.157583,0.224533,37971217.709369,17.452339,17.263745,-0.188594,0.585849,0.184093
VN,Viet Nam,P - 7326,Other Steel Articles,P - 8,Base metals and metal products,Production,134748700.532142,345782813.919,345782813.919,0.232907,0.330586,0,0,0,0,0,,0.158215,0.225615,302020565.7371,19.526006,19.661321,0.135316,0.577813,0.218521
VN,Viet Nam,P - 7402,Unrefined Copper,P - 8,Base metals and metal products,Production,454797.554538,11615888.315016,11615888.315016,0.005946,0.049633,0,0,0,0,0,,0.061645,0.110628,29105995.184046,17.186455,16.267884,-0.91857,-6.228067,0.10619
VN,Viet Nam,P - 7403,Refined Copper,P - 8,Base metals and metal products,Production,602290.680454,103712494.170922,103712494.170922,0.000934,0.089401,0,0,0,0,0,,0.111309,0.123688,117965401.359237,18.585902,18.457133,-0.128769,-3.451014,0.163446
VN,Viet Nam,P - 7404,Copper Scrap,P - 8,Base metals and metal products,Production,12673195.425899,60768075.64614,60768075.64614,0.055886,0.1495,0,0,0,0,0,,0.121155,0.176944,68154810.192132,18.037292,17.922575,-0.114717,-3.066433,0.384568
VN,Viet Nam,P - 7407,Copper Bars and Rods,P - 8,Base metals and metal products,Production,2207236.001061,6678635.917517,6678635.917517,0.033529,0.120052,0,0,0,0,0,,0.15022,0.215896,26906497.455729,17.107878,15.714424,-1.393454,0.957222,0.160405
VN,Viet Nam,P - 7408,Copper Wire,P - 8,Base metals and metal products,Production,30008485.220053,312845860.476495,312845860.476495,0.126843,0.524687,0,1,1,0,1,,0.135989,0.217409,110685277.701406,18.522201,19.561221,1.03902,-0.409716,0.142917
VN,Viet Nam,P - 7409,Copper Sheets,P - 8,Base metals and metal products,Production,1159131.572579,1800455.262843,1800455.262843,0.014379,0.089859,0,0,0,0,0,,0.143265,0.200834,38753337.355446,17.472727,14.403551,-3.069177,0.673288,0.118193
VN,Viet Nam,P - 7410,Copper Foil,P - 8,Base metals and metal products,Production,958425.695627,2851869.96575,2851869.96575,0.022986,0.041638,0,0,0,0,0,,0.130219,0.179327,19318014.64971,16.776549,14.863486,-1.913063,2.015727,0.084859
VN,Viet Nam,P - 7411,Copper Tubes,P - 8,Base metals and metal products,Production,125340161.724144,694131987.515146,694131987.515146,0.633087,0.872258,1,1,1,1,,0,0.148708,0.219325,40870288.733553,17.525914,20.358173,2.832259,1.338066,0.123758
VN,Viet Nam,P - 7412,Copper Pipe Fittings,P - 8,Base metals and metal products,Production,22858210.940583,51835344.329795,51835344.329795,0.360027,0.470161,0,0,0,0,0,,0.148191,0.2136,25223332.052871,17.04328,17.763583,0.720303,2.276739,0.143378
VN,Viet Nam,P - 7413,Copper Cable,P - 8,Base metals and metal products,Production,5419960.857015,26894277.026943,26894277.026943,0.21438,0.564135,0,1,1,0,1,,0.145514,0.221221,12982676.402314,16.379127,17.107424,0.728298,0.152505,0.140887
VN,Viet Nam,P - 7419,Other Copper Articles,P - 8,Base metals and metal products,Production,7000171.692255,423573.077696,423573.077696,0.169969,0.239597,0,0,0,0,0,,0.149152,0.211635,2218886.7173,14.612517,12.956484,-1.656033,1.34073,0.156684
VN,Viet Nam,P - 7501,Nickel Intermediates,P - 8,Base metals and metal products,Production,0.0,326453.796905,326453.796905,0.0,0.00416,0,0,0,0,0,,0.079225,0.074355,21419063.89496,16.879792,12.696047,-4.183745,-4.117483,0.05894
VN,Viet Nam,P - 7502,Unwrought Nickel,P - 8,Base metals and metal products,Production,0.0,3463195.318462,3463195.318462,0.0,0.008803,0,0,0,0,0,,0.107643,0.167945,38845761.373164,17.47511,15.057703,-2.417407,1.24041,0.09313
VN,Viet Nam,P - 7505,Nickel Bars and Wire,P - 8,Base metals and metal products,Production,16826.962934,3343170.801529,3343170.801529,0.000535,0.053567,0,0,0,0,0,,0.126271,0.182968,16506958.228331,16.619293,15.022431,-1.596862,3.437627,0.086704
VN,Viet Nam,P - 7506,Nickel Sheets,P - 8,Base metals and metal products,Production,18807.536674,48302.429814,48302.429814,0.001343,0.014055,0,0,0,0,0,,0.128325,0.179202,7429330.493609,15.820946,10.785258,-5.035689,3.664516,0.078915
VN,Viet Nam,P - 7507,Nickel Tubes,P - 8,Base metals and metal products,Production,0.0,93810.301413,93810.301413,0.0,0.005,0,0,0,0,0,,0.12695,0.187248,5502780.375437,15.520764,11.449041,-4.071724,2.938243,0.104544
VN,Viet Nam,P - 7508,Other Nickel Articles,P - 8,Base metals and metal products,Production,1211334.515908,569640.063814,569640.063814,0.084236,0.315073,0,0,0,0,0,,0.137543,0.195716,11468109.456854,16.255081,13.252762,-3.002319,2.509014,0.114182
VN,Viet Nam,P - 7601,Unwrought Aluminum,P - 8,Base metals and metal products,Production,31819584.314373,485194610.765927,485194610.765927,0.069035,0.405127,0,1,0,1,1,,0.130664,0.206296,177192896.827284,18.99275,20.000061,1.007311,-1.737505,0.209673
VN,Viet Nam,P - 7602,Aluminum Scrap,P - 8,Base metals and metal products,Production,39592859.301356,34821221.734415,34821221.734415,0.250811,0.163493,0,0,0,0,0,,0.110456,0.176921,44529022.867635,17.611652,17.365738,-0.245914,-2.599083,0.369357
VN,Viet Nam,P - 7604,Aluminum Bars,P - 8,Base metals and metal products,Production,81096499.540729,166293027.695167,166293027.695167,0.350398,0.430242,0,0,0,0,0,,0.163353,0.235346,105361143.622835,18.472904,18.929262,0.456358,-0.24484,0.228024
VN,Viet Nam,P - 7605,Aluminum Wire,P - 8,Base metals and metal products,Production,2346136.79242,20492313.822361,20492313.822361,0.063148,0.255161,0,0,0,0,0,,0.12758,0.205059,19467332.960674,16.784248,16.83556,0.051312,-0.425179,0.148643
VN,Viet Nam,P - 7606,Aluminum Sheets,P - 8,Base metals and metal products,Production,25893609.553229,14434360.979266,14434360.979266,0.083339,0.027372,0,0,0,0,0,,0.145346,0.213618,150637957.964033,18.83039,16.485122,-2.345268,1.13004,0.159139
VN,Viet Nam,P - 7607,Aluminum Foil,P - 8,Base metals and metal products,Production,7303674.305649,17667819.404488,17667819.404488,0.057809,0.106529,0,0,0,0,0,,0.149463,0.215623,62990249.063492,17.958491,16.687255,-1.271235,0.953241,0.166519
VN,Viet Nam,P - 7608,Aluminum Tubes,P - 8,Base metals and metal products,Production,8075390.038061,16686746.275307,16686746.275307,0.257811,0.520196,0,1,1,0,1,,0.152058,0.225511,12685706.703564,16.355987,16.630125,0.274139,0.491535,0.168981
VN,Viet Nam,P - 7610,Aluminum Structures,P - 8,Base metals and metal products,Production,39270597.689589,204833882.471418,204833882.471418,0.27353,0.558987,0,1,1,0,1,,0.162402,0.233242,94129348.4296,18.36018,19.13771,0.777529,0.436275,0.2268
VN,Viet Nam,P - 7612,Small Aluminum Containers,P - 8,Base metals and metal products,Production,53184495.414201,59470961.454963,59470961.454963,0.528563,0.437546,1,1,0,1,,0,0.160123,0.229352,30506175.64537,17.23344,17.900999,0.667559,-0.073827,0.221629
VN,Viet Nam,P - 7614,Aluminum Cable,P - 8,Base metals and metal products,Production,2570852.245757,11979269.209513,11979269.209513,0.121805,0.302638,0,0,0,0,0,,0.155553,0.235035,10702828.750956,16.186019,16.298688,0.11267,-1.538587,0.142228
VN,Viet Nam,P - 7615,Aluminum Household Items,P - 8,Base metals and metal products,Production,31892028.784632,75661575.097615,75661575.097615,0.378723,0.517428,0,1,1,0,1,,0.161553,0.223931,30611090.567204,17.236873,18.141781,0.904908,-0.599816,0.154352
VN,Viet Nam,P - 7616,Other Aluminum Articles,P - 8,Base metals and metal products,Production,45734591.033657,221651920.64104,221651920.64104,0.229675,0.517679,0,1,1,0,1,,0.157745,0.227725,104756643.191923,18.467151,19.216619,0.749468,0.593963,0.193177
VN,Viet Nam,P - 7801,Unwrought Lead,P - 8,Base metals and metal products,Production,51546393.157725,39006621.839131,39006621.839131,0.444831,0.286801,0,0,0,0,0,,0.166886,0.256202,21253769.686049,16.872045,17.479242,0.607197,-4.175576,0.280662
VN,Viet Nam,P - 7901,Unwrought Zinc,P - 8,Base metals and metal products,Production,7578088.759063,5677993.520281,5677993.520281,0.070277,0.033668,0,0,0,0,0,,0.124507,0.179375,39293158.446582,17.486561,15.552109,-1.934452,-0.104986,0.137157
VN,Viet Nam,P - 7907,Other Zinc Articles,P - 8,Base metals and metal products,Production,3966628.086873,6789777.877598,6789777.877598,0.245629,0.329005,0,0,0,0,0,,0.157757,0.223088,6120332.129448,15.627127,15.730929,0.103802,0.34655,0.171641
VN,Viet Nam,P - 8001,Unwrought Tin,P - 8,Base metals and metal products,Production,49929034.694084,251057.156067,251057.156067,0.427657,0.018781,0,0,0,0,0,,0.183447,0.188289,28628525.08716,17.169914,12.43344,-4.736474,-2.588024,0.109231
VN,Viet Nam,P - 8101,Tungsten and Articles,P - 8,Base metals and metal products,Production,8696512.52434,3875998.265306,3875998.265306,0.417005,0.213552,0,0,0,0,0,,0.135992,0.200005,4693500.133262,15.361689,15.170314,-0.191375,1.609816,0.140042
VN,Viet Nam,P - 8102,Molybdenum and Articles,P - 8,Base metals and metal products,Production,824100.16678,99074.735485,99074.735485,0.093751,0.007457,0,0,0,0,0,,0.109916,0.184924,4239597.103665,15.259979,11.50364,-3.756339,2.156342,0.100063
VN,Viet Nam,P - 8104,Magnesium and Articles,P - 8,Base metals and metal products,Production,222586.099151,420011.385854,420011.385854,0.011245,0.027911,0,0,0,0,0,,0.135586,0.199587,9552687.24612,16.072333,12.948039,-3.124294,2.700289,0.104997
VN,Viet Nam,P - 8105,Cobalt and Articles,P - 8,Base metals and metal products,Production,99770.478857,221282.884385,221282.884385,0.004205,0.004948,0,0,0,0,0,,0.103298,0.124413,5386708.698861,15.499445,12.307202,-3.192244,-2.361249,0.097806
VN,Viet Nam,P - 8108,Titanium and Articles,P - 8,Base metals and metal products,Production,31222589.584691,4870449.616103,4870449.616103,0.381924,0.087329,0,0,0,0,0,,0.130916,0.192583,26583426.991949,17.095799,15.398697,-1.697102,3.000625,0.107796
VN,Viet Nam,P - 8111,Manganese and Articles,P - 8,Base metals and metal products,Production,4845237.821486,165408.89474,165408.89474,0.345392,0.007366,0,0,0,0,0,,0.113545,0.141851,3259797.945082,14.997176,12.016182,-2.980994,1.401295,0.059569
VN,Viet Nam,P - 8112,Other Rare Metals,P - 8,Base metals and metal products,Production,126099.341913,0.0,0.0,0.007515,0.004995,0,0,0,0,0,,0.113485,0.162264,5968232.570116,15.601962,0.0,-15.601962,1.786176,0.113849
VN,Viet Nam,P - 8201,Agricultural Hand Tools,P - 8,Base metals and metal products,Production,15576015.888555,39054873.562884,39054873.562884,0.517378,0.641487,1,1,1,0,,0,0.150132,0.213909,9997929.782211,16.117889,17.480478,1.36259,0.638707,0.150883
VN,Viet Nam,P - 8202,Hand Saws,P - 8,Base metals and metal products,Production,1546188.651388,47714235.420794,47714235.420794,0.038244,0.414989,0,0,0,0,0,,0.145249,0.203295,20810555.676771,16.850971,17.68074,0.829769,2.45787,0.136888
VN,Viet Nam,P - 8203,Hand Tools and Pliers,P - 8,Base metals and metal products,Production,10087375.445193,55319155.751112,55319155.751112,0.331674,0.593956,0,1,1,0,1,,0.148632,0.211817,12773855.255831,16.362911,17.82863,1.465719,1.495425,0.142171
VN,Viet Nam,P - 8204,Wrenches and Spanners,P - 8,Base metals and metal products,Production,2596903.596349,45468310.240448,45468310.240448,0.112226,0.464923,0,0,0,0,0,,0.139689,0.200993,12675643.165763,16.355193,17.632526,1.277333,1.790288,0.143475
VN,Viet Nam,P - 8205,Other Hand Tools,P - 8,Base metals and metal products,Production,20562280.690044,51527148.803925,51527148.803925,0.256529,0.339807,0,0,0,0,0,,0.144695,0.203143,33600174.326135,17.330042,17.757619,0.427578,0.734894,0.188984
VN,Viet Nam,P - 8207,Interchangeable Tools,P - 8,Base metals and metal products,Production,23733983.294916,96145629.556966,96145629.556966,0.097105,0.268652,0,0,0,0,0,,0.145874,0.210948,89987480.864118,18.315181,18.381375,0.066193,1.442881,0.181873
VN,Viet Nam,P - 8208,Machine Knife Blades,P - 8,Base metals and metal products,Production,19226772.536579,31688045.176058,31688045.176058,0.424456,0.474462,0,0,0,0,0,,0.148978,0.215862,15343545.441954,16.546206,17.27145,0.725245,1.539857,0.172217
VN,Viet Nam,P - 8209,Tool Tips,P - 8,Base metals and metal products,Production,131246.512239,3287123.42987,3287123.42987,0.00194,0.038782,0,0,0,0,0,,0.132664,0.192831,23210156.25632,16.960101,15.005524,-1.954577,3.248091,0.106199
VN,Viet Nam,P - 8211,Knives and Blades,P - 8,Base metals and metal products,Production,17800111.563145,45049431.562562,45049431.562562,0.439814,0.563482,0,1,1,0,1,,0.148185,0.21137,13779657.067604,16.438704,17.623271,1.184567,2.102863,0.123889
VN,Viet Nam,P - 8212,Razors,P - 8,Base metals and metal products,Production,44871244.484523,193653377.657032,193653377.657032,0.470915,0.793324,0,1,1,1,1,,0.146437,0.22157,21486883.63067,16.882953,19.08158,2.198627,0.445882,0.144276
VN,Viet Nam,P - 8215,Tableware,P - 8,Base metals and metal products,Production,128427995.419822,131380921.071902,131380921.071902,0.816156,0.790223,1,1,1,1,,0,0.158828,0.20811,17268165.494219,16.664375,18.693611,2.029236,1.482299,0.095146
VN,Viet Nam,P - 8301,Locks and Keys,P - 8,Base metals and metal products,Production,7279527.555803,184647099.653223,184647099.653223,0.058014,0.54091,0,1,1,0,1,,0.154211,0.223165,70527494.701716,18.071513,19.033957,0.962444,1.289582,0.15998
VN,Viet Nam,P - 8302,Furniture Hardware,P - 8,Base metals and metal products,Production,81743219.649998,311255184.364985,311255184.364985,0.231182,0.408782,0,0,0,0,0,,0.156165,0.222663,179785294.383236,19.007274,19.556124,0.54885,1.069961,0.174345
VN,Viet Nam,P - 8303,Safes,P - 8,Base metals and metal products,Production,7228636.201798,16226435.020986,16226435.020986,0.375112,0.494182,0,0,0,0,0,,0.156262,0.221081,6717342.631444,15.720203,16.602152,0.881949,1.25679,0.151103
VN,Viet Nam,P - 8305,Stationery Hardware,P - 8,Base metals and metal products,Production,5026397.535436,3962545.33245,3962545.33245,0.342533,0.29082,0,0,0,0,0,,0.152076,0.213031,4051936.349267,15.214706,15.192397,-0.022308,0.94083,0.127348
VN,Viet Nam,P - 8306,Decorative Metal Items,P - 8,Base metals and metal products,Production,6122464.136943,7007957.878207,7007957.878207,0.212909,0.177367,0,0,0,0,0,,0.154144,0.197185,12574983.613556,16.34722,15.762557,-0.584663,0.023897,0.137143
VN,Viet Nam,P - 8307,Flexible Metal Tubing,P - 8,Base metals and metal products,Production,4191473.327408,30837640.74735,30837640.74735,0.166488,0.45907,0,0,0,0,0,,0.147083,0.21603,13126014.319364,16.390107,17.244247,0.85414,1.607755,0.159723
VN,Viet Nam,P - 8308,Clothing Hardware,P - 8,Base metals and metal products,Production,8430173.367054,29508983.297246,29508983.297246,0.236118,0.420405,0,0,0,0,0,,0.153097,0.22047,20892522.895593,16.854902,17.200205,0.345303,1.196648,0.149533
VN,Viet Nam,P - 8309,Bottle Caps and Closures,P - 8,Base metals and metal products,Production,17239904.645324,28366987.124014,28366987.124014,0.215992,0.272194,0,0,0,0,0,,0.159788,0.223446,43679080.710523,17.59238,17.160737,-0.431643,-0.163106,0.212003
VN,Viet Nam,P - 8311,Welding Materials,P - 8,Base metals and metal products,Production,53621833.952704,79157819.317869,79157819.317869,0.606791,0.677399,1,1,1,1,,0,0.154383,0.220456,15677893.545452,16.567762,18.186954,1.619192,0.618687,0.192633
VN,Viet Nam,P - 8401,Nuclear Reactors,P - 9,Machinery and transportation,Production,0.0,0.0,0.0,0.0,0.0,0,0,0,0,0,,0.112635,0.147502,9625408.695449,16.079917,0.0,-16.079917,2.551889,0.066555
VN,Viet Nam,P - 8402,Steam Boilers,P - 9,Machinery and transportation,Production,238714697.223747,117579622.806416,117579622.806416,0.757248,0.714093,1,1,1,1,,0,0.152272,0.223216,20668786.841651,16.844135,18.582626,1.738491,0.247928,0.178994
VN,Viet Nam,P - 8403,Heating Boilers,P - 9,Machinery and transportation,Production,3992148.681689,188258.517783,188258.517783,0.05072,0.003729,0,0,0,0,0,,0.150429,0.217553,33747223.319169,17.334409,12.145577,-5.188832,1.58754,0.144924
VN,Viet Nam,P - 8404,Boiler Auxiliaries,P - 9,Machinery and transportation,Production,6540759.833527,8006430.54675,8006430.54675,0.203646,0.317031,0,0,0,0,0,,0.148194,0.217231,6653564.054052,15.710663,15.895756,0.185092,2.243455,0.15882
VN,Viet Nam,P - 8405,Gas Generators,P - 9,Machinery and transportation,Production,122988.669891,226446.724175,226446.724175,0.011995,0.027042,0,0,0,0,0,,0.144163,0.214637,3639718.206278,15.107417,12.330269,-2.777148,0.365783,0.200678
VN,Viet Nam,P - 8406,Steam Turbines,P - 9,Machinery and transportation,Production,424570.854832,17239366.277374,17239366.277374,0.005393,0.201774,0,0,0,0,0,,0.13789,0.202101,14239633.435989,16.47154,16.662706,0.191166,1.1359,0.142943
VN,Viet Nam,P - 8407,Spark Ignition Engines,P - 9,Machinery and transportation,Production,11562288.766281,132079346.351387,132079346.351387,0.024361,0.15548,0,0,0,0,0,,0.134506,0.200318,202507097.013878,19.126285,18.698913,-0.427372,1.185523,0.138667
VN,Viet Nam,P - 8408,Diesel Engines,P - 9,Machinery and transportation,Production,8555599.503827,533561.065977,533561.065977,0.016954,0.00881,0,0,0,0,0,,0.135579,0.183899,159549782.25862,18.887867,13.187331,-5.700536,2.220889,0.118936
VN,Viet Nam,P - 8409,Engine Parts,P - 9,Machinery and transportation,Production,98945563.036178,192374665.676675,192374665.676675,0.1305,0.18009,0,0,0,0,0,,0.148829,0.216737,303788885.683711,19.531844,19.074955,-0.456888,1.20261,0.182195
VN,Viet Nam,P - 8410,Water Turbines,P - 9,Machinery and transportation,Production,103153.38744,361849.080762,361849.080762,0.00524,0.05139,0,0,0,0,0,,0.14516,0.210098,4225597.594106,15.256671,12.798985,-2.457686,1.06368,0.147843
VN,Viet Nam,P - 8411,Gas Turbines,P - 9,Machinery and transportation,Production,15929026.51436,453492834.061507,453492834.061507,0.015933,0.193131,0,0,0,0,0,,0.132666,0.199009,530989127.458829,20.090252,19.93249,-0.157762,1.569632,0.160941
VN,Viet Nam,P - 8412,Other Engines and Motors,P - 9,Machinery and transportation,Production,21173957.200767,23541426.274867,23541426.274867,0.103898,0.078566,0,0,0,0,0,,0.146287,0.210647,98596423.343537,18.406546,16.974272,-1.432273,1.266193,0.197697
VN,Viet Nam,P - 8413,Liquid Pumps,P - 9,Machinery and transportation,Production,52793853.88734,187075230.519821,187075230.519821,0.078273,0.194824,0,0,0,0,0,,0.144667,0.211587,297514020.338335,19.510972,19.047021,-0.463951,1.530301,0.183052
VN,Viet Nam,P - 8414,Air Pumps and Compressors,P - 9,Machinery and transportation,Production,148402929.95039,705315644.283689,705315644.283689,0.174022,0.380018,0,0,0,0,0,,0.149561,0.215532,400647859.799122,19.808593,20.374156,0.565563,1.603565,0.165854
VN,Viet Nam,P - 8415,Air Conditioning Equipment,P - 9,Machinery and transportation,Production,50804774.337822,86195693.771864,86195693.771864,0.110341,0.114283,0,0,0,0,0,,0.153164,0.219436,279884945.547149,19.449889,18.272131,-1.177758,1.545722,0.15958
VN,Viet Nam,P - 8416,Furnace Burners,P - 9,Machinery and transportation,Production,1506323.93328,4862951.661843,4862951.661843,0.047372,0.190426,0,0,0,0,0,,0.147275,0.215268,10535010.842604,16.170215,15.397156,-0.773058,1.830142,0.164124
VN,Viet Nam,P - 8417,Industrial Furnaces,P - 9,Machinery and transportation,Production,5157099.574553,9484816.451256,9484816.451256,0.08851,0.119372,0,0,0,0,0,,0.150904,0.213792,24737523.345192,17.023832,16.065203,-0.958629,1.753555,0.157759
VN,Viet Nam,P - 8418,Refrigeration Equipment,P - 9,Machinery and transportation,Production,93799030.038838,260777830.123545,260777830.123545,0.18019,0.279609,0,0,0,0,0,,0.161548,0.224365,284049263.685029,19.464658,19.379179,-0.085479,1.22663,0.183099
VN,Viet Nam,P - 8419,Heat Treatment Equipment,P - 9,Machinery and transportation,Production,215783809.673201,64993584.244835,64993584.244835,0.36312,0.161094,0,0,0,0,0,,0.150936,0.217854,218353204.098433,19.201625,17.989799,-1.211825,1.798988,0.184856
VN,Viet Nam,P - 8420,Rolling Machines,P - 9,Machinery and transportation,Production,360883.327282,2158318.192966,2158318.192966,0.027842,0.099548,0,0,0,0,0,,0.143729,0.200203,6918632.360309,15.749729,14.58484,-1.164888,2.126143,0.126636
VN,Viet Nam,P - 8421,Centrifuges and Filters,P - 9,Machinery and transportation,Production,32483497.534199,213003741.923023,213003741.923023,0.055404,0.153746,0,0,0,0,0,,0.151157,0.220098,394602080.582604,19.793388,19.17682,-0.616568,1.406789,0.189138
VN,Viet Nam,P - 8422,Packaging Machinery,P - 9,Machinery and transportation,Production,10669481.578461,25408697.404541,25408697.404541,0.035792,0.063048,0,0,0,0,0,,0.146547,0.215212,152810823.023207,18.844711,17.050602,-1.794109,1.4056,0.176957
VN,Viet Nam,P - 8423,Weighing Machines,P - 9,Machinery and transportation,Production,10268760.967763,10419927.80781,10419927.80781,0.205492,0.160253,0,0,0,0,0,,0.14666,0.209575,19814916.953802,16.801946,16.159231,-0.642715,1.472842,0.162562
VN,Viet Nam,P - 8424,Spraying Equipment,P - 9,Machinery and transportation,Production,22573366.028237,206732663.328592,206732663.328592,0.110733,0.436786,0,0,0,0,0,,0.148015,0.216559,99742468.577481,18.418102,19.146937,0.728835,1.546306,0.185486
VN,Viet Nam,P - 8425,Hoists and Winches,P - 9,Machinery and transportation,Production,25145856.969262,12109542.075577,12109542.075577,0.239291,0.084846,0,0,0,0,0,,0.14754,0.207605,33750182.804997,17.334496,16.309504,-1.024992,0.861612,0.196245
VN,Viet Nam,P - 8426,Cranes,P - 9,Machinery and transportation,Production,27596426.02785,8807592.847843,8807592.847843,0.141476,0.075406,0,0,0,0,0,,0.143002,0.201893,62736137.59315,17.954448,15.991125,-1.963323,0.317365,0.204941
VN,Viet Nam,P - 8427,Fork-Lift Trucks,P - 9,Machinery and transportation,Production,2550420.786342,108770504.687554,108770504.687554,0.016472,0.247698,0,0,0,0,0,,0.135534,0.195723,120552547.789235,18.607596,18.504751,-0.102846,2.473148,0.127714
VN,Viet Nam,P - 8428,Lifting Equipment,P - 9,Machinery and transportation,Production,18430074.351391,40389056.33792,40389056.33792,0.064969,0.080511,0,0,0,0,0,,0.151382,0.214544,156333460.11228,18.867502,17.514069,-1.353432,1.816591,0.183361
VN,Viet Nam,P - 8429,Earth Moving Equipment,P - 9,Machinery and transportation,Production,13071347.727336,3972477.995461,3972477.995461,0.029846,0.014508,0,0,0,0,0,,0.130644,0.167717,199793313.558266,19.112794,15.194901,-3.917893,-0.215982,0.172533
VN,Viet Nam,P - 8430,Excavating Machinery,P - 9,Machinery and transportation,Production,9595022.962593,76964559.742073,76964559.742073,0.058889,0.266423,0,0,0,0,0,,0.125586,0.149554,32693732.9674,17.302694,18.158856,0.856162,-1.41572,0.235739
VN,Viet Nam,P - 8431,Machinery Parts,P - 9,Machinery and transportation,Production,75890696.001282,203582311.318947,203582311.318947,0.10281,0.163841,0,0,0,0,0,,0.147961,0.215059,277337367.935282,19.440745,19.131581,-0.309164,0.495491,0.231025
VN,Viet Nam,P - 8432,Soil Preparation Equipment,P - 9,Machinery and transportation,Production,6013102.067625,7247369.814956,7247369.814956,0.065164,0.158551,0,0,0,0,0,,0.150888,0.214511,49763560.982863,17.722794,15.796149,-1.926644,1.595923,0.177352
VN,Viet Nam,P - 8433,Harvesting Equipment,P - 9,Machinery and transportation,Production,4926501.490103,159317287.793629,159317287.793629,0.023139,0.344607,0,0,0,0,0,,0.145572,0.208679,123909698.208845,18.635064,18.886408,0.251345,2.230076,0.1611
VN,Viet Nam,P - 8434,Dairy Machinery,P - 9,Machinery and transportation,Production,63804.652582,126805.225786,126805.225786,0.002929,0.006172,0,0,0,0,0,,0.149431,0.214732,10258237.719488,16.143592,11.750415,-4.393176,1.561752,0.163702
VN,Viet Nam,P - 8436,Agricultural Machinery,P - 9,Machinery and transportation,Production,2377887.172724,5959323.0124,5959323.0124,0.03455,0.077876,0,0,0,0,0,,0.149812,0.211824,38177514.15592,17.457757,15.600468,-1.85729,1.905091,0.159257
VN,Viet Nam,P - 8437,Grain Processing Equipment,P - 9,Machinery and transportation,Production,36411248.551883,11746449.878489,11746449.878489,0.592358,0.347477,1,0,0,0,,1,0.149699,0.208178,9812135.524103,16.099131,16.279062,0.179931,0.551872,0.17101
VN,Viet Nam,P - 8438,Food Processing Equipment,P - 9,Machinery and transportation,Production,6216697.0287,19595892.007927,19595892.007927,0.044817,0.100368,0,0,0,0,0,,0.153309,0.21732,68620871.653643,18.044107,16.790831,-1.253277,0.906492,0.192048
VN,Viet Nam,P - 8439,Paper Making Equipment,P - 9,Machinery and transportation,Production,2794891.328414,888294.941454,888294.941454,0.053123,0.02592,0,0,0,0,0,,0.141718,0.201731,25191600.978472,17.042021,13.69706,-3.344961,2.889887,0.116782
VN,Viet Nam,P - 8440,Book Binding Equipment,P - 9,Machinery and transportation,Production,515635.039642,445150.960024,445150.960024,0.042073,0.0356,0,0,0,0,0,,0.145949,0.210126,3625998.457731,15.103641,13.006171,-2.09747,1.758649,0.147306
VN,Viet Nam,P - 8441,Paper Converting Equipment,P - 9,Machinery and transportation,Production,6714214.619695,16872413.876959,16872413.876959,0.102952,0.201914,0,0,0,0,0,,0.147015,0.213119,35988779.556519,17.398718,16.641191,-0.757527,1.903859,0.152826
VN,Viet Nam,P - 8442,Printing Plate Equipment,P - 9,Machinery and transportation,Production,692107.64195,1724330.744683,1724330.744683,0.027476,0.089077,0,0,0,0,0,,0.148391,0.219278,5318277.266383,15.48666,14.36035,-1.12631,1.123707,0.189338
VN,Viet Nam,P - 8443,Printing Equipment,P - 9,Machinery and transportation,Production,230067620.959546,1115670046.164747,1115670046.164747,0.30703,0.599247,0,1,1,1,1,,0.144362,0.213192,186335158.393339,19.043058,20.832721,1.789663,1.695344,0.149562
VN,Viet Nam,P - 8445,Textile Spinning Equipment,P - 9,Machinery and transportation,Production,449315.892003,1722046.518434,1722046.518434,0.011067,0.069662,0,0,0,0,0,,0.129061,0.184706,16781307.500188,16.635776,14.359025,-2.276752,1.523813,0.085101
VN,Viet Nam,P - 8446,Weaving Machines,P - 9,Machinery and transportation,Production,1614622.380686,469935.591769,469935.591769,0.069372,0.029349,0,0,0,0,0,,0.13244,0.178651,7367930.660438,15.812648,13.060353,-2.752295,2.098091,0.080106
VN,Viet Nam,P - 8447,Knitting Equipment,P - 9,Machinery and transportation,Production,1412030.896236,8137213.744779,8137213.744779,0.045576,0.324316,0,0,0,0,0,,0.142303,0.189162,10945636.690675,16.208452,15.911959,-0.296493,1.566155,0.088323
VN,Viet Nam,P - 8448,Textile Auxiliaries,P - 9,Machinery and transportation,Production,25165880.073836,49275933.018638,49275933.018638,0.319136,0.431616,0,0,0,0,0,,0.145255,0.210853,21918165.124191,16.902826,17.712946,0.81012,1.70695,0.132886
VN,Viet Nam,P - 8450,Washing Machines,P - 9,Machinery and transportation,Production,89635628.73262,607974025.595128,607974025.595128,0.381569,0.756961,0,1,1,0,1,,0.157313,0.230445,85083486.376418,18.259144,20.225643,1.966499,0.800077,0.143786
VN,Viet Nam,P - 8451,Textile Processing Equipment,P - 9,Machinery and transportation,Production,3228780.481965,11777556.411023,11777556.411023,0.044213,0.141734,0,0,0,0,0,,0.149241,0.216851,39284195.1284,17.486333,16.281706,-1.204626,1.853304,0.139961
VN,Viet Nam,P - 8452,Sewing Machines,P - 9,Machinery and transportation,Production,265808803.53429,298971314.035031,298971314.035031,0.845702,0.854173,1,1,1,1,,0,0.164511,0.233004,27444758.576198,17.127686,19.515858,2.388172,0.002694,0.133769
VN,Viet Nam,P - 8454,Metal Casting Equipment,P - 9,Machinery and transportation,Production,11970886.299177,9929189.645737,9929189.645737,0.26048,0.143714,0,0,0,0,0,,0.148558,0.20262,12792935.607473,16.364404,16.11099,-0.253414,1.84343,0.127532
VN,Viet Nam,P - 8455,Rolling Mills,P - 9,Machinery and transportation,Production,3818915.48342,6528762.70549,6528762.70549,0.059995,0.095091,0,0,0,0,0,,0.141938,0.205293,25181126.100783,17.041605,15.691728,-1.349877,1.559131,0.131609
VN,Viet Nam,P - 8456,Advanced Machine Tools,P - 9,Machinery and transportation,Production,1443783.3869,1594132.302031,1594132.302031,0.015144,0.030989,0,0,0,0,0,,0.135695,0.199244,30297307.462744,17.226569,14.281841,-2.944729,3.056129,0.112479
VN,Viet Nam,P - 8457,Metal Machining Centers,P - 9,Machinery and transportation,Production,120351.7739,161426.015459,161426.015459,0.001359,0.005846,0,0,0,0,0,,0.134068,0.191721,35533361.194541,17.385983,11.991808,-5.394174,3.425978,0.10633
VN,Viet Nam,P - 8458,Metal Lathes,P - 9,Machinery and transportation,Production,1264120.974035,305464.759151,305464.759151,0.019761,0.00782,0,0,0,0,0,,0.140186,0.19817,29085564.11356,17.185753,12.629593,-4.55616,2.54249,0.114709
VN,Viet Nam,P - 8459,Metal Drilling Equipment,P - 9,Machinery and transportation,Production,1643614.519244,709509.460777,709509.460777,0.036067,0.044466,0,0,0,0,0,,0.14304,0.202673,12197542.756635,16.316745,13.472331,-2.844415,0.704544,0.173232
VN,Viet Nam,P - 8460,Metal Finishing Equipment,P - 9,Machinery and transportation,Production,1399055.342012,786549.141548,786549.141548,0.028473,0.04343,0,0,0,0,0,,0.135343,0.199416,16124856.516039,16.595873,13.575412,-3.020461,2.602671,0.127851
VN,Viet Nam,P - 8461,Other Metal Machine Tools,P - 9,Machinery and transportation,Production,2994132.614876,2412668.789456,2412668.789456,0.106213,0.116075,0,0,0,0,0,,0.137727,0.198256,10362652.745561,16.153719,14.696244,-1.457474,2.131115,0.13341
VN,Viet Nam,P - 8462,Metal Forming Equipment,P - 9,Machinery and transportation,Production,23026515.390883,15554246.856533,15554246.856533,0.177535,0.167517,0,0,0,0,0,,0.146666,0.208595,43851401.857565,17.596317,16.559844,-1.036473,2.195844,0.149167
VN,Viet Nam,P - 8463,Other Metal Working Equipment,P - 9,Machinery and transportation,Production,1755464.704107,300373.707094,300373.707094,0.078202,0.026633,0,0,0,0,0,,0.141164,0.207138,9686543.458326,16.086248,12.612786,-3.473462,1.91674,0.136317
VN,Viet Nam,P - 8464,Stone Working Equipment,P - 9,Machinery and transportation,Production,2403585.037858,7654725.131639,7654725.131639,0.075688,0.144992,0,0,0,0,0,,0.142748,0.205532,11264818.614957,16.237195,15.850834,-0.386361,1.989465,0.139272
VN,Viet Nam,P - 8465,Wood Working Equipment,P - 9,Machinery and transportation,Production,5288655.25467,16709182.071468,16709182.071468,0.07984,0.099576,0,0,0,0,0,,0.149253,0.209169,37655427.788277,17.443988,16.631469,-0.812519,1.963651,0.150842
VN,Viet Nam,P - 8466,Machine Tool Parts,P - 9,Machinery and transportation,Production,49517560.73923,80342190.218856,80342190.218856,0.226484,0.223714,0,0,0,0,0,,0.150099,0.212657,81450602.799884,18.215507,18.201805,-0.013702,2.419015,0.166011
VN,Viet Nam,P - 8467,Portable Power Tools,P - 9,Machinery and transportation,Production,3223847.513274,85420343.309164,85420343.309164,0.03864,0.513186,0,1,1,0,1,,0.144423,0.2109,33429908.651531,17.324962,18.263095,0.938133,1.823463,0.16656
VN,Viet Nam,P - 8468,Welding Equipment,P - 9,Machinery and transportation,Production,1240216.915697,264666.826315,264666.826315,0.08259,0.059593,0,0,0,0,0,,0.14796,0.201298,4236211.03061,15.25918,12.486231,-2.772949,1.168109,0.172857
VN,Viet Nam,P - 8470,Calculating Machines,P - 9,Machinery and transportation,Production,249748852.337734,531482681.799813,531482681.799813,0.869421,0.837933,1,1,1,1,,0,0.149867,0.220166,28720784.668469,17.173132,20.091181,2.91805,1.145282,0.145618
VN,Viet Nam,P - 8471,Computers and Data Equipment,P - 9,Machinery and transportation,Production,5755131698.58163,11495706224.910093,11495706224.910093,0.604282,0.69333,1,1,1,0,,0,0.141823,0.205587,1197667007.890584,20.903641,23.165239,2.261598,2.056292,0.11872
VN,Viet Nam,P - 8472,Other Office Machines,P - 9,Machinery and transportation,Production,30272874.403833,135569539.37579,135569539.37579,0.304956,0.692386,0,1,1,1,1,,0.144362,0.20861,18968938.095174,16.758313,18.724995,1.966682,1.356644,0.144409
VN,Viet Nam,P - 8473,Office Machine Parts,P - 9,Machinery and transportation,Production,369498798.781057,12957403385.976244,12957403385.976244,0.265322,0.833735,0,1,1,1,1,,0.136534,0.212063,865225668.951086,20.578501,23.284933,2.706432,1.883755,0.138912
VN,Viet Nam,P - 8474,Mineral Processing Equipment,P - 9,Machinery and transportation,Production,7761637.401594,14046446.529808,14046446.529808,0.037411,0.041897,0,0,0,0,0,,0.149497,0.193887,68499869.294149,18.042342,16.45788,-1.584462,-0.444377,0.23345
VN,Viet Nam,P - 8475,Glass Making Equipment,P - 9,Machinery and transportation,Production,489212.265525,69849.234234,69849.234234,0.013401,0.001361,0,0,0,0,0,,0.141317,0.197859,17882501.200112,16.699333,11.154109,-5.545225,2.986689,0.112374
VN,Viet Nam,P - 8476,Vending Machines,P - 9,Machinery and transportation,Production,4085597.574358,1755299.880149,1755299.880149,0.179435,0.129444,0,0,0,0,0,,0.147753,0.213643,8221184.235265,15.922225,14.378151,-1.544074,2.186578,0.148124
VN,Viet Nam,P - 8477,Plastic Processing Equipment,P - 9,Machinery and transportation,Production,17481692.918645,24092806.431966,24092806.431966,0.068057,0.068316,0,0,0,0,0,,0.144187,0.205842,127802571.289699,18.665997,16.997424,-1.668573,2.276441,0.133351
VN,Viet Nam,P - 8478,Tobacco Processing Equipment,P - 9,Machinery and transportation,Production,105548.647104,313803.45261,313803.45261,0.005106,0.014321,0,0,0,0,0,,0.134619,0.21505,7145819.261163,15.782038,12.656525,-3.125513,-1.551571,0.183259
VN,Viet Nam,P - 8479,Other Machinery,P - 9,Machinery and transportation,Production,76900507.930554,562895882.134639,562895882.134639,0.091604,0.180516,0,0,0,0,0,,0.143804,0.202104,810820811.215615,20.513558,20.148605,-0.364952,2.581477,0.141984
VN,Viet Nam,P - 8480,Foundry Molds,P - 9,Machinery and transportation,Production,49418421.258293,84523254.137545,84523254.137545,0.211567,0.254824,0,0,0,0,0,,0.15079,0.215509,86266234.588574,18.272949,18.252537,-0.020412,1.824785,0.147134
VN,Viet Nam,P - 8481,Valves and Taps,P - 9,Machinery and transportation,Production,198038470.417826,880599276.902884,880599276.902884,0.193943,0.396188,0,0,0,0,0,,0.147748,0.215154,448086074.697686,19.920496,20.596113,0.675617,1.726268,0.173345
VN,Viet Nam,P - 8482,Ball and Roller Bearings,P - 9,Machinery and transportation,Production,44716065.424074,152712356.406635,152712356.406635,0.128795,0.333677,0,0,0,0,0,,0.149258,0.215227,149625412.319163,18.823645,18.844067,0.020421,1.922334,0.15026
VN,Viet Nam,P - 8483,Transmission Equipment,P - 9,Machinery and transportation,Production,93658531.70425,214426590.787836,214426590.787836,0.156481,0.228142,0,0,0,0,0,,0.143735,0.206721,271661374.749313,19.420067,19.183478,-0.236589,1.920134,0.156701
VN,Viet Nam,P - 8484,Gaskets and Seals,P - 9,Machinery and transportation,Production,11859098.369962,27100877.235409,27100877.235409,0.239123,0.330302,0,0,0,0,0,,0.146101,0.208366,18744820.486896,16.746428,17.115077,0.368649,1.406932,0.182703
VN,Viet Nam,P - 8485,3D Printing Machines,P - 9,Machinery and transportation,Production,15978023.819424,43671414.215928,43671414.215928,0.143325,0.227115,0,0,0,0,0,,0.145802,0.207592,52870320.064131,17.783353,17.592204,-0.191148,1.52013,0.19005
VN,Viet Nam,P - 8501,Electric Motors and Generators,P - 9,Machinery and transportation,Production,839340119.296713,1348227767.447366,1348227767.447366,0.640431,0.63647,1,1,1,1,,0,0.154999,0.221309,313807674.842346,19.564291,21.022057,1.457766,1.08643,0.180416
VN,Viet Nam,P - 8502,Generator Sets,P - 9,Machinery and transportation,Production,148558031.982666,198585996.174859,198585996.174859,0.348462,0.506599,0,1,1,0,1,,0.146538,0.211302,96653803.72938,18.386646,19.106733,0.720087,0.156444,0.182275
VN,Viet Nam,P - 8503,Motor and Generator Parts,P - 9,Machinery and transportation,Production,28990970.473359,157156016.38155,157156016.38155,0.137428,0.310662,0,0,0,0,0,,0.15375,0.221243,115930292.573732,18.5685,18.87275,0.30425,1.587609,0.171246
VN,Viet Nam,P - 8504,Transformers,P - 9,Machinery and transportation,Production,667743768.674442,2818273166.161635,2818273166.161635,0.437816,0.648657,0,1,1,0,1,,0.155259,0.223284,660661979.240064,20.308753,21.75939,1.450637,1.066652,0.193129
VN,Viet Nam,P - 8505,Electromagnets and Magnets,P - 9,Machinery and transportation,Production,16847674.016678,313441120.186375,313441120.186375,0.170696,0.713634,0,1,1,0,1,,0.144408,0.206814,48446483.801381,17.69597,19.563122,1.867152,2.533335,0.126971
VN,Viet Nam,P - 8506,Primary Batteries,P - 9,Machinery and transportation,Production,20114229.959423,73534616.967486,73534616.967486,0.214982,0.378981,0,0,0,0,0,,0.142108,0.209982,35173103.937287,17.375792,18.113267,0.737475,0.698359,0.16558
VN,Viet Nam,P - 8507,Rechargeable Batteries,P - 9,Machinery and transportation,Production,503500048.510845,1486112669.864373,1486112669.864373,0.591026,0.500273,1,1,1,0,,0,0.156534,0.211881,655758139.720003,20.301303,21.11943,0.818127,1.571023,0.123843
VN,Viet Nam,P - 8508,Vacuum Cleaners,P - 9,Machinery and transportation,Production,2659310.13481,1066927639.862819,1066927639.862819,0.018974,0.777577,0,1,1,1,1,,0.14285,0.212416,95939320.81654,18.379226,20.788049,2.408823,2.341995,0.123827
VN,Viet Nam,P - 8509,Small Electric Appliances,P - 9,Machinery and transportation,Production,230731684.014999,838944989.854023,838944989.854023,0.556432,0.657906,1,1,1,0,,0,0.154042,0.2205,157168692.126353,18.87283,20.547656,1.674825,1.375156,0.138861
VN,Viet Nam,P - 8510,Electric Grooming Appliances,P - 9,Machinery and transportation,Production,62658.726593,27251053.04812,27251053.04812,0.002027,0.340369,0,0,0,0,0,,0.140503,0.209111,23448315.014585,16.970309,17.120603,0.150294,1.935746,0.111146
VN,Viet Nam,P - 8511,Engine Ignition Equipment,P - 9,Machinery and transportation,Production,41904165.641684,54440950.497889,54440950.497889,0.183928,0.182667,0,0,0,0,0,,0.149131,0.217226,96590107.823112,18.385987,17.812627,-0.57336,1.352827,0.15939
VN,Viet Nam,P - 8512,Vehicle Lighting Equipment,P - 9,Machinery and transportation,Production,94641145.301761,401425230.620874,401425230.620874,0.289349,0.441658,0,0,0,0,0,,0.152076,0.222673,170049531.642792,18.9516,19.810532,0.858932,1.18105,0.157617
VN,Viet Nam,P - 8513,Portable Electric Lamps,P - 9,Machinery and transportation,Production,1081535.711272,7429133.049937,7429133.049937,0.028519,0.122227,0,0,0,0,0,,0.1324,0.189614,15051093.514603,16.526961,15.82092,-0.706041,1.702642,0.102263
VN,Viet Nam,P - 8514,Industrial Electric Furnaces,P - 9,Machinery and transportation,Production,1265452.611787,31278326.302677,31278326.302677,0.024448,0.244394,0,0,0,0,0,,0.144457,0.211133,28062455.816917,17.149943,17.258436,0.108493,1.653055,0.15843
VN,Viet Nam,P - 8515,Electric Welding Equipment,P - 9,Machinery and transportation,Production,4541490.406223,8339866.241071,8339866.241071,0.039836,0.052313,0,0,0,0,0,,0.145851,0.209045,53490704.153362,17.795018,15.936558,-1.858461,1.806991,0.164479
VN,Viet Nam,P - 8516,Electric Heating Appliances,P - 9,Machinery and transportation,Production,121223573.49942,372063076.536336,372063076.536336,0.224386,0.31756,0,0,0,0,0,,0.156974,0.224013,306681228.037371,19.541319,19.734574,0.193255,1.33114,0.166681
VN,Viet Nam,P - 8517,Telecommunications Equipment,P - 9,Machinery and transportation,Production,2502827812.52198,5230174540.653567,5230174540.653567,0.560547,0.938086,1,1,1,1,,0,0.144145,0.210284,300611651.975322,19.52133,22.37771,2.856381,0.957221,0.115203
VN,Viet Nam,P - 8518,Audio Equipment,P - 9,Machinery and transportation,Production,1097099000.628735,5009177642.53977,5009177642.53977,0.787313,0.860885,1,1,1,1,,0,0.145044,0.219817,227578715.340423,19.243007,22.334538,3.091531,1.588708,0.152973
VN,Viet Nam,P - 8519,Sound Recording Equipment,P - 9,Machinery and transportation,Production,1636897.24038,267908279.941024,267908279.941024,0.049535,0.823011,0,1,1,1,1,,0.143515,0.213792,14415851.863892,16.483839,19.406155,2.922316,2.079056,0.139015
VN,Viet Nam,P - 8521,Video Recording Equipment,P - 9,Machinery and transportation,Production,112746778.038537,2311286438.325276,2311286438.325276,0.185475,0.865408,0,1,1,1,1,,0.143114,0.214314,192237566.497046,19.074242,21.56107,2.486828,1.860911,0.149951
VN,Viet Nam,P - 8522,Audio/Video Parts,P - 9,Machinery and transportation,Production,29782404.363189,9727092.462593,9727092.462593,0.362116,0.318769,0,0,0,0,0,,0.144082,0.203544,5801043.38937,15.573549,16.090426,0.516877,2.142973,0.108804
VN,Viet Nam,P - 8523,Recording Media,P - 9,Machinery and transportation,Production,43882258.652162,592036831.029562,592036831.029562,0.179428,0.458551,0,0,0,0,0,,0.141552,0.205854,159213275.999261,18.885755,20.199079,1.313324,2.151124,0.131999
VN,Viet Nam,P - 8524,Display Modules,P - 9,Machinery and transportation,Production,1233937.536728,12058.22836,12058.22836,0.007677,0.078679,0,0,0,0,0,,0.141805,0.169322,41892.056992,10.642875,9.397585,-1.24529,-0.559533,0.16
VN,Viet Nam,P - 8525,Broadcasting Equipment,P - 9,Machinery and transportation,Production,17897697357.31842,59427265089.276024,59427265089.276024,0.900567,0.888584,1,1,1,1,,0,0.149052,0.213767,2415049033.584449,21.604985,24.808019,3.203034,1.656243,0.134155
VN,Viet Nam,P - 8526,Radar and Navigation Equipment,P - 9,Machinery and transportation,Production,16758273.851467,486362408.963476,486362408.963476,0.095144,0.666065,0,1,1,1,1,,0.142899,0.217717,92650255.615884,18.344342,20.002465,1.658122,1.785565,0.172046
VN,Viet Nam,P - 8527,Radio Receivers,P - 9,Machinery and transportation,Production,9530886.983344,215133212.456674,215133212.456674,0.055901,0.640354,0,1,1,0,1,,0.144751,0.212486,51217830.367988,17.751598,19.186768,1.43517,1.72342,0.10498
VN,Viet Nam,P - 8528,Monitors and TV Equipment,P - 9,Machinery and transportation,Production,370107757.146893,3351382284.931156,3351382284.931156,0.305788,0.819196,0,1,1,1,1,,0.159626,0.233622,366267568.965772,19.718875,21.932639,2.213764,0.716033,0.169158
VN,Viet Nam,P - 8529,Transmission Equipment Parts,P - 9,Machinery and transportation,Production,134635931.28509,9689574721.995008,9689574721.995008,0.226,0.913395,0,1,1,1,1,,0.144651,0.207402,242470098.817465,19.306389,22.994316,3.687927,1.850115,0.133202
VN,Viet Nam,P - 8530,Traffic Control Equipment,P - 9,Machinery and transportation,Production,1454567.33129,810451.324269,810451.324269,0.052959,0.024226,0,0,0,0,0,,0.150044,0.213052,11452260.604516,16.253698,13.605348,-2.64835,1.875806,0.172637
VN,Viet Nam,P - 8531,Signaling Equipment,P - 9,Machinery and transportation,Production,24432696.3666,900127141.823402,900127141.823402,0.102679,0.782802,0,1,1,1,1,,0.146479,0.222676,88133159.137393,18.294359,20.618047,2.323687,1.549107,0.180735
VN,Viet Nam,P - 8532,Electrical Capacitors,P - 9,Machinery and transportation,Production,6101874.400457,70176504.234857,70176504.234857,0.025724,0.19166,0,0,0,0,0,,0.140873,0.197688,115802344.455079,18.567395,18.066524,-0.500871,1.732959,0.121012
VN,Viet Nam,P - 8533,Electrical Resistors,P - 9,Machinery and transportation,Production,31781921.757903,53209807.345145,53209807.345145,0.283607,0.260162,0,0,0,0,0,,0.146307,0.205673,39524095.737126,17.492421,17.789753,0.297332,1.96667,0.15666
VN,Viet Nam,P - 8534,Printed Circuits,P - 9,Machinery and transportation,Production,345669944.2102,1079740344.145354,1079740344.145354,0.514188,0.701176,1,1,1,0,,0,0.145838,0.210813,176486119.964535,18.988753,20.799986,1.811234,1.964022,0.119651
VN,Viet Nam,P - 8535,High Voltage Electrical Equipment,P - 9,Machinery and transportation,Production,20312030.924545,20814047.048586,20814047.048586,0.171858,0.196175,0,0,0,0,0,,0.149314,0.214302,45388369.163707,17.630766,16.851139,-0.779628,1.497796,0.179597
VN,Viet Nam,P - 8536,Low Voltage Electrical Equipment,P - 9,Machinery and transportation,Production,397123183.925787,1355779282.846058,1355779282.846058,0.323784,0.468675,0,0,0,0,0,,0.15822,0.223312,521387591.588363,20.072004,21.027642,0.955638,0.948706,0.208273
VN,Viet Nam,P - 8537,Electrical Control Panels,P - 9,Machinery and transportation,Production,70709470.780492,943963396.535486,943963396.535486,0.122384,0.44846,0,0,0,0,0,,0.15573,0.225477,406887379.956552,19.824047,20.665598,0.841551,1.294301,0.198383
VN,Viet Nam,P - 8538,Electrical Equipment Parts,P - 9,Machinery and transportation,Production,30586527.853336,252174614.595896,252174614.595896,0.083988,0.337801,0,0,0,0,0,,0.152803,0.223692,200036656.2561,19.114011,19.345632,0.231621,1.106975,0.186905
VN,Viet Nam,P - 8539,Electric Lamps and LED,P - 9,Machinery and transportation,Production,31844357.841417,32044619.190832,32044619.190832,0.147782,0.28556,0,0,0,0,0,,0.148737,0.217126,34194902.388378,17.347587,17.28264,-0.064947,1.427798,0.168417
VN,Viet Nam,P - 8540,Electronic Tubes,P - 9,Machinery and transportation,Production,2223163.950236,141188.572379,141188.572379,0.062258,0.012824,0,0,0,0,0,,0.12545,0.193343,7007420.504247,15.76248,11.857859,-3.904622,2.818251,0.112384
VN,Viet Nam,P - 8541,Semiconductors,P - 9,Machinery and transportation,Production,216099855.216827,5360648775.205112,5360648775.205112,0.204888,0.775267,0,1,1,0,1,,0.138056,0.212148,650477835.298045,20.293218,22.402351,2.109133,1.038353,0.118473
VN,Viet Nam,P - 8542,Integrated Circuits,P - 9,Machinery and transportation,Production,2273587470.987966,23233036060.623634,23233036060.623634,0.381076,0.689861,0,1,1,1,1,,0.129499,0.185784,2277758875.166842,21.546458,23.868841,2.322383,2.3909,0.097488
VN,Viet Nam,P - 8543,Other Electrical Equipment,P - 9,Machinery and transportation,Production,54852761.059554,749752292.285375,749752292.285375,0.12243,0.411586,0,0,0,0,0,,0.14203,0.210935,272012425.211757,19.421358,20.435253,1.013895,1.932381,0.153466
VN,Viet Nam,P - 8544,Electric Wire and Cable,P - 9,Machinery and transportation,Production,2604511515.060243,5255060683.478652,5255060683.478652,0.701105,0.730104,1,1,1,1,,0,0.176431,0.254154,924914710.983288,20.645212,22.382457,1.737245,-1.176761,0.249585
VN,Viet Nam,P - 8545,Carbon Electrodes,P - 9,Machinery and transportation,Production,3002176.255589,5697892.37773,5697892.37773,0.046265,0.058677,0,0,0,0,0,,0.137577,0.195227,25022435.564735,17.035283,15.555607,-1.479676,2.006936,0.120639
VN,Viet Nam,P - 8546,Electrical Insulators,P - 9,Machinery and transportation,Production,15192690.983064,13119655.0564,13119655.0564,0.367007,0.274465,0,0,0,0,0,,0.151247,0.21584,11273364.026317,16.237953,16.389622,0.151669,1.714506,0.158324
VN,Viet Nam,P - 8547,Insulating Fittings,P - 9,Machinery and transportation,Production,29165290.507511,75596075.134842,75596075.134842,0.392423,0.492543,0,0,0,0,0,,0.153949,0.218898,31897905.778673,17.278051,18.140915,0.862864,1.873221,0.144132
VN,Viet Nam,P - 8548,Electrical Parts,P - 9,Machinery and transportation,Production,55526722.762984,45744111.954116,45744111.954116,0.578998,0.441612,1,0,0,0,,1,0.148996,0.228136,26259450.569357,17.083537,17.638574,0.555037,-0.841662,0.163228
VN,Viet Nam,P - 8601,Electric Locomotives,P - 9,Machinery and transportation,Production,0.0,4341.093064,4341.093064,0.0,0.000201,0,0,0,0,0,,0.132071,0.193586,4303462.085576,15.274931,8.376112,-6.898819,2.408408,0.086806
VN,Viet Nam,P - 8602,Other Locomotives,P - 9,Machinery and transportation,Production,43297.220172,0.0,0.0,0.001296,0.0,0,0,0,0,0,,0.134136,0.190037,5736004.875037,15.562274,0.0,-15.562274,1.651311,0.096356
VN,Viet Nam,P - 8603,Self-Propelled Rail Cars,P - 9,Machinery and transportation,Production,38967.814709,0.0,0.0,0.000648,0.0,0,0,0,0,0,,0.124945,0.189362,23788453.370843,16.984711,0.0,-16.984711,3.562709,0.079035
VN,Viet Nam,P - 8604,Railway Service Vehicles,P - 9,Machinery and transportation,Production,0.0,0.0,0.0,0.0,0.0,0,0,0,0,0,,0.130403,0.188134,3873785.943966,15.169743,0.0,-15.169743,1.031751,0.117367
VN,Viet Nam,P - 8605,Railway Passenger Cars,P - 9,Machinery and transportation,Production,0.0,0.0,0.0,0.0,0.0,0,0,0,0,0,,0.137441,0.17993,5246696.099916,15.473109,0.0,-15.473109,2.53342,0.089896
VN,Viet Nam,P - 8606,Railway Freight Cars,P - 9,Machinery and transportation,Production,0.0,10524.778945,10524.778945,0.0,0.000338,0,0,0,0,0,,0.151438,0.209867,17215428.421261,16.661317,9.261583,-7.399734,0.008198,0.127644
VN,Viet Nam,P - 8607,Railway Equipment Parts,P - 9,Machinery and transportation,Production,363066.495672,7157603.7308,7157603.7308,0.002987,0.061086,0,0,0,0,0,,0.145237,0.210648,53699126.861263,17.798907,15.783686,-2.015221,1.560166,0.158645
VN,Viet Nam,P - 8609,Transport Containers,P - 9,Machinery and transportation,Production,2151249.180572,7170040.618936,7170040.618936,0.020313,0.031153,0,0,0,0,0,,0.126971,0.205861,87808551.731246,18.290669,15.785422,-2.505247,-0.909661,0.160021
VN,Viet Nam,P - 8701,Tractors,P - 9,Machinery and transportation,Production,14493090.504606,5891495.477875,5891495.477875,0.026469,0.008636,0,0,0,0,0,,0.141889,0.204541,369501886.085505,19.727666,15.589021,-4.138646,1.588522,0.149345
VN,Viet Nam,P - 8702,Buses,P - 9,Machinery and transportation,Production,1042602.717518,2475369.286977,2475369.286977,0.006771,0.024699,0,0,0,0,0,,0.14577,0.212252,77073292.370354,18.160267,14.721901,-3.438367,0.339148,0.185827
VN,Viet Nam,P - 8703,Passenger Cars,P - 9,Machinery and transportation,Production,11059444.62428,156072017.309793,156072017.309793,0.001674,0.016647,0,0,0,0,0,,0.144323,0.210825,4073773585.971753,22.127836,18.865828,-3.262007,1.72382,0.155853
VN,Viet Nam,P - 8704,Trucks,P - 9,Machinery and transportation,Production,3925774.664666,2970990.769828,2970990.769828,0.003204,0.002383,0,0,0,0,0,,0.138707,0.198715,677597158.56957,20.334064,14.904406,-5.429657,0.362558,0.170194
VN,Viet Nam,P - 8705,Special Purpose Vehicles,P - 9,Machinery and transportation,Production,6936231.976574,2857433.729147,2857433.729147,0.044624,0.014756,0,0,0,0,0,,0.138901,0.203236,63694359.975547,17.969607,14.865435,-3.104172,-0.174158,0.201731
VN,Viet Nam,P - 8706,Vehicle Chassis,P - 9,Machinery and transportation,Production,21524.626381,8849.025424,8849.025424,0.000575,0.001757,0,0,0,0,0,,0.137014,0.204703,11029103.22048,16.216048,9.088176,-7.127873,2.115986,0.126653
VN,Viet Nam,P - 8707,Vehicle Bodies,P - 9,Machinery and transportation,Production,1705795.249084,5706592.556332,5706592.556332,0.01697,0.039692,0,0,0,0,0,,0.143329,0.209911,45307598.124565,17.628985,15.557133,-2.071852,1.301519,0.140196
VN,Viet Nam,P - 8708,Vehicle Parts,P - 9,Machinery and transportation,Production,943033650.453231,1523069923.660255,1523069923.660255,0.211092,0.224685,0,0,0,0,0,,0.151689,0.220661,2050420329.644301,21.441311,21.143994,-0.297317,1.401131,0.166361
VN,Viet Nam,P - 8709,Industrial Trucks,P - 9,Machinery and transportation,Production,1812552.077825,4525475.839463,4525475.839463,0.10559,0.159036,0,0,0,0,0,,0.14043,0.206571,7927290.021704,15.885822,15.325234,-0.560588,1.284103,0.157789
VN,Viet Nam,P - 8710,Military Vehicles,P - 9,Machinery and transportation,Production,0.0,0.0,0.0,0.0,0.0,0,0,0,0,0,,0.118519,0.186436,23645191.071718,16.97867,0.0,-16.97867,1.52923,0.119696
VN,Viet Nam,P - 8711,Motorcycles,P - 9,Machinery and transportation,Production,372021951.593727,885648238.841208,885648238.841208,0.631589,0.679743,1,1,1,0,,0,0.140127,0.206186,204501461.829218,19.136086,20.60183,1.465745,0.665168,0.140709
VN,Viet Nam,P - 8712,Bicycles,P - 9,Machinery and transportation,Production,19474947.817277,168612102.092887,168612102.092887,0.210327,0.63349,0,1,1,0,1,,0.159125,0.223805,41508926.53404,17.541419,18.943111,1.401692,0.444621,0.147063
VN,Viet Nam,P - 8713,Wheelchairs,P - 9,Machinery and transportation,Production,13958535.023979,13827622.889364,13827622.889364,0.54306,0.47218,1,0,0,0,,1,0.139728,0.198257,8003096.073077,15.895339,16.442179,0.54684,2.353308,0.103719
VN,Viet Nam,P - 8714,Cycle Parts,P - 9,Machinery and transportation,Production,246660327.498849,566273450.455606,566273450.455606,0.609911,0.682641,1,1,1,0,,0,0.152175,0.216189,119023785.03682,18.594834,20.154588,1.559754,1.131951,0.150118
VN,Viet Nam,P - 8715,Baby Carriages,P - 9,Machinery and transportation,Production,2668917.552978,3720858.983528,3720858.983528,0.119526,0.067934,0,0,0,0,0,,0.151847,0.206802,10951177.139078,16.208958,15.129465,-1.079492,1.859189,0.093781
VN,Viet Nam,P - 8716,Trailers,P - 9,Machinery and transportation,Production,29178064.522265,110598560.404188,110598560.404188,0.111356,0.238542,0,0,0,0,0,,0.155227,0.219367,170353502.161394,18.953386,18.521418,-0.431969,0.776014,0.180398
VN,Viet Nam,P - 8802,Powered Aircraft,P - 9,Machinery and transportation,Production,5127970.262534,245226674.701033,245226674.701033,0.003271,0.112333,0,0,0,0,0,,0.111192,0.158336,278780190.941959,19.445934,19.317694,-0.128241,-0.127349,0.170819
VN,Viet Nam,P - 8805,Aircraft Ground Equipment,P - 9,Machinery and transportation,Production,59486.854104,744820.507146,744820.507146,0.002963,0.040439,0,0,0,0,0,,0.108199,0.190045,7818787.394759,15.87204,13.5209,-2.35114,1.522647,0.124301
VN,Viet Nam,P - 8901,Passenger and Cargo Ships,P - 9,Machinery and transportation,Production,605642322.984184,77945662.313482,77945662.313482,0.403796,0.17239,0,0,0,0,0,,0.117889,0.136891,83434063.790849,18.239567,18.171523,-0.068045,0.111456,0.188188
VN,Viet Nam,P - 8902,Fishing Vessels,P - 9,Machinery and transportation,Production,54348877.564792,801056.799773,801056.799773,0.774835,0.398929,1,0,0,0,,1,0.166582,0.185253,4837956.502179,15.392003,13.593688,-1.798315,-0.509771,0.136283
VN,Viet Nam,P - 8903,Pleasure Boats,P - 9,Machinery and transportation,Production,7334963.572088,18530412.915906,18530412.915906,0.064513,0.092523,0,0,0,0,0,,0.142613,0.187079,61278411.999989,17.930938,16.734924,-1.196014,0.985034,0.224073
VN,Viet Nam,P - 8904,Tugs,P - 9,Machinery and transportation,Production,47187549.214732,41418795.017736,41418795.017736,0.400015,0.613979,0,1,1,1,1,,0.165525,0.215437,8978327.055593,16.010324,17.539245,1.528921,-1.168727,0.164909
VN,Viet Nam,P - 8905,Special Purpose Vessels,P - 9,Machinery and transportation,Production,4830908.470721,116815719.645829,116815719.645829,0.012145,0.306674,0,0,0,0,0,,0.23806,0.236911,92221843.46007,18.339708,18.576108,0.236401,-2.431293,0.163827
VN,Viet Nam,P - 8906,Other Vessels,P - 9,Machinery and transportation,Production,79672986.170633,42715717.834426,42715717.834426,0.576707,0.557662,1,1,1,0,,0,0.11972,0.20554,19359685.117585,16.778703,17.570078,0.791374,1.081574,0.165862
VN,Viet Nam,P - 8907,Floating Structures,P - 9,Machinery and transportation,Production,8289697.191255,5379461.588165,5379461.588165,0.353714,0.348449,0,0,0,0,0,,0.13004,0.201822,4322547.914552,15.279356,15.498099,0.218743,-0.275681,0.244895
VN,Viet Nam,P - 9001,Optical Fibers and Components,P - 10,Precision goods and miscellaneous,Production,119580845.331769,263399944.385742,263399944.385742,0.31975,0.42503,0,0,0,0,0,,0.139005,0.210421,120826302.089511,18.609865,19.389184,0.77932,2.059922,0.139676
VN,Viet Nam,P - 9002,Mounted Optical Elements,P - 10,Precision goods and miscellaneous,Production,168419629.579091,264472023.444045,264472023.444045,0.575326,0.585841,1,1,1,0,,0,0.140532,0.197532,56129869.747622,17.843179,19.393246,1.550067,2.677276,0.101263
VN,Viet Nam,P - 9003,Eyewear Frames,P - 10,Precision goods and miscellaneous,Production,7080404.449554,16301415.381423,16301415.381423,0.136336,0.146217,0,0,0,0,0,,0.142984,0.208145,27578431.809543,17.132545,16.606763,-0.525782,1.848352,0.130651
VN,Viet Nam,P - 9004,Spectacles and Goggles,P - 10,Precision goods and miscellaneous,Production,5465737.751289,13943934.414114,13943934.414114,0.066707,0.087173,0,0,0,0,0,,0.137644,0.201885,51083210.97093,17.748966,16.450555,-1.298411,2.252563,0.132641
VN,Viet Nam,P - 9005,Telescopes and Binoculars,P - 10,Precision goods and miscellaneous,Production,63885.901478,276645.724225,276645.724225,0.00452,0.01015,0,0,0,0,0,,0.137576,0.211452,7636468.386655,15.848446,12.530497,-3.317949,1.973583,0.165826
VN,Viet Nam,P - 9006,Cameras and Flash Equipment,P - 10,Precision goods and miscellaneous,Production,1551601055.042419,13624222.887597,13624222.887597,0.966707,0.906443,1,1,1,1,,0,0.139819,0.204918,10180970.741436,16.136031,16.42736,0.291329,1.548969,0.157833
VN,Viet Nam,P - 9010,Photo Lab Equipment,P - 10,Precision goods and miscellaneous,Production,2470815.861422,8440469.518933,8440469.518933,0.011809,0.247648,0,0,0,0,0,,0.11924,0.176747,2296503.080586,14.646899,15.948549,1.30165,3.659695,0.064156
VN,Viet Nam,P - 9011,Optical Microscopes,P - 10,Precision goods and miscellaneous,Production,4532251.246039,2277795.575148,2277795.575148,0.078347,0.056906,0,0,0,0,0,,0.127134,0.188953,12336725.112606,16.328091,14.638719,-1.689372,2.282102,0.126393
VN,Viet Nam,P - 9012,Other Microscopes,P - 10,Precision goods and miscellaneous,Production,145589.58035,281086.593731,281086.593731,0.007557,0.008976,0,0,0,0,0,,0.126176,0.18106,13038718.858815,16.383434,12.546422,-3.837012,3.844254,0.079293
VN,Viet Nam,P - 9013,Lasers and Optical Instruments,P - 10,Precision goods and miscellaneous,Production,12639204.897461,31404693.984231,31404693.984231,0.015231,0.299503,0,0,0,0,0,,0.121624,0.204822,56896604.164293,17.856746,17.262468,-0.594278,2.162261,0.137759
VN,Viet Nam,P - 9014,Navigation Instruments,P - 10,Precision goods and miscellaneous,Production,1297977.494554,1632723.703389,1632723.703389,0.018694,0.033761,0,0,0,0,0,,0.134797,0.20063,22216334.866211,16.916338,14.305761,-2.610578,1.182087,0.180726
VN,Viet Nam,P - 9015,Surveying Instruments,P - 10,Precision goods and miscellaneous,Production,11755312.929421,20237255.79454,20237255.79454,0.095381,0.108216,0,0,0,0,0,,0.106605,0.162968,20987757.621109,16.85945,16.823036,-0.036414,-0.52622,0.254644
VN,Viet Nam,P - 9017,Drawing and Measuring Tools,P - 10,Precision goods and miscellaneous,Production,4307407.060685,48573102.036754,48573102.036754,0.153654,0.5776,0,1,1,0,1,,0.145111,0.206874,10982870.894653,16.211848,17.698581,1.486733,1.498566,0.140996
VN,Viet Nam,P - 9018,Medical Instruments,P - 10,Precision goods and miscellaneous,Production,322790182.263724,948092292.913997,948092292.913997,0.243093,0.310322,0,0,0,0,0,,0.143671,0.207693,662176152.282158,20.311042,20.669962,0.35892,1.418556,0.183523
VN,Viet Nam,P - 9019,Therapy Equipment,P - 10,Precision goods and miscellaneous,Production,4332327.257814,28900810.716531,28900810.716531,0.049056,0.085713,0,0,0,0,0,,0.137549,0.200925,66764834.492846,18.016687,17.17938,-0.837307,1.898216,0.14443
VN,Viet Nam,P - 9020,Breathing Apparatus,P - 10,Precision goods and miscellaneous,Production,226339.376079,2888977.805914,2888977.805914,0.013765,0.086863,0,0,0,0,0,,0.13526,0.205656,8229640.260173,15.923253,14.876414,-1.046839,1.023518,0.162825
VN,Viet Nam,P - 9021,Prosthetics and Orthotics,P - 10,Precision goods and miscellaneous,Production,128540455.498996,707230552.93951,707230552.93951,0.21469,0.368401,0,0,0,0,0,,0.137223,0.198578,286050267.393798,19.471678,20.376867,0.905189,1.62931,0.157316
VN,Viet Nam,P - 9022,X-Ray Equipment,P - 10,Precision goods and miscellaneous,Production,4969996.029023,2970199.918849,2970199.918849,0.022952,0.014405,0,0,0,0,0,,0.134613,0.195792,97612010.814712,18.396511,14.90414,-3.492371,2.412485,0.138122
VN,Viet Nam,P - 9023,Educational Models,P - 10,Precision goods and miscellaneous,Production,1727639.595147,28179515.36801,28179515.36801,0.050164,0.453671,0,0,0,0,0,,0.136656,0.205655,12762426.201154,16.362016,17.154106,0.79209,1.35518,0.180714
VN,Viet Nam,P - 9024,Materials Testing Equipment,P - 10,Precision goods and miscellaneous,Production,1461284.610154,3496458.494253,3496458.494253,0.055436,0.088058,0,0,0,0,0,,0.135408,0.197566,9039760.243775,16.017143,15.067261,-0.949882,1.859971,0.163461
VN,Viet Nam,P - 9025,Measuring Instruments,P - 10,Precision goods and miscellaneous,Production,4268744.193131,81657212.645681,81657212.645681,0.092297,0.501997,0,1,1,0,1,,0.146633,0.216901,33591311.3599,17.329778,18.218041,0.888263,1.510153,0.18107
VN,Viet Nam,P - 9026,Flow and Pressure Instruments,P - 10,Precision goods and miscellaneous,Production,77302898.891934,99806686.466828,99806686.466828,0.283747,0.285483,0,0,0,0,0,,0.1411,0.208039,105755529.628431,18.476641,18.418746,-0.057895,1.789089,0.17391
VN,Viet Nam,P - 9027,Analysis Instruments,P - 10,Precision goods and miscellaneous,Production,35363570.41631,113263763.368188,113263763.368188,0.094271,0.15094,0,0,0,0,0,,0.137463,0.202839,200016967.970175,19.113913,18.54523,-0.568683,2.267318,0.161754
VN,Viet Nam,P - 9028,Utility Meters,P - 10,Precision goods and miscellaneous,Production,108088211.138589,115433247.526414,115433247.526414,0.637876,0.61059,1,1,1,0,,0,0.15529,0.223996,46795446.254363,17.661296,18.564203,0.902907,1.15885,0.16982
VN,Viet Nam,P - 9029,Counters and Speed Indicators,P - 10,Precision goods and miscellaneous,Production,20180333.850246,110505644.001554,110505644.001554,0.222497,0.488815,0,0,0,0,0,,0.14799,0.214862,42817378.050562,17.572455,18.520577,0.948123,2.080703,0.128872
VN,Viet Nam,P - 9030,Electrical Testing Equipment,P - 10,Precision goods and miscellaneous,Production,23726934.689385,69035672.665341,69035672.665341,0.101769,0.192423,0,0,0,0,0,,0.137854,0.198683,114840176.304776,18.559052,18.050134,-0.508918,1.829521,0.165419
VN,Viet Nam,P - 9031,Other Measuring Equipment,P - 10,Precision goods and miscellaneous,Production,41244720.055962,304019715.753168,304019715.753168,0.108884,0.263226,0,0,0,0,0,,0.14194,0.204806,216994796.321362,19.195384,19.532603,0.337219,2.11587,0.171393
VN,Viet Nam,P - 9032,Control Instruments,P - 10,Precision goods and miscellaneous,Production,17422012.966516,221104704.923632,221104704.923632,0.050886,0.27729,0,0,0,0,0,,0.146184,0.217385,157169372.905093,18.872835,19.214147,0.341312,1.794396,0.174128
VN,Viet Nam,P - 9033,Instrument Parts,P - 10,Precision goods and miscellaneous,Production,23104891.030557,50316729.708875,50316729.708875,0.397079,0.462684,0,0,0,0,0,,0.150122,0.213339,15640746.808993,16.56539,17.733848,1.168458,1.569014,0.190032
VN,Viet Nam,P - 9101,Precious Metal Watches,P - 10,Precision goods and miscellaneous,Production,235632.350467,1745113.686835,1745113.686835,0.001759,0.043373,0,0,0,0,0,,0.121195,0.184529,47780577.406212,17.68213,14.372331,-3.309799,1.238815,0.123875
VN,Viet Nam,P - 9102,Other Watches,P - 10,Precision goods and miscellaneous,Production,17661032.446287,57860236.821342,57860236.821342,0.076248,0.16766,0,0,0,0,0,,0.134531,0.195504,98396431.690407,18.404515,17.873541,-0.530974,1.294673,0.13851
VN,Viet Nam,P - 9105,Other Clocks,P - 10,Precision goods and miscellaneous,Production,2412706.01783,733089.414661,733089.414661,0.135044,0.07651,0,0,0,0,0,,0.138439,0.197189,5185505.561795,15.461378,13.505024,-1.956354,2.094105,0.102349
VN,Viet Nam,P - 9108,Watch Movements,P - 10,Precision goods and miscellaneous,Production,73129.282384,69433.771672,69433.771672,0.003063,0.003548,0,0,0,0,0,,0.120363,0.169315,2579826.27534,14.763233,11.148143,-3.61509,3.140105,0.08463
VN,Viet Nam,P - 9111,Watch Cases,P - 10,Precision goods and miscellaneous,Production,7843875.001783,2296145.444227,2296145.444227,0.448984,0.213402,0,0,0,0,0,,0.134691,0.185095,3629073.793717,15.104488,14.646743,-0.457745,1.895796,0.068961
VN,Viet Nam,P - 9113,Watch Straps,P - 10,Precision goods and miscellaneous,Production,16877647.473072,6250194.240159,6250194.240159,0.526009,0.315429,1,0,0,0,,1,0.149604,0.206834,10418658.221005,16.159109,15.648123,-0.510986,0.913428,0.112694
VN,Viet Nam,P - 9114,Other Clock and Watch Parts,P - 10,Precision goods and miscellaneous,Production,889912.827794,2452405.166378,2452405.166378,0.051507,0.116024,0,0,0,0,0,,0.131763,0.180828,5208174.327472,15.46574,14.71258,-0.75316,1.838315,0.087202
VN,Viet Nam,P - 9207,Electric Musical Instruments,P - 10,Precision goods and miscellaneous,Production,4064381.060674,6420473.370241,6420473.370241,0.175371,0.140215,0,0,0,0,0,,0.131112,0.195144,11389084.481351,16.248166,15.675003,-0.573163,1.86152,0.114968
VN,Viet Nam,P - 9209,Musical Instrument Parts,P - 10,Precision goods and miscellaneous,Production,11888315.26196,7341680.634259,7341680.634259,0.481846,0.337717,0,0,0,0,0,,0.145635,0.21409,6644743.689319,15.709337,15.809078,0.099742,1.855567,0.140608
VN,Viet Nam,P - 9303,Sporting Firearms,P - 10,Precision goods and miscellaneous,Production,4994.169158,16000.215656,16000.215656,0.000312,0.000528,0,0,0,0,0,,0.133737,0.202564,7356784.350304,15.811134,9.68042,-6.130714,2.006258,0.125001
VN,Viet Nam,P - 9305,Firearm Parts,P - 10,Precision goods and miscellaneous,Production,207270.154648,540718.798927,540718.798927,0.012393,0.018618,0,0,0,0,0,,0.140962,0.209944,10845360.439409,16.199248,13.200656,-2.998592,2.319097,0.160915
VN,Viet Nam,P - 9306,Ammunition and Munitions,P - 10,Precision goods and miscellaneous,Production,145803.781985,1328.989493,1328.989493,0.002105,6e-06,0,0,0,0,0,,0.135883,0.210595,45854712.556211,17.640989,7.192926,-10.448062,0.833551,0.167922
VN,Viet Nam,P - 9401,Seats,P - 10,Precision goods and miscellaneous,Production,946554092.31337,3907082617.20915,3907082617.20915,0.579014,0.783752,1,1,1,1,,0,0.162704,0.233624,462458142.648152,19.952067,22.086057,2.13399,0.320498,0.180389
VN,Viet Nam,P - 9402,Medical Furniture,P - 10,Precision goods and miscellaneous,Production,30276357.55456,26511172.292689,26511172.292689,0.457673,0.43587,0,0,0,0,0,,0.152489,0.214541,22494925.361725,16.9288,17.093077,0.164276,1.678717,0.160829
VN,Viet Nam,P - 9403,Other Furniture,P - 10,Precision goods and miscellaneous,Production,2817839971.486611,5680072741.926833,5680072741.926833,0.77282,0.827868,1,1,1,1,,0,0.168152,0.233423,530415564.832632,20.089171,22.46023,2.371059,0.13221,0.199403
VN,Viet Nam,P - 9404,Bedding and Mattresses,P - 10,Precision goods and miscellaneous,Production,102439184.319164,259661202.519595,259661202.519595,0.40468,0.532311,0,1,1,0,1,,0.176716,0.250745,129234316.791251,18.677138,19.374888,0.697751,-1.167512,0.209452
VN,Viet Nam,P - 9405,Lighting Fixtures,P - 10,Precision goods and miscellaneous,Production,60363103.399616,469350920.629731,469350920.629731,0.116817,0.382053,0,0,0,0,0,,0.150812,0.216969,305570113.497279,19.53769,19.966861,0.429171,1.175007,0.139137
VN,Viet Nam,P - 9406,Prefabricated Buildings,P - 10,Precision goods and miscellaneous,Production,111782180.592348,164333122.317551,164333122.317551,0.531982,0.59496,1,1,1,0,,0,0.156618,0.230239,52476548.51951,17.775877,18.917406,1.141529,-0.10528,0.235765
VN,Viet Nam,P - 9503,Toys and Games,P - 10,Precision goods and miscellaneous,Production,241145571.338887,1855716356.883396,1855716356.883396,0.480094,0.67513,0,1,1,0,1,,0.15743,0.223526,327590552.302978,19.607275,21.341537,1.734262,0.878619,0.124504
VN,Viet Nam,P - 9504,Gaming Equipment,P - 10,Precision goods and miscellaneous,Production,6266935.225996,1041146576.776968,1041146576.776968,0.030228,0.697073,0,1,1,0,1,,0.139895,0.212469,181199465.020147,19.015109,20.763588,1.748479,1.972,0.133099
VN,Viet Nam,P - 9505,Party and Entertainment Items,P - 10,Precision goods and miscellaneous,Production,11407605.640651,65357355.248864,65357355.248864,0.182176,0.246357,0,0,0,0,0,,0.149707,0.305323,132744619.763765,18.703938,17.995381,-0.708557,-0.12261,0.089351
VN,Viet Nam,P - 9506,Sports Equipment,P - 10,Precision goods and miscellaneous,Production,173157612.526655,858406728.346568,858406728.346568,0.445823,0.670279,0,1,1,1,1,,0.154625,0.220217,151849836.669451,18.838403,20.570589,1.732186,1.053537,0.171163
VN,Viet Nam,P - 9507,Fishing Equipment,P - 10,Precision goods and miscellaneous,Production,64242351.991876,129863639.529674,129863639.529674,0.687795,0.752779,1,1,1,1,,0,0.163525,0.233211,22632947.582485,16.934917,18.681996,1.747078,-0.373292,0.166022
VN,Viet Nam,P - 9603,Brooms and Brushes,P - 10,Precision goods and miscellaneous,Production,95515397.141039,141514739.932457,141514739.932457,0.548808,0.481949,1,0,0,0,,1,0.163953,0.216338,66960031.782965,18.019606,18.767914,0.748308,-0.149599,0.186939
VN,Viet Nam,P - 9606,Buttons and Fasteners,P - 10,Precision goods and miscellaneous,Production,11144228.374941,16978163.002138,16978163.002138,0.420797,0.472839,0,0,0,0,0,,0.167286,0.226963,9767273.516479,16.094548,16.647439,0.552891,-0.370673,0.150359
VN,Viet Nam,P - 9607,Zippers,P - 10,Precision goods and miscellaneous,Production,28213213.832764,34272512.641736,34272512.641736,0.560203,0.610028,1,1,1,0,,0,0.161974,0.229059,19472612.255359,16.78452,17.349854,0.565335,-0.065254,0.144307
VN,Viet Nam,P - 9608,Pens,P - 10,Precision goods and miscellaneous,Production,28554773.640123,42095103.458538,42095103.458538,0.322948,0.345286,0,0,0,0,0,,0.149821,0.21121,33442829.045354,17.325348,17.555442,0.230094,0.755496,0.142153
VN,Viet Nam,P - 9609,Pencils and Crayons,P - 10,Precision goods and miscellaneous,Production,40503958.0426,41552878.198906,41552878.198906,0.741611,0.681247,1,1,1,1,,0,0.163387,0.225722,10150066.820886,16.132991,17.542477,1.409486,0.488262,0.134259
VN,Viet Nam,P - 9612,Ribbons and Ink Pads,P - 10,Precision goods and miscellaneous,Production,9630658.517382,6785104.741621,6785104.741621,0.353029,0.261659,0,0,0,0,0,,0.149278,0.212502,6323671.745494,15.659811,15.73024,0.07043,1.565191,0.138454
VN,Viet Nam,P - 9613,Lighters,P - 10,Precision goods and miscellaneous,Production,45016468.972431,15330224.209193,15330224.209193,0.706663,0.423142,1,0,0,0,,1,0.15679,0.212556,10636027.298678,16.179758,16.545337,0.365579,0.915059,0.120736
VN,Viet Nam,P - 9701,Original Paintings,P - 10,Precision goods and miscellaneous,Production,1601156.167544,7204824.976546,7204824.976546,0.010584,0.018027,0,0,0,0,0,,0.111401,0.156897,39314552.301733,17.487105,15.790262,-1.696844,1.182864,0.137082
VN,Viet Nam,P - 9703,Original Sculptures,P - 10,Precision goods and miscellaneous,Production,467395.354154,984668.352449,984668.352449,0.010457,0.012019,0,0,0,0,0,,0.107015,0.162427,8191773.599535,15.918641,13.800061,-2.11858,-0.263604,0.154318
VN,Viet Nam,P - 9706,Antiques,P - 10,Precision goods and miscellaneous,Production,479635.447591,43848.474873,43848.474873,0.015115,0.004429,0,0,0,0,0,,0.053266,0.11827,2691822.453188,14.805729,10.688518,-4.117211,-1.033127,0.132316
VN,Viet Nam,S - 1077290770,Sustainable Agroforesty Practices,S - 6,Agricultural and environmental sciences,Science,12.0,59.0,10.970707,0.370033,0.447357,0,0,0,0,0,,0.139826,0.278444,37.341586,3.646535,4.094345,0.447809,-4.250372,0.37601
VN,Viet Nam,S - 1118837902,Studies on Spinal Disorders and Treatments,S - 2,Medical and health sciences,Science,1.0,1.0,0.25,0.060259,0.138332,0,0,0,0,0,,0.141484,0.215503,16.305769,2.85104,0.693147,-2.157893,0.20323,0.20908
VN,Viet Nam,S - 1158833789,Studies on Genitourinary Health and Diseases,S - 2,Medical and health sciences,Science,7.0,3.0,0.677778,0.269786,0.0999,0,0,0,0,0,,0.132875,0.208034,10.596082,2.450667,1.386294,-1.064373,-2.7503,0.266135
VN,Viet Nam,S - 11_1,"Plant Pathogens: Genetics, Resistance, and Control Strategies",S - 6,Agricultural and environmental sciences,Science,7.0,28.0,5.692447,0.158703,0.297931,0,0,0,0,0,,0.133716,0.215131,36.387501,3.621336,3.367296,-0.254041,-2.985445,0.291007
VN,Viet Nam,S - 11_10,Nutritional Science and Sustainable Agriculture Research,S - 6,Agricultural and environmental sciences,Science,1.0,14.0,2.633333,0.066529,0.323869,0,0,0,0,0,,0.130225,0.330373,17.901263,2.939229,2.70805,-0.231179,-5.120872,0.376326
VN,Viet Nam,S - 11_11,Biomass Utilization and Sustainable Bioenergy Research,S - 6,Agricultural and environmental sciences,Science,3.0,5.0,0.958333,0.311021,0.236867,0,0,0,0,0,,0.14924,0.218902,7.832176,2.178401,1.791759,-0.386642,-2.037694,0.272956
VN,Viet Nam,S - 11_12,Genomics and Breeding for Crop Improvement,S - 6,Agricultural and environmental sciences,Science,0.0,11.0,1.758285,0.0,0.264788,0,0,0,0,0,,0.139218,0.204848,17.046854,2.892971,2.484907,-0.408065,-3.77143,0.306052
VN,Viet Nam,S - 11_13,Antioxidant and Antimicrobial Properties of Natural Products,S - 6,Agricultural and environmental sciences,Science,21.0,106.0,31.091667,0.33027,0.463589,0,0,0,0,0,,0.180337,0.374371,75.653582,4.339296,4.672829,0.333532,-3.732514,0.370473
VN,Viet Nam,S - 11_15,Epidemiology and Control of Livestock Diseases,S - 6,Agricultural and environmental sciences,Science,33.0,25.0,3.822817,0.52091,0.410905,1,0,0,0,,1,0.128119,0.180998,13.537629,2.67674,3.258097,0.581356,-4.482147,0.351666
VN,Viet Nam,S - 11_16,"Food Safety, Agriculture Practices and Environmental Impact",S - 6,Agricultural and environmental sciences,Science,3.0,12.0,2.597222,0.17906,0.331035,0,0,0,0,0,,0.152139,0.232152,12.860491,2.629042,2.564949,-0.064093,-2.737774,0.299684
VN,Viet Nam,S - 11_17,"Invasive Species: Impact, Control, and Ecological Consequences",S - 6,Agricultural and environmental sciences,Science,2.0,2.0,0.583333,0.288599,0.288111,0,0,0,0,0,,0.148711,0.221159,3.915646,1.592423,1.098612,-0.493811,-2.494351,0.249755
VN,Viet Nam,S - 11_18,Marine Life Biology and Conservation Strategies,S - 6,Agricultural and environmental sciences,Science,2.0,6.0,1.027778,0.365289,0.384594,0,0,0,0,0,,0.139345,0.202771,3.279057,1.453733,1.94591,0.492177,-1.037543,0.230568
VN,Viet Nam,S - 11_20,Nutritional Analysis and Health Benefits of Natural Products,S - 6,Agricultural and environmental sciences,Science,0.0,4.0,0.611111,0.0,0.290567,0,0,0,0,0,,0.136516,0.314424,5.662724,1.896528,1.609438,-0.28709,-4.419105,0.275181
VN,Viet Nam,S - 11_21,Comprehensive Analysis of Food Processing and Quality Management,S - 6,Agricultural and environmental sciences,Science,4.0,25.0,5.005366,0.182417,0.31317,0,0,0,0,0,,0.156704,0.232113,32.962966,3.525271,3.258097,-0.267174,-2.707782,0.324124
VN,Viet Nam,S - 11_22,GABA Metabolism and Impact on Plant Stress Response,S - 6,Agricultural and environmental sciences,Science,2.0,7.0,1.611111,0.395806,0.370362,0,0,0,0,0,,0.140276,0.227621,6.460971,2.009686,2.079442,0.069756,-1.248582,0.20535
VN,Viet Nam,S - 11_23,Plant Biology: Stress Resistance and Growth Mechanisms,S - 6,Agricultural and environmental sciences,Science,10.0,59.0,13.314286,0.14016,0.276645,0,0,0,0,0,,0.153184,0.216254,81.159459,4.408662,4.094345,-0.314317,-1.905024,0.252524
VN,Viet Nam,S - 11_24,Genetic and Nutritional Analysis of Diverse Crops,S - 6,Agricultural and environmental sciences,Science,0.0,4.0,0.722222,0.0,0.440896,0,0,0,0,0,,0.148688,0.337513,2.950245,1.373778,1.609438,0.23566,-3.990087,0.233495
VN,Viet Nam,S - 11_25,Toxic Compounds in Food: Health Impacts and Mitigation,S - 6,Agricultural and environmental sciences,Science,0.0,2.0,0.277778,0.0,0.105212,0,0,0,0,0,,0.153642,0.219494,7.682712,2.161334,1.098612,-1.062722,-2.714116,0.263656
VN,Viet Nam,S - 11_26,Plant-Fungi Interactions and Evolutionary Botany,S - 6,Agricultural and environmental sciences,Science,3.0,10.0,2.464286,0.187804,0.239862,0,0,0,0,0,,0.151651,0.229449,17.805558,2.934152,2.397895,-0.536257,-2.068036,0.285457
VN,Viet Nam,S - 11_27,Genetic and Environmental Influences on Fruit Production,S - 6,Agricultural and environmental sciences,Science,0.0,22.0,6.388889,0.0,0.266759,0,0,0,0,0,,0.152031,0.234271,31.037397,3.466904,3.135494,-0.33141,-2.920908,0.293361
VN,Viet Nam,S - 11_28,Sustainability in Integrated Rice-Fish Farming Systems,S - 6,Agricultural and environmental sciences,Science,3.0,8.0,1.611111,0.809824,0.83164,1,1,1,1,,0,0.1136,0.208296,1.146368,0.763777,2.197225,1.433448,-2.381531,0.154585
VN,Viet Nam,S - 11_29,Non-Destructive Techniques for Estimating Leaf Area,S - 6,Agricultural and environmental sciences,Science,2.0,9.0,2.152778,0.485246,0.528417,0,1,1,0,1,,0.148181,0.220957,4.333045,1.673922,2.302585,0.628663,-1.822141,0.210126
VN,Viet Nam,S - 11_3,"Diversity, Evolution, and Ecological Impact of Non-Vascular Organisms",S - 6,Agricultural and environmental sciences,Science,4.0,6.0,1.416667,0.244226,0.275426,0,0,0,0,0,,0.157609,0.225735,11.60794,2.534327,1.94591,-0.588417,-1.333333,0.296293
VN,Viet Nam,S - 11_30,Advancements in Animal Health and Nutrition Research,S - 6,Agricultural and environmental sciences,Science,21.0,26.0,4.583333,0.324082,0.272222,0,0,0,0,0,,0.143756,0.208501,32.880037,3.522826,3.295837,-0.226989,-3.035082,0.325952
VN,Viet Nam,S - 11_31,"Ecology, Evolution, and Conservation of Animal Species",S - 6,Agricultural and environmental sciences,Science,5.0,18.0,2.275785,0.157718,0.375863,0,0,0,0,0,,0.12056,0.188646,8.801671,2.282553,2.944439,0.661886,-3.566129,0.334816
VN,Viet Nam,S - 11_32,Enzymatic Bioremediation and Textile Wastewater Treatment,S - 6,Agricultural and environmental sciences,Science,0.0,6.0,1.269841,0.0,0.377182,0,0,0,0,0,,0.152632,0.224433,5.366002,1.850972,1.94591,0.094938,-0.51023,0.202885
VN,Viet Nam,S - 11_33,"Plant Biodiversity, Evolution, and Conservation Studies",S - 6,Agricultural and environmental sciences,Science,1.0,8.0,1.105556,0.090833,0.389157,0,0,0,0,0,,0.149643,0.221165,9.207609,2.323133,2.197225,-0.125909,-1.670623,0.306859
VN,Viet Nam,S - 11_35,Interdisciplinary Studies on Biopolymers and Their Applications,S - 6,Agricultural and environmental sciences,Science,6.0,14.0,3.838889,0.236623,0.202977,0,0,0,0,0,,0.148619,0.225828,36.3443,3.62018,2.70805,-0.91213,-1.526992,0.24413
VN,Viet Nam,S - 11_4,Insect-Related Studies in Ecology and Pest Management,S - 6,Agricultural and environmental sciences,Science,15.0,43.0,7.562126,0.18497,0.274103,0,0,0,0,0,,0.124212,0.157538,24.598913,3.24255,3.78419,0.54164,-3.773928,0.374872
VN,Viet Nam,S - 11_5,"Food Security, Nutrition, and Sustainable Rural Development",S - 6,Agricultural and environmental sciences,Science,9.0,6.0,1.277778,0.622331,0.406967,1,0,0,0,,1,0.140928,0.232104,6.586269,2.02634,1.94591,-0.08043,-3.023036,0.291862
VN,Viet Nam,S - 11_6,Advancements in Cocoa Production and Processing,S - 6,Agricultural and environmental sciences,Science,3.0,11.0,3.094444,0.256955,0.295423,0,0,0,0,0,,0.149068,0.243555,14.449651,2.737586,2.484907,-0.25268,-2.71892,0.278969
VN,Viet Nam,S - 11_7,Insect Biodiversity and Evolutionary Phylogenetics,S - 6,Agricultural and environmental sciences,Science,2.0,3.0,0.555556,0.16274,0.160846,0,0,0,0,0,,0.157836,0.218729,10.69808,2.459425,1.386294,-1.07313,-1.979277,0.297706
VN,Viet Nam,S - 11_8,Impacts and Implications of Genetically Modified Crops,S - 6,Agricultural and environmental sciences,Science,0.0,0.0,0.0,0.0,0.0,0,0,0,0,0,,0.142057,0.18622,0.975551,0.680847,0.0,-0.680847,-1.771545,0.18436
VN,Viet Nam,S - 11_9,Plant Hormones and Interactions in Ecosystems,S - 6,Agricultural and environmental sciences,Science,2.0,9.0,1.722222,0.14743,0.299934,0,0,0,0,0,,0.145998,0.218434,10.411257,2.4346,2.302585,-0.132015,-2.63786,0.289064
VN,Viet Nam,S - 1318885856,Cancer Research and Treatment Advances,S - 2,Medical and health sciences,Science,7.0,19.0,2.643887,0.112478,0.117409,0,0,0,0,0,,0.142844,0.209919,84.474962,4.448223,2.995732,-1.452491,0.576956,0.218317
VN,Viet Nam,S - 13_0,Industrial Biotechnology and Enzyme Applications,S - 8,Life sciences,Science,7.0,14.0,2.566667,0.294219,0.329554,0,0,0,0,0,,0.152469,0.223928,14.756146,2.757231,2.70805,-0.04918,-1.2096,0.233392
VN,Viet Nam,S - 13_1,"RNA Structure, Regulation, and Metabolic Pathways",S - 8,Life sciences,Science,6.0,6.0,1.180952,0.129325,0.10897,0,0,0,0,0,,0.143419,0.208157,39.240701,3.694879,1.94591,-1.748969,0.369091,0.200626
VN,Viet Nam,S - 13_10,Molecular Mechanisms in Disease Pathogenesis and Aging,S - 8,Life sciences,Science,7.0,9.0,1.159731,0.099882,0.099393,0,0,0,0,0,,0.147761,0.214393,48.153079,3.894939,2.302585,-1.592354,0.067376,0.216028
VN,Viet Nam,S - 13_11,"Genomics and Bioinformatics: Analysis, Interpretation, and Education",S - 8,Life sciences,Science,4.0,19.0,2.775787,0.106594,0.172066,0,0,0,0,0,,0.141909,0.209215,43.821124,3.80268,2.995732,-0.806947,-1.556777,0.26159
VN,Viet Nam,S - 13_12,Oxidative Stress and Redox Regulation in Cellular Processes,S - 8,Life sciences,Science,12.0,10.0,2.055556,0.215255,0.127603,0,0,0,0,0,,0.147261,0.213691,36.593442,3.62683,2.397895,-1.228934,-0.542131,0.218008
VN,Viet Nam,S - 13_13,Molecular Mechanisms in Cellular Function and Pathology,S - 8,Life sciences,Science,11.0,8.0,1.861111,0.126858,0.142715,0,0,0,0,0,,0.146328,0.204984,44.068505,3.808184,2.197225,-1.610959,0.220388,0.235897
VN,Viet Nam,S - 13_14,Metabolic Processes in Disease Pathogenesis and Treatment,S - 8,Life sciences,Science,3.0,9.0,2.111111,0.071846,0.14281,0,0,0,0,0,,0.139031,0.209518,36.727149,3.63038,2.302585,-1.327795,-0.046244,0.210957
VN,Viet Nam,S - 13_15,DNA Barcoding and Species Identification Research,S - 8,Life sciences,Science,8.0,14.0,2.385526,0.436593,0.346129,0,0,0,0,0,,0.153418,0.209762,8.024673,2.199962,2.70805,0.508088,-3.333864,0.359742
VN,Viet Nam,S - 13_16,"Genetic Disorders: Mechanisms, Manifestations, and Management",S - 8,Life sciences,Science,4.0,5.0,1.0,0.108377,0.095764,0,0,0,0,0,,0.138774,0.218749,27.269164,3.341772,1.791759,-1.550012,-0.516113,0.249049
VN,Viet Nam,S - 13_17,Genetics and Pathogenesis in Human Digestive Health,S - 8,Life sciences,Science,4.0,12.0,1.47345,0.140055,0.131502,0,0,0,0,0,,0.143568,0.198512,43.571303,3.79709,2.564949,-1.232141,-1.254238,0.285926
VN,Viet Nam,S - 13_18,Molecular Mechanisms and Applications in Biosynthesis,S - 8,Life sciences,Science,7.0,17.0,3.716811,0.13304,0.166893,0,0,0,0,0,,0.147205,0.205736,38.942874,3.68745,2.890372,-0.797079,-2.460864,0.247929
VN,Viet Nam,S - 13_19,"Molecular Mechanisms in Health, Disease, and Therapeutic Development",S - 8,Life sciences,Science,4.0,6.0,1.25,0.07964,0.093088,0,0,0,0,0,,0.144416,0.212306,43.285423,3.790656,1.94591,-1.844745,0.397617,0.184657
VN,Viet Nam,S - 13_2,Molecular Mechanisms in Angiogenesis and Cancer Progression,S - 8,Life sciences,Science,0.0,2.0,0.222222,0.0,0.1919,0,0,0,0,0,,0.143394,0.217856,9.819081,2.381311,1.098612,-1.282699,0.769038,0.190921
VN,Viet Nam,S - 13_20,Pathogenesis and Genomic Analysis of Infectious Diseases,S - 8,Life sciences,Science,17.0,23.0,3.19523,0.377607,0.349997,0,0,0,0,0,,0.135126,0.217576,13.945985,2.704443,3.178054,0.473611,-4.07516,0.34942
VN,Viet Nam,S - 13_21,Protein Analysis and Engineering in Biomedical Research,S - 8,Life sciences,Science,5.0,22.0,4.538889,0.111567,0.320966,0,0,0,0,0,,0.14482,0.218625,36.966885,3.636714,3.135494,-0.50122,0.122769,0.225141
VN,Viet Nam,S - 13_22,Genomics in Plant Breeding and Genetic Diversity,S - 8,Life sciences,Science,8.0,7.0,1.361111,0.291886,0.248157,0,0,0,0,0,,0.135114,0.18614,9.854722,2.3846,2.079442,-0.305159,-3.334761,0.29782
VN,Viet Nam,S - 13_23,Fish-Based Biological and Physiological Studies,S - 8,Life sciences,Science,2.0,2.0,0.25,0.194036,0.241974,0,0,0,0,0,,0.14203,0.209924,6.085238,1.958013,1.098612,-0.859401,0.235428,0.206827
VN,Viet Nam,S - 13_24,Molecular Signaling Pathways in Health and Disease,S - 8,Life sciences,Science,5.0,7.0,1.630952,0.081282,0.083787,0,0,0,0,0,,0.141363,0.208585,37.349476,3.646741,2.079442,-1.567299,0.928912,0.19506
VN,Viet Nam,S - 13_25,Genetic Engineering and Biotechnological Production Techniques,S - 8,Life sciences,Science,14.0,37.0,8.482937,0.270908,0.349905,0,0,0,0,0,,0.151651,0.219712,38.718134,3.681808,3.637586,-0.044222,-1.408502,0.253171
VN,Viet Nam,S - 13_26,Pharmacological Potential of Natural Compounds and Proteins,S - 8,Life sciences,Science,8.0,19.0,5.0,0.406118,0.493133,0,0,0,0,0,,0.152836,0.2675,13.318042,2.66152,2.995732,0.334212,-2.896154,0.264007
VN,Viet Nam,S - 13_27,Pharmacological Properties and Therapeutic Potential of Plant Compounds,S - 8,Life sciences,Science,20.0,33.0,9.763889,0.47668,0.52053,0,1,1,0,1,,0.173008,0.269061,20.82794,3.083191,3.526361,0.44317,-2.606536,0.2392
VN,Viet Nam,S - 13_28,Advancements in Metabolic Research and Biochemical Analysis,S - 8,Life sciences,Science,13.0,23.0,3.986508,0.221527,0.201847,0,0,0,0,0,,0.149753,0.202366,41.36032,3.746212,3.178054,-0.568158,-1.428978,0.289004
VN,Viet Nam,S - 13_29,Genetics and Communication in Sex Differentiation,S - 8,Life sciences,Science,1.0,4.0,0.961988,0.056565,0.197675,0,0,0,0,0,,0.135622,0.205261,10.285323,2.423503,1.609438,-0.814065,-1.294733,0.247343
VN,Viet Nam,S - 13_3,"Evolution, Diversity, and Pathogenicity of Microbial Organisms",S - 8,Life sciences,Science,9.0,22.0,4.144828,0.185736,0.327584,0,0,0,0,0,,0.142355,0.206551,30.89749,3.462527,3.135494,-0.327033,-2.642957,0.313296
VN,Viet Nam,S - 13_30,RNA Mechanisms and Applications in Cancer Research,S - 8,Life sciences,Science,16.0,36.0,8.195508,0.120439,0.129907,0,0,0,0,0,,0.140711,0.208943,154.251744,5.045048,3.610918,-1.43413,0.089307,0.198853
VN,Viet Nam,S - 13_31,Computational Bioinformatics in Immunology and Proteomics,S - 8,Life sciences,Science,2.0,8.0,1.497619,0.237625,0.295668,0,0,0,0,0,,0.133078,0.207451,8.032744,2.200856,2.197225,-0.003632,-2.335979,0.244021
VN,Viet Nam,S - 13_32,Molecular Mechanisms in Development and Regeneration,S - 8,Life sciences,Science,2.0,2.0,0.277778,0.078912,0.058209,0,0,0,0,0,,0.144242,0.212494,17.990272,2.943927,1.098612,-1.845315,0.609424,0.185375
VN,Viet Nam,S - 13_33,"Signaling Pathways in Development, Disease, and Therapy",S - 8,Life sciences,Science,2.0,3.0,0.666667,0.066176,0.084238,0,0,0,0,0,,0.143394,0.210695,16.364766,2.854443,1.386294,-1.468149,1.170982,0.170142
VN,Viet Nam,S - 13_34,DNA Structures and Their Therapeutic Implications,S - 8,Life sciences,Science,1.0,3.0,0.833333,0.067051,0.150092,0,0,0,0,0,,0.145888,0.218443,13.373204,2.665366,1.386294,-1.279071,-0.22978,0.209848
VN,Viet Nam,S - 13_35,"DNA-Based Nanotechnology, Computation, and Interaction Dynamics",S - 8,Life sciences,Science,12.0,31.0,7.805556,0.253169,0.285541,0,0,0,0,0,,0.146628,0.211815,49.79858,3.927868,3.465736,-0.462132,-0.597629,0.21218
VN,Viet Nam,S - 13_36,Bioinformatics and Genomic Data Analysis Techniques,S - 8,Life sciences,Science,3.0,6.0,1.416667,0.115602,0.115118,0,0,0,0,0,,0.144926,0.214117,22.966237,3.176646,1.94591,-1.230736,-0.513212,0.233619
VN,Viet Nam,S - 13_37,Advancements in Bioimaging and Molecular Interaction Techniques,S - 8,Life sciences,Science,1.0,2.0,0.458333,0.067537,0.117178,0,0,0,0,0,,0.142763,0.211158,19.892904,3.03941,1.098612,-1.940797,0.986324,0.186111
VN,Viet Nam,S - 13_4,Plant-Derived Compounds in Disease Treatment and Prevention,S - 8,Life sciences,Science,11.0,10.0,2.888889,0.600401,0.596037,1,1,1,0,,0,0.151218,0.245534,4.367747,1.680408,2.397895,0.717487,-2.389619,0.225619
VN,Viet Nam,S - 13_5,Epigenetic Modifications and Implications in Biomedical Research,S - 8,Life sciences,Science,7.0,11.0,1.819841,0.114029,0.09955,0,0,0,0,0,,0.142171,0.210179,56.586897,4.053295,2.484907,-1.568388,0.113115,0.197352
VN,Viet Nam,S - 13_6,"Bioactive Compounds: Roles, Effects, and Therapeutic Applications",S - 8,Life sciences,Science,6.0,8.0,1.444444,0.275728,0.234532,0,0,0,0,0,,0.151403,0.224245,20.274163,3.057493,2.197225,-0.860269,-1.282895,0.253207
VN,Viet Nam,S - 13_7,Interdisciplinary Studies on Electromagnetic Fields and Biotechnology,S - 8,Life sciences,Science,0.0,8.0,1.486111,0.0,0.242412,0,0,0,0,0,,0.149697,0.224399,16.579556,2.866737,2.197225,-0.669512,-0.632335,0.245396
VN,Viet Nam,S - 13_8,Genetic Variation and Its Implications in Health and Evolution,S - 8,Life sciences,Science,12.0,11.0,1.081362,0.194404,0.126207,0,0,0,0,0,,0.112077,0.201475,30.016822,3.43453,2.484907,-0.949623,-2.79059,0.340241
VN,Viet Nam,S - 13_9,Microbial Interactions and Antibiotic Resistance,S - 8,Life sciences,Science,18.0,45.0,9.780556,0.228349,0.353632,0,0,0,0,0,,0.133667,0.19265,29.106725,3.404749,3.828641,0.423893,-3.297754,0.349299
VN,Viet Nam,S - 14_0,"Tourism, Hospitality, and Consumer Behavior Studies",S - 5,Business and economics,Science,2.0,8.0,2.483333,0.371882,0.574613,0,1,1,1,1,,0.146571,0.226106,3.208336,1.437067,2.197225,0.760157,0.766473,0.191457
VN,Viet Nam,S - 14_1,"Regulation, Competition, and Corporate Influence in Markets",S - 5,Business and economics,Science,7.0,15.0,2.594048,0.437592,0.420676,0,0,0,0,0,,0.136726,0.18738,4.08933,1.627146,2.772589,1.145442,-4.084424,0.409678
VN,Viet Nam,S - 14_10,Innovations and Impacts in Finance and Consumption,S - 5,Business and economics,Science,0.0,40.0,9.872222,0.0,0.542603,0,1,1,0,1,,0.145503,0.227309,20.269068,3.057254,3.713572,0.656318,-1.468668,0.282223
VN,Viet Nam,S - 14_11,"Digital Economy: Impact, Regulation, and Global Trade",S - 5,Business and economics,Science,0.0,4.0,1.111111,0.0,0.540417,0,1,1,0,1,,0.126314,0.227306,1.779425,1.022244,1.609438,0.587194,-0.357612,0.181913
VN,Viet Nam,S - 14_12,Supply Chain Management and Optimization Strategies,S - 5,Business and economics,Science,3.0,108.0,29.258333,0.123782,0.530029,0,1,1,0,1,,0.147029,0.226825,53.526075,3.998679,4.691348,0.692669,-2.390222,0.316682
VN,Viet Nam,S - 14_13,Global Governance and Sustainable Development in Digital Economy,S - 5,Business and economics,Science,2.0,5.0,1.544444,0.399177,0.492409,0,0,0,0,0,,0.138793,0.218697,3.029512,1.393645,1.791759,0.398114,-1.702549,0.240307
VN,Viet Nam,S - 14_14,Strategic Management and Innovation in Business,S - 5,Business and economics,Science,4.0,32.0,10.944444,0.18419,0.458383,0,0,0,0,0,,0.148757,0.221916,16.191567,2.844419,3.496508,0.652089,-1.536038,0.295544
VN,Viet Nam,S - 14_15,"Innovation, Entrepreneurship and Sustainable Development Strategies",S - 5,Business and economics,Science,5.0,78.0,28.541667,0.2066,0.577441,0,1,1,1,1,,0.147382,0.227291,25.904804,3.292305,4.369448,1.077143,-3.182828,0.349516
VN,Viet Nam,S - 14_16,Organizational Change and Agility in Digital Transformation,S - 5,Business and economics,Science,0.0,3.0,0.683333,0.0,0.422885,0,0,0,0,0,,0.139148,0.228714,2.181963,1.157498,1.386294,0.228796,-0.277817,0.222107
VN,Viet Nam,S - 14_17,"Financial Management, Investment Strategies and Economic Implications",S - 5,Business and economics,Science,1.0,37.0,11.083333,0.11898,0.691548,0,1,1,1,1,,0.143814,0.231263,10.402994,2.433876,3.637586,1.20371,-2.132582,0.294349
VN,Viet Nam,S - 14_18,Strategic Management and Organizational Performance Studies,S - 5,Business and economics,Science,5.0,9.0,2.833333,0.414075,0.597902,0,1,1,1,1,,0.156084,0.234139,6.723029,2.044207,2.302585,0.258378,-1.767681,0.286955
VN,Viet Nam,S - 14_19,SWOT Analysis and Strategic Decision-Making Across Industries,S - 5,Business and economics,Science,0.0,2.0,0.666667,0.0,0.698866,0,1,1,1,1,,0.119101,0.234145,0.60911,0.475681,1.098612,0.622931,0.287677,0.142173
VN,Viet Nam,S - 14_2,Business Strategy and Information Technology Integration,S - 5,Business and economics,Science,0.0,13.0,2.986111,0.0,0.413821,0,0,0,0,0,,0.142698,0.229271,8.703511,2.272488,2.639057,0.36657,-1.152995,0.275887
VN,Viet Nam,S - 14_20,Improving Interprofessional Communication in Healthcare,S - 5,Business and economics,Science,0.0,0.0,0.0,0.0,0.0,0,0,0,0,0,,0.11707,0.191378,1.374393,0.864742,0.0,-0.864742,-0.48932,0.139741
VN,Viet Nam,S - 14_21,Infrastructure Project Management and Financial Sustainability,S - 5,Business and economics,Science,0.0,3.0,0.666667,0.0,0.417425,0,0,0,0,0,,0.139125,0.208755,2.104107,1.132726,1.386294,0.253568,-1.081859,0.194425
VN,Viet Nam,S - 14_3,"Cooperative and Banking Systems: Governance, Risk, and Performance",S - 5,Business and economics,Science,0.0,29.0,7.066667,0.0,0.741781,0,1,1,1,1,,0.142904,0.294645,6.000088,1.945923,3.401197,1.455275,-3.947034,0.280789
VN,Viet Nam,S - 14_4,Operations and Quality Management Across Industries,S - 5,Business and economics,Science,1.0,12.0,3.944444,0.156909,0.564198,0,1,1,0,1,,0.151551,0.229245,6.523033,2.017969,2.564949,0.54698,-1.012269,0.252727
VN,Viet Nam,S - 14_5,Skills Development and Integration in Accounting Education,S - 5,Business and economics,Science,0.0,1.0,0.166667,0.0,0.549439,0,1,1,0,1,,0.120212,0.194297,0.458335,0.377295,0.693147,0.315852,0.554066,0.123753
VN,Viet Nam,S - 14_6,Organizational Performance and Behavior Analysis,S - 5,Business and economics,Science,1.0,42.0,10.905556,0.084326,0.569946,0,1,1,1,1,,0.144414,0.229139,18.593738,2.97521,3.7612,0.78599,-1.476767,0.269041
VN,Viet Nam,S - 14_7,"Corporate Governance, Ethics, and Financial Performance",S - 5,Business and economics,Science,10.0,136.0,44.205556,0.253734,0.668141,0,1,1,1,1,,0.148228,0.225778,40.091055,3.71579,4.919981,1.20419,-1.852627,0.298568
VN,Viet Nam,S - 14_8,Organizational Development and Innovation in Education,S - 5,Business and economics,Science,0.0,6.0,1.055556,0.0,0.37532,0,0,0,0,0,,0.138879,0.208144,5.811938,1.918677,1.94591,0.027233,0.421609,0.187187
VN,Viet Nam,S - 14_9,Consumer Behavior and Marketing Strategies Analysis,S - 5,Business and economics,Science,7.0,233.0,66.319444,0.207423,0.658568,0,1,1,1,1,,0.145762,0.237219,70.26567,4.266415,5.455321,1.188906,-2.328379,0.309072
VN,Viet Nam,S - 1578567585,Studies on Bone Health and Disorders,S - 2,Medical and health sciences,Science,7.0,6.0,0.927778,0.157515,0.177609,0,0,0,0,0,,0.144049,0.21653,25.813831,3.288918,1.94591,-1.343008,-0.004472,0.227032
VN,Viet Nam,S - 15_0,Chemical Properties and Applications in Diverse Fields,S - 9,Chemistry and pharmaceuticals,Science,17.0,38.0,8.541667,0.29939,0.362372,0,0,0,0,0,,0.14919,0.224323,45.667418,3.843046,3.663562,-0.179485,-1.046392,0.254766
VN,Viet Nam,S - 15_1,Catalysis and Chemical Processes in Energy Production,S - 9,Chemistry and pharmaceuticals,Science,9.0,58.0,7.971032,0.191566,0.373877,0,0,0,0,0,,0.146048,0.21416,65.044253,4.190325,4.077537,-0.112788,-0.505467,0.211474
VN,Viet Nam,S - 16_0,Applications and Analysis in Thermodynamics and Kinetics,S - 9,Chemistry and pharmaceuticals,Science,0.0,0.0,0.0,0.0,0.0,0,0,0,0,0,,0.142328,0.222472,2.226278,1.171329,0.0,-1.171329,0.888724,0.204224
VN,Viet Nam,S - 16_1,Catalysis in Organic Synthesis and Environmental Applications,S - 9,Chemistry and pharmaceuticals,Science,3.0,60.0,14.530952,0.125313,0.446791,0,0,0,0,0,,0.14206,0.228324,39.293653,3.696194,4.110874,0.41468,-1.603737,0.217578
VN,Viet Nam,S - 16_10,Synthesis and Bioactivity of Heterocyclic Compounds,S - 9,Chemistry and pharmaceuticals,Science,4.0,21.0,6.083333,0.150371,0.276301,0,0,0,0,0,,0.149201,0.246644,28.301646,3.377644,3.091042,-0.286601,-2.719598,0.286851
VN,Viet Nam,S - 16_11,Chemical Analysis and Health Effects of Natural Products,S - 9,Chemistry and pharmaceuticals,Science,0.0,6.0,1.416667,0.0,0.352966,0,0,0,0,0,,0.159218,0.283449,6.305978,1.988693,1.94591,-0.042783,-3.881643,0.289721
VN,Viet Nam,S - 16_12,Surfactants and Polymers: Computational Chemistry and Physics,S - 9,Chemistry and pharmaceuticals,Science,5.0,19.0,1.883333,0.277378,0.613538,0,1,1,0,1,,0.148995,0.216335,8.046814,2.202413,2.995732,0.79332,-0.27436,0.203087
VN,Viet Nam,S - 16_13,"Organic Chemistry: Reactions, Mechanisms, and Applications",S - 9,Chemistry and pharmaceuticals,Science,5.0,18.0,3.638889,0.196524,0.347022,0,0,0,0,0,,0.150292,0.22266,21.199871,3.100086,2.944439,-0.155647,-1.184179,0.259505
VN,Viet Nam,S - 16_14,Advancements and Applications in Analytical Chemistry,S - 9,Chemistry and pharmaceuticals,Science,9.0,42.0,8.504762,0.208351,0.335978,0,0,0,0,0,,0.149686,0.241153,43.912354,3.804713,3.7612,-0.043513,-2.27685,0.285472
VN,Viet Nam,S - 16_2,Advances in Catalysis and Organometallic Chemistry,S - 9,Chemistry and pharmaceuticals,Science,5.0,11.0,3.777778,0.085683,0.109044,0,0,0,0,0,,0.139731,0.205281,45.206556,3.833122,2.484907,-1.348215,0.272415,0.17281
VN,Viet Nam,S - 16_3,Advancements in Organic Synthesis and Green Chemistry,S - 9,Chemistry and pharmaceuticals,Science,12.0,23.0,6.361111,0.230152,0.290406,0,0,0,0,0,,0.144266,0.219531,31.507371,3.481467,3.178054,-0.303413,-1.206714,0.239652
VN,Viet Nam,S - 16_4,Chemistry and Applications of Advanced Materials,S - 9,Chemistry and pharmaceuticals,Science,17.0,56.0,14.155952,0.342852,0.379136,0,0,0,0,0,,0.147098,0.216483,53.752378,4.002821,4.043051,0.04023,-0.796133,0.200821
VN,Viet Nam,S - 16_5,Synthesis and Applications of Heterocyclic Compounds in Medicine,S - 9,Chemistry and pharmaceuticals,Science,0.0,3.0,0.75,0.0,0.235514,0,0,0,0,0,,0.143428,0.277612,7.234738,2.108362,1.386294,-0.722067,-3.250338,0.204211
VN,Viet Nam,S - 16_6,Advancements in Spectroscopy and Proteomics Techniques,S - 9,Chemistry and pharmaceuticals,Science,2.0,6.0,1.472222,0.069459,0.115663,0,0,0,0,0,,0.144141,0.213332,27.275014,3.341979,1.94591,-1.396068,0.799904,0.192802
VN,Viet Nam,S - 16_7,Innovations and Advances in Chemistry Research,S - 9,Chemistry and pharmaceuticals,Science,7.0,13.0,2.236111,0.165973,0.207418,0,0,0,0,0,,0.148164,0.218431,36.616344,3.627439,2.639057,-0.988381,-0.914228,0.240956
VN,Viet Nam,S - 16_8,Stereochemistry and Molecular Structure Analysis Techniques,S - 9,Chemistry and pharmaceuticals,Science,3.0,19.0,1.984921,0.120822,0.347956,0,0,0,0,0,,0.148835,0.218354,19.341038,3.01264,2.995732,-0.016908,-0.32956,0.23701
VN,Viet Nam,S - 16_9,Advancements in Ion Detection and Bioimaging Techniques,S - 9,Chemistry and pharmaceuticals,Science,2.0,46.0,11.236508,0.058936,0.325537,0,0,0,0,0,,0.149978,0.219471,49.802453,3.927945,3.850148,-0.077797,-0.865196,0.220866
VN,Viet Nam,S - 17_0,Computational Mathematics and Cryptography Techniques,S - 4,Computer science,Science,3.0,1.0,0.166667,0.559183,0.448466,1,0,0,0,,1,0.146785,0.206743,1.43875,0.891486,0.693147,-0.198338,2.052901,0.142853
VN,Viet Nam,S - 17_1,Software Development and Engineering Processes,S - 4,Computer science,Science,0.0,1.0,0.5,0.0,0.188796,0,0,0,0,0,,0.142669,0.218254,2.896319,1.360032,0.693147,-0.666885,0.044947,0.213262
VN,Viet Nam,S - 17_10,Advanced Computing Systems and Optimization Techniques,S - 4,Computer science,Science,2.0,3.0,0.316667,0.219033,0.196481,0,0,0,0,0,,0.144933,0.217652,7.850268,2.180448,1.386294,-0.794153,-0.787611,0.223572
VN,Viet Nam,S - 17_11,"IoT, Security, and Wireless Sensor Networks",S - 4,Computer science,Science,4.0,88.0,17.09127,0.316793,0.478041,0,0,0,0,0,,0.147706,0.230484,44.76389,3.823495,4.488636,0.665141,-2.460651,0.295414
VN,Viet Nam,S - 17_12,Human-Computer Interaction and Recognition Technologies,S - 4,Computer science,Science,0.0,16.0,3.75,0.0,0.340316,0,0,0,0,0,,0.146955,0.218387,17.456121,2.915396,2.833213,-0.082183,-0.789705,0.218683
VN,Viet Nam,S - 17_13,Cryptography and Security Techniques Analysis,S - 4,Computer science,Science,2.0,22.0,6.275,0.208092,0.376485,0,0,0,0,0,,0.143079,0.216402,16.789253,2.878595,3.135494,0.2569,-1.317274,0.225697
VN,Viet Nam,S - 17_14,Data Analysis and Information Retrieval Techniques,S - 4,Computer science,Science,11.0,78.0,17.034425,0.279688,0.413786,0,0,0,0,0,,0.146617,0.213093,48.194845,3.895789,4.369448,0.473659,-2.206755,0.290601
VN,Viet Nam,S - 17_15,Machine Learning and Natural Language Processing Techniques,S - 4,Computer science,Science,1.0,29.0,7.695536,0.153037,0.486205,0,0,0,0,0,,0.148795,0.217932,17.337301,2.908937,3.401197,0.49226,-1.060697,0.228528
VN,Viet Nam,S - 17_16,Interdisciplinary Studies in Information Theory and Security,S - 4,Computer science,Science,6.0,13.0,3.083333,0.272428,0.206626,0,0,0,0,0,,0.148718,0.216861,27.62475,3.354272,2.639057,-0.715214,-0.195904,0.225725
VN,Viet Nam,S - 17_17,Distributed Systems and Network Architectures,S - 4,Computer science,Science,0.0,8.0,1.225397,0.0,0.297697,0,0,0,0,0,,0.138357,0.209266,11.796515,2.549173,2.197225,-0.351948,0.121111,0.182135
VN,Viet Nam,S - 17_18,Advancements in Visual Content Analysis and Understanding,S - 4,Computer science,Science,0.0,9.0,1.892361,0.0,0.372945,0,0,0,0,0,,0.135147,0.203534,8.411895,2.241974,2.302585,0.060611,-0.2114,0.156081
VN,Viet Nam,S - 17_19,Data Management and Sharing in Scientific Research,S - 4,Computer science,Science,0.0,1.0,0.083333,0.0,0.21633,0,0,0,0,0,,0.12416,0.204264,2.368585,1.214493,0.693147,-0.521346,-0.023266,0.173327
VN,Viet Nam,S - 17_2,Machine Learning Techniques in Image and Face Recognition,S - 4,Computer science,Science,3.0,18.0,5.059028,0.24952,0.351182,0,0,0,0,0,,0.142745,0.208951,14.702444,2.753816,2.944439,0.190623,-0.883115,0.181293
VN,Viet Nam,S - 17_20,Human-Computer Interaction and User-Centered Design,S - 4,Computer science,Science,0.0,1.0,0.055556,0.0,0.111162,0,0,0,0,0,,0.134249,0.208748,7.898073,2.185835,0.693147,-1.492688,0.337485,0.201347
VN,Viet Nam,S - 17_21,Advanced Techniques and Applications in Speech and Signal Processing,S - 4,Computer science,Science,0.0,6.0,1.255952,0.0,0.291048,0,0,0,0,0,,0.143841,0.212421,12.236844,2.583004,1.94591,-0.637094,-0.923154,0.218455
VN,Viet Nam,S - 17_22,Advancements and Applications in Neural Networks,S - 4,Computer science,Science,0.0,8.0,2.125,0.0,0.267279,0,0,0,0,0,,0.147327,0.215315,18.889571,2.990196,2.197225,-0.792971,-1.027385,0.219783
VN,Viet Nam,S - 17_23,Advanced Computational Systems and Intelligent Design Methods,S - 4,Computer science,Science,6.0,23.0,6.566667,0.429606,0.561503,0,1,1,0,1,,0.155376,0.230029,11.185451,2.500243,3.178054,0.677811,-1.169753,0.22347
VN,Viet Nam,S - 17_24,"Security, Privacy, and Authentication in Digital Technologies",S - 4,Computer science,Science,0.0,11.0,2.677778,0.0,0.41239,0,0,0,0,0,,0.140317,0.224859,6.436413,2.006389,2.484907,0.478518,-3.220786,0.255193
VN,Viet Nam,S - 17_25,Advancements in Digital Imaging and Reconstruction Techniques,S - 4,Computer science,Science,1.0,5.0,0.805556,0.113476,0.273582,0,0,0,0,0,,0.144096,0.213078,14.163965,2.718922,1.791759,-0.927162,1.5284,0.159537
VN,Viet Nam,S - 17_26,Deep Learning Applications in Visual Processing and Analysis,S - 4,Computer science,Science,0.0,62.0,14.682738,0.0,0.343946,0,0,0,0,0,,0.142255,0.21464,65.171676,4.192253,4.143135,-0.049118,-1.482223,0.229643
VN,Viet Nam,S - 17_27,"Wireless Networks: Optimization, Security, and Spectrum Access",S - 4,Computer science,Science,5.0,11.0,3.047619,0.282642,0.534838,0,1,1,0,1,,0.139929,0.214592,6.492754,2.013936,2.484907,0.47097,-0.343834,0.190423
VN,Viet Nam,S - 17_28,Machine Learning Applications in Diverse Scientific Domains,S - 4,Computer science,Science,9.0,26.0,5.105556,0.282583,0.34344,0,0,0,0,0,,0.139735,0.230563,30.54919,3.451548,3.295837,-0.155711,-2.804278,0.315628
VN,Viet Nam,S - 17_29,Advancements in Digital Imaging and Video Processing Techniques,S - 4,Computer science,Science,1.0,11.0,2.416667,0.135289,0.420036,0,0,0,0,0,,0.143706,0.214189,9.857405,2.384847,2.484907,0.100059,-1.076124,0.200573
VN,Viet Nam,S - 17_3,Impact and Applications of Artificial Intelligence and Technology,S - 4,Computer science,Science,0.0,32.0,7.161111,0.0,0.493796,0,0,0,0,0,,0.139416,0.227361,19.250391,3.008174,3.496508,0.488333,-1.84794,0.292484
VN,Viet Nam,S - 17_30,Semantic Web and Knowledge Representation in Information Systems,S - 4,Computer science,Science,0.0,5.0,0.655556,0.0,0.384059,0,0,0,0,0,,0.149927,0.214809,3.584822,1.522751,1.791759,0.269008,0.674076,0.18748
VN,Viet Nam,S - 17_31,"Virtual Reality: Presence, Embodiment, and Interaction",S - 4,Computer science,Science,0.0,9.0,1.708333,0.0,0.319735,0,0,0,0,0,,0.132593,0.22239,10.232838,2.418841,2.302585,-0.116256,-0.076963,0.255585
VN,Viet Nam,S - 17_32,"Augmented Reality: Advances, Challenges, and Applications",S - 4,Computer science,Science,0.0,0.0,0.0,0.0,0.0,0,0,0,0,0,,0.132031,0.220692,4.564606,1.716426,0.0,-1.716426,0.209218,0.230932
VN,Viet Nam,S - 17_33,Digital Communication and Information Technology Impact,S - 4,Computer science,Science,0.0,23.0,6.013889,0.0,0.624139,0,1,1,1,1,,0.140759,0.245085,7.035678,2.083891,3.178054,1.094163,-2.886012,0.287216
VN,Viet Nam,S - 17_34,Optimization of Text Data Compression Algorithms,S - 4,Computer science,Science,0.0,0.0,0.0,0.0,0.0,0,0,0,0,0,,0.142528,0.201099,1.097456,0.740725,0.0,-0.740725,1.678848,0.13212
VN,Viet Nam,S - 17_35,Optimization and Applications of Evolutionary Algorithms,S - 4,Computer science,Science,8.0,27.0,7.025,0.483362,0.509289,0,1,1,0,1,,0.14643,0.226143,16.055109,2.83645,3.332205,0.495755,-1.450236,0.227063
VN,Viet Nam,S - 17_36,Synchronization in Complex Networked Systems,S - 4,Computer science,Science,3.0,8.0,1.936111,0.217528,0.25192,0,0,0,0,0,,0.142361,0.213809,13.826557,2.69642,2.197225,-0.499195,-0.531197,0.199968
VN,Viet Nam,S - 17_37,Advanced Iterative Algorithms and Numerical Techniques,S - 4,Computer science,Science,18.0,14.0,3.361111,0.69852,0.678387,1,1,1,0,,0,0.152612,0.223775,3.576068,1.52084,2.70805,1.18721,-1.466315,0.21482
VN,Viet Nam,S - 17_38,"Modeling, Simulation, and Optimization in Intelligent Systems",S - 4,Computer science,Science,0.0,10.0,2.583333,0.0,0.345595,0,0,0,0,0,,0.142493,0.209405,13.310422,2.660988,2.397895,-0.263093,0.487723,0.152462
VN,Viet Nam,S - 17_39,Digital Transformation and Knowledge Management in Academia,S - 4,Computer science,Science,0.0,4.0,1.416667,0.0,0.36168,0,0,0,0,0,,0.1414,0.218116,3.317518,1.462681,1.609438,0.146757,-0.842827,0.235519
VN,Viet Nam,S - 17_4,Advanced Techniques in Digital Image Processing,S - 4,Computer science,Science,1.0,17.0,4.597222,0.126555,0.3826,0,0,0,0,0,,0.142957,0.209133,16.399695,2.856453,2.890372,0.033919,-1.102791,0.201905
VN,Viet Nam,S - 17_40,Technological Innovations in Education and Learning,S - 4,Computer science,Science,1.0,15.0,4.6,0.245431,0.441724,0,0,0,0,0,,0.147048,0.234117,10.187653,2.414811,2.772589,0.357778,-2.582971,0.305298
VN,Viet Nam,S - 17_41,Advanced Algorithms and Complexity in Graph Theory,S - 4,Computer science,Science,2.0,5.0,1.194444,0.194838,0.39418,0,0,0,0,0,,0.144379,0.210478,4.638238,1.729572,1.791759,0.062188,0.659097,0.185724
VN,Viet Nam,S - 17_42,Advanced Techniques in Image Analysis and Processing,S - 4,Computer science,Science,4.0,6.0,1.611111,0.297767,0.313081,0,0,0,0,0,,0.144769,0.221314,13.539166,2.676846,1.94591,-0.730936,-1.252241,0.214879
VN,Viet Nam,S - 17_43,Computational Mechanics and Multiscale Analysis Methods,S - 4,Computer science,Science,7.0,15.0,2.944444,0.439876,0.61109,0,1,1,0,1,,0.146768,0.220387,6.694133,2.040458,2.772589,0.732131,-0.132105,0.198842
VN,Viet Nam,S - 17_44,Bayesian Inference and Probabilistic Models in Machine Learning,S - 4,Computer science,Science,0.0,0.0,0.0,0.0,0.0,0,0,0,0,0,,0.134379,0.200065,4.928264,1.779731,0.0,-1.779731,1.195628,0.157969
VN,Viet Nam,S - 17_45,Advancements and Applications in Machine Learning,S - 4,Computer science,Science,3.0,24.0,6.280952,0.242891,0.246937,0,0,0,0,0,,0.143268,0.212675,39.940996,3.712132,3.218876,-0.493256,0.627671,0.185079
VN,Viet Nam,S - 17_5,Advanced Algorithms and Techniques in Robotics and AI,S - 4,Computer science,Science,7.0,29.0,7.969444,0.360329,0.453611,0,0,0,0,0,,0.152391,0.218097,17.292763,2.906506,3.401197,0.494692,-0.586895,0.199178
VN,Viet Nam,S - 17_6,"Software Analysis, Verification, and Testing Techniques",S - 4,Computer science,Science,1.0,6.0,1.916667,0.135434,0.266146,0,0,0,0,0,,0.14998,0.222149,10.246272,2.420037,1.94591,-0.474127,-0.142672,0.226625
VN,Viet Nam,S - 17_7,Digital Transformation and Innovation in Education,S - 4,Computer science,Science,1.0,10.0,2.791667,0.171587,0.305226,0,0,0,0,0,,0.144372,0.234782,11.211283,2.50236,2.397895,-0.104465,-3.370873,0.33119
VN,Viet Nam,S - 17_8,Machine Learning in Cybersecurity and Network Analysis,S - 4,Computer science,Science,2.0,50.0,19.943452,0.154781,0.3562,0,0,0,0,0,,0.14522,0.216537,46.479803,3.860304,3.931826,0.071521,-1.822917,0.267707
VN,Viet Nam,S - 17_9,Optimization and Analysis of Wireless Network Systems,S - 4,Computer science,Science,3.0,13.0,1.85119,0.26954,0.456078,0,0,0,0,0,,0.146963,0.212989,9.245454,2.326834,2.639057,0.312223,-0.609164,0.19291
VN,Viet Nam,S - 18_0,Methodologies and Applications in Knowledge Synthesis,S - 5,Business and economics,Science,1.0,6.0,0.888889,0.092395,0.19591,0,0,0,0,0,,0.140789,0.215783,12.961025,2.636269,1.94591,-0.690359,-0.76939,0.227596
VN,Viet Nam,S - 18_1,Methodologies and Applications in Data Analysis,S - 5,Business and economics,Science,5.0,90.0,23.883333,0.198878,0.616977,0,1,1,1,1,,0.14409,0.234379,30.48506,3.449513,4.51086,1.061346,-2.880195,0.320089
VN,Viet Nam,S - 18_2,Optimization and Uncertainty Management in Complex Systems,S - 5,Business and economics,Science,2.0,15.0,4.0,0.183324,0.474956,0,0,0,0,0,,0.147237,0.217725,11.314952,2.510814,2.772589,0.261775,-0.692943,0.216347
VN,Viet Nam,S - 18_3,"Interdisciplinary Studies in Science, Technology, and Innovation",S - 5,Business and economics,Science,0.0,13.0,2.555556,0.0,0.432464,0,0,0,0,0,,0.139263,0.21933,7.673749,2.160301,2.639057,0.478756,-1.049872,0.239602
VN,Viet Nam,S - 18_4,Strategic Interactions and Optimization in Networked Systems,S - 5,Business and economics,Science,0.0,1.0,0.166667,0.0,0.205258,0,0,0,0,0,,0.136221,0.204992,5.281504,1.837609,0.693147,-1.144462,1.715096,0.152777
VN,Viet Nam,S - 18_5,Risk and Decision Making in Business Contexts,S - 5,Business and economics,Science,3.0,19.0,5.333333,0.129756,0.386982,0,0,0,0,0,,0.144473,0.222422,23.285764,3.18989,2.995732,-0.194158,-1.497411,0.250682
VN,Viet Nam,S - 18_6,Impact and Applications of Data-Driven Technologies,S - 5,Business and economics,Science,0.0,5.0,1.583333,0.0,0.554497,0,1,1,1,1,,0.122373,0.228152,3.236991,1.443853,1.791759,0.347906,-0.491875,0.21237
VN,Viet Nam,S - 18_7,Forecasting Techniques in Various Disciplines,S - 5,Business and economics,Science,0.0,19.0,4.222222,0.0,0.518651,0,1,1,0,1,,0.146303,0.229152,10.067024,2.40397,2.995732,0.591762,-1.993499,0.270767
VN,Viet Nam,S - 18_8,Decision Making Using Advanced Set Theories,S - 5,Business and economics,Science,2.0,31.0,11.511111,0.245929,0.618516,0,1,1,0,1,,0.154348,0.265794,20.611332,3.073218,3.465736,0.392518,-2.339459,0.225834
VN,Viet Nam,S - 19_0,Interdisciplinary Studies on Earth and Marine Ecosystem Dynamics,S - 6,Agricultural and environmental sciences,Science,25.0,42.0,7.739286,0.200553,0.252644,0,0,0,0,0,,0.125243,0.159667,34.33644,3.564915,3.7612,0.196285,-1.605153,0.329637
VN,Viet Nam,S - 19_1,Interdisciplinary Applications of Geospatial Technologies,S - 6,Agricultural and environmental sciences,Science,7.0,22.0,3.476852,0.257144,0.348375,0,0,0,0,0,,0.13624,0.206349,19.390357,3.015062,3.135494,0.120432,-2.932989,0.295204
VN,Viet Nam,S - 19_2,"Geodynamics, Tectonics and Seismic Activity Studies",S - 6,Agricultural and environmental sciences,Science,21.0,14.0,3.538889,0.250932,0.191151,0,0,0,0,0,,0.123208,0.207167,39.999046,3.713549,2.70805,-1.005499,-1.609517,0.260115
VN,Viet Nam,S - 19_3,Impacts and Dynamics of Climate Change,S - 6,Agricultural and environmental sciences,Science,17.0,29.0,4.124603,0.174677,0.167442,0,0,0,0,0,,0.072325,0.179629,51.509781,3.960999,3.401197,-0.559802,-1.315555,0.29338
VN,Viet Nam,S - 19_4,Evolutionary Patterns and Phylogenetic Analysis Across Species,S - 6,Agricultural and environmental sciences,Science,5.0,2.0,0.119444,0.259343,0.147273,0,0,0,0,0,,0.136816,0.205005,7.281844,2.114066,1.098612,-1.015453,-1.206913,0.249479
VN,Viet Nam,S - 19_5,Advancements in Geophysical Exploration Techniques,S - 6,Agricultural and environmental sciences,Science,3.0,16.0,3.111111,0.151896,0.348103,0,0,0,0,0,,0.133661,0.1995,14.139813,2.717328,2.833213,0.115885,-1.085503,0.230786
VN,Viet Nam,S - 19_6,"Geoscience: Analysis, Modeling, and Sustainability",S - 6,Agricultural and environmental sciences,Science,0.0,16.0,3.694444,0.0,0.355637,0,0,0,0,0,,0.140406,0.222217,20.170442,3.052606,2.833213,-0.219393,-2.401907,0.288857
VN,Viet Nam,S - 19_7,Modeling and Analysis of Geophysical and Climatic Processes,S - 6,Agricultural and environmental sciences,Science,22.0,35.0,6.522354,0.293011,0.293976,0,0,0,0,0,,0.093205,0.163476,20.29911,3.058665,3.583519,0.524854,-2.428251,0.297037
VN,Viet Nam,S - 2020830663,Analysis of Parasitic Diseases,S - 2,Medical and health sciences,Science,4.0,5.0,0.511111,0.206587,0.208051,0,0,0,0,0,,0.175704,0.182415,4.960033,1.785076,1.791759,0.006684,-4.934313,0.344356
VN,Viet Nam,S - 2024860811,Studies on Kidney Diseases and Treatments,S - 2,Medical and health sciences,Science,8.0,6.0,1.011111,0.170402,0.148666,0,0,0,0,0,,0.1457,0.214849,37.277364,3.644859,1.94591,-1.698949,-1.359817,0.263128
VN,Viet Nam,S - 20_0,Economic and Cultural Dynamics in Entertainment Industries,S - 5,Business and economics,Science,0.0,0.0,0.0,0.0,0.0,0,0,0,0,0,,0.138284,0.211901,2.587649,1.277497,0.0,-1.277497,2.009631,0.179845
VN,Viet Nam,S - 20_1,Macroeconomic Dynamics and Financial Stability Analysis,S - 5,Business and economics,Science,1.0,22.0,4.883333,0.052747,0.474708,0,0,0,0,0,,0.142137,0.215658,13.273549,2.658408,3.135494,0.477086,-1.960415,0.284603
VN,Viet Nam,S - 20_10,"Financial Systems, Credit Risk, and Housing Market Dynamics",S - 5,Business and economics,Science,1.0,33.0,8.927778,0.088981,0.65857,0,1,1,1,1,,0.146286,0.227566,12.65289,2.613951,3.526361,0.912409,-1.690457,0.262365
VN,Viet Nam,S - 20_11,Impacts of Economic Factors and Digitalization on Global Development,S - 5,Business and economics,Science,1.0,43.0,10.776984,0.196617,0.593608,0,1,1,1,1,,0.120488,0.277116,18.700298,2.980634,3.78419,0.803556,-4.257547,0.387482
VN,Viet Nam,S - 20_13,Economic Perspectives in Law and Public Policy,S - 5,Business and economics,Science,0.0,1.0,0.333333,0.0,0.42714,0,0,0,0,0,,0.12653,0.200255,1.085248,0.734888,0.693147,-0.04174,2.219813,0.116913
VN,Viet Nam,S - 20_14,Market Dynamics and Antitrust Enforcement Studies,S - 5,Business and economics,Science,1.0,0.0,0.0,0.381636,0.0,0,0,0,0,0,,0.13519,0.184827,0.845188,0.612581,0.0,-0.612581,2.234972,0.098971
VN,Viet Nam,S - 20_15,Global Economic Development and Financial Dynamics,S - 5,Business and economics,Science,2.0,30.0,7.886111,0.179847,0.610682,0,1,1,1,1,,0.145259,0.247754,9.390563,2.340898,3.433987,1.093089,-4.195933,0.336858
VN,Viet Nam,S - 20_2,"Economic Development, Innovation, and Sustainability Studies",S - 5,Business and economics,Science,0.0,3.0,0.777778,0.0,0.353187,0,0,0,0,0,,0.143231,0.229269,4.41907,1.689924,1.386294,-0.30363,-1.392729,0.24027
VN,Viet Nam,S - 20_3,Financial Market Modeling and Asset Pricing Analysis,S - 5,Business and economics,Science,3.0,43.0,7.514286,0.136274,0.601378,0,1,1,0,1,,0.148757,0.221639,21.236376,3.101729,3.78419,0.68246,-1.251886,0.255316
VN,Viet Nam,S - 20_4,Economic and Environmental Implications of Policy and Resources,S - 5,Business and economics,Science,1.0,233.0,50.254365,0.059566,0.654084,0,1,1,0,1,,0.146578,0.239176,65.368283,4.195219,5.455321,1.260102,-2.730312,0.293721
VN,Viet Nam,S - 20_5,"Economic Development, Innovation, and Global Competitiveness",S - 5,Business and economics,Science,1.0,37.0,9.819444,0.071019,0.56024,0,1,1,0,1,,0.14909,0.223445,15.05821,2.77622,3.637586,0.861366,-2.371424,0.323091
VN,Viet Nam,S - 20_6,Economics and Policy in Healthcare and Insurance,S - 5,Business and economics,Science,22.0,24.0,4.740873,0.322542,0.271296,0,0,0,0,0,,0.118515,0.163951,17.375101,2.910997,3.218876,0.307879,-3.922924,0.371466
VN,Viet Nam,S - 20_7,"Fiscal Policy, Taxation, and Economic Implications Research",S - 5,Business and economics,Science,7.0,34.0,11.588889,0.345152,0.614738,0,1,1,0,1,,0.149496,0.24929,14.455281,2.737951,3.555348,0.817397,-3.617139,0.316603
VN,Viet Nam,S - 20_8,"Economic Theory, Behavior, and Institutional Design",S - 5,Business and economics,Science,0.0,0.0,0.0,0.0,0.0,0,0,0,0,0,,0.130398,0.195386,1.153527,0.767107,0.0,-0.767107,2.117166,0.142683
VN,Viet Nam,S - 20_9,Spatial Economics and Regional Development Analysis,S - 5,Business and economics,Science,3.0,0.0,0.0,0.368353,0.0,0,0,0,0,0,,0.140621,0.206085,4.928262,1.779731,0.0,-1.779731,1.043471,0.160974
VN,Viet Nam,S - 2185987103,Analysis of Fungal Infections and Treatment,S - 2,Medical and health sciences,Science,3.0,4.0,0.580128,0.21105,0.216216,0,0,0,0,0,,0.146837,0.185806,5.583438,1.884557,1.609438,-0.275119,-3.225924,0.300596
VN,Viet Nam,S - 21_0,"Renewable Energy: Integration, Efficiency, and Sustainability",S - 3,Engineering and energy,Science,6.0,155.0,27.476124,0.165073,0.508343,0,1,1,0,1,,0.150646,0.244053,77.362907,4.361351,5.049856,0.688505,-3.004634,0.340399
VN,Viet Nam,S - 21_1,Advancements in Solar Energy Conversion Technologies,S - 3,Engineering and energy,Science,24.0,227.0,50.879299,0.314449,0.462384,0,0,0,0,0,,0.144981,0.23971,132.045821,4.890694,5.429346,0.538652,-2.115191,0.232049
VN,Viet Nam,S - 21_2,Global Impact and Implications of Gas Flaring,S - 3,Engineering and energy,Science,0.0,2.0,0.316667,0.0,0.588151,0,1,1,1,1,,0.130738,0.212461,0.672425,0.514275,1.098612,0.584338,-2.495527,0.169601
VN,Viet Nam,S - 21_3,Chemical Processes in Energy Production and Conversion,S - 3,Engineering and energy,Science,3.0,42.0,6.831481,0.118869,0.251782,0,0,0,0,0,,0.143852,0.208721,82.447153,4.424214,3.7612,-0.663013,0.161822,0.180799
VN,Viet Nam,S - 2282278658,Sustainable Soil-Plant-Microbe Interactions,S - 6,Agricultural and environmental sciences,Science,9.0,27.0,5.208333,0.259337,0.249412,0,0,0,0,0,,0.143401,0.220124,37.416195,3.648479,3.332205,-0.316275,-2.825839,0.290028
VN,Viet Nam,S - 22_0,Gecko Adhesion Mechanics and Biomimetic Applications,S - 3,Engineering and energy,Science,0.0,2.0,0.5,0.0,0.278334,0,0,0,0,0,,0.145172,0.212083,7.320426,2.118713,1.098612,-1.020101,1.799617,0.152818
VN,Viet Nam,S - 22_1,"Maritime Safety, Technology, and Environmental Management",S - 3,Engineering and energy,Science,4.0,17.0,4.097222,0.344376,0.351477,0,0,0,0,0,,0.148406,0.218834,19.886225,3.03909,2.890372,-0.148718,-0.236424,0.232449
VN,Viet Nam,S - 22_10,Advanced Energy Technologies and Thermochemical Processes,S - 3,Engineering and energy,Science,3.0,63.0,7.765079,0.116611,0.379732,0,0,0,0,0,,0.145925,0.219117,49.267601,3.917361,4.158883,0.241522,-1.024393,0.232171
VN,Viet Nam,S - 22_11,"Transportation Efficiency, Maintenance, and Environmental Impact",S - 3,Engineering and energy,Science,2.0,17.0,3.742063,0.172417,0.409907,0,0,0,0,0,,0.149514,0.225584,21.639755,3.119707,2.890372,-0.229336,-1.177003,0.243915
VN,Viet Nam,S - 22_12,Advancements in Civil Engineering and Construction Technologies,S - 3,Engineering and energy,Science,17.0,137.0,34.894444,0.3646,0.518574,0,1,1,0,1,,0.154901,0.228464,82.826761,4.428752,4.927254,0.498501,-1.792083,0.254804
VN,Viet Nam,S - 22_13,Satellite Remote Sensing and Geospatial Analysis,S - 3,Engineering and energy,Science,0.0,3.0,0.583333,0.0,0.229728,0,0,0,0,0,,0.139415,0.20262,5.885944,1.929482,1.386294,-0.543188,0.402186,0.160086
VN,Viet Nam,S - 22_14,Wireless Energy Transfer and Application Technologies,S - 3,Engineering and energy,Science,2.0,44.0,10.371429,0.196228,0.55145,0,1,1,0,1,,0.146767,0.218576,15.919692,2.828478,3.806662,0.978184,-1.769161,0.244006
VN,Viet Nam,S - 22_15,Advancements in Nanomaterial-Based Sensor Technologies,S - 3,Engineering and energy,Science,34.0,167.0,38.836111,0.280633,0.369726,0,0,0,0,0,,0.152924,0.222737,163.387197,5.102225,5.123964,0.021739,-1.397569,0.233623
VN,Viet Nam,S - 22_16,Mechanical Behavior and Simulation in Materials Science,S - 3,Engineering and energy,Science,27.0,78.0,18.761508,0.422229,0.53711,0,1,1,0,1,,0.148898,0.215397,43.26078,3.790099,4.369448,0.579349,-0.021827,0.212724
VN,Viet Nam,S - 22_17,Advancements in Spacecraft Technology and Operations,S - 3,Engineering and energy,Science,2.0,1.0,0.333333,0.32616,0.090387,0,0,0,0,0,,0.140108,0.207028,7.146588,2.097599,0.693147,-1.404452,0.891893,0.166848
VN,Viet Nam,S - 22_18,Advancements and Applications in Robotics and Control Systems,S - 3,Engineering and energy,Science,8.0,39.0,12.322222,0.282424,0.401241,0,0,0,0,0,,0.149995,0.218013,35.006283,3.583693,3.688879,0.105186,-0.250351,0.206129
VN,Viet Nam,S - 22_19,Advanced Wireless Communication and Network Optimization,S - 3,Engineering and energy,Science,5.0,67.0,17.401984,0.262255,0.572124,0,1,1,0,1,,0.142283,0.210105,23.707342,3.2071,4.219508,1.012407,-1.312855,0.205192
VN,Viet Nam,S - 22_2,Integration and Optimization of Renewable Energy in Power Systems,S - 3,Engineering and energy,Science,6.0,69.0,15.555952,0.235687,0.362862,0,0,0,0,0,,0.15163,0.232033,64.065155,4.175389,4.248495,0.073106,-2.319621,0.301003
VN,Viet Nam,S - 22_20,Machine Learning in Fault Diagnosis and Prognostics,S - 3,Engineering and energy,Science,3.0,17.0,3.875,0.230469,0.288131,0,0,0,0,0,,0.14647,0.214231,25.918006,3.292795,2.890372,-0.402424,-1.122006,0.201648
VN,Viet Nam,S - 22_21,Geotechnical Engineering and Soil Mechanics,S - 3,Engineering and energy,Science,21.0,94.0,27.85,0.330415,0.45818,0,0,0,0,0,,0.149451,0.216365,68.88374,4.246833,4.553877,0.307044,-1.914521,0.241196
VN,Viet Nam,S - 22_22,Process Optimization and Simulation Techniques,S - 3,Engineering and energy,Science,3.0,3.0,0.471429,0.337484,0.256516,0,0,0,0,0,,0.146676,0.220228,6.714678,2.043125,1.386294,-0.65683,-0.685291,0.23559
VN,Viet Nam,S - 22_23,Advanced Control and Optimization in Engineering Systems,S - 3,Engineering and energy,Science,14.0,57.0,16.75,0.344875,0.494776,0,0,0,0,0,,0.149821,0.221009,36.915927,3.635371,4.060443,0.425072,-0.927838,0.216021
VN,Viet Nam,S - 22_24,Biologically Inspired Adaptive Design and Morphological Analysis,S - 3,Engineering and energy,Science,0.0,5.0,1.833333,0.0,0.597772,0,1,1,0,1,,0.132485,0.208749,1.454278,0.897833,1.791759,0.893927,1.031405,0.167359
VN,Viet Nam,S - 22_25,Nanotechnology Applications and Interdisciplinary Studies,S - 3,Engineering and energy,Science,0.0,23.0,3.777778,0.0,0.253198,0,0,0,0,0,,0.142771,0.205411,37.469903,3.649876,3.178054,-0.471822,-0.029522,0.163609
VN,Viet Nam,S - 22_26,Advanced Material Analysis and Nanoparticle Synthesis Techniques,S - 3,Engineering and energy,Science,3.0,9.0,2.472222,0.20028,0.272803,0,0,0,0,0,,0.150365,0.222323,13.212404,2.654115,2.302585,-0.35153,-0.74489,0.243833
VN,Viet Nam,S - 22_27,Advancements in Noninvasive Cancer Detection and Treatment Technologies,S - 3,Engineering and energy,Science,1.0,0.0,0.0,0.139436,0.0,0,0,0,0,0,,0.135247,0.212009,5.817613,1.919509,0.0,-1.919509,0.646193,0.18912
VN,Viet Nam,S - 22_28,Advancements in Optical and Photonic Technologies,S - 3,Engineering and energy,Science,8.0,27.0,8.208333,0.168542,0.266772,0,0,0,0,0,,0.145978,0.211916,42.172204,3.765197,3.332205,-0.432992,-0.432329,0.221409
VN,Viet Nam,S - 22_29,Innovations and Approaches in Engineering Education,S - 3,Engineering and energy,Science,1.0,2.0,0.666667,0.21009,0.189087,0,0,0,0,0,,0.140527,0.218437,5.486926,1.869789,1.098612,-0.771176,-0.470426,0.240045
VN,Viet Nam,S - 22_3,Advancements in Concrete and Structural Engineering,S - 3,Engineering and energy,Science,33.0,136.0,41.663889,0.507198,0.516731,1,1,1,0,,0,0.154401,0.226586,64.433573,4.181035,4.919981,0.738945,-2.076652,0.245328
VN,Viet Nam,S - 22_30,"Mechanical Systems: Dynamics, Friction, and Joint Analysis",S - 3,Engineering and energy,Science,1.0,6.0,1.611111,0.214207,0.236409,0,0,0,0,0,,0.145108,0.212099,9.897458,2.38853,1.94591,-0.442619,0.288319,0.147898
VN,Viet Nam,S - 22_31,Advancements in Diverse Laser Technologies,S - 3,Engineering and energy,Science,1.0,5.0,0.916667,0.090463,0.165675,0,0,0,0,0,,0.14603,0.217426,16.160908,2.842634,1.791759,-1.050875,1.116959,0.184034
VN,Viet Nam,S - 22_32,"Interdisciplinary Studies in Architecture, Urbanism and Cognition",S - 3,Engineering and energy,Science,0.0,1.0,0.166667,0.0,0.26033,0,0,0,0,0,,0.138593,0.218066,4.247582,1.657767,0.693147,-0.96462,-0.034837,0.200089
VN,Viet Nam,S - 22_33,Heat Transfer and Thermal Analysis Across Disciplines,S - 3,Engineering and energy,Science,8.0,55.0,8.91746,0.215392,0.297331,0,0,0,0,0,,0.144032,0.270434,66.162339,4.207113,4.025352,-0.181761,-2.818268,0.249281
VN,Viet Nam,S - 22_34,Sustainable Utilization and Management of Industrial Waste,S - 3,Engineering and energy,Science,5.0,18.0,3.753175,0.372249,0.337338,0,0,0,0,0,,0.14933,0.227462,21.568196,3.116542,2.944439,-0.172103,-1.668436,0.230755
VN,Viet Nam,S - 22_35,Advancements in Antenna Design and Wireless Communication Systems,S - 3,Engineering and energy,Science,5.0,32.0,8.330556,0.267127,0.368297,0,0,0,0,0,,0.143114,0.21072,31.902799,3.493558,3.496508,0.00295,-0.83096,0.181872
VN,Viet Nam,S - 22_36,Advancements in Nanotechnology and Microelectronics,S - 3,Engineering and energy,Science,8.0,12.0,2.777778,0.174351,0.169331,0,0,0,0,0,,0.14592,0.209036,37.523517,3.651269,2.564949,-1.08632,0.920868,0.190902
VN,Viet Nam,S - 22_37,Three-Dimensional Imaging and Processing Techniques,S - 3,Engineering and energy,Science,1.0,7.0,1.444444,0.123652,0.282976,0,0,0,0,0,,0.14095,0.216413,15.41841,2.798403,2.079442,-0.718962,-0.098421,0.196501
VN,Viet Nam,S - 22_38,Advancements and Challenges in Electronic Materials and Systems,S - 3,Engineering and energy,Science,1.0,5.0,1.25,0.085197,0.186431,0,0,0,0,0,,0.145904,0.216069,14.823571,2.761501,1.791759,-0.969741,0.624362,0.195115
VN,Viet Nam,S - 22_39,Advanced Measurement Techniques and Error Compensation,S - 3,Engineering and energy,Science,1.0,8.0,2.416667,0.16182,0.341621,0,0,0,0,0,,0.14438,0.216877,8.098687,2.20813,2.197225,-0.010906,0.887021,0.181417
VN,Viet Nam,S - 22_4,Advancements in Optical Communication Technologies,S - 3,Engineering and energy,Science,1.0,19.0,5.144841,0.097406,0.426671,0,0,0,0,0,,0.144716,0.218655,15.330546,2.793037,2.995732,0.202695,-0.387034,0.215273
VN,Viet Nam,S - 22_40,Sustainable Urban Development and Construction Practices,S - 3,Engineering and energy,Science,2.0,52.0,12.161111,0.134604,0.384989,0,0,0,0,0,,0.154323,0.229842,47.739663,3.886493,3.970292,0.083799,-2.203765,0.300951
VN,Viet Nam,S - 22_41,Advancements in Clean Fuel Production Technologies,S - 3,Engineering and energy,Science,6.0,46.0,6.013889,0.234308,0.533877,0,1,1,0,1,,0.151011,0.241416,30.398304,3.446754,3.850148,0.403394,-2.41082,0.242541
VN,Viet Nam,S - 22_42,Advancements in Microfluidic Technologies and Applications,S - 3,Engineering and energy,Science,11.0,24.0,7.069444,0.263717,0.281019,0,0,0,0,0,,0.146211,0.219239,44.819597,3.824712,3.218876,-0.605836,-0.221591,0.220599
VN,Viet Nam,S - 22_43,Advanced Techniques in RF and Frequency Analysis,S - 3,Engineering and energy,Science,0.0,0.0,0.0,0.0,0.0,0,0,0,0,0,,0.14401,0.202795,1.538301,0.931495,0.0,-0.931495,2.501152,0.121985
VN,Viet Nam,S - 22_44,Advanced Composite Materials and Structural Analysis,S - 3,Engineering and energy,Science,52.0,159.0,40.607937,0.574569,0.657245,1,1,1,0,,0,0.153028,0.221454,52.76142,3.984556,5.075174,1.090618,-0.903757,0.224045
VN,Viet Nam,S - 22_45,Advanced Imaging Techniques and Applications in Deep Learning,S - 3,Engineering and energy,Science,3.0,36.0,8.847222,0.166575,0.348137,0,0,0,0,0,,0.141474,0.213084,32.282082,3.505019,3.610918,0.105899,-1.372698,0.207924
VN,Viet Nam,S - 22_46,Smart Refrigeration and RFID Technologies in IoT Applications,S - 3,Engineering and energy,Science,2.0,10.0,1.769444,0.271887,0.349576,0,0,0,0,0,,0.146243,0.223539,9.220152,2.324361,2.397895,0.073534,-1.830115,0.218668
VN,Viet Nam,S - 22_47,Advancements in Microelectronics and Nanoscale Lithography Techniques,S - 3,Engineering and energy,Science,2.0,8.0,3.25,0.181883,0.432744,0,0,0,0,0,,0.145638,0.214088,12.445225,2.598624,2.197225,-0.401399,0.828328,0.161771
VN,Viet Nam,S - 22_48,Advanced Localization and Navigation Technologies,S - 3,Engineering and energy,Science,2.0,22.0,5.097222,0.167561,0.328738,0,0,0,0,0,,0.146814,0.219395,26.041586,3.297376,3.135494,-0.161882,0.136688,0.191906
VN,Viet Nam,S - 22_49,Digital Transformation in Industry and Manufacturing,S - 3,Engineering and energy,Science,2.0,25.0,7.136111,0.405189,0.419358,0,0,0,0,0,,0.141739,0.235996,25.328636,3.270657,3.258097,-0.012561,-1.772001,0.29149
VN,Viet Nam,S - 22_5,"Advanced Materials: Synthesis, Properties, and Applications",S - 3,Engineering and energy,Science,5.0,45.0,17.297619,0.106182,0.220477,0,0,0,0,0,,0.145013,0.212174,100.474726,4.61981,3.828641,-0.791168,0.035818,0.206379
VN,Viet Nam,S - 22_50,Advancements in Photovoltaic and Light-Emitting Technologies,S - 3,Engineering and energy,Science,6.0,45.0,8.513889,0.130717,0.245664,0,0,0,0,0,,0.145216,0.212736,85.373447,4.45868,3.828641,-0.630039,-1.070502,0.209759
VN,Viet Nam,S - 22_51,Advancements in Plasma and Electromagnetic Technologies,S - 3,Engineering and energy,Science,0.0,0.0,0.0,0.0,0.0,0,0,0,0,0,,0.144117,0.206947,17.169331,2.899735,0.0,-2.899735,0.955984,0.179444
VN,Viet Nam,S - 22_52,Advancements and Challenges in Telecommunication Technologies,S - 3,Engineering and energy,Science,1.0,66.0,13.022222,0.174587,0.532066,0,1,1,0,1,,0.147718,0.224805,30.829509,3.460394,4.204693,0.744299,-1.57664,0.26479
VN,Viet Nam,S - 22_53,Innovation and Sustainability in Industrial Technologies,S - 3,Engineering and energy,Science,5.0,31.0,11.861111,0.297392,0.440459,0,0,0,0,0,,0.153853,0.226796,30.52621,3.450819,3.465736,0.014917,-0.965938,0.234105
VN,Viet Nam,S - 22_54,Advancements in Sensor Technology and Material Characterization,S - 3,Engineering and energy,Science,9.0,10.0,1.927778,0.372529,0.317625,0,0,0,0,0,,0.15075,0.220611,17.659656,2.926364,2.397895,-0.528468,-0.38441,0.208884
VN,Viet Nam,S - 22_55,Optimization and Modernization in Military Operations,S - 3,Engineering and energy,Science,0.0,0.0,0.0,0.0,0.0,0,0,0,0,0,,0.112389,0.185866,0.501283,0.40632,0.0,-0.40632,0.147414,0.087776
VN,Viet Nam,S - 22_56,Optimization in Logistics and Operations Research,S - 3,Engineering and energy,Science,6.0,34.0,9.283333,0.300933,0.482188,0,0,0,0,0,,0.153384,0.229783,25.533436,3.278406,3.555348,0.276942,-1.828477,0.265117
VN,Viet Nam,S - 22_57,Cryogenic Techniques in Fluid Management and Processing,S - 3,Engineering and energy,Science,0.0,3.0,0.537037,0.0,0.28885,0,0,0,0,0,,0.145127,0.220834,7.643234,2.156777,1.386294,-0.770482,0.144562,0.213783
VN,Viet Nam,S - 22_58,Infrastructure Management and Environmental Resilience,S - 3,Engineering and energy,Science,5.0,26.0,6.443651,0.259203,0.37185,0,0,0,0,0,,0.134672,0.235762,18.055452,2.947353,3.295837,0.348484,-3.571761,0.325273
VN,Viet Nam,S - 22_59,Engineering Optimization and Sustainable Energy Technologies,S - 3,Engineering and energy,Science,4.0,12.0,2.552778,0.299563,0.309508,0,0,0,0,0,,0.148778,0.220335,19.084169,2.999932,2.564949,-0.434983,-1.030932,0.252184
VN,Viet Nam,S - 22_6,Fluid Dynamics and Thermal Phenomena Research,S - 3,Engineering and energy,Science,4.0,6.0,1.222222,0.180009,0.215491,0,0,0,0,0,,0.146309,0.210026,28.841192,3.39589,1.94591,-1.44998,0.058276,0.19612
VN,Viet Nam,S - 22_60,Tribological Properties and Performance Enhancement Techniques,S - 3,Engineering and energy,Science,1.0,20.0,4.377778,0.102977,0.396672,0,0,0,0,0,,0.148092,0.228278,18.954424,2.993451,3.044522,0.051072,-1.253681,0.223643
VN,Viet Nam,S - 22_61,Advancements in Membrane Technology and Applications,S - 3,Engineering and energy,Science,6.0,23.0,3.6,0.227869,0.268205,0,0,0,0,0,,0.146135,0.213276,42.503628,3.772844,3.178054,-0.594791,0.036137,0.190358
VN,Viet Nam,S - 22_62,"Smart Grid Systems: Development, Management, and Security",S - 3,Engineering and energy,Science,10.0,37.0,9.369444,0.3522,0.329415,0,0,0,0,0,,0.146278,0.228436,45.702807,3.843804,3.637586,-0.206218,-2.220775,0.278135
VN,Viet Nam,S - 22_63,Power Electronics and Renewable Energy Applications,S - 3,Engineering and energy,Science,8.0,20.0,4.688889,0.323776,0.2917,0,0,0,0,0,,0.148249,0.218984,25.071549,3.260845,3.044522,-0.216322,-1.16315,0.244826
VN,Viet Nam,S - 22_64,Advancements in Optoelectronic Imaging and Monitoring Technologies,S - 3,Engineering and energy,Science,0.0,13.0,2.55,0.0,0.24762,0,0,0,0,0,,0.143856,0.220163,22.710343,3.165911,2.639057,-0.526854,0.108882,0.207236
VN,Viet Nam,S - 22_65,Advancements in 3D Printing and Biomaterial Technologies,S - 3,Engineering and energy,Science,8.0,51.0,13.20754,0.169169,0.261365,0,0,0,0,0,,0.148389,0.223226,104.722659,4.660819,3.951244,-0.709576,-0.622147,0.247597
VN,Viet Nam,S - 22_66,Renewable Energy and Biofuels: Production and Conversion Techniques,S - 3,Engineering and energy,Science,17.0,70.0,15.65873,0.251986,0.372084,0,0,0,0,0,,0.152531,0.226678,67.420095,4.225667,4.26268,0.037013,-1.770953,0.26147
VN,Viet Nam,S - 22_67,CMOS Technology in Circuit Design and Optimization,S - 3,Engineering and energy,Science,0.0,9.0,1.361111,0.0,0.297245,0,0,0,0,0,,0.140302,0.214884,9.17343,2.319779,2.302585,-0.017194,0.858125,0.189732
VN,Viet Nam,S - 22_68,Solar Energy Optimization and Thermal Performance Analysis,S - 3,Engineering and energy,Science,0.0,16.0,2.280952,0.0,0.269291,0,0,0,0,0,,0.142713,0.291142,29.900203,3.430763,2.833213,-0.597549,-3.387385,0.221356
VN,Viet Nam,S - 22_69,Memristive Devices in Neuromorphic Computing,S - 3,Engineering and energy,Science,1.0,10.0,1.325397,0.112595,0.18773,0,0,0,0,0,,0.138045,0.205924,22.711678,3.165968,2.397895,-0.768072,0.716982,0.17539
VN,Viet Nam,S - 22_7,Advancements in Vibration Control and Acoustic Metamaterials,S - 3,Engineering and energy,Science,11.0,26.0,6.58254,0.493564,0.450226,0,0,0,0,0,,0.146338,0.215649,19.020267,2.996745,3.295837,0.299092,-0.045871,0.192652
VN,Viet Nam,S - 22_70,Optimization and Analysis in Structural Engineering,S - 3,Engineering and energy,Science,25.0,59.0,15.944444,0.697756,0.748515,1,1,1,0,,0,0.150302,0.216483,13.123072,2.64781,4.094345,1.446535,-0.288966,0.193393
VN,Viet Nam,S - 22_71,Dynamics and Phenomena of Liquid-Surface Interactions,S - 3,Engineering and energy,Science,0.0,6.0,1.666667,0.0,0.224336,0,0,0,0,0,,0.139304,0.203597,10.186322,2.414692,1.94591,-0.468782,0.074052,0.171831
VN,Viet Nam,S - 22_72,Sustainable Techniques for Metal Recovery and Remediation,S - 3,Engineering and energy,Science,7.0,29.0,5.611111,0.271909,0.381518,0,0,0,0,0,,0.148124,0.223151,35.764116,3.604522,3.401197,-0.203325,-2.045809,0.236725
VN,Viet Nam,S - 22_73,Biomechanical Analysis in Sports Performance and Injury,S - 3,Engineering and energy,Science,1.0,1.0,0.333333,0.11437,0.099482,0,0,0,0,0,,0.143464,0.217975,7.105404,2.092531,0.693147,-1.399384,1.570739,0.210852
VN,Viet Nam,S - 22_74,Optimization and Design in Manufacturing Processes,S - 3,Engineering and energy,Science,2.0,24.0,8.166667,0.170242,0.441172,0,0,0,0,0,,0.152717,0.224864,20.830665,3.083316,3.218876,0.13556,-0.188054,0.246763
VN,Viet Nam,S - 22_75,Embedded Systems and FPGA-based Applications,S - 3,Engineering and energy,Science,0.0,0.0,0.0,0.0,0.0,0,0,0,0,0,,0.136566,0.180518,0.342506,0.294538,0.0,-0.294538,1.120685,0.090985
VN,Viet Nam,S - 22_76,Intelligent Control Systems and Industrial Applications,S - 3,Engineering and energy,Science,0.0,9.0,2.611111,0.0,0.454131,0,0,0,0,0,,0.14029,0.222713,7.001644,2.079647,2.302585,0.222938,-1.074022,0.205168
VN,Viet Nam,S - 22_77,Advancements in Electrostatic Applications and Technologies,S - 3,Engineering and energy,Science,3.0,11.0,1.602778,0.212785,0.374149,0,0,0,0,0,,0.151116,0.218916,14.746533,2.75662,2.484907,-0.271714,-0.239243,0.214392
VN,Viet Nam,S - 22_78,Safety and Risk Management in Transportation and Energy Systems,S - 3,Engineering and energy,Science,1.0,13.0,2.833333,0.110012,0.31556,0,0,0,0,0,,0.146881,0.21823,13.418924,2.668542,2.639057,-0.029484,-2.136858,0.250752
VN,Viet Nam,S - 22_79,Advanced Materials Processing and Surface Modification Techniques,S - 3,Engineering and energy,Science,3.0,15.0,3.819444,0.154543,0.3085,0,0,0,0,0,,0.145559,0.214976,32.866078,3.522414,2.772589,-0.749825,0.099498,0.214184
VN,Viet Nam,S - 22_8,Advancements in Geotechnical and Mining Engineering,S - 3,Engineering and energy,Science,3.0,18.0,4.505556,0.201231,0.311129,0,0,0,0,0,,0.13911,0.195608,22.533547,3.158427,2.944439,-0.213988,-1.51694,0.193618
VN,Viet Nam,S - 22_80,Advanced Thermometry Technologies and Applications,S - 3,Engineering and energy,Science,0.0,2.0,0.4,0.0,0.440132,0,0,0,0,0,,0.143683,0.215664,2.068903,1.12132,1.098612,-0.022708,1.016073,0.145578
VN,Viet Nam,S - 22_81,Vibration and Dynamics in Transportation Engineering,S - 3,Engineering and energy,Science,27.0,60.0,16.563889,0.603402,0.585728,1,1,1,0,,0,0.148617,0.217216,29.618451,3.421603,4.110874,0.689271,-0.210587,0.201932
VN,Viet Nam,S - 22_82,Intelligent Transportation and Traffic Management Systems,S - 3,Engineering and energy,Science,8.0,55.0,16.45873,0.355561,0.382082,0,0,0,0,0,,0.149785,0.219631,52.155576,3.973223,4.025352,0.052129,-1.142703,0.22242
VN,Viet Nam,S - 22_83,Non-Destructive Testing and Analysis Techniques,S - 3,Engineering and energy,Science,1.0,35.0,6.897222,0.073107,0.421943,0,0,0,0,0,,0.145939,0.219719,32.322521,3.506233,3.583519,0.077285,-0.301001,0.217487
VN,Viet Nam,S - 22_84,Advancements in Energy Extraction and Management Technologies,S - 3,Engineering and energy,Science,5.0,15.0,2.669444,0.191318,0.228545,0,0,0,0,0,,0.135067,0.210258,29.598863,3.420963,2.772589,-0.648374,-1.909489,0.22378
VN,Viet Nam,S - 22_85,Turbulent Flow Dynamics and Interactions,S - 3,Engineering and energy,Science,4.0,12.0,2.916667,0.118439,0.145238,0,0,0,0,0,,0.140164,0.206549,45.431883,3.837986,2.564949,-1.273037,-1.223094,0.211082
VN,Viet Nam,S - 22_9,Advancements in Energy Storage and Battery Technologies,S - 3,Engineering and energy,Science,11.0,88.0,21.122222,0.174371,0.234297,0,0,0,0,0,,0.141535,0.207566,141.767106,4.961215,4.488636,-0.472578,-0.994777,0.204542
VN,Viet Nam,S - 2338888398,Analysis of Obesity and Associated Health Outcomes,S - 2,Medical and health sciences,Science,14.0,19.0,2.695162,0.23514,0.25028,0,0,0,0,0,,0.142368,0.194055,16.808049,2.879651,2.995732,0.116082,-2.780803,0.388056
VN,Viet Nam,S - 23_0,Remote Sensing and Biomass Estimation in Forests,S - 6,Agricultural and environmental sciences,Science,5.0,32.0,6.993825,0.210701,0.328912,0,0,0,0,0,,0.138609,0.19415,28.619511,3.388433,3.496508,0.108074,-2.85802,0.331143
VN,Viet Nam,S - 23_1,Biodiversity Conservation and Ecological Management Strategies,S - 6,Agricultural and environmental sciences,Science,5.0,17.0,1.492625,0.098433,0.199159,0,0,0,0,0,,0.107055,0.125432,35.359561,3.593457,2.890372,-0.703085,-3.918952,0.402011
VN,Viet Nam,S - 23_10,Ecological Interactions and Impacts of Pathogens and Pests,S - 6,Agricultural and environmental sciences,Science,16.0,15.0,2.235859,0.324114,0.238941,0,0,0,0,0,,0.108266,0.169719,13.405327,2.667598,2.772589,0.104991,-3.51706,0.336748
VN,Viet Nam,S - 23_11,Fukushima Daiichi Disaster: Environmental and Health Impacts,S - 6,Agricultural and environmental sciences,Science,0.0,4.0,1.0,0.0,0.528417,0,1,1,0,1,,0.146017,0.21021,2.144615,1.145691,1.609438,0.463747,-0.090901,0.19664
VN,Viet Nam,S - 23_12,Impacts of Climate Change on Ecological Systems,S - 6,Agricultural and environmental sciences,Science,16.0,36.0,5.630807,0.208428,0.278251,0,0,0,0,0,,0.094296,0.226553,21.910154,3.13158,3.610918,0.479338,-3.407299,0.460666
VN,Viet Nam,S - 23_13,Sustainable Waste Management and Resource Recovery,S - 6,Agricultural and environmental sciences,Science,9.0,112.0,26.140278,0.299552,0.476646,0,0,0,0,0,,0.150455,0.23841,42.511083,3.773016,4.727388,0.954372,-2.694513,0.352766
VN,Viet Nam,S - 23_15,Innovations in Water and Wastewater Treatment Technologies,S - 6,Agricultural and environmental sciences,Science,17.0,137.0,30.349537,0.269474,0.466869,0,0,0,0,0,,0.149278,0.254425,79.511206,4.388396,4.927254,0.538857,-2.548294,0.269929
VN,Viet Nam,S - 23_16,Environmental Impact and Health Effects of Heavy Metal Contamination,S - 6,Agricultural and environmental sciences,Science,11.0,37.0,9.067063,0.245646,0.383041,0,0,0,0,0,,0.147944,0.246542,30.630253,3.454114,3.637586,0.183472,-2.963545,0.30746
VN,Viet Nam,S - 23_17,Microbial Bioremediation and Environmental Impact Mitigation,S - 6,Agricultural and environmental sciences,Science,4.0,5.0,0.927778,0.249961,0.287017,0,0,0,0,0,,0.151416,0.21724,13.876167,2.69976,1.791759,-0.908001,-1.468809,0.238561
VN,Viet Nam,S - 23_18,"Sustainability, Climate Change, and Resource Management",S - 6,Agricultural and environmental sciences,Science,2.0,18.0,2.160714,0.139725,0.181649,0,0,0,0,0,,0.136975,0.20681,20.025856,3.045753,2.944439,-0.101314,-3.399565,0.372525
VN,Viet Nam,S - 23_19,Environmental Factors Impacting Human Health,S - 6,Agricultural and environmental sciences,Science,16.0,85.0,18.583086,0.292111,0.397457,0,0,0,0,0,,0.135665,0.249632,61.338311,4.132576,4.454347,0.321771,-3.734876,0.365402
VN,Viet Nam,S - 23_2,Impacts and Conservation of Freshwater Biodiversity,S - 6,Agricultural and environmental sciences,Science,31.0,38.0,4.852782,0.384672,0.388594,0,0,0,0,0,,0.134262,0.140623,13.271049,2.658233,3.663562,1.005329,-2.979801,0.38613
VN,Viet Nam,S - 23_20,Environmental Management and Sustainable Development Studies,S - 6,Agricultural and environmental sciences,Science,6.0,13.0,2.844444,0.343263,0.357682,0,0,0,0,0,,0.1547,0.226682,16.034904,2.835264,2.639057,-0.196207,-1.652979,0.267968
VN,Viet Nam,S - 23_21,Interdisciplinary Studies in Environmental Sustainability,S - 6,Agricultural and environmental sciences,Science,1.0,44.0,12.288889,0.146231,0.595372,0,1,1,1,1,,0.143119,0.229567,16.991434,2.889896,3.806662,0.916767,-2.145544,0.312989
VN,Viet Nam,S - 23_22,Environmental Risk Assessment and Sustainable Solutions,S - 6,Agricultural and environmental sciences,Science,4.0,8.0,2.055556,0.300374,0.250158,0,0,0,0,0,,0.155565,0.215053,18.995205,2.995493,2.197225,-0.798268,-2.138266,0.328045
VN,Viet Nam,S - 23_23,Microbial Processes in Methane Cycle and Wastewater Treatment,S - 6,Agricultural and environmental sciences,Science,14.0,37.0,6.894841,0.196283,0.242747,0,0,0,0,0,,0.14082,0.209873,64.507316,4.182162,3.637586,-0.544576,-0.998382,0.243796
VN,Viet Nam,S - 23_24,Human Impact and Sustainability in Marine Ecosystems,S - 6,Agricultural and environmental sciences,Science,21.0,115.0,27.730093,0.272476,0.409907,0,0,0,0,0,,0.103666,0.180182,38.180384,3.668176,4.75359,1.085414,-2.775446,0.407209
VN,Viet Nam,S - 23_25,Erosion Studies in Various Materials and Environments,S - 6,Agricultural and environmental sciences,Science,0.0,1.0,0.166667,0.0,0.362407,0,0,0,0,0,,0.124481,0.212786,2.466284,1.243083,0.693147,-0.549936,0.446963,0.154024
VN,Viet Nam,S - 23_26,Impacts and Management of Biodiversity and Ecosystems,S - 6,Agricultural and environmental sciences,Science,12.0,22.0,3.524249,0.314855,0.302405,0,0,0,0,0,,0.135838,0.183306,19.034283,2.997445,3.135494,0.138049,-4.255107,0.400504
VN,Viet Nam,S - 23_27,Impact of Environmental Contaminants on Human Health,S - 6,Agricultural and environmental sciences,Science,13.0,31.0,7.503175,0.31992,0.326,0,0,0,0,0,,0.148961,0.216503,31.090178,3.46855,3.465736,-0.002814,-0.675825,0.253849
VN,Viet Nam,S - 23_28,Integrated Water Resources Management and Sustainability,S - 6,Agricultural and environmental sciences,Science,10.0,53.0,10.615035,0.329469,0.518373,0,1,1,0,1,,0.140863,0.226268,24.091907,3.222545,3.988984,0.766439,-3.486004,0.307189
VN,Viet Nam,S - 23_29,Geospatial Analysis and Predictive Modeling in Earth Sciences,S - 6,Agricultural and environmental sciences,Science,7.0,72.0,13.1808,0.20363,0.462716,0,0,0,0,0,,0.137231,0.236586,34.858318,3.579576,4.290459,0.710884,-3.566755,0.319079
VN,Viet Nam,S - 23_3,Urban Environmental Modeling and Management,S - 6,Agricultural and environmental sciences,Science,3.0,12.0,2.888889,0.19891,0.246541,0,0,0,0,0,,0.145975,0.216361,18.485733,2.969683,2.564949,-0.404733,-1.004066,0.239507
VN,Viet Nam,S - 23_30,Stable Isotopes Applications in Trophic Ecology,S - 6,Agricultural and environmental sciences,Science,0.0,2.0,0.15873,0.0,0.10426,0,0,0,0,0,,0.145749,0.208142,11.242456,2.50491,1.098612,-1.406298,-0.68855,0.246315
VN,Viet Nam,S - 23_4,Impact and Management of Water Quality and Pollution,S - 6,Agricultural and environmental sciences,Science,20.0,66.0,16.225397,0.281631,0.370531,0,0,0,0,0,,0.147833,0.223228,47.010867,3.871427,4.204693,0.333265,-3.242602,0.316995
VN,Viet Nam,S - 23_5,"Sustainable Development: Assessment, Strategies, and Impacts",S - 6,Agricultural and environmental sciences,Science,0.0,4.0,1.291667,0.0,0.386206,0,0,0,0,0,,0.147362,0.233394,5.622727,1.890507,1.609438,-0.281069,-2.336173,0.291241
VN,Viet Nam,S - 23_6,Impacts and Responses to Climate Change,S - 6,Agricultural and environmental sciences,Science,20.0,55.0,9.548765,0.175707,0.2166,0,0,0,0,0,,0.058585,0.166677,61.118949,4.129051,4.025352,-0.103699,-3.114923,0.345159
VN,Viet Nam,S - 23_7,Sustainable Urban Development and Environmental Management,S - 6,Agricultural and environmental sciences,Science,13.0,37.0,8.8,0.351954,0.306231,0,0,0,0,0,,0.139946,0.200946,37.313881,3.645812,3.637586,-0.008226,-3.060189,0.312959
VN,Viet Nam,S - 23_8,Global Hydrological Phenomena and Climate Change Impacts,S - 6,Agricultural and environmental sciences,Science,9.0,79.0,13.442416,0.297747,0.524991,0,1,1,0,1,,0.144161,0.243253,30.052589,3.435682,4.382027,0.946344,-4.000897,0.335492
VN,Viet Nam,S - 23_9,Environmental Impact and Sustainability of Energy Systems,S - 6,Agricultural and environmental sciences,Science,0.0,14.0,2.329167,0.0,0.299744,0,0,0,0,0,,0.149946,0.224114,32.02835,3.497366,2.70805,-0.789316,-1.548522,0.26427
VN,Viet Nam,S - 24_0,Immunological Mechanisms and Biomedical Applications,S - 8,Life sciences,Science,3.0,5.0,1.030303,0.084971,0.128414,0,0,0,0,0,,0.141845,0.213902,30.066699,3.436136,1.791759,-1.644377,-0.038091,0.220698
VN,Viet Nam,S - 24_1,Antimicrobial Resistance and Microbial Impact on Health,S - 8,Life sciences,Science,9.0,16.0,2.148507,0.381888,0.4219,0,0,0,0,0,,0.144571,0.4219,0.0,0.0,2.833213,2.833213,-5.012182,0.423827
VN,Viet Nam,S - 24_2,Immunology and Disease Treatment Research,S - 8,Life sciences,Science,13.0,8.0,1.112843,0.27746,0.190851,0,0,0,0,0,,0.11417,0.153669,11.678685,2.539922,2.197225,-0.342698,-3.548139,0.321859
VN,Viet Nam,S - 24_3,Epidemiology and Pathogenesis of Zoonotic Diseases,S - 8,Life sciences,Science,19.0,17.0,3.222222,0.316339,0.330954,0,0,0,0,0,,0.316339,0.330954,0.0,0.0,2.890372,2.890372,-5.079458,0.444079
VN,Viet Nam,S - 24_4,Immunological Mechanisms in Inflammation and Disease,S - 8,Life sciences,Science,9.0,12.0,2.439033,0.102986,0.101371,0,0,0,0,0,,0.133759,0.212372,89.081927,4.50072,2.564949,-1.93577,-0.074909,0.201511
VN,Viet Nam,S - 24_5,Innate Immunity and Host Defense Mechanisms,S - 8,Life sciences,Science,7.0,23.0,4.008722,0.179833,0.300354,0,0,0,0,0,,0.135775,0.20098,27.698004,3.356828,3.178054,-0.178774,-1.593698,0.260474
VN,Viet Nam,S - 2508980079,Studies on Thyroid and Related Disorders,S - 2,Medical and health sciences,Science,1.0,3.0,1.083333,0.056603,0.23549,0,0,0,0,0,,0.144794,0.218434,11.848931,2.553261,1.386294,-1.166966,0.495695,0.221788
VN,Viet Nam,S - 259614356,"Perspectives on Law, Ethics, and Rights",S - 1,Social sciences,Science,0.0,2.0,0.25,0.0,0.187919,0,0,0,0,0,,0.115994,0.217493,8.226368,2.222065,1.098612,-1.123453,-0.280781,0.228102
VN,Viet Nam,S - 25_0,Advancements in Optical Materials and Photonics Research,S - 7,Physical sciences and mathematics,Science,3.0,9.0,1.416667,0.080216,0.143439,0,0,0,0,0,,0.149655,0.215351,33.227835,3.533039,2.302585,-1.230454,-0.572936,0.23206
VN,Viet Nam,S - 25_10,Biomaterials in Tissue Engineering and Drug Delivery,S - 7,Physical sciences and mathematics,Science,4.0,30.0,8.176984,0.130639,0.314566,0,0,0,0,0,,0.148944,0.219698,46.480945,3.860328,3.433987,-0.426341,-0.22808,0.214232
VN,Viet Nam,S - 25_11,"Synthesis, Properties, and Applications of Nanomaterials",S - 7,Physical sciences and mathematics,Science,41.0,237.0,61.788889,0.246021,0.40073,0,0,0,0,0,,0.148235,0.220599,190.660194,5.255724,5.472271,0.216547,-1.713259,0.242934
VN,Viet Nam,S - 25_12,"Advanced Materials: Properties, Transitions, and Applications",S - 7,Physical sciences and mathematics,Science,5.0,26.0,7.233333,0.139884,0.305703,0,0,0,0,0,,0.145833,0.211711,40.01449,3.713925,3.295837,-0.418089,0.920839,0.177004
VN,Viet Nam,S - 25_13,Bioactive Properties and Ethnobotanical Aspects of Latex Compounds,S - 7,Physical sciences and mathematics,Science,3.0,6.0,2.0,0.613232,0.733532,1,1,1,1,,0,0.151228,0.221766,1.255241,0.813257,1.94591,1.132653,-1.412942,0.143067
VN,Viet Nam,S - 25_14,"Material Science: Microstructure, Crystallization, and Nanomaterials",S - 7,Physical sciences and mathematics,Science,8.0,66.0,16.569841,0.202735,0.527526,0,1,1,0,1,,0.147513,0.217478,41.053556,3.738944,4.204693,0.465749,-0.416158,0.225048
VN,Viet Nam,S - 25_15,Advanced Materials: Properties and Applications in Electronics,S - 7,Physical sciences and mathematics,Science,13.0,36.0,9.536111,0.258841,0.296073,0,0,0,0,0,,0.151002,0.215449,51.020869,3.951645,3.610918,-0.340727,-0.853536,0.217162
VN,Viet Nam,S - 25_16,Synthesis and Applications of Porous Nanomaterials,S - 7,Physical sciences and mathematics,Science,15.0,43.0,7.433333,0.341195,0.360368,0,0,0,0,0,,0.149404,0.214154,43.447281,3.794304,3.78419,-0.010114,-0.524978,0.184819
VN,Viet Nam,S - 25_17,Advanced Materials and Technologies for Energy Storage,S - 7,Physical sciences and mathematics,Science,5.0,58.0,13.461508,0.147145,0.306626,0,0,0,0,0,,0.142912,0.212726,66.687376,4.2149,4.077537,-0.137362,-1.250385,0.191606
VN,Viet Nam,S - 25_18,Biomedical Applications of Metal Alloys and Nanomaterials,S - 7,Physical sciences and mathematics,Science,4.0,17.0,3.708333,0.242668,0.252277,0,0,0,0,0,,0.146706,0.215366,27.547587,3.351572,2.890372,-0.461201,-0.89865,0.214464
VN,Viet Nam,S - 25_2,"Nanoparticle Synthesis, Characterization, and Applications",S - 7,Physical sciences and mathematics,Science,27.0,76.0,21.022222,0.307847,0.369731,0,0,0,0,0,,0.150986,0.216041,81.168233,4.408769,4.343805,-0.064963,-0.614806,0.214121
VN,Viet Nam,S - 25_3,Corrosion and Material Degradation in Metals,S - 7,Physical sciences and mathematics,Science,0.0,23.0,5.152778,0.0,0.358721,0,0,0,0,0,,0.146551,0.218011,23.55768,3.201025,3.178054,-0.022971,-0.819365,0.224569
VN,Viet Nam,S - 25_4,"Polymer-Based Nanocomposites: Synthesis, Properties, and Applications",S - 7,Physical sciences and mathematics,Science,23.0,115.0,32.803175,0.234283,0.326676,0,0,0,0,0,,0.151294,0.23117,128.047505,4.860181,4.75359,-0.10659,-1.959189,0.259249
VN,Viet Nam,S - 25_6,Applications and Properties of Luminescent Nanomaterials,S - 7,Physical sciences and mathematics,Science,10.0,70.0,17.083333,0.174009,0.321188,0,0,0,0,0,,0.146467,0.214202,74.887729,4.329255,4.26268,-0.066575,-1.057188,0.216716
VN,Viet Nam,S - 25_7,Advancements in Magnetic Materials and Applications,S - 7,Physical sciences and mathematics,Science,11.0,27.0,6.15,0.23339,0.321414,0,0,0,0,0,,0.150105,0.219149,32.740863,3.51871,3.332205,-0.186505,-0.782062,0.231096
VN,Viet Nam,S - 25_8,Solid Oxide Fuel Cells and Protonic Conduction Research,S - 7,Physical sciences and mathematics,Science,1.0,7.0,0.683333,0.095491,0.170433,0,0,0,0,0,,0.146593,0.21462,17.860521,2.937071,2.079442,-0.857629,-0.112336,0.207708
VN,Viet Nam,S - 25_9,Materials Science in Nuclear and Fusion Energy,S - 7,Physical sciences and mathematics,Science,1.0,9.0,1.775,0.051257,0.124811,0,0,0,0,0,,0.147723,0.21948,25.644278,3.282574,2.302585,-0.979989,-1.113352,0.248623
VN,Viet Nam,S - 26_0,Advanced Mathematical Theories and Applications,S - 7,Physical sciences and mathematics,Science,0.0,1.0,0.333333,0.0,0.247499,0,0,0,0,0,,0.141149,0.213858,5.572929,1.88296,0.693147,-1.189812,-0.348753,0.207367
VN,Viet Nam,S - 26_1,Advanced Mathematical Methods and Their Applications,S - 7,Physical sciences and mathematics,Science,10.0,6.0,0.75,0.531529,0.328801,1,0,0,0,,1,0.156109,0.256006,7.207992,2.105108,1.94591,-0.159198,-2.535933,0.268491
VN,Viet Nam,S - 26_10,Advanced Mathematical Analysis in Differential Equations,S - 7,Physical sciences and mathematics,Science,15.0,39.0,9.597619,0.438029,0.479625,0,0,0,0,0,,0.153611,0.310162,33.382399,3.537545,3.688879,0.151335,-3.386599,0.254574
VN,Viet Nam,S - 26_11,Statistical Analysis and Probability in Interdisciplinary Research,S - 7,Physical sciences and mathematics,Science,1.0,0.0,0.0,0.179814,0.0,0,0,0,0,0,,0.142782,0.20697,3.164323,1.426554,0.0,-1.426554,0.705268,0.176875
VN,Viet Nam,S - 26_2,Advanced Statistical Methods and Applications in Research,S - 7,Physical sciences and mathematics,Science,0.0,3.0,0.444444,0.0,0.146822,0,0,0,0,0,,0.14009,0.20725,13.211033,2.654019,1.386294,-1.267724,-2.465794,0.287034
VN,Viet Nam,S - 26_3,Granular Data Analysis and Simulation Optimization Techniques,S - 7,Physical sciences and mathematics,Science,0.0,0.0,0.0,0.0,0.0,0,0,0,0,0,,0.112536,0.126157,0.036127,0.03549,0.0,-0.03549,3.653057,0.030936
VN,Viet Nam,S - 26_4,Advanced Algebraic Structures and Geometric Theories,S - 7,Physical sciences and mathematics,Science,5.0,6.0,2.666667,0.237555,0.344174,0,0,0,0,0,,0.142404,0.214078,12.52718,2.604701,1.94591,-0.658791,0.360618,0.199054
VN,Viet Nam,S - 26_5,Advanced Mathematical Concepts and Their Applications,S - 7,Physical sciences and mathematics,Science,2.0,2.0,0.233333,0.183969,0.125586,0,0,0,0,0,,0.147039,0.21645,7.513381,2.141639,1.098612,-1.043027,-1.185292,0.230275
VN,Viet Nam,S - 26_6,"Mathematics Education: Teaching, Learning, and Cognitive Development",S - 7,Physical sciences and mathematics,Science,0.0,2.0,0.416667,0.0,0.324738,0,0,0,0,0,,0.138669,0.214268,2.577734,1.27473,1.098612,-0.176117,-1.256562,0.221699
VN,Viet Nam,S - 26_7,Mathematical and Computational Methods in Physics,S - 7,Physical sciences and mathematics,Science,8.0,18.0,2.783333,0.314767,0.420323,0,0,0,0,0,,0.143514,0.222903,14.248288,2.724467,2.944439,0.219972,-1.913961,0.24599
VN,Viet Nam,S - 26_8,Advanced Mathematical Analysis and Operator Theory,S - 7,Physical sciences and mathematics,Science,6.0,2.0,0.233333,0.484872,0.274763,0,0,0,0,0,,0.147391,0.221703,4.060376,1.621441,1.098612,-0.522828,-0.683745,0.235262
VN,Viet Nam,S - 26_9,Mathematical Modeling in Diverse Disciplines,S - 7,Physical sciences and mathematics,Science,25.0,29.0,5.481349,0.591448,0.410514,1,0,0,0,,1,0.143285,0.328334,30.79097,3.459182,3.401197,-0.057985,-4.89457,0.396676
VN,Viet Nam,S - 27_0,Neurodevelopment and Health Impacts of Substance Use,S - 2,Medical and health sciences,Science,11.0,21.0,4.436852,0.204448,0.247365,0,0,0,0,0,,0.136652,0.208235,28.519974,3.385067,3.091042,-0.294025,-2.458644,0.277548
VN,Viet Nam,S - 27_1,"Liver Disease: Epidemiology, Pathogenesis, and Treatment",S - 2,Medical and health sciences,Science,13.0,27.0,4.573859,0.196204,0.243188,0,0,0,0,0,,0.118576,0.193603,33.91081,3.552797,3.332205,-0.220592,-2.619249,0.298074
VN,Viet Nam,S - 27_10,Medicinal Properties of Natural Compounds,S - 2,Medical and health sciences,Science,1.0,2.0,0.333333,0.299849,0.377684,0,0,0,0,0,,0.154609,0.240232,2.606985,1.282872,1.098612,-0.18426,-1.295689,0.193186
VN,Viet Nam,S - 27_100,Molecular Mechanisms in Cancer Progression and Metastasis,S - 2,Medical and health sciences,Science,0.0,8.0,1.777778,0.0,0.166907,0,0,0,0,0,,0.142393,0.21487,32.034452,3.497551,2.197225,-1.300326,-0.262939,0.210383
VN,Viet Nam,S - 27_101,Health Challenges and Care in Aging Populations,S - 2,Medical and health sciences,Science,11.0,12.0,2.825397,0.308057,0.213701,0,0,0,0,0,,0.143853,0.206805,26.154876,3.301557,2.564949,-0.736607,-2.072759,0.299579
VN,Viet Nam,S - 27_102,Interoception and its Impact on Psychological Disorders,S - 2,Medical and health sciences,Science,2.0,3.0,0.555556,0.224298,0.175195,0,0,0,0,0,,0.13887,0.215045,6.84964,2.060468,1.386294,-0.674173,0.273796,0.204899
VN,Viet Nam,S - 27_103,Diagnosis and Management of Endocrine Disorders,S - 2,Medical and health sciences,Science,2.0,1.0,0.111111,0.143851,0.071499,0,0,0,0,0,,0.146146,0.21279,9.26373,2.328616,0.693147,-1.635469,-0.099713,0.229261
VN,Viet Nam,S - 27_104,"Improving Patient Care through Communication, Ethics, and Technology",S - 2,Medical and health sciences,Science,7.0,21.0,3.685714,0.328499,0.294955,0,0,0,0,0,,0.135999,0.212017,28.984641,3.400685,3.091042,-0.309643,-1.711718,0.243701
VN,Viet Nam,S - 27_106,Cellular Mechanisms in Aging and Disease,S - 2,Medical and health sciences,Science,4.0,4.0,0.583333,0.164396,0.085537,0,0,0,0,0,,0.14456,0.196514,32.943556,3.524699,1.609438,-1.915261,0.496464,0.167639
VN,Viet Nam,S - 27_11,Genetic and Clinical Aspects of Blood Disorders,S - 2,Medical and health sciences,Science,14.0,7.0,0.973545,0.314291,0.126595,0,0,0,0,0,,0.129136,0.197635,15.960954,2.830914,2.079442,-0.751472,-2.654884,0.286403
VN,Viet Nam,S - 27_12,Diagnosis and Management of Ocular Diseases,S - 2,Medical and health sciences,Science,2.0,2.0,0.277778,0.088114,0.132504,0,0,0,0,0,,0.140311,0.212963,20.648865,3.074953,1.098612,-1.976341,-0.933032,0.236571
VN,Viet Nam,S - 27_13,Molecular Mechanisms in Cancer Progression and Therapy,S - 2,Medical and health sciences,Science,7.0,6.0,1.125,0.141057,0.134513,0,0,0,0,0,,0.146949,0.206829,30.00471,3.434139,1.94591,-1.488229,-0.926805,0.233857
VN,Viet Nam,S - 27_14,Advancements in Surgical Techniques and Materials,S - 2,Medical and health sciences,Science,0.0,2.0,0.233333,0.0,0.079665,0,0,0,0,0,,0.140697,0.215532,17.218764,2.902452,1.098612,-1.80384,-0.578501,0.234894
VN,Viet Nam,S - 27_15,Pathophysiology and Management of Abdominal Conditions,S - 2,Medical and health sciences,Science,0.0,0.0,0.0,0.0,0.0,0,0,0,0,0,,0.146545,0.218707,3.651648,1.537222,0.0,-1.537222,-0.716716,0.242191
VN,Viet Nam,S - 27_16,"Cancer Research: Treatment, Management, and Immunotherapy",S - 2,Medical and health sciences,Science,2.0,8.0,0.782776,0.072063,0.130563,0,0,0,0,0,,0.144614,0.21144,57.848434,4.074965,2.197225,-1.877741,0.59457,0.209117
VN,Viet Nam,S - 27_17,Global Maternal and Child Health Research,S - 2,Medical and health sciences,Science,30.0,22.0,3.379502,0.412371,0.266193,0,0,0,0,0,,0.349749,0.266193,0.0,0.0,3.135494,3.135494,-6.065348,0.463466
VN,Viet Nam,S - 27_18,Maternal and Neonatal Health: Outcomes and Management,S - 2,Medical and health sciences,Science,10.0,13.0,2.983427,0.245245,0.238233,0,0,0,0,0,,0.119669,0.125206,6.495024,2.014239,2.639057,0.624818,-4.542651,0.374829
VN,Viet Nam,S - 27_20,Ethical and Legal Considerations in Healthcare,S - 2,Medical and health sciences,Science,2.0,0.0,0.0,0.275093,0.0,0,0,0,0,0,,0.124679,0.211478,5.742296,1.908401,0.0,-1.908401,-1.902566,0.228148
VN,Viet Nam,S - 27_21,"Infectious Diseases: Epidemiology, Pathogenesis, and Management",S - 2,Medical and health sciences,Science,42.0,53.0,7.856273,0.38639,0.37609,0,0,0,0,0,,0.38639,0.37609,0.0,0.0,3.988984,3.988984,-5.399408,0.458047
VN,Viet Nam,S - 27_23,Pathophysiology and Management of Chronic Disorders,S - 2,Medical and health sciences,Science,0.0,2.0,0.444444,0.0,0.255633,0,0,0,0,0,,0.145734,0.220592,14.29663,2.727633,1.098612,-1.62902,0.475136,0.238198
VN,Viet Nam,S - 27_24,Integrative Approaches in Medicine and Pharmacology,S - 2,Medical and health sciences,Science,4.0,8.0,2.416667,0.259609,0.327731,0,0,0,0,0,,0.144264,0.223752,8.290011,2.22894,2.197225,-0.031715,-3.337769,0.307343
VN,Viet Nam,S - 27_25,Cancer Survivorship and Quality of Life Studies,S - 2,Medical and health sciences,Science,1.0,1.0,0.166667,0.074436,0.073945,0,0,0,0,0,,0.147026,0.213571,12.120451,2.574172,0.693147,-1.881025,-1.837388,0.250062
VN,Viet Nam,S - 27_26,Inflammatory Skin Conditions: Pathogenesis and Treatment,S - 2,Medical and health sciences,Science,0.0,2.0,0.416667,0.0,0.152786,0,0,0,0,0,,0.148357,0.218048,18.907572,2.9911,1.098612,-1.892488,0.089623,0.234865
VN,Viet Nam,S - 27_27,Coronary Procedures and Management Strategies,S - 2,Medical and health sciences,Science,2.0,2.0,0.5,0.146806,0.119584,0,0,0,0,0,,0.142095,0.220499,11.027813,2.487222,1.098612,-1.388609,-0.367155,0.244747
VN,Viet Nam,S - 27_28,Neurobiological Aspects and Treatment of Neuropsychiatric Disorders,S - 2,Medical and health sciences,Science,6.0,11.0,1.915266,0.112691,0.125394,0,0,0,0,0,,0.144846,0.213066,36.94002,3.636006,2.484907,-1.1511,-1.247784,0.289409
VN,Viet Nam,S - 27_29,Management and Pathophysiology of Vascular Diseases,S - 2,Medical and health sciences,Science,2.0,5.0,1.136752,0.103207,0.114201,0,0,0,0,0,,0.142869,0.214694,18.33431,2.961881,1.791759,-1.170122,0.564816,0.206011
VN,Viet Nam,S - 27_3,Diagnosis and Treatment of Rheumatological Disorders,S - 2,Medical and health sciences,Science,0.0,1.0,0.166667,0.0,0.103268,0,0,0,0,0,,0.145692,0.21457,12.37277,2.593221,0.693147,-1.900073,0.366073,0.22474
VN,Viet Nam,S - 27_30,"Cancer Research: Epidemiology, Diagnosis, Treatment, and Impact",S - 2,Medical and health sciences,Science,17.0,23.0,3.999022,0.271714,0.227352,0,0,0,0,0,,0.129176,0.137591,10.710445,2.460481,3.178054,0.717573,-3.800758,0.412657
VN,Viet Nam,S - 27_32,Medical Imaging and Diagnostics: Techniques and Applications,S - 2,Medical and health sciences,Science,4.0,40.0,9.185317,0.096622,0.292317,0,0,0,0,0,,0.140392,0.212234,56.800475,4.056997,3.713572,-0.343425,-1.720206,0.288698
VN,Viet Nam,S - 27_33,Clinical and Genetic Aspects of Various Tumors,S - 2,Medical and health sciences,Science,1.0,2.0,0.444444,0.16978,0.28546,0,0,0,0,0,,0.137942,0.210537,3.652655,1.537438,1.098612,-0.438826,0.943486,0.179715
VN,Viet Nam,S - 27_34,Dietary Patterns and Health Outcomes,S - 2,Medical and health sciences,Science,10.0,17.0,2.428968,0.25912,0.199347,0,0,0,0,0,,0.138543,0.215503,31.117573,3.469403,2.890372,-0.579032,-1.834337,0.296899
VN,Viet Nam,S - 27_35,Medical Imaging Techniques and Radiation Effects,S - 2,Medical and health sciences,Science,3.0,10.0,1.295238,0.098087,0.154576,0,0,0,0,0,,0.141089,0.21785,30.14321,3.438596,2.397895,-1.040701,-0.239093,0.234888
VN,Viet Nam,S - 27_36,Trauma and Critical Care: Hemostasis and Fluid Management,S - 2,Medical and health sciences,Science,1.0,10.0,2.111111,0.063583,0.238443,0,0,0,0,0,,0.131021,0.204234,11.831371,2.551893,2.397895,-0.153998,-2.615312,0.279689
VN,Viet Nam,S - 27_37,Diabetes Management and Related Health Complications,S - 2,Medical and health sciences,Science,19.0,32.0,6.975119,0.217492,0.238024,0,0,0,0,0,,0.119803,0.196149,38.290248,3.670976,3.496508,-0.174469,-2.122559,0.337708
VN,Viet Nam,S - 27_38,Therapeutic Potential of Natural Compounds and Antioxidants,S - 2,Medical and health sciences,Science,4.0,9.0,2.444444,0.357544,0.423126,0,0,0,0,0,,0.158075,0.256639,5.765422,1.911825,2.302585,0.39076,-2.475501,0.235793
VN,Viet Nam,S - 27_39,Genetic and Pharmacological Aspects of Cardiovascular Diseases,S - 2,Medical and health sciences,Science,4.0,5.0,0.572222,0.158196,0.129455,0,0,0,0,0,,0.146089,0.214271,17.374252,2.91095,1.791759,-1.119191,-0.736535,0.253717
VN,Viet Nam,S - 27_4,"Interdisciplinary Studies on Exercise, Health, and Disease",S - 2,Medical and health sciences,Science,3.0,2.0,0.113636,0.131022,0.133027,0,0,0,0,0,,0.148172,0.221944,20.957214,3.089096,1.098612,-1.990483,-1.214567,0.267378
VN,Viet Nam,S - 27_40,Advancements and Ethical Considerations in Organ Transplantation,S - 2,Medical and health sciences,Science,1.0,4.0,0.55719,0.078585,0.176191,0,0,0,0,0,,0.14263,0.220586,13.615475,2.682081,1.609438,-1.072643,0.225783,0.227958
VN,Viet Nam,S - 27_41,Diagnosis and Management of Gastrointestinal Disorders,S - 2,Medical and health sciences,Science,3.0,5.0,0.749769,0.127974,0.198011,0,0,0,0,0,,0.145631,0.215765,22.391659,3.152379,1.791759,-1.36062,0.016018,0.238792
VN,Viet Nam,S - 27_42,Epidemiology and Management of Viral Diseases,S - 2,Medical and health sciences,Science,89.0,75.0,12.558353,0.48419,0.352747,0,0,0,0,0,,0.48419,,0.0,0.0,4.330733,4.330733,,
VN,Viet Nam,S - 27_43,"Autoimmune Diseases: Pathogenesis, Diagnosis, and Treatment",S - 2,Medical and health sciences,Science,1.0,6.0,1.522222,0.053162,0.164218,0,0,0,0,0,,0.14547,0.218104,22.176134,3.143123,1.94591,-1.197213,0.24425,0.227471
VN,Viet Nam,S - 27_44,"Neuro-Oncology: Diagnosis, Treatment, and Impact",S - 2,Medical and health sciences,Science,4.0,5.0,1.25,0.170679,0.140271,0,0,0,0,0,,0.141492,0.206066,20.196529,3.053837,1.791759,-1.262078,0.03227,0.208677
VN,Viet Nam,S - 27_45,Diagnosis and Management of Infectious Diseases,S - 2,Medical and health sciences,Science,9.0,17.0,2.498148,0.213329,0.214249,0,0,0,0,0,,0.134046,0.213121,32.330716,3.506479,2.890372,-0.616108,-0.581893,0.261941
VN,Viet Nam,S - 27_46,"Cardiovascular Diseases: Diagnosis, Management, and Molecular Mechanisms",S - 2,Medical and health sciences,Science,10.0,18.0,4.281944,0.153805,0.189304,0,0,0,0,0,,0.143322,0.211482,52.788634,3.985062,2.944439,-1.040623,-1.348077,0.271059
VN,Viet Nam,S - 27_47,"Uterine Conditions: Diagnosis, Management, and Reproductive Outcomes",S - 2,Medical and health sciences,Science,2.0,3.0,1.333333,0.252672,0.351195,0,0,0,0,0,,0.135959,0.215864,5.555722,1.880338,1.386294,-0.494044,0.812143,0.198923
VN,Viet Nam,S - 27_5,Cardiac Surgery Techniques and Myocardial Injury Management,S - 2,Medical and health sciences,Science,2.0,5.0,0.925926,0.156323,0.168316,0,0,0,0,0,,0.148416,0.220028,12.137958,2.575506,1.791759,-0.783746,0.219548,0.205541
VN,Viet Nam,S - 27_50,Global Reproductive Health and Fertility Issues,S - 2,Medical and health sciences,Science,6.0,9.0,1.26748,0.260569,0.26903,0,0,0,0,0,,0.137058,0.205165,10.398344,2.433468,2.302585,-0.130883,-3.02245,0.296891
VN,Viet Nam,S - 27_51,Diagnosis and Treatment of Physiological Disorders,S - 2,Medical and health sciences,Science,4.0,2.0,0.5,0.141113,0.233957,0,0,0,0,0,,0.148387,0.217992,22.545934,3.158953,1.098612,-2.060341,-0.153332,0.230635
VN,Viet Nam,S - 27_52,Biomechanics and Management of Musculoskeletal Injuries,S - 2,Medical and health sciences,Science,0.0,3.0,0.833333,0.0,0.088431,0,0,0,0,0,,0.145445,0.215777,29.555496,3.419545,1.386294,-2.03325,-0.186832,0.245817
VN,Viet Nam,S - 27_53,HIV/AIDS: Antiretroviral Therapy and Associated Health Impacts,S - 2,Medical and health sciences,Science,26.0,9.0,1.622934,0.416511,0.258237,0,0,0,0,0,,0.279234,0.193952,8.68117,2.270183,2.302585,0.032402,-5.528282,0.341433
VN,Viet Nam,S - 27_54,Physiological Responses and Health Impacts of Oxidative Stress,S - 2,Medical and health sciences,Science,4.0,20.0,3.916667,0.093818,0.230868,0,0,0,0,0,,0.150788,0.22609,39.779499,3.708179,3.044522,-0.663657,-1.1444,0.27488
VN,Viet Nam,S - 27_55,"Disability Studies: Epidemiology, Intervention, and Outcomes",S - 2,Medical and health sciences,Science,2.0,2.0,0.666667,0.162239,0.154195,0,0,0,0,0,,0.137984,0.2162,8.081948,2.206289,1.098612,-1.107676,0.452746,0.203761
VN,Viet Nam,S - 27_56,Neurodegenerative and Genetic Disorders Research,S - 2,Medical and health sciences,Science,5.0,5.0,0.929613,0.117422,0.144921,0,0,0,0,0,,0.143387,0.214497,41.715085,3.754552,1.791759,-1.962793,-0.090136,0.224059
VN,Viet Nam,S - 27_58,Molecular Classification and Treatment of Lymphoid Disorders,S - 2,Medical and health sciences,Science,0.0,1.0,0.166667,0.0,0.03225,0,0,0,0,0,,0.140188,0.206236,21.868524,3.129761,0.693147,-2.436614,0.664203,0.203437
VN,Viet Nam,S - 27_59,"Trauma and Injury: Epidemiology, Management, and Outcomes",S - 2,Medical and health sciences,Science,5.0,14.0,3.09982,0.133735,0.192915,0,0,0,0,0,,0.137099,0.209632,26.573405,3.316852,2.70805,-0.608802,-0.741015,0.245657
VN,Viet Nam,S - 27_6,Management and Impact of Critical Care Infections,S - 2,Medical and health sciences,Science,7.0,17.0,2.402247,0.255277,0.250566,0,0,0,0,0,,0.145515,0.200122,16.63342,2.869796,2.890372,0.020576,-2.516458,0.313123
VN,Viet Nam,S - 27_60,Diagnosis and Management of Gastrointestinal Disorders,S - 2,Medical and health sciences,Science,2.0,3.0,0.847826,0.126587,0.171535,0,0,0,0,0,,0.149247,0.2216,12.954231,2.635783,1.386294,-1.249488,-0.277299,0.243467
VN,Viet Nam,S - 27_61,Dacryocystorhinostomy Techniques and Outcomes Analysis,S - 2,Medical and health sciences,Science,0.0,0.0,0.0,0.0,0.0,0,0,0,0,0,,0.1024,0.130212,0.057813,0.056203,0.0,-0.056203,2.702061,0.055828
VN,Viet Nam,S - 27_62,Cardiovascular Health: Risk Factors and Preventive Approaches,S - 2,Medical and health sciences,Science,6.0,11.0,2.102525,0.183505,0.241301,0,0,0,0,0,,0.147471,0.202057,18.324488,2.961373,2.484907,-0.476466,-1.681081,0.298848
VN,Viet Nam,S - 27_63,Diagnosis and Management of Neonatal and Pulmonary Diseases,S - 2,Medical and health sciences,Science,11.0,13.0,2.18697,0.166375,0.147133,0,0,0,0,0,,0.14054,0.204183,41.190987,3.742207,2.639057,-1.103149,-2.296153,0.292639
VN,Viet Nam,S - 27_64,Diagnosis and Management of Venous Disorders,S - 2,Medical and health sciences,Science,3.0,1.0,0.166667,0.276767,0.119885,0,0,0,0,0,,0.145528,0.212944,5.469786,1.867143,0.693147,-1.173996,-0.163749,0.215959
VN,Viet Nam,S - 27_65,"Global Ocular Health: Disorders, Risk Factors, and Treatments",S - 2,Medical and health sciences,Science,1.0,1.0,0.111111,0.052152,0.080734,0,0,0,0,0,,0.135357,0.208138,13.884465,2.700318,0.693147,-2.007171,-0.624749,0.216693
VN,Viet Nam,S - 27_66,Otorhinolaryngological Disorders and Treatments,S - 2,Medical and health sciences,Science,2.0,0.0,0.0,0.292156,0.0,0,0,0,0,0,,0.144107,0.215841,4.09504,1.628267,0.0,-1.628267,1.110196,0.199552
VN,Viet Nam,S - 27_67,Advancements and Challenges in Medical Education and Training,S - 2,Medical and health sciences,Science,3.0,5.0,0.833333,0.197955,0.18713,0,0,0,0,0,,0.121674,0.205249,9.044927,2.307068,1.791759,-0.515308,-2.342552,0.261299
VN,Viet Nam,S - 27_68,Advancements in Cancer Treatment Modalities and Therapeutics,S - 2,Medical and health sciences,Science,2.0,11.0,1.287509,0.078827,0.173652,0,0,0,0,0,,0.148989,0.217175,26.335309,3.308179,2.484907,-0.823273,-2.003769,0.277251
VN,Viet Nam,S - 27_69,Management and Treatment of Spinal Disorders,S - 2,Medical and health sciences,Science,7.0,10.0,1.764548,0.449828,0.435284,0,0,0,0,0,,0.120192,0.200861,4.368303,1.680512,2.397895,0.717383,-1.769649,0.239914
VN,Viet Nam,S - 27_7,Thrombosis and Coagulation Disorders: Diagnosis and Treatment,S - 2,Medical and health sciences,Science,7.0,6.0,1.126263,0.205557,0.106523,0,0,0,0,0,,0.144437,0.212956,22.232546,3.145554,1.94591,-1.199644,-0.440585,0.271677
VN,Viet Nam,S - 27_70,Stem Cells and Regenerative Medicine Research,S - 2,Medical and health sciences,Science,5.0,15.0,4.0,0.115535,0.161781,0,0,0,0,0,,0.143167,0.21601,40.744657,3.731571,2.772589,-0.958983,-0.269928,0.224614
VN,Viet Nam,S - 27_71,"Orthopedic Injuries: Epidemiology, Treatment, and Outcomes",S - 2,Medical and health sciences,Science,2.0,1.0,0.5,0.084208,0.125808,0,0,0,0,0,,0.140956,0.209181,14.367555,2.732258,0.693147,-2.039111,-0.2036,0.218048
VN,Viet Nam,S - 27_72,Advancements and Outcomes in Orthopedic Surgery,S - 2,Medical and health sciences,Science,3.0,1.0,0.166667,0.104392,0.074291,0,0,0,0,0,,0.143966,0.216248,22.665356,3.164012,0.693147,-2.470865,0.448316,0.230292
VN,Viet Nam,S - 27_73,COVID-19 Impact on Healthcare Systems and Practices,S - 2,Medical and health sciences,Science,6.0,15.0,1.974981,0.28248,0.298117,0,0,0,0,0,,0.113074,0.234805,15.92332,2.828693,2.772589,-0.056104,-4.156377,0.360557
VN,Viet Nam,S - 27_74,Anesthesia and Perioperative Care Management,S - 2,Medical and health sciences,Science,8.0,3.0,0.62037,0.258911,0.106436,0,0,0,0,0,,0.139114,0.213227,19.159108,3.003656,1.386294,-1.617362,-1.472665,0.254788
VN,Viet Nam,S - 27_75,Gender-Specific Health Factors and Biomedical Research,S - 2,Medical and health sciences,Science,4.0,6.0,0.9,0.207043,0.16811,0,0,0,0,0,,0.146576,0.209657,10.432079,2.436423,1.94591,-0.490513,-1.423122,0.232956
VN,Viet Nam,S - 27_76,"Metabolic Disorders, Obesity, and Cardiovascular Disease",S - 2,Medical and health sciences,Science,8.0,8.0,1.614512,0.159143,0.141466,0,0,0,0,0,,0.134167,0.19151,22.65038,3.163379,2.197225,-0.966155,-1.758317,0.307503
VN,Viet Nam,S - 27_77,Therapeutic Potential of Medicinal Plants and Compounds,S - 2,Medical and health sciences,Science,10.0,33.0,8.816667,0.354988,0.406388,0,0,0,0,0,,0.158195,0.301629,24.950377,3.256186,3.526361,0.270174,-2.845294,0.296687
VN,Viet Nam,S - 27_78,"Cancer Therapies: Mechanisms, Developments, and Impacts",S - 2,Medical and health sciences,Science,1.0,4.0,1.166667,0.04196,0.06848,0,0,0,0,0,,0.147386,0.213655,29.999634,3.433975,1.609438,-1.824537,0.273401,0.211413
VN,Viet Nam,S - 27_79,Management of Complications in Cancer Therapy,S - 2,Medical and health sciences,Science,1.0,1.0,0.25,0.18027,0.143573,0,0,0,0,0,,0.146863,0.220103,4.36551,1.679991,0.693147,-0.986844,-1.07872,0.237937
VN,Viet Nam,S - 27_8,"Neurological Disorders: Diagnosis, Pathogenesis, and Treatment",S - 2,Medical and health sciences,Science,8.0,5.0,0.916667,0.180441,0.079821,0,0,0,0,0,,0.146474,0.210434,35.851773,3.606904,1.791759,-1.815144,-0.843654,0.246799
VN,Viet Nam,S - 27_80,Palliative Care and End-of-Life Ethical Considerations,S - 2,Medical and health sciences,Science,4.0,1.0,0.111111,0.271309,0.131438,0,0,0,0,0,,0.136141,0.210305,7.637839,2.156152,0.693147,-1.463005,-1.764377,0.232832
VN,Viet Nam,S - 27_82,Cardiac Arrhythmia Management and Treatment Techniques,S - 2,Medical and health sciences,Science,0.0,3.0,0.916667,0.0,0.100713,0,0,0,0,0,,0.14805,0.215624,21.742363,3.124229,1.386294,-1.737935,0.789705,0.212729
VN,Viet Nam,S - 27_83,Management and Complications of Upper Gastrointestinal Disorders,S - 2,Medical and health sciences,Science,1.0,5.0,0.733333,0.079886,0.339371,0,0,0,0,0,,0.145596,0.218402,11.082606,2.491767,1.791759,-0.700007,0.047568,0.231552
VN,Viet Nam,S - 27_87,Interdisciplinary Studies on Allergies and Immune Disorders,S - 2,Medical and health sciences,Science,6.0,14.0,2.681227,0.132146,0.210593,0,0,0,0,0,,0.138183,0.216027,36.919954,3.635477,2.70805,-0.927427,-1.800264,0.299497
VN,Viet Nam,S - 27_88,Comparative and Clinical Anatomy Studies,S - 2,Medical and health sciences,Science,0.0,0.0,0.0,0.0,0.0,0,0,0,0,0,,0.132108,0.214584,1.510459,0.920466,0.0,-0.920466,0.646126,0.186967
VN,Viet Nam,S - 27_89,Toxicology and Poisoning Management Studies,S - 2,Medical and health sciences,Science,2.0,1.0,0.166667,0.443126,0.241401,0,0,0,0,0,,0.142786,0.204631,2.193585,1.161144,0.693147,-0.467997,-0.247562,0.157026
VN,Viet Nam,S - 27_9,Advancements and Applications in Medical Science,S - 2,Medical and health sciences,Science,8.0,20.0,3.503175,0.219413,0.26814,0,0,0,0,0,,0.125367,0.20611,25.117944,3.262623,3.044522,-0.2181,-3.000672,0.309351
VN,Viet Nam,S - 27_90,Cardiovascular and Neurological Disease Management and Treatment,S - 2,Medical and health sciences,Science,2.0,11.0,1.903186,0.05566,0.165825,0,0,0,0,0,,0.140853,0.215547,35.872909,3.607477,2.484907,-1.12257,-1.179662,0.277531
VN,Viet Nam,S - 27_91,Genomic Analysis and Treatment Strategies in Leukemia,S - 2,Medical and health sciences,Science,2.0,0.0,0.0,0.081192,0.0,0,0,0,0,0,,0.144682,0.213465,28.676978,3.390372,0.0,-3.390372,-0.068729,0.228236
VN,Viet Nam,S - 27_92,Advancements in Reconstructive and Surgical Techniques,S - 2,Medical and health sciences,Science,1.0,3.0,0.666667,0.065617,0.246992,0,0,0,0,0,,0.139194,0.216859,9.595246,2.360405,1.386294,-0.974111,-0.246612,0.22035
VN,Viet Nam,S - 27_93,Genetic and Clinical Aspects of Bone and Tissue Disorders,S - 2,Medical and health sciences,Science,0.0,0.0,0.0,0.0,0.0,0,0,0,0,0,,0.138552,0.198697,3.196522,1.434256,0.0,-1.434256,1.986223,0.14745
VN,Viet Nam,S - 27_94,Alternative Therapies in Biomedical Applications,S - 2,Medical and health sciences,Science,0.0,4.0,0.833333,0.0,0.23981,0,0,0,0,0,,0.145779,0.226735,6.756455,2.048525,1.609438,-0.439087,-0.195989,0.211411
VN,Viet Nam,S - 27_95,Diagnosis and Management of Peripheral Nerve Disorders,S - 2,Medical and health sciences,Science,0.0,1.0,0.166667,0.0,0.157584,0,0,0,0,0,,0.136379,0.209837,3.853349,1.579669,0.693147,-0.886522,0.682422,0.183067
VN,Viet Nam,S - 27_96,Health Impacts of Antioxidants and Phytochemicals,S - 2,Medical and health sciences,Science,5.0,44.0,12.261111,0.180584,0.415495,0,0,0,0,0,,0.15692,0.268223,44.347371,3.814352,3.806662,-0.00769,-2.797971,0.299571
VN,Viet Nam,S - 27_98,Translational Medicine and Research Development,S - 2,Medical and health sciences,Science,0.0,1.0,0.166667,0.0,0.227239,0,0,0,0,0,,0.119441,0.189697,1.530512,0.928422,0.693147,-0.235275,-1.534791,0.194222
VN,Viet Nam,S - 27_99,Viral Infections and Associated Diseases in Immunocompromised Individuals,S - 2,Medical and health sciences,Science,5.0,2.0,0.194444,0.188756,0.135475,0,0,0,0,0,,0.135971,0.194247,12.400929,2.595324,1.098612,-1.496712,-2.53477,0.292316
VN,Viet Nam,S - 2884038005,"Studies in Education, Health, and Social Sciences",S - 1,Social sciences,Science,0.0,3.0,1.0,0.0,0.347081,0,0,0,0,0,,0.12969,0.213193,3.473662,1.498207,1.386294,-0.111913,-0.149932,0.20979
VN,Viet Nam,S - 28_0,"Interdisciplinary Neuroscience: Applications, Education, and Ethics",S - 11,Psychology and neuroscience,Science,2.0,18.0,3.622833,0.048354,0.170754,0,0,0,0,0,,0.142619,0.216301,57.039558,4.061125,2.944439,-1.116686,-0.592243,0.250865
VN,Viet Nam,S - 28_1,"Neuroscience: Mechanisms, Pathways, and Implications",S - 11,Psychology and neuroscience,Science,6.0,4.0,0.5,0.068971,0.062084,0,0,0,0,0,,0.143274,0.211367,58.659504,4.088653,1.609438,-2.479216,0.513038,0.204211
VN,Viet Nam,S - 28_2,Neurobiological Interactions in Health and Disease,S - 11,Psychology and neuroscience,Science,4.0,2.0,0.214286,0.085155,0.047666,0,0,0,0,0,,0.144029,0.214569,45.264706,3.834379,1.098612,-2.735767,0.323484,0.210713
VN,Viet Nam,S - 28_3,Neural Mechanisms in Cognitive Processes and Perception,S - 11,Psychology and neuroscience,Science,1.0,5.0,0.666667,0.015535,0.062622,0,0,0,0,0,,0.13594,0.207999,50.005893,3.931941,1.791759,-2.140182,0.768519,0.199318
VN,Viet Nam,S - 28_4,"Neurodegeneration, Oxidative Stress, and Neuroprotective Agents",S - 11,Psychology and neuroscience,Science,3.0,4.0,1.527778,0.148168,0.097369,0,0,0,0,0,,0.144322,0.211787,27.590936,3.35309,1.609438,-1.743652,0.351771,0.197508
VN,Viet Nam,S - 28_5,Neurological Study of Visual and Auditory Hallucinations,S - 11,Psychology and neuroscience,Science,0.0,0.0,0.0,0.0,0.0,0,0,0,0,0,,0.122652,0.136247,0.062375,0.060507,0.0,-0.060507,3.91627,0.040135
VN,Viet Nam,S - 28_6,"Neurological Functions, Disorders, and Brain Stimulation Techniques",S - 11,Psychology and neuroscience,Science,2.0,5.0,0.777778,0.045964,0.090749,0,0,0,0,0,,0.143578,0.211565,43.573064,3.79713,1.791759,-2.00537,0.800328,0.205375
VN,Viet Nam,S - 28_7,Neural Mechanisms in Sensory Perception and Dysfunction,S - 11,Psychology and neuroscience,Science,3.0,5.0,0.888889,0.098784,0.132037,0,0,0,0,0,,0.144299,0.216134,31.76387,3.489326,1.791759,-1.697567,0.453621,0.202976
VN,Viet Nam,S - 28_8,Molecular Mechanisms in Neurodegenerative Diseases,S - 11,Psychology and neuroscience,Science,1.0,4.0,0.535168,0.063457,0.185242,0,0,0,0,0,,0.144429,0.21546,12.680565,2.615976,1.609438,-1.006538,-0.308746,0.22114
VN,Viet Nam,S - 29_0,Comprehensive Analysis of Nutrition and Health,S - 2,Medical and health sciences,Science,26.0,27.0,3.654276,0.509103,0.371187,1,0,0,0,,1,0.245224,0.325741,18.222142,2.956063,3.332205,0.376142,-5.950037,0.461171
VN,Viet Nam,S - 29_1,"Nursing Professionalism, Advocacy, and Healthcare Outcomes",S - 2,Medical and health sciences,Science,1.0,1.0,0.333333,0.205105,0.179017,0,0,0,0,0,,0.130545,0.211769,2.542754,1.264904,0.693147,-0.571757,-1.511374,0.207972
VN,Viet Nam,S - 29_2,Nutritional Components and Human Health,S - 2,Medical and health sciences,Science,13.0,37.0,8.610317,0.19472,0.261194,0,0,0,0,0,,0.143063,0.215166,36.607317,3.627199,3.637586,0.010388,-2.564663,0.328647
VN,Viet Nam,S - 304242710,Perspectives on Disability Studies,S - 1,Social sciences,Science,0.0,1.0,0.083333,0.0,0.17298,0,0,0,0,0,,0.124972,0.2172,3.309589,1.460843,0.693147,-0.767695,-1.122052,0.224226
VN,Viet Nam,S - 30_0,Pharmaceutical Research and Clinical Pharmacy Practices,S - 9,Chemistry and pharmaceuticals,Science,11.0,15.0,2.879487,0.263546,0.254619,0,0,0,0,0,,0.136898,0.207811,14.128442,2.716577,2.772589,0.056012,-2.918747,0.322726
VN,Viet Nam,S - 30_1,Pharmacological Properties of Bioactive Plant Compounds,S - 9,Chemistry and pharmaceuticals,Science,5.0,27.0,9.194444,0.278447,0.481867,0,0,0,0,0,,0.151529,0.325649,20.232013,3.05551,3.332205,0.276694,-3.842835,0.263402
VN,Viet Nam,S - 30_2,Advancements in Drug Delivery Systems,S - 9,Chemistry and pharmaceuticals,Science,6.0,9.0,3.166667,0.289656,0.336387,0,0,0,0,0,,0.149953,0.222977,17.951678,2.941892,2.302585,-0.639307,-1.14812,0.25133
VN,Viet Nam,S - 31_0,Semiconductor Physics and Quantum Computing Applications,S - 7,Physical sciences and mathematics,Science,7.0,12.0,2.819444,0.199139,0.182673,0,0,0,0,0,,0.147026,0.211818,30.969156,3.464772,2.564949,-0.899822,0.139889,0.21481
VN,Viet Nam,S - 31_1,Complex Systems and Nonlinear Dynamics Analysis,S - 7,Physical sciences and mathematics,Science,4.0,42.0,5.83373,0.094847,0.254859,0,0,0,0,0,,0.14619,0.215579,65.825871,4.20209,3.7612,-0.44089,-1.276125,0.24579
VN,Viet Nam,S - 31_10,Black Hole Astrophysics and Gravitational Wave Research,S - 7,Physical sciences and mathematics,Science,0.0,1.0,0.083333,0.0,0.017266,0,0,0,0,0,,0.139543,0.209754,40.732165,3.731272,0.693147,-3.038125,0.523746,0.210102
VN,Viet Nam,S - 31_11,Advancements in Radiation Detection and Imaging Technologies,S - 7,Physical sciences and mathematics,Science,1.0,5.0,0.598232,0.049985,0.159193,0,0,0,0,0,,0.151345,0.219883,25.786713,3.287906,1.791759,-1.496147,-0.551809,0.28032
VN,Viet Nam,S - 31_12,Stellar and Planetary Formation and Evolution,S - 7,Physical sciences and mathematics,Science,0.0,16.0,1.207738,0.0,0.082496,0,0,0,0,0,,0.139385,0.210428,94.71727,4.561399,2.833213,-1.728185,1.178373,0.194664
VN,Viet Nam,S - 31_13,Origins and Development of Early Life and Prebiotic Chemistry,S - 7,Physical sciences and mathematics,Science,0.0,0.0,0.0,0.0,0.0,0,0,0,0,0,,0.131178,0.193304,1.550215,0.936178,0.0,-0.936178,3.275042,0.106644
VN,Viet Nam,S - 31_14,Advanced Studies in Electromagnetic and Quantum Physics,S - 7,Physical sciences and mathematics,Science,1.0,2.0,0.555556,0.0849,0.129157,0,0,0,0,0,,0.144489,0.216742,10.198969,2.415822,1.098612,-1.317209,0.84502,0.218598
VN,Viet Nam,S - 31_15,Advancements in Photonic and Optical Technologies,S - 7,Physical sciences and mathematics,Science,7.0,19.0,4.189683,0.176547,0.190763,0,0,0,0,0,,0.145926,0.21257,44.126734,3.809475,2.995732,-0.813743,-0.807296,0.226621
VN,Viet Nam,S - 31_2,Interdisciplinary Studies in Space Exploration and Astrobiology,S - 7,Physical sciences and mathematics,Science,0.0,0.0,0.0,0.0,0.0,0,0,0,0,0,,0.134936,0.205236,12.04366,2.568302,0.0,-2.568302,1.539707,0.177385
VN,Viet Nam,S - 31_3,Quantum Phenomena in Condensed Matter Physics,S - 7,Physical sciences and mathematics,Science,7.0,13.0,3.319444,0.161641,0.178608,0,0,0,0,0,,0.146812,0.211392,50.197812,3.935697,2.639057,-1.296639,0.667159,0.200591
VN,Viet Nam,S - 31_4,Quantum Gravity and Cosmological Theories Exploration,S - 7,Physical sciences and mathematics,Science,2.0,5.0,2.166667,0.071385,0.066167,0,0,0,0,0,,0.147038,0.214763,42.937308,3.782764,1.791759,-1.991004,-0.292951,0.251504
VN,Viet Nam,S - 31_5,"Astronomy: Historical, Cultural, and Technological Perspectives",S - 7,Physical sciences and mathematics,Science,1.0,3.0,0.2125,0.03937,0.048481,0,0,0,0,0,,0.138575,0.20792,33.922672,3.553136,1.386294,-2.166842,1.276184,0.189859
VN,Viet Nam,S - 31_6,Interdisciplinary Studies in Particle and Astrophysics,S - 7,Physical sciences and mathematics,Science,13.0,18.0,4.036494,0.108387,0.07576,0,0,0,0,0,,0.150461,0.219813,143.461515,4.973013,2.944439,-2.028574,-0.170703,0.265305
VN,Viet Nam,S - 31_7,Quantum Mechanics and Coherence in Various Systems,S - 7,Physical sciences and mathematics,Science,1.0,5.0,0.716667,0.043597,0.088273,0,0,0,0,0,,0.147202,0.212787,31.812656,3.490814,1.791759,-1.699055,1.024198,0.196059
VN,Viet Nam,S - 31_8,Advancements in Applied and Theoretical Physics,S - 7,Physical sciences and mathematics,Science,15.0,17.0,4.361111,0.142983,0.125056,0,0,0,0,0,,0.151833,0.222707,101.370433,4.628598,2.890372,-1.738226,-0.422548,0.272258
VN,Viet Nam,S - 31_9,Advancements in Spectroscopy and Imaging Techniques,S - 7,Physical sciences and mathematics,Science,0.0,4.0,0.513709,0.0,0.093594,0,0,0,0,0,,0.145642,0.2126,22.034251,3.136982,1.609438,-1.527544,0.537342,0.212189
VN,Viet Nam,S - 32_0,"Mental Health: Impact, Challenges, and Treatment",S - 11,Psychology and neuroscience,Science,6.0,31.0,5.286905,0.197048,0.277877,0,0,0,0,0,,0.11856,0.220677,29.051095,3.402899,3.465736,0.062837,-3.631483,0.400362
VN,Viet Nam,S - 32_1,Social Cognition and Intelligence Across Species and Systems,S - 11,Psychology and neuroscience,Science,1.0,10.0,1.091667,0.052115,0.274556,0,0,0,0,0,,0.10162,0.188417,9.25614,2.327877,2.397895,0.070019,-2.49378,0.25781
VN,Viet Nam,S - 32_10,"Stress, Coping Strategies, and Well-being Across Contexts",S - 11,Psychology and neuroscience,Science,1.0,11.0,2.666667,0.063701,0.224513,0,0,0,0,0,,0.142786,0.222654,20.050806,3.046939,2.484907,-0.562032,-1.835095,0.289293
VN,Viet Nam,S - 32_11,Interdisciplinary Approaches to Enhancing Education,S - 11,Psychology and neuroscience,Science,2.0,13.0,2.92284,0.160782,0.346341,0,0,0,0,0,,0.144121,0.221214,13.204907,2.653587,2.639057,-0.01453,-2.443174,0.320225
VN,Viet Nam,S - 32_12,Emotion and Deception Detection in Communication,S - 11,Psychology and neuroscience,Science,0.0,8.0,1.236111,0.0,0.346365,0,0,0,0,0,,0.141292,0.215739,7.869266,2.182592,2.197225,0.014632,-0.41857,0.20438
VN,Viet Nam,S - 32_13,Interdisciplinary Exploration of Consciousness and Perception,S - 11,Psychology and neuroscience,Science,1.0,0.0,0.0,0.115672,0.0,0,0,0,0,0,,0.139836,0.203685,3.906946,1.590652,0.0,-1.590652,1.877254,0.161763
VN,Viet Nam,S - 32_14,Emotion Regulation and Mental Health Interventions,S - 11,Psychology and neuroscience,Science,6.0,18.0,3.274639,0.115945,0.216815,0,0,0,0,0,,0.13992,0.203942,28.631755,3.388847,2.944439,-0.444408,-1.982468,0.3037
VN,Viet Nam,S - 32_15,Cognitive Influences in Design and Consumer Behavior,S - 11,Psychology and neuroscience,Science,0.0,3.0,0.444444,0.0,0.309942,0,0,0,0,0,,0.147967,0.217561,5.048979,1.79989,1.386294,-0.413595,0.877316,0.195817
VN,Viet Nam,S - 32_16,Interdisciplinary Studies in Psychology and Behavior,S - 11,Psychology and neuroscience,Science,1.0,4.0,0.692761,0.097799,0.225637,0,0,0,0,0,,0.148375,0.225949,8.245221,2.224107,1.609438,-0.614669,-0.928532,0.269106
VN,Viet Nam,S - 32_17,Interdisciplinary Perspectives on Educational Psychology,S - 11,Psychology and neuroscience,Science,0.0,6.0,1.583333,0.0,0.291433,0,0,0,0,0,,0.142161,0.220734,13.279328,2.658813,1.94591,-0.712903,-1.648921,0.279451
VN,Viet Nam,S - 32_18,"Trauma, Mental Health, and Resilience: Interdisciplinary Perspectives",S - 11,Psychology and neuroscience,Science,3.0,6.0,0.5,0.140471,0.155578,0,0,0,0,0,,0.132545,0.209382,13.800328,2.694649,1.94591,-0.748739,-1.974027,0.238984
VN,Viet Nam,S - 32_19,Language and Cognitive Development Across Modalities,S - 11,Psychology and neuroscience,Science,2.0,6.0,1.916667,0.082749,0.269446,0,0,0,0,0,,0.143721,0.221767,15.334112,2.793256,1.94591,-0.847346,-0.494358,0.266462
VN,Viet Nam,S - 32_2,Psychology of Motivation and Learning Across Domains,S - 11,Psychology and neuroscience,Science,2.0,18.0,4.319841,0.116415,0.339756,0,0,0,0,0,,0.143776,0.218331,17.699809,2.928513,2.944439,0.015926,-1.841974,0.296479
VN,Viet Nam,S - 32_20,"Psychology of Time, Behavior, and Identity Formation",S - 11,Psychology and neuroscience,Science,2.0,12.0,2.444444,0.096576,0.267003,0,0,0,0,0,,0.139641,0.221917,20.020119,3.04548,2.564949,-0.480531,-0.630386,0.258686
VN,Viet Nam,S - 32_21,Childrens Perceptions of Scientists: Media and Cultural Influences,S - 11,Psychology and neuroscience,Science,0.0,0.0,0.0,0.0,0.0,0,0,0,0,0,,0.112751,0.139388,0.071268,0.068843,0.0,-0.068843,1.91048,0.069873
VN,Viet Nam,S - 32_3,Psychological Factors Influencing Emotional Well-being and Social Interactions,S - 11,Psychology and neuroscience,Science,4.0,22.0,5.87963,0.130143,0.288029,0,0,0,0,0,,0.143498,0.221618,31.990667,3.496225,3.135494,-0.36073,-1.766693,0.311727
VN,Viet Nam,S - 32_4,Cognitive Abilities Enhancement and Assessment Research,S - 11,Psychology and neuroscience,Science,0.0,0.0,0.0,0.0,0.0,0,0,0,0,0,,0.136698,0.204382,3.196139,1.434165,0.0,-1.434165,1.99916,0.158001
VN,Viet Nam,S - 32_5,Interdisciplinary Perspectives on Mental Health and Psychopathology,S - 11,Psychology and neuroscience,Science,5.0,9.0,1.368687,0.093414,0.131717,0,0,0,0,0,,0.134242,0.217226,45.940159,3.848874,2.302585,-1.546288,-0.896516,0.25134
VN,Viet Nam,S - 32_6,Interdisciplinary Communication and Knowledge Exchange,S - 11,Psychology and neuroscience,Science,0.0,0.0,0.0,0.0,0.0,0,0,0,0,0,,0.092527,0.143002,0.060101,0.058364,0.0,-0.058364,2.1126,0.062058
VN,Viet Nam,S - 32_7,Effects of Sleep Patterns on Health and Performance,S - 11,Psychology and neuroscience,Science,2.0,5.0,0.861111,0.172774,0.202542,0,0,0,0,0,,0.14133,0.215215,11.309183,2.510346,1.791759,-0.718586,-0.593779,0.218106
VN,Viet Nam,S - 32_8,Psychological Approaches in Coaching and Development,S - 11,Psychology and neuroscience,Science,0.0,1.0,0.333333,0.0,0.075269,0,0,0,0,0,,0.138982,0.218958,9.31492,2.333591,0.693147,-1.640444,0.489595,0.211676
VN,Viet Nam,S - 32_9,"Collective Memory, Trauma, and Societal Impact Studies",S - 11,Psychology and neuroscience,Science,0.0,1.0,0.083333,0.0,0.61143,0,1,1,1,1,,0.125456,0.198283,0.404271,0.339518,0.693147,0.353629,2.714967,0.110306
VN,Viet Nam,S - 3371536588,Advanced Materials: Properties and Applications,S - 7,Physical sciences and mathematics,Science,40.0,158.0,38.20873,0.255031,0.314077,0,0,0,0,0,,0.148575,0.215086,181.78244,5.208297,5.068904,-0.139392,-0.878597,0.245988
VN,Viet Nam,S - 33_0,Youth Participation and Engagement in Research and Policy,S - 1,Social sciences,Science,0.0,2.0,0.666667,0.0,0.209389,0,0,0,0,0,,0.132841,0.217402,5.247886,1.832243,1.098612,-0.733631,-0.488633,0.203212
VN,Viet Nam,S - 33_1,Territorial Development and Sustainability Across Regions,S - 1,Social sciences,Science,0.0,1.0,0.166667,0.0,0.158802,0,0,0,0,0,,0.147621,0.222456,4.176164,1.644064,0.693147,-0.950917,1.027222,0.194131
VN,Viet Nam,S - 33_10,"Governance, Democracy, and Political Dynamics in Public Administration",S - 1,Social sciences,Science,0.0,8.0,2.666667,0.0,0.430008,0,0,0,0,0,,0.137285,0.221554,10.226156,2.418246,2.197225,-0.221022,-1.364154,0.254947
VN,Viet Nam,S - 33_100,Qualitative Research Methods in Social Sciences and Education,S - 1,Social sciences,Science,0.0,0.0,0.0,0.0,0.0,0,0,0,0,0,,0.124864,0.173368,1.352703,0.855565,0.0,-0.855565,-2.076553,0.185962
VN,Viet Nam,S - 33_101,"Youth Behavior, Public Policy, and Social Change",S - 1,Social sciences,Science,0.0,0.0,0.0,0.0,0.0,0,0,0,0,0,,0.127237,0.209884,1.893063,1.062316,0.0,-1.062316,0.846794,0.204188
VN,Viet Nam,S - 33_102,Transnational Experiences and Diasporic Identities,S - 1,Social sciences,Science,2.0,2.0,0.148148,0.332351,0.352842,0,0,0,0,0,,0.097069,0.200953,1.819083,1.036412,1.098612,0.062201,-1.785547,0.200622
VN,Viet Nam,S - 33_103,Geography Education and Spatial Analysis Techniques,S - 1,Social sciences,Science,0.0,1.0,0.333333,0.0,0.306701,0,0,0,0,0,,0.140823,0.220028,2.507429,1.254883,0.693147,-0.561736,0.550623,0.211707
VN,Viet Nam,S - 33_104,"Technology, Aging, and Societal Impact",S - 1,Social sciences,Science,0.0,3.0,0.380719,0.0,0.224245,0,0,0,0,0,,0.139984,0.225471,9.965765,2.394778,1.386294,-1.008484,-0.865726,0.257553
VN,Viet Nam,S - 33_106,Legal Aspects of Digital Technologies and Intellectual Property,S - 1,Social sciences,Science,0.0,0.0,0.0,0.0,0.0,0,0,0,0,0,,0.126309,0.188926,0.21551,0.195164,0.0,-0.195164,4.158294,0.075173
VN,Viet Nam,S - 33_107,"Global Human Rights, Justice, and Governance",S - 1,Social sciences,Science,0.0,1.0,0.111111,0.0,0.240451,0,0,0,0,0,,0.133407,0.210485,2.219384,1.16919,0.693147,-0.476043,0.730134,0.170779
VN,Viet Nam,S - 33_11,Impact of Social Media on Behavior and Communication,S - 1,Social sciences,Science,3.0,118.0,31.419444,0.138873,0.554402,0,1,1,0,1,,0.144263,0.228719,45.334503,3.835887,4.779123,0.943237,-2.02915,0.31289
VN,Viet Nam,S - 33_110,"Nationalism, Identity, and Extremism in Historical Context",S - 1,Social sciences,Science,0.0,0.0,0.0,0.0,0.0,0,0,0,0,0,,0.135932,0.205989,3.103947,1.411949,0.0,-1.411949,1.973519,0.15721
VN,Viet Nam,S - 33_111,Survey Methodology and Data Quality Analysis,S - 1,Social sciences,Science,0.0,0.0,0.0,0.0,0.0,0,0,0,0,0,,0.127478,0.176848,0.420498,0.351007,0.0,-0.351007,0.936095,0.104782
VN,Viet Nam,S - 33_112,Global Impact and Cultural Aspects of War,S - 1,Social sciences,Science,0.0,0.0,0.0,0.0,0.0,0,0,0,0,0,,0.12052,0.186735,1.190911,0.784318,0.0,-0.784318,-0.972283,0.149613
VN,Viet Nam,S - 33_113,Comprehensive Analysis of Podcasting Evolution and Impact,S - 1,Social sciences,Science,0.0,0.0,0.0,0.0,0.0,0,0,0,0,0,,0.111239,0.189244,0.465689,0.382326,0.0,-0.382326,1.8696,0.114638
VN,Viet Nam,S - 33_114,"Race, Power Dynamics, and Social Structures in Education",S - 1,Social sciences,Science,0.0,0.0,0.0,0.0,0.0,0,0,0,0,0,,0.107524,0.160187,1.027117,0.706615,0.0,-0.706615,0.831188,0.098432
VN,Viet Nam,S - 33_13,Interdisciplinary Analysis of Religion in Society,S - 1,Social sciences,Science,1.0,0.0,0.0,0.192641,0.0,0,0,0,0,0,,0.139441,0.197751,1.821311,1.037202,0.0,-1.037202,-1.965463,0.216897
VN,Viet Nam,S - 33_14,"Educational Leadership, Teacher Motivation, and Organizational Culture",S - 1,Social sciences,Science,0.0,4.0,1.5,0.0,0.480409,0,0,0,0,0,,0.121702,0.226868,2.46228,1.241927,1.609438,0.367511,-1.250258,0.221082
VN,Viet Nam,S - 33_15,Global Security Studies and Countermeasures,S - 1,Social sciences,Science,0.0,1.0,0.333333,0.0,0.154427,0,0,0,0,0,,0.122201,0.21172,3.624809,1.531435,0.693147,-0.838288,-1.683751,0.240488
VN,Viet Nam,S - 33_16,"Migration, Social Integration, and Policy Implications",S - 1,Social sciences,Science,4.0,5.0,1.5,0.290321,0.222546,0,0,0,0,0,,0.147687,0.214808,7.575108,2.148864,1.791759,-0.357104,-1.621689,0.246748
VN,Viet Nam,S - 33_17,Gender Inequality and Labor Market Dynamics,S - 1,Social sciences,Science,4.0,8.0,1.805556,0.256601,0.309625,0,0,0,0,0,,0.135705,0.220026,11.256274,2.506038,2.197225,-0.308813,-2.110073,0.282451
VN,Viet Nam,S - 33_18,Intersectionality in Feminism and Social Justice Studies,S - 1,Social sciences,Science,0.0,0.0,0.0,0.0,0.0,0,0,0,0,0,,0.136145,0.209594,5.528238,1.876137,0.0,-1.876137,-0.532673,0.195294
VN,Viet Nam,S - 33_19,"Cultural, Social, and Historical Analysis Across Societies",S - 1,Social sciences,Science,4.0,8.0,2.361111,0.674607,0.843918,1,1,1,1,,0,0.134178,0.202793,1.081183,0.732936,2.197225,1.464288,2.258508,0.132205
VN,Viet Nam,S - 33_2,Education Technology and Digital Communication Studies,S - 1,Social sciences,Science,0.0,0.0,0.0,0.0,0.0,0,0,0,0,0,,0.119867,0.144831,0.111093,0.105344,0.0,-0.105344,-0.36878,0.051811
VN,Viet Nam,S - 33_20,Pedagogical Strategies and Learning Environment Impact,S - 1,Social sciences,Science,0.0,3.0,1.0,0.0,0.566058,0,1,1,0,1,,0.135158,0.216179,1.578846,0.947342,1.386294,0.438953,-0.23163,0.199624
VN,Viet Nam,S - 33_21,Research Methods in Social Sciences and Education,S - 1,Social sciences,Science,2.0,0.0,0.0,0.404449,0.0,0,0,0,0,0,,0.141862,0.208505,3.947143,1.59881,0.0,-1.59881,-3.06388,0.286558
VN,Viet Nam,S - 33_22,Perception and Communication in Societal Risk Management,S - 1,Social sciences,Science,0.0,3.0,0.611111,0.0,0.21214,0,0,0,0,0,,0.137042,0.219046,13.236923,2.655839,1.386294,-1.269544,-1.18867,0.250445
VN,Viet Nam,S - 33_23,Conflict Resolution and Peacebuilding Studies,S - 1,Social sciences,Science,0.0,1.0,0.055556,0.0,0.252575,0,0,0,0,0,,0.102175,0.198171,2.271095,1.185125,0.693147,-0.491978,-3.433433,0.28532
VN,Viet Nam,S - 33_24,Workplace Learning and Skill Development in Education,S - 1,Social sciences,Science,1.0,10.0,3.333333,0.180139,0.60875,0,1,1,1,1,,0.138744,0.233115,4.626671,1.727518,2.397895,0.670377,-1.201348,0.233735
VN,Viet Nam,S - 33_25,"Resilience, Adaptation, and Management in Disaster Contexts",S - 1,Social sciences,Science,10.0,13.0,2.013889,0.546022,0.376425,1,0,0,0,,1,0.118709,0.1843,6.229647,1.97819,2.639057,0.660867,-4.361872,0.370034
VN,Viet Nam,S - 33_27,Advancements and Innovations in Educational Research,S - 1,Social sciences,Science,1.0,17.0,5.75,0.059442,0.388902,0,0,0,0,0,,0.135366,0.212969,10.378134,2.431693,2.890372,0.458678,-2.234939,0.298324
VN,Viet Nam,S - 33_28,"Violence, Abuse, and Harassment: Prevalence, Impact, and Interventions",S - 1,Social sciences,Science,9.0,8.0,1.097619,0.354859,0.320014,0,0,0,0,0,,0.180894,0.191749,5.830962,1.921465,2.197225,0.275759,-5.18113,0.310978
VN,Viet Nam,S - 33_29,"Urban Governance, Neoliberalism, and Environmental Justice",S - 1,Social sciences,Science,5.0,4.0,0.611111,0.433857,0.270356,0,0,0,0,0,,0.14584,0.207274,5.555944,1.880372,1.609438,-0.270934,-2.142853,0.226135
VN,Viet Nam,S - 33_3,Impacts and Dynamics of Globalization,S - 1,Social sciences,Science,1.0,0.0,0.0,0.192342,0.0,0,0,0,0,0,,0.142262,0.207357,2.737985,1.318547,0.0,-1.318547,2.178161,0.172373
VN,Viet Nam,S - 33_30,Impact of Media on Politics and Public Opinion,S - 1,Social sciences,Science,0.0,4.0,0.611111,0.0,0.145863,0,0,0,0,0,,0.138676,0.215853,16.097333,2.838922,1.609438,-1.229485,-0.139999,0.225874
VN,Viet Nam,S - 33_31,"Urban Studies: Governance, Development, and Social Dynamics",S - 1,Social sciences,Science,3.0,4.0,0.833333,0.539162,0.465012,1,0,0,0,,1,0.124652,0.187411,1.318657,0.840988,1.609438,0.76845,-4.546369,0.213036
VN,Viet Nam,S - 33_32,Communication Strategies and Linguistic Patterns in Crises,S - 1,Social sciences,Science,0.0,2.0,0.444444,0.0,0.268704,0,0,0,0,0,,0.13817,0.212658,3.436812,1.489936,1.098612,-0.391324,-0.11109,0.211731
VN,Viet Nam,S - 33_33,Pedagogical Strategies in Contemporary Education,S - 1,Social sciences,Science,1.0,9.0,2.5,0.175571,0.480036,0,0,0,0,0,,0.141436,0.239559,4.376639,1.682064,2.302585,0.620522,-3.159235,0.310926
VN,Viet Nam,S - 33_34,Transnational Cultural Exchanges and Archaeological Studies,S - 1,Social sciences,Science,0.0,1.0,0.111111,0.0,0.401781,0,0,0,0,0,,0.101532,0.169923,0.599542,0.469717,0.693147,0.22343,-3.530296,0.171495
VN,Viet Nam,S - 33_35,"Global Governance, Policy, and Sociopolitical Dynamics",S - 1,Social sciences,Science,2.0,3.0,0.958333,0.210494,0.281692,0,0,0,0,0,,0.140783,0.214817,7.016349,2.081483,1.386294,-0.695189,-0.365663,0.231019
VN,Viet Nam,S - 33_36,Citizenship Education in Diverse Global Contexts,S - 1,Social sciences,Science,0.0,4.0,0.833333,0.0,0.439339,0,0,0,0,0,,0.130988,0.209683,2.884233,1.356926,1.609438,0.252512,-0.151418,0.189718
VN,Viet Nam,S - 33_37,Factors Influencing Higher Education Outcomes and Engagement,S - 1,Social sciences,Science,1.0,4.0,0.944444,0.175078,0.291762,0,0,0,0,0,,0.121071,0.203212,3.026841,1.392982,1.609438,0.216456,-0.775845,0.204054
VN,Viet Nam,S - 33_38,Sustainable Development and Community Participation in Territorial Governance,S - 1,Social sciences,Science,0.0,0.0,0.0,0.0,0.0,0,0,0,0,0,,0.126454,0.194867,0.795641,0.585362,0.0,-0.585362,-1.426519,0.191219
VN,Viet Nam,S - 33_39,Impact of Digital Transformation on Society and Economy,S - 1,Social sciences,Science,0.0,9.0,2.011111,0.0,0.356979,0,0,0,0,0,,0.144045,0.224718,8.64129,2.266055,2.302585,0.03653,-0.590156,0.23378
VN,Viet Nam,S - 33_4,Social Determinants and Impacts on Community Well-being,S - 1,Social sciences,Science,2.0,8.0,1.222619,0.084999,0.21397,0,0,0,0,0,,0.137472,0.190039,17.0597,2.893683,2.197225,-0.696458,-1.983779,0.284616
VN,Viet Nam,S - 33_40,"Higher Education: Teaching, Learning, and Institutional Impact",S - 1,Social sciences,Science,0.0,4.0,1.25,0.0,0.408755,0,0,0,0,0,,0.134934,0.22097,2.672253,1.300805,1.609438,0.308633,-1.554164,0.244676
VN,Viet Nam,S - 33_41,"Neoliberalism, Power Dynamics, and Cultural Anthropology",S - 1,Social sciences,Science,0.0,0.0,0.0,0.0,0.0,0,0,0,0,0,,0.11316,0.174789,0.996863,0.691578,0.0,-0.691578,-0.173317,0.128097
VN,Viet Nam,S - 33_42,"International Relations, Diplomacy, and Cultural Exchange",S - 1,Social sciences,Science,0.0,0.0,0.0,0.0,0.0,0,0,0,0,0,,0.135179,0.196262,0.64939,0.500405,0.0,-0.500405,1.187162,0.159898
VN,Viet Nam,S - 33_43,"Gender Dynamics, Identity, and Media Influence",S - 1,Social sciences,Science,0.0,3.0,0.666667,0.0,0.167023,0,0,0,0,0,,0.137841,0.215881,7.256897,2.111049,1.386294,-0.724755,0.557448,0.200544
VN,Viet Nam,S - 33_45,Intercultural Communication and Education in Multilingual Contexts,S - 1,Social sciences,Science,5.0,11.0,2.944444,0.374532,0.516053,0,1,1,0,1,,0.145499,0.218424,5.41981,1.859389,2.484907,0.625518,-1.031096,0.241347
VN,Viet Nam,S - 33_46,Intersectionality in Health Outcomes and Healthcare Disparities,S - 1,Social sciences,Science,2.0,1.0,0.083333,0.204595,0.084799,0,0,0,0,0,,0.128224,0.17951,5.724576,1.905769,0.693147,-1.212622,-2.647921,0.237828
VN,Viet Nam,S - 33_47,"Political Theory, Biopolitics and Human Rights",S - 1,Social sciences,Science,0.0,0.0,0.0,0.0,0.0,0,0,0,0,0,,0.122015,0.166938,0.112261,0.106395,0.0,-0.106395,3.288205,0.074756
VN,Viet Nam,S - 33_48,"Globalization, Sustainability, and Economic Development Studies",S - 1,Social sciences,Science,1.0,4.0,0.916667,0.222463,0.330148,0,0,0,0,0,,0.142773,0.218769,5.269471,1.835692,1.609438,-0.226254,-1.034176,0.269094
VN,Viet Nam,S - 33_49,Ethics and Integrity in Sports and Academia,S - 1,Social sciences,Science,0.0,2.0,0.333333,0.0,0.415502,0,0,0,0,0,,0.131232,0.219509,2.023839,1.106527,1.098612,-0.007915,-0.513402,0.220069
VN,Viet Nam,S - 33_5,Qualitative Research Methods in Social Sciences,S - 1,Social sciences,Science,0.0,3.0,1.166667,0.0,0.376814,0,0,0,0,0,,0.127526,0.217225,3.632311,1.533056,1.386294,-0.146761,-0.334971,0.191925
VN,Viet Nam,S - 33_50,"Globalization, Identity, and Sociocultural Impact",S - 1,Social sciences,Science,0.0,0.0,0.0,0.0,0.0,0,0,0,0,0,,0.12821,0.190889,0.767183,0.569387,0.0,-0.569387,2.449637,0.110516
VN,Viet Nam,S - 33_51,"Critical Theories in Politics, Education, and Social Change",S - 1,Social sciences,Science,0.0,0.0,0.0,0.0,0.0,0,0,0,0,0,,0.133982,0.188383,1.075321,0.730116,0.0,-0.730116,2.421291,0.124812
VN,Viet Nam,S - 33_52,Global Trends and Reforms in Higher Education,S - 1,Social sciences,Science,2.0,9.0,2.444444,0.29871,0.549857,0,1,1,1,1,,0.147668,0.221511,4.891432,1.773499,2.302585,0.529086,-0.553885,0.2531
VN,Viet Nam,S - 33_53,"Intersection of Politics, Economics, and Social Welfare",S - 1,Social sciences,Science,0.0,1.0,0.166667,0.0,0.168438,0,0,0,0,0,,0.145606,0.205846,3.455585,1.494158,0.693147,-0.801011,1.019671,0.166959
VN,Viet Nam,S - 33_54,"Economic, Environmental, and Policy Aspects of Logistics",S - 1,Social sciences,Science,0.0,1.0,0.5,0.0,0.237834,0,0,0,0,0,,0.136571,0.209313,2.146109,1.146166,0.693147,-0.453019,-0.047895,0.197955
VN,Viet Nam,S - 33_55,"Generational Impact on Education, Workplaces, and Consumer Behavior",S - 1,Social sciences,Science,0.0,2.0,0.333333,0.0,0.634651,0,1,1,0,1,,0.123818,0.223202,0.729603,0.547892,1.098612,0.55072,0.333528,0.145191
VN,Viet Nam,S - 33_56,"Criminology, Social Impact, and Justice System Analysis",S - 1,Social sciences,Science,0.0,3.0,0.444444,0.0,0.248465,0,0,0,0,0,,0.122933,0.200991,4.93031,1.780077,1.386294,-0.393782,-1.22475,0.198012
VN,Viet Nam,S - 33_58,"Social Identity, Power Dynamics, and Justice Perception",S - 1,Social sciences,Science,0.0,0.0,0.0,0.0,0.0,0,0,0,0,0,,0.139919,0.216925,8.917779,2.294329,0.0,-2.294329,0.47622,0.203773
VN,Viet Nam,S - 33_59,European Legal Systems and Governance Analysis,S - 1,Social sciences,Science,0.0,0.0,0.0,0.0,0.0,0,0,0,0,0,,0.145468,0.2144,3.518496,1.508179,0.0,-1.508179,1.693921,0.170403
VN,Viet Nam,S - 33_61,Ethnic Conflict and Socio-Political Dynamics in Regions,S - 1,Social sciences,Science,0.0,0.0,0.0,0.0,0.0,0,0,0,0,0,,0.123937,0.196285,0.752881,0.561261,0.0,-0.561261,-1.047348,0.197158
VN,Viet Nam,S - 33_62,Complex Dynamics and Impacts of Family Relationships,S - 1,Social sciences,Science,0.0,1.0,0.333333,0.0,0.254136,0,0,0,0,0,,0.141744,0.208311,6.182711,1.971677,0.693147,-1.27853,-1.565688,0.214887
VN,Viet Nam,S - 33_63,Urban Mobility and Spatial Network Analysis,S - 1,Social sciences,Science,1.0,3.0,0.583333,0.229781,0.221729,0,0,0,0,0,,0.141415,0.212021,8.906544,2.293196,1.386294,-0.906901,-0.446445,0.206012
VN,Viet Nam,S - 33_64,Decolonization and Postcolonial Studies Across Cultures,S - 1,Social sciences,Science,0.0,0.0,0.0,0.0,0.0,0,0,0,0,0,,0.090496,0.138525,0.860214,0.620691,0.0,-0.620691,-4.082557,0.143461
VN,Viet Nam,S - 33_65,Impact of Technology on Education and Pedagogy,S - 1,Social sciences,Science,1.0,0.0,0.0,0.340556,0.0,0,0,0,0,0,,0.134157,0.215001,1.08927,0.736815,0.0,-0.736815,-2.425656,0.234741
VN,Viet Nam,S - 33_66,Impact and Spread of Misinformation in Digital Media,S - 1,Social sciences,Science,2.0,8.0,1.105769,0.488068,0.274809,0,0,0,0,0,,0.133693,0.221133,13.774178,2.692881,2.197225,-0.495656,-2.583232,0.297939
VN,Viet Nam,S - 33_68,Influences and Inequalities in Educational Achievement,S - 1,Social sciences,Science,2.0,9.0,1.48802,0.109397,0.266505,0,0,0,0,0,,0.134852,0.170169,5.416339,1.858848,2.302585,0.443737,-3.183975,0.358366
VN,Viet Nam,S - 33_69,"Global Security, Digital Sovereignty, and Hybrid Warfare",S - 1,Social sciences,Science,0.0,0.0,0.0,0.0,0.0,0,0,0,0,0,,0.12242,0.209373,1.492235,0.91318,0.0,-0.91318,0.59655,0.194528
VN,Viet Nam,S - 33_7,Globalization and Interdisciplinary Knowledge Integration,S - 1,Social sciences,Science,0.0,1.0,0.166667,0.0,0.588755,0,1,1,0,1,,0.122232,0.181849,0.280344,0.247129,0.693147,0.446019,-1.228744,0.152405
VN,Viet Nam,S - 33_71,"Intersections of Diversity, Spirituality, and Workplace Dynamics",S - 1,Social sciences,Science,2.0,22.0,5.25,0.158771,0.517194,0,1,1,0,1,,0.145932,0.225077,10.503453,2.442647,3.135494,0.692847,-2.496751,0.302084
VN,Viet Nam,S - 33_72,"Ancient Mediterranean Civilizations: Society, Economy, and Technology",S - 1,Social sciences,Science,0.0,0.0,0.0,0.0,0.0,0,0,0,0,0,,0.11979,0.189662,0.340487,0.293033,0.0,-0.293033,2.675725,0.108922
VN,Viet Nam,S - 33_73,Lifestyle Migration and Mobility in Retirement,S - 1,Social sciences,Science,0.0,0.0,0.0,0.0,0.0,0,0,0,0,0,,0.135383,0.20398,2.225346,1.17104,0.0,-1.17104,1.708313,0.145531
VN,Viet Nam,S - 33_74,"Intersections of Religion, Culture, and Environment",S - 1,Social sciences,Science,2.0,4.0,1.0,0.597706,0.541224,1,1,1,1,,0,0.136925,0.227009,1.805244,1.031491,1.609438,0.577947,-1.16143,0.213592
VN,Viet Nam,S - 33_75,Technological and Psychological Aspects of Legal Proceedings,S - 1,Social sciences,Science,0.0,1.0,0.083333,0.0,0.424698,0,0,0,0,0,,0.127909,0.2127,1.115082,0.749093,0.693147,-0.055946,1.929267,0.150913
VN,Viet Nam,S - 33_76,Media Influence on Society and Communication Studies,S - 1,Social sciences,Science,0.0,0.0,0.0,0.0,0.0,0,0,0,0,0,,0.138007,0.212355,4.481472,1.701374,0.0,-1.701374,0.475935,0.195991
VN,Viet Nam,S - 33_77,Multimedia Interaction and Engagement in Television Viewing,S - 1,Social sciences,Science,0.0,1.0,0.5,0.0,0.627626,0,1,1,0,1,,0.134052,0.199652,0.35289,0.302243,0.693147,0.390904,1.656767,0.109957
VN,Viet Nam,S - 33_78,Global Legal Systems and Regulatory Challenges,S - 1,Social sciences,Science,0.0,3.0,1.5,0.0,0.626702,0,1,1,0,1,,0.136163,0.194352,1.239918,0.806439,1.386294,0.579855,-0.015648,0.134926
VN,Viet Nam,S - 33_79,"Innovation, Education, and Social Impact in a Global Context",S - 1,Social sciences,Science,0.0,2.0,0.5,0.0,0.394527,0,0,0,0,0,,0.129886,0.22179,1.75791,1.014473,1.098612,0.084139,-0.386878,0.218136
VN,Viet Nam,S - 33_80,Responsibility to Protect in International Relations,S - 1,Social sciences,Science,0.0,0.0,0.0,0.0,0.0,0,0,0,0,0,,0.123742,0.194216,0.631113,0.489263,0.0,-0.489263,-0.838246,0.156311
VN,Viet Nam,S - 33_81,Vaccine Hesitancy and Its Global Health Implications,S - 1,Social sciences,Science,5.0,10.0,1.567277,0.498674,0.323121,0,0,0,0,0,,0.149403,0.206705,7.833976,2.178605,2.397895,0.21929,-5.079389,0.421071
VN,Viet Nam,S - 33_82,Cultural Heritage in Sustainable Tourism and Urban Development,S - 1,Social sciences,Science,0.0,0.0,0.0,0.0,0.0,0,0,0,0,0,,0.145069,0.197969,0.20714,0.188254,0.0,-0.188254,1.502368,0.094184
VN,Viet Nam,S - 33_83,Urban Mobility and Transportation Infrastructure Analysis,S - 1,Social sciences,Science,3.0,11.0,2.433333,0.168086,0.244112,0,0,0,0,0,,0.147581,0.217583,30.726257,3.457145,2.484907,-0.972238,-0.838629,0.222502
VN,Viet Nam,S - 33_84,Advanced Techniques in Latent Fingerprint Detection,S - 1,Social sciences,Science,0.0,1.0,0.333333,0.0,0.581985,0,1,1,0,1,,0.124933,0.200346,0.733009,0.549859,0.693147,0.143288,1.520502,0.100918
VN,Viet Nam,S - 33_85,"Global Development: Economic, Social, and Environmental Perspectives",S - 1,Social sciences,Science,11.0,15.0,3.566667,0.431721,0.48882,0,0,0,0,0,,0.167848,0.251374,8.417061,2.242523,2.772589,0.530066,-5.661886,0.333381
VN,Viet Nam,S - 33_86,Interdisciplinary Exploration of Human Society and Culture,S - 1,Social sciences,Science,0.0,0.0,0.0,0.0,0.0,0,0,0,0,0,,0.11337,0.163226,0.074683,0.072026,0.0,-0.072026,3.328497,0.04672
VN,Viet Nam,S - 33_88,Online Collaboration and Knowledge Sharing Dynamics,S - 1,Social sciences,Science,2.0,16.0,3.972222,0.273363,0.570206,0,1,1,0,1,,0.143086,0.221685,5.049939,1.800048,2.833213,1.033165,-0.525793,0.218911
VN,Viet Nam,S - 33_89,Impacts and Sustainability in Diverse Tourism Contexts,S - 1,Social sciences,Science,6.0,50.0,14.640152,0.333267,0.545273,0,1,1,0,1,,0.14527,0.237887,21.530841,3.114885,3.931826,0.816941,-2.502097,0.334271
VN,Viet Nam,S - 33_90,Impact of Educational Technology on Distance Learning,S - 1,Social sciences,Science,0.0,12.0,5.166667,0.0,0.553989,0,1,1,0,1,,0.118913,0.289438,7.218378,2.106373,2.564949,0.458576,-3.151314,0.319722
VN,Viet Nam,S - 33_91,Personalisation in Social Care Services,S - 1,Social sciences,Science,0.0,1.0,0.083333,0.0,0.438503,0,0,0,0,0,,0.12161,0.193556,0.850115,0.615248,0.693147,0.077899,2.989216,0.105542
VN,Viet Nam,S - 33_92,Impact of Adversity on Child Development and Mental Health,S - 1,Social sciences,Science,0.0,1.0,0.066667,0.0,0.114004,0,0,0,0,0,,0.141391,0.207183,4.575288,1.718344,0.693147,-1.025197,-1.543357,0.207715
VN,Viet Nam,S - 33_94,"Internet Privacy, Trust, and Online Security Mechanisms",S - 1,Social sciences,Science,1.0,1.0,0.111111,0.326389,0.240716,0,0,0,0,0,,0.138514,0.217221,5.377411,1.852762,0.693147,-1.159615,0.294776,0.209717
VN,Viet Nam,S - 33_96,Social Behavior and Its Impact Across Disciplines,S - 1,Social sciences,Science,4.0,4.0,0.9,0.194398,0.145674,0,0,0,0,0,,0.14,0.209998,11.215606,2.502714,1.609438,-0.893276,-0.57806,0.221708
VN,Viet Nam,S - 33_97,"Cultural Identity, Globalization, and Social Dynamics",S - 1,Social sciences,Science,0.0,0.0,0.0,0.0,0.0,0,0,0,0,0,,0.116027,0.18979,0.638786,0.493956,0.0,-0.493956,0.468421,0.159703
VN,Viet Nam,S - 33_99,Human Evolution: Cultural and Biological Perspectives,S - 1,Social sciences,Science,0.0,0.0,0.0,0.0,0.0,0,0,0,0,0,,0.128211,0.210847,7.099771,2.091836,0.0,-2.091836,-1.145309,0.237333
VN,Viet Nam,S - 34_0,"Animal Health, Welfare, and Disease Management Studies",S - 2,Medical and health sciences,Science,3.0,10.0,1.638889,0.11723,0.235817,0,0,0,0,0,,0.136345,0.212411,15.835551,2.823493,2.397895,-0.425597,-2.704237,0.296906
VN,Viet Nam,S - 35_0,Oral Pathology and Management in Dentistry,S - 2,Medical and health sciences,Science,1.0,1.0,0.166667,0.124994,0.120823,0,0,0,0,0,,0.148855,0.223701,5.37908,1.853024,0.693147,-1.159877,-1.343457,0.2484
VN,Viet Nam,S - 35_1,Advancements and Challenges in Dental Research and Practice,S - 2,Medical and health sciences,Science,6.0,13.0,4.204762,0.156202,0.174748,0,0,0,0,0,,0.13782,0.22699,35.335207,3.592787,2.639057,-0.95373,-2.084638,0.30764
VN,Viet Nam,S - 3680146165,Research and Treatment of Digestive Tract Cancers,S - 2,Medical and health sciences,Science,7.0,17.0,2.230937,0.150898,0.20744,0,0,0,0,0,,0.144617,0.181283,28.544769,3.385907,2.890372,-0.495535,-1.323473,0.300176
VN,Viet Nam,S - 3698807275,Sustainable Water Management,S - 6,Agricultural and environmental sciences,Science,6.0,14.0,2.694444,0.29297,0.278661,0,0,0,0,0,,0.146318,0.32523,23.570207,3.201535,2.70805,-0.493484,-4.539981,0.330607
VN,Viet Nam,S - 36_0,"Healthcare Access, Quality, and Policy Analysis",S - 2,Medical and health sciences,Science,9.0,7.0,1.354221,0.281414,0.22011,0,0,0,0,0,,0.106613,0.190859,8.90421,2.29296,2.079442,-0.213518,-4.219825,0.304904
VN,Viet Nam,S - 36_1,"Oral Health and Disorders: Diagnosis, Management, and Impact",S - 2,Medical and health sciences,Science,1.0,6.0,1.833333,0.092664,0.217625,0,0,0,0,0,,0.143479,0.22013,10.068132,2.40407,1.94591,-0.45816,-0.180172,0.227514
VN,Viet Nam,S - 36_10,Occupational Health and Exposure-Related Risks,S - 2,Medical and health sciences,Science,3.0,8.0,1.511111,0.262226,0.385212,0,0,0,0,0,,0.149322,0.226844,7.131969,2.095803,2.197225,0.101422,-2.316902,0.287352
VN,Viet Nam,S - 36_11,Interdisciplinary Applications of Technology in Healthcare,S - 2,Medical and health sciences,Science,0.0,6.0,1.566667,0.0,0.303671,0,0,0,0,0,,0.140716,0.23392,10.000238,2.397917,1.94591,-0.452007,-2.699159,0.292536
VN,Viet Nam,S - 36_12,Improving Safety and Quality in Healthcare Settings,S - 2,Medical and health sciences,Science,9.0,16.0,5.731746,0.302198,0.317111,0,0,0,0,0,,0.142602,0.218841,19.229498,3.007142,2.833213,-0.173928,-2.8848,0.286002
VN,Viet Nam,S - 36_13,Healthcare Workforce and Public Health Preparedness,S - 2,Medical and health sciences,Science,1.0,7.0,1.055556,0.1035,0.239198,0,0,0,0,0,,0.15373,0.151831,4.039303,1.617268,2.079442,0.462174,-5.114214,0.355645
VN,Viet Nam,S - 36_14,"Infant Health: Skin Care, Behavioral Responses, and Infections",S - 2,Medical and health sciences,Science,3.0,2.0,0.333333,0.28539,0.195398,0,0,0,0,0,,0.145099,0.205966,4.674163,1.735923,1.098612,-0.637311,-1.317703,0.221434
VN,Viet Nam,S - 36_15,Implementation and Collaboration in Healthcare Practices,S - 2,Medical and health sciences,Science,4.0,2.0,0.333333,0.250771,0.107597,0,0,0,0,0,,0.125676,0.196622,8.258334,2.225524,1.098612,-1.126912,-2.543057,0.230563
VN,Viet Nam,S - 36_2,Occupational Stress and Burnout in Healthcare Professions,S - 2,Medical and health sciences,Science,3.0,13.0,2.368254,0.185007,0.317307,0,0,0,0,0,,0.140044,0.221684,13.905878,2.701756,2.639057,-0.062698,-2.213246,0.311135
VN,Viet Nam,S - 36_3,Health Communication and Technology in Patient Care,S - 2,Medical and health sciences,Science,7.0,15.0,2.025,0.250529,0.274057,0,0,0,0,0,,0.115019,0.199848,15.184715,2.784067,2.772589,-0.011479,-4.507827,0.336667
VN,Viet Nam,S - 36_4,"Aging Population: Healthcare, Policy, and Social Implications",S - 2,Medical and health sciences,Science,9.0,14.0,2.608497,0.226724,0.211549,0,0,0,0,0,,0.119436,0.197154,17.409273,2.912855,2.70805,-0.204804,-3.397873,0.315932
VN,Viet Nam,S - 36_5,Health Promotion and Education in Youth and Academic Settings,S - 2,Medical and health sciences,Science,7.0,10.0,1.234023,0.218622,0.229398,0,0,0,0,0,,0.173346,0.160299,7.354382,2.122786,2.397895,0.275109,-5.347948,0.385024
VN,Viet Nam,S - 36_6,Health Behavior and Psychological Resilience Research,S - 2,Medical and health sciences,Science,1.0,4.0,0.611111,0.144843,0.314265,0,0,0,0,0,,0.146425,0.216485,5.857104,1.925285,1.609438,-0.315847,-0.963846,0.241
VN,Viet Nam,S - 36_8,Occupational and Environmental Health Impacts,S - 2,Medical and health sciences,Science,5.0,12.0,3.0,0.198766,0.249935,0,0,0,0,0,,0.149764,0.219833,22.887572,3.173358,2.564949,-0.608409,-1.712211,0.277706
VN,Viet Nam,S - 36_9,"Physical Education, Sports Science, and Health Promotion",S - 2,Medical and health sciences,Science,0.0,0.0,0.0,0.0,0.0,0,0,0,0,0,,0.139804,0.224171,2.880405,1.35594,0.0,-1.35594,0.045391,0.214238
VN,Viet Nam,S - 3969021481,"Cancer Research: Diagnosis, Treatment, and Molecular Analysis",S - 2,Medical and health sciences,Science,7.0,12.0,1.480864,0.183112,0.192079,0,0,0,0,0,,0.146949,0.217794,33.147519,3.53069,2.564949,-0.965741,-0.994327,0.266401
VN,Viet Nam,S - 3977039544,Studies on COVID-19 Impacts and Responses,S - 2,Medical and health sciences,Science,4.0,30.0,5.90347,0.327366,0.249702,0,0,0,0,0,,0.129783,0.111178,7.142751,2.097128,3.433987,1.336859,-3.845045,0.423582
VN,Viet Nam,S - 4019419616,Sustainable Rural Livelihoods,S - 6,Agricultural and environmental sciences,Science,17.0,43.0,10.090548,0.485147,0.514335,0,1,1,0,1,,0.194592,0.357476,34.53423,3.570496,3.78419,0.213693,-5.532236,0.384004
VN,Viet Nam,S - 4216827806,"Legal, Ethical, and Societal Studies",S - 1,Social sciences,Science,0.0,2.0,0.333333,0.0,0.477123,0,0,0,0,0,,0.123459,0.197827,1.230453,0.802205,1.098612,0.296407,-1.3057,0.151894
VN,Viet Nam,S - 490447809,Studies in Global Sociocultural Dynamics,S - 1,Social sciences,Science,1.0,0.0,0.0,0.190788,0.0,0,0,0,0,0,,0.142957,0.206219,3.082741,1.406769,0.0,-1.406769,-0.807087,0.196302
VN,Viet Nam,S - 915163410,Analysis of Pain Management Strategies,S - 2,Medical and health sciences,Science,6.0,6.0,1.5,0.164531,0.180885,0,0,0,0,0,,0.141531,0.214599,24.860142,3.252703,1.94591,-1.306793,-0.093339,0.215182
VN,Viet Nam,S - 940322883,Exploration of Sociomateriality and Posthumanism,S - 1,Social sciences,Science,0.0,3.0,0.666667,0.0,0.336745,0,0,0,0,0,,0.129323,0.194321,3.069804,1.403595,1.386294,-0.0173,-1.60172,0.194154
VN,Viet Nam,T - 1197027848,Fire-Fighting Non-Chemicals,T - 33,Processing and environmental,Technology,0.0,0.0,0.0,0.0,0.0,0,0,0,0,0,,0.132754,0.192422,6.034816,1.950872,0.0,-1.950872,2.459049,0.132042
VN,Viet Nam,T - IPC4+A01B,Plowing and Tilling,T - 34,Chemicals,Technology,0.0,0.0,0.0,0.0,0.0,0,0,0,0,0,,0.132826,0.198544,9.423399,2.344053,0.0,-2.344053,2.384111,0.134534
VN,Viet Nam,T - IPC4+A01C,Planting and Sowing,T - 34,Chemicals,Technology,0.0,0.0,0.0,0.0,0.0,0,0,0,0,0,,0.132835,0.204343,8.053661,2.203169,0.0,-2.203169,1.887011,0.159254
VN,Viet Nam,T - IPC4+A01D,Harvesting and Mowing,T - 34,Chemicals,Technology,0.0,1.0,0.125,0.0,0.128603,0,0,0,0,0,,0.135164,0.193148,10.060413,2.403372,0.693147,-1.710225,3.230634,0.124136
VN,Viet Nam,T - IPC4+A01F,Threshing and Baling,T - 34,Chemicals,Technology,0.0,0.0,0.0,0.0,0.0,0,0,0,0,0,,0.125528,0.178302,2.150314,1.147502,0.0,-1.147502,3.502403,0.095836
VN,Viet Nam,T - IPC4+A01G,Horticulture and Gardening,T - 34,Chemicals,Technology,1.0,4.0,1.816667,0.130077,0.160931,0,0,0,0,0,,0.143277,0.216156,19.730713,3.031616,1.609438,-1.422178,1.382094,0.205344
VN,Viet Nam,T - IPC4+A01H,Plant Breeding,T - 31,Biopharma,Technology,2.0,1.0,0.333333,0.159423,0.109546,0,0,0,0,0,,0.12981,0.1843,9.199245,2.322314,0.693147,-1.629166,0.626583,0.167663
VN,Viet Nam,T - IPC4+A01K,Animal Husbandry,T - 34,Chemicals,Technology,0.0,8.0,8.666667,0.0,0.287948,0,0,0,0,0,,0.144195,0.209115,20.390277,3.062936,2.197225,-0.865712,1.649621,0.195346
VN,Viet Nam,T - IPC4+A01M,Pest Control and Trapping,T - 34,Chemicals,Technology,1.0,2.0,0.941176,0.210573,0.233324,0,0,0,0,0,,0.139192,0.208866,8.349182,2.235289,1.098612,-1.136677,1.653059,0.167746
VN,Viet Nam,T - IPC4+A01N,Pesticides and Preservation,T - 34,Chemicals,Technology,4.0,1.0,0.5,0.090508,0.037668,0,0,0,0,0,,0.130566,0.213849,39.123901,3.691972,0.693147,-2.998825,-0.201164,0.240966
VN,Viet Nam,T - IPC4+A01P,Biocidal Activity,T - 34,Chemicals,Technology,3.0,0.0,0.0,0.143714,0.0,0,0,0,0,0,,0.139935,0.215814,27.276897,3.342045,0.0,-3.342045,0.101062,0.222668
VN,Viet Nam,T - IPC4+A21B,Baking Ovens,T - 34,Chemicals,Technology,0.0,0.0,0.0,0.0,0.0,0,0,0,0,0,,0.130562,0.194538,1.01988,0.703038,0.0,-0.703038,3.282406,0.113326
VN,Viet Nam,T - IPC4+A21C,Dough Processing,T - 34,Chemicals,Technology,0.0,0.0,0.0,0.0,0.0,0,0,0,0,0,,0.130395,0.185318,1.092651,0.738432,0.0,-0.738432,3.782482,0.095363
VN,Viet Nam,T - IPC4+A21D,Baking Methods,T - 31,Biopharma,Technology,0.0,0.0,0.0,0.0,0.0,0,0,0,0,0,,0.139122,0.200288,3.657787,1.53854,0.0,-1.53854,2.910288,0.141777
VN,Viet Nam,T - IPC4+A22C,Meat Processing,T - 34,Chemicals,Technology,0.0,0.0,0.0,0.0,0.0,0,0,0,0,0,,0.125623,0.182433,1.815521,1.035147,0.0,-1.035147,2.408703,0.105924
VN,Viet Nam,T - IPC4+A23B,Food Preservation,T - 31,Biopharma,Technology,0.0,0.0,0.0,0.0,0.0,0,0,0,0,0,,0.142701,0.200521,3.330568,1.465699,0.0,-1.465699,0.885424,0.16455
VN,Viet Nam,T - IPC4+A23C,Dairy Products,T - 31,Biopharma,Technology,0.0,0.0,0.0,0.0,0.0,0,0,0,0,0,,0.143,0.203216,7.040896,2.08454,0.0,-2.08454,1.166522,0.175553
VN,Viet Nam,T - IPC4+A23D,Edible Oils and Fats,T - 31,Biopharma,Technology,0.0,0.0,0.0,0.0,0.0,0,0,0,0,0,,0.133891,0.20092,4.064518,1.622259,0.0,-1.622259,1.584158,0.148459
VN,Viet Nam,T - IPC4+A23F,Coffee and Tea,T - 31,Biopharma,Technology,0.0,0.0,0.0,0.0,0.0,0,0,0,0,0,,0.131713,0.192187,2.754751,1.323022,0.0,-1.323022,1.251729,0.12826
VN,Viet Nam,T - IPC4+A23G,Chocolate and Confectionery,T - 31,Biopharma,Technology,0.0,0.0,0.0,0.0,0.0,0,0,0,0,0,,0.141742,0.204473,6.086232,1.958154,0.0,-1.958154,2.170334,0.144609
VN,Viet Nam,T - IPC4+A23J,Food Proteins,T - 31,Biopharma,Technology,0.0,2.0,0.361789,0.0,0.221336,0,0,0,0,0,,0.138149,0.201528,7.517667,2.142142,1.098612,-1.04353,2.264913,0.147065
VN,Viet Nam,T - IPC4+A23K,Animal Feed,T - 31,Biopharma,Technology,0.0,2.0,1.0,0.0,0.152047,0,0,0,0,0,,0.141373,0.203278,11.886431,2.556175,1.098612,-1.457563,2.446429,0.167591
VN,Viet Nam,T - IPC4+A23L,General Food Products,T - 31,Biopharma,Technology,1.0,8.0,4.932791,0.04465,0.153185,0,0,0,0,0,,0.141395,0.208996,49.945444,3.930755,2.197225,-1.733531,0.84907,0.22807
VN,Viet Nam,T - IPC4+A23N,Fruit and Vegetable Processing,T - 34,Chemicals,Technology,0.0,1.0,0.5,0.0,0.36123,0,0,0,0,0,,0.131622,0.203238,1.907124,1.067164,0.693147,-0.374017,2.166459,0.137346
VN,Viet Nam,T - IPC4+A23P,Food Shaping,T - 34,Chemicals,Technology,0.0,1.0,0.097561,0.0,0.181869,0,0,0,0,0,,0.13609,0.2098,6.687013,2.039532,0.693147,-1.346385,1.839988,0.166417
VN,Viet Nam,T - IPC4+A24B,Tobacco Preparation,T - 52,Consumer,Technology,0.0,0.0,0.0,0.0,0.0,0,0,0,0,0,,0.128223,0.195912,8.649654,2.266922,0.0,-2.266922,1.856606,0.130116
VN,Viet Nam,T - IPC4+A24C,Cigarette Manufacturing,T - 52,Consumer,Technology,0.0,0.0,0.0,0.0,0.0,0,0,0,0,0,,0.116909,0.185471,3.240569,1.444697,0.0,-1.444697,2.946234,0.091814
VN,Viet Nam,T - IPC4+A24D,Cigarettes and Filters,T - 52,Consumer,Technology,0.0,0.0,0.0,0.0,0.0,0,0,0,0,0,,0.128335,0.189165,8.917096,2.29426,0.0,-2.29426,2.005448,0.120524
VN,Viet Nam,T - IPC4+A24F,Smoking Accessories,T - 52,Consumer,Technology,0.0,0.0,0.0,0.0,0.0,0,0,0,0,0,,0.124831,0.190171,30.16311,3.439235,0.0,-3.439235,2.199017,0.125584
VN,Viet Nam,T - IPC4+A41B,Shirts and Underwear,T - 52,Consumer,Technology,0.0,0.0,0.0,0.0,0.0,0,0,0,0,0,,0.137252,0.186579,1.56701,0.942742,0.0,-0.942742,2.347059,0.094561
VN,Viet Nam,T - IPC4+A41D,Outerwear and Protective Clothing,T - 52,Consumer,Technology,0.0,1.0,0.012821,0.0,0.206356,0,0,0,0,0,,0.137946,0.205638,10.864373,2.47354,0.693147,-1.780393,1.234197,0.188812
VN,Viet Nam,T - IPC4+A42B,Hats and Headwear,T - 52,Consumer,Technology,0.0,0.0,0.0,0.0,0.0,0,0,0,0,0,,0.12425,0.190696,2.969062,1.37853,0.0,-1.37853,2.922886,0.130159
VN,Viet Nam,T - IPC4+A43B,Footwear Design,T - 52,Consumer,Technology,3.0,3.0,0.734124,0.355587,0.330311,0,0,0,0,0,,0.138873,0.20217,8.377849,2.23835,1.386294,-0.852056,2.287917,0.135022
VN,Viet Nam,T - IPC4+A43C,Shoe Fasteners,T - 52,Consumer,Technology,0.0,0.0,0.0,0.0,0.0,0,0,0,0,0,,0.131969,0.169405,1.562049,0.940807,0.0,-0.940807,3.654524,0.072944
VN,Viet Nam,T - IPC4+A44B,Buttons and Fasteners,T - 52,Consumer,Technology,2.0,0.0,0.0,0.362636,0.0,0,0,0,0,0,,0.12974,0.193923,3.349646,1.470095,0.0,-1.470095,2.154201,0.113367
VN,Viet Nam,T - IPC4+A44C,Jewelry and Coins,T - 52,Consumer,Technology,0.0,0.0,0.0,0.0,0.0,0,0,0,0,0,,0.134771,0.192368,2.689949,1.305613,0.0,-1.305613,1.752312,0.131995
VN,Viet Nam,T - IPC4+A45C,Bags and Luggage,T - 52,Consumer,Technology,0.0,1.0,0.043478,0.0,0.350028,0,0,0,0,0,,0.133118,0.196251,4.695332,1.739647,0.693147,-1.0465,2.316455,0.141922
VN,Viet Nam,T - IPC4+A45D,Beauty and Grooming Tools,T - 52,Consumer,Technology,0.0,1.0,0.061538,0.0,0.166933,0,0,0,0,0,,0.122248,0.191108,9.157821,2.318244,0.693147,-1.625097,2.195071,0.11993
VN,Viet Nam,T - IPC4+A45F,Travel Equipment,T - 52,Consumer,Technology,0.0,0.0,0.0,0.0,0.0,0,0,0,0,0,,0.127894,0.193684,3.035703,1.395181,0.0,-1.395181,2.919665,0.121014
VN,Viet Nam,T - IPC4+A46B,Brushes,T - 52,Consumer,Technology,0.0,0.0,0.0,0.0,0.0,0,0,0,0,0,,0.128937,0.195769,4.681479,1.737212,0.0,-1.737212,2.01245,0.14433
VN,Viet Nam,T - IPC4+A47B,Furniture,T - 52,Consumer,Technology,0.0,2.0,3.0,0.0,0.169193,0,0,0,0,0,,0.142904,0.200227,9.963363,2.394559,1.098612,-1.295947,2.442126,0.14856
VN,Viet Nam,T - IPC4+A47C,Chairs and Beds,T - 52,Consumer,Technology,3.0,0.0,0.0,0.278126,0.0,0,0,0,0,0,,0.143824,0.20189,10.720397,2.461331,0.0,-2.461331,1.960312,0.147684
VN,Viet Nam,T - IPC4+A47D,Childrens Furniture,T - 52,Consumer,Technology,0.0,0.0,0.0,0.0,0.0,0,0,0,0,0,,0.133734,0.197363,2.181145,1.157241,0.0,-1.157241,3.914505,0.099725
VN,Viet Nam,T - IPC4+A47F,Commercial Furniture,T - 52,Consumer,Technology,0.0,0.0,0.0,0.0,0.0,0,0,0,0,0,,0.137176,0.197455,3.77279,1.562931,0.0,-1.562931,3.393998,0.124547
VN,Viet Nam,T - IPC4+A47G,Household Equipment,T - 52,Consumer,Technology,1.0,0.0,0.0,0.151033,0.0,0,0,0,0,0,,0.136564,0.208986,9.275744,2.329786,0.0,-2.329786,2.015714,0.167194
VN,Viet Nam,T - IPC4+A47J,Kitchen Equipment,T - 52,Consumer,Technology,0.0,0.0,0.0,0.0,0.0,0,0,0,0,0,,0.137594,0.20378,19.466449,3.018787,0.0,-3.018787,2.023662,0.149846
VN,Viet Nam,T - IPC4+A47K,Bathroom Equipment,T - 52,Consumer,Technology,0.0,0.0,0.0,0.0,0.0,0,0,0,0,0,,0.133416,0.199964,7.267796,2.112368,0.0,-2.112368,2.712265,0.142634
VN,Viet Nam,T - IPC4+A47L,Cleaning Equipment,T - 52,Consumer,Technology,0.0,1.0,2.0,0.0,0.080065,0,0,0,0,0,,0.13174,0.193355,18.011887,2.945064,0.693147,-2.251917,2.708374,0.110503
VN,Viet Nam,T - IPC4+A61B,Medical Diagnosis and Surgery,T - 21,Instruments,Technology,0.0,6.0,1.3125,0.0,0.057032,0,0,0,0,0,,0.127854,0.198508,172.953427,5.158788,1.94591,-3.212877,1.081774,0.197908
VN,Viet Nam,T - IPC4+A61C,Dentistry,T - 21,Instruments,Technology,2.0,1.0,0.25,0.184084,0.088717,0,0,0,0,0,,0.128347,0.203634,15.190175,2.784405,0.693147,-2.091257,1.001388,0.183885
VN,Viet Nam,T - IPC4+A61D,Veterinary Equipment,T - 21,Instruments,Technology,0.0,0.0,0.0,0.0,0.0,0,0,0,0,0,,0.129775,0.185813,1.891815,1.061884,0.0,-1.061884,3.844672,0.10739
VN,Viet Nam,T - IPC4+A61F,Medical Implants and Prosthetics,T - 21,Instruments,Technology,7.0,7.0,2.261905,0.136092,0.107501,0,0,0,0,0,,0.125464,0.198431,55.520588,4.034605,2.079442,-1.955163,0.657993,0.208634
VN,Viet Nam,T - IPC4+A61G,Medical Transport and Furniture,T - 21,Instruments,Technology,1.0,0.0,0.0,0.169198,0.0,0,0,0,0,0,,0.138734,0.20866,9.983539,2.396398,0.0,-2.396398,2.666081,0.15159
VN,Viet Nam,T - IPC4+A61H,Physical Therapy,T - 21,Instruments,Technology,1.0,0.0,0.0,0.148429,0.0,0,0,0,0,0,,0.141354,0.206722,13.044727,2.642247,0.0,-2.642247,2.215057,0.172509
VN,Viet Nam,T - IPC4+A61J,Medical Containers,T - 21,Instruments,Technology,0.0,3.0,0.922561,0.0,0.197613,0,0,0,0,0,,0.133732,0.205575,13.556017,2.678004,1.386294,-1.29171,1.55975,0.160134
VN,Viet Nam,T - IPC4+A61K,Pharmaceuticals,T - 31,Biopharma,Technology,20.0,40.0,20.585639,0.091916,0.128352,0,0,0,0,0,,0.112877,0.177613,272.913511,5.612812,3.713572,-1.89924,-0.195866,0.274441
VN,Viet Nam,T - IPC4+A61L,Medical Sterilization,T - 21,Instruments,Technology,5.0,6.0,1.651605,0.147656,0.133906,0,0,0,0,0,,0.13219,0.209816,49.579831,3.923553,1.94591,-1.977643,1.195428,0.201602
VN,Viet Nam,T - IPC4+A61M,Medical Delivery Devices,T - 21,Instruments,Technology,0.0,2.0,0.583333,0.0,0.027124,0,0,0,0,0,,0.129219,0.192032,73.361074,4.308933,1.098612,-3.21032,1.127418,0.193579
VN,Viet Nam,T - IPC4+A61N,Medical Therapy Devices,T - 21,Instruments,Technology,0.0,2.0,0.241667,0.0,0.096633,0,0,0,0,0,,0.135672,0.205075,36.757792,3.631192,1.098612,-2.53258,2.033113,0.165374
VN,Viet Nam,T - IPC4+A61P,Drug Therapy,T - 31,Biopharma,Technology,14.0,32.0,10.463564,0.085669,0.126757,0,0,0,0,0,,0.11202,0.173755,209.309807,5.348582,3.496508,-1.852074,-0.25451,0.27632
VN,Viet Nam,T - IPC4+A61Q,Cosmetic Applications,T - 31,Biopharma,Technology,1.0,3.0,0.561538,0.052611,0.09485,0,0,0,0,0,,0.123804,0.198067,34.655466,3.573902,1.386294,-2.187608,1.047025,0.179536
VN,Viet Nam,T - IPC4+A62B,Life-Saving Equipment,T - 52,Consumer,Technology,0.0,0.0,0.0,0.0,0.0,0,0,0,0,0,,0.12749,0.199948,6.795894,2.053597,0.0,-2.053597,1.696524,0.165751
VN,Viet Nam,T - IPC4+A62D,Fire-Fighting Chemicals,T - 41,Machines,Technology,0.0,0.0,0.0,0.0,0.0,0,0,0,0,0,,0.125665,0.192647,1.525679,0.92651,0.0,-0.92651,1.808272,0.121944
VN,Viet Nam,T - IPC4+A63B,Sports Equipment,T - 52,Consumer,Technology,1.0,2.0,0.164103,0.109292,0.21179,0,0,0,0,0,,0.137365,0.206061,15.927925,2.828965,1.098612,-1.730352,1.729329,0.185582
VN,Viet Nam,T - IPC4+A63C,Skating and Skiing,T - 52,Consumer,Technology,0.0,0.0,0.0,0.0,0.0,0,0,0,0,0,,0.132674,0.19404,1.603303,0.956781,0.0,-0.956781,3.670242,0.112348
VN,Viet Nam,T - IPC4+A63F,Games,T - 52,Consumer,Technology,2.0,2.0,0.375,0.164642,0.123136,0,0,0,0,0,,0.135649,0.198081,20.348365,3.060975,1.098612,-1.962363,2.234639,0.145534
VN,Viet Nam,T - IPC4+A63H,Toys,T - 52,Consumer,Technology,1.0,1.0,0.5,0.237019,0.244189,0,0,0,0,0,,0.135418,0.207345,4.259893,1.660111,0.693147,-0.966963,2.362438,0.138966
VN,Viet Nam,T - IPC4+B01D,Separation Processes,T - 33,Processing and environmental,Technology,4.0,5.0,3.611364,0.087953,0.107565,0,0,0,0,0,,0.138105,0.212626,75.999046,4.343793,1.791759,-2.552034,1.0179,0.205451
VN,Viet Nam,T - IPC4+B01F,Mixing and Dissolving,T - 33,Processing and environmental,Technology,1.0,0.0,0.0,0.102088,0.0,0,0,0,0,0,,0.143777,0.200619,12.796172,2.624391,0.0,-2.624391,2.211126,0.179735
VN,Viet Nam,T - IPC4+B01J,Chemical Processes and Catalysis,T - 33,Processing and environmental,Technology,10.0,8.0,3.392879,0.169454,0.150242,0,0,0,0,0,,0.139742,0.21103,62.247682,4.147058,2.197225,-1.949834,0.741724,0.206091
VN,Viet Nam,T - IPC4+B01L,Laboratory Equipment,T - 33,Processing and environmental,Technology,2.0,1.0,0.009009,0.178261,0.06488,0,0,0,0,0,,0.136048,0.198294,20.91264,3.087064,0.693147,-2.393916,1.903412,0.179804
VN,Viet Nam,T - IPC4+B02C,Crushing and Grinding,T - 33,Processing and environmental,Technology,1.0,0.0,0.0,0.164227,0.0,0,0,0,0,0,,0.142648,0.206889,6.729642,2.045063,0.0,-2.045063,1.605111,0.17737
VN,Viet Nam,T - IPC4+B03B,Liquid Separation,T - 33,Processing and environmental,Technology,0.0,0.0,0.0,0.0,0.0,0,0,0,0,0,,0.130078,0.194302,1.805578,1.03161,0.0,-1.03161,3.07511,0.133606
VN,Viet Nam,T - IPC4+B03C,Magnetic Separation,T - 33,Processing and environmental,Technology,0.0,0.0,0.0,0.0,0.0,0,0,0,0,0,,0.135723,0.200575,3.95325,1.600044,0.0,-1.600044,2.376185,0.142072
VN,Viet Nam,T - IPC4+B04B,Centrifuges,T - 33,Processing and environmental,Technology,0.0,0.0,0.0,0.0,0.0,0,0,0,0,0,,0.132276,0.177122,1.488852,0.911821,0.0,-0.911821,3.71991,0.092454
VN,Viet Nam,T - IPC4+B05B,Spraying and Atomizing,T - 33,Processing and environmental,Technology,4.0,2.0,0.5,0.232486,0.154098,0,0,0,0,0,,0.136045,0.204186,20.229523,3.055393,1.098612,-1.956781,1.995479,0.150727
VN,Viet Nam,T - IPC4+B05C,Fluid Application Equipment,T - 32,Materials,Technology,2.0,0.0,0.0,0.198017,0.0,0,0,0,0,0,,0.133031,0.188431,9.184319,2.320849,0.0,-2.320849,3.364136,0.104889
VN,Viet Nam,T - IPC4+B05D,Surface Coating Processes,T - 32,Materials,Technology,5.0,0.0,0.0,0.153856,0.0,0,0,0,0,0,,0.140661,0.192033,14.946933,2.769267,0.0,-2.769267,1.845731,0.147648
VN,Viet Nam,T - IPC4+B06B,Mechanical Vibration,T - 33,Processing and environmental,Technology,0.0,0.0,0.0,0.0,0.0,0,0,0,0,0,,0.132095,0.202146,5.797821,1.916602,0.0,-1.916602,3.034705,0.135771
VN,Viet Nam,T - IPC4+B07B,Sieving and Screening,T - 33,Processing and environmental,Technology,0.0,0.0,0.0,0.0,0.0,0,0,0,0,0,,0.136531,0.199154,2.968678,1.378433,0.0,-1.378433,3.099691,0.138149
VN,Viet Nam,T - IPC4+B07C,Sorting and Postal Processing,T - 33,Processing and environmental,Technology,0.0,0.0,0.0,0.0,0.0,0,0,0,0,0,,0.12685,0.198617,4.1895,1.646637,0.0,-1.646637,2.284791,0.144244
VN,Viet Nam,T - IPC4+B08B,Cleaning Equipment,T - 33,Processing and environmental,Technology,0.0,4.0,1.283333,0.0,0.15259,0,0,0,0,0,,0.131943,0.199683,19.809859,3.035427,1.609438,-1.425989,2.758782,0.141554
VN,Viet Nam,T - IPC4+B09B,Waste Disposal,T - 33,Processing and environmental,Technology,2.0,0.0,0.0,0.306922,0.0,0,0,0,0,0,,0.142517,0.215758,7.907041,2.186842,0.0,-2.186842,1.612206,0.19201
VN,Viet Nam,T - IPC4+B21B,Metal Rolling,T - 41,Machines,Technology,0.0,0.0,0.0,0.0,0.0,0,0,0,0,0,,0.126094,0.16698,4.403862,1.687114,0.0,-1.687114,2.980324,0.088031
VN,Viet Nam,T - IPC4+B21C,Metal Sheet and Wire Manufacturing,T - 41,Machines,Technology,0.0,0.0,0.0,0.0,0.0,0,0,0,0,0,,0.129682,0.192867,4.139132,1.636884,0.0,-1.636884,3.631039,0.119356
VN,Viet Nam,T - IPC4+B21D,Sheet Metal Working,T - 41,Machines,Technology,0.0,0.0,0.0,0.0,0.0,0,0,0,0,0,,0.138262,0.198775,11.804104,2.549766,0.0,-2.549766,3.27107,0.127223
VN,Viet Nam,T - IPC4+B21F,Wire Working,T - 41,Machines,Technology,0.0,0.0,0.0,0.0,0.0,0,0,0,0,0,,0.118312,0.183081,1.438492,0.89138,0.0,-0.89138,3.961683,0.093571
VN,Viet Nam,T - IPC4+B21J,Forging and Hammering,T - 41,Machines,Technology,0.0,0.0,0.0,0.0,0.0,0,0,0,0,0,,0.126751,0.181256,1.927556,1.074168,0.0,-1.074168,4.671811,0.080385
VN,Viet Nam,T - IPC4+B21K,Forged Metal Products,T - 41,Machines,Technology,0.0,0.0,0.0,0.0,0.0,0,0,0,0,0,,0.127805,0.178084,0.978056,0.682115,0.0,-0.682115,4.146379,0.076246
VN,Viet Nam,T - IPC4+B22C,Foundry Molding,T - 32,Materials,Technology,0.0,0.0,0.0,0.0,0.0,0,0,0,0,0,,0.130398,0.193388,2.035805,1.110477,0.0,-1.110477,3.546296,0.102112
VN,Viet Nam,T - IPC4+B22D,Metal Casting,T - 32,Materials,Technology,0.0,0.0,0.0,0.0,0.0,0,0,0,0,0,,0.131727,0.190867,7.048742,2.085516,0.0,-2.085516,2.52408,0.116698
VN,Viet Nam,T - IPC4+B22F,Powder Metallurgy,T - 32,Materials,Technology,3.0,3.0,0.46875,0.249712,0.202473,0,0,0,0,0,,0.133978,0.196007,18.922465,2.991848,1.386294,-1.605554,2.733516,0.15197
VN,Viet Nam,T - IPC4+B23B,Turning and Boring,T - 41,Machines,Technology,2.0,1.0,0.3,0.209063,0.137421,0,0,0,0,0,,0.128249,0.189744,8.401625,2.240883,0.693147,-1.547735,3.258232,0.120393
VN,Viet Nam,T - IPC4+B23C,Milling,T - 41,Machines,Technology,0.0,1.0,0.9,0.0,0.272391,0,0,0,0,0,,0.119985,0.197434,3.189681,1.432625,0.693147,-0.739477,3.270932,0.124835
VN,Viet Nam,T - IPC4+B23D,Cutting and Shearing,T - 41,Machines,Technology,0.0,0.0,0.0,0.0,0.0,0,0,0,0,0,,0.128636,0.197763,4.633506,1.728732,0.0,-1.728732,3.611048,0.127346
VN,Viet Nam,T - IPC4+B23H,Electrical Discharge Machining,T - 41,Machines,Technology,0.0,0.0,0.0,0.0,0.0,0,0,0,0,0,,0.119918,0.172386,0.98019,0.683193,0.0,-0.683193,4.625312,0.070055
VN,Viet Nam,T - IPC4+B23K,Welding and Soldering,T - 41,Machines,Technology,2.0,7.0,1.633911,0.114568,0.223349,0,0,0,0,0,,0.133063,0.201101,35.471411,3.596529,2.079442,-1.517087,2.774548,0.135262
VN,Viet Nam,T - IPC4+B23P,General Metalworking,T - 41,Machines,Technology,2.0,1.0,0.055556,0.095716,0.128077,0,0,0,0,0,,0.127996,0.200725,10.081818,2.405306,0.693147,-1.712159,2.117426,0.14381
VN,Viet Nam,T - IPC4+B23Q,Machine Tools,T - 41,Machines,Technology,0.0,0.0,0.0,0.0,0.0,0,0,0,0,0,,0.128561,0.191776,14.093798,2.714284,0.0,-2.714284,3.391011,0.116807
VN,Viet Nam,T - IPC4+B24B,Grinding and Polishing,T - 41,Machines,Technology,0.0,7.0,2.196825,0.0,0.363124,0,0,0,0,0,,0.131835,0.190703,13.614551,2.682018,2.079442,-0.602576,2.549101,0.123601
VN,Viet Nam,T - IPC4+B24C,Abrasive Blasting,T - 41,Machines,Technology,0.0,0.0,0.0,0.0,0.0,0,0,0,0,0,,0.122755,0.190363,1.472392,0.905186,0.0,-0.905186,3.44443,0.101938
VN,Viet Nam,T - IPC4+B24D,Grinding Tools,T - 41,Machines,Technology,0.0,0.0,0.0,0.0,0.0,0,0,0,0,0,,0.130498,0.187327,2.807107,1.336869,0.0,-1.336869,3.335248,0.116023
VN,Viet Nam,T - IPC4+B25B,Hand Tools and Fastening,T - 41,Machines,Technology,1.0,0.0,0.0,0.168061,0.0,0,0,0,0,0,,0.134265,0.202797,9.221293,2.324473,0.0,-2.324473,2.488232,0.14116
VN,Viet Nam,T - IPC4+B25C,Nailing and Stapling Tools,T - 41,Machines,Technology,0.0,0.0,0.0,0.0,0.0,0,0,0,0,0,,0.103041,0.153272,0.641125,0.495382,0.0,-0.495382,3.898836,0.06958
VN,Viet Nam,T - IPC4+B25D,Percussive Tools,T - 41,Machines,Technology,1.0,0.0,0.0,0.354835,0.0,0,0,0,0,0,,0.128615,0.176052,1.334625,0.847851,0.0,-0.847851,4.163424,0.081412
VN,Viet Nam,T - IPC4+B25F,Multi-Purpose Tools,T - 41,Machines,Technology,0.0,1.0,0.75,0.0,0.186824,0,0,0,0,0,,0.125906,0.182914,5.669414,1.897532,0.693147,-1.204385,3.739717,0.086555
VN,Viet Nam,T - IPC4+B25G,Tool Handles,T - 41,Machines,Technology,0.0,0.0,0.0,0.0,0.0,0,0,0,0,0,,0.128668,0.185872,1.185595,0.781888,0.0,-0.781888,3.942145,0.078792
VN,Viet Nam,T - IPC4+B25H,Workshop Equipment,T - 41,Machines,Technology,0.0,0.0,0.0,0.0,0.0,0,0,0,0,0,,0.130384,0.192872,2.091098,1.128526,0.0,-1.128526,3.871735,0.104151
VN,Viet Nam,T - IPC4+B25J,Manipulators and Robots,T - 41,Machines,Technology,1.0,7.0,4.485931,0.131766,0.163704,0,0,0,0,0,,0.135126,0.202333,40.117999,3.716446,2.079442,-1.637004,2.538359,0.151151
VN,Viet Nam,T - IPC4+B26B,Hand Cutting Tools,T - 41,Machines,Technology,0.0,1.0,0.375,0.0,0.252734,0,0,0,0,0,,0.124317,0.191058,3.562431,1.517856,0.693147,-0.824709,2.906664,0.108303
VN,Viet Nam,T - IPC4+B26D,Cutting Machines,T - 41,Machines,Technology,0.0,1.0,0.375,0.0,0.179603,0,0,0,0,0,,0.137308,0.190146,5.562501,1.881372,0.693147,-1.188225,3.229807,0.13105
VN,Viet Nam,T - IPC4+B26F,Perforating and Punching,T - 41,Machines,Technology,1.0,0.0,0.0,0.298962,0.0,0,0,0,0,0,,0.129791,0.194684,2.604672,1.282231,0.0,-1.282231,3.331886,0.122111
VN,Viet Nam,T - IPC4+B27B,Wood Saws,T - 41,Machines,Technology,0.0,0.0,0.0,0.0,0.0,0,0,0,0,0,,0.12194,0.186134,1.672622,0.98306,0.0,-0.98306,3.618913,0.103682
VN,Viet Nam,T - IPC4+B27N,Particle Board Manufacturing,T - 41,Machines,Technology,0.0,0.0,0.0,0.0,0.0,0,0,0,0,0,,0.136045,0.190365,2.118838,1.137461,0.0,-1.137461,2.689232,0.121443
VN,Viet Nam,T - IPC4+B28B,Ceramic and Cement Shaping,T - 34,Chemicals,Technology,1.0,0.0,0.0,0.175535,0.0,0,0,0,0,0,,0.133511,0.201535,6.947139,2.072812,0.0,-2.072812,3.411103,0.135063
VN,Viet Nam,T - IPC4+B28D,Stone Working,T - 34,Chemicals,Technology,0.0,0.0,0.0,0.0,0.0,0,0,0,0,0,,0.125812,0.18597,3.141527,1.421064,0.0,-1.421064,2.110085,0.112768
VN,Viet Nam,T - IPC4+B29B,Plastic Material Preparation,T - 34,Chemicals,Technology,1.0,2.0,0.186613,0.139018,0.235957,0,0,0,0,0,,0.13959,0.206511,13.326379,2.662103,1.098612,-1.56349,1.984398,0.151501
VN,Viet Nam,T - IPC4+B29C,Plastic Shaping,T - 34,Chemicals,Technology,6.0,6.0,2.935414,0.121467,0.116098,0,0,0,0,0,,0.138059,0.203483,74.086694,4.318643,1.94591,-2.372733,1.480236,0.196007
VN,Viet Nam,T - IPC4+B29D,Specific Plastic Articles,T - 34,Chemicals,Technology,2.0,5.0,0.965272,0.150804,0.227371,0,0,0,0,0,,0.142536,0.201289,15.469694,2.801522,1.791759,-1.009762,2.265397,0.144753
VN,Viet Nam,T - IPC4+B29K,Plastic Materials Index,T - 34,Chemicals,Technology,3.0,2.0,0.111406,0.218529,0.11518,0,0,0,0,0,,0.136197,0.197948,14.994282,2.772231,1.098612,-1.673619,1.864159,0.156494
VN,Viet Nam,T - IPC4+B29L,Plastic Articles Index,T - 34,Chemicals,Technology,3.0,3.0,0.190591,0.203333,0.158657,0,0,0,0,0,,0.135473,0.201063,16.990716,2.889856,1.386294,-1.503561,2.279412,0.164424
VN,Viet Nam,T - IPC4+B30B,Presses,T - 41,Machines,Technology,0.0,0.0,0.0,0.0,0.0,0,0,0,0,0,,0.137066,0.192657,4.060301,1.621426,0.0,-1.621426,3.90035,0.108645
VN,Viet Nam,T - IPC4+B31B,Paper Container Manufacturing,T - 41,Machines,Technology,0.0,0.0,0.0,0.0,0.0,0,0,0,0,0,,0.128886,0.190147,3.310146,1.460972,0.0,-1.460972,4.05299,0.094536
VN,Viet Nam,T - IPC4+B31F,Paper Working,T - 41,Machines,Technology,0.0,1.0,0.142857,0.0,0.388638,0,0,0,0,0,,0.126715,0.182386,1.518435,0.923638,0.693147,-0.230491,4.201416,0.08748
VN,Viet Nam,T - IPC4+B32B,Layered Products,T - 32,Materials,Technology,15.0,7.0,1.948818,0.18624,0.132442,0,0,0,0,0,,0.130133,0.193308,69.327529,4.253163,2.079442,-2.173722,0.974006,0.17038
VN,Viet Nam,T - IPC4+B33Y,3D Printing,T - 34,Chemicals,Technology,0.0,1.0,0.083333,0.0,0.069657,0,0,0,0,0,,0.119283,0.193839,26.635247,3.319092,0.693147,-2.625945,2.037832,0.16853
VN,Viet Nam,T - IPC4+B41C,Printing Surface Manufacturing,T - 41,Machines,Technology,2.0,0.0,0.0,0.48103,0.0,0,0,0,0,0,,0.121938,0.166911,0.696137,0.528353,0.0,-0.528353,4.869458,0.051536
VN,Viet Nam,T - IPC4+B41F,Printing Machines,T - 41,Machines,Technology,1.0,0.0,0.0,0.185496,0.0,0,0,0,0,0,,0.13172,0.192134,3.972407,1.603904,0.0,-1.603904,3.619602,0.105447
VN,Viet Nam,T - IPC4+B41J,Typewriters and Selective Printing,T - 41,Machines,Technology,1.0,3.0,5.166667,0.060022,0.104487,0,0,0,0,0,,0.118319,0.174772,21.410523,3.109531,1.386294,-1.723236,3.713233,0.070731
VN,Viet Nam,T - IPC4+B41M,Printing Processes,T - 41,Machines,Technology,2.0,0.0,0.0,0.184896,0.0,0,0,0,0,0,,0.128461,0.189794,9.135226,2.316017,0.0,-2.316017,3.547516,0.109129
VN,Viet Nam,T - IPC4+B41N,Printing Plates,T - 41,Machines,Technology,1.0,0.0,0.0,0.351868,0.0,0,0,0,0,0,,0.123029,0.171406,0.748414,0.558709,0.0,-0.558709,4.083835,0.061184
VN,Viet Nam,T - IPC4+B42D,Books and Printed Matter,T - 52,Consumer,Technology,0.0,0.0,0.0,0.0,0.0,0,0,0,0,0,,0.135493,0.194732,4.292001,1.666196,0.0,-1.666196,3.068843,0.130603
VN,Viet Nam,T - IPC4+B43K,Writing Implements,T - 52,Consumer,Technology,0.0,0.0,0.0,0.0,0.0,0,0,0,0,0,,0.113498,0.158968,0.960903,0.673405,0.0,-0.673405,4.424956,0.057405
VN,Viet Nam,T - IPC4+B44C,Decorative Effects,T - 52,Consumer,Technology,0.0,0.0,0.0,0.0,0.0,0,0,0,0,0,,0.142194,0.191289,3.01181,1.389242,0.0,-1.389242,4.063878,0.102047
VN,Viet Nam,T - IPC4+B44F,Special Designs,T - 52,Consumer,Technology,0.0,0.0,0.0,0.0,0.0,0,0,0,0,0,,0.129454,0.186528,0.866973,0.624318,0.0,-0.624318,4.415639,0.090373
VN,Viet Nam,T - IPC4+B60B,Vehicle Wheels,T - 42,Engines and transport,Technology,0.0,0.0,0.0,0.0,0.0,0,0,0,0,0,,0.134192,0.201124,6.550978,2.021677,0.0,-2.021677,3.068583,0.130357
VN,Viet Nam,T - IPC4+B60C,Vehicle Tires,T - 42,Engines and transport,Technology,0.0,1.0,0.017241,0.0,0.105676,0,0,0,0,0,,0.136162,0.196617,13.494577,2.673775,0.693147,-1.980627,2.332091,0.109442
VN,Viet Nam,T - IPC4+B60D,Vehicle Connections,T - 42,Engines and transport,Technology,0.0,0.0,0.0,0.0,0.0,0,0,0,0,0,,0.125568,0.189649,2.262925,1.182624,0.0,-1.182624,3.778358,0.101403
VN,Viet Nam,T - IPC4+B60G,Vehicle Suspension,T - 42,Engines and transport,Technology,0.0,0.0,0.0,0.0,0.0,0,0,0,0,0,,0.134411,0.203035,7.319192,2.118565,0.0,-2.118565,2.815321,0.136658
VN,Viet Nam,T - IPC4+B60H,Vehicle Climate Control,T - 42,Engines and transport,Technology,0.0,0.0,0.0,0.0,0.0,0,0,0,0,0,,0.128544,0.193704,11.975008,2.563025,0.0,-2.563025,2.578191,0.119541
VN,Viet Nam,T - IPC4+B60J,Vehicle Windows and Doors,T - 42,Engines and transport,Technology,0.0,1.0,0.25,0.0,0.120041,0,0,0,0,0,,0.134577,0.192191,11.668771,2.53914,0.693147,-1.845993,2.903303,0.105573
VN,Viet Nam,T - IPC4+B60K,Vehicle Propulsion Systems,T - 42,Engines and transport,Technology,0.0,1.0,0.2,0.0,0.039602,0,0,0,0,0,,0.135929,0.19049,39.487178,3.700985,0.693147,-3.007838,2.678869,0.127968
VN,Viet Nam,T - IPC4+B60L,Electric Vehicle Systems,T - 42,Engines and transport,Technology,0.0,0.0,0.0,0.0,0.0,0,0,0,0,0,,0.131629,0.194953,50.412735,3.939886,0.0,-3.939886,3.195756,0.136304
VN,Viet Nam,T - IPC4+B60N,Vehicle Seating,T - 42,Engines and transport,Technology,0.0,0.0,0.0,0.0,0.0,0,0,0,0,0,,0.135837,0.190582,13.617867,2.682245,0.0,-2.682245,3.164416,0.11179
VN,Viet Nam,T - IPC4+B60P,Cargo Vehicles,T - 42,Engines and transport,Technology,0.0,0.0,0.0,0.0,0.0,0,0,0,0,0,,0.139837,0.19842,7.839196,2.179196,0.0,-2.179196,2.496459,0.139132
VN,Viet Nam,T - IPC4+B60Q,Vehicle Lighting,T - 42,Engines and transport,Technology,0.0,1.0,0.25,0.0,0.100505,0,0,0,0,0,,0.132127,0.195203,14.902646,2.766486,0.693147,-2.073338,3.25947,0.103754
VN,Viet Nam,T - IPC4+B60R,Vehicle Accessories,T - 42,Engines and transport,Technology,2.0,2.0,0.255556,0.085958,0.043333,0,0,0,0,0,,0.135552,0.194696,55.162113,4.028242,1.098612,-2.92963,2.903473,0.130858
VN,Viet Nam,T - IPC4+B60S,Vehicle Servicing,T - 42,Engines and transport,Technology,0.0,0.0,0.0,0.0,0.0,0,0,0,0,0,,0.136682,0.19676,8.170725,2.216016,0.0,-2.216016,3.069279,0.118071
VN,Viet Nam,T - IPC4+B60T,Vehicle Braking,T - 42,Engines and transport,Technology,0.0,0.0,0.0,0.0,0.0,0,0,0,0,0,,0.125846,0.190051,15.261558,2.788804,0.0,-2.788804,2.9581,0.114611
VN,Viet Nam,T - IPC4+B60W,Vehicle Control Systems,T - 42,Engines and transport,Technology,0.0,1.0,0.6,0.0,0.046922,0,0,0,0,0,,0.122221,0.183022,45.172023,3.832374,0.693147,-3.139227,2.948394,0.120769
VN,Viet Nam,T - IPC4+B61B,Railway Systems,T - 42,Engines and transport,Technology,0.0,0.0,0.0,0.0,0.0,0,0,0,0,0,,0.12928,0.194294,2.57206,1.273142,0.0,-1.273142,3.49143,0.109929
VN,Viet Nam,T - IPC4+B61C,Locomotives,T - 42,Engines and transport,Technology,0.0,0.0,0.0,0.0,0.0,0,0,0,0,0,,0.121461,0.18002,1.694869,0.99135,0.0,-0.99135,3.729029,0.089073
VN,Viet Nam,T - IPC4+B61D,Railway Car Bodies,T - 42,Engines and transport,Technology,0.0,0.0,0.0,0.0,0.0,0,0,0,0,0,,0.132292,0.187317,3.856253,1.580267,0.0,-1.580267,3.329881,0.10464
VN,Viet Nam,T - IPC4+B61F,Railway Suspension,T - 42,Engines and transport,Technology,0.0,0.0,0.0,0.0,0.0,0,0,0,0,0,,0.127405,0.182157,1.756314,1.013894,0.0,-1.013894,4.029481,0.078082
VN,Viet Nam,T - IPC4+B61L,Railway Traffic Control,T - 42,Engines and transport,Technology,0.0,0.0,0.0,0.0,0.0,0,0,0,0,0,,0.130958,0.19102,5.191305,1.823146,0.0,-1.823146,3.999178,0.097604
VN,Viet Nam,T - IPC4+B62B,Hand-Propelled Vehicles,T - 42,Engines and transport,Technology,0.0,0.0,0.0,0.0,0.0,0,0,0,0,0,,0.131841,0.192684,5.042127,1.798756,0.0,-1.798756,4.108674,0.108215
VN,Viet Nam,T - IPC4+B62D,Motor Vehicles,T - 42,Engines and transport,Technology,0.0,1.0,1.0,0.0,0.045908,0,0,0,0,0,,0.128716,0.197733,35.147986,3.587621,0.693147,-2.894474,2.710601,0.15339
VN,Viet Nam,T - IPC4+B62J,Bicycle Accessories,T - 42,Engines and transport,Technology,0.0,3.0,1.989305,0.0,0.248378,0,0,0,0,0,,0.131404,0.198891,8.130933,2.211668,1.386294,-0.825373,3.310623,0.122002
VN,Viet Nam,T - IPC4+B62K,Bicycle Frames,T - 42,Engines and transport,Technology,0.0,1.0,0.352941,0.0,0.180772,0,0,0,0,0,,0.131317,0.195841,5.98545,1.943829,0.693147,-1.250682,3.339026,0.128817
VN,Viet Nam,T - IPC4+B62M,Vehicle Propulsion,T - 42,Engines and transport,Technology,0.0,1.0,0.088235,0.0,0.192532,0,0,0,0,0,,0.128712,0.200565,6.438595,2.006682,0.693147,-1.313535,3.157509,0.121148
VN,Viet Nam,T - IPC4+B63B,Ships and Watercraft,T - 42,Engines and transport,Technology,0.0,0.0,0.0,0.0,0.0,0,0,0,0,0,,0.137871,0.20592,14.134737,2.716993,0.0,-2.716993,2.75061,0.167129
VN,Viet Nam,T - IPC4+B63C,Marine Safety and Underwater,T - 42,Engines and transport,Technology,0.0,0.0,0.0,0.0,0.0,0,0,0,0,0,,0.135055,0.1978,2.074039,1.122992,0.0,-1.122992,2.283687,0.150178
VN,Viet Nam,T - IPC4+B63H,Marine Propulsion,T - 42,Engines and transport,Technology,0.0,0.0,0.0,0.0,0.0,0,0,0,0,0,,0.132788,0.193429,5.403771,1.856887,0.0,-1.856887,3.216493,0.133923
VN,Viet Nam,T - IPC4+B64C,Airplanes and Helicopters,T - 42,Engines and transport,Technology,1.0,4.0,1.535897,0.124411,0.186397,0,0,0,0,0,,0.133206,0.201482,19.006346,2.99605,1.609438,-1.386612,2.781973,0.145903
VN,Viet Nam,T - IPC4+B64D,Aircraft Equipment,T - 42,Engines and transport,Technology,0.0,1.0,0.066667,0.0,0.070699,0,0,0,0,0,,0.126244,0.1949,18.818982,2.98664,0.693147,-2.293493,2.31951,0.142201
VN,Viet Nam,T - IPC4+B64F,Aircraft Ground Support,T - 42,Engines and transport,Technology,0.0,0.0,0.0,0.0,0.0,0,0,0,0,0,,0.127504,0.194798,5.310447,1.842207,0.0,-1.842207,2.94894,0.13588
VN,Viet Nam,T - IPC4+B64G,Spacecraft,T - 42,Engines and transport,Technology,0.0,1.0,0.037037,0.0,0.25924,0,0,0,0,0,,0.108537,0.198534,3.99818,1.609074,0.693147,-0.915927,2.746733,0.120072
VN,Viet Nam,T - IPC4+B65B,Packaging Machines,T - 41,Machines,Technology,0.0,3.0,1.124944,0.0,0.180178,0,0,0,0,0,,0.123924,0.200856,19.624463,3.026478,1.386294,-1.640184,2.306426,0.156864
VN,Viet Nam,T - IPC4+B65C,Labeling Machines,T - 41,Machines,Technology,0.0,0.0,0.0,0.0,0.0,0,0,0,0,0,,0.130298,0.175121,1.586902,0.950461,0.0,-0.950461,4.780788,0.06421
VN,Viet Nam,T - IPC4+B65D,Containers,T - 41,Machines,Technology,3.0,5.0,1.698184,0.076333,0.10424,0,0,0,0,0,,0.137794,0.208578,58.611909,4.087855,1.791759,-2.296096,1.278177,0.201045
VN,Viet Nam,T - IPC4+B65F,Refuse Collection,T - 33,Processing and environmental,Technology,0.0,0.0,0.0,0.0,0.0,0,0,0,0,0,,0.136599,0.19817,2.761512,1.324821,0.0,-1.324821,3.213441,0.124373
VN,Viet Nam,T - IPC4+B65G,Transport and Storage Systems,T - 41,Machines,Technology,2.0,2.0,0.7,0.122498,0.082096,0,0,0,0,0,,0.138319,0.203571,35.765016,3.604547,1.098612,-2.505934,2.566371,0.16097
VN,Viet Nam,T - IPC4+B65H,Material Handling,T - 41,Machines,Technology,0.0,1.0,0.666667,0.0,0.084006,0,0,0,0,0,,0.132134,0.19777,18.723453,2.981808,0.693147,-2.288661,3.267829,0.128204
VN,Viet Nam,T - IPC4+B66B,Elevators and Escalators,T - 41,Machines,Technology,0.0,5.0,2.5,0.0,0.414285,0,0,0,0,0,,0.127304,0.197773,7.594293,2.151098,1.791759,-0.359339,2.550577,0.112163
VN,Viet Nam,T - IPC4+B66C,Cranes,T - 41,Machines,Technology,0.0,0.0,0.0,0.0,0.0,0,0,0,0,0,,0.135614,0.20263,8.037204,2.20135,0.0,-2.20135,2.862275,0.13158
VN,Viet Nam,T - IPC4+B66D,Winches and Hoists,T - 41,Machines,Technology,0.0,0.0,0.0,0.0,0.0,0,0,0,0,0,,0.136135,0.19087,1.929437,1.07481,0.0,-1.07481,3.847808,0.1001
VN,Viet Nam,T - IPC4+B66F,Lifting Equipment,T - 41,Machines,Technology,1.0,0.0,0.0,0.232285,0.0,0,0,0,0,0,,0.134518,0.196457,7.406573,2.129014,0.0,-2.129014,2.699019,0.122711
VN,Viet Nam,T - IPC4+B67B,Container Closure,T - 41,Machines,Technology,0.0,0.0,0.0,0.0,0.0,0,0,0,0,0,,0.128606,0.182163,1.086303,0.735393,0.0,-0.735393,3.767543,0.091027
VN,Viet Nam,T - IPC4+B67C,Container Filling,T - 41,Machines,Technology,0.0,0.0,0.0,0.0,0.0,0,0,0,0,0,,0.122434,0.182522,1.986574,1.094127,0.0,-1.094127,3.216554,0.092201
VN,Viet Nam,T - IPC4+B67D,Liquid Dispensing,T - 41,Machines,Technology,0.0,0.0,0.0,0.0,0.0,0,0,0,0,0,,0.131141,0.200601,6.412111,2.003115,0.0,-2.003115,2.621361,0.146994
VN,Viet Nam,T - IPC4+B68G,Leather Working and Upholstering,T - 52,Consumer,Technology,0.0,0.0,0.0,0.0,0.0,0,0,0,0,0,,0.130142,0.174122,0.675131,0.515892,0.0,-0.515892,2.936384,0.071733
VN,Viet Nam,T - IPC4+B81B,Microstructural Devices,T - 32,Materials,Technology,2.0,1.0,0.009009,0.247902,0.15406,0,0,0,0,0,,0.134659,0.19721,6.79945,2.054053,0.693147,-1.360906,1.961591,0.148147
VN,Viet Nam,T - IPC4+B81C,Microstructure Manufacturing,T - 32,Materials,Technology,1.0,0.0,0.0,0.192699,0.0,0,0,0,0,0,,0.132495,0.19734,4.490185,1.702962,0.0,-1.702962,2.46556,0.132217
VN,Viet Nam,T - IPC4+B82B,Nanostructures,T - 32,Materials,Technology,3.0,0.0,0.0,0.314774,0.0,0,0,0,0,0,,0.148595,0.192616,1.514347,0.922013,0.0,-0.922013,1.89496,0.14269
VN,Viet Nam,T - IPC4+B82Y,Nanotechnology Applications,T - 32,Materials,Technology,10.0,4.0,0.206061,0.273291,0.192933,0,0,0,0,0,,0.144148,0.208594,21.620646,3.118863,1.609438,-1.509425,1.088735,0.194041
VN,Viet Nam,T - IPC4+C01B,Basic Inorganic Chemistry,T - 32,Materials,Technology,12.0,6.0,1.446838,0.282983,0.171099,0,0,0,0,0,,0.147814,0.20749,39.328853,3.697067,1.94591,-1.751157,1.201098,0.192154
VN,Viet Nam,T - IPC4+C01D,Alkali Metal Compounds,T - 32,Materials,Technology,1.0,1.0,0.045455,0.325284,0.28296,0,0,0,0,0,,0.141389,0.184246,2.688806,1.305303,0.693147,-0.612156,2.739732,0.103973
VN,Viet Nam,T - IPC4+C01F,Alkaline Earth and Rare Earth Compounds,T - 32,Materials,Technology,1.0,0.0,0.0,0.202351,0.0,0,0,0,0,0,,0.137236,0.205623,5.675139,1.89839,0.0,-1.89839,0.84665,0.167983
VN,Viet Nam,T - IPC4+C01G,Other Metal Compounds,T - 32,Materials,Technology,3.0,1.0,0.035294,0.258249,0.154495,0,0,0,0,0,,0.141638,0.18865,12.743985,2.620601,0.693147,-1.927454,1.548281,0.137565
VN,Viet Nam,T - IPC4+C02F,Water Treatment,T - 33,Processing and environmental,Technology,2.0,4.0,0.866667,0.11049,0.162752,0,0,0,0,0,,0.141464,0.210364,27.123055,3.33659,1.609438,-1.727152,1.368542,0.209904
VN,Viet Nam,T - IPC4+C03B,Glass Manufacturing,T - 34,Chemicals,Technology,3.0,8.0,1.312734,0.273563,0.450572,0,0,0,0,0,,0.136573,0.200843,10.204447,2.416311,2.197225,-0.219086,2.931782,0.124354
VN,Viet Nam,T - IPC4+C03C,Glass Composition and Treatment,T - 32,Materials,Technology,4.0,11.0,2.857612,0.229868,0.375652,0,0,0,0,0,,0.136492,0.200966,19.747163,3.03241,2.484907,-0.547503,2.01128,0.136622
VN,Viet Nam,T - IPC4+C04B,Cement and Ceramics,T - 32,Materials,Technology,6.0,2.0,0.605882,0.232688,0.102625,0,0,0,0,0,,0.139464,0.21084,28.14705,3.372354,1.098612,-2.273741,1.105595,0.186272
VN,Viet Nam,T - IPC4+C05F,Organic Fertilizers,T - 34,Chemicals,Technology,0.0,0.0,0.0,0.0,0.0,0,0,0,0,0,,0.143366,0.209531,3.704019,1.548417,0.0,-1.548417,1.264565,0.197225
VN,Viet Nam,T - IPC4+C05G,Fertilizer Mixtures,T - 34,Chemicals,Technology,0.0,1.0,1.0,0.0,0.290345,0,0,0,0,0,,0.139801,0.208634,4.22768,1.653968,0.693147,-0.96082,0.727538,0.192497
VN,Viet Nam,T - IPC4+C06B,Explosives,T - 34,Chemicals,Technology,0.0,0.0,0.0,0.0,0.0,0,0,0,0,0,,0.118793,0.174162,0.52368,0.421128,0.0,-0.421128,4.306751,0.085129
VN,Viet Nam,T - IPC4+C07B,General Organic Chemistry,T - 31,Biopharma,Technology,0.0,1.0,0.054622,0.0,0.147136,0,0,0,0,0,,0.133187,0.199002,7.761167,2.170329,0.693147,-1.477182,1.337037,0.168039
VN,Viet Nam,T - IPC4+C07C,Basic Organic Compounds,T - 31,Biopharma,Technology,13.0,9.0,2.528363,0.179165,0.174191,0,0,0,0,0,,0.13343,0.207562,56.546688,4.052597,2.302585,-1.750011,0.292438,0.213422
VN,Viet Nam,T - IPC4+C07D,Heterocyclic Compounds,T - 31,Biopharma,Technology,11.0,25.0,6.780812,0.110685,0.200247,0,0,0,0,0,,0.107587,0.199495,109.321689,4.703401,3.258097,-1.445304,-0.213303,0.236421
VN,Viet Nam,T - IPC4+C07F,Organometallic Compounds,T - 31,Biopharma,Technology,2.0,3.0,0.116017,0.097146,0.144112,0,0,0,0,0,,0.128664,0.196439,26.015559,3.296413,1.386294,-1.910119,0.606836,0.200749
VN,Viet Nam,T - IPC4+C07H,Sugar Chemistry,T - 31,Biopharma,Technology,3.0,1.0,0.235294,0.094374,0.091401,0,0,0,0,0,,0.139947,0.200471,21.077334,3.094551,0.693147,-2.401404,1.103551,0.181447
VN,Viet Nam,T - IPC4+C07J,Steroids,T - 31,Biopharma,Technology,0.0,2.0,0.253669,0.0,0.427946,0,0,0,0,0,,0.138249,0.193537,3.432232,1.488903,1.098612,-0.390291,3.058432,0.112148
VN,Viet Nam,T - IPC4+C07K,Peptides,T - 31,Biopharma,Technology,7.0,13.0,2.952999,0.10109,0.098911,0,0,0,0,0,,0.13961,0.19698,132.39818,4.893338,2.639057,-2.254281,0.177776,0.22753
VN,Viet Nam,T - IPC4+C08B,Polysaccharides,T - 34,Chemicals,Technology,1.0,0.0,0.0,0.140902,0.0,0,0,0,0,0,,0.139234,0.201604,7.771322,2.171488,0.0,-2.171488,2.593001,0.153692
VN,Viet Nam,T - IPC4+C08C,Rubber Treatment,T - 34,Chemicals,Technology,2.0,0.0,0.0,0.412998,0.0,0,0,0,0,0,,0.138539,0.178413,1.650782,0.974855,0.0,-0.974855,2.066382,0.07648
VN,Viet Nam,T - IPC4+C08F,Addition Polymers,T - 34,Chemicals,Technology,13.0,6.0,1.412646,0.252899,0.156776,0,0,0,0,0,,0.140427,0.188227,37.422526,3.648644,1.94591,-1.702734,1.402951,0.160177
VN,Viet Nam,T - IPC4+C08G,Condensation Polymers,T - 34,Chemicals,Technology,10.0,5.0,0.593457,0.198782,0.123977,0,0,0,0,0,,0.141563,0.193915,54.23285,4.011558,1.791759,-2.219798,1.727389,0.143655
VN,Viet Nam,T - IPC4+C08J,Polymer Processing,T - 34,Chemicals,Technology,9.0,4.0,0.558054,0.188289,0.082423,0,0,0,0,0,,0.137986,0.201567,55.648378,4.036863,1.609438,-2.427425,1.00939,0.183326
VN,Viet Nam,T - IPC4+C08K,Polymer Additives,T - 34,Chemicals,Technology,8.0,10.0,1.27394,0.169505,0.168251,0,0,0,0,0,,0.133633,0.197239,62.709187,4.154329,2.397895,-1.756433,1.208594,0.152174
VN,Viet Nam,T - IPC4+C08L,Polymer Compositions,T - 34,Chemicals,Technology,14.0,11.0,1.240416,0.184487,0.140215,0,0,0,0,0,,0.137663,0.200802,91.67726,4.529123,2.484907,-2.044216,1.322758,0.159081
VN,Viet Nam,T - IPC4+C09B,Organic Dyes,T - 34,Chemicals,Technology,2.0,2.0,0.9825,0.222894,0.289611,0,0,0,0,0,,0.132764,0.202013,5.869165,1.927043,1.098612,-0.82843,2.576599,0.131372
VN,Viet Nam,T - IPC4+C09C,Pigment Treatment,T - 34,Chemicals,Technology,1.0,0.0,0.0,0.168223,0.0,0,0,0,0,0,,0.141998,0.185315,4.442128,1.69417,0.0,-1.69417,3.102758,0.105225
VN,Viet Nam,T - IPC4+C09D,Paints and Coatings,T - 34,Chemicals,Technology,8.0,2.0,2.25,0.197415,0.046991,0,0,0,0,0,,0.131329,0.192262,43.568882,3.797036,1.098612,-2.698424,1.424656,0.165979
VN,Viet Nam,T - IPC4+C09G,Polishing Compounds,T - 34,Chemicals,Technology,0.0,0.0,0.0,0.0,0.0,0,0,0,0,0,,0.11707,0.16236,1.954081,1.083188,0.0,-1.083188,3.375063,0.07138
VN,Viet Nam,T - IPC4+C09J,Adhesives,T - 34,Chemicals,Technology,2.0,1.0,0.25,0.125687,0.073047,0,0,0,0,0,,0.133176,0.186127,26.811744,3.325458,0.693147,-2.632311,2.303888,0.121931
VN,Viet Nam,T - IPC4+C09K,Specialty Materials,T - 34,Chemicals,Technology,6.0,12.0,1.37224,0.145209,0.21186,0,0,0,0,0,,0.129327,0.192565,43.220634,3.789192,2.564949,-1.224242,1.199071,0.155847
VN,Viet Nam,T - IPC4+C10B,Coal Distillation,T - 34,Chemicals,Technology,0.0,0.0,0.0,0.0,0.0,0,0,0,0,0,,0.128223,0.201783,3.810271,1.570753,0.0,-1.570753,1.930711,0.167052
VN,Viet Nam,T - IPC4+C10G,Oil Refining,T - 34,Chemicals,Technology,3.0,1.0,0.1875,0.213966,0.106456,0,0,0,0,0,,0.132455,0.198626,11.56549,2.530954,0.693147,-1.837807,1.713117,0.162158
VN,Viet Nam,T - IPC4+C10J,Producer Gas,T - 34,Chemicals,Technology,0.0,0.0,0.0,0.0,0.0,0,0,0,0,0,,0.132886,0.200935,2.062512,1.119236,0.0,-1.119236,2.235007,0.157257
VN,Viet Nam,T - IPC4+C10L,Fuels,T - 34,Chemicals,Technology,4.0,1.0,1.0,0.293929,0.169547,0,0,0,0,0,,0.141803,0.209318,6.777052,2.051177,0.693147,-1.35803,2.202418,0.181078
VN,Viet Nam,T - IPC4+C10M,Lubricants,T - 34,Chemicals,Technology,0.0,0.0,0.0,0.0,0.0,0,0,0,0,0,,0.124169,0.171709,4.383248,1.683292,0.0,-1.683292,3.997225,0.094532
VN,Viet Nam,T - IPC4+C10N,Lubricant Index,T - 34,Chemicals,Technology,0.0,0.0,0.0,0.0,0.0,0,0,0,0,0,,0.115904,0.164556,3.274616,1.452694,0.0,-1.452694,4.347246,0.076953
VN,Viet Nam,T - IPC4+C11B,Fats and Oils Production,T - 34,Chemicals,Technology,0.0,0.0,0.0,0.0,0.0,0,0,0,0,0,,0.13588,0.191419,4.633699,1.728766,0.0,-1.728766,1.624832,0.151131
VN,Viet Nam,T - IPC4+C11C,Fatty Acids,T - 34,Chemicals,Technology,1.0,0.0,0.0,0.277613,0.0,0,0,0,0,0,,0.137323,0.194644,1.74346,1.00922,0.0,-1.00922,2.826425,0.129059
VN,Viet Nam,T - IPC4+C11D,Detergents and Soaps,T - 34,Chemicals,Technology,2.0,4.0,0.728094,0.144618,0.200091,0,0,0,0,0,,0.133349,0.200937,16.616344,2.868827,1.609438,-1.259389,2.031786,0.136795
VN,Viet Nam,T - IPC4+C12G,Wine and Alcoholic Beverages,T - 31,Biopharma,Technology,0.0,0.0,0.0,0.0,0.0,0,0,0,0,0,,0.136847,0.197216,1.950778,1.082069,0.0,-1.082069,2.125091,0.129325
VN,Viet Nam,T - IPC4+C12M,Microbiology Equipment,T - 31,Biopharma,Technology,4.0,2.0,0.36195,0.193379,0.089993,0,0,0,0,0,,0.139371,0.199911,29.509707,3.418045,1.098612,-2.319433,1.949373,0.185793
VN,Viet Nam,T - IPC4+C12N,Microorganisms and Enzymes,T - 31,Biopharma,Technology,14.0,16.0,6.017097,0.132266,0.083536,0,0,0,0,0,,0.140703,0.196394,167.530858,5.127119,2.833213,-2.293906,0.224619,0.227541
VN,Viet Nam,T - IPC4+C12P,Fermentation Processes,T - 31,Biopharma,Technology,14.0,3.0,1.564349,0.227291,0.057943,0,0,0,0,0,,0.144747,0.204735,50.592889,3.943384,1.386294,-2.557089,0.693398,0.218184
VN,Viet Nam,T - IPC4+C12Q,Biochemical Testing,T - 31,Biopharma,Technology,8.0,4.0,0.948884,0.142937,0.05134,0,0,0,0,0,,0.139585,0.197699,69.214982,4.251562,1.609438,-2.642124,0.724101,0.205611
VN,Viet Nam,T - IPC4+C12R,Microbiology Index,T - 31,Biopharma,Technology,6.0,2.0,0.237255,0.346324,0.160982,0,0,0,0,0,,0.148606,0.206104,15.851113,2.824417,1.098612,-1.725804,2.259729,0.169789
VN,Viet Nam,T - IPC4+C13K,Sugar Production,T - 31,Biopharma,Technology,0.0,0.0,0.0,0.0,0.0,0,0,0,0,0,,0.138488,0.181619,0.86123,0.621238,0.0,-0.621238,3.563028,0.092006
VN,Viet Nam,T - IPC4+C14C,Leather Chemistry,T - 33,Processing and environmental,Technology,0.0,0.0,0.0,0.0,0.0,0,0,0,0,0,,0.134349,0.17013,0.397768,0.334876,0.0,-0.334876,4.724773,0.060214
VN,Viet Nam,T - IPC4+C21B,Iron and Steel Manufacturing,T - 32,Materials,Technology,0.0,0.0,0.0,0.0,0.0,0,0,0,0,0,,0.132577,0.18811,2.53022,1.26136,0.0,-1.26136,2.625958,0.110289
VN,Viet Nam,T - IPC4+C21C,Steel Processing,T - 32,Materials,Technology,0.0,0.0,0.0,0.0,0.0,0,0,0,0,0,,0.125375,0.187305,2.48598,1.248749,0.0,-1.248749,3.750887,0.100265
VN,Viet Nam,T - IPC4+C21D,Metal Heat Treatment,T - 32,Materials,Technology,1.0,0.0,0.0,0.144328,0.0,0,0,0,0,0,,0.129604,0.185968,13.58975,2.680319,0.0,-2.680319,3.986493,0.09371
VN,Viet Nam,T - IPC4+C22B,Metal Production,T - 32,Materials,Technology,1.0,1.0,0.272727,0.170518,0.175536,0,0,0,0,0,,0.134179,0.204327,10.48963,2.441445,0.693147,-1.748298,1.723092,0.164021
VN,Viet Nam,T - IPC4+C22C,Alloys,T - 32,Materials,Technology,3.0,3.0,0.552083,0.16818,0.150845,0,0,0,0,0,,0.133332,0.191331,26.948089,3.330349,1.386294,-1.944054,2.610342,0.129377
VN,Viet Nam,T - IPC4+C22F,Non-ferrous Heat Treatment,T - 32,Materials,Technology,0.0,0.0,0.0,0.0,0.0,0,0,0,0,0,,0.124225,0.18553,5.117801,1.811203,0.0,-1.811203,3.856735,0.091205
VN,Viet Nam,T - IPC4+C23C,Metal Coating,T - 32,Materials,Technology,6.0,10.0,2.229401,0.157721,0.201661,0,0,0,0,0,,0.139775,0.196339,53.5678,3.999444,2.397895,-1.601549,0.321627,0.161334
VN,Viet Nam,T - IPC4+C23F,Metal Surface Treatment,T - 32,Materials,Technology,1.0,1.0,0.190476,0.147162,0.202963,0,0,0,0,0,,0.126922,0.191271,4.646939,1.731114,0.693147,-1.037966,1.847117,0.127755
VN,Viet Nam,T - IPC4+C23G,Metal Cleaning,T - 32,Materials,Technology,0.0,0.0,0.0,0.0,0.0,0,0,0,0,0,,0.118218,0.173361,1.33224,0.846829,0.0,-0.846829,2.29722,0.088457
VN,Viet Nam,T - IPC4+C25B,Electrolytic Production,T - 32,Materials,Technology,0.0,2.0,0.483333,0.0,0.174742,0,0,0,0,0,,0.138888,0.203713,14.70354,2.753886,1.098612,-1.655274,2.281179,0.168181
VN,Viet Nam,T - IPC4+C25C,Electrolytic Metal Production,T - 32,Materials,Technology,0.0,0.0,0.0,0.0,0.0,0,0,0,0,0,,0.124556,0.190766,1.909725,1.068059,0.0,-1.068059,2.716122,0.116439
VN,Viet Nam,T - IPC4+C25D,Electroplating,T - 32,Materials,Technology,4.0,1.0,0.4,0.329961,0.24638,0,0,0,0,0,,0.139091,0.197844,10.059661,2.403304,0.693147,-1.710157,1.884615,0.118039
VN,Viet Nam,T - IPC4+C30B,Crystal Growth,T - 32,Materials,Technology,7.0,1.0,0.444444,0.404419,0.123049,0,0,0,0,0,,0.141303,0.2044,12.124127,2.574452,0.693147,-1.881305,2.104675,0.123238
VN,Viet Nam,T - IPC4+C40B,Combinatorial Chemistry,T - 31,Biopharma,Technology,2.0,0.0,0.0,0.171962,0.0,0,0,0,0,0,,0.137705,0.19271,6.88661,2.065166,0.0,-2.065166,1.842814,0.13696
VN,Viet Nam,T - IPC4+D01D,Synthetic Fiber Manufacturing,T - 41,Machines,Technology,0.0,1.0,0.071429,0.0,0.193083,0,0,0,0,0,,0.136796,0.20489,5.931353,1.936055,0.693147,-1.242908,2.640342,0.133512
VN,Viet Nam,T - IPC4+D01F,Synthetic Fiber Chemistry,T - 41,Machines,Technology,2.0,1.0,0.142857,0.23604,0.145884,0,0,0,0,0,,0.144212,0.203914,8.893887,2.291917,0.693147,-1.59877,2.603802,0.140643
VN,Viet Nam,T - IPC4+D01H,Spinning and Twisting,T - 41,Machines,Technology,0.0,0.0,0.0,0.0,0.0,0,0,0,0,0,,0.126189,0.188448,1.216013,0.79571,0.0,-0.79571,4.360696,0.059659
VN,Viet Nam,T - IPC4+D02G,Yarn Texturing,T - 41,Machines,Technology,1.0,0.0,0.0,0.234796,0.0,0,0,0,0,0,,0.137466,0.187003,3.161324,1.425833,0.0,-1.425833,3.637295,0.096791
VN,Viet Nam,T - IPC4+D03D,Weaving,T - 41,Machines,Technology,0.0,0.0,0.0,0.0,0.0,0,0,0,0,0,,0.138086,0.192883,4.581743,1.719501,0.0,-1.719501,3.397748,0.102929
VN,Viet Nam,T - IPC4+D04B,Knitting,T - 41,Machines,Technology,0.0,0.0,0.0,0.0,0.0,0,0,0,0,0,,0.135324,0.18883,3.031333,1.394097,0.0,-1.394097,2.590836,0.126002
VN,Viet Nam,T - IPC4+D04H,Non-woven Fabrics,T - 41,Machines,Technology,0.0,1.0,0.125,0.0,0.144035,0,0,0,0,0,,0.129848,0.201888,8.681713,2.270239,0.693147,-1.577092,1.221566,0.145931
VN,Viet Nam,T - IPC4+D05B,Sewing,T - 41,Machines,Technology,0.0,0.0,0.0,0.0,0.0,0,0,0,0,0,,0.119485,0.177643,0.9775,0.681833,0.0,-0.681833,4.532551,0.062541
VN,Viet Nam,T - IPC4+D06B,Textile Wet Processing,T - 33,Processing and environmental,Technology,0.0,0.0,0.0,0.0,0.0,0,0,0,0,0,,0.128308,0.20054,1.584463,0.949518,0.0,-0.949518,3.209253,0.103212
VN,Viet Nam,T - IPC4+D06F,Laundry and Ironing,T - 52,Consumer,Technology,0.0,0.0,0.0,0.0,0.0,0,0,0,0,0,,0.139369,0.196008,11.82398,2.551317,0.0,-2.551317,3.56551,0.094709
VN,Viet Nam,T - IPC4+D06M,Textile Treatment,T - 41,Machines,Technology,0.0,0.0,0.0,0.0,0.0,0,0,0,0,0,,0.138344,0.200487,9.165363,2.318986,0.0,-2.318986,2.678923,0.140552
VN,Viet Nam,T - IPC4+D06N,Coated Textile Materials,T - 52,Consumer,Technology,0.0,1.0,0.5,0.0,0.293884,0,0,0,0,0,,0.131287,0.202993,3.147251,1.422446,0.693147,-0.729298,3.211152,0.113313
VN,Viet Nam,T - IPC4+D06P,Textile Dyeing and Printing,T - 41,Machines,Technology,0.0,0.0,0.0,0.0,0.0,0,0,0,0,0,,0.13192,0.19018,2.239218,1.175332,0.0,-1.175332,3.814373,0.09998
VN,Viet Nam,T - IPC4+D21C,Pulp Production,T - 41,Machines,Technology,0.0,0.0,0.0,0.0,0.0,0,0,0,0,0,,0.135358,0.183274,2.287143,1.190019,0.0,-1.190019,2.571216,0.111029
VN,Viet Nam,T - IPC4+D21F,Paper Manufacturing,T - 41,Machines,Technology,0.0,0.0,0.0,0.0,0.0,0,0,0,0,0,,0.122491,0.187335,2.278728,1.187455,0.0,-1.187455,3.722842,0.079825
VN,Viet Nam,T - IPC4+D21H,Paper Compositions,T - 41,Machines,Technology,2.0,0.0,0.0,0.217047,0.0,0,0,0,0,0,,0.138422,0.194104,8.819498,2.28437,0.0,-2.28437,2.997928,0.122216
VN,Viet Nam,T - IPC4+E01B,Railway Tracks,T - 51,Civil engineering,Technology,0.0,0.0,0.0,0.0,0.0,0,0,0,0,0,,0.130385,0.192412,2.664384,1.29866,0.0,-1.29866,3.029416,0.110224
VN,Viet Nam,T - IPC4+E01C,Road Construction,T - 51,Civil engineering,Technology,0.0,0.0,0.0,0.0,0.0,0,0,0,0,0,,0.139458,0.204169,6.266504,1.983275,0.0,-1.983275,3.044907,0.154807
VN,Viet Nam,T - IPC4+E01D,Bridges,T - 51,Civil engineering,Technology,0.0,0.0,0.0,0.0,0.0,0,0,0,0,0,,0.126781,0.173811,1.491056,0.912707,0.0,-0.912707,2.757906,0.095698
VN,Viet Nam,T - IPC4+E01F,Road Equipment and Signs,T - 51,Civil engineering,Technology,0.0,0.0,0.0,0.0,0.0,0,0,0,0,0,,0.140629,0.202607,3.060901,1.401405,0.0,-1.401405,3.207938,0.134936
VN,Viet Nam,T - IPC4+E01H,Street Cleaning,T - 51,Civil engineering,Technology,1.0,0.0,0.0,0.425066,0.0,0,0,0,0,0,,0.132854,0.183166,1.498683,0.915764,0.0,-0.915764,3.858459,0.090697
VN,Viet Nam,T - IPC4+E02B,Water Engineering,T - 51,Civil engineering,Technology,0.0,0.0,0.0,0.0,0.0,0,0,0,0,0,,0.13954,0.205377,4.371271,1.681065,0.0,-1.681065,2.565183,0.159518
VN,Viet Nam,T - IPC4+E02D,Foundations and Excavations,T - 51,Civil engineering,Technology,1.0,2.0,2.0,0.185056,0.242424,0,0,0,0,0,,0.139611,0.201468,7.488305,2.138689,1.098612,-1.040077,1.906577,0.160173
VN,Viet Nam,T - IPC4+E02F,Dredging and Earthmoving,T - 51,Civil engineering,Technology,0.0,0.0,0.0,0.0,0.0,0,0,0,0,0,,0.133029,0.183843,9.93223,2.391715,0.0,-2.391715,1.619256,0.127915
VN,Viet Nam,T - IPC4+E03B,Water Supply Systems,T - 51,Civil engineering,Technology,0.0,0.0,0.0,0.0,0.0,0,0,0,0,0,,0.133686,0.195365,2.5279,1.260703,0.0,-1.260703,2.145883,0.136739
VN,Viet Nam,T - IPC4+E03C,Plumbing,T - 51,Civil engineering,Technology,0.0,0.0,0.0,0.0,0.0,0,0,0,0,0,,0.13504,0.1988,4.745854,1.748479,0.0,-1.748479,2.709681,0.13438
VN,Viet Nam,T - IPC4+E03D,Toilets and Water Closets,T - 51,Civil engineering,Technology,0.0,0.0,0.0,0.0,0.0,0,0,0,0,0,,0.135499,0.19808,3.434899,1.489505,0.0,-1.489505,2.622464,0.121616
VN,Viet Nam,T - IPC4+E03F,Sewers and Cesspools,T - 51,Civil engineering,Technology,0.0,0.0,0.0,0.0,0.0,0,0,0,0,0,,0.129967,0.194495,2.434855,1.233975,0.0,-1.233975,3.365662,0.123762
VN,Viet Nam,T - IPC4+E04B,Building Construction,T - 51,Civil engineering,Technology,0.0,2.0,0.534483,0.0,0.150249,0,0,0,0,0,,0.149561,0.218578,18.216225,2.955755,1.098612,-1.857143,1.763399,0.199155
VN,Viet Nam,T - IPC4+E04C,Building Materials,T - 51,Civil engineering,Technology,2.0,0.0,0.0,0.219103,0.0,0,0,0,0,0,,0.149551,0.217374,8.11803,2.210254,0.0,-2.210254,1.677312,0.202894
VN,Viet Nam,T - IPC4+E04D,Roofs and Gutters,T - 51,Civil engineering,Technology,0.0,0.0,0.0,0.0,0.0,0,0,0,0,0,,0.13642,0.19507,3.838049,1.576511,0.0,-1.576511,3.467093,0.113823
VN,Viet Nam,T - IPC4+E04F,Building Finishing,T - 51,Civil engineering,Technology,0.0,0.0,0.0,0.0,0.0,0,0,0,0,0,,0.147911,0.209699,11.270352,2.507186,0.0,-2.507186,2.434289,0.154242
VN,Viet Nam,T - IPC4+E04G,Scaffolding and Construction Aids,T - 51,Civil engineering,Technology,0.0,0.0,0.0,0.0,0.0,0,0,0,0,0,,0.142208,0.205474,7.865393,2.182155,0.0,-2.182155,2.131232,0.166926
VN,Viet Nam,T - IPC4+E04H,Special Purpose Buildings,T - 51,Civil engineering,Technology,1.0,1.0,0.666667,0.140442,0.113704,0,0,0,0,0,,0.139938,0.20995,12.38721,2.5943,0.693147,-1.901153,2.098331,0.183324
VN,Viet Nam,T - IPC4+E05B,Locks,T - 51,Civil engineering,Technology,0.0,2.0,0.442308,0.0,0.146623,0,0,0,0,0,,0.137905,0.203224,12.628052,2.61213,1.098612,-1.513518,2.82091,0.142209
VN,Viet Nam,T - IPC4+E05C,Bolts and Fasteners,T - 51,Civil engineering,Technology,0.0,1.0,0.178571,0.0,0.264302,0,0,0,0,0,,0.139675,0.198868,3.383937,1.477947,0.693147,-0.7848,3.436302,0.124797
VN,Viet Nam,T - IPC4+E05D,Hinges,T - 51,Civil engineering,Technology,0.0,0.0,0.0,0.0,0.0,0,0,0,0,0,,0.133533,0.2015,6.574452,2.024781,0.0,-2.024781,3.524325,0.121026
VN,Viet Nam,T - IPC4+E05F,Door and Window Mechanisms,T - 51,Civil engineering,Technology,0.0,1.0,0.019231,0.0,0.152409,0,0,0,0,0,,0.132241,0.200928,8.792282,2.281595,0.693147,-1.588447,3.64705,0.11708
VN,Viet Nam,T - IPC4+E06B,Doors and Windows,T - 51,Civil engineering,Technology,0.0,1.0,2.0,0.0,0.112091,0,0,0,0,0,,0.143986,0.206907,13.064205,2.643633,0.693147,-1.950486,2.574883,0.149355
VN,Viet Nam,T - IPC4+E21B,Drilling and Wells,T - 51,Civil engineering,Technology,1.0,1.0,1.5,0.043723,0.041655,0,0,0,0,0,,0.118335,0.18474,19.445182,3.017747,0.693147,-2.3246,-0.025667,0.179225
VN,Viet Nam,T - IPC4+E21C,Mining and Quarrying,T - 51,Civil engineering,Technology,0.0,0.0,0.0,0.0,0.0,0,0,0,0,0,,0.130188,0.159952,1.107237,0.745378,0.0,-0.745378,1.953598,0.098376
VN,Viet Nam,T - IPC4+E21D,Tunnels and Shafts,T - 51,Civil engineering,Technology,0.0,0.0,0.0,0.0,0.0,0,0,0,0,0,,0.125775,0.168162,2.105312,1.133114,0.0,-1.133114,1.727677,0.100519
VN,Viet Nam,T - IPC4+F01B,Positive Displacement Engines,T - 42,Engines and transport,Technology,0.0,0.0,0.0,0.0,0.0,0,0,0,0,0,,0.131611,0.195449,0.743259,0.555756,0.0,-0.555756,1.591819,0.124979
VN,Viet Nam,T - IPC4+F01C,Rotary Piston Engines,T - 42,Engines and transport,Technology,0.0,0.0,0.0,0.0,0.0,0,0,0,0,0,,0.137187,0.191348,1.534535,0.93001,0.0,-0.93001,3.335044,0.111109
VN,Viet Nam,T - IPC4+F01D,Turbines,T - 42,Engines and transport,Technology,0.0,0.0,0.0,0.0,0.0,0,0,0,0,0,,0.125262,0.190788,14.951291,2.76954,0.0,-2.76954,3.31885,0.105144
VN,Viet Nam,T - IPC4+F01K,Steam Plants,T - 42,Engines and transport,Technology,0.0,0.0,0.0,0.0,0.0,0,0,0,0,0,,0.137395,0.187602,2.908599,1.363179,0.0,-1.363179,2.672701,0.122122
VN,Viet Nam,T - IPC4+F01L,Engine Valves,T - 42,Engines and transport,Technology,0.0,0.0,0.0,0.0,0.0,0,0,0,0,0,,0.123521,0.181098,2.139643,1.144109,0.0,-1.144109,3.549383,0.082136
VN,Viet Nam,T - IPC4+F01M,Engine Lubrication,T - 42,Engines and transport,Technology,1.0,0.0,0.0,0.236528,0.0,0,0,0,0,0,,0.125997,0.176289,2.386571,1.219818,0.0,-1.219818,3.578798,0.098566
VN,Viet Nam,T - IPC4+F01N,Engine Exhaust Systems,T - 33,Processing and environmental,Technology,0.0,0.0,0.0,0.0,0.0,0,0,0,0,0,,0.12639,0.191193,9.677006,2.368092,0.0,-2.368092,3.243424,0.111522
VN,Viet Nam,T - IPC4+F01P,Engine Cooling,T - 42,Engines and transport,Technology,0.0,0.0,0.0,0.0,0.0,0,0,0,0,0,,0.128034,0.182378,3.40946,1.483752,0.0,-1.483752,3.487346,0.082211
VN,Viet Nam,T - IPC4+F02B,Internal Combustion Engines,T - 42,Engines and transport,Technology,1.0,2.0,0.232026,0.087257,0.220042,0,0,0,0,0,,0.134941,0.201044,8.527044,2.254134,1.098612,-1.155522,1.535097,0.164241
VN,Viet Nam,T - IPC4+F02C,Gas Turbines,T - 42,Engines and transport,Technology,0.0,0.0,0.0,0.0,0.0,0,0,0,0,0,,0.121695,0.18822,12.897351,2.631698,0.0,-2.631698,2.539689,0.101757
VN,Viet Nam,T - IPC4+F02D,Engine Control,T - 42,Engines and transport,Technology,0.0,2.0,0.598039,0.0,0.16488,0,0,0,0,0,,0.130071,0.197422,10.353834,2.429555,1.098612,-1.330943,3.105751,0.119068
VN,Viet Nam,T - IPC4+F02F,Engine Components,T - 42,Engines and transport,Technology,2.0,0.0,0.0,0.30402,0.0,0,0,0,0,0,,0.131884,0.174018,2.020391,1.105386,0.0,-1.105386,3.774273,0.076565
VN,Viet Nam,T - IPC4+F02G,Hot Gas Engines,T - 42,Engines and transport,Technology,0.0,0.0,0.0,0.0,0.0,0,0,0,0,0,,0.126683,0.185235,0.755458,0.56273,0.0,-0.56273,3.065814,0.107585
VN,Viet Nam,T - IPC4+F02K,Jet Engines,T - 42,Engines and transport,Technology,0.0,0.0,0.0,0.0,0.0,0,0,0,0,0,,0.126188,0.168084,3.289109,1.456079,0.0,-1.456079,4.017388,0.066892
VN,Viet Nam,T - IPC4+F02M,Fuel Supply Systems,T - 42,Engines and transport,Technology,1.0,2.0,0.375817,0.081182,0.198127,0,0,0,0,0,,0.132843,0.198976,10.550887,2.446762,1.098612,-1.34815,2.588583,0.138048
VN,Viet Nam,T - IPC4+F02N,Engine Starting,T - 42,Engines and transport,Technology,0.0,0.0,0.0,0.0,0.0,0,0,0,0,0,,0.124489,0.1596,1.039776,0.71284,0.0,-0.71284,4.782455,0.052837
VN,Viet Nam,T - IPC4+F02P,Engine Ignition,T - 42,Engines and transport,Technology,0.0,0.0,0.0,0.0,0.0,0,0,0,0,0,,0.120298,0.174702,1.232801,0.803257,0.0,-0.803257,3.5487,0.080073
VN,Viet Nam,T - IPC4+F03B,Liquid Engines,T - 42,Engines and transport,Technology,2.0,1.0,1.0,0.276799,0.252368,0,0,0,0,0,,0.147676,0.214244,4.320437,1.671555,0.693147,-0.978408,2.149461,0.169752
VN,Viet Nam,T - IPC4+F03C,Hydraulic Engines,T - 42,Engines and transport,Technology,0.0,0.0,0.0,0.0,0.0,0,0,0,0,0,,0.129198,0.179657,0.655788,0.504277,0.0,-0.504277,3.440574,0.083221
VN,Viet Nam,T - IPC4+F03D,Wind Turbines,T - 42,Engines and transport,Technology,0.0,4.0,3.333333,0.0,0.238698,0,0,0,0,0,,0.141217,0.211339,18.645471,2.977847,1.609438,-1.368409,1.433046,0.164061
VN,Viet Nam,T - IPC4+F03G,Mechanical Power Sources,T - 42,Engines and transport,Technology,0.0,1.0,0.019231,0.0,0.249395,0,0,0,0,0,,0.139602,0.212793,4.021927,1.613814,0.693147,-0.920666,1.064253,0.183193
VN,Viet Nam,T - IPC4+F04B,Positive Displacement Pumps,T - 42,Engines and transport,Technology,1.0,0.0,0.0,0.09192,0.0,0,0,0,0,0,,0.132984,0.202196,16.298145,2.850599,0.0,-2.850599,2.408121,0.146253
VN,Viet Nam,T - IPC4+F04C,Rotary Pumps,T - 42,Engines and transport,Technology,0.0,0.0,0.0,0.0,0.0,0,0,0,0,0,,0.131902,0.194563,7.660312,2.158751,0.0,-2.158751,3.342781,0.109478
VN,Viet Nam,T - IPC4+F04D,Centrifugal Pumps,T - 42,Engines and transport,Technology,2.0,0.0,0.0,0.152438,0.0,0,0,0,0,0,,0.136231,0.201111,18.959135,2.993687,0.0,-2.993687,2.065279,0.137724
VN,Viet Nam,T - IPC4+F04F,Jet Pumps,T - 42,Engines and transport,Technology,0.0,0.0,0.0,0.0,0.0,0,0,0,0,0,,0.128912,0.189524,1.152033,0.766413,0.0,-0.766413,3.358672,0.106993
VN,Viet Nam,T - IPC4+F15B,Hydraulic Systems,T - 42,Engines and transport,Technology,0.0,0.0,0.0,0.0,0.0,0,0,0,0,0,,0.133577,0.199803,9.183511,2.32077,0.0,-2.32077,2.319534,0.134685
VN,Viet Nam,T - IPC4+F15C,Fluidic Controls,T - 42,Engines and transport,Technology,0.0,0.0,0.0,0.0,0.0,0,0,0,0,0,,0.120892,0.158942,0.155917,0.144894,0.0,-0.144894,3.906722,0.05585
VN,Viet Nam,T - IPC4+F15D,Fluid Flow Control,T - 42,Engines and transport,Technology,0.0,0.0,0.0,0.0,0.0,0,0,0,0,0,,0.13258,0.186798,1.066149,0.725686,0.0,-0.725686,4.05524,0.101976
VN,Viet Nam,T - IPC4+F16B,Fasteners and Connectors,T - 42,Engines and transport,Technology,2.0,0.0,0.0,0.140726,0.0,0,0,0,0,0,,0.134978,0.207087,19.719389,3.03107,0.0,-3.03107,2.085443,0.173319
VN,Viet Nam,T - IPC4+F16C,Shafts and Bearings,T - 42,Engines and transport,Technology,2.0,0.0,0.0,0.141853,0.0,0,0,0,0,0,,0.129625,0.199769,18.231906,2.956571,0.0,-2.956571,2.105769,0.142397
VN,Viet Nam,T - IPC4+F16D,Couplings and Clutches,T - 42,Engines and transport,Technology,0.0,1.0,1.0,0.0,0.085876,0,0,0,0,0,,0.1341,0.201547,17.646195,2.925642,0.693147,-2.232495,1.839367,0.151611
VN,Viet Nam,T - IPC4+F16F,Springs and Dampers,T - 42,Engines and transport,Technology,0.0,0.0,0.0,0.0,0.0,0,0,0,0,0,,0.136491,0.200356,12.992126,2.638495,0.0,-2.638495,3.403599,0.136099
VN,Viet Nam,T - IPC4+F16G,Power Transmission Belts,T - 42,Engines and transport,Technology,0.0,0.0,0.0,0.0,0.0,0,0,0,0,0,,0.131965,0.193379,2.905618,1.362416,0.0,-1.362416,3.620383,0.108974
VN,Viet Nam,T - IPC4+F16H,Gears and Transmissions,T - 42,Engines and transport,Technology,1.0,1.0,0.666667,0.061624,0.059459,0,0,0,0,0,,0.132645,0.199286,27.129452,3.336817,0.693147,-2.64367,2.173894,0.133867
VN,Viet Nam,T - IPC4+F16J,Sealing Systems,T - 42,Engines and transport,Technology,0.0,0.0,0.0,0.0,0.0,0,0,0,0,0,,0.136857,0.189241,9.116768,2.314194,0.0,-2.314194,2.276765,0.122471
VN,Viet Nam,T - IPC4+F16K,Valves,T - 42,Engines and transport,Technology,0.0,1.0,0.083333,0.0,0.091948,0,0,0,0,0,,0.137028,0.199049,22.033065,3.136931,0.693147,-2.443784,1.724878,0.151703
VN,Viet Nam,T - IPC4+F16L,Piping Systems,T - 42,Engines and transport,Technology,0.0,1.0,0.055556,0.0,0.059441,0,0,0,0,0,,0.136696,0.19987,22.602548,3.161355,0.693147,-2.468207,1.852663,0.186589
VN,Viet Nam,T - IPC4+F16M,Machine Frames,T - 42,Engines and transport,Technology,0.0,1.0,0.75,0.0,0.134151,0,0,0,0,0,,0.135093,0.193234,8.861586,2.288647,0.693147,-1.5955,3.169611,0.117542
VN,Viet Nam,T - IPC4+F16N,Lubrication Systems,T - 42,Engines and transport,Technology,0.0,0.0,0.0,0.0,0.0,0,0,0,0,0,,0.130493,0.187985,2.280998,1.188148,0.0,-1.188148,3.744445,0.11235
VN,Viet Nam,T - IPC4+F17C,Pressure Vessels,T - 42,Engines and transport,Technology,0.0,0.0,0.0,0.0,0.0,0,0,0,0,0,,0.139945,0.195914,9.117513,2.314268,0.0,-2.314268,3.430054,0.140119
VN,Viet Nam,T - IPC4+F17D,Pipeline Systems,T - 42,Engines and transport,Technology,0.0,0.0,0.0,0.0,0.0,0,0,0,0,0,,0.123926,0.195095,2.923008,1.366859,0.0,-1.366859,2.875749,0.119202
VN,Viet Nam,T - IPC4+F21K,Non-Electric Lighting,T - 11,Electronics,Technology,1.0,0.0,0.0,0.152921,0.0,0,0,0,0,0,,0.134142,0.187847,4.777449,1.753962,0.0,-1.753962,3.487908,0.085065
VN,Viet Nam,T - IPC4+F21L,Portable Lighting,T - 11,Electronics,Technology,0.0,0.0,0.0,0.0,0.0,0,0,0,0,0,,0.126841,0.153352,0.712856,0.538162,0.0,-0.538162,2.902728,0.073143
VN,Viet Nam,T - IPC4+F21S,Fixed Lighting,T - 11,Electronics,Technology,2.0,0.0,0.0,0.114469,0.0,0,0,0,0,0,,0.139688,0.19609,22.134169,3.141311,0.0,-3.141311,3.221169,0.103994
VN,Viet Nam,T - IPC4+F21V,Lighting Components,T - 11,Electronics,Technology,1.0,1.0,0.25,0.045626,0.047437,0,0,0,0,0,,0.138838,0.197536,32.386333,3.508147,0.693147,-2.814999,2.800967,0.132287
VN,Viet Nam,T - IPC4+F21W,Lighting Applications Index,T - 11,Electronics,Technology,0.0,1.0,0.3,0.0,0.157093,0,0,0,0,0,,0.139217,0.193129,8.607269,2.26252,0.693147,-1.569373,3.534446,0.094197
VN,Viet Nam,T - IPC4+F21Y,Light Source Index,T - 11,Electronics,Technology,2.0,2.0,0.55,0.126067,0.163188,0,0,0,0,0,,0.137788,0.188202,13.419373,2.668573,1.098612,-1.56996,3.134931,0.100755
VN,Viet Nam,T - IPC4+F22B,Steam Boilers,T - 42,Engines and transport,Technology,0.0,1.0,0.111111,0.0,0.299863,0,0,0,0,0,,0.137966,0.18195,2.377117,1.217023,0.693147,-0.523875,3.594105,0.109332
VN,Viet Nam,T - IPC4+F23C,Fluid Fuel Combustion,T - 42,Engines and transport,Technology,0.0,1.0,0.111111,0.0,0.36337,0,0,0,0,0,,0.130777,0.199733,2.013128,1.102979,0.693147,-0.409832,3.252774,0.13237
VN,Viet Nam,T - IPC4+F23D,Burners,T - 42,Engines and transport,Technology,0.0,0.0,0.0,0.0,0.0,0,0,0,0,0,,0.13775,0.19723,3.698272,1.547195,0.0,-1.547195,3.419655,0.118779
VN,Viet Nam,T - IPC4+F23G,Waste Combustion,T - 33,Processing and environmental,Technology,2.0,0.0,0.0,0.40917,0.0,0,0,0,0,0,,0.133129,0.204733,2.853399,1.348956,0.0,-1.348956,2.345258,0.162565
VN,Viet Nam,T - IPC4+F23J,Combustion Product Handling,T - 33,Processing and environmental,Technology,0.0,0.0,0.0,0.0,0.0,0,0,0,0,0,,0.135743,0.19469,2.19041,1.160149,0.0,-1.160149,3.417975,0.114097
VN,Viet Nam,T - IPC4+F23L,Combustion Air Supply,T - 42,Engines and transport,Technology,0.0,0.0,0.0,0.0,0.0,0,0,0,0,0,,0.131862,0.195345,1.603712,0.956938,0.0,-0.956938,3.473018,0.110243
VN,Viet Nam,T - IPC4+F23N,Combustion Control,T - 42,Engines and transport,Technology,0.0,0.0,0.0,0.0,0.0,0,0,0,0,0,,0.134335,0.186784,2.102066,1.132068,0.0,-1.132068,4.176679,0.090812
VN,Viet Nam,T - IPC4+F23R,High Pressure Combustion,T - 42,Engines and transport,Technology,0.0,0.0,0.0,0.0,0.0,0,0,0,0,0,,0.117691,0.178602,2.490928,1.250167,0.0,-1.250167,3.924012,0.075873
VN,Viet Nam,T - IPC4+F24C,Kitchen Stoves,T - 42,Engines and transport,Technology,0.0,1.0,0.333333,0.0,0.146299,0,0,0,0,0,,0.134388,0.194101,8.743018,2.276551,0.693147,-1.583404,3.115774,0.100868
VN,Viet Nam,T - IPC4+F24D,Home Heating Systems,T - 42,Engines and transport,Technology,0.0,0.0,0.0,0.0,0.0,0,0,0,0,0,,0.143141,0.205294,5.232517,1.82978,0.0,-1.82978,2.848386,0.14845
VN,Viet Nam,T - IPC4+F24F,HVAC Systems,T - 42,Engines and transport,Technology,0.0,2.0,0.875,0.0,0.092378,0,0,0,0,0,,0.138104,0.199257,28.492975,3.384152,1.098612,-2.28554,1.997411,0.157089
VN,Viet Nam,T - IPC4+F24H,Water and Air Heaters,T - 42,Engines and transport,Technology,0.0,0.0,0.0,0.0,0.0,0,0,0,0,0,,0.143504,0.20224,6.642819,2.033766,0.0,-2.033766,2.429605,0.141461
VN,Viet Nam,T - IPC4+F24S,Solar Heating,T - 42,Engines and transport,Technology,0.0,0.0,0.0,0.0,0.0,0,0,0,0,0,,0.140876,0.204128,4.881887,1.771878,0.0,-1.771878,1.669185,0.157084
VN,Viet Nam,T - IPC4+F25B,Refrigeration Systems,T - 42,Engines and transport,Technology,1.0,1.0,0.2,0.102917,0.075255,0,0,0,0,0,,0.133666,0.187234,17.981336,2.943456,0.693147,-2.250309,2.819309,0.127876
VN,Viet Nam,T - IPC4+F25C,Ice Making,T - 42,Engines and transport,Technology,0.0,0.0,0.0,0.0,0.0,0,0,0,0,0,,0.135554,0.181649,1.749753,1.011511,0.0,-1.011511,3.878842,0.080387
VN,Viet Nam,T - IPC4+F25D,Refrigerators,T - 52,Consumer,Technology,0.0,0.0,0.0,0.0,0.0,0,0,0,0,0,,0.136364,0.189195,15.337272,2.793449,0.0,-2.793449,3.544538,0.128443
VN,Viet Nam,T - IPC4+F25J,Gas Liquefaction,T - 33,Processing and environmental,Technology,0.0,0.0,0.0,0.0,0.0,0,0,0,0,0,,0.126964,0.177466,2.239904,1.175544,0.0,-1.175544,2.898116,0.097556
VN,Viet Nam,T - IPC4+F26B,Industrial Drying,T - 33,Processing and environmental,Technology,2.0,0.0,0.0,0.288535,0.0,0,0,0,0,0,,0.137497,0.201485,6.184285,1.971896,0.0,-1.971896,2.715696,0.136444
VN,Viet Nam,T - IPC4+F27B,Industrial Furnaces,T - 42,Engines and transport,Technology,3.0,0.0,0.0,0.356279,0.0,0,0,0,0,0,,0.141126,0.200914,5.753699,1.91009,0.0,-1.91009,3.257095,0.134618
VN,Viet Nam,T - IPC4+F27D,Furnace Components,T - 42,Engines and transport,Technology,1.0,0.0,0.0,0.169756,0.0,0,0,0,0,0,,0.138852,0.201185,6.986712,2.077779,0.0,-2.077779,3.014328,0.143577
VN,Viet Nam,T - IPC4+F28D,Heat Exchangers,T - 42,Engines and transport,Technology,0.0,0.0,0.0,0.0,0.0,0,0,0,0,0,,0.13611,0.207758,15.189177,2.784343,0.0,-2.784343,2.225299,0.177267
VN,Viet Nam,T - IPC4+F28F,Heat Transfer Components,T - 42,Engines and transport,Technology,1.0,0.0,0.0,0.110536,0.0,0,0,0,0,0,,0.137172,0.205283,13.367941,2.664999,0.0,-2.664999,2.404794,0.165997
VN,Viet Nam,T - IPC4+F41A,Weapon Components,T - 34,Chemicals,Technology,0.0,0.0,0.0,0.0,0.0,0,0,0,0,0,,0.134385,0.206772,3.156372,1.424643,0.0,-1.424643,2.614693,0.142042
VN,Viet Nam,T - IPC4+F41G,Weapon Sights,T - 34,Chemicals,Technology,0.0,0.0,0.0,0.0,0.0,0,0,0,0,0,,0.118075,0.189536,2.043441,1.112989,0.0,-1.112989,3.310068,0.095669
VN,Viet Nam,T - IPC4+F41H,Armor and Defense,T - 34,Chemicals,Technology,0.0,0.0,0.0,0.0,0.0,0,0,0,0,0,,0.124513,0.204212,2.834845,1.344129,0.0,-1.344129,2.705928,0.135062
VN,Viet Nam,T - IPC4+F42B,Explosive Charges,T - 34,Chemicals,Technology,1.0,0.0,0.0,0.279053,0.0,0,0,0,0,0,,0.137188,0.203628,3.06217,1.401717,0.0,-1.401717,2.87694,0.137537
VN,Viet Nam,T - IPC4+G01B,Dimensional Measurement,T - 21,Instruments,Technology,2.0,2.0,0.766667,0.104799,0.098228,0,0,0,0,0,,0.136746,0.200266,34.423524,3.567376,1.098612,-2.468764,1.875421,0.162529
VN,Viet Nam,T - IPC4+G01C,Navigation and Surveying,T - 21,Instruments,Technology,1.0,5.0,1.424217,0.068696,0.142031,0,0,0,0,0,,0.133305,0.193153,34.744982,3.57641,1.791759,-1.78465,2.786333,0.162546
VN,Viet Nam,T - IPC4+G01D,General Measurement,T - 21,Instruments,Technology,0.0,0.0,0.0,0.0,0.0,0,0,0,0,0,,0.132525,0.197835,19.382536,3.014678,0.0,-3.014678,2.885862,0.1491
VN,Viet Nam,T - IPC4+G01F,Flow and Volume Measurement,T - 21,Instruments,Technology,0.0,1.0,0.05,0.0,0.133287,0,0,0,0,0,,0.128497,0.196072,12.910922,2.632674,0.693147,-1.939527,2.500576,0.139732
VN,Viet Nam,T - IPC4+G01G,Weighing,T - 21,Instruments,Technology,0.0,0.0,0.0,0.0,0.0,0,0,0,0,0,,0.137467,0.207227,4.954306,1.784115,0.0,-1.784115,2.348123,0.149378
VN,Viet Nam,T - IPC4+G01H,Vibration Measurement,T - 21,Instruments,Technology,0.0,0.0,0.0,0.0,0.0,0,0,0,0,0,,0.135983,0.20362,6.325063,1.991302,0.0,-1.991302,2.926576,0.138963
VN,Viet Nam,T - IPC4+G01J,Light Measurement,T - 21,Instruments,Technology,2.0,2.0,0.174242,0.15358,0.169092,0,0,0,0,0,,0.142092,0.2016,20.159567,3.052092,1.098612,-1.95348,2.087776,0.152654
VN,Viet Nam,T - IPC4+G01K,Temperature Measurement,T - 21,Instruments,Technology,1.0,2.0,0.452381,0.165494,0.182001,0,0,0,0,0,,0.133226,0.202744,11.808324,2.550095,1.098612,-1.451483,2.785533,0.14726
VN,Viet Nam,T - IPC4+G01L,Force and Pressure Measurement,T - 21,Instruments,Technology,0.0,0.0,0.0,0.0,0.0,0,0,0,0,0,,0.135893,0.203069,17.300985,2.906955,0.0,-2.906955,2.839767,0.148783
VN,Viet Nam,T - IPC4+G01M,Machine Testing,T - 21,Instruments,Technology,0.0,1.0,0.4,0.0,0.063348,0,0,0,0,0,,0.135345,0.202584,24.724444,3.247442,0.693147,-2.554294,2.346498,0.142807
VN,Viet Nam,T - IPC4+G01N,Material Analysis,T - 21,Instruments,Technology,6.0,11.0,6.501824,0.062902,0.077289,0,0,0,0,0,,0.135844,0.198619,164.376775,5.108226,2.484907,-2.62332,0.829975,0.229693
VN,Viet Nam,T - IPC4+G01P,Motion Measurement,T - 21,Instruments,Technology,1.0,1.0,0.136364,0.148281,0.139797,0,0,0,0,0,,0.128616,0.20055,8.699643,2.272089,0.693147,-1.578942,3.301775,0.140181
VN,Viet Nam,T - IPC4+G01Q,Scanning Probe Techniques,T - 21,Instruments,Technology,0.0,0.0,0.0,0.0,0.0,0,0,0,0,0,,0.127007,0.17458,0.897755,0.640672,0.0,-0.640672,3.391255,0.091491
VN,Viet Nam,T - IPC4+G01R,Electrical Measurement,T - 21,Instruments,Technology,1.0,3.0,2.179487,0.034947,0.063281,0,0,0,0,0,,0.136547,0.204464,63.924942,4.173232,1.386294,-2.786938,2.028658,0.165058
VN,Viet Nam,T - IPC4+G01S,Radar and Radio Navigation,T - 21,Instruments,Technology,4.0,8.0,1.658222,0.172618,0.114609,0,0,0,0,0,,0.136198,0.204125,80.219649,4.397157,2.197225,-2.199933,2.374943,0.151496
VN,Viet Nam,T - IPC4+G01T,Radiation Measurement,T - 33,Processing and environmental,Technology,0.0,0.0,0.0,0.0,0.0,0,0,0,0,0,,0.127014,0.19993,7.329741,2.119832,0.0,-2.119832,2.527614,0.136842
VN,Viet Nam,T - IPC4+G01V,Geophysical Measurement,T - 21,Instruments,Technology,1.0,0.0,0.0,0.087474,0.0,0,0,0,0,0,,0.123289,0.190983,12.628751,2.612182,0.0,-2.612182,1.596478,0.143273
VN,Viet Nam,T - IPC4+G01W,Weather Measurement,T - 21,Instruments,Technology,0.0,1.0,0.037037,0.0,0.299999,0,0,0,0,0,,0.128991,0.190518,2.557327,1.269009,0.693147,-0.575862,3.035782,0.107917
VN,Viet Nam,T - IPC4+G02B,Optical Systems,T - 14,Semiconductors and optics,Technology,7.0,9.0,1.832919,0.110923,0.08181,0,0,0,0,0,,0.130859,0.197985,129.116695,4.868432,2.302585,-2.565847,1.971568,0.15151
VN,Viet Nam,T - IPC4+G02C,Eyewear,T - 14,Semiconductors and optics,Technology,1.0,2.0,0.643478,0.154378,0.164499,0,0,0,0,0,,0.132022,0.196259,10.508082,2.44305,1.098612,-1.344437,2.297861,0.132112
VN,Viet Nam,T - IPC4+G02F,Optical Control Devices,T - 14,Semiconductors and optics,Technology,4.0,2.0,0.3675,0.101128,0.060632,0,0,0,0,0,,0.110532,0.182472,44.688814,3.821854,1.098612,-2.723241,2.120348,0.110691
VN,Viet Nam,T - IPC4+G03B,Photography Equipment,T - 14,Semiconductors and optics,Technology,1.0,2.0,1.6,0.062312,0.094396,0,0,0,0,0,,0.134056,0.18637,26.214755,3.303759,1.098612,-2.205147,3.145458,0.10887
VN,Viet Nam,T - IPC4+G03C,Photographic Materials,T - 14,Semiconductors and optics,Technology,0.0,0.0,0.0,0.0,0.0,0,0,0,0,0,,0.126076,0.171644,0.269153,0.238349,0.0,-0.238349,4.029002,0.046459
VN,Viet Nam,T - IPC4+G03F,Photolithography,T - 14,Semiconductors and optics,Technology,7.0,18.0,8.44772,0.245064,0.345545,0,0,0,0,0,,0.12422,0.190302,34.773832,3.577217,2.944439,-0.632778,0.859984,0.13493
VN,Viet Nam,T - IPC4+G03G,Electrophotography,T - 14,Semiconductors and optics,Technology,0.0,0.0,0.0,0.0,0.0,0,0,0,0,0,,0.072633,0.12977,8.487977,2.250025,0.0,-2.250025,5.333889,0.025721
VN,Viet Nam,T - IPC4+G03H,Holography,T - 14,Semiconductors and optics,Technology,0.0,0.0,0.0,0.0,0.0,0,0,0,0,0,,0.127044,0.186224,3.074318,1.404703,0.0,-1.404703,3.039227,0.098286
VN,Viet Nam,T - IPC4+G04B,Mechanical Clocks,T - 21,Instruments,Technology,0.0,1.0,0.333333,0.0,0.272391,0,0,0,0,0,,0.119569,0.185338,3.122202,1.416388,0.693147,-0.72324,3.537781,0.07237
VN,Viet Nam,T - IPC4+G04G,Digital Timepieces,T - 21,Instruments,Technology,0.0,0.0,0.0,0.0,0.0,0,0,0,0,0,,0.125121,0.172227,2.200801,1.163401,0.0,-1.163401,3.381221,0.071689
VN,Viet Nam,T - IPC4+G05B,General Control Systems,T - 21,Instruments,Technology,0.0,6.0,2.074892,0.0,0.102976,0,0,0,0,0,,0.135345,0.200851,58.183009,4.080634,1.94591,-2.134724,1.823544,0.177184
VN,Viet Nam,T - IPC4+G05D,Process Control,T - 21,Instruments,Technology,0.0,4.0,0.461797,0.0,0.100453,0,0,0,0,0,,0.134523,0.201645,46.445267,3.859577,1.609438,-2.250139,2.518032,0.163572
VN,Viet Nam,T - IPC4+G05F,Electrical Control,T - 21,Instruments,Technology,0.0,2.0,0.127976,0.0,0.305026,0,0,0,0,0,,0.133115,0.198962,6.252985,1.981413,1.098612,-0.882801,2.897354,0.127556
VN,Viet Nam,T - IPC4+G05G,Mechanical Controls,T - 42,Engines and transport,Technology,0.0,0.0,0.0,0.0,0.0,0,0,0,0,0,,0.131678,0.19212,3.744516,1.556989,0.0,-1.556989,4.020934,0.106701
VN,Viet Nam,T - IPC4+G06F,Digital Computers,T - 13,ICTs,Technology,16.0,56.0,31.913572,0.068275,0.141589,0,0,0,0,0,,0.120931,0.189178,361.397025,5.89274,4.043051,-1.849689,1.120497,0.198784
VN,Viet Nam,T - IPC4+G06G,Analog Computers,T - 13,ICTs,Technology,1.0,7.0,0.938643,0.163072,0.65586,0,1,1,0,1,,0.130437,0.194189,2.274298,1.186104,2.079442,0.893338,2.25794,0.107093
VN,Viet Nam,T - IPC4+G06K,Data Reading and Records,T - 13,ICTs,Technology,4.0,4.0,0.552338,0.090303,0.113979,0,0,0,0,0,,0.134343,0.199254,64.384996,4.180293,1.609438,-2.570855,1.75235,0.180454
VN,Viet Nam,T - IPC4+G06N,AI and Machine Learning,T - 13,ICTs,Technology,1.0,34.0,13.059888,0.137375,0.196242,0,0,0,0,0,,0.133647,0.201169,147.733784,5.002158,3.555348,-1.44681,0.873532,0.199958
VN,Viet Nam,T - IPC4+G06Q,Business Computing,T - 13,ICTs,Technology,5.0,18.0,4.23589,0.080671,0.144485,0,0,0,0,0,,0.128299,0.194557,118.461389,4.782993,2.944439,-1.838554,0.621926,0.208951
VN,Viet Nam,T - IPC4+G06T,Image Processing,T - 13,ICTs,Technology,5.0,29.0,10.208688,0.108825,0.16961,0,0,0,0,0,,0.139313,0.195457,155.449314,5.052732,3.401197,-1.651535,1.285598,0.181239
VN,Viet Nam,T - IPC4+G06V,Computer Vision,T - 13,ICTs,Technology,0.0,26.0,13.067545,0.0,0.178706,0,0,0,0,0,,0.134889,0.195744,111.080686,4.719219,3.295837,-1.423382,1.467827,0.163194
VN,Viet Nam,T - IPC4+G07B,Ticketing and Fare Systems,T - 21,Instruments,Technology,0.0,0.0,0.0,0.0,0.0,0,0,0,0,0,,0.129349,0.192054,1.491007,0.912687,0.0,-0.912687,3.395789,0.117713
VN,Viet Nam,T - IPC4+G07C,Time Recording and Monitoring,T - 21,Instruments,Technology,0.0,2.0,1.166667,0.0,0.120464,0,0,0,0,0,,0.13433,0.197471,19.153915,3.003399,1.098612,-1.904786,2.017323,0.155867
VN,Viet Nam,T - IPC4+G07D,Coin and Currency Handling,T - 21,Instruments,Technology,0.0,1.0,1.0,0.0,0.296639,0,0,0,0,0,,0.128097,0.187877,2.533305,1.262234,0.693147,-0.569086,3.19728,0.108092
VN,Viet Nam,T - IPC4+G07F,Vending Machines,T - 21,Instruments,Technology,0.0,0.0,0.0,0.0,0.0,0,0,0,0,0,,0.144539,0.204229,10.631961,2.453757,0.0,-2.453757,2.319931,0.173012
VN,Viet Nam,T - IPC4+G07G,Cash Registers,T - 21,Instruments,Technology,0.0,0.0,0.0,0.0,0.0,0,0,0,0,0,,0.128522,0.185075,2.360642,1.212132,0.0,-1.212132,2.311195,0.109271
VN,Viet Nam,T - IPC4+G08B,Alarm and Signaling Systems,T - 21,Instruments,Technology,1.0,4.0,1.339927,0.07197,0.15362,0,0,0,0,0,,0.135642,0.201879,24.792725,3.250092,1.609438,-1.640655,2.144676,0.163092
VN,Viet Nam,T - IPC4+G08C,Signal Transmission,T - 13,ICTs,Technology,1.0,0.0,0.0,0.107109,0.0,0,0,0,0,0,,0.144315,0.190555,7.340472,2.12112,0.0,-2.12112,3.391101,0.119704
VN,Viet Nam,T - IPC4+G08G,Traffic Control,T - 21,Instruments,Technology,0.0,0.0,0.0,0.0,0.0,0,0,0,0,0,,0.134549,0.188794,35.584911,3.599636,0.0,-3.599636,3.036459,0.124523
VN,Viet Nam,T - IPC4+G09B,Educational Equipment,T - 21,Instruments,Technology,0.0,1.0,0.125,0.0,0.129455,0,0,0,0,0,,0.137909,0.201183,13.126701,2.648067,0.693147,-1.954919,1.48235,0.168627
VN,Viet Nam,T - IPC4+G09C,Cryptography,T - 21,Instruments,Technology,0.0,0.0,0.0,0.0,0.0,0,0,0,0,0,,0.125186,0.192359,2.865449,1.352078,0.0,-1.352078,3.728372,0.114971
VN,Viet Nam,T - IPC4+G09F,Signs and Displays,T - 12,Audio-visual,Technology,5.0,1.0,0.75,0.193843,0.078178,0,0,0,0,0,,0.135285,0.178174,40.132559,3.7168,0.693147,-3.023653,1.666423,0.098211
VN,Viet Nam,T - IPC4+G09G,Display Control,T - 12,Audio-visual,Technology,0.0,4.0,1.222222,0.0,0.11227,0,0,0,0,0,,0.120267,0.165479,38.676894,3.680769,1.609438,-2.071331,3.078079,0.089345
VN,Viet Nam,T - IPC4+G10D,Musical Instruments,T - 52,Consumer,Technology,0.0,0.0,0.0,0.0,0.0,0,0,0,0,0,,0.128245,0.183975,0.869693,0.625774,0.0,-0.625774,3.414474,0.089579
VN,Viet Nam,T - IPC4+G10H,Electronic Music,T - 52,Consumer,Technology,0.0,0.0,0.0,0.0,0.0,0,0,0,0,0,,0.1207,0.195859,3.407351,1.483274,0.0,-1.483274,2.717276,0.11959
VN,Viet Nam,T - IPC4+G10K,Acoustics and Sound,T - 52,Consumer,Technology,0.0,1.0,0.017241,0.0,0.123553,0,0,0,0,0,,0.134034,0.200302,10.756259,2.464386,0.693147,-1.771239,3.120786,0.13466
VN,Viet Nam,T - IPC4+G10L,Speech Processing,T - 13,ICTs,Technology,3.0,5.0,4.780303,0.18637,0.135902,0,0,0,0,0,,0.140577,0.20102,35.115651,3.586726,1.791759,-1.794967,1.836619,0.160109
VN,Viet Nam,T - IPC4+G11B,Data Storage,T - 12,Audio-visual,Technology,1.0,13.0,5.993362,0.051281,0.537614,0,1,1,0,1,,0.109608,0.192115,10.043775,2.401867,2.639057,0.23719,2.117646,0.103862
VN,Viet Nam,T - IPC4+G11C,Memory Systems,T - 13,ICTs,Technology,0.0,23.0,8.858395,0.0,0.395795,0,0,0,0,0,,0.107809,0.185474,32.572757,3.513715,3.178054,-0.335661,2.663172,0.09138
VN,Viet Nam,T - IPC4+G12B,Instrument Construction,T - 21,Instruments,Technology,0.0,0.0,0.0,0.0,0.0,0,0,0,0,0,,0.129418,0.182695,0.664876,0.509751,0.0,-0.509751,3.972106,0.0795
VN,Viet Nam,T - IPC4+G16B,Bioinformatics,T - 13,ICTs,Technology,0.0,3.0,1.291667,0.0,0.197113,0,0,0,0,0,,0.137899,0.19829,15.485678,2.802492,1.386294,-1.416198,1.64793,0.168332
VN,Viet Nam,T - IPC4+G16C,Computational Chemistry,T - 13,ICTs,Technology,0.0,2.0,0.694444,0.0,0.288364,0,0,0,0,0,,0.123435,0.193905,5.958853,1.940015,1.098612,-0.841402,2.877226,0.122092
VN,Viet Nam,T - IPC4+G16H,Medical Informatics,T - 21,Instruments,Technology,0.0,4.0,0.606818,0.0,0.085246,0,0,0,0,0,,0.136534,0.200068,59.252255,4.09854,1.609438,-2.489102,0.726753,0.196875
VN,Viet Nam,T - IPC4+G16Y,IoT Technology,T - 13,ICTs,Technology,0.0,1.0,0.25,0.0,0.141584,0,0,0,0,0,,0.038651,0.188191,7.280987,2.113962,0.693147,-1.420815,2.263149,0.117088
VN,Viet Nam,T - IPC4+G16Z,Specialized ICT,T - 13,ICTs,Technology,1.0,0.0,0.0,0.309692,0.0,0,0,0,0,0,,0.129967,0.18518,1.73742,1.007016,0.0,-1.007016,2.492393,0.09384
VN,Viet Nam,T - IPC4+G21C,Nuclear Reactors,T - 42,Engines and transport,Technology,0.0,0.0,0.0,0.0,0.0,0,0,0,0,0,,0.125064,0.189104,3.765113,1.561321,0.0,-1.561321,1.875714,0.104576
VN,Viet Nam,T - IPC4+G21F,Radiation Protection,T - 42,Engines and transport,Technology,0.0,0.0,0.0,0.0,0.0,0,0,0,0,0,,0.125648,0.188707,2.298479,1.193461,0.0,-1.193461,3.028808,0.125186
VN,Viet Nam,T - IPC4+G21K,Particle Handling,T - 42,Engines and transport,Technology,0.0,0.0,0.0,0.0,0.0,0,0,0,0,0,,0.129337,0.188869,2.825693,1.34174,0.0,-1.34174,2.918906,0.121354
VN,Viet Nam,T - IPC4+H01B,Cables and Conductors,T - 11,Electronics,Technology,6.0,3.0,0.305882,0.218645,0.198243,0,0,0,0,0,,0.137793,0.202085,23.621311,3.203612,1.386294,-1.817318,1.682979,0.146973
VN,Viet Nam,T - IPC4+H01C,Resistors,T - 11,Electronics,Technology,0.0,0.0,0.0,0.0,0.0,0,0,0,0,0,,0.133488,0.181683,2.219409,1.169198,0.0,-1.169198,3.421535,0.085115
VN,Viet Nam,T - IPC4+H01F,Magnets and Transformers,T - 11,Electronics,Technology,2.0,0.0,0.0,0.123384,0.0,0,0,0,0,0,,0.139965,0.194881,23.902558,3.214971,0.0,-3.214971,2.369714,0.14305
VN,Viet Nam,T - IPC4+H01G,Capacitors,T - 11,Electronics,Technology,1.0,1.0,0.142857,0.114723,0.116404,0,0,0,0,0,,0.133949,0.199674,17.815758,2.934695,0.693147,-2.241548,2.452032,0.127077
VN,Viet Nam,T - IPC4+H01H,Switches and Relays,T - 11,Electronics,Technology,0.0,0.0,0.0,0.0,0.0,0,0,0,0,0,,0.133477,0.199275,17.603341,2.923341,0.0,-2.923341,2.837779,0.132951
VN,Viet Nam,T - IPC4+H01J,Discharge Tubes and Lamps,T - 11,Electronics,Technology,1.0,10.0,1.716681,0.051273,0.197858,0,0,0,0,0,,0.130025,0.185112,33.036561,3.527435,2.397895,-1.12954,0.743998,0.148876
VN,Viet Nam,T - IPC4+H01K,Incandescent Lamps,T - 11,Electronics,Technology,0.0,0.0,0.0,0.0,0.0,0,0,0,0,0,,0.118398,0.158676,0.19374,0.177091,0.0,-0.177091,4.560445,0.047858
VN,Viet Nam,T - IPC4+H01L,Legacy Semiconductors,T - 14,Semiconductors and optics,Technology,19.0,74.0,29.832168,0.116503,0.239073,0,0,0,0,0,,0.118969,0.172625,209.158544,5.347862,4.317488,-1.030374,0.782734,0.146574
VN,Viet Nam,T - IPC4+H01M,Batteries and Fuel Cells,T - 11,Electronics,Technology,11.0,8.0,2.557653,0.202818,0.08751,0,0,0,0,0,,0.130301,0.186144,135.705064,4.917826,2.197225,-2.720601,2.464073,0.119186
VN,Viet Nam,T - IPC4+H01P,Waveguides,T - 13,ICTs,Technology,0.0,1.0,0.021739,0.0,0.147164,0,0,0,0,0,,0.132186,0.199566,8.501975,2.2515,0.693147,-1.558353,2.140318,0.122566
VN,Viet Nam,T - IPC4+H01Q,Antennas,T - 13,ICTs,Technology,1.0,5.0,2.289416,0.079564,0.144015,0,0,0,0,0,,0.134559,0.199855,31.355961,3.476798,1.791759,-1.685039,1.237854,0.149962
VN,Viet Nam,T - IPC4+H01R,Electrical Connectors,T - 11,Electronics,Technology,1.0,2.0,1.9,0.049863,0.091943,0,0,0,0,0,,0.130758,0.199824,39.134035,3.692225,1.098612,-2.593612,1.931559,0.144024
VN,Viet Nam,T - IPC4+H01S,Lasers and Masers,T - 14,Semiconductors and optics,Technology,0.0,4.0,4.333333,0.0,0.244415,0,0,0,0,0,,0.1313,0.1958,17.018357,2.891391,1.609438,-1.281953,2.103359,0.124922
VN,Viet Nam,T - IPC4+H01T,Spark Gaps and Surge Protection,T - 11,Electronics,Technology,0.0,0.0,0.0,0.0,0.0,0,0,0,0,0,,0.126996,0.195217,1.925074,1.07332,0.0,-1.07332,3.05554,0.106092
VN,Viet Nam,T - IPC4+H02B,Power Distribution Panels,T - 11,Electronics,Technology,0.0,0.0,0.0,0.0,0.0,0,0,0,0,0,,0.136033,0.202765,4.304634,1.668581,0.0,-1.668581,2.924585,0.135609
VN,Viet Nam,T - IPC4+H02G,Cable Installation,T - 11,Electronics,Technology,2.0,2.0,1.5,0.185878,0.160054,0,0,0,0,0,,0.137302,0.203863,15.718219,2.816499,1.098612,-1.717887,2.586319,0.153575
VN,Viet Nam,T - IPC4+H02H,Electrical Protection,T - 11,Electronics,Technology,0.0,0.0,0.0,0.0,0.0,0,0,0,0,0,,0.134929,0.203679,15.304586,2.791446,0.0,-2.791446,2.777975,0.130346
VN,Viet Nam,T - IPC4+H02J,Power Supply Systems,T - 11,Electronics,Technology,0.0,0.0,0.0,0.0,0.0,0,0,0,0,0,,0.138038,0.2007,68.150007,4.236278,0.0,-4.236278,1.913677,0.162604
VN,Viet Nam,T - IPC4+H02K,Motors and Generators,T - 11,Electronics,Technology,0.0,4.0,3.5,0.0,0.117157,0,0,0,0,0,,0.134659,0.196411,44.769801,3.823625,1.609438,-2.214187,2.097495,0.1501
VN,Viet Nam,T - IPC4+H02M,Power Converters,T - 11,Electronics,Technology,1.0,10.0,5.165163,0.06695,0.214738,0,0,0,0,0,,0.14012,0.201001,39.775816,3.708089,2.397895,-1.310194,2.384593,0.151089
VN,Viet Nam,T - IPC4+H02N,Other Electric Machines,T - 11,Electronics,Technology,0.0,0.0,0.0,0.0,0.0,0,0,0,0,0,,0.134199,0.197051,6.496824,2.01448,0.0,-2.01448,1.712817,0.133474
VN,Viet Nam,T - IPC4+H02P,Motor Control,T - 11,Electronics,Technology,0.0,0.0,0.0,0.0,0.0,0,0,0,0,0,,0.135429,0.197673,19.643472,3.027399,0.0,-3.027399,3.034528,0.122224
VN,Viet Nam,T - IPC4+H02S,Solar Power Systems,T - 11,Electronics,Technology,1.0,0.0,0.0,0.230887,0.0,0,0,0,0,0,,0.136441,0.204651,11.871648,2.555027,0.0,-2.555027,1.629569,0.161129
VN,Viet Nam,T - IPC4+H03B,Signal Generators,T - 13,ICTs,Technology,0.0,0.0,0.0,0.0,0.0,0,0,0,0,0,,0.129934,0.180858,1.783312,1.023642,0.0,-1.023642,3.881408,0.088455
VN,Viet Nam,T - IPC4+H03D,Demodulation,T - 13,ICTs,Technology,0.0,0.0,0.0,0.0,0.0,0,0,0,0,0,,0.12998,0.169428,0.758293,0.564343,0.0,-0.564343,3.951724,0.07148
VN,Viet Nam,T - IPC4+H03F,Amplifiers,T - 13,ICTs,Technology,1.0,1.0,0.210526,0.142368,0.190653,0,0,0,0,0,,0.130522,0.19219,10.662376,2.456368,0.693147,-1.763221,1.436959,0.126352
VN,Viet Nam,T - IPC4+H03G,Gain Control,T - 13,ICTs,Technology,0.0,0.0,0.0,0.0,0.0,0,0,0,0,0,,0.131181,0.19409,3.128893,1.418009,0.0,-1.418009,3.143191,0.105407
VN,Viet Nam,T - IPC4+H03H,Resonant Circuits,T - 13,ICTs,Technology,0.0,4.0,1.176845,0.0,0.247782,0,0,0,0,0,,0.125378,0.196122,13.097412,2.645991,1.609438,-1.036553,1.672741,0.124073
VN,Viet Nam,T - IPC4+H03K,Pulse Circuits,T - 13,ICTs,Technology,2.0,5.0,0.857143,0.122849,0.149679,0,0,0,0,0,,0.13671,0.202859,24.79381,3.250135,1.791759,-1.458375,2.373151,0.146174
VN,Viet Nam,T - IPC4+H03L,Oscillator Control,T - 13,ICTs,Technology,0.0,0.0,0.0,0.0,0.0,0,0,0,0,0,,0.129492,0.194026,3.832159,1.575293,0.0,-1.575293,1.814871,0.121187
VN,Viet Nam,T - IPC4+H03M,Coding and Conversion,T - 13,ICTs,Technology,6.0,9.0,2.133126,0.249395,0.325538,0,0,0,0,0,,0.141225,0.203237,17.312665,2.907593,2.302585,-0.605008,1.565095,0.143595
VN,Viet Nam,T - IPC4+H04B,Transmission Systems,T - 13,ICTs,Technology,13.0,19.0,2.393463,0.131251,0.175928,0,0,0,0,0,,0.134399,0.196921,116.278673,4.764553,2.995732,-1.768821,0.830342,0.153981
VN,Viet Nam,T - IPC4+H04H,Broadcasting,T - 13,ICTs,Technology,1.0,0.0,0.0,0.123211,0.0,0,0,0,0,0,,0.138209,0.186143,2.808185,1.337153,0.0,-1.337153,2.680009,0.106053
VN,Viet Nam,T - IPC4+H04J,Multiplex Communication,T - 13,ICTs,Technology,6.0,6.0,0.26627,0.136805,0.25178,0,0,0,0,0,,0.131929,0.19756,17.245722,2.903931,1.94591,-0.958021,0.475239,0.157383
VN,Viet Nam,T - IPC4+H04K,Secure Communication,T - 13,ICTs,Technology,2.0,0.0,0.0,0.277562,0.0,0,0,0,0,0,,0.132455,0.187496,1.249296,0.810617,0.0,-0.810617,2.671565,0.098443
VN,Viet Nam,T - IPC4+H04L,Digital Networks,T - 13,ICTs,Technology,20.0,50.0,12.066992,0.117641,0.174843,0,0,0,0,0,,0.125789,0.198752,304.377093,5.721547,3.931826,-1.789722,1.110114,0.177305
VN,Viet Nam,T - IPC4+H04M,Telephony,T - 13,ICTs,Technology,3.0,5.0,2.285714,0.074099,0.200472,0,0,0,0,0,,0.138628,0.190678,32.376003,3.507837,1.791759,-1.716078,1.707403,0.130872
VN,Viet Nam,T - IPC4+H04N,Television and Video,T - 12,Audio-visual,Technology,19.0,36.0,30.611366,0.16203,0.205455,0,0,0,0,0,,0.129294,0.186883,147.896528,5.003252,3.610918,-1.392334,1.709472,0.147624
VN,Viet Nam,T - IPC4+H04Q,Switching Systems,T - 13,ICTs,Technology,1.0,0.0,0.0,0.085714,0.0,0,0,0,0,0,,0.137784,0.189879,8.933584,2.295921,0.0,-2.295921,2.463527,0.121011
VN,Viet Nam,T - IPC4+H04R,Audio Transducers,T - 12,Audio-visual,Technology,1.0,5.0,2.65,0.075899,0.124058,0,0,0,0,0,,0.137259,0.202091,37.082057,3.639743,1.791759,-1.847984,2.011871,0.143411
VN,Viet Nam,T - IPC4+H04S,Stereo Systems,T - 12,Audio-visual,Technology,2.0,0.0,0.0,0.361159,0.0,0,0,0,0,0,,0.135178,0.198804,9.337284,2.335757,0.0,-2.335757,1.574377,0.135376
VN,Viet Nam,T - IPC4+H04W,Wireless Networks,T - 13,ICTs,Technology,15.0,54.0,22.173748,0.109502,0.178241,0,0,0,0,0,,0.130773,0.19156,315.185802,5.75633,4.007333,-1.748997,1.125887,0.149573
VN,Viet Nam,T - IPC4+H05B,Electric Heating and Lighting,T - 11,Electronics,Technology,1.0,3.0,1.15375,0.036474,0.090515,0,0,0,0,0,,0.135303,0.195739,55.319896,4.031048,1.386294,-2.644754,2.584913,0.138795
VN,Viet Nam,T - IPC4+H05G,X-ray Equipment,T - 11,Electronics,Technology,0.0,0.0,0.0,0.0,0.0,0,0,0,0,0,,0.115667,0.173932,2.01036,1.10206,0.0,-1.10206,2.146379,0.103518
VN,Viet Nam,T - IPC4+H05H,Plasma and Particle Acceleration,T - 33,Processing and environmental,Technology,0.0,7.0,2.07735,0.0,0.371266,0,0,0,0,0,,0.131989,0.194081,11.26897,2.507073,2.079442,-0.427632,1.921724,0.14207
VN,Viet Nam,T - IPC4+H05K,Electronic Assembly,T - 12,Audio-visual,Technology,9.0,4.0,1.431818,0.172742,0.114998,0,0,0,0,0,,0.130763,0.188884,69.906709,4.261365,1.609438,-2.651927,1.130479,0.158149
VN,Viet Nam,T - IPC4+H10B,Electronic Memory,T - 14,Semiconductors and optics,Technology,0.0,16.0,3.24222,0.0,0.396126,0,0,0,0,0,,0.104581,0.159356,21.007227,3.091371,2.833213,-0.258158,1.308288,0.081694
VN,Viet Nam,T - IPC4+H10D,Inorganic Semiconductors,T - 14,Semiconductors and optics,Technology,0.0,0.0,0.0,0.0,0.0,0,0,0,0,0,,0.08327,0.167168,1.893383,1.062426,0.0,-1.062426,4.658171,0.062485
VN,Viet Nam,T - IPC4+H10F,Light-Sensitive Semiconductors,T - 14,Semiconductors and optics,Technology,0.0,2.0,0.141667,0.0,0.633658,0,1,1,0,1,,0.061784,0.173547,1.001844,0.694069,1.098612,0.404544,3.917969,0.056314
VN,Viet Nam,T - IPC4+H10H,Light-Emitting Semiconductors,T - 14,Semiconductors and optics,Technology,0.0,0.0,0.0,0.0,0.0,0,0,0,0,0,,0.083186,0.168424,0.939683,0.662524,0.0,-0.662524,4.160422,0.055083
VN,Viet Nam,T - IPC4+H10K,Organic Semiconductors,T - 14,Semiconductors and optics,Technology,4.0,3.0,0.833333,0.261359,0.07684,0,0,0,0,0,,0.139177,0.164164,51.5359,3.961497,1.386294,-2.575202,2.648601,0.065416
VN,Viet Nam,T - IPC4+H10N,Other Electric Solid-State Devices,T - 14,Semiconductors and optics,Technology,1.0,9.0,1.032756,0.07775,0.385101,0,0,0,0,0,,0.132656,0.203716,22.469139,3.155686,2.302585,-0.853101,1.710774,0.151684
