Period,Unit,Unit Name,Continent,Income Group,GDP PPP,Population,GDP PC,__index_level_0__
2001,AE,United Arab Emirates (the),West and Central Asia,High income,327844000000.0,3454198.0,94911.75665089262,1
2001,JO,Jordan,West and Central Asia,Lower middle income,45859598177.0,5163310.0,8881.821578987123,84
2001,JP,Japan,East Asia,High income,4966730000000.0,127149000.0,39062.28126056831,85
2001,KG,Kyrgyzstan,West and Central Asia,Lower middle income,18770956085.0,4945100.0,3795.8698681523124,87
2001,KH,Cambodia,East Asia,Lower middle income,25723063815.0,12338192.0,2084.8325115219473,88
2001,KP,Democratic People's Republic of Korea,East Asia,Low income,,23512522.0,,92
2001,KR,Republic of Korea (the),East Asia,High income,1237710000000.0,47370164.0,26128.471921693155,93
2001,KW,Kuwait,West and Central Asia,High income,118679000000.0,1991674.0,59587.56302487254,94
2001,KZ,Kazakhstan,West and Central Asia,Upper middle income,227590000000.0,14858335.0,15317.328623967625,95
2001,LA,Lao People's Democratic Republic (the),East Asia,Lower middle income,16650761036.0,5519707.0,3016.6023370443395,96
2001,LB,Lebanon,West and Central Asia,Lower middle income,52021560996.0,4389200.0,11852.173743734622,97
2001,LK,Sri Lanka,West and Central Asia,Lower middle income,122111000000.0,18920275.0,6453.97595965175,100
2001,MM,Myanmar,East Asia,Lower middle income,68579429990.0,46014826.0,1490.3768187670644,115
2001,MN,Mongolia,East Asia,Upper middle income,14306004047.0,2472601.0,5785.811801823263,116
2001,MV,Maldives,West and Central Asia,Upper middle income,3721661864.0,287324.0,12952.840222188192,120
2001,MY,Malaysia,East Asia,Upper middle income,427864000000.0,23542517.0,18174.097527464884,123
2001,NP,Nepal,West and Central Asia,Lower middle income,60216814884.0,24956071.0,2412.912468633384,131
2001,OM,Oman,West and Central Asia,High income,100477000000.0,2374653.0,42312.28731103028,134
2001,PH,Philippines,East Asia,Lower middle income,388969000000.0,79626086.0,4884.944363584567,138
2001,PK,Pakistan,West and Central Asia,Lower middle income,566961000000.0,159217727.0,3560.9163042504683,139
2001,QA,Qatar,West and Central Asia,High income,62447621176.0,678831.0,91992.8836131526,144
2001,SA,Saudi Arabia,West and Central Asia,High income,908462000000.0,22085929.0,41133.067121604894,149
2001,SG,Singapore,East Asia,High income,272217000000.0,4138012.0,65784.48781685505,154
2001,SY,Syrian Arab Republic (the),West and Central Asia,Low income,131268000000.0,16727948.0,7847.226689131267,165
2001,TH,Thailand,East Asia,Upper middle income,757532000000.0,63649892.0,11901.544153444911,169
2001,TJ,Tajikistan,West and Central Asia,Lower middle income,9402177480.0,6408810.0,1467.0707167165199,170
2001,TL,Timor-Leste,East Asia,Lower middle income,3281806356.0,893001.0,3675.0309977256466,171
2001,TM,Turkmenistan,West and Central Asia,Upper middle income,24446793975.0,4635094.0,5274.282242172435,172
2001,TR,Türkiye,West and Central Asia,Upper middle income,908769000000.0,65072018.0,13965.588096560952,175
2001,UZ,Uzbekistan,West and Central Asia,Lower middle income,88060084771.0,24964450.0,3527.4193812000667,183
2001,VN,Viet Nam,East Asia,Lower middle income,356341000000.0,79817777.0,4464.431526325269,186
2001,YE,Yemen,West and Central Asia,Low income,,19143457.0,,189
2001,CN,China,East Asia,Upper middle income,5560730000000.0,1271850000.0,4372.1586665094155,36
2001,GE,Georgia,West and Central Asia,Upper middle income,24383648565.0,4014373.0,6074.086430184739,62
2001,AF,Afghanistan,West and Central Asia,Low income,29495629513.0,19688632.0,1498.1045667875758,2
2001,AM,Armenia,West and Central Asia,Upper middle income,16200693305.0,3133133.0,5170.764632398305,5
2001,CY,Cyprus,West and Central Asia,High income,26062393265.0,964830.0,27012.420079184933,41
2001,ID,Indonesia,East Asia,Upper middle income,1356330000000.0,217112437.0,6247.1317568970035,75
2001,IL,Israel,West and Central Asia,High income,209848000000.0,6439000.0,32590.153750582387,77
2001,IN,India,West and Central Asia,Lower middle income,3437210000000.0,1078970907.0,3185.637330627303,78
2001,IQ,Iraq,West and Central Asia,Upper middle income,315719000000.0,25425663.0,12417.335980579935,79
2001,IR,Iran (Islamic Republic of),West and Central Asia,Upper middle income,741846000000.0,66674851.0,11126.324076824709,80
2001,AZ,Azerbaijan,West and Central Asia,Upper middle income,50037872023.0,8111200.0,6168.985109848111,10
2001,BD,Bangladesh,West and Central Asia,Lower middle income,383543000000.0,131670484.0,2912.90035813949,13
2001,BH,Bahrain,West and Central Asia,High income,37880642522.0,730257.0,51873.02897746958,17
2001,BN,Brunei Darussalam,East Asia,High income,33228083768.0,340748.0,97515.12486647023,20
2001,BT,Bhutan,West and Central Asia,Lower middle income,3387237867.0,603234.0,5615.130889505565,24
2002,GE,Georgia,West and Central Asia,Upper middle income,25718415556.0,3978515.0,6464.325396787495,255
2002,IR,Iran (Islamic Republic of),West and Central Asia,Upper middle income,801778000000.0,67327117.0,11908.693491212463,273
2002,IQ,Iraq,West and Central Asia,Upper middle income,289818000000.0,26255343.0,11038.438918889766,272
2002,IN,India,West and Central Asia,Lower middle income,3567960000000.0,1098313039.0,3248.582028351937,271
2002,IL,Israel,West and Central Asia,High income,209567000000.0,6570000.0,31897.564687975646,270
2002,ID,Indonesia,East Asia,Upper middle income,1417360000000.0,220115092.0,6439.176828456633,268
2002,LA,Lao People's Democratic Republic (the),East Asia,Lower middle income,17636276903.0,5606101.0,3145.9078070480714,289
2002,KZ,Kazakhstan,West and Central Asia,Upper middle income,249894000000.0,14858948.0,16817.745105508144,288
2002,KW,Kuwait,West and Central Asia,High income,122257000000.0,2047364.0,59714.34488444654,287
2002,KR,Republic of Korea (the),East Asia,High income,1333320000000.0,47644736.0,27984.623526930656,286
2002,KP,Democratic People's Republic of Korea,East Asia,Low income,,23638411.0,,285
2002,KH,Cambodia,East Asia,Lower middle income,27334632491.0,12561779.0,2176.0160317260797,281
2002,KG,Kyrgyzstan,West and Central Asia,Lower middle income,18767704089.0,4990700.0,3760.535413669425,280
2002,JP,Japan,East Asia,High income,4968810000000.0,127445000.0,38987.87712346503,278
2002,JO,Jordan,West and Central Asia,Lower middle income,48512029251.0,5275532.0,9195.665811713397,277
2002,LK,Sri Lanka,West and Central Asia,Lower middle income,126952000000.0,19110707.0,6642.977677382632,293
2002,LB,Lebanon,West and Central Asia,Lower middle income,53802336972.0,4446666.0,12099.477894674346,290
2002,MY,Malaysia,East Asia,Upper middle income,450930000000.0,24142445.0,18677.892814915806,316
2002,MV,Maldives,West and Central Asia,Upper middle income,3992166629.0,292284.0,13658.51921076761,313
2002,MN,Mongolia,East Asia,Upper middle income,14983104138.0,2494617.0,6006.174149378442,309
2002,MM,Myanmar,East Asia,Lower middle income,76826458557.0,46480230.0,1652.8846470208946,308
2002,QA,Qatar,West and Central Asia,High income,66932704049.0,713186.0,93850.2775559251,337
2002,PK,Pakistan,West and Central Asia,Lower middle income,581673000000.0,163262807.0,3562.801661250379,332
2002,PH,Philippines,East Asia,Lower middle income,403424000000.0,81285572.0,4963.04559436452,331
2002,OM,Oman,West and Central Asia,High income,99688716081.0,2403659.0,41473.73486879795,327
2002,NP,Nepal,West and Central Asia,Lower middle income,60289161279.0,25332178.0,2379.9438516103905,324
2002,SG,Singapore,East Asia,High income,282897000000.0,4175950.0,67744.34559800764,347
2002,SA,Saudi Arabia,West and Central Asia,High income,902208000000.0,22623415.0,39879.39044569531,342
2002,TR,Türkiye,West and Central Asia,Upper middle income,967364000000.0,65988663.0,14659.548413641902,368
2002,TM,Turkmenistan,West and Central Asia,Upper middle income,24509666221.0,4698968.0,5215.9678935885495,365
2002,TL,Timor-Leste,East Asia,Lower middle income,3061805485.0,909639.0,3365.9566982066513,364
2002,TJ,Tajikistan,West and Central Asia,Lower middle income,10417613001.0,6541755.0,1592.4798469218122,363
2002,TH,Thailand,East Asia,Upper middle income,804113000000.0,64222580.0,12520.720905326445,362
2002,SY,Syrian Arab Republic (the),West and Central Asia,Low income,136459000000.0,17164021.0,7950.29323257062,358
2002,YE,Yemen,West and Central Asia,Low income,,19660653.0,,382
2002,VN,Viet Nam,East Asia,Lower middle income,378865000000.0,80642308.0,4698.092222261297,379
2002,UZ,Uzbekistan,West and Central Asia,Lower middle income,91559141842.0,25271850.0,3622.969503301104,376
2002,CY,Cyprus,West and Central Asia,High income,27032689628.0,982194.0,27522.75989061224,234
2002,CN,China,East Asia,Upper middle income,6074730000000.0,1280400000.0,4744.400187441424,229
2002,BT,Bhutan,West and Central Asia,Lower middle income,3740993528.0,619048.0,6043.139672529433,217
2002,BN,Brunei Darussalam,East Asia,High income,34544394076.0,347463.0,99418.91388723404,213
2002,BH,Bahrain,West and Central Asia,High income,39149095032.0,748324.0,52315.701530353166,210
2002,BD,Bangladesh,West and Central Asia,Lower middle income,398244000000.0,134139826.0,2968.8721975828416,206
2002,AZ,Azerbaijan,West and Central Asia,Upper middle income,54760904902.0,8171950.0,6701.081737161877,203
2002,AM,Armenia,West and Central Asia,Upper middle income,18339184821.0,3105037.0,5906.269336243015,198
2002,AF,Afghanistan,West and Central Asia,Low income,37931379899.0,21000256.0,1806.2341668120616,195
2002,AE,United Arab Emirates (the),West and Central Asia,High income,335822000000.0,3633655.0,92419.89126650714,194
2003,GE,Georgia,West and Central Asia,Upper middle income,28562108737.0,3951736.0,7227.73705961127,448
2003,IR,Iran (Islamic Republic of),West and Central Asia,Upper middle income,871046000000.0,67954699.0,12818.03926465777,466
2003,IQ,Iraq,West and Central Asia,Upper middle income,183580000000.0,27068823.0,6781.972012599144,465
2003,IN,India,West and Central Asia,Lower middle income,3848420000000.0,1117415123.0,3444.037869890186,464
2003,IL,Israel,West and Central Asia,High income,212604000000.0,6689700.0,31780.79734517243,463
2003,ID,Indonesia,East Asia,Upper middle income,1485110000000.0,223080121.0,6657.294219416351,461
2003,LB,Lebanon,West and Central Asia,Lower middle income,55538591257.0,4504807.0,12328.739334892705,483
2003,LA,Lao People's Democratic Republic (the),East Asia,Lower middle income,18706270229.0,5689065.0,3288.1097735743924,482
2003,KZ,Kazakhstan,West and Central Asia,Upper middle income,273134000000.0,14909019.0,18320.051775371674,481
2003,KW,Kuwait,West and Central Asia,High income,143439000000.0,2101506.0,68255.33688697535,480
2003,KR,Republic of Korea (the),East Asia,High income,1375280000000.0,47892330.0,28716.080424569027,479
2003,KP,Democratic People's Republic of Korea,East Asia,Low income,,23781707.0,,478
2003,KH,Cambodia,East Asia,Lower middle income,30145638983.0,12787710.0,2357.3915097386475,474
2003,KG,Kyrgyzstan,West and Central Asia,Lower middle income,20087128713.0,5043300.0,3982.9335381595383,473
2003,JP,Japan,East Asia,High income,5045090000000.0,127718000.0,39501.79301273117,471
2003,JO,Jordan,West and Central Asia,Lower middle income,50530938633.0,5396117.0,9364.314864373771,470
2003,LK,Sri Lanka,West and Central Asia,Lower middle income,134493000000.0,19303180.0,6967.40122611922,486
2003,MY,Malaysia,East Asia,Upper middle income,477032000000.0,24739411.0,19282.26989720976,509
2003,MV,Maldives,West and Central Asia,Upper middle income,4541091523.0,297226.0,15278.244578199754,506
2003,MN,Mongolia,East Asia,Upper middle income,16032615830.0,2516454.0,6371.11420673694,502
2003,MM,Myanmar,East Asia,Lower middle income,87462311090.0,46924293.0,1863.902586449198,501
2003,QA,Qatar,West and Central Asia,High income,69422572981.0,748525.0,92745.8307751912,530
2003,PK,Pakistan,West and Central Asia,Lower middle income,613091000000.0,166876680.0,3673.9165712069534,525
2003,PH,Philippines,East Asia,Lower middle income,423946000000.0,82942837.0,5111.303342565917,524
2003,OM,Oman,West and Central Asia,High income,97500882043.0,2431600.0,40097.41817856555,520
2003,NP,Nepal,West and Central Asia,Lower middle income,62667591457.0,25682908.0,2440.050459122464,517
2003,SG,Singapore,East Asia,High income,295764000000.0,4114826.0,71877.64440100262,540
2003,SA,Saudi Arabia,West and Central Asia,High income,981320000000.0,23150847.0,42388.08195656945,535
2003,TR,Türkiye,West and Central Asia,Upper middle income,1023120000000.0,66867327.0,15300.746207486356,561
2003,TM,Turkmenistan,West and Central Asia,Upper middle income,25310845190.0,4758988.0,5318.535199080141,558
2003,TL,Timor-Leste,East Asia,Lower middle income,2994988802.0,926721.0,3231.8128131336184,557
2003,TJ,Tajikistan,West and Central Asia,Lower middle income,11563550335.0,6672492.0,1733.018238912838,556
2003,TH,Thailand,East Asia,Upper middle income,861923000000.0,64776956.0,13306.01271229849,555
2003,SY,Syrian Arab Republic (the),West and Central Asia,Low income,146291000000.0,17611356.0,8306.628972805955,551
2003,BT,Bhutan,West and Central Asia,Lower middle income,4032288249.0,634627.0,6353.792462344022,410
2003,BN,Brunei Darussalam,East Asia,High income,35782267886.0,354045.0,101067.00528463896,406
2003,BH,Bahrain,West and Central Asia,High income,41614094816.0,778256.0,53470.95919080611,403
2003,YE,Yemen,West and Central Asia,Low income,,20188799.0,,575
2003,VN,Viet Nam,East Asia,Lower middle income,405003000000.0,81475825.0,4970.836441361594,572
2003,UZ,Uzbekistan,West and Central Asia,Lower middle income,95434499149.0,25567650.0,3732.6269386901026,569
2003,CY,Cyprus,West and Central Asia,High income,27741838073.0,1000350.0,27732.131826860597,427
2003,CN,China,East Asia,Upper middle income,6689380000000.0,1288400000.0,5192.005588326607,422
2003,BD,Bangladesh,West and Central Asia,Lower middle income,417119000000.0,136503206.0,3055.7450789837126,399
2003,AZ,Azerbaijan,West and Central Asia,Upper middle income,60351062364.0,8234100.0,7329.406050934528,396
2003,AM,Armenia,West and Central Asia,Upper middle income,20906670696.0,3084102.0,6778.851897894428,391
2003,AF,Afghanistan,West and Central Asia,Low income,41281584746.0,22645130.0,1822.9784834973348,388
2003,AE,United Arab Emirates (the),West and Central Asia,High income,365376000000.0,3813443.0,95812.62916477314,387
2004,BH,Bahrain,West and Central Asia,High income,44519158861.0,833451.0,53415.44837188989,596
2004,BN,Brunei Darussalam,East Asia,High income,35819674111.0,360461.0,99371.84358640741,599
2004,BT,Bhutan,West and Central Asia,Lower middle income,4240243732.0,649991.0,6523.542221353834,603
2004,CN,China,East Asia,Upper middle income,7367110000000.0,1296075000.0,5684.169511795228,615
2004,CY,Cyprus,West and Central Asia,High income,29136218386.0,1018684.0,28601.821944783664,620
2004,IQ,Iraq,West and Central Asia,Upper middle income,281586000000.0,27858948.0,10107.560414700512,658
2004,IR,Iran (Islamic Republic of),West and Central Asia,Upper middle income,908821000000.0,69061674.0,13159.556485700014,659
2004,GE,Georgia,West and Central Asia,Upper middle income,30216621133.0,3927340.0,7693.915253835929,641
2004,KZ,Kazakhstan,West and Central Asia,Upper middle income,299355000000.0,15012984.0,19939.74016091671,674
2004,LA,Lao People's Democratic Republic (the),East Asia,Lower middle income,19895557925.0,5768167.0,3449.199360039333,675
2004,ID,Indonesia,East Asia,Upper middle income,1559830000000.0,225938595.0,6903.778435906446,654
2004,IL,Israel,West and Central Asia,High income,222485000000.0,6809000.0,32675.135849610808,656
2004,IN,India,West and Central Asia,Lower middle income,4153330000000.0,1136264583.0,3655.24901694485,657
2004,JO,Jordan,West and Central Asia,Lower middle income,54860032404.0,5532423.0,9916.095064314497,663
2004,JP,Japan,East Asia,High income,5155380000000.0,127761000.0,40351.750534200575,664
2004,KG,Kyrgyzstan,West and Central Asia,Lower middle income,21498613569.0,5104700.0,4211.5332084157735,666
2004,KH,Cambodia,East Asia,Lower middle income,32996721517.0,13016371.0,2535.016981077137,667
2004,KP,Democratic People's Republic of Korea,East Asia,Low income,,23948930.0,,671
2004,KR,Republic of Korea (the),East Asia,High income,1446760000000.0,48082519.0,30089.105772515788,672
2004,KW,Kuwait,West and Central Asia,High income,158127000000.0,2153481.0,73428.55590553155,673
2004,LB,Lebanon,West and Central Asia,Lower middle income,59248260701.0,4574797.0,12951.014154507839,676
2004,LK,Sri Lanka,West and Central Asia,Lower middle income,141817000000.0,19490431.0,7276.237246882843,679
2004,QA,Qatar,West and Central Asia,High income,82764838509.0,777943.0,106389.33509138845,723
2004,MM,Myanmar,East Asia,Lower middle income,99326277632.0,47338446.0,2098.2158483191442,694
2004,MN,Mongolia,East Asia,Upper middle income,17736146348.0,2537949.0,6988.377760151997,695
2004,MV,Maldives,West and Central Asia,Upper middle income,4810146318.0,302135.0,15920.520025816275,699
2004,MY,Malaysia,East Asia,Upper middle income,509391000000.0,25333247.0,20107.60799829568,702
2004,NP,Nepal,West and Central Asia,Lower middle income,65602066132.0,26003965.0,2522.771667013088,710
2004,OM,Oman,West and Central Asia,High income,99443601850.0,2468855.0,40279.239505762795,713
2004,PH,Philippines,East Asia,Lower middle income,451796000000.0,84607501.0,5339.9047916567115,717
2004,PK,Pakistan,West and Central Asia,Lower middle income,661103000000.0,170648620.0,3874.0600422083694,718
2004,TR,Türkiye,West and Central Asia,Upper middle income,1123340000000.0,67785075.0,16572.084636625394,754
2004,SA,Saudi Arabia,West and Central Asia,High income,1066020000000.0,23661808.0,45052.34764815943,728
2004,SG,Singapore,East Asia,High income,325162000000.0,4166664.0,78038.92994491516,733
2004,SY,Syrian Arab Republic (the),West and Central Asia,Low income,156389000000.0,18084007.0,8647.917466521661,744
2004,TH,Thailand,East Asia,Upper middle income,916132000000.0,65311166.0,14027.18793904246,748
2004,TJ,Tajikistan,West and Central Asia,Lower middle income,12754595897.0,6801204.0,1875.3438210352167,749
2004,TL,Timor-Leste,East Asia,Lower middle income,3006968876.0,945989.0,3178.6509948847183,750
2004,TM,Turkmenistan,West and Central Asia,Upper middle income,26576490576.0,4819792.0,5514.032675268974,751
2004,UZ,Uzbekistan,West and Central Asia,Lower middle income,102543000000.0,25864350.0,3964.646318194735,762
2004,VN,Viet Nam,East Asia,Lower middle income,435525000000.0,82311227.0,5291.198003888339,765
2004,YE,Yemen,West and Central Asia,Low income,,20733406.0,,768
2004,AE,United Arab Emirates (the),West and Central Asia,High income,400330000000.0,3993339.0,100249.44038059379,580
2004,AF,Afghanistan,West and Central Asia,Low income,41865355064.0,23553551.0,1777.454068985182,581
2004,AM,Armenia,West and Central Asia,Upper middle income,23101871119.0,3065745.0,7535.483583598766,584
2004,AZ,Azerbaijan,West and Central Asia,Upper middle income,65935829773.0,8306500.0,7937.859480286523,589
2004,BD,Bangladesh,West and Central Asia,Lower middle income,438974000000.0,138789725.0,3162.871026655612,592
2005,CN,China,East Asia,Upper middle income,8211250000000.0,1303720000.0,6298.323259595619,808
2005,GE,Georgia,West and Central Asia,Upper middle income,33114739064.0,3902469.0,8485.58670523712,834
2005,JO,Jordan,West and Central Asia,Lower middle income,59329256957.0,5678534.0,10447.988328853891,856
2005,IR,Iran (Islamic Republic of),West and Central Asia,Upper middle income,937810000000.0,70182594.0,13362.430006505601,852
2005,IQ,Iraq,West and Central Asia,Upper middle income,286303000000.0,28698684.0,9976.17172968628,851
2005,IN,India,West and Central Asia,Lower middle income,4482410000000.0,1154638713.0,3882.0887863301705,850
2005,IL,Israel,West and Central Asia,High income,232248000000.0,6930100.0,33512.9363212652,849
2005,ID,Indonesia,East Asia,Upper middle income,1648620000000.0,228805144.0,7205.344998712092,847
2005,LK,Sri Lanka,West and Central Asia,Lower middle income,150669000000.0,19673866.0,7658.332124453831,872
2005,LB,Lebanon,West and Central Asia,Lower middle income,60839538229.0,4643044.0,13103.373181257813,869
2005,LA,Lao People's Democratic Republic (the),East Asia,Lower middle income,21309648307.0,5852970.0,3640.826504663444,868
2005,KZ,Kazakhstan,West and Central Asia,Upper middle income,328393000000.0,15147029.0,21680.3572502568,867
2005,KW,Kuwait,West and Central Asia,High income,174903000000.0,2235403.0,78242.26772532737,866
2005,KR,Republic of Korea (the),East Asia,High income,1509100000000.0,48184561.0,31319.16050869489,865
2005,KP,Democratic People's Republic of Korea,East Asia,Low income,,24100982.0,,864
2005,KH,Cambodia,East Asia,Lower middle income,37386385535.0,13246583.0,2822.341847327722,860
2005,KG,Kyrgyzstan,West and Central Asia,Lower middle income,21460880191.0,5162600.0,4156.990700615968,859
2005,JP,Japan,East Asia,High income,5248380000000.0,127773000.0,41075.81413913738,857
2005,MN,Mongolia,East Asia,Upper middle income,19022667066.0,2559255.0,7432.8924104866455,888
2005,MM,Myanmar,East Asia,Lower middle income,112804000000.0,47724471.0,2363.6511340272373,887
2005,NP,Nepal,West and Central Asia,Lower middle income,67884480784.0,26285110.0,2582.6211411707995,903
2005,MY,Malaysia,East Asia,Upper middle income,536553000000.0,25923536.0,20697.523671153504,895
2005,MV,Maldives,West and Central Asia,Upper middle income,4272501363.0,307018.0,13916.126621240448,892
2005,QA,Qatar,West and Central Asia,High income,88966207967.0,848710.0,104825.21469877815,916
2005,PK,Pakistan,West and Central Asia,Lower middle income,709209000000.0,174372098.0,4067.2160749020754,911
2005,PH,Philippines,East Asia,Lower middle income,474126000000.0,86261250.0,5496.396122244924,910
2005,OM,Oman,West and Central Asia,High income,102208000000.0,2515192.0,40636.26156571745,906
2005,SG,Singapore,East Asia,High income,349115000000.0,4265762.0,81841.18101291165,926
2005,SA,Saudi Arabia,West and Central Asia,High income,1129390000000.0,24397644.0,46290.94514208011,921
2005,TR,Türkiye,West and Central Asia,Upper middle income,1224350000000.0,68704715.0,17820.465451315824,947
2005,TM,Turkmenistan,West and Central Asia,Upper middle income,30040479625.0,4885775.0,6148.559773014516,944
2005,TL,Timor-Leste,East Asia,Lower middle income,3096714257.0,969313.0,3194.7515993285965,943
2005,TJ,Tajikistan,West and Central Asia,Lower middle income,13609153633.0,6929145.0,1964.0451503035367,942
2005,TH,Thailand,East Asia,Upper middle income,954497000000.0,65821360.0,14501.326013318472,941
2005,SY,Syrian Arab Republic (the),West and Central Asia,Low income,166109000000.0,18583557.0,8938.493314277777,937
2005,BT,Bhutan,West and Central Asia,Lower middle income,4534307665.0,663323.0,6835.746182478219,796
2005,YE,Yemen,West and Central Asia,Low income,,21320671.0,,961
2005,VN,Viet Nam,East Asia,Lower middle income,468396000000.0,83142095.0,5633.680508050706,958
2005,UZ,Uzbekistan,West and Central Asia,Lower middle income,109670000000.0,26167000.0,4191.156800550311,955
2005,BN,Brunei Darussalam,East Asia,High income,35818268121.0,366717.0,97672.77797593239,792
2005,BH,Bahrain,West and Central Asia,High income,47532659557.0,901921.0,52701.57758495478,789
2005,CY,Cyprus,West and Central Asia,High income,30550195458.0,1037062.0,29458.40794282309,813
2005,BD,Bangladesh,West and Central Asia,Lower middle income,467666000000.0,140912590.0,3318.837585768596,785
2005,AZ,Azerbaijan,West and Central Asia,Upper middle income,84372501916.0,8391850.0,10054.100337351121,782
2005,AM,Armenia,West and Central Asia,Upper middle income,26313031204.0,3047246.0,8635.020344271516,777
2005,AF,Afghanistan,West and Central Asia,Low income,46566715049.0,24411191.0,1907.5970135582488,774
2005,AE,United Arab Emirates (the),West and Central Asia,High income,419766000000.0,4280993.0,98053.41891472376,773
2006,BN,Brunei Darussalam,East Asia,High income,37286248538.0,372808.0,100014.61486341494,985
2006,BT,Bhutan,West and Central Asia,Lower middle income,4790079125.0,673260.0,7114.753772688115,989
2006,CN,China,East Asia,Upper middle income,9252000000000.0,1311020000.0,7057.100578175771,1001
2006,CY,Cyprus,West and Central Asia,High income,31990265557.0,1055438.0,30309.942940276927,1006
2006,GE,Georgia,West and Central Asia,Upper middle income,36234637851.0,3880347.0,9337.989064122357,1027
2006,ID,Indonesia,East Asia,Upper middle income,1739310000000.0,231797427.0,7503.577682076687,1040
2006,IL,Israel,West and Central Asia,High income,245257000000.0,7053700.0,34769.978876334404,1042
2006,IN,India,West and Central Asia,Lower middle income,4843730000000.0,1172373788.0,4131.557741719145,1043
2006,IQ,Iraq,West and Central Asia,Upper middle income,302445000000.0,28905607.0,10463.194908863183,1044
2006,IR,Iran (Islamic Republic of),West and Central Asia,Upper middle income,984699000000.0,71275760.0,13815.341990039811,1045
2006,MM,Myanmar,East Asia,Lower middle income,127554000000.0,48088274.0,2652.496947592671,1080
2006,JO,Jordan,West and Central Asia,Lower middle income,64130759056.0,6075548.0,10555.551376764697,1049
2006,JP,Japan,East Asia,High income,5320410000000.0,127854000.0,41613.1681449153,1050
2006,KG,Kyrgyzstan,West and Central Asia,Lower middle income,22126789572.0,5218400.0,4240.148239307067,1052
2006,KH,Cambodia,East Asia,Lower middle income,41477712321.0,13477779.0,3077.48868125824,1053
2006,KP,Democratic People's Republic of Korea,East Asia,Low income,,24235761.0,,1057
2006,KR,Republic of Korea (the),East Asia,High income,1588540000000.0,48438292.0,32795.12828404437,1058
2006,KW,Kuwait,West and Central Asia,High income,188047000000.0,2363409.0,79565.9997909799,1059
2006,KZ,Kazakhstan,West and Central Asia,Upper middle income,363531000000.0,15308085.0,23747.64707669183,1060
2006,LA,Lao People's Democratic Republic (the),East Asia,Lower middle income,23146383623.0,5946593.0,3892.37730293632,1061
2006,LB,Lebanon,West and Central Asia,Lower middle income,61782256000.0,4719864.0,13089.83818177812,1062
2006,NP,Nepal,West and Central Asia,Lower middle income,70168532059.0,26518971.0,2645.974915806499,1096
2006,LK,Sri Lanka,West and Central Asia,Lower middle income,162222000000.0,19870706.0,8163.877015743678,1065
2006,MN,Mongolia,East Asia,Upper middle income,20650291129.0,2581242.0,8000.137580668531,1081
2006,MV,Maldives,West and Central Asia,Upper middle income,5282105061.0,314401.0,16800.535179595485,1085
2006,MY,Malaysia,East Asia,Upper middle income,566518000000.0,26509413.0,21370.446791862196,1088
2006,OM,Oman,West and Central Asia,High income,106980000000.0,2560649.0,41778.47100481167,1099
2006,PH,Philippines,East Asia,Lower middle income,499332000000.0,87901835.0,5680.564006428307,1103
2006,PK,Pakistan,West and Central Asia,Lower middle income,752128000000.0,178069984.0,4223.777545799072,1104
2006,QA,Qatar,West and Central Asia,High income,112249000000.0,1015060.0,110583.61082103521,1109
2006,SA,Saudi Arabia,West and Central Asia,High income,1166810000000.0,25382870.0,45968.40310020104,1114
2006,SG,Singapore,East Asia,High income,380559000000.0,4401365.0,86463.85837120983,1119
2006,SY,Syrian Arab Republic (the),West and Central Asia,Low income,174491000000.0,19432009.0,8979.565622885415,1130
2006,TH,Thailand,East Asia,Upper middle income,1001910000000.0,66319525.0,15107.315681166294,1134
2006,TJ,Tajikistan,West and Central Asia,Lower middle income,14561794824.0,7057417.0,2063.3320695092834,1135
2006,TL,Timor-Leste,East Asia,Lower middle income,2969250628.0,994564.0,2985.47969562542,1136
2006,TM,Turkmenistan,West and Central Asia,Upper middle income,33336914076.0,4954029.0,6729.252912326512,1137
2006,TR,Türkiye,West and Central Asia,Upper middle income,1309420000000.0,69601333.0,18813.145432142803,1140
2006,UZ,Uzbekistan,West and Central Asia,Lower middle income,117842000000.0,26488250.0,4448.840523628402,1148
2006,VN,Viet Nam,East Asia,Lower middle income,501080000000.0,83951800.0,5968.662970895204,1151
2006,YE,Yemen,West and Central Asia,Low income,,21966298.0,,1154
2006,AM,Armenia,West and Central Asia,Upper middle income,29786351323.0,3026486.0,9841.89298182777,970
2006,AZ,Azerbaijan,West and Central Asia,Upper middle income,113453000000.0,8484550.0,13371.71682646693,975
2006,BD,Bangladesh,West and Central Asia,Lower middle income,498868000000.0,142628831.0,3497.665910197357,978
2006,BH,Bahrain,West and Central Asia,High income,50606596423.0,970981.0,52119.03881023419,982
2006,AE,United Arab Emirates (the),West and Central Asia,High income,461060000000.0,4898954.0,94113.96800214903,966
2006,AF,Afghanistan,West and Central Asia,Low income,49061481754.0,25442944.0,1928.2942160309751,967
2007,BN,Brunei Darussalam,East Asia,High income,35882934535.0,378748.0,94740.92149661516,1178
2007,BT,Bhutan,West and Central Asia,Lower middle income,5561511005.0,681614.0,8159.326253568735,1182
2007,GE,Georgia,West and Central Asia,Upper middle income,40791350035.0,3860158.0,10567.274716475336,1220
2007,CN,China,East Asia,Upper middle income,10561200000000.0,1317885000.0,8013.749302860265,1194
2007,CY,Cyprus,West and Central Asia,High income,33621201641.0,1073873.0,31308.359220317485,1199
2007,IN,India,West and Central Asia,Lower middle income,5214800000000.0,1189691809.0,4383.320083865518,1236
2007,IQ,Iraq,West and Central Asia,Upper middle income,308157000000.0,28660887.0,10751.830534763281,1237
2007,IR,Iran (Islamic Republic of),West and Central Asia,Upper middle income,1065010000000.0,72319418.0,14726.473600769299,1238
2007,KW,Kuwait,West and Central Asia,High income,199314000000.0,2506769.0,79510.31786335318,1252
2007,KZ,Kazakhstan,West and Central Asia,Upper middle income,395885000000.0,15484192.0,25567.042826645393,1253
2007,LA,Lao People's Democratic Republic (the),East Asia,Lower middle income,24904774760.0,6041348.0,4122.387050042474,1254
2007,LB,Lebanon,West and Central Asia,Lower middle income,67534568644.0,4809608.0,14041.595207759136,1255
2007,ID,Indonesia,East Asia,Upper middle income,1849670000000.0,234858289.0,7875.685409596082,1233
2007,IL,Israel,West and Central Asia,High income,260766000000.0,7180100.0,36317.87858107826,1235
2007,JO,Jordan,West and Central Asia,Lower middle income,69374198907.0,6473457.0,10716.715799147194,1242
2007,JP,Japan,East Asia,High income,5399360000000.0,128001000.0,42182.17045179335,1243
2007,KG,Kyrgyzstan,West and Central Asia,Lower middle income,24017053497.0,5268400.0,4558.699699529268,1245
2007,KH,Cambodia,East Asia,Lower middle income,45790754858.0,13714791.0,3338.7861949919616,1246
2007,KP,Democratic People's Republic of Korea,East Asia,Low income,,24356506.0,,1250
2007,KR,Republic of Korea (the),East Asia,High income,1680670000000.0,48683638.0,34522.276252239,1251
2007,LK,Sri Lanka,West and Central Asia,Lower middle income,173248000000.0,20078655.0,8628.466398770237,1258
2007,QA,Qatar,West and Central Asia,High income,132438000000.0,1231893.0,107507.71373812498,1302
2007,MM,Myanmar,East Asia,Lower middle income,142850000000.0,48445647.0,2948.6653362272154,1273
2007,MN,Mongolia,East Asia,Upper middle income,22766536342.0,2605643.0,8737.396620335172,1274
2007,MV,Maldives,West and Central Asia,Upper middle income,5658897699.0,325126.0,17405.245040384343,1278
2007,MY,Malaysia,East Asia,Upper middle income,602202000000.0,27092604.0,22227.54224732329,1281
2007,NP,Nepal,West and Central Asia,Lower middle income,72562373827.0,26713655.0,2716.3027233450457,1289
2007,OM,Oman,West and Central Asia,High income,112309000000.0,2605700.0,43101.27796753272,1292
2007,PH,Philippines,East Asia,Lower middle income,531885000000.0,89561377.0,5938.7764884409935,1296
2007,PK,Pakistan,West and Central Asia,Lower middle income,785558000000.0,181924521.0,4318.043525314545,1297
2007,TR,Türkiye,West and Central Asia,Upper middle income,1375460000000.0,70468869.0,19518.68987708601,1333
2007,SA,Saudi Arabia,West and Central Asia,High income,1192640000000.0,26400068.0,45175.64121425748,1307
2007,SG,Singapore,East Asia,High income,414891000000.0,4588599.0,90417.79418946829,1312
2007,SY,Syrian Arab Republic (the),West and Central Asia,Low income,184392000000.0,20703005.0,8906.533133716579,1323
2007,TH,Thailand,East Asia,Upper middle income,1056370000000.0,66826754.0,15807.591073479343,1327
2007,TJ,Tajikistan,West and Central Asia,Lower middle income,15697614838.0,7188391.0,2183.7452690038704,1328
2007,TL,Timor-Leste,East Asia,Lower middle income,3274055739.0,1019362.0,3211.8675593165135,1329
2007,TM,Turkmenistan,West and Central Asia,Upper middle income,37023743238.0,5024894.0,7368.06452792835,1330
2007,UZ,Uzbekistan,West and Central Asia,Lower middle income,129005000000.0,26868000.0,4801.436653267828,1341
2007,VN,Viet Nam,East Asia,Lower middle income,536804000000.0,84762269.0,6333.053684535038,1344
2007,YE,Yemen,West and Central Asia,Low income,,22641538.0,,1347
2007,AM,Armenia,West and Central Asia,Upper middle income,33867081455.0,3004393.0,11272.520424258744,1163
2007,AZ,Azerbaijan,West and Central Asia,Upper middle income,142341000000.0,8581300.0,16587.34690548052,1168
2007,BD,Bangladesh,West and Central Asia,Lower middle income,534081000000.0,144135934.0,3705.3979890954884,1171
2007,BH,Bahrain,West and Central Asia,High income,54803887940.0,1040532.0,52669.1038238132,1175
2007,AE,United Arab Emirates (the),West and Central Asia,High income,475742000000.0,5872624.0,81010.12426472391,1159
2007,AF,Afghanistan,West and Central Asia,Low income,55844878996.0,25903301.0,2155.898161242075,1160
2008,AZ,Azerbaijan,West and Central Asia,Upper middle income,157417000000.0,8763400.0,17963.005226282035,1361
2008,AM,Armenia,West and Central Asia,Upper middle income,36203910075.0,2983421.0,12135.032258269952,1356
2008,AF,Afghanistan,West and Central Asia,Low income,58036781460.0,26427199.0,2196.1003684121047,1353
2008,GE,Georgia,West and Central Asia,Upper middle income,41779159245.0,3848449.0,10856.103132716582,1413
2008,BT,Bhutan,West and Central Asia,Lower middle income,5813416798.0,689737.0,8428.454320994813,1375
2008,BN,Brunei Darussalam,East Asia,High income,34483245025.0,384568.0,89667.484099041,1371
2008,IQ,Iraq,West and Central Asia,Upper middle income,333513000000.0,29218381.0,11414.492815327447,1430
2008,IN,India,West and Central Asia,Lower middle income,5375760000000.0,1206734806.0,4454.798165488565,1429
2008,IL,Israel,West and Central Asia,High income,269168000000.0,7308800.0,36827.93345008756,1428
2008,CY,Cyprus,West and Central Asia,High income,34847363241.0,1092390.0,31900.11190234257,1392
2008,CN,China,East Asia,Upper middle income,11582400000000.0,1324655000.0,8743.710626540495,1387
2008,KZ,Kazakhstan,West and Central Asia,Upper middle income,408949000000.0,15776938.0,25920.68245435204,1446
2008,KW,Kuwait,West and Central Asia,High income,204256000000.0,2650930.0,77050.69541632559,1445
2008,KR,Republic of Korea (the),East Asia,High income,1731310000000.0,49054708.0,35293.45236343064,1444
2008,IR,Iran (Islamic Republic of),West and Central Asia,Upper middle income,1067680000000.0,73318394.0,14562.239320190238,1431
2008,ID,Indonesia,East Asia,Upper middle income,1960900000000.0,237936543.0,8241.272968314077,1426
2008,LB,Lebanon,West and Central Asia,Lower middle income,73659365300.0,4887613.0,15070.621446501595,1448
2008,LA,Lao People's Democratic Republic (the),East Asia,Lower middle income,26853549169.0,6135861.0,4376.492422008908,1447
2008,KP,Democratic People's Republic of Korea,East Asia,Low income,,24469047.0,,1443
2008,KH,Cambodia,East Asia,Lower middle income,49214239315.0,13943888.0,3529.4488391616455,1439
2008,KG,Kyrgyzstan,West and Central Asia,Lower middle income,26034874118.0,5318700.0,4894.969469607235,1438
2008,JP,Japan,East Asia,High income,5333260000000.0,128063000.0,41645.59630806712,1436
2008,JO,Jordan,West and Central Asia,Lower middle income,74383284112.0,6632873.0,11214.338660185413,1435
2008,LK,Sri Lanka,West and Central Asia,Lower middle income,183557000000.0,20285643.0,9048.61630464462,1451
2008,MY,Malaysia,East Asia,Upper middle income,631299000000.0,27664296.0,22819.99151541756,1474
2008,MV,Maldives,West and Central Asia,Upper middle income,6166866082.0,336883.0,18305.661259250242,1471
2008,MN,Mongolia,East Asia,Upper middle income,24792841843.0,2633887.0,9413.024113411091,1467
2008,MM,Myanmar,East Asia,Lower middle income,157499000000.0,48729486.0,3232.108789327267,1466
2008,QA,Qatar,West and Central Asia,High income,155831000000.0,1444277.0,107895.50757922477,1495
2008,TR,Türkiye,West and Central Asia,Upper middle income,1386670000000.0,71320726.0,19442.735341757456,1526
2008,PK,Pakistan,West and Central Asia,Lower middle income,802216000000.0,185931955.0,4314.567659980771,1490
2008,PH,Philippines,East Asia,Lower middle income,554993000000.0,91252326.0,6081.960036832376,1489
2008,OM,Oman,West and Central Asia,High income,122361000000.0,2651028.0,46156.057197434355,1485
2008,NP,Nepal,West and Central Asia,Lower middle income,76992044904.0,26881544.0,2864.1228682400088,1482
2008,YE,Yemen,West and Central Asia,Low income,,23329004.0,,1540
2008,SG,Singapore,East Asia,High income,422622000000.0,4839396.0,87329.49318468668,1505
2008,SA,Saudi Arabia,West and Central Asia,High income,1267040000000.0,27437353.0,46179.38180844195,1500
2008,VN,Viet Nam,East Asia,Lower middle income,567197000000.0,85597241.0,6626.346753395942,1537
2008,UZ,Uzbekistan,West and Central Asia,Lower middle income,140653000000.0,27302800.0,5151.596173286256,1534
2008,TM,Turkmenistan,West and Central Asia,Upper middle income,42466233494.0,5100083.0,8326.576938845898,1523
2008,TL,Timor-Leste,East Asia,Lower middle income,3647128000.0,1043076.0,3496.512238801391,1522
2008,TJ,Tajikistan,West and Central Asia,Lower middle income,16937726138.0,7324627.0,2312.4353141805036,1521
2008,TH,Thailand,East Asia,Upper middle income,1074600000000.0,67328239.0,15960.613495326976,1520
2008,SY,Syrian Arab Republic (the),West and Central Asia,Low income,192647000000.0,21474059.0,8971.149795201736,1516
2008,BH,Bahrain,West and Central Asia,High income,58226396743.0,1110343.0,52440.00884681581,1368
2008,BD,Bangladesh,West and Central Asia,Lower middle income,566199000000.0,145421318.0,3893.5075529985224,1364
2008,AE,United Arab Emirates (the),West and Central Asia,High income,490927000000.0,6988685.0,70245.97617434467,1352
2009,SY,Syrian Arab Republic (the),West and Central Asia,Low income,204036000000.0,21827220.0,9347.777683094779,1709
2009,TH,Thailand,East Asia,Upper middle income,1067180000000.0,67813654.0,15736.948786154482,1713
2009,TJ,Tajikistan,West and Central Asia,Lower middle income,17598297652.0,7468596.0,2356.3060114645377,1714
2009,UZ,Uzbekistan,West and Central Asia,Lower middle income,151977000000.0,27767400.0,5473.216793794161,1727
2009,VN,Viet Nam,East Asia,Lower middle income,597814000000.0,86482923.0,6912.509189820053,1730
2009,BD,Bangladesh,West and Central Asia,Lower middle income,594765000000.0,146706810.0,4054.1062817738316,1557
2009,GE,Georgia,West and Central Asia,Upper middle income,40253905630.0,3814419.0,10553.089639601732,1606
2009,AE,United Arab Emirates (the),West and Central Asia,High income,465188000000.0,7992644.0,58202.016754405675,1545
2009,AF,Afghanistan,West and Central Asia,Low income,70451155677.0,27385307.0,2572.589588898894,1546
2009,AM,Armenia,West and Central Asia,Upper middle income,31099158754.0,2964296.0,10491.246067869066,1549
2009,AZ,Azerbaijan,West and Central Asia,Upper middle income,172166000000.0,8947243.0,19242.352085441293,1554
2009,IN,India,West and Central Asia,Lower middle income,5798400000000.0,1223640160.0,4738.648002530417,1622
2009,BH,Bahrain,West and Central Asia,High income,59705280669.0,1179453.0,50621.16139345951,1561
2009,BN,Brunei Darussalam,East Asia,High income,33827975829.0,390311.0,86669.28636138875,1564
2009,BT,Bhutan,West and Central Asia,Lower middle income,6259160088.0,697678.0,8971.416739527403,1568
2009,KW,Kuwait,West and Central Asia,High income,189803000000.0,2795550.0,67894.6897748207,1638
2009,CN,China,East Asia,Upper middle income,12671500000000.0,1331260000.0,9518.426152667398,1580
2009,CY,Cyprus,West and Central Asia,High income,34145160284.0,1110974.0,30734.436885111623,1585
2009,IL,Israel,West and Central Asia,High income,272500000000.0,7485600.0,36403.2275301913,1621
2009,IQ,Iraq,West and Central Asia,Upper middle income,344783000000.0,30289040.0,11383.094346998123,1623
2009,IR,Iran (Islamic Republic of),West and Central Asia,Upper middle income,1078440000000.0,74322685.0,14510.240043130842,1624
2009,KP,Democratic People's Republic of Korea,East Asia,Low income,,24581509.0,,1636
2009,KR,Republic of Korea (the),East Asia,High income,1745030000000.0,49307835.0,35390.521607772884,1637
2009,KZ,Kazakhstan,West and Central Asia,Upper middle income,413857000000.0,16092822.0,25716.86929737991,1639
2009,LA,Lao People's Democratic Republic (the),East Asia,Lower middle income,28868041983.0,6229930.0,4633.766668806873,1640
2009,ID,Indonesia,East Asia,Upper middle income,2051670000000.0,240981299.0,8513.81417775493,1619
2009,JO,Jordan,West and Central Asia,Lower middle income,78120084648.0,6780493.0,11521.298620616524,1628
2009,JP,Japan,East Asia,High income,5029620000000.0,128047000.0,39279.483314720375,1629
2009,KG,Kyrgyzstan,West and Central Asia,Lower middle income,26786317277.0,5383300.0,4975.81730109784,1631
2009,KH,Cambodia,East Asia,Lower middle income,51219610561.0,14155740.0,3618.292689820525,1632
2009,LB,Lebanon,West and Central Asia,Lower middle income,81196306155.0,4951135.0,16399.533875565907,1641
2009,LK,Sri Lanka,West and Central Asia,Lower middle income,190053000000.0,20482477.0,9278.80939400054,1644
2009,QA,Qatar,West and Central Asia,High income,174463000000.0,1610274.0,108343.6731885381,1688
2009,MM,Myanmar,East Asia,Lower middle income,174116000000.0,49015836.0,3552.2397292173086,1659
2009,MN,Mongolia,East Asia,Upper middle income,24478320115.0,2666713.0,9179.210554341618,1660
2009,MV,Maldives,West and Central Asia,Upper middle income,5652506359.0,349037.0,16194.576388749616,1664
2009,MY,Malaysia,East Asia,Upper middle income,621744000000.0,28217204.0,22034.217139302677,1667
2009,NP,Nepal,West and Central Asia,Lower middle income,80482154911.0,27026941.0,2977.849210201036,1675
2009,OM,Oman,West and Central Asia,High income,129680000000.0,2697537.0,48073.48332942236,1678
2009,PH,Philippines,East Asia,Lower middle income,563031000000.0,92946951.0,6057.552119165264,1682
2009,PK,Pakistan,West and Central Asia,Lower middle income,830073000000.0,190123222.0,4365.973768317475,1683
2009,TM,Turkmenistan,West and Central Asia,Upper middle income,45056673786.0,5180957.0,8696.592885445682,1716
2009,TL,Timor-Leste,East Asia,Lower middle income,4017200416.0,1065540.0,3770.1075661167106,1715
2009,TR,Türkiye,West and Central Asia,Upper middle income,1319790000000.0,72225639.0,18273.15089590277,1719
2009,SA,Saudi Arabia,West and Central Asia,High income,1253520000000.0,28483797.0,44008.17770187029,1693
2009,SG,Singapore,East Asia,High income,423163000000.0,4987573.0,84843.46996023918,1698
2009,YE,Yemen,West and Central Asia,Low income,,24029589.0,,1733
2010,BT,Bhutan,West and Central Asia,Lower middle income,7005995173.0,705516.0,9930.313661206834,1761
2010,GE,Georgia,West and Central Asia,Upper middle income,42768329074.0,3786695.0,11294.368591608249,1799
2010,KH,Cambodia,East Asia,Lower middle income,53819988410.0,14363532.0,3746.988443371728,1825
2010,KG,Kyrgyzstan,West and Central Asia,Lower middle income,26660001953.0,5447900.0,4893.629096165495,1824
2010,JP,Japan,East Asia,High income,5235730000000.0,128070000.0,40881.78339970329,1822
2010,JO,Jordan,West and Central Asia,Lower middle income,79928435101.0,6931258.0,11531.591393798932,1821
2010,IR,Iran (Islamic Republic of),West and Central Asia,Upper middle income,1140960000000.0,75373855.0,15137.344374916209,1817
2010,IQ,Iraq,West and Central Asia,Upper middle income,366858000000.0,31264875.0,11733.870677557483,1816
2010,IN,India,West and Central Asia,Lower middle income,6291120000000.0,1240613620.0,5070.974474711958,1815
2010,IL,Israel,West and Central Asia,High income,287581000000.0,7623600.0,37722.46707592213,1814
2010,ID,Indonesia,East Asia,Upper middle income,2179360000000.0,244016173.0,8931.211293113756,1812
2010,LK,Sri Lanka,West and Central Asia,Lower middle income,205287000000.0,20668557.0,9932.33344737129,1837
2010,LB,Lebanon,West and Central Asia,Lower middle income,87671821639.0,4995800.0,17549.105576484246,1834
2010,LA,Lao People's Democratic Republic (the),East Asia,Lower middle income,31329592648.0,6323418.0,4954.5345014357745,1833
2010,KZ,Kazakhstan,West and Central Asia,Upper middle income,444068000000.0,16321872.0,27206.928224899693,1832
2010,KW,Kuwait,West and Central Asia,High income,185304000000.0,2943356.0,62956.70656216917,1831
2010,KR,Republic of Korea (the),East Asia,High income,1863780000000.0,49554112.0,37611.00592419051,1830
2010,KP,Democratic People's Republic of Korea,East Asia,Low income,,24686435.0,,1829
2010,MV,Maldives,West and Central Asia,Upper middle income,6036055364.0,361575.0,16693.785145543803,1857
2010,MN,Mongolia,East Asia,Upper middle income,26036404767.0,2702520.0,9634.121030371653,1853
2010,MM,Myanmar,East Asia,Lower middle income,190891000000.0,49390988.0,3864.8953529741093,1852
2010,OM,Oman,West and Central Asia,High income,132886000000.0,2881914.0,46110.328066694565,1871
2010,NP,Nepal,West and Central Asia,Lower middle income,84358509208.0,27161567.0,3105.8042125478255,1868
2010,MY,Malaysia,East Asia,Upper middle income,667908000000.0,28717731.0,23257.68703662556,1860
2010,SA,Saudi Arabia,West and Central Asia,High income,1316700000000.0,29411929.0,44767.5499284661,1886
2010,QA,Qatar,West and Central Asia,High income,208644000000.0,1713504.0,121764.5246232282,1881
2010,PK,Pakistan,West and Central Asia,Lower middle income,842538000000.0,194454498.0,4332.828546861385,1876
2010,PH,Philippines,East Asia,Lower middle income,604327000000.0,94636700.0,6385.7573224763755,1875
2010,SY,Syrian Arab Republic (the),West and Central Asia,Low income,214630000000.0,22337563.0,9608.478776310558,1902
2010,SG,Singapore,East Asia,High income,484605000000.0,5076732.0,95456.09262021317,1891
2010,UZ,Uzbekistan,West and Central Asia,Lower middle income,163523000000.0,28562400.0,5725.114136066997,1920
2010,TR,Türkiye,West and Central Asia,Upper middle income,1431010000000.0,73195345.0,19550.560216636728,1912
2010,TM,Turkmenistan,West and Central Asia,Upper middle income,49201887769.0,5267970.0,9339.819279342897,1909
2010,TL,Timor-Leste,East Asia,Lower middle income,4392065946.0,1088486.0,4035.0229088844503,1908
2010,TJ,Tajikistan,West and Central Asia,Lower middle income,18742186839.0,7621779.0,2459.0304755622014,1907
2010,TH,Thailand,East Asia,Upper middle income,1147360000000.0,68270489.0,16806.090256655403,1906
2010,BN,Brunei Darussalam,East Asia,High income,34755323894.0,396053.0,87754.22454570474,1757
2010,BH,Bahrain,West and Central Asia,High income,62293086037.0,1213645.0,51327.271184736885,1754
2010,YE,Yemen,West and Central Asia,Low income,,24743946.0,,1926
2010,VN,Viet Nam,East Asia,Lower middle income,636213000000.0,87411012.0,7278.407896707568,1923
2010,BD,Bangladesh,West and Central Asia,Lower middle income,627904000000.0,148391139.0,4231.41168826799,1750
2010,AZ,Azerbaijan,West and Central Asia,Upper middle income,180411000000.0,9054332.0,19925.379365368975,1747
2010,CY,Cyprus,West and Central Asia,High income,34924581956.0,1129686.0,30915.300318849662,1778
2010,CN,China,East Asia,Upper middle income,14014200000000.0,1337705000.0,10476.300828658037,1773
2010,AM,Armenia,West and Central Asia,Upper middle income,31783340247.0,2946293.0,10787.569412478664,1742
2010,AF,Afghanistan,West and Central Asia,Low income,80569661677.0,28189672.0,2858.126964974974,1739
2010,AE,United Arab Emirates (the),West and Central Asia,High income,472644000000.0,8481771.0,55724.68297010141,1738
2011,BT,Bhutan,West and Central Asia,Lower middle income,7600752212.0,713331.0,10655.294964048948,1954
2011,CN,China,East Asia,Upper middle income,15340100000000.0,1345035000.0,11404.982026490017,1966
2011,CY,Cyprus,West and Central Asia,High income,35070116834.0,1145086.0,30626.622658909462,1971
2011,KG,Kyrgyzstan,West and Central Asia,Lower middle income,28247944797.0,5514600.0,5122.392339788924,2017
2011,GE,Georgia,West and Central Asia,Upper middle income,46161712229.0,3756441.0,12288.682886008326,1992
2011,ID,Indonesia,East Asia,Upper middle income,2313830000000.0,247099697.0,9363.953206304417,2005
2011,IL,Israel,West and Central Asia,High income,303452000000.0,7765800.0,39075.43331015478,2007
2011,IN,India,West and Central Asia,Lower middle income,6620860000000.0,1257621191.0,5264.5900429965,2008
2011,IQ,Iraq,West and Central Asia,Upper middle income,394543000000.0,32378061.0,12185.504252401031,2009
2011,IR,Iran (Islamic Republic of),West and Central Asia,Upper middle income,1171150000000.0,76342971.0,15340.6395462393,2010
2011,JO,Jordan,West and Central Asia,Lower middle income,82116220150.0,7109980.0,11549.430539889001,2014
2011,JP,Japan,East Asia,High income,5236980000000.0,127833000.0,40967.35584708174,2015
2011,KH,Cambodia,East Asia,Lower middle income,57741666976.0,14573885.0,3961.9955129328932,2018
2011,KP,Democratic People's Republic of Korea,East Asia,Low income,,24783789.0,,2022
2011,KR,Republic of Korea (the),East Asia,High income,1932470000000.0,49936638.0,38698.44021137346,2023
2011,KW,Kuwait,West and Central Asia,High income,203146000000.0,3143825.0,64617.46439448761,2024
2011,KZ,Kazakhstan,West and Central Asia,Upper middle income,476929000000.0,16557202.0,28804.927305954232,2025
2011,LA,Lao People's Democratic Republic (the),East Asia,Lower middle income,33848069787.0,6416327.0,5275.303111421847,2026
2011,LB,Lebanon,West and Central Asia,Lower middle income,88432234311.0,5045056.0,17528.49409620032,2027
2011,LK,Sri Lanka,West and Central Asia,Lower middle income,223084000000.0,20859743.0,10694.47499904481,2030
2011,OM,Oman,West and Central Asia,High income,136732000000.0,3206870.0,42637.213232840746,2064
2011,MM,Myanmar,East Asia,Lower middle income,201564000000.0,49794522.0,4047.9151501845927,2045
2011,MN,Mongolia,East Asia,Upper middle income,30538301607.0,2743938.0,11129.370126803156,2046
2011,MV,Maldives,West and Central Asia,Upper middle income,6569849450.0,374440.0,17545.800261724176,2050
2011,MY,Malaysia,East Asia,Upper middle income,703266000000.0,29184133.0,24097.546430452465,2053
2011,NP,Nepal,West and Central Asia,Lower middle income,87245096016.0,27266399.0,3199.7293084429666,2061
2011,PH,Philippines,East Asia,Lower middle income,627643000000.0,96337913.0,6515.015537029539,2068
2011,PK,Pakistan,West and Central Asia,Lower middle income,865119000000.0,198602738.0,4356.0275588949835,2069
2011,QA,Qatar,West and Central Asia,High income,236551000000.0,1804171.0,131113.40333039383,2074
2011,SA,Saudi Arabia,West and Central Asia,High income,1471520000000.0,30150945.0,48805.103786962565,2079
2011,UZ,Uzbekistan,West and Central Asia,Lower middle income,175829000000.0,29339400.0,5992.931007450732,2113
2011,SG,Singapore,East Asia,High income,514723000000.0,5183688.0,99296.67834946857,2084
2011,SY,Syrian Arab Republic (the),West and Central Asia,Low income,220747000000.0,22730733.0,9711.389421537791,2095
2011,TH,Thailand,East Asia,Upper middle income,1157000000000.0,68712846.0,16838.1906346886,2099
2011,TJ,Tajikistan,West and Central Asia,Lower middle income,20129108777.0,7784819.0,2585.687448481461,2100
2011,TL,Timor-Leste,East Asia,Lower middle income,4653768939.0,1112976.0,4181.374026933196,2101
2011,TM,Turkmenistan,West and Central Asia,Upper middle income,56434565236.0,5360811.0,10527.24396290039,2102
2011,TR,Türkiye,West and Central Asia,Upper middle income,1591290000000.0,74173854.0,21453.516491134462,2105
2011,VN,Viet Nam,East Asia,Lower middle income,677014000000.0,88349117.0,7662.940196674518,2116
2011,YE,Yemen,West and Central Asia,Low income,,25475610.0,,2119
2011,AZ,Azerbaijan,West and Central Asia,Upper middle income,177573000000.0,9173082.0,19358.052179191247,1940
2011,BD,Bangladesh,West and Central Asia,Lower middle income,668494000000.0,150211005.0,4450.366336341335,1943
2011,BH,Bahrain,West and Central Asia,High income,63494195104.0,1212077.0,52384.62168987614,1947
2011,BN,Brunei Darussalam,East Asia,High income,36056704462.0,401506.0,89803.65041120183,1950
2011,AE,United Arab Emirates (the),West and Central Asia,High income,502025000000.0,8575205.0,58543.789915226516,1931
2011,AF,Afghanistan,West and Central Asia,Low income,80913174278.0,29249157.0,2766.3420958764727,1932
2011,AM,Armenia,West and Central Asia,Upper middle income,33277157238.0,2928976.0,11361.36220918164,1935
2012,CN,China,East Asia,Upper middle income,16545300000000.0,1354190000.0,12217.857169230314,2159
2012,BT,Bhutan,West and Central Asia,Lower middle income,7993317392.0,721145.0,11084.20274979373,2147
2012,CY,Cyprus,West and Central Asia,High income,33861116109.0,1156556.0,29277.5413460308,2164
2012,JO,Jordan,West and Central Asia,Lower middle income,84111117114.0,7211863.0,11662.883378954924,2207
2012,JP,Japan,East Asia,High income,5308970000000.0,127629000.0,41596.89412280908,2208
2012,GE,Georgia,West and Central Asia,Upper middle income,49198613273.0,3728874.0,13193.959697485085,2185
2012,LK,Sri Lanka,West and Central Asia,Lower middle income,242341000000.0,21017147.0,11530.632583004724,2223
2012,ID,Indonesia,East Asia,Upper middle income,2453350000000.0,250222695.0,9804.66619944286,2198
2012,IL,Israel,West and Central Asia,High income,310878000000.0,7910500.0,39299.41217369319,2200
2012,IN,India,West and Central Asia,Lower middle income,6982120000000.0,1274487215.0,5478.375865857548,2201
2012,IQ,Iraq,West and Central Asia,Upper middle income,449528000000.0,33864447.0,13274.334584586602,2202
2012,IR,Iran (Islamic Republic of),West and Central Asia,Upper middle income,1127260000000.0,77324451.0,14578.312363317005,2203
2012,MM,Myanmar,East Asia,Lower middle income,216344000000.0,50218185.0,4308.0808276922,2238
2012,MN,Mongolia,East Asia,Upper middle income,34300565350.0,2792349.0,12283.767304874857,2239
2012,KG,Kyrgyzstan,West and Central Asia,Lower middle income,28223044177.0,5607200.0,5033.357857219289,2210
2012,KH,Cambodia,East Asia,Lower middle income,62159052653.0,14786640.0,4203.730709140143,2211
2012,KP,Democratic People's Republic of Korea,East Asia,Low income,,24887770.0,,2215
2012,KR,Republic of Korea (the),East Asia,High income,1978900000000.0,50199853.0,39420.43415943867,2216
2012,KW,Kuwait,West and Central Asia,High income,216606000000.0,3394663.0,63807.806548102126,2217
2012,KZ,Kazakhstan,West and Central Asia,Upper middle income,499822000000.0,16792090.0,29765.32403054057,2218
2012,LA,Lao People's Democratic Republic (the),East Asia,Lower middle income,36564749186.0,6508803.0,5617.737882987087,2219
2012,LB,Lebanon,West and Central Asia,Lower middle income,90700336595.0,5178337.0,17515.340657628116,2220
2012,NP,Nepal,West and Central Asia,Lower middle income,91319565822.0,27330694.0,3341.28236267985,2254
2012,OM,Oman,West and Central Asia,High income,148851000000.0,3535579.0,42100.883617647916,2257
2012,SA,Saudi Arabia,West and Central Asia,High income,1556310000000.0,30821543.0,50494.22736557998,2272
2012,MV,Maldives,West and Central Asia,Upper middle income,6726822083.0,387539.0,17357.793881390004,2243
2012,MY,Malaysia,East Asia,Upper middle income,741759000000.0,29660212.0,25008.5535464143,2246
2012,SY,Syrian Arab Republic (the),West and Central Asia,Low income,162604000000.0,22605577.0,7193.092217907112,2288
2012,PH,Philippines,East Asia,Lower middle income,670931000000.0,98032317.0,6843.977787447378,2261
2012,PK,Pakistan,West and Central Asia,Lower middle income,891312000000.0,202205861.0,4407.94344729701,2262
2012,QA,Qatar,West and Central Asia,High income,247739000000.0,1905660.0,130001.6792082533,2267
2012,SG,Singapore,East Asia,High income,537554000000.0,5312437.0,101187.83526279936,2277
2012,BN,Brunei Darussalam,East Asia,High income,36385950967.0,406634.0,89480.83772384995,2143
2012,TH,Thailand,East Asia,Upper middle income,1240800000000.0,69157023.0,17941.778667945266,2292
2012,TJ,Tajikistan,West and Central Asia,Lower middle income,21638791827.0,7956382.0,2719.677339147366,2293
2012,TL,Timor-Leste,East Asia,Lower middle income,4879971050.0,1137676.0,4289.420757755283,2294
2012,TM,Turkmenistan,West and Central Asia,Upper middle income,62698801955.0,5458682.0,11486.069706020611,2295
2012,TR,Türkiye,West and Central Asia,Upper middle income,1667480000000.0,75277439.0,22151.12551849698,2298
2012,UZ,Uzbekistan,West and Central Asia,Lower middle income,188317000000.0,29774500.0,6324.774555408151,2306
2012,VN,Viet Nam,East Asia,Lower middle income,714281000000.0,89301326.0,7998.548644171308,2309
2012,YE,Yemen,West and Central Asia,Low income,,26223391.0,,2312
2012,AZ,Azerbaijan,West and Central Asia,Upper middle income,181485000000.0,9295784.0,19523.366721946208,2133
2012,BD,Bangladesh,West and Central Asia,Lower middle income,712089000000.0,152090649.0,4682.003822601875,2136
2012,BH,Bahrain,West and Central Asia,High income,65908897751.0,1224939.0,53805.86114982052,2140
2012,AE,United Arab Emirates (the),West and Central Asia,High income,511184000000.0,8664969.0,58994.32531149275,2124
2012,AF,Afghanistan,West and Central Asia,Low income,91231454558.0,30466479.0,2994.4863191443947,2125
2012,AM,Armenia,West and Central Asia,Upper middle income,35673112560.0,2914421.0,12240.205708097767,2128
2013,VN,Viet Nam,East Asia,Lower middle income,753949000000.0,90267739.0,8352.36384950331,2502
2013,UZ,Uzbekistan,West and Central Asia,Lower middle income,202058000000.0,30243200.0,6681.105174055656,2499
2013,AE,United Arab Emirates (the),West and Central Asia,High income,537027000000.0,8751847.0,61361.56173662542,2317
2013,BN,Brunei Darussalam,East Asia,High income,35612828399.0,411702.0,86501.47047864717,2336
2013,BH,Bahrain,West and Central Asia,High income,69397206738.0,1261673.0,55004.114963227395,2333
2013,BD,Bangladesh,West and Central Asia,Lower middle income,754912000000.0,154030139.0,4901.066797063658,2329
2013,AZ,Azerbaijan,West and Central Asia,Upper middle income,192090000000.0,9416801.0,20398.64705646854,2326
2013,CN,China,East Asia,Upper middle income,17832300000000.0,1363240000.0,13080.822158974208,2352
2013,BT,Bhutan,West and Central Asia,Lower middle income,8132108591.0,728889.0,11156.85459788802,2340
2013,CY,Cyprus,West and Central Asia,High income,31630522700.0,1166968.0,27104.875797793942,2357
2013,GE,Georgia,West and Central Asia,Upper middle income,51723921667.0,3717668.0,13913.001824530862,2378
2013,JP,Japan,East Asia,High income,5415420000000.0,127445000.0,42492.21232688611,2401
2013,JO,Jordan,West and Central Asia,Lower middle income,86306373008.0,7694814.0,11216.174037215194,2400
2013,MM,Myanmar,East Asia,Lower middle income,234574000000.0,50648334.0,4631.425783916209,2431
2013,IR,Iran (Islamic Republic of),West and Central Asia,Upper middle income,1110110000000.0,78458928.0,14148.93152758855,2396
2013,IQ,Iraq,West and Central Asia,Upper middle income,483820000000.0,35481800.0,13635.723103112017,2395
2013,IN,India,West and Central Asia,Lower middle income,7428010000000.0,1291132063.0,5753.098550384308,2394
2013,IL,Israel,West and Central Asia,High income,323579000000.0,8059500.0,40148.76853402817,2393
2013,ID,Indonesia,East Asia,Upper middle income,2589690000000.0,253275918.0,10224.777864589558,2391
2013,LK,Sri Lanka,West and Central Asia,Lower middle income,252161000000.0,21131756.0,11932.799148352839,2416
2013,NP,Nepal,West and Central Asia,Lower middle income,94538720393.0,27381555.0,3452.642495760376,2447
2013,LB,Lebanon,West and Central Asia,Lower middle income,94172230743.0,5678851.0,16582.972637070423,2413
2013,LA,Lao People's Democratic Republic (the),East Asia,Lower middle income,39499545733.0,6600742.0,5984.1068978305775,2412
2013,KZ,Kazakhstan,West and Central Asia,Upper middle income,529811000000.0,17035551.0,31100.314865072458,2411
2013,KW,Kuwait,West and Central Asia,High income,219096000000.0,3646518.0,60083.61949673634,2410
2013,KR,Republic of Korea (the),East Asia,High income,2041530000000.0,50428893.0,40483.33958074392,2409
2013,KP,Democratic People's Republic of Korea,East Asia,Low income,,25001819.0,,2408
2013,KH,Cambodia,East Asia,Lower middle income,67043200063.0,14999683.0,4469.641129282532,2404
2013,KG,Kyrgyzstan,West and Central Asia,Lower middle income,31303721942.0,5719600.0,5473.061392754738,2403
2013,MN,Mongolia,East Asia,Upper middle income,38296209460.0,2845153.0,13460.158191844164,2432
2013,MY,Malaysia,East Asia,Upper middle income,776576000000.0,30134807.0,25770.06715191506,2439
2013,MV,Maldives,West and Central Asia,Upper middle income,7196015385.0,400728.0,17957.35607444451,2436
2013,SA,Saudi Arabia,West and Central Asia,High income,1602150000000.0,31482498.0,50890.18031542478,2465
2013,QA,Qatar,West and Central Asia,High income,261504000000.0,2035501.0,128471.5654770005,2460
2013,PK,Pakistan,West and Central Asia,Lower middle income,930234000000.0,205337562.0,4530.267092583869,2455
2013,PH,Philippines,East Asia,Lower middle income,716223000000.0,99700107.0,7183.773634265006,2454
2013,OM,Oman,West and Central Asia,High income,156633000000.0,3816680.0,41039.07060586688,2450
2013,SY,Syrian Arab Republic (the),West and Central Asia,Low income,119839000000.0,21495821.0,5574.990599335564,2481
2013,YE,Yemen,West and Central Asia,Low income,,26984002.0,,2505
2013,SG,Singapore,East Asia,High income,563451000000.0,5399162.0,104358.97274428884,2470
2013,AM,Armenia,West and Central Asia,Upper middle income,36850325274.0,2901385.0,12700.942920019232,2321
2013,TR,Türkiye,West and Central Asia,Upper middle income,1808980000000.0,76576117.0,23623.29236411922,2491
2013,TM,Turkmenistan,West and Central Asia,Upper middle income,69094079818.0,5560095.0,12426.78044493844,2488
2013,TL,Timor-Leste,East Asia,Lower middle income,5031463253.0,1161555.0,4331.661654420152,2487
2013,TJ,Tajikistan,West and Central Asia,Lower middle income,23240062368.0,8136610.0,2856.2340296511693,2486
2013,TH,Thailand,East Asia,Upper middle income,1274140000000.0,69578602.0,18312.23915651539,2485
2013,AF,Afghanistan,West and Central Asia,Low income,96341095376.0,31541209.0,3054.451570832304,2318
2014,BT,Bhutan,West and Central Asia,Lower middle income,8610364851.0,736357.0,11693.193452360743,2533
2014,GE,Georgia,West and Central Asia,Upper middle income,53839683819.0,3719414.0,14475.313535680621,2571
2014,CY,Cyprus,West and Central Asia,High income,31068746057.0,1176995.0,26396.6678337631,2550
2014,IL,Israel,West and Central Asia,High income,335797000000.0,8215700.0,40872.597587545795,2586
2014,IN,India,West and Central Asia,Lower middle income,7978440000000.0,1307246509.0,6103.240624527076,2587
2014,IQ,Iraq,West and Central Asia,Upper middle income,494772000000.0,36746488.0,13464.47040054549,2588
2014,IR,Iran (Islamic Republic of),West and Central Asia,Upper middle income,1165440000000.0,79961672.0,14574.982874295074,2589
2014,JO,Jordan,West and Central Asia,Lower middle income,89227048075.0,8658026.0,10305.703410338569,2593
2014,KP,Democratic People's Republic of Korea,East Asia,Low income,,25126131.0,,2601
2014,KR,Republic of Korea (the),East Asia,High income,2106900000000.0,50746659.0,41518.00417048145,2602
2014,KW,Kuwait,West and Central Asia,High income,220193000000.0,3761584.0,58537.30768739978,2603
2014,KZ,Kazakhstan,West and Central Asia,Upper middle income,552063000000.0,17288285.0,31932.77991425986,2604
2014,LA,Lao People's Democratic Republic (the),East Asia,Lower middle income,42506236713.0,6691454.0,6352.31695727117,2605
2014,LB,Lebanon,West and Central Asia,Lower middle income,96511525557.0,6274342.0,15381.935756291257,2606
2014,LK,Sri Lanka,West and Central Asia,Lower middle income,268243000000.0,21239457.0,12629.465998118501,2609
2014,ID,Indonesia,East Asia,Upper middle income,2719350000000.0,256229761.0,10612.935786175127,2584
2014,MM,Myanmar,East Asia,Lower middle income,253738000000.0,51072436.0,4968.198501438232,2624
2014,MN,Mongolia,East Asia,Upper middle income,41315951926.0,2902823.0,14233.024860971544,2625
2014,JP,Japan,East Asia,High income,5431460000000.0,127276000.0,42674.65979446243,2594
2014,KG,Kyrgyzstan,West and Central Asia,Lower middle income,32563395806.0,5835500.0,5580.223769342815,2596
2014,KH,Cambodia,East Asia,Lower middle income,72406871106.0,15210817.0,4760.2223539997885,2597
2014,NP,Nepal,West and Central Asia,Lower middle income,100222000000.0,27462106.0,3649.4651939658233,2640
2014,QA,Qatar,West and Central Asia,High income,275453000000.0,2214465.0,124388.05761210948,2653
2014,MV,Maldives,West and Central Asia,Upper middle income,7761671586.0,416738.0,18624.823236661883,2629
2014,MY,Malaysia,East Asia,Upper middle income,823222000000.0,30606459.0,26897.002361495004,2632
2014,OM,Oman,West and Central Asia,High income,158657000000.0,4009267.0,39572.570247878226,2643
2014,PH,Philippines,East Asia,Lower middle income,761688000000.0,101325201.0,7517.261179674344,2647
2014,PK,Pakistan,West and Central Asia,Lower middle income,968526000000.0,208251628.0,4650.7487566915925,2648
2014,TM,Turkmenistan,West and Central Asia,Upper middle income,76210770019.0,5663152.0,13457.30611133164,2681
2014,TR,Türkiye,West and Central Asia,Upper middle income,1898340000000.0,78112073.0,24302.773272961276,2684
2014,SA,Saudi Arabia,West and Central Asia,High income,1666630000000.0,32125564.0,51878.622271036234,2658
2014,SG,Singapore,East Asia,High income,585626000000.0,5469724.0,107066.8282348433,2663
2014,YE,Yemen,West and Central Asia,Low income,,27753304.0,,2698
2014,SY,Syrian Arab Republic (the),West and Central Asia,Low income,107483000000.0,20072232.0,5354.810566159259,2674
2014,TH,Thailand,East Asia,Upper middle income,1286690000000.0,69960943.0,18391.547409531056,2678
2014,TJ,Tajikistan,West and Central Asia,Lower middle income,24797146707.0,8326348.0,2978.154012659572,2679
2014,TL,Timor-Leste,East Asia,Lower middle income,5256495369.0,1184830.0,4436.497530447406,2680
2014,UZ,Uzbekistan,West and Central Asia,Lower middle income,215947000000.0,30757700.0,7020.908585492413,2692
2014,VN,Viet Nam,East Asia,Lower middle income,802369000000.0,91235504.0,8794.48202533084,2695
2014,CN,China,East Asia,Upper middle income,19162900000000.0,1371860000.0,13968.553642499963,2545
2014,AM,Armenia,West and Central Asia,Upper middle income,38176936984.0,2889930.0,13210.332770689947,2514
2014,AZ,Azerbaijan,West and Central Asia,Upper middle income,197464000000.0,9535079.0,20709.21488956725,2519
2014,AF,Afghanistan,West and Central Asia,Low income,98965950295.0,32716210.0,3024.9821203311753,2511
2014,BD,Bangladesh,West and Central Asia,Lower middle income,800667000000.0,155961299.0,5133.754368126929,2522
2014,BH,Bahrain,West and Central Asia,High income,72387433087.0,1311134.0,55209.790217475864,2526
2014,BN,Brunei Darussalam,East Asia,High income,34719698828.0,416656.0,83329.41042010675,2529
2014,AE,United Arab Emirates (the),West and Central Asia,High income,559398000000.0,8835951.0,63309.31441335517,2510
2015,VN,Viet Nam,East Asia,Lower middle income,858432000000.0,92191398.0,9311.411027740354,2888
2015,BH,Bahrain,West and Central Asia,High income,74202817291.0,1362142.0,54475.09678946835,2719
2015,BD,Bangladesh,West and Central Asia,Lower middle income,853132000000.0,157830000.0,5405.38554140531,2715
2015,AZ,Azerbaijan,West and Central Asia,Upper middle income,199536000000.0,9649341.0,20678.717852338308,2712
2015,AM,Armenia,West and Central Asia,Upper middle income,39398598967.0,2878595.0,13686.74612684313,2707
2015,BT,Bhutan,West and Central Asia,Lower middle income,9183884144.0,743274.0,12355.987353250619,2726
2015,BN,Brunei Darussalam,East Asia,High income,34583464463.0,421437.0,82060.81683145998,2722
2015,ID,Indonesia,East Asia,Upper middle income,2851950000000.0,259091970.0,11007.48124305049,2777
2015,CY,Cyprus,West and Central Asia,High income,32130961751.0,1187280.0,27062.665715753654,2743
2015,CN,China,East Asia,Upper middle income,20500300000000.0,1379860000.0,14856.797066369052,2738
2015,GE,Georgia,West and Central Asia,Upper middle income,55643864277.0,3725276.0,14936.843411602254,2764
2015,KP,Democratic People's Republic of Korea,East Asia,Low income,,25258015.0,,2794
2015,IR,Iran (Islamic Republic of),West and Central Asia,Upper middle income,1148840000000.0,81790841.0,14046.07149106096,2782
2015,IQ,Iraq,West and Central Asia,Upper middle income,507669000000.0,37757813.0,13445.402677321379,2781
2015,IN,India,West and Central Asia,Lower middle income,8616420000000.0,1322866505.0,6513.446343552255,2780
2015,IL,Israel,West and Central Asia,High income,343311000000.0,8380100.0,40967.410890084844,2779
2015,LB,Lebanon,West and Central Asia,Lower middle income,96957718407.0,6398940.0,15152.153076447037,2799
2015,LA,Lao People's Democratic Republic (the),East Asia,Lower middle income,45596468110.0,6787419.0,6717.791860204888,2798
2015,KZ,Kazakhstan,West and Central Asia,Upper middle income,558688000000.0,17542806.0,31847.128674853953,2797
2015,KW,Kuwait,West and Central Asia,High income,221498000000.0,3908743.0,56667.322461466516,2796
2015,KR,Republic of Korea (the),East Asia,High income,2166090000000.0,51014947.0,42459.90885769224,2795
2015,MY,Malaysia,East Asia,Upper middle income,865137000000.0,31068833.0,27845.815772996688,2825
2015,KH,Cambodia,East Asia,Lower middle income,77625259450.0,15417523.0,5034.872297579838,2790
2015,KG,Kyrgyzstan,West and Central Asia,Lower middle income,33825496187.0,5956900.0,5678.372339136128,2789
2015,JP,Japan,East Asia,High income,5516230000000.0,127141000.0,43386.71239018098,2787
2015,JO,Jordan,West and Central Asia,Lower middle income,91454627021.0,9494246.0,9632.637180561784,2786
2015,MM,Myanmar,East Asia,Lower middle income,271481000000.0,51483949.0,5273.11920070467,2817
2015,PK,Pakistan,West and Central Asia,Lower middle income,1009380000000.0,210969298.0,4784.487646159774,2841
2015,LK,Sri Lanka,West and Central Asia,Lower middle income,279525000000.0,21336697.0,13100.668767991598,2802
2015,NP,Nepal,West and Central Asia,Lower middle income,104207000000.0,27610325.0,3774.2040341792426,2833
2015,MV,Maldives,West and Central Asia,Upper middle income,8061903547.0,435582.0,18508.34870816517,2822
2015,MN,Mongolia,East Asia,Upper middle income,42299203745.0,2964749.0,14267.381064973797,2818
2015,QA,Qatar,West and Central Asia,High income,288547000000.0,2414573.0,119502.28881048533,2846
2015,TM,Turkmenistan,West and Central Asia,Upper middle income,81164470001.0,5766431.0,14075.338801591486,2874
2015,TL,Timor-Leste,East Asia,Lower middle income,5386858578.0,1205813.0,4467.4079463399385,2873
2015,PH,Philippines,East Asia,Lower middle income,810043000000.0,103031365.0,7862.101021373443,2840
2015,OM,Oman,West and Central Asia,High income,166617000000.0,4191776.0,39748.545723817304,2836
2015,SG,Singapore,East Asia,High income,603059000000.0,5535002.0,108953.70950182131,2856
2015,SA,Saudi Arabia,West and Central Asia,High income,1744210000000.0,32749848.0,53258.56779549023,2851
2015,TR,Türkiye,West and Central Asia,Upper middle income,2013850000000.0,79646178.0,25284.954665370133,2877
2015,UZ,Uzbekistan,West and Central Asia,Lower middle income,231535000000.0,31298900.0,7397.5443226439265,2885
2015,TJ,Tajikistan,West and Central Asia,Lower middle income,26289762181.0,8524063.0,3084.1820597759543,2872
2015,TH,Thailand,East Asia,Upper middle income,1327010000000.0,70294397.0,18877.89150534999,2871
2015,SY,Syrian Arab Republic (the),West and Central Asia,Low income,102991000000.0,19205178.0,5362.668338715736,2867
2015,YE,Yemen,West and Central Asia,Low income,,28516545.0,,2891
2015,AF,Afghanistan,West and Central Asia,Low income,100402000000.0,33753499.0,2974.5656887305227,2704
2015,AE,United Arab Emirates (the),West and Central Asia,High income,597363000000.0,8916899.0,66992.23575370765,2703
2016,AF,Afghanistan,West and Central Asia,Low income,102672000000.0,34636207.0,2964.296870035452,2897
2016,AZ,Azerbaijan,West and Central Asia,Upper middle income,193423000000.0,9757812.0,19822.37411419691,2905
2016,BD,Bangladesh,West and Central Asia,Lower middle income,913820000000.0,159784568.0,5719.075449138492,2908
2016,BH,Bahrain,West and Central Asia,High income,77033649780.0,1409661.0,54646.932688071814,2912
2016,AE,United Arab Emirates (the),West and Central Asia,High income,630585000000.0,8994263.0,70109.69103305074,2896
2016,CY,Cyprus,West and Central Asia,High income,34243119699.0,1197881.0,28586.411921551473,2936
2016,ID,Indonesia,East Asia,Upper middle income,2995490000000.0,261850182.0,11439.709444234795,2970
2016,BN,Brunei Darussalam,East Asia,High income,33726514653.0,425994.0,79171.3372793983,2915
2016,BT,Bhutan,West and Central Asia,Lower middle income,9962304965.0,749761.0,13287.307508659425,2919
2016,GE,Georgia,West and Central Asia,Upper middle income,57563697329.0,3727505.0,15442.956435739188,2957
2016,CN,China,East Asia,Upper middle income,21889300000000.0,1387790000.0,15772.775419912234,2931
2016,IL,Israel,West and Central Asia,High income,358622000000.0,8546000.0,41963.72571963492,2972
2016,IN,India,West and Central Asia,Lower middle income,9327810000000.0,1338636340.0,6968.143416754994,2973
2016,IQ,Iraq,West and Central Asia,Upper middle income,577663000000.0,38697943.0,14927.485938981305,2974
2016,IR,Iran (Islamic Republic of),West and Central Asia,Upper middle income,1250110000000.0,83306231.0,15006.20043655558,2975
2016,MY,Malaysia,East Asia,Upper middle income,903634000000.0,31526418.0,28662.755153471608,3018
2016,KP,Democratic People's Republic of Korea,East Asia,Low income,,25389611.0,,2987
2016,KR,Republic of Korea (the),East Asia,High income,2229920000000.0,51217803.0,43537.98619593269,2988
2016,KW,Kuwait,West and Central Asia,High income,227980000000.0,4048085.0,56317.9873940394,2989
2016,KZ,Kazakhstan,West and Central Asia,Upper middle income,564834000000.0,17794055.0,31742.848945897942,2990
2016,LA,Lao People's Democratic Republic (the),East Asia,Lower middle income,48798633404.0,6891363.0,7081.129437529266,2991
2016,LB,Lebanon,West and Central Asia,Lower middle income,98464974045.0,6258619.0,15732.699824833562,2992
2016,PH,Philippines,East Asia,Lower middle income,867956000000.0,104875266.0,8276.079128133033,3033
2016,PK,Pakistan,West and Central Asia,Lower middle income,1075730000000.0,213524840.0,5037.961859613149,3034
2016,JO,Jordan,West and Central Asia,Lower middle income,93278397679.0,9964656.0,9360.925021295267,2979
2016,JP,Japan,East Asia,High income,5557810000000.0,127076000.0,43736.11067392741,2980
2016,KG,Kyrgyzstan,West and Central Asia,Lower middle income,35292120966.0,6079500.0,5805.102552183568,2982
2016,KH,Cambodia,East Asia,Lower middle income,83761925238.0,15624584.0,5360.905943991853,2983
2016,SG,Singapore,East Asia,High income,625659000000.0,5607283.0,111579.70803328457,3049
2016,LK,Sri Lanka,West and Central Asia,Lower middle income,293652000000.0,21425494.0,13705.728325330561,2995
2016,TJ,Tajikistan,West and Central Asia,Lower middle income,28103755772.0,8725318.0,3220.9434397691866,3065
2016,TL,Timor-Leste,East Asia,Lower middle income,5548999284.0,1224562.0,4531.415546129963,3066
2016,QA,Qatar,West and Central Asia,High income,297388000000.0,2595166.0,114593.05493367284,3039
2016,MM,Myanmar,East Asia,Lower middle income,287397000000.0,51892349.0,5538.330901150765,3010
2016,MN,Mongolia,East Asia,Upper middle income,42929370720.0,3029555.0,14170.190249062982,3011
2016,MV,Maldives,West and Central Asia,Upper middle income,8575872716.0,454252.0,18879.108327536258,3015
2016,VN,Viet Nam,East Asia,Lower middle income,915861000000.0,93126529.0,9834.587521242202,3081
2016,NP,Nepal,West and Central Asia,Lower middle income,104658000000.0,27861186.0,3756.4086467819425,3026
2016,OM,Oman,West and Central Asia,High income,175025000000.0,4398070.0,39795.8650044224,3029
2016,TH,Thailand,East Asia,Upper middle income,1372600000000.0,70607037.0,19439.988679881866,3064
2016,TM,Turkmenistan,West and Central Asia,Upper middle income,86196667114.0,5868561.0,14687.871032438787,3067
2016,TR,Türkiye,West and Central Asia,Upper middle income,2080770000000.0,81019394.0,25682.36933492739,3070
2016,SA,Saudi Arabia,West and Central Asia,High income,1773940000000.0,33416270.0,53086.11643370131,3044
2016,UZ,Uzbekistan,West and Central Asia,Lower middle income,245270000000.0,31847900.0,7701.292706897472,3078
2016,YE,Yemen,West and Central Asia,Low income,,29274002.0,,3084
2016,SY,Syrian Arab Republic (the),West and Central Asia,Low income,96393597836.0,18964252.0,5082.9106170915675,3060
2016,AM,Armenia,West and Central Asia,Upper middle income,39477396165.0,2865835.0,13775.181113008948,2900
2017,SY,Syrian Arab Republic (the),West and Central Asia,Low income,95696400508.0,18983373.0,5041.06412005917,3253
2017,YE,Yemen,West and Central Asia,Low income,,30034389.0,,3277
2017,UZ,Uzbekistan,West and Central Asia,Lower middle income,256051000000.0,32388600.0,7905.590238540721,3271
2017,CY,Cyprus,West and Central Asia,High income,36212384110.0,1208523.0,29964.16626741899,3129
2017,AE,United Arab Emirates (the),West and Central Asia,High income,635221000000.0,9068296.0,70048.55156911508,3089
2017,BT,Bhutan,West and Central Asia,Lower middle income,10170202851.0,756121.0,13450.49648270581,3112
2017,BH,Bahrain,West and Central Asia,High income,80849769947.0,1456834.0,55496.899404462005,3105
2017,BD,Bangladesh,West and Central Asia,Lower middle income,974043000000.0,161793964.0,6020.267851277814,3101
2017,AM,Armenia,West and Central Asia,Upper middle income,42438200878.0,2851923.0,14880.556339704824,3093
2017,AF,Afghanistan,West and Central Asia,Low income,105389000000.0,35643418.0,2956.759085225777,3090
2017,BN,Brunei Darussalam,East Asia,High income,34174647795.0,430276.0,79424.94537227268,3108
2017,CN,China,East Asia,Upper middle income,23397700000000.0,1396215000.0,16757.949169719563,3124
2017,GE,Georgia,West and Central Asia,Upper middle income,60533928054.0,3728004.0,16237.62422304268,3150
2017,KH,Cambodia,East Asia,Lower middle income,90525733498.0,15830689.0,5718.369775187928,3176
2017,IR,Iran (Islamic Republic of),West and Central Asia,Upper middle income,1284590000000.0,84505076.0,15201.335361203628,3168
2017,IQ,Iraq,West and Central Asia,Upper middle income,567151000000.0,39621162.0,14314.345450040057,3167
2017,IN,India,West and Central Asia,Lower middle income,9961680000000.0,1354195680.0,7356.15993103744,3166
2017,IL,Israel,West and Central Asia,High income,374211000000.0,8713300.0,42947.103852730885,3165
2017,ID,Indonesia,East Asia,Upper middle income,3147360000000.0,264498852.0,11899.333309771795,3163
2017,LB,Lebanon,West and Central Asia,Lower middle income,99354140787.0,6109252.0,16262.897779793664,3185
2017,LA,Lao People's Democratic Republic (the),East Asia,Lower middle income,52162094276.0,6997917.0,7453.945835024908,3184
2017,KZ,Kazakhstan,West and Central Asia,Upper middle income,587992000000.0,18037776.0,32597.810284372088,3183
2017,KW,Kuwait,West and Central Asia,High income,217237000000.0,4124904.0,52664.74080366476,3182
2017,KR,Republic of Korea (the),East Asia,High income,2300380000000.0,51361911.0,44787.66376118677,3181
2017,KP,Democratic People's Republic of Korea,East Asia,Low income,,25516321.0,,3180
2017,MV,Maldives,West and Central Asia,Upper middle income,9182566718.0,472442.0,19436.389478496832,3208
2017,KG,Kyrgyzstan,West and Central Asia,Lower middle income,36964945345.0,6198200.0,5963.819390306863,3175
2017,JP,Japan,East Asia,High income,5650920000000.0,126972000.0,44505.24525092146,3173
2017,JO,Jordan,West and Central Asia,Lower middle income,95585730403.0,10215381.0,9357.040173342531,3172
2017,PH,Philippines,East Asia,Lower middle income,928114000000.0,106738501.0,8695.212985987127,3226
2017,TH,Thailand,East Asia,Upper middle income,1429940000000.0,70898202.0,20168.917682848994,3257
2017,LK,Sri Lanka,West and Central Asia,Lower middle income,312624000000.0,21506813.0,14536.044926786688,3188
2017,MY,Malaysia,East Asia,Upper middle income,956159000000.0,31975806.0,29902.576967098186,3211
2017,SG,Singapore,East Asia,High income,653669000000.0,5612253.0,116471.76276621885,3242
2017,MN,Mongolia,East Asia,Upper middle income,45349246281.0,3096030.0,14647.547433648899,3204
2017,MM,Myanmar,East Asia,Lower middle income,305032000000.0,52288341.0,5833.652285889124,3203
2017,QA,Qatar,West and Central Asia,High income,292935000000.0,2711755.0,108024.13934887186,3232
2017,PK,Pakistan,West and Central Asia,Lower middle income,1123420000000.0,216379655.0,5191.892925423141,3227
2017,TJ,Tajikistan,West and Central Asia,Lower middle income,30099122549.0,8925525.0,3372.2523379857207,3258
2017,OM,Oman,West and Central Asia,High income,175557000000.0,4541854.0,38653.15793946701,3222
2017,NP,Nepal,West and Central Asia,Lower middle income,114054000000.0,28183426.0,4046.8465402325464,3219
2017,VN,Viet Nam,East Asia,Lower middle income,979423000000.0,94033048.0,10415.731711685024,3274
2017,AZ,Azerbaijan,West and Central Asia,Upper middle income,193720000000.0,9854033.0,19658.95588131276,3098
2017,SA,Saudi Arabia,West and Central Asia,High income,1794910000000.0,34193122.0,52493.305525011725,3237
2017,TR,Türkiye,West and Central Asia,Upper middle income,2236870000000.0,82089826.0,27249.052763249856,3263
2017,TM,Turkmenistan,West and Central Asia,Upper middle income,91799450517.0,5968383.0,15380.958379681733,3260
2017,TL,Timor-Leste,East Asia,Lower middle income,5372407086.0,1243235.0,4321.312612659714,3259
2018,TJ,Tajikistan,West and Central Asia,Lower middle income,32386655529.0,9128132.0,3548.004731855324,3451
2018,TL,Timor-Leste,East Asia,Lower middle income,5372413251.0,1261845.0,4257.585718531198,3452
2018,TM,Turkmenistan,West and Central Asia,Upper middle income,97491016395.0,6065066.0,16074.188870327214,3453
2018,TR,Türkiye,West and Central Asia,Upper middle income,2304270000000.0,82809304.0,27826.22107293644,3456
2018,UZ,Uzbekistan,West and Central Asia,Lower middle income,270285000000.0,32956100.0,8201.364845961749,3464
2018,VN,Viet Nam,East Asia,Lower middle income,1052540000000.0,94914330.0,11089.368697013402,3467
2018,YE,Yemen,West and Central Asia,Low income,,30790513.0,,3470
2018,SY,Syrian Arab Republic (the),West and Central Asia,Low income,97029619867.0,19333463.0,5018.739781228019,3446
2018,BT,Bhutan,West and Central Asia,Lower middle income,10526350322.0,762096.0,13812.367893283787,3305
2018,AM,Armenia,West and Central Asia,Upper middle income,44644987324.0,2836557.0,15739.14690379922,3286
2018,CY,Cyprus,West and Central Asia,High income,38483503023.0,1218831.0,31574.10914474607,3322
2018,AZ,Azerbaijan,West and Central Asia,Upper middle income,196627000000.0,9939771.0,19781.844068641018,3291
2018,BD,Bangladesh,West and Central Asia,Lower middle income,1045340000000.0,163683958.0,6386.3313960186615,3294
2018,AE,United Arab Emirates (the),West and Central Asia,High income,643567000000.0,9140169.0,70410.8425128682,3282
2018,AF,Afghanistan,West and Central Asia,Low income,106643000000.0,36686784.0,2906.850597752041,3283
2018,BH,Bahrain,West and Central Asia,High income,82509283149.0,1487340.0,55474.39263988059,3298
2018,BN,Brunei Darussalam,East Asia,High income,34192545419.0,434274.0,78734.95861829168,3301
2018,KH,Cambodia,East Asia,Lower middle income,98470474432.0,16025238.0,6144.712136693383,3369
2018,GE,Georgia,West and Central Asia,Upper middle income,64203516815.0,3726549.0,17228.679084858402,3343
2018,CN,China,East Asia,Upper middle income,24978700000000.0,1402760000.0,17806.82369043885,3317
2018,ID,Indonesia,East Asia,Upper middle income,3310210000000.0,267066843.0,12394.687273103385,3356
2018,IL,Israel,West and Central Asia,High income,389194000000.0,8882800.0,43814.337821407666,3358
2018,IN,India,West and Central Asia,Lower middle income,10604600000000.0,1369003306.0,7746.219423665877,3359
2018,IQ,Iraq,West and Central Asia,Upper middle income,582089000000.0,40590700.0,14340.452369631468,3360
2018,IR,Iran (Islamic Republic of),West and Central Asia,Upper middle income,1260980000000.0,85617562.0,14728.053106674539,3361
2018,JP,Japan,East Asia,High income,5687280000000.0,126811000.0,44848.4752899985,3366
2018,KG,Kyrgyzstan,West and Central Asia,Lower middle income,38354054773.0,6322800.0,6065.99208784083,3368
2018,MV,Maldives,West and Central Asia,Upper middle income,9969416783.0,489758.0,20355.801810281813,3401
2018,KP,Democratic People's Republic of Korea,East Asia,Low income,,25638149.0,,3373
2018,KR,Republic of Korea (the),East Asia,High income,2367260000000.0,51585058.0,45890.42043918997,3374
2018,KW,Kuwait,West and Central Asia,High income,223196000000.0,4317185.0,51699.42914190613,3375
2018,KZ,Kazakhstan,West and Central Asia,Upper middle income,612099000000.0,18276452.0,33491.128365614946,3376
2018,LA,Lao People's Democratic Republic (the),East Asia,Lower middle income,55421161066.0,7105006.0,7800.297574132942,3377
2018,JO,Jordan,West and Central Asia,Lower middle income,97420088352.0,10459865.0,9313.704178017593,3365
2018,MY,Malaysia,East Asia,Upper middle income,1002470000000.0,32399271.0,30941.1282741516,3404
2018,LB,Lebanon,West and Central Asia,Lower middle income,97481607577.0,5950839.0,16381.153578008076,3378
2018,LK,Sri Lanka,West and Central Asia,Lower middle income,319845000000.0,21670000.0,14759.806183664052,3381
2018,OM,Oman,West and Central Asia,High income,177816000000.0,4601157.0,38645.931881915785,3415
2018,TH,Thailand,East Asia,Upper middle income,1490330000000.0,71127802.0,20952.84766426495,3450
2018,PH,Philippines,East Asia,Lower middle income,986970000000.0,108568836.0,9090.730234963557,3419
2018,PK,Pakistan,West and Central Asia,Lower middle income,1192530000000.0,219731479.0,5427.215096476914,3420
2018,QA,Qatar,West and Central Asia,High income,296552000000.0,2766732.0,107184.93876530144,3425
2018,MM,Myanmar,East Asia,Lower middle income,324154000000.0,52666014.0,6154.899058812387,3396
2018,MN,Mongolia,East Asia,Upper middle income,48861491268.0,3163991.0,15442.993127350868,3397
2018,SA,Saudi Arabia,West and Central Asia,High income,1852830000000.0,35018133.0,52910.587780336544,3430
2018,SG,Singapore,East Asia,High income,676234000000.0,5638676.0,119927.79865344276,3435
2018,NP,Nepal,West and Central Asia,Lower middle income,122747000000.0,28506712.0,4305.898203903698,3412
2019,AE,United Arab Emirates (the),West and Central Asia,High income,650700000000.0,9211657.0,70638.75695762446,3475
2019,AF,Afghanistan,West and Central Asia,Low income,110814000000.0,37769499.0,2933.954723625008,3476
2019,BT,Bhutan,West and Central Asia,Lower middle income,11132157416.0,767459.0,14505.214501360984,3498
2019,CY,Cyprus,West and Central Asia,High income,40744638124.0,1228836.0,33157.09999056017,3515
2019,GE,Georgia,West and Central Asia,Upper middle income,67658127813.0,3720161.0,18186.881646520138,3536
2019,JP,Japan,East Asia,High income,5664410000000.0,126633000.0,44730.91532223038,3559
2019,JO,Jordan,West and Central Asia,Lower middle income,99126148666.0,10698683.0,9265.266450646308,3558
2019,IR,Iran (Islamic Republic of),West and Central Asia,Upper middle income,1222260000000.0,86564202.0,14119.693496394733,3554
2019,IQ,Iraq,West and Central Asia,Upper middle income,614185000000.0,41563520.0,14777.020810556949,3553
2019,IN,India,West and Central Asia,Lower middle income,11015100000000.0,1383112050.0,7963.99684320587,3552
2019,IL,Israel,West and Central Asia,High income,403635000000.0,9054000.0,44580.84824387011,3551
2019,ID,Indonesia,East Asia,Upper middle income,3476360000000.0,269582878.0,12895.32935396587,3549
2019,LK,Sri Lanka,West and Central Asia,Lower middle income,319140000000.0,21803000.0,14637.435215337338,3574
2019,LB,Lebanon,West and Central Asia,Lower middle income,90740827789.0,5781907.0,15693.92724390067,3571
2019,LA,Lao People's Democratic Republic (the),East Asia,Lower middle income,58445901222.0,7212053.0,8103.920093487943,3570
2019,KZ,Kazakhstan,West and Central Asia,Upper middle income,639644000000.0,18513673.0,34549.81623581663,3569
2019,KW,Kuwait,West and Central Asia,High income,228249000000.0,4441100.0,51394.699511382314,3568
2019,KR,Republic of Korea (the),East Asia,High income,2420380000000.0,51764822.0,46757.23602410919,3567
2019,KP,Democratic People's Republic of Korea,East Asia,Low income,,25755441.0,,3566
2019,KH,Cambodia,East Asia,Lower middle income,106286000000.0,16207746.0,6557.728631729545,3562
2019,KG,Kyrgyzstan,West and Central Asia,Lower middle income,40118581257.0,6456200.0,6213.96196787584,3561
2019,MN,Mongolia,East Asia,Upper middle income,51598831338.0,3232430.0,15962.861171935665,3590
2019,MM,Myanmar,East Asia,Lower middle income,345480000000.0,53040212.0,6513.548626087693,3589
2019,OM,Oman,West and Central Asia,High income,175810000000.0,4602768.0,38196.58084005103,3608
2019,NP,Nepal,West and Central Asia,Lower middle income,130918000000.0,28832496.0,4540.640532821022,3605
2019,MY,Malaysia,East Asia,Upper middle income,1046710000000.0,32804020.0,31907.979570796506,3597
2019,MV,Maldives,West and Central Asia,Upper middle income,10659605470.0,504508.0,21128.714450514166,3594
2019,SA,Saudi Arabia,West and Central Asia,High income,1883430000000.0,35827362.0,52569.59750483443,3623
2019,QA,Qatar,West and Central Asia,High income,298593000000.0,2807235.0,106365.51624641329,3618
2019,PK,Pakistan,West and Central Asia,Lower middle income,1222310000000.0,223293280.0,5474.011577957026,3613
2019,PH,Philippines,East Asia,Lower middle income,1047360000000.0,110380804.0,9488.606370361282,3612
2019,SY,Syrian Arab Republic (the),West and Central Asia,Low income,98214065503.0,20098251.0,4886.697131158328,3639
2019,SG,Singapore,East Asia,High income,685079000000.0,5703569.0,120114.0899671767,3628
2019,TR,Türkiye,West and Central Asia,Upper middle income,2323130000000.0,83481684.0,27828.02033557445,3649
2019,TM,Turkmenistan,West and Central Asia,Upper middle income,103633000000.0,6158420.0,16827.855196625107,3646
2019,TL,Timor-Leste,East Asia,Lower middle income,6630203372.0,1280438.0,5178.074512002924,3645
2019,TJ,Tajikistan,West and Central Asia,Lower middle income,34783268091.0,9337003.0,3725.3140103949845,3644
2019,TH,Thailand,East Asia,Upper middle income,1521840000000.0,71307763.0,21341.855864977842,3643
2019,YE,Yemen,West and Central Asia,Low income,,31546691.0,,3663
2019,VN,Viet Nam,East Asia,Lower middle income,1130000000000.0,95776716.0,11798.274645374144,3660
2019,UZ,Uzbekistan,West and Central Asia,Lower middle income,288610000000.0,33580350.0,8594.609645224067,3657
2019,BH,Bahrain,West and Central Asia,High income,84203097859.0,1494188.0,56353.75057154789,3491
2019,BD,Bangladesh,West and Central Asia,Lower middle income,1127730000000.0,165516222.0,6813.410712093223,3487
2019,AZ,Azerbaijan,West and Central Asia,Upper middle income,201503000000.0,10024283.0,20101.48755776348,3484
2019,CN,China,East Asia,Upper middle income,26494500000000.0,1407745000.0,18820.525024063307,3510
2019,BN,Brunei Darussalam,East Asia,High income,35515401717.0,438048.0,81076.506951293,3494
2019,AM,Armenia,West and Central Asia,Upper middle income,48038006360.0,2820602.0,17031.118307368426,3479
2020,AM,Armenia,West and Central Asia,Upper middle income,44579269902.0,2805608.0,15889.343736544806,3672
2020,AZ,Azerbaijan,West and Central Asia,Upper middle income,193042000000.0,10093121.0,19126.09588253227,3677
2020,BD,Bangladesh,West and Central Asia,Lower middle income,1166610000000.0,167420951.0,6968.1243179654375,3680
2020,BH,Bahrain,West and Central Asia,High income,79225547128.0,1477469.0,53622.47676804048,3684
2020,BT,Bhutan,West and Central Asia,Lower middle income,9994629330.0,772506.0,12937.931006361116,3691
2020,CY,Cyprus,West and Central Asia,High income,39432404009.0,1237537.0,31863.61620622252,3708
2020,JO,Jordan,West and Central Asia,Lower middle income,98033033195.0,10928721.0,8970.220137836806,3751
2020,JP,Japan,East Asia,High income,5428270000000.0,126261000.0,42992.4521427836,3752
2020,GE,Georgia,West and Central Asia,Upper middle income,63402112373.0,3722716.0,17031.1440284459,3729
2020,LK,Sri Lanka,West and Central Asia,Lower middle income,304382000000.0,21919000.0,13886.673662119621,3767
2020,ID,Indonesia,East Asia,Upper middle income,3404560000000.0,271857970.0,12523.303988476042,3742
2020,IL,Israel,West and Central Asia,High income,395475000000.0,9215100.0,42915.9748673373,3744
2020,IN,India,West and Central Asia,Lower middle income,10378700000000.0,1396387127.0,7432.537724905566,3745
2020,IQ,Iraq,West and Central Asia,Upper middle income,540256000000.0,42556984.0,12694.884581106593,3746
2020,IR,Iran (Islamic Republic of),West and Central Asia,Upper middle income,1262970000000.0,87290193.0,14468.63566907224,3747
2020,MM,Myanmar,East Asia,Lower middle income,314220000000.0,53423198.0,5881.714531578585,3782
2020,MN,Mongolia,East Asia,Upper middle income,49247084584.0,3294335.0,14949.021451673858,3783
2020,KG,Kyrgyzstan,West and Central Asia,Lower middle income,37250512879.0,6579900.0,5661.258207419565,3754
2020,KH,Cambodia,East Asia,Lower middle income,102507000000.0,16396860.0,6251.623786505465,3755
2020,KP,Democratic People's Republic of Korea,East Asia,Low income,,25867467.0,,3759
2020,KR,Republic of Korea (the),East Asia,High income,2403210000000.0,51836239.0,46361.58113245832,3760
2020,KW,Kuwait,West and Central Asia,High income,217253000000.0,4360444.0,49823.59594573396,3761
2020,KZ,Kazakhstan,West and Central Asia,Upper middle income,623653000000.0,18755666.0,33251.44518994953,3762
2020,LA,Lao People's Democratic Republic (the),East Asia,Lower middle income,58739902708.0,7319399.0,8025.235775232365,3763
2020,LB,Lebanon,West and Central Asia,Lower middle income,71322381663.0,5662923.0,12594.623247217029,3764
2020,NP,Nepal,West and Central Asia,Lower middle income,127816000000.0,29348627.0,4355.092999750891,3798
2020,SA,Saudi Arabia,West and Central Asia,High income,1811770000000.0,35997107.0,50330.989098651735,3816
2020,MV,Maldives,West and Central Asia,Upper middle income,7151654162.0,514438.0,13901.877703435594,3787
2020,MY,Malaysia,East Asia,Upper middle income,989590000000.0,33199993.0,29806.933995437892,3790
2020,SY,Syrian Arab Republic (the),West and Central Asia,Low income,97529361721.0,20772595.0,4695.097638065923,3832
2020,OM,Oman,West and Central Asia,High income,169868000000.0,4543399.0,37387.8675414596,3801
2020,PH,Philippines,East Asia,Lower middle income,947668000000.0,112190977.0,8446.918151002465,3805
2020,PK,Pakistan,West and Central Asia,Lower middle income,1206740000000.0,227196741.0,5311.431821990792,3806
2020,QA,Qatar,West and Central Asia,High income,287970000000.0,2760385.0,104322.40430229841,3811
2020,SG,Singapore,East Asia,High income,658945000000.0,5685807.0,115892.9594339027,3821
2020,UZ,Uzbekistan,West and Central Asia,Lower middle income,293122000000.0,34232050.0,8562.794223541972,3850
2020,VN,Viet Nam,East Asia,Lower middle income,1162380000000.0,96648685.0,12026.857892582811,3853
2020,YE,Yemen,West and Central Asia,Low income,,32284046.0,,3856
2020,TH,Thailand,East Asia,Upper middle income,1429770000000.0,71475664.0,20003.591711998648,3836
2020,TJ,Tajikistan,West and Central Asia,Lower middle income,36313732275.0,9543207.0,3805.1917217136756,3837
2020,TL,Timor-Leste,East Asia,Lower middle income,8749343574.0,1299995.0,6730.290173423744,3838
2020,TM,Turkmenistan,West and Central Asia,Upper middle income,109747000000.0,6250438.0,17558.289515070785,3839
2020,TR,Türkiye,West and Central Asia,Upper middle income,2366340000000.0,84135428.0,28125.369493574097,3842
2020,BN,Brunei Darussalam,East Asia,High income,35917994866.0,441725.0,81313.02250495218,3687
2020,AE,United Arab Emirates (the),West and Central Asia,High income,618444000000.0,9287289.0,66590.36883637411,3668
2020,AF,Afghanistan,West and Central Asia,Low income,108209000000.0,38972230.0,2776.5668015404817,3669
2020,CN,China,East Asia,Upper middle income,27114500000000.0,1411100000.0,19215.15130040394,3703
2021,TR,Türkiye,West and Central Asia,Upper middle income,2637030000000.0,84775404.0,31106.07411555361,4035
2021,TM,Turkmenistan,West and Central Asia,Upper middle income,116552000000.0,6341855.0,18378.218991131143,4032
2021,TL,Timor-Leste,East Asia,Lower middle income,9214418303.0,1320942.0,6975.6418548278425,4031
2021,TJ,Tajikistan,West and Central Asia,Lower middle income,39727222945.0,9750064.0,4074.560222886742,4030
2021,TH,Thailand,East Asia,Upper middle income,1451960000000.0,71601103.0,20278.458559500123,4029
2021,SY,Syrian Arab Republic (the),West and Central Asia,Low income,99337766654.0,21324367.0,4658.4157294798015,4025
2021,YE,Yemen,West and Central Asia,Low income,,32981641.0,,4049
2021,VN,Viet Nam,East Asia,Lower middle income,1192060000000.0,97468029.0,12230.266808821998,4046
2021,UZ,Uzbekistan,West and Central Asia,Lower middle income,316674000000.0,34915100.0,9069.829386139521,4043
2021,AE,United Arab Emirates (the),West and Central Asia,High income,645376000000.0,9365145.0,68912.54753663718,3861
2021,BN,Brunei Darussalam,East Asia,High income,35346624879.0,445373.0,79364.09454322557,3880
2021,BH,Bahrain,West and Central Asia,High income,82671890844.0,1463265.0,56498.2356879991,3877
2021,BD,Bangladesh,West and Central Asia,Lower middle income,1247560000000.0,169356251.0,7366.48333104634,3873
2021,AZ,Azerbaijan,West and Central Asia,Upper middle income,203884000000.0,10137750.0,20111.365934255628,3870
2021,AM,Armenia,West and Central Asia,Upper middle income,47164867557.0,2790974.0,16899.07091825291,3865
2021,CN,China,East Asia,Upper middle income,29438200000000.0,1412360000.0,20843.26942139398,3896
2021,BT,Bhutan,West and Central Asia,Lower middle income,10436528612.0,777486.0,13423.429633459638,3884
2021,CY,Cyprus,West and Central Asia,High income,43923040810.0,1244188.0,35302.57550305902,3901
2021,GE,Georgia,West and Central Asia,Upper middle income,70150781358.0,3708610.0,18915.653400600226,3922
2021,JO,Jordan,West and Central Asia,Lower middle income,101617000000.0,11148278.0,9115.040008869531,3944
2021,MM,Myanmar,East Asia,Lower middle income,276462000000.0,53798084.0,5138.881897727064,3975
2021,IR,Iran (Islamic Republic of),West and Central Asia,Upper middle income,1322580000000.0,87923432.0,15042.406442915013,3940
2021,IQ,Iraq,West and Central Asia,Upper middle income,548372000000.0,43533592.0,12596.525460154999,3939
2021,IN,India,West and Central Asia,Lower middle income,11384400000000.0,1407563842.0,8088.01679916981,3938
2021,IL,Israel,West and Central Asia,High income,432603000000.0,9364700.0,46195.07298685489,3937
2021,ID,Indonesia,East Asia,Upper middle income,3530620000000.0,273753191.0,12897.091672622731,3935
2021,LK,Sri Lanka,West and Central Asia,Lower middle income,317188000000.0,22156000.0,14316.122043690197,3960
2021,NP,Nepal,West and Central Asia,Lower middle income,134000000000.0,30034989.0,4461.463262064121,3991
2021,LB,Lebanon,West and Central Asia,Lower middle income,66328931530.0,5592631.0,11860.058625358977,3957
2021,LA,Lao People's Democratic Republic (the),East Asia,Lower middle income,60225053628.0,7425057.0,8111.056067044334,3956
2021,KZ,Kazakhstan,West and Central Asia,Upper middle income,650470000000.0,19000988.0,34233.483016777864,3955
2021,KW,Kuwait,West and Central Asia,High income,220886000000.0,4250114.0,51971.78240395434,3954
2021,KR,Republic of Korea (the),East Asia,High income,2506660000000.0,51744876.0,48442.6709226243,3953
2021,KP,Democratic People's Republic of Korea,East Asia,Low income,,25971909.0,,3952
2021,KH,Cambodia,East Asia,Lower middle income,105674000000.0,16589023.0,6370.115949564963,3948
2021,KG,Kyrgyzstan,West and Central Asia,Lower middle income,39301901464.0,6691800.0,5873.143468722915,3947
2021,JP,Japan,East Asia,High income,5574650000000.0,125681593.0,44355.34167680386,3945
2021,MN,Mongolia,East Asia,Upper middle income,50053145882.0,3347782.0,14951.136568032207,3976
2021,MY,Malaysia,East Asia,Upper middle income,1022400000000.0,33573874.0,30452.24986547576,3983
2021,MV,Maldives,West and Central Asia,Upper middle income,9834087309.0,521457.0,18858.865273646723,3980
2021,QA,Qatar,West and Central Asia,High income,292655000000.0,2688235.0,108865.11037911492,4004
2021,PK,Pakistan,West and Central Asia,Lower middle income,1285340000000.0,231402117.0,5554.573210754161,3999
2021,PH,Philippines,East Asia,Lower middle income,1001820000000.0,113880328.0,8797.129562183909,3998
2021,OM,Oman,West and Central Asia,High income,174254000000.0,4520471.0,38547.75309917927,3994
2021,SG,Singapore,East Asia,High income,723237000000.0,5453566.0,132617.2636399743,4014
2021,SA,Saudi Arabia,West and Central Asia,High income,1929890000000.0,35950396.0,53682.023419157886,4009
2021,AF,Afghanistan,West and Central Asia,Low income,85767546198.0,40099462.0,2138.8702471369816,3862
2022,AF,Afghanistan,West and Central Asia,Low income,80415503801.0,41128771.0,1955.2129043924022,4055
2022,AE,United Arab Emirates (the),West and Central Asia,High income,693842000000.0,9441129.0,73491.42247712112,4054
2022,UZ,Uzbekistan,West and Central Asia,Lower middle income,335678000000.0,35648100.0,9416.43453648301,4236
2022,VN,Viet Nam,East Asia,Lower middle income,1293830000000.0,98186856.0,13177.222010245445,4239
2022,YE,Yemen,West and Central Asia,Low income,,33696614.0,,4242
2022,BN,Brunei Darussalam,East Asia,High income,34771064638.0,449002.0,77440.77896757699,4073
2022,BT,Bhutan,West and Central Asia,Lower middle income,10980675421.0,782455.0,14033.619084803599,4077
2022,CN,China,East Asia,Upper middle income,30360900000000.0,1412175000.0,21499.389240002125,4089
2022,CY,Cyprus,West and Central Asia,High income,47087637838.0,1251488.0,37625.321088176635,4094
2022,GE,Georgia,West and Central Asia,Upper middle income,77838277278.0,3712502.0,20966.528039042132,4115
2022,LB,Lebanon,West and Central Asia,Lower middle income,65916578511.0,5489739.0,12007.233588154191,4150
2022,ID,Indonesia,East Asia,Upper middle income,3718000000000.0,275501339.0,13495.397203858962,4128
2022,IL,Israel,West and Central Asia,High income,459698000000.0,9550600.0,48132.89217431365,4130
2022,IN,India,West and Central Asia,Lower middle income,12250600000000.0,1417173173.0,8644.391690019664,4131
2022,IQ,Iraq,West and Central Asia,Upper middle income,592017000000.0,44496122.0,13304.912279771257,4132
2022,IR,Iran (Islamic Republic of),West and Central Asia,Upper middle income,1372530000000.0,88550570.0,15499.95669141373,4133
2022,MM,Myanmar,East Asia,Lower middle income,287624000000.0,54179306.0,5308.7427882520315,4168
2022,JO,Jordan,West and Central Asia,Lower middle income,104307000000.0,11285869.0,9242.265704129652,4137
2022,JP,Japan,East Asia,High income,5627160000000.0,125124989.0,44972.31164591751,4138
2022,KG,Kyrgyzstan,West and Central Asia,Lower middle income,42826301522.0,6803300.0,6294.930625137801,4140
2022,KH,Cambodia,East Asia,Lower middle income,111095000000.0,16767842.0,6625.4798918071865,4141
2022,KP,Democratic People's Republic of Korea,East Asia,Low income,,26069416.0,,4145
2022,KR,Republic of Korea (the),East Asia,High income,2572150000000.0,51628117.0,49820.72075183373,4146
2022,KW,Kuwait,West and Central Asia,High income,235815000000.0,4268873.0,55240.57520568075,4147
2022,KZ,Kazakhstan,West and Central Asia,Upper middle income,671285000000.0,19621972.0,34210.88359518605,4148
2022,LA,Lao People's Democratic Republic (the),East Asia,Lower middle income,61855602706.0,7529475.0,8215.128240149546,4149
2022,NP,Nepal,West and Central Asia,Lower middle income,141546000000.0,30547580.0,4633.624005567708,4184
2022,LK,Sri Lanka,West and Central Asia,Lower middle income,293878000000.0,22181000.0,13249.087056489789,4153
2022,MN,Mongolia,East Asia,Upper middle income,52572175378.0,3398366.0,15469.839145636462,4169
2022,MV,Maldives,West and Central Asia,Upper middle income,11193757025.0,523787.0,21370.81872020497,4173
2022,MY,Malaysia,East Asia,Upper middle income,1113000000000.0,33938221.0,32794.883385313566,4176
2022,OM,Oman,West and Central Asia,High income,188169000000.0,4576298.0,41118.17018909171,4187
2022,PH,Philippines,East Asia,Lower middle income,1077770000000.0,115559009.0,9326.577039095238,4191
2022,PK,Pakistan,West and Central Asia,Lower middle income,1346760000000.0,235824862.0,5710.848248052828,4192
2022,QA,Qatar,West and Central Asia,High income,304903000000.0,2695122.0,113131.42781662574,4197
2022,SA,Saudi Arabia,West and Central Asia,High income,2161490000000.0,36408820.0,59367.20827535746,4202
2022,SG,Singapore,East Asia,High income,752948000000.0,5637022.0,133571.94632201188,4207
2022,SY,Syrian Arab Republic (the),West and Central Asia,Low income,100066000000.0,22125249.0,4522.706162538555,4218
2022,TH,Thailand,East Asia,Upper middle income,1489430000000.0,71697030.0,20773.94279790948,4222
2022,TJ,Tajikistan,West and Central Asia,Lower middle income,42905400916.0,9952787.0,4310.893111246126,4223
2022,TL,Timor-Leste,East Asia,Lower middle income,7321630759.0,1341296.0,5458.624165732247,4224
2022,TM,Turkmenistan,West and Central Asia,Upper middle income,123778000000.0,6430770.0,19247.772817252055,4225
2022,TR,Türkiye,West and Central Asia,Upper middle income,2782950000000.0,85341241.0,32609.673440300685,4228
2022,BH,Bahrain,West and Central Asia,High income,87781147011.0,1472233.0,59624.493548915154,4070
2022,AM,Armenia,West and Central Asia,Upper middle income,53107640869.0,2780469.0,19100.245630862995,4058
2022,AZ,Azerbaijan,West and Central Asia,Upper middle income,213497000000.0,10175016.0,20982.473147953773,4063
2022,BD,Bangladesh,West and Central Asia,Lower middle income,1336140000000.0,171186372.0,7805.177388770177,4066
2023,YE,Yemen,West and Central Asia,Low income,,33696614.0,,4435
2023,TR,Türkiye,West and Central Asia,Upper middle income,2925190000000.0,85341241.0,34276.393988692995,4421
2023,TM,Turkmenistan,West and Central Asia,Upper middle income,131576000000.0,6430770.0,20460.3803277057,4418
2023,TL,Timor-Leste,East Asia,Lower middle income,5994600489.0,1341296.0,4469.259946350396,4417
2023,TJ,Tajikistan,West and Central Asia,Lower middle income,46466548855.0,9952787.0,4668.697205616879,4416
2023,TH,Thailand,East Asia,Upper middle income,1519480000000.0,71697030.0,21193.067551054766,4415
2023,SY,Syrian Arab Republic (the),West and Central Asia,Low income,98857637916.0,22125249.0,4468.091541749429,4411
2023,AF,Afghanistan,West and Central Asia,Low income,82238478028.0,41128771.0,1999.536480873693,4248
2023,AE,United Arab Emirates (the),West and Central Asia,High income,718950000000.0,9441129.0,76150.85017904108,4247
2023,BH,Bahrain,West and Central Asia,High income,91185401848.0,1472233.0,61936.80066130836,4263
2023,BD,Bangladesh,West and Central Asia,Lower middle income,1413300000000.0,171186372.0,8255.914203263797,4259
2023,AZ,Azerbaijan,West and Central Asia,Upper middle income,216388000000.0,10175016.0,21266.600465296564,4256
2023,AM,Armenia,West and Central Asia,Upper middle income,57515575061.0,2780469.0,20685.566018178946,4251
2023,BT,Bhutan,West and Central Asia,Lower middle income,11516817216.0,782455.0,14718.82372277,4270
2023,BN,Brunei Darussalam,East Asia,High income,35163158529.0,449002.0,78314.03541409616,4266
2023,CY,Cyprus,West and Central Asia,High income,48389097653.0,1251488.0,38665.25100760055,4287
2023,CN,China,East Asia,Upper middle income,32004900000000.0,1412175000.0,22663.550905518085,4282
2023,GE,Georgia,West and Central Asia,Upper middle income,83934727816.0,3712502.0,22608.668713444466,4308
2023,IR,Iran (Islamic Republic of),West and Central Asia,Upper middle income,1441770000000.0,88550570.0,16281.882770489225,4326
2023,IN,India,West and Central Asia,Lower middle income,13376600000000.0,1417173173.0,9438.931144655531,4324
2023,IL,Israel,West and Central Asia,High income,468095000000.0,9550600.0,49012.10395158419,4323
2023,ID,Indonesia,East Asia,Upper middle income,3905720000000.0,275501339.0,14176.773202543309,4321
2023,LB,Lebanon,West and Central Asia,Lower middle income,65415227251.0,5489739.0,11915.908434080382,4343
2023,LA,Lao People's Democratic Republic (the),East Asia,Lower middle income,64172516512.0,7529475.0,8522.840770704464,4342
2023,KW,Kuwait,West and Central Asia,High income,231884000000.0,4268873.0,54319.72326185389,4340
2023,KR,Republic of Korea (the),East Asia,High income,2607050000000.0,51628117.0,50496.70899289238,4339
2023,KP,Democratic People's Republic of Korea,East Asia,Low income,,26069416.0,,4338
2023,KH,Cambodia,East Asia,Lower middle income,116658000000.0,16767842.0,6957.24589962143,4334
2023,KG,Kyrgyzstan,West and Central Asia,Lower middle income,46686361488.0,6803300.0,6862.311156056619,4333
2023,JP,Japan,East Asia,High income,5710170000000.0,125124989.0,45635.728287656435,4331
2023,JO,Jordan,West and Central Asia,Lower middle income,107315000000.0,11285869.0,9508.793695904144,4330
2023,IQ,Iraq,West and Central Asia,Upper middle income,595082000000.0,44496122.0,13373.794687096552,4325
2023,LK,Sri Lanka,West and Central Asia,Lower middle income,287031000000.0,22181000.0,12940.399440962987,4346
2023,KZ,Kazakhstan,West and Central Asia,Upper middle income,705520000000.0,19621972.0,35955.61139318719,4341
2023,MY,Malaysia,East Asia,Upper middle income,1152570000000.0,33938221.0,33960.82546577795,4369
2023,MV,Maldives,West and Central Asia,Upper middle income,11722817856.0,523787.0,22380.887375975348,4366
2023,MN,Mongolia,East Asia,Upper middle income,56474141516.0,3398366.0,16618.0280511281,4362
2023,MM,Myanmar,East Asia,Lower middle income,290381000000.0,54179306.0,5359.629375835859,4361
2023,QA,Qatar,West and Central Asia,High income,308522000000.0,2695122.0,114474.22417241223,4390
2023,PK,Pakistan,West and Central Asia,Lower middle income,1346220000000.0,235824862.0,5708.55841314984,4385
2023,PH,Philippines,East Asia,Lower middle income,1137250000000.0,115559009.0,9841.292425759726,4384
2023,OM,Oman,West and Central Asia,High income,190403000000.0,4576298.0,41606.337699162075,4380
2023,NP,Nepal,West and Central Asia,Lower middle income,144352000000.0,30547580.0,4725.480709110181,4377
2023,SG,Singapore,East Asia,High income,766662000000.0,5637022.0,136004.7911822945,4400
2023,SA,Saudi Arabia,West and Central Asia,High income,2173210000000.0,36408820.0,59689.10829848372,4395
2023,VN,Viet Nam,East Asia,Lower middle income,1359360000000.0,98186856.0,13844.622950346837,4432
2023,UZ,Uzbekistan,West and Central Asia,Lower middle income,356797000000.0,35648100.0,10008.86442755715,4429
