Period,Unit,Diversity Share,Ecosystem Complexity Index,Complexity Outlook Index,Growth Outlook Index
2001,KE,0.06727739595933245,-1.5302582034248082,35.71684646830569,67.71926301354651
2001,AR,0.20888627931260767,-0.19821565561064483,212.81123950167344,218.85086757775412
2001,UY,0.12190247388650911,-0.6974053162398157,103.13661885453364,126.65488017880655
2001,OM,0.0622256527912076,-1.1879818415777372,26.54474259813095,65.8896226436027
2001,CZ,0.39292053364853446,0.22399474647961498,350.935094950712,324.1873880303845
2001,ZW,0.05713986807035016,-1.5500453858476961,24.066122451161498,56.33501350789527
2001,IR,0.08135052410946772,-0.5481281154391516,58.920866213647706,91.12586137600111
2001,AD,0.10806843177458086,-0.26623052329853536,92.20601769040913,114.93687503990623
2001,NZ,0.42064065483545515,0.31888399304076753,344.3017449365213,341.66990182522784
2001,PA,0.15118753947818417,-0.6022991617069918,135.32946373613382,149.96363201529977
2001,DE,0.6014526818192085,0.6082305755000127,186.95936981666298,321.1413471866084
2001,PE,0.07517480495609333,-1.5524571764760642,21.04590677394292,72.33727064600569
2001,CY,0.23496691003349976,0.10078116494980126,218.4011115165011,239.36501751056778
2001,NR,0.02626014025530813,-0.6696710246948699,17.318313075994517,29.727399356264666
2001,PG,0.02553252859092333,-2.5862871641356877,4.444252044829255,20.281527969971542
2001,IQ,0.008502946455601887,-0.44820080246051425,7.107069250958184,10.396202673382325
2001,DJ,0.011977322646440488,-1.9735678100344758,-2.543899573323019,10.871890230173525
2001,PH,0.07771162769074211,-1.0582307786356204,42.618842561031535,77.13762062969306
2001,NP,0.03251986552431874,-1.7828683096901328,4.583972584269438,31.89502109157101
2001,CV,0.012917257152782321,-1.524081485958743,-6.2661173034292545,12.215718402223638
2001,DK,0.5166474417876847,0.3638496744387547,357.7864155217376,351.46928229970547
2001,NO,0.42994850657511585,0.564104952589407,306.99467866396134,351.1447806127512
2001,CU,0.06872563441802099,-0.6009630947331503,61.959909229430146,79.91716051339394
2001,ZM,0.030229558100445805,-2.2195564162594237,5.895559293157802,26.738084499771933
2001,PK,0.04522763812488218,-1.436781807628498,9.283408736883997,45.82599213645822
2001,IS,0.19656078782167724,0.1800091001980152,222.4495442656969,208.6003342145537
2001,CR,0.12307631829403523,-1.1051896394592455,84.88949734766273,123.86443119752795
2001,PL,0.29180596292412747,0.0037815511436967487,278.1608343603926,284.0398137595783
2001,AE,0.2114721884886837,-0.3302867777706631,200.44321739247164,210.50358669775466
2001,NL,0.5985715128520706,0.4380468237814561,292.36572674591275,333.4912040523293
2001,DM,0.06174146221277355,-1.0707595670933532,26.02300800552741,61.56179577866719
2001,CO,0.12369828407677706,-0.5901238154742737,94.77234411994947,137.0022795720654
2001,PT,0.335660436579735,-0.0592892013751434,337.18783066747125,303.487522614758
2001,DO,0.05710433187131373,-1.8552477429040763,7.442102881690445,47.7990102224318
2001,ZA,0.30825114335746573,0.027855030507917943,301.7770216093891,285.9332941978289
2001,CN,0.18329838854090866,-0.13737019512452606,164.289940165661,188.54969691762577
2001,NI,0.0387497578547818,-2.1461896476443636,-7.880074279993559,32.18862222415382
2001,DZ,0.029852266099405722,-0.5218956812681848,25.02081896631838,36.621363644903994
2001,PW,0.007994494101640527,-2.375490659858316,-4.102387350353099,6.203808250825578
2001,IN,0.10482323070530311,-0.35266890614996355,83.30893358040773,117.40995678406578
2001,NG,0.027666377515517586,-1.377119972621458,13.488938781215964,30.25263929848514
2001,PY,0.03173291467450459,-1.8872974513071767,5.052359623035745,28.592266199134745
2001,EC,0.06040860401238324,-1.5375378024121649,6.53846905942994,60.29666880198618
2001,QA,0.061107784957321123,-0.5104655901478256,62.425129377590096,71.35957816372327
2001,NE,0.019309504545272128,-1.8391605939953648,0.9311021387777568,19.40554461333969
2001,CM,0.04716010047293749,-1.4643279192048824,32.40970812120111,49.32070603245125
2001,NA,0.045981869716101714,-1.5747162839962192,12.62566881598722,42.20854322446983
2001,RO,0.1477438735138423,-0.4074687350175638,129.01748019405218,152.72957819593375
2001,EE,0.244898432981063,-0.24190623331812722,245.90955498303103,238.72143496325654
2001,IT,0.5430730119222994,0.47258022200857447,293.1594523709694,338.9989531892515
2001,MZ,0.018706820342902934,-1.9954889713425519,-1.4574523486093458,17.06289005088256
2001,CL,0.17586162142058578,-0.48064295527385176,165.54240183933217,187.0140435002478
2001,RS,0.06913226406672655,0.21831595638400908,81.1350863408661,95.18511105735071
2001,MY,0.24445595570637876,-0.039214191714571696,231.99863497982565,241.7820488286897
2001,EG,0.08942091223662045,-0.7372852923221256,56.69233925412699,100.44883647303332
2001,RU,0.21524039179588986,0.3959421554218007,215.39707456740433,226.22008140452394
2001,CI,0.04090596336197161,-2.2412555760513904,2.4381784970841798,35.62209459884973
2001,MX,0.22168398996273936,-0.22277410241253126,211.52864421401713,223.71897379300034
2001,ER,0.009182605429353527,-1.5981133557173919,1.8073144189213912,8.793296544633751
2001,CH,0.5631741080677587,0.6537758969284229,204.2975373629312,338.18803444632044
2001,RW,0.006779660437370452,-2.660150987042188,-0.8179642539047302,5.490096180326675
2001,AF,0.00950064801096714,-1.0172980174210555,-1.5261727245711032,10.584450700248011
2001,ES,0.5064629132643644,0.2898497690760425,372.6459106433063,352.2861728146468
2001,MW,0.02398036187186215,-2.416611466700492,-0.998132947980798,20.814742815749266
2001,SA,0.12204195899005353,-0.18074970224016584,125.44364647433184,141.9293513546179
2001,MV,0.019421121387263308,-2.400478620104865,-11.128955324821195,13.019094156536886
2001,YE,0.015633051730183062,-2.105501352625575,-5.474220105851386,13.859126391155586
2001,SB,0.010573309473087123,-2.3814754457922023,-3.4622854213276613,7.724746560136566
2001,CG,0.015007158031423409,-2.6642338762938915,2.7852401325357588,11.063304972032395
2001,MU,0.12449294630280885,-0.1593701764687655,115.66070906187417,131.90795556419224
2001,SC,0.039202866962064827,-0.17252017937980266,37.53646052518231,43.148998136665064
2001,CF,0.00982687701121179,-1.5647618957837328,3.136470591388787,9.779986489547532
2001,ET,0.020784626428211914,-2.0805899403183186,6.644132974212269,19.5684647646534
2001,MT,0.1179702584807345,0.042095956894099174,112.86812601347627,134.6011782221738
2001,SD,0.019047650661552992,-1.8645439853903991,7.048061649924153,17.877955084682295
2001,CD,0.0058760914005630835,-2.3877097190079097,0.5844053425938287,4.619499363224515
2001,SE,0.5618148856651242,0.6124310012863896,220.80510920087198,356.12954220364946
2001,FI,0.48514189980227784,0.6069154715120221,271.9899932664095,356.9919476968581
2001,MR,0.02613525907603339,-0.24239422906471825,26.070542516332413,28.607380280407945
2001,CA,0.5239816829842137,0.4885596078480111,297.4754672173685,356.9227554659829
2001,AG,0.035180706989509675,-0.561708263253851,21.50615484149454,37.199765958184535
2001,MN,0.029999265034560237,-2.2530897012948805,0.9772915012502768,23.437319765158954
2001,WS,0.03760958284039549,-0.4526950489757897,20.84981161554721,40.566432688039654
2001,MM,0.02109546844103507,-2.725637697860731,-16.516989764836207,14.131105427451871
2001,SG,0.46534224875768776,0.48967599619738955,282.32841313154626,357.3244870410743
2001,IL,0.4116085085162383,0.4555935373147712,306.41322747519104,329.2143715020749
2001,FJ,0.04688314385618465,-2.092314488767112,-4.893001324558128,38.05542302101713
2001,ML,0.02472882429562359,-1.539923737740209,12.251891451983235,26.813496015773723
2001,BZ,0.04947620282431314,-1.0209134158525914,18.460398731851292,50.63099510614572
2001,JM,0.08230639051861882,-0.9582981808549544,53.51699607479362,84.82354875232883
2001,MK,0.09764825761410949,-1.1480102702357018,51.10638300071439,96.2070739027645
2001,FM,0.010257601659229624,-2.68355229988226,-6.739867562206012,6.736392678847485
2001,SI,0.35837340769588044,0.18901980441350383,336.19076214707377,318.44310927875176
2001,BY,0.1549721372572692,-0.1821128824653834,143.37087118725626,169.97845245389493
2001,FR,0.5799263408524662,0.4919908794623497,269.62570688992315,330.18514372440524
2001,MH,0.007936594090424102,-1.0478169665683732,2.1003371800930335,7.678425934265359
2001,AL,0.04513109386926333,-1.6157357519157831,7.443216991492926,39.406782810574775
2001,SK,0.3042056012713249,0.11398845808671272,290.3215936949123,291.5353016290872
2001,VU,0.019754970083876316,-0.7980484390843824,11.13380937967836,18.904104806320525
2001,BW,0.03139464526397276,-1.5570019407669142,18.663809976103835,32.31855904990028
2001,MG,0.028443529607365764,-2.6189195566360732,-14.361343055856825,20.742833395720115
2001,ME,0.008802281886587682,0.39803126396085764,9.546331256230149,12.914924611914033
2001,BT,0.01206806379898938,-1.4098813551625327,-0.3994714900203992,12.469204196932282
2001,SL,0.02039888302519991,-0.6296786026385194,6.756490884145976,24.140851631426862
2001,MD,0.07923828199838791,-0.7495725685063588,48.83712380626722,81.9129185219261
2001,BS,0.15031697166164734,0.45870703965293746,159.23242895814778,171.84316690897947
2001,GA,0.028864997314885385,-1.4433955872289816,19.54581636064871,29.219465905121325
2001,SM,0.055641580597259,-0.026562873517671486,50.28661487923514,68.82027098358857
2001,MC,0.11717798507171719,1.0741674723309445,159.3901295615827,148.373326766742
2001,GB,0.6031165993064689,0.6028019247941376,193.8969949223909,331.1284450721836
2001,BR,0.2021411372522788,-0.08887864587999847,198.28735476170075,213.51133412792106
2001,SN,0.039541076116856255,-2.094134722001848,10.249446838605989,34.88507861280624
2001,MA,0.11128352680317569,-1.0726640038769488,74.24133391226681,111.88432059328987
2001,JO,0.1359047175367023,-0.6834922287569353,119.86145232654418,146.71649884924193
2001,SO,0.004969669632489694,-2.150178232841294,-1.9967296070413345,4.2890128046448845
2001,VN,0.07870874619039345,-1.49219053056194,25.497090019754868,73.52978591245554
2001,SR,0.023013806151535445,-1.9268315306748633,-7.707442019291862,18.810843214692255
2001,LY,0.014082377505119738,-1.3806603508940085,7.53666097480581,13.841038349694925
2001,BO,0.03821123371277585,-1.93433665570587,-1.086864961175257,33.73201064513238
2001,SS,0.012555860745606386,0.4748222020742232,17.832572830779892,16.99881411765953
2001,AM,0.05296947046537541,-0.6114023743251407,40.83385110367284,59.87791105986798
2001,LV,0.18380917948323167,-0.2689484339035745,171.78992372339516,190.11726660263372
2001,GD,0.031118993127650454,-1.2294755694724804,7.814796443992216,31.43437868323351
2001,ST,0.016180292257246112,-1.4661321770436473,5.823448590337538,15.318490805187075
2001,BN,0.04102021065181573,-0.9041182257515818,27.26705481771556,43.17964031176936
2001,GE,0.0675120570430974,-0.44137158393106646,63.0133122977531,75.51970914675654
2001,SV,0.07737179262900741,-1.089944961279507,40.062046305358855,78.67238889150806
2001,LU,0.347551112704365,0.4950052226061515,267.7778196482666,297.9757804869889
2001,BJ,0.02458556351021341,-2.2506781434770597,8.007707196795392,22.49296882732677
2001,SY,0.04405479827487155,-1.5131590155686467,2.999871936555666,43.68458451179655
2001,GH,0.03836808715035884,-1.856305117737136,7.332320863637672,37.1289984482974
2001,BI,0.010542946979342063,-1.026048223539275,5.1116970418849945,12.266027191190236
2001,SZ,0.050484524124189134,-0.9089088044581578,19.84459719939951,52.938084898246636
2001,LT,0.16544046008183494,-0.566909171273057,137.90238051145244,162.88253129808763
2001,TD,0.002809729690618393,-2.0588552187965186,-0.16090048157113124,2.7317888430407207
2001,BH,0.06827033622244841,-0.8695690406224333,38.883726805744196,72.61070225460867
2001,GM,0.025403117718976628,-2.226371536636498,5.136240510324776,22.890803123512725
2001,IE,0.42792277899402636,0.5554365809610474,286.3599056912344,351.1724876308822
2001,VE,0.0896697549118722,-0.3596457212174695,83.30010683421314,104.53933393754568
2001,JP,0.47825496935800926,0.8383992357398409,190.21210682458667,329.22931800602663
2001,LS,0.016657187291934328,-2.4347365979176314,-8.685610854068942,10.397770785712375
2001,TG,0.02538531732755654,-2.542847317720361,-10.282447750304382,20.18481325177406
2001,BG,0.2282582300043252,-0.2510949915831996,225.59990906500914,228.02936716655455
2001,GN,0.011773854042556316,-3.2297668267281465,-7.678676196554602,7.302621716707469
2001,LR,0.008996091262955114,-1.6275877078475867,-0.39304770001972045,7.059637848777085
2001,TH,0.1991922742593451,-0.4691222259060786,183.7543379581869,198.8497278941707
2001,LK,0.07789252987277488,-1.334988152463281,43.667702725375214,73.08888817243295
2001,GQ,0.004770722608034743,-2.2264265993777164,-0.6394403903062988,3.6881188143816352
2001,AO,0.003286845547359382,-2.464494807440046,-1.5145340792138346,2.0320621780355457
2001,TJ,0.018490607417633538,-1.3562402343642344,2.0194172839390334,19.200407686431646
2001,BF,0.020271036090040696,-2.493393517236726,-1.4192578143733119,16.942352448728546
2001,GR,0.3283788502471624,-0.09348947032849156,330.57590882032434,300.262260389001
2001,LI,0.14951708111554213,1.2608690490348904,182.8623239654562,184.41533768176464
2001,LC,0.03134468851434384,-1.203740140318886,2.5335882929656277,31.869715851907014
2001,TL,0.004032648442211868,-1.1900394178267932,0.5905311605188753,4.435758383223757
2001,BE,0.5569206196885639,0.34162178212079614,359.6983198939777,323.08917527107087
2001,TM,0.012529689966411633,-2.3221641194979252,-7.701402646536082,9.656752842719534
2001,LB,0.13009604604705308,-0.710288826044111,102.1673149175513,134.89609511031776
2001,TN,0.12763334750543584,-0.8696725852519773,103.95373481123627,130.8472713888397
2001,GT,0.0926052657021482,-1.275339383696181,45.374899617415956,90.35344737756398
2001,LA,0.015512472229831435,-2.5741055568482025,-12.030817064037052,10.670858291508047
2001,TO,0.011531993731399277,-2.5565501448071792,-9.984913826956156,7.764491056912369
2001,VC,0.03166740452321911,-0.8696152762923285,15.013542325746236,31.03485951644618
2001,BD,0.03390030965971877,-1.5671619209162524,8.437310330883806,32.65473588529818
2001,GW,0.015468657433914212,-1.6271172906361189,8.092629833311284,14.447293938636506
2001,KZ,0.04778242151089604,-0.980778778891698,30.327604333700588,48.43935957789819
2001,TR,0.25665933721664036,-0.11743490353519244,249.9037054424105,258.5024840555631
2001,GY,0.048542036492594955,-1.250627304029493,19.79304511503502,45.69607632027188
2001,KW,0.0943555905088519,-0.26424499540305296,100.6453724966786,113.5718294176338
2001,BB,0.1192096518893186,-0.09926116884083837,112.57258166342353,132.42560865866935
2001,HN,0.049423011075578345,-2.308505044359865,-9.584044760534946,38.08465431919592
2001,TT,0.08790425752839329,-0.8385878625529752,58.32821043781734,91.41472626039642
2001,KR,0.4036851140930426,0.5295629899722507,291.39936007901963,320.18490456968
2001,BA,0.07620623140494986,-0.725181730852693,43.88484745271118,81.25434171314946
2001,TV,0.06635457931042042,-1.3975807829100124,26.207472563254008,58.09099729985374
2001,HR,0.23891657001532293,-0.19801369271207778,240.47153942732754,236.02543017681268
2001,UZ,0.027192965898010464,-1.5175988168228522,0.7919458180724007,26.682487248101264
2001,AZ,0.02502082704402141,-0.9131068565232682,14.158070676609903,27.037482592764114
2001,TZ,0.02947395167583755,-2.418958376482591,-0.7345385751546332,25.991983493067817
2001,KP,0.04142927756049728,-0.34008678807516146,28.74524939236895,47.150321325397144
2001,UA,0.15892379661311395,0.08626623203856318,157.67884822100294,172.38401398963472
2001,AU,0.5282346662139369,0.5408621498289442,269.82574293934147,363.23444948890574
2001,HT,0.01394576763451723,-2.852668023109497,-13.988242276091698,8.691234277629526
2001,KN,0.04219399652662528,-0.3431283896800615,35.249500047945844,47.89781261600912
2001,HU,0.30432597219842883,-0.021280554202777528,303.63357777997794,282.1100757679445
2001,UG,0.028044529783787978,-2.289709309064758,5.57950903322849,25.893375439624904
2001,KM,0.0035359470751788434,-1.3805279916223119,-0.6934514578965221,3.1848713778126703
2001,US,0.5935230418306107,0.5859042040817332,205.81749410576776,330.1945082862754
2001,KI,0.007440280617777571,-1.152597439494993,1.8223450347466053,7.7032319851438436
2001,AT,0.550023816793551,0.5299848481483969,268.23235636262496,330.8871538321523
2001,ID,0.11046845669659175,-0.8760325499283879,72.7752962832087,107.97836586006841
2001,KH,0.02565942347169405,-2.3624200740767907,-5.441943045153953,18.898508431470457
2001,KG,0.02737049378823168,-1.5259202374951828,3.08708135135213,26.85704962049484
2002,KE,0.06991491691138055,-1.5883513496948716,35.976809204651055,71.25281740137288
2002,AR,0.20127359355154748,-0.23646002601090033,208.19628391830042,221.07916894136721
2002,UY,0.11781093709192653,-0.6756791711583598,101.29661683457088,131.64799861464806
2002,OM,0.08282022352235964,-1.0383919864536657,50.76154122474314,94.1617474213154
2002,CZ,0.39631031116104987,0.24751725217294393,348.2528633761292,346.27592025524206
2002,ZW,0.07258122782728446,-1.650292935194752,35.50436944882719,72.33206061554255
2002,IR,0.09152030034598807,-0.5961770982427133,69.59697892811042,107.91175486467151
2002,AD,0.09513870858785567,-0.1468677520525467,88.16307089620247,110.54307839181565
2002,NZ,0.4288265458168924,0.2877257030672198,353.4734693759104,359.9881557316666
2002,PA,0.14552134287936175,-0.5668259669323927,130.67806056057515,156.27614289615244
2002,DE,0.6067424469338988,0.6257982371741299,158.38842612709348,338.81899805704376
2002,PE,0.07628376192107555,-1.5277415807864452,20.559179851929947,76.03764056549997
2002,CY,0.25139642001615375,0.08163360402390106,240.9216273426423,267.47265847431606
2002,NR,0.021435015422066137,-0.7308444179982078,12.693733980793233,24.104299944038033
2002,PG,0.027778898441189904,-2.313465510341451,7.82190294417932,23.588947032735266
2002,IQ,0.008969726193754454,-0.5985023947246008,7.178289716178822,11.29275747789502
2002,DJ,0.00985798642846326,-2.3395096571058045,-7.863159534436272,7.6265249210933606
2002,PH,0.08642596447378427,-0.8825320188422139,55.61584243739459,93.35955687435828
2002,NP,0.04081486073558897,-1.4433753508858256,17.17418192617789,44.02375749428471
2002,CV,0.01001883241943454,-1.6716560491644297,-4.805973254271617,9.471607618904493
2002,DK,0.5237791952947474,0.3818170855446906,343.05484136652524,373.69324688279715
2002,NO,0.44043594875317527,0.544399301101476,308.24773415320885,374.0019912402724
2002,CU,0.07696616970851525,-0.4942932164688751,75.32709982199458,94.0465410572568
2002,ZM,0.037840464148194114,-1.977423356390618,8.258256980588708,36.26568001546331
2002,PK,0.04934613514994691,-1.3794480572526477,12.776497194039091,52.78474264942605
2002,IS,0.19127057011568213,0.038207026223599276,220.51781516426044,214.1970307985886
2002,CR,0.12778523831974709,-1.1050983129644592,94.76514147969311,134.70190490101197
2002,PL,0.30084637245144086,-0.0035144085095941647,288.75228815954324,302.7837401215972
2002,AE,0.22087820431424993,-0.26964304203839784,209.06413004646978,229.64254558502816
2002,NL,0.6008802917076278,0.43046032083838354,286.3266945353656,350.4763163535078
2002,DM,0.04707317065450554,-1.4191266237851412,8.006936088915017,47.71902290395762
2002,CO,0.1219135072881798,-0.6288160057728353,93.47858814714402,141.741701360531
2002,PT,0.3515109620891191,-0.06364554093312014,355.6854739163589,327.79770642326304
2002,DO,0.0683171998598393,-1.4446953109222456,23.593191493424296,67.0667160574662
2002,ZA,0.31630633783671275,-0.01205833765004809,306.0888334886384,304.9471006007152
2002,CN,0.1927479423466133,-0.10582557153302943,175.57779175588888,206.54191007524062
2002,NI,0.034950837776063594,-2.3498180015349295,-12.082862735431656,27.55731572039817
2002,DZ,0.033914720059172745,-0.4228548830294216,28.38010053186436,43.60280142148579
2002,PW,0.007240782329283092,-2.3401030451249776,-4.427968912769551,5.940281227468016
2002,IN,0.1076703872495347,-0.36720485218218035,85.42895363609662,126.71372691099272
2002,NG,0.03214266400247192,-1.3488248138290353,16.18404964780105,37.781649337056244
2002,PY,0.0397551623805273,-1.6114011914578121,12.417006434168808,40.081969368862005
2002,EC,0.06213828974791948,-1.6142149855197432,9.4186218402494,65.06555326610007
2002,QA,0.0619809071552096,-0.6387962055094858,61.75290658181971,72.53132025466574
2002,NE,0.02040682312434391,-1.909579678960128,1.5782342702340373,21.35991747634544
2002,CM,0.042846936002723296,-1.7653664953583483,20.685011623529896,44.77516364393017
2002,NA,0.06304050787270403,-1.3247118258801442,27.194099603536884,64.33768418097021
2002,RO,0.17207468607202472,-0.27467397812583744,160.05082289540604,188.62125092176
2002,EE,0.2696541082441407,-0.16084361764155794,271.721112487725,273.9344404076855
2002,IT,0.5480844601733944,0.47268896536633076,283.7984733445342,357.8533786439909
2002,MZ,0.017790725263682087,-2.3176246602808614,-6.962246038258186,16.420106123856616
2002,CL,0.1765833375209233,-0.5004546493222176,175.29418180700478,194.96442435690497
2002,RS,0.07961693395927225,0.21111506436463207,92.92593773323364,113.1794243946799
2002,MY,0.2668680207105106,0.03681384397025375,246.84675905378145,276.10215189878846
2002,EG,0.09430084577503725,-0.755146957914134,59.882375615373874,111.14817534828227
2002,RU,0.23840768797312603,0.5067006327493777,226.99583303834348,261.66194516358297
2002,CI,0.04257908068138058,-2.21926014393241,4.9095972640832395,38.93122626643802
2002,MX,0.23002112988286538,-0.1607132443170006,218.6755363010621,242.9307305358681
2002,ER,0.009744880645678747,-1.6473217661912363,0.13925446544616366,10.729526159481544
2002,CH,0.567803305700065,0.6667264422959636,186.13109943772594,355.2858273464432
2002,RW,0.007027697808560474,-2.4284430400184376,-0.7991291660182805,6.295221203542072
2002,AF,0.007886932429815727,-0.9766220481686065,-1.4679312355539516,8.660022555360495
2002,ES,0.5148412427689538,0.3116371044789301,357.1513355366442,375.3898032507093
2002,MW,0.02131358598229837,-2.6483435889457607,-4.191759447367673,18.061110789759308
2002,SA,0.12864476526054477,-0.28286518748409056,127.45643308260117,154.76043590170494
2002,MV,0.0209429205666015,-2.6207026678406335,-15.732854941982584,14.44529583144458
2002,YE,0.012407418298299291,-2.222962497952135,-9.810391993748866,11.90952226855022
2002,SB,0.009033172476088338,-2.3041025555445795,-4.437071520170398,7.37585733469995
2002,CG,0.017629668795539313,-2.701167415725857,3.894653416375595,14.264983230621
2002,MU,0.12577858313330986,-0.4383685024526045,110.48712097758916,135.9004748358114
2002,SC,0.028210751036138897,-0.7923338248702592,19.285812517837524,30.310078369050412
2002,CF,0.007685323215813674,-1.6114605832009175,1.4766505214176036,7.720131029273389
2002,ET,0.020757579181044143,-2.127407383430966,3.1368662397249607,21.454780885325626
2002,MT,0.1353670099513957,0.07532095702069144,129.67983178368948,162.588992337299
2002,SD,0.018985394901818383,-2.244537803954222,3.505290658550261,17.358603626619253
2002,CD,0.007006393893527548,-3.00277153827081,0.028614164137157398,5.13202433284093
2002,SE,0.5662995640733286,0.6082167067427027,214.6884417994239,372.4686577814743
2002,FI,0.4870532571938869,0.5845022031477405,275.06300323581394,373.84184229971925
2002,MR,0.012614948653319498,-1.7912772309648561,-1.1519893438452258,10.774747109632798
2002,CA,0.5300286694221539,0.4873161260229183,287.3709480542101,366.73823843249016
2002,AG,0.03555227650876088,-0.5548655799295904,20.883717859206428,40.888803070522584
2002,MN,0.033070624722493426,-1.819662775001437,6.9407843101942435,30.942099947112474
2002,WS,0.033861169744544464,-0.6931785483123719,11.189110406837154,36.350497337852325
2002,MM,0.021435901976108087,-2.6585610322300663,-16.5502463390242,15.795857794679796
2002,SG,0.4674300242701785,0.4875318781554147,275.9187130481418,374.3009089723624
2002,IL,0.4050296649534671,0.4584640495562247,303.0384881724849,338.99881991269683
2002,FJ,0.06621693565533869,-1.586410239361413,22.035609278185348,63.28882148277696
2002,ML,0.025903120307568795,-1.9611795908665364,12.391393292241048,27.32237051579037
2002,BZ,0.04885869348374494,-1.1639159156135226,11.941480229368466,51.18935439170816
2002,JM,0.08361463264362748,-1.0017027804301422,54.37124973300888,92.92432150464798
2002,MK,0.08896254678088787,-1.189821852648457,39.084408649461906,91.73579219267933
2002,FM,0.01223714339738562,-2.9889648646052964,-13.127622468517437,6.9674330731235266
2002,SI,0.37397375120273196,0.2687940746111899,326.92917566958846,346.73856835957906
2002,BY,0.18748247267547657,0.16309086267162323,177.61684660079797,216.33297370373722
2002,FR,0.5843454753905634,0.5043216668989454,247.582443473467,347.6753499932922
2002,MH,0.010899344291506696,-0.9908032479976747,0.6392583946051766,11.454781568686244
2002,AL,0.04679601653758887,-1.453149188507796,11.855088149341544,45.36142688536976
2002,SK,0.308840255178096,0.06762221620172294,294.99315555822926,309.88402861714377
2002,VU,0.0231216824891872,-1.4394419277696362,6.7912906814334155,20.319174462918504
2002,BW,0.038195156890591726,-1.6843269343299614,17.817412207081457,39.795250475589924
2002,MG,0.028658768119260516,-2.4285649643670473,-13.999457635870389,24.32658070977908
2002,ME,0.020519197061722536,0.5632975278023774,26.383867532287677,30.385972732304005
2002,BT,0.011774144379454234,-1.2690875012209033,-0.09164729146721337,12.612843624810159
2002,SL,0.023643516497757026,-0.44898795350085563,13.435082571255405,29.374825297639088
2002,MD,0.07886284816023911,-0.7891265018609482,45.511195404363946,85.40380992883115
2002,BS,0.13769603630271016,0.5244525970788017,152.92133468238976,161.36904266211752
2002,GA,0.028130064846633343,-2.0874941645214626,14.364637798461308,26.62529408046506
2002,SM,0.07262877544426541,0.18050514177239135,71.18877053368026,93.79552269427583
2002,MC,0.12112122880650172,1.1007285920218026,162.9608074821824,163.44734735768023
2002,GB,0.6029960438337487,0.6038210205937542,182.10710043524264,347.34160072650394
2002,BR,0.2037801843381749,-0.07801935742294332,197.96755639233595,226.8076067059024
2002,SN,0.044378639485492505,-1.7047581112097512,17.196672139394998,44.818423322196345
2002,MA,0.11320567120184019,-1.15352919315658,74.45038565273269,119.01703992772947
2002,JO,0.13961922883405867,-0.6684964902332651,129.22070251879055,155.66398282748162
2002,SO,0.007570952002553976,-1.798555777920905,-0.9204691354411255,7.415624953778027
2002,VN,0.08855478065126564,-1.3998594744367872,42.81541221020167,86.38226323797953
2002,SR,0.025612643172998547,-1.878316984020269,-7.639735361723119,23.644717270152746
2002,LY,0.012894162582389694,-1.3685692626598875,5.145439324397913,14.156185527718039
2002,BO,0.04082690879386378,-2.006344659037048,0.42234320229070166,37.61148496137041
2002,SS,0.012147227935514579,-0.12774920689762825,16.255259934388445,17.182861148503683
2002,AM,0.06305930970063464,-0.41399994278137037,55.48383504780661,75.615728651682
2002,LV,0.18354198070367375,-0.3646653916840531,167.40318956402695,196.21441934721787
2002,GD,0.034519905428457266,-0.9764921735154504,11.796402879931042,36.71437562469816
2002,ST,0.01972114554669684,-1.6699114015510517,0.12762831607668332,19.539624569190376
2002,BN,0.03336720820577693,-1.1191716923265727,18.134886280475126,34.835312460296414
2002,GE,0.06621817461845025,-0.23366746088731577,63.42763319609499,78.28477542486905
2002,SV,0.07756860369393204,-1.2335226196902471,39.83701990658237,80.81092479842658
2002,LU,0.34585158095848256,0.4971872252624674,268.450586035804,318.13963554481313
2002,BJ,0.0271049343566456,-2.187887951579822,9.347226790176276,27.231737197959202
2002,SY,0.048366021220795474,-1.7289552624789808,1.9021337655785904,47.146951864491335
2002,GH,0.04504070128695666,-1.6728412166375004,13.227353534837441,44.72688283134584
2002,BI,0.0073987028882116935,-1.745257771916104,-0.6291203820125427,8.032084791302161
2002,SZ,0.05173653577641704,-1.1276062405820793,21.469487713187778,53.09180434373184
2002,LT,0.181330020401324,-0.5656140626772765,154.95334065118024,185.31871101041082
2002,TD,0.005626515001468261,-1.9686177413137331,0.3817009430422578,6.041567987073842
2002,BH,0.08120617176822645,-0.9202900342783952,54.116530864576525,90.1825312812281
2002,GM,0.02794801639621622,-2.02055263273429,4.278863785618239,28.521847460829402
2002,IE,0.42070894326974895,0.5412302331440206,288.98167167189155,361.2794795524472
2002,VE,0.09840047508420026,-0.3171230842312585,92.35768698191355,118.08331419227198
2002,JP,0.4832913725620628,0.8674683853433015,166.82821125090572,346.1069312349236
2002,LS,0.011118089834795222,-3.0395816484317666,-8.336689689354914,6.1097727597700695
2002,TG,0.027033362140480643,-2.4818006888564645,-8.883610178894681,22.593166187870835
2002,BG,0.24913168006610578,-0.17112009574442608,248.91623363705517,257.10614311204216
2002,GN,0.012220188000681587,-2.939402673042775,-6.273655612163503,9.167629442327465
2002,LR,0.012313592109243847,-1.7801075345615063,1.826126023504257,11.64746994995349
2002,TH,0.21560770763597867,-0.3520075233390029,203.30972537604683,224.31306515150197
2002,LK,0.08060825702750171,-1.3454621836795848,45.33400471797019,81.23221874375112
2002,GQ,0.005023577974230873,-1.9713090747971733,1.295736964357611,4.246730751937073
2002,AO,0.0035644754282994494,-2.7135322185937594,-1.517910465848623,2.268839727538336
2002,TJ,0.015726485717279654,-1.7280889161576285,-3.1783816793051725,15.317726253746414
2002,BF,0.01955606162737435,-2.7292010848051453,0.7051819335967906,16.921319035056843
2002,GR,0.3440029449314734,-0.047503536885134014,340.62865486068677,327.17230974844233
2002,LI,0.1401379257428758,1.2289598802388064,176.8568318685607,184.20019550688377
2002,LC,0.04035529847652086,-1.0689844382912819,9.377455004945704,43.15874468548441
2002,TL,0.005435073569961233,-1.767405747859205,-1.2815780222078037,4.644699807656387
2002,BE,0.56640286651445,0.3654684017529737,334.7316833968784,341.1761077702622
2002,TM,0.012264770690793451,-2.1633066077525456,-6.689606880107147,10.679836071294446
2002,LB,0.151149017853906,-0.6517169698943795,130.87465433267846,162.30754854834703
2002,TN,0.12318948171522578,-0.9553589745638831,94.47790811704861,130.37275358171865
2002,GT,0.096911178745587,-1.2785032114331192,52.502278533094774,99.61463685125325
2002,LA,0.02014880832165972,-2.5322374233847107,-9.261071478136833,15.346878686130271
2002,TO,0.010951351452563369,-2.824747406002141,-7.889540056397358,7.362544196207012
2002,VC,0.03065516999277492,-1.358603741324457,5.324984987733077,30.073688107501795
2002,BD,0.03316964688763053,-1.4977494855864255,8.286012747374299,34.39582642646564
2002,GW,0.015255539188604275,-2.219906042069722,3.6918355566863092,15.046418003878395
2002,KZ,0.05039299916258956,-1.0750569613420073,30.699837311031573,53.774249490455084
2002,TR,0.2703730637538057,-0.12967248245950797,262.8116243852288,283.7184910549054
2002,GY,0.040239776420393496,-1.7416678292810386,3.186789320047968,35.48908929111383
2002,KW,0.11215810607061032,-0.20405231453239844,121.04020464688729,141.21278602388247
2002,BB,0.1242523500756031,0.1708084332920303,125.41589887776681,150.23497932834573
2002,HN,0.055005633504330485,-2.2953306712003605,-3.7999134131496834,44.909429536431944
2002,TT,0.07634819811822635,-1.010973960450465,45.09114322295978,83.47979976090598
2002,KR,0.40889653318671554,0.5644840488744997,276.6224176206613,340.6631233598949
2002,BA,0.07226800773615119,-0.9161175957362577,32.93423857338726,80.41304790345006
2002,TV,0.07104598775621505,-1.4024647607714347,28.355446668068446,65.38626658764998
2002,HR,0.24706253663284186,-0.21016619082157376,246.00010201538927,254.422749868744
2002,UZ,0.02807836292440123,-1.522371992890956,1.171215229816734,28.745173849904436
2002,AZ,0.027460560324356773,-1.1327584807477415,13.562367493497973,29.845733440150273
2002,TZ,0.036310215921358475,-2.207073717116271,5.242887554473183,33.71524215941542
2002,KP,0.04023752100678576,-0.2620649582606467,26.46480504772261,48.576249330689095
2002,UA,0.17466768954293124,0.2610467622366021,170.18276944562217,200.44136393965948
2002,AU,0.5346651196997089,0.5373058024098444,263.68789241424173,375.61459437474406
2002,HT,0.015442152004924237,-2.911123362217765,-14.238596929880508,10.077591844342834
2002,KN,0.04071639697741397,-0.7348835222734237,25.456347642854325,46.33816244774103
2002,HU,0.3343546386201057,0.09279417294755561,315.1234284418875,315.2448962124664
2002,UG,0.02890010209038932,-2.2414283888373996,3.975971537801081,28.392530757771567
2002,KM,0.004727216761001993,-1.6286747401420059,-1.9721383654105535,4.281901419700412
2002,US,0.5889659361594596,0.5777301593551325,204.02337050229406,346.3643800835253
2002,KI,0.004909609774658196,-1.9502135200896238,-3.9871929408809588,4.446810550121166
2002,AT,0.5565163138090874,0.5516109593699953,247.46675016313327,353.1390045465348
2002,ID,0.10408265697386576,-1.0149520696291134,62.02203182623308,105.51087417704403
2002,KH,0.02646405836721837,-2.248918954155436,-2.0372362831524375,21.446053637671962
2002,KG,0.03218405002520408,-1.6037782654068173,6.280994144151514,32.14438442597897
2003,KE,0.07052300506803756,-1.7987124454299541,27.255817114021152,73.68973895983761
2003,AR,0.20357167015799063,-0.21420573567256013,204.01179410516804,234.79022236526018
2003,UY,0.1301991664631175,-0.6749595284918417,114.07800182963703,151.5381507315885
2003,OM,0.07082049495333811,-1.031693573346626,42.12009534658205,86.7058069395083
2003,CZ,0.4139603266066293,0.25259762378495065,343.65145328723236,368.619552441477
2003,ZW,0.07736714847305835,-1.488112610524241,45.71593637979336,83.83223261072106
2003,IR,0.09708556639948207,-0.630064219266618,71.70034530215563,120.63216469748191
2003,AD,0.09950004567169116,-0.16677083718316416,87.12434938506276,122.32260625213395
2003,NZ,0.44539364551825694,0.31238227428936244,334.9457636998168,390.627371610896
2003,PA,0.14506999256143377,-0.48278862977758985,128.6624878044193,166.4401794600886
2003,DE,0.6081509760127759,0.6021266110957332,150.79785342422352,358.8056354615628
2003,PE,0.0859311676901227,-1.4688788796701002,32.751456364901415,91.65802846101516
2003,CY,0.25024270109561053,0.11669966398969582,224.70550267789028,284.5047670476845
2003,NR,0.0265069648544226,-0.8207322087488784,14.648870879117755,32.12641902776603
2003,PG,0.024752860468931152,-2.760668037390264,-0.3047303887449317,20.702753559686993
2003,IQ,0.015235239611017744,-0.9363485045456846,8.861302181969242,18.78940425539775
2003,DJ,0.021744970330277356,-2.015203511754028,-3.781259676892422,20.424555313259003
2003,PH,0.08252223895305863,-0.9676244488788042,43.21832410920609,93.55859230170519
2003,NP,0.039630750195617216,-1.739850513017382,7.612804274163776,43.10584091187826
2003,CV,0.013277885917976138,-1.1516229396891506,-2.58359388612801,15.837031600736145
2003,DK,0.536714229689856,0.38588705255493083,318.98816715111315,392.3212224444736
2003,NO,0.43858450777466335,0.5468628438746665,283.855216837329,390.7348215301848
2003,CU,0.08280320374826415,-0.38217493194288543,81.90243296001911,105.50406142182442
2003,ZM,0.037804556847905846,-2.0987073562067335,10.222450567208707,37.7267955372727
2003,PK,0.05686964471271226,-1.3478891974392506,20.416815357524722,64.79397773117466
2003,IS,0.1888756009874241,0.014404902400773384,213.733120843672,221.5431345015122
2003,CR,0.11324795088795538,-1.2202005964749265,74.7266112637943,125.18154860517774
2003,PL,0.3140631360256885,0.028691660587027698,287.92705237069464,324.55298548265546
2003,AE,0.26568563477580254,0.030351534362908772,240.21655300340942,297.67039274130303
2003,NL,0.6014999150017415,0.411321748232625,275.602873512252,371.3119208693154
2003,DM,0.04127688925804845,-1.4576773121468272,6.830284435099746,42.52850602274929
2003,CO,0.12719739207365324,-0.49182394173624777,99.56214419190387,155.45059988852216
2003,PT,0.3605432098329235,-0.02002983331046329,345.3018723442036,350.7885533082277
2003,DO,0.05768491692618835,-1.783363157555162,5.469688751532532,57.200998495549086
2003,ZA,0.33373393740382296,0.03041082980437757,309.7005665516484,331.4522051309014
2003,CN,0.20467608677536617,-0.061905574501140315,181.8644467807139,230.78725467022963
2003,NI,0.040843261877127605,-2.1447185932537276,-7.180493114988192,37.55966969343095
2003,DZ,0.035612923880159124,-0.5414980349080694,28.361238689059398,48.42451821781543
2003,PW,0.01096501817966702,-2.1590824378345927,-2.706489425997886,9.559692071804237
2003,IN,0.11250116508040729,-0.369635924184004,87.04633674666046,139.57302449844005
2003,NG,0.03305363046912085,-1.2251217011751871,16.781857160282584,41.2036250904807
2003,PY,0.03656053916643326,-1.944591905178233,9.804481626076964,36.14574197465683
2003,EC,0.058356485345733324,-1.6541208062688162,7.416304858915835,63.644150113705145
2003,QA,0.07248254310656493,-0.2798822230264883,75.8144157185097,93.29546467218682
2003,NE,0.016592337825674566,-2.164878921503569,-1.7697284442927295,17.402472803448706
2003,CM,0.04389636368467228,-1.644668283504654,19.390855478050646,50.43876718951399
2003,NA,0.06393029768016939,-1.595775063419631,17.198270716548624,67.05885135114902
2003,RO,0.1700687850925677,-0.383190014568267,159.1955973852473,193.99716413849978
2003,EE,0.2637571534780086,-0.20223856612876284,260.69104992058914,278.6671560410406
2003,IT,0.5485558554927508,0.442917086392888,281.0680431069238,377.8529708794226
2003,MZ,0.01700573893089041,-2.4560140687820464,-5.957318490426017,16.134964384713076
2003,CL,0.19363206908394962,-0.43142869485982516,184.32289583838812,221.3868714255517
2003,RS,0.09805814570380843,0.36615089419016983,115.89656717499459,143.45578918140208
2003,MY,0.2828189463344372,0.13627478141003804,247.31873635602167,306.1375071859541
2003,EG,0.09542439976548116,-0.7877898467625484,61.357539521951686,118.57195259826739
2003,RU,0.2550247785584832,0.5358951519793885,225.41698172984482,294.1649921744514
2003,CI,0.043218510336954515,-2.164490974589862,6.204164515185633,43.45901067533237
2003,MX,0.23725404539095651,-0.10286535635766202,220.71170614404983,264.97226280683464
2003,ER,0.011197005991060693,-1.637309708312107,-2.1843342911890513,12.417322210429935
2003,CH,0.5749568753674263,0.6445185610576446,170.42282953362425,381.1503173956746
2003,RW,0.009700542641517072,-1.7711582288436658,2.7262909321764277,10.098137380315453
2003,AF,0.01055648598156404,-1.7677611730747733,-2.1201962497514746,10.53063090829127
2003,ES,0.5175085213106305,0.3001632264240236,341.2057019226555,392.06212496459494
2003,MW,0.02157707020855641,-2.928158274116118,-6.222142478381721,18.358981802505415
2003,SA,0.12303691460538374,-0.334533670432934,119.32345089002565,156.54247494629666
2003,MV,0.02487573091174029,-1.5539600204285022,-0.46075212331187293,24.541504883720016
2003,YE,0.014868869291108538,-2.3046011571709566,-10.170821367082642,14.19491454484473
2003,SB,0.009285933525212816,-2.7632281472488813,-6.341735143145418,6.5402991720881385
2003,CG,0.016476106281132243,-2.425486406750172,1.0086782876373963,14.560715806403987
2003,MU,0.11370600761023873,-0.5522113785317178,96.56006833379732,128.47602184645214
2003,SC,0.04677175190035883,-0.13187434289545572,47.296449130179184,58.39675238849126
2003,CF,0.00711410396903629,-2.268102945448005,0.4595333776874846,6.571836995101401
2003,ET,0.02196287494115063,-2.258425071042823,3.143949787407506,23.37141921899239
2003,MT,0.1382857421688719,0.0004795362183679957,132.43249777787364,173.68255254353377
2003,SD,0.018277342102770208,-2.0065834989240185,5.749562604550182,18.09687006281894
2003,CD,0.006292791578980857,-2.7679365727732668,-1.2897366535460775,5.084244056937775
2003,SE,0.568513559353922,0.5812626349149765,203.6187513813088,392.8735218776991
2003,FI,0.498167756172953,0.5953397348541098,243.3389319910983,397.6318326277956
2003,MR,0.011823336954199676,-1.5508348341200713,0.19830931166053703,11.3254270518895
2003,CA,0.5302456213217513,0.4726979527333121,278.06834857088484,385.94727098211405
2003,AG,0.03486697625710151,-1.0284833872041048,12.529269965031503,36.98694714037075
2003,MN,0.040819716453079455,-1.8948355189157096,12.049656025828838,39.70228719739642
2003,WS,0.0267405972164966,-0.9593576486827278,2.383891839615289,30.2587431050983
2003,MM,0.021122322695720275,-2.6232205815173155,-14.171421903597281,17.320557419160398
2003,SG,0.4872755950394461,0.49330933872016586,262.1848421172447,392.5181603119964
2003,IL,0.416540148581943,0.4746636928580568,283.9495615345356,365.2497071275691
2003,FJ,0.06626341275433333,-1.7270898210062937,18.806981669070947,66.77726280546544
2003,ML,0.02516278756276722,-1.8544015607270024,8.999982931747962,28.327529376109442
2003,BZ,0.050895001830398516,-1.2016446211895426,18.247422072093357,56.49886510132752
2003,JM,0.07971568943164908,-1.0958734124997191,48.78527555952284,91.39795258256994
2003,MK,0.09676630870864757,-1.0730539514111515,51.25594691914623,106.87524470011141
2003,FM,0.014970410609603578,-2.5832719689013364,-12.779753639611046,11.457695673327887
2003,SI,0.38410489554814103,0.29266476330685903,319.60481739045986,376.55290709673784
2003,BY,0.18857503448276852,0.04091870613508308,175.6058974810097,225.83677595604377
2003,FR,0.5870366802810275,0.48855488102129563,234.05101265530857,367.1855009016776
2003,MH,0.009478247154274276,-2.354268368991335,-5.913627127419519,7.762464058468778
2003,AL,0.05901649941795728,-1.310307863734753,23.74078739325191,62.81990321304546
2003,SK,0.302896817644277,0.09331440524398936,279.0660621626251,322.94972977245646
2003,VU,0.04894439664736994,-0.07921739624788436,48.13083803019355,62.21660508467538
2003,BW,0.03399939526113403,-1.4203837293977009,18.27006662688788,40.8891172690837
2003,MG,0.027675944443627417,-2.388846679629996,-11.59546865598264,24.864732786032505
2003,ME,0.0230762548608569,-0.05560503905347182,27.2550945283423,35.0195827040106
2003,BT,0.012223506209160259,-1.4173708227355841,-0.2704813342186155,12.108616064009682
2003,SL,0.023189869377620142,-0.18276504240905364,13.974467218110137,31.49713052237758
2003,MD,0.08011201454007144,-0.7721274448984099,47.29379390103433,91.7090490186979
2003,BS,0.13231583509626943,0.6670523159572319,148.05145797797317,166.25262221854004
2003,GA,0.02658448284813742,-1.5583036543311999,17.914196232980814,28.94814870174293
2003,SM,0.06083377252376132,-0.25901120255569704,46.14565338028895,81.68556791401328
2003,MC,0.1329921261245967,0.9670450931173908,167.50282313133184,186.09797505060487
2003,GB,0.6071277119929624,0.5801663388669492,170.42299914163502,368.07839345239836
2003,BR,0.21164307800140417,-0.08413482932065666,197.44091821529042,244.75344914111707
2003,SN,0.050373476968868555,-1.7675291504103103,19.171359030682858,54.527938684190985
2003,MA,0.12099221593904579,-0.9754970706882121,86.38633168621699,136.12904396094112
2003,JO,0.1362857275623724,-0.8727200952495207,111.7104320240276,152.61308538716455
2003,SO,0.007162301897389278,-2.181707082647524,-4.273086187096395,6.729700875643081
2003,VN,0.09380155730026404,-1.2994762913191795,43.565635184255,100.22340421085367
2003,SR,0.021683970281181148,-1.80145072475673,-3.300770352500563,20.409902855552733
2003,LY,0.015380126133581013,-1.1456353645850716,7.6187620814011225,18.120338442880712
2003,BO,0.042836707885688344,-1.7022959440339358,5.968003469278154,44.322055275354636
2003,SS,0.014725429465584626,-0.17224755130798394,18.326645936317323,21.05095624637921
2003,AM,0.06895723024567635,-0.4895128054986982,58.877505979931016,86.89991273203316
2003,LV,0.1814388613230306,-0.3945038858720853,165.13330794672518,204.08650895810322
2003,GD,0.030756046853433264,-0.950243642856567,12.325951937580731,35.71320312102494
2003,ST,0.02008320819612717,-1.177471405444081,11.294302396910597,23.647866997783
2003,BN,0.04409600324091882,-0.7111154821162193,32.09934021566573,52.96660502999821
2003,GE,0.0701781067261639,-0.2907681029832309,62.80230764415032,86.88077626938586
2003,SV,0.07601949224465479,-1.2009166514474225,42.25359118778012,84.0704132556408
2003,LU,0.354181785752912,0.48143223840511223,267.8617681726832,348.15822197286127
2003,BJ,0.02699497360628286,-2.148916743425243,6.091884750279969,27.793011406980188
2003,SY,0.06378424303659849,-1.642914669251745,12.038560959863661,67.22586104566336
2003,GH,0.04425917193829211,-1.835593488401661,9.115701838521698,46.62699878166944
2003,BI,0.01335102462910257,-1.2767663938428733,5.966819567225155,16.683802656009384
2003,SZ,0.056903428038415374,-1.0752224356806717,27.837759844142425,62.52816123697428
2003,LT,0.2140953274196656,-0.3226401076038925,195.43316758217264,231.37767707113414
2003,TD,0.0047648051886334045,-2.471404463481186,0.032164552028842226,4.605363693404827
2003,BH,0.08114667874650511,-0.7222940184810225,50.61553897521211,100.32977623875507
2003,GM,0.023638668442089197,-2.2118628798400457,0.29192067841180447,24.714629000701837
2003,IE,0.44468883688266075,0.5391966703549258,262.7825036584585,392.131365282618
2003,VE,0.0979249712040125,-0.24777663164309208,94.42451269454669,127.35336713013525
2003,JP,0.48146343053920054,0.8400234457791781,159.10916103161168,369.61574177726555
2003,LS,0.008633127841464153,-2.999758057499588,-6.524417078360608,5.308784381836313
2003,TG,0.03307292201887503,-2.3340809230298576,-7.235916749775292,30.804163352972967
2003,BG,0.26447163293117804,-0.12451654489921515,262.3838615921371,283.5771677046629
2003,GN,0.009801615009416955,-3.1082676090230055,-8.342175980065111,6.932157085702147
2003,LR,0.009554852057019987,-1.1698708702602885,2.9247354465323667,10.615645020365537
2003,TH,0.21432637641140592,-0.41940184489089183,199.46654036103757,233.2453187708884
2003,LK,0.08142445954382979,-1.456271238858102,38.31503948289044,88.18456408278857
2003,GQ,0.005605572023470976,-2.031730080680252,0.6485044768451242,5.012530990781595
2003,AO,0.004002777854864332,-2.0893850236899,0.07903348583030188,3.60077270987227
2003,TJ,0.018292734668686594,-1.5178297976307973,0.5505607141479936,20.607288763183973
2003,BF,0.02344905706416171,-2.642986147112968,1.365610059448861,22.54113818126696
2003,GR,0.3523581445941043,-0.009722884300215512,328.6784110220365,344.96565356063076
2003,LI,0.14762274419468163,1.2251117049370772,178.2140089601718,203.97162931998517
2003,LC,0.04325971889813277,-0.8206047308154585,16.493963373201282,50.559815100985674
2003,TL,0.003742579263993688,-1.2540642353216043,0.7649342218371099,4.228725975384427
2003,BE,0.5673893281389001,0.3505516837377265,321.0574578483404,363.8746857998674
2003,TM,0.010450559666124465,-2.213613165978153,-5.748041215675405,9.147498980611292
2003,LB,0.15069923441378216,-0.6706964538667818,125.4363688914131,173.09517051586772
2003,TN,0.13221787613439961,-0.8995836988221491,101.99543895475715,149.71565756410146
2003,GT,0.09047632256792085,-1.2079836200654488,45.910665452084935,98.95895346995673
2003,LA,0.01836717212806212,-2.7130289588406455,-14.49038587938325,14.405720032905988
2003,TO,0.01480921990633827,-2.0704822589058796,-5.449452229646612,12.915612076126743
2003,VC,0.02821369464915391,-1.5161683269578297,1.4325441315472616,28.55051591991788
2003,BD,0.03330223020660281,-1.7666528281110854,4.476534101378899,35.0624048080648
2003,GW,0.014914015284807082,-2.1489720211668306,2.813377479500325,15.974635704054984
2003,KZ,0.06954945846527534,-0.4827001382099143,57.55558194149031,83.2587170228579
2003,TR,0.2834417563127038,-0.12663152498194039,273.9327675164631,306.60781255294427
2003,GY,0.04325907228619233,-1.4705989709350353,8.76227355214103,43.149640642167775
2003,KW,0.10576643691940339,-0.2663940088099192,108.96934026827512,139.09680049759658
2003,BB,0.12858165474407618,-0.08104839240151605,125.12607769260319,157.41975432158313
2003,HN,0.054965280625347855,-2.141297127339018,0.047883191448896405,49.77384387513451
2003,TT,0.07228028449675578,-1.0815953877839628,40.95232843539993,83.01368072304956
2003,KR,0.41143872576327234,0.5466492343283121,266.7559737785379,357.55989445035516
2003,BA,0.071219323232999,-0.9192481000402379,35.07502936695882,83.07894100416492
2003,TV,0.013658130647486293,-0.7437436287483328,4.94136829963668,16.774020722901014
2003,HR,0.253561849653287,-0.21934923484750135,247.46665199526853,275.36732431692246
2003,UZ,0.03169379183504869,-1.3306822354249277,6.192578714164907,35.96554879597742
2003,AZ,0.03175375328134949,-0.9227809568645791,16.714804891966015,37.59537111634321
2003,TZ,0.03648658949539052,-2.5721975025373687,0.6722749233129707,34.04180064592387
2003,KP,0.04200356226690673,0.03097733154968191,36.440899358221415,55.31985038829688
2003,UA,0.18022011917217176,0.24183455878252036,173.35997010256048,215.8534672716081
2003,AU,0.5351450555043753,0.5193127314996719,250.35113158193164,399.67889537642424
2003,HT,0.014936698742893313,-2.933639019530814,-14.152798052694665,11.264210002820219
2003,KN,0.03888111489851352,-0.5217677998744686,23.9288584662839,48.02670927581399
2003,HU,0.32435321236191555,0.04922355508366978,306.8257854296231,321.32671903580365
2003,UG,0.0347801604587731,-2.0592431823929074,8.566144166597201,37.20084156558485
2003,KM,0.003783186801999157,-1.8134566084648918,-1.2988880115910135,3.5468075762551057
2003,US,0.5854620273439637,0.570178316954019,188.72304510095253,369.4217082398208
2003,KI,0.004516976661266865,-2.4138039539084533,-2.3314516722379093,3.2881551022343856
2003,AT,0.5625188380201631,0.5139571055456675,248.1381999091166,375.0202847903691
2003,ID,0.10081335877854473,-1.0211639811433533,56.302527140478084,108.45786778052224
2003,KH,0.031214812649545634,-2.127359362611457,-0.48399792387501134,28.806348473832458
2003,KG,0.03496322178709852,-1.5207025681824682,7.065671829360671,37.46100874063125
2004,KE,0.0742146832776096,-1.7176990227998246,30.586406027514958,87.68918330289823
2004,AR,0.21231323295539994,-0.2487307747738143,203.01373384164904,270.1686876182758
2004,UY,0.13248343881525762,-0.7089154684130816,113.98792848102629,168.64331107942206
2004,OM,0.08047413650364778,-1.0559250659242776,46.90717929306522,106.54702362389659
2004,CZ,0.4223558512193027,0.2502872853351813,322.9194331455222,411.14095604519787
2004,ZW,0.07131475578781371,-1.5993124698888923,33.77282112499595,85.29339711961117
2004,IR,0.11664239547973836,-0.43339834319018694,96.03397131239231,163.15459140275615
2004,AD,0.12043732442668258,-0.01699081869214299,106.86265780677675,163.79032999353245
2004,NZ,0.47029607936016155,0.33159097432686246,316.1540100184331,443.76942022538304
2004,PA,0.1510524153829881,-0.5092667585718794,130.9080872811181,191.70624127952635
2004,DE,0.6096288774234043,0.5821131347633309,130.0746566387798,400.8256694865939
2004,PE,0.08172593436966841,-1.5920709973593221,25.499038793742344,95.77836703058615
2004,CY,0.2974497529698851,0.24213388783439393,242.78141645130154,351.3487189822815
2004,NR,0.016709645181445774,-0.5433012345818766,10.183511745365475,22.119696000332784
2004,PG,0.023049399387748866,-2.797627632689317,-2.972193186847252,21.870416089579592
2004,IQ,0.01769630836544114,-1.1571959537569503,5.83262631025429,22.643904830776314
2004,DJ,0.020054285183235657,-1.5072368549192827,-1.260370022322547,24.465897432072712
2004,PH,0.08382014044955494,-0.841510539810691,51.418976074130015,107.7610935846461
2004,NP,0.03841617732418406,-1.6168118914203875,11.734308844268384,47.53181572448533
2004,CV,0.011936478078045822,-1.301950641319039,-0.163923459379196,14.304837162366319
2004,DK,0.5359584976454947,0.3554337200003438,311.4639895410706,435.8278327289082
2004,NO,0.44276920833162253,0.5011757868468089,283.47034483777685,438.28259936071635
2004,CU,0.0748541178254037,-0.649274961845525,65.30422998006657,104.9507466111688
2004,ZM,0.03297426001121187,-2.3680573013484807,3.9053114067669226,34.231527386224506
2004,PK,0.05826194096013449,-1.3193262915481863,22.28427025872246,71.64767307510402
2004,IS,0.23246111741923542,0.14936973619557156,248.72146798602841,295.2293506807421
2004,CR,0.11966588431443609,-1.1792385957518121,78.1129945728168,146.91395808934584
2004,PL,0.32154376948630314,0.030058873651445994,281.63474279316597,362.9026450218028
2004,AE,0.25310502279732905,-0.047358454825036284,221.91372716690148,312.0233085786863
2004,NL,0.6027464261800344,0.3774306185222705,269.4233628601123,410.7134513534773
2004,DM,0.05455925022638092,-1.196652044728332,16.693478144699053,65.56666270732198
2004,CO,0.13745269071125993,-0.5087833955917306,106.04686865198688,186.0835722168191
2004,PT,0.375830453182043,-0.015371900727281588,342.2744360069387,396.20362804177404
2004,DO,0.06340272459168714,-1.4136937002648193,19.652273051106118,74.077653250488
2004,ZA,0.32646738821872257,0.01479080785309118,290.3822248232523,363.91853950059806
2004,CN,0.22882335240624374,0.08736327848828386,193.6930437554514,280.9968513863155
2004,NI,0.04458730683314413,-1.9729953312954915,-3.1547908964703084,46.882950169524726
2004,DZ,0.04096178094902517,-0.23154940992937403,35.28806402104775,63.09216642720526
2004,PW,0.008697937026357561,-1.4125468556491223,1.9668599573383065,10.638671677158356
2004,IN,0.1187198800622268,-0.2987994744064647,91.63872545891158,161.68854540324327
2004,NG,0.03388365509774822,-1.2782278589208664,15.383371860908316,46.4261803982841
2004,PY,0.03582688230997445,-1.8985350192881694,6.276544600666388,39.38092893371573
2004,EC,0.0682009004947629,-1.382055570230443,23.881623212490087,85.28569728869113
2004,QA,0.09302309482283004,0.13145214101594496,105.1738129648627,137.0501076204348
2004,NE,0.021887024315517516,-1.690294713042,3.608193408158544,27.570614397211482
2004,CM,0.04638916223627767,-1.7723092666045275,21.113916389412736,58.87349958158719
2004,NA,0.06400564507515338,-1.5256194200156517,19.717139721402404,74.7822078908457
2004,RO,0.18690199105795044,-0.20780071652344356,170.1332198911438,235.04553358521977
2004,EE,0.2805185307277425,-0.20304972863316031,275.2450721419881,325.27738701126384
2004,IT,0.5521607787432049,0.4373677983122499,255.4556932516313,419.2541309125647
2004,MZ,0.02280076140246361,-2.2954077664848467,-2.0222855078061173,25.04568406756452
2004,CL,0.2048810259304766,-0.3936411454200423,193.93818928870866,262.1459828153529
2004,RS,0.12464832452753782,0.2859195339187228,137.0075603098799,197.93562078498275
2004,MY,0.29167791642267643,0.16746061483636102,237.57339253642283,347.6071384184627
2004,EG,0.10214962328369978,-0.6955836328222738,67.07565700870371,140.1000664136896
2004,RU,0.2616650303012995,0.5324216156645416,212.97338809723254,333.9393455325701
2004,CI,0.040893835766608,-2.199204241153625,5.60923657142339,45.39543192336526
2004,MX,0.23343212954484005,-0.1267470391771478,206.66040955792198,288.7188533683157
2004,ER,0.012675450426310022,-1.453446442775071,1.7596730296339895,16.350070427586573
2004,CH,0.5691962963185345,0.5972776868163878,176.1949986961352,424.37862030383326
2004,RW,0.009300090006598264,-2.9116823615844205,-3.384529678979639,8.711436063797786
2004,AF,0.011822258521601273,-1.8726737066193326,-2.925760936500491,12.858110796322707
2004,ES,0.5232547332231207,0.28827596892955554,325.28978156165323,436.6704443730203
2004,MW,0.02553867785241237,-2.447735535335636,-0.7146832214125607,26.95342675532401
2004,SA,0.1328930290298473,-0.24339165254026066,126.91131760432708,188.00146600659886
2004,MV,0.022149407623766687,-2.085872333234832,-3.0000055961994554,23.49822014287319
2004,YE,0.020190723706552328,-1.6796031615930536,-1.7435144933251678,24.227387551989565
2004,SB,0.009983040405781775,-2.1746536557250145,-2.964388499125886,9.346988358699583
2004,CG,0.027119518363032977,-1.9822067221428137,13.466184163810352,29.001475004223515
2004,MU,0.1302083523530703,-0.3539956453325421,115.21926577726775,165.37595103120688
2004,SC,0.05476259221669318,-0.17726796018306099,49.91107004610189,76.10763347127542
2004,CF,0.006837266476363355,-2.2260712880996527,-2.265472720183175,7.827439953144988
2004,ET,0.022157562071402202,-2.1909223725512703,-0.35121517804434926,26.574087571018712
2004,MT,0.13540060055277867,0.1382372432140966,128.31167333584023,187.84170337889677
2004,SD,0.01908966280336,-2.3393454471348707,3.3975126876575334,20.36549086839434
2004,CD,0.007046067092993059,-3.1286959656951154,-2.8983320966357495,5.94558164148942
2004,SE,0.5622975566871439,0.5442210901277221,202.44292148622748,438.5241553349867
2004,FI,0.493643922171669,0.5557827124629638,234.97918459800516,437.9072323670559
2004,MR,0.016238767428922156,-1.1112034153083363,6.587476377087444,19.43290980189881
2004,CA,0.5416471263673712,0.4738578954807293,242.09421051179044,437.5821425428856
2004,AG,0.03938471800013662,-0.15631162599152046,30.349662625073453,54.59529374845906
2004,MN,0.04296641463459841,-1.7305331034445322,18.080376036374243,47.4807278114918
2004,WS,0.03992718312111026,-0.27230104741461697,22.57058009127273,53.503840121420474
2004,MM,0.023509024878686686,-2.608784832161345,-18.576542970661862,21.82143248721857
2004,SG,0.49012718117728826,0.5149260323203149,226.69748796356885,447.9011280474952
2004,IL,0.42213302255126167,0.4482386254554845,271.6417879661599,408.93103634600146
2004,FJ,0.07088179642501244,-1.7294340239911457,20.297757470269577,77.01239691762848
2004,ML,0.02552262103794947,-1.905538148368978,8.777065368551561,32.56175050727235
2004,BZ,0.0664358117137533,-0.7978009710776477,39.583618783578345,83.08839937358363
2004,JM,0.0761589368175331,-1.0588983474891323,47.08404796488971,97.62373940748355
2004,MK,0.11644295558277792,-0.7107515218760884,74.56142120156272,149.29551758436537
2004,FM,0.010891823383046432,-2.9067047400524624,-12.493246205292337,7.265852861028713
2004,SI,0.4121759591180435,0.2965709319624749,312.217164544562,431.831769738716
2004,BY,0.207349105253834,0.2771469989073361,180.2405339786812,278.529909527317
2004,FR,0.5879508580282838,0.47321694701134576,213.41543416474326,413.9319066319667
2004,MH,0.009462744197319274,-1.3887007957291784,-0.9895937171439941,10.802123134988285
2004,AL,0.058112894127303076,-1.1653539323449906,24.204556833232182,69.22180275659113
2004,SK,0.3389913850581414,0.1827753974335222,281.3835776704568,387.39464493393587
2004,VU,0.051285255466228606,-0.18855918812689823,45.1963521632056,70.08976662692731
2004,BW,0.044843792543122714,-1.439051760368141,23.175778294096233,58.649417526926776
2004,MG,0.026259090620835385,-2.5959734939579144,-16.58742511832767,23.89591358103372
2004,ME,0.028418424451769286,-0.562838425951364,29.351677008280934,45.34662240996297
2004,BT,0.01107380897845329,-1.0193210999947164,3.8049308443465315,13.212004939187262
2004,SL,0.02223569030417709,-0.3432424018525759,11.429179422808392,33.781531266287764
2004,MD,0.10058428078439675,-0.5796270821053134,70.48723889859804,131.18141655556673
2004,BS,0.12529609916693793,0.663520649840975,133.5519787876004,176.08421279593094
2004,GA,0.032933130272959237,-1.6642500225071926,21.21179559700497,40.3704387319029
2004,SM,0.0731726119717305,0.17870022799067817,68.44995521300514,110.63857865075485
2004,MC,0.13718726795215272,0.8801089173699138,160.74906087073575,210.84268838179128
2004,GB,0.6090011467801801,0.5511082482720409,154.22452953187266,413.88153236544025
2004,BR,0.22021036900056326,-0.10568067175123654,203.4372954232957,279.35886840364736
2004,SN,0.04536152512399688,-2.011837937342391,13.015951652843968,50.30166804721764
2004,MA,0.12290620923644019,-1.0247652830422997,85.49711490951168,153.31495264370082
2004,JO,0.14996670591614783,-0.7147887689488656,134.90497368504623,186.8019718657827
2004,SO,0.0053603186481335895,-2.342935995123826,-4.744592059197187,5.521231199677745
2004,VN,0.09681697041139616,-1.1240651548065095,50.295666585616836,117.47565091568497
2004,SR,0.023432192094162113,-1.6115640275368681,0.9893504753276441,24.85219830320739
2004,LY,0.01427657022686532,-1.2935586279499018,3.7020831449006826,18.2552056527391
2004,BO,0.045124931832248694,-2.029169513046957,4.1174214728386085,49.676009911576706
2004,SS,0.01566880121566383,-0.6287496809090001,17.933637277725772,23.39446038712474
2004,AM,0.06946036141001145,-0.2900568039636857,62.14800795965253,98.5847683933038
2004,LV,0.22288189385526525,-0.310155390551974,208.94519884947888,268.0713833421979
2004,GD,0.03645622222268741,-0.812849729544988,22.76837425266529,47.069483473186345
2004,ST,0.020950762637977585,-1.3831522774900948,8.23985621350247,26.41633559051832
2004,BN,0.03822717670786173,-1.0050274077913626,22.44052588715882,49.50583469055298
2004,GE,0.07553784368017759,-0.3814006059761429,67.65123265358025,100.64323147124213
2004,SV,0.07959822755558266,-1.064379034967773,41.56171454302724,99.19304291585883
2004,LU,0.36365341434107523,0.4234973211798599,258.82308343022896,385.09131877899506
2004,BJ,0.023233072289433977,-2.6238623051655097,2.9580353503023837,23.997597436709924
2004,SY,0.059549693191412685,-1.6164892941694458,9.288675073689891,69.8005150008305
2004,GH,0.04247758458304137,-1.896530518252716,10.829356225253736,48.51218460557522
2004,BI,0.016851043146333674,-0.5795128382869366,10.374272831403829,26.387502222548257
2004,SZ,0.05994874767887954,-0.75383620462469,37.2817616195397,76.26699256434631
2004,LT,0.22388008238290794,-0.37453662106099134,198.49147478033382,268.00617063492547
2004,TD,0.0055856652917446225,-2.2801959003237386,1.0589910034663472,6.549206167148698
2004,BH,0.09309648873250692,-0.7142420800419316,71.23674923632363,126.32456795242852
2004,GM,0.028465602527888306,-2.2367439314608015,4.983239474783072,32.86995412577785
2004,IE,0.46023181578694006,0.5043341350627641,257.13002351503434,443.2011129708869
2004,VE,0.10054311086217288,-0.262774046476958,92.96495371716246,143.1421153210077
2004,JP,0.4884634463486031,0.8222129693695487,133.2464132064211,414.3023006313704
2004,LS,0.010505887859350563,-2.7140266650294964,-6.164734031375213,7.768243757767877
2004,TG,0.03184078172986397,-2.2919431153583987,-6.194945969577112,34.814722727879555
2004,BG,0.29215841280600574,0.014357805213914774,265.7610561470894,341.170879979463
2004,GN,0.015386365410396959,-2.540829935464111,-4.561878915531607,15.744945182226854
2004,LR,0.009425077393460934,-0.6284832231464422,4.429831138949428,11.937253805687119
2004,TH,0.2239235976726747,-0.3409088224671242,199.77795987941846,268.8885047468675
2004,LK,0.09854019264103749,-1.0858099661610041,63.433005891056204,122.07978804043508
2004,GQ,0.006404874042992899,-1.8172439399782256,2.153398053256637,6.805339728831889
2004,AO,0.006788073177151556,-1.7321797085280903,1.1547398772632889,8.045514611102487
2004,TJ,0.018221952549216217,-1.4510153581199479,-0.6928968995885448,22.726681439312905
2004,BF,0.02049768754882747,-2.8501271982635195,-2.9985173753673666,20.641340713290628
2004,GR,0.3661801730932514,-0.03837983012751887,335.9481608710441,392.3611623635695
2004,LI,0.15814149511490036,1.1607999055660412,176.76660257130825,238.14436198718275
2004,LC,0.04258933837533564,-0.7812768018192177,18.176693081178758,54.28034701134524
2004,TL,0.010394002297806317,-0.7716738535087082,5.393039286167299,14.52708758158546
2004,BE,0.5794142349788406,0.3426824510581039,294.9625084306793,403.9221462572571
2004,TM,0.01103693984125753,-2.376571791638061,-7.78030195570675,10.325983932666832
2004,LB,0.16315093842120224,-0.5365273369144941,139.60140529243625,206.40331810288282
2004,TN,0.13075546453026998,-0.8906064461586222,101.90663552384014,162.47646080726568
2004,GT,0.09102534713347839,-1.241288623131887,40.56115542240335,112.36756580130088
2004,LA,0.02562181036413141,-2.247121408384568,-9.549897497669871,24.724706901066547
2004,TO,0.016730108098711366,-2.274039303364776,-5.356463639366818,15.941375958785397
2004,VC,0.030533325286976287,-0.6856013488627551,15.58705305990397,38.33475047033404
2004,BD,0.035295488232051135,-1.611886737570957,7.829180678866163,41.373424940025814
2004,GW,0.011506450660291847,-2.4891058236141914,-1.0596578661380334,11.88629041006479
2004,KZ,0.0677278149726162,-0.7766887723194139,47.73008197850739,86.53531649243638
2004,TR,0.29593481784282155,-0.06658322184737706,269.6203130617894,350.52476585275315
2004,GY,0.035984938212510864,-1.8748057478741484,1.3380517234856162,36.62966905005254
2004,KW,0.10080158455948793,-0.5543249621948098,95.08373456680393,144.59748827113384
2004,BB,0.13737532873722882,0.1781894072525976,140.20773161989015,191.0015325451215
2004,HN,0.05531121493597513,-2.019823587769558,0.6291035385316016,57.42184216029968
2004,TT,0.0739517756232381,-1.0550558031174855,43.54883796289517,93.62035072171713
2004,KR,0.42751880411591336,0.5943469868382967,232.79182826872338,406.7981721391709
2004,BA,0.1024718955820442,-0.6079808620024089,67.70721266822504,133.58362014178707
2004,TV,0.00987913665903876,0.2115325958282303,9.428621929271339,15.969457092180685
2004,HR,0.2640306994134451,-0.2273685676714847,254.59414140360045,313.93772303538896
2004,UZ,0.03172251846135949,-1.3031457610736576,5.986004350450871,39.94846095432799
2004,AZ,0.031068180461079148,-1.2416481101738268,11.569771775706398,37.99208729166713
2004,TZ,0.04179101573264791,-2.218437687491747,5.38262945424493,45.316611699092064
2004,KP,0.04268797195935674,0.1375769956496586,35.90282229825615,62.03156541876624
2004,UA,0.19940968491910074,0.28512094724932446,172.94705108720171,259.9447875615715
2004,AU,0.5294159893508088,0.46612254063333924,254.29969680621406,451.12825012855586
2004,HT,0.012695434317748536,-2.902554062253297,-12.295880519003099,10.544882763846863
2004,KN,0.055903883729397565,-0.03765408729369313,51.958617112850234,79.25925284644711
2004,HU,0.3285899400731938,0.016293471776878992,297.4364235386025,355.90711623497816
2004,UG,0.03534895270953045,-2.2417198022936935,4.785867635711351,40.36165201050135
2004,KM,0.00394209117248517,-1.7438012639805784,-2.1836094769460614,4.188079588049158
2004,US,0.5825737931871638,0.5391885310271916,181.63717260048935,412.66642828087237
2004,KI,0.006747372164143282,-2.8571714799883665,-6.294546841889628,5.478990021514929
2004,AT,0.5661552291988633,0.49193006124891536,228.27557798341073,417.26895533335187
2004,ID,0.10378671362289348,-0.9356338854131149,61.45348796217439,125.37445753272115
2004,KH,0.03612555903023663,-1.7615535841701178,6.469789372873393,40.43533711870895
2004,KG,0.035319663240032564,-1.517549139073701,2.8696776620681756,41.6781595838646
2005,KE,0.08112789384544382,-1.6091476501126318,37.30567790610221,101.67012711626725
2005,AR,0.22232061243709375,-0.20732557675719496,213.28763456763727,290.37319180344394
2005,UY,0.16292036755710604,-0.578444424222501,152.7963371982155,214.8108273003165
2005,OM,0.09094507494008505,-0.9572203611022164,58.22244459755713,127.108826018991
2005,CZ,0.427847868143599,0.3104668889335235,301.64483665890464,426.98674561823435
2005,ZW,0.06289776538664099,-1.7041073047001025,24.95651552215251,79.20207768281392
2005,IR,0.12103300630656075,-0.467060400234375,101.24649553203177,175.5457659212479
2005,AD,0.1159475327117124,-0.06060215866706769,109.46041773769645,162.92676861381338
2005,NZ,0.47838309356600667,0.339781263235223,299.89945751187133,463.21010281885196
2005,PA,0.16435523515109426,-0.5269690351142163,146.4527307628792,211.54000814395104
2005,DE,0.6159801368497838,0.5793655899114076,104.67369070869645,418.0447029927536
2005,PE,0.08191071703589302,-1.562826813528316,27.56375404321135,100.34461850719751
2005,CY,0.3104695151931079,0.277071363968468,236.2883388741642,388.39326444005394
2005,NR,0.019345907369735436,-0.4469533230082699,11.719767663657663,28.465029367853134
2005,PG,0.022490862108362816,-2.9832174413594568,-1.9540491123983126,22.430462397398912
2005,IQ,0.015005101640249433,-0.8021592822105932,8.162239079393897,22.993641209510255
2005,DJ,0.026752778894562297,-1.2220342915259919,7.013942669558228,34.806767478864344
2005,PH,0.08624000239002952,-0.860500804516468,50.26483405162265,115.47087750301982
2005,NP,0.03733239225045279,-1.600891233784098,11.545301137718669,48.28414095277147
2005,CV,0.016214557623902687,-0.9479702417673445,3.3324646628786074,21.99816023019525
2005,DK,0.5446123670047339,0.3726898416531966,283.63908924587383,455.03888444341317
2005,NO,0.4544617984462398,0.5379289339558426,248.8893791811477,466.38571554096376
2005,CU,0.07850049199473284,-0.6501843633447068,71.90267938193128,114.11998039288922
2005,ZM,0.03229331457987992,-2.4222415722992774,3.8543252458009483,35.20928748012232
2005,PK,0.06323220089919146,-1.2910492727340483,25.95325806226783,82.73451183991828
2005,IS,0.23446105944539766,0.14379041854629396,247.07852363116885,307.1230754050016
2005,CR,0.13943116676585707,-1.031128783704265,107.86585778285833,180.22864069179332
2005,PL,0.3509293881567321,0.09900771544120447,283.2363840108867,404.17446456182097
2005,AE,0.2886516360568639,-0.008639682554526256,243.68530756060275,353.7082733145482
2005,NL,0.6039336845769899,0.3780798511807839,244.09931415271168,426.0481267335767
2005,DM,0.06559659581984102,-0.7777466599615697,35.45361998020935,87.48530168375746
2005,CO,0.13958066395289462,-0.6265593275416864,103.71735252121205,194.37169953937334
2005,PT,0.40164396888246273,0.05948370889243995,345.85139190793626,432.06417630307476
2005,DO,0.06940588258127832,-1.2326406801610927,28.17838295258451,86.95814128270449
2005,ZA,0.31784014116101134,-0.049275771784413266,284.32818728646134,367.4066762700421
2005,CN,0.2468965059615059,0.14226805762034667,203.35618237931715,309.70897437978726
2005,NI,0.043995402262504466,-2.2178252470290745,-2.5316766856736663,45.68395580761347
2005,DZ,0.04207934637532505,-0.23894331696027435,36.99641356754267,68.8650346079886
2005,PW,0.008536160215384092,-1.7324292437737367,-0.44424293093687633,9.700131421091589
2005,IN,0.12475263133331344,-0.33344219599198244,96.52072930903812,176.47060211638748
2005,NG,0.03442942913362032,-1.4531966992367917,14.040622458771889,48.426918066441566
2005,PY,0.04019825899045231,-1.8700276977891848,9.396738739909848,46.36392445966682
2005,EC,0.07351981036559756,-1.2029913181159022,29.972068953691377,99.64701474541693
2005,QA,0.12214387231668286,0.1541004943933285,134.384980461587,184.03973115531736
2005,NE,0.020174041794850155,-1.747186434757178,2.452365158976888,26.265183395847654
2005,CM,0.04308621326273347,-1.8864873970405107,17.734835561097256,55.4608737695753
2005,NA,0.0658045152291529,-1.4851027960341079,22.366454010549777,80.56387251624746
2005,RO,0.20508845112282256,-0.12273673918099168,186.9659130111412,267.4852283626383
2005,EE,0.3005954571592759,-0.17485723945464307,283.51344889740585,358.31543681053114
2005,IT,0.5547951996951138,0.4320395356098154,245.20553800635506,441.72863507664573
2005,MZ,0.020435270796867154,-2.5069616462235165,-3.462894865673196,23.149042173482673
2005,CL,0.21169629710424057,-0.397695633879135,198.32539062829636,281.0385975228482
2005,RS,0.11919291265850457,0.14423539182056103,130.69552129491763,194.54955457254874
2005,MY,0.3005546748622829,0.1724547045046615,240.19084882657717,363.3114400362113
2005,EG,0.1082781478954117,-0.6478948022855275,75.39204713861284,155.0187344531724
2005,RU,0.2567370651963778,0.5197352835440714,207.86143521899152,342.20057812857993
2005,CI,0.04674673321712729,-2.046328705742719,12.161109922861025,55.81948263942503
2005,MX,0.23755711830464155,-0.09211106232007799,206.3660807574921,307.2620669802726
2005,ER,0.014580505386913349,-1.1663007571248878,4.736029281547926,20.199124511527145
2005,CH,0.5749656476741697,0.5955733885041733,155.22607084609774,444.72689229943603
2005,RW,0.011551443353583551,-1.7534499376531107,2.7252962103032217,14.448968480385723
2005,AF,0.012953073374191434,-1.474289932329701,-1.619037580528824,16.06257973324378
2005,ES,0.528229560595336,0.2748520059201574,318.6327381115611,451.03579895062325
2005,MW,0.025868705719667217,-2.3546918154508534,-0.9654182881781738,29.153010919196205
2005,SA,0.13561948276265903,-0.11134364767367563,123.4544987391419,200.40846615590937
2005,MV,0.02535107656881975,-1.7440698552255598,7.897904853426044,29.403491272439336
2005,YE,0.021744666650615956,-1.6486018463367227,-2.557914946357534,29.03530238767529
2005,SB,0.0085020334665809,-3.063920326033675,-5.4288409596891185,6.958176950715209
2005,CG,0.02897246793925925,-2.20338957535371,16.457805885416008,31.981433952027402
2005,MU,0.1415253736465408,-0.33472551305093207,126.13789426021302,185.69092057751678
2005,SC,0.053605378031975,-0.13991572992738197,46.49004029236148,76.84711884459713
2005,CF,0.008834425750115676,-2.2458201491967116,-0.05822129970499395,9.969393570483028
2005,ET,0.028318092586169415,-1.952133479404348,6.286049578895755,35.737120639282104
2005,MT,0.17331262076488074,0.23395811488805682,162.33957480805606,244.4115525889536
2005,SD,0.016912528480337943,-2.3256296570271124,1.2727013177934232,19.782248667439042
2005,CD,0.008194873158047657,-2.9841816424823016,-1.1480358945557958,7.798943237105416
2005,SE,0.5658106027971537,0.552213254562268,173.6414097109552,455.829003628071
2005,FI,0.4883176822311321,0.534636226976955,236.51292032769578,450.6250060514154
2005,MR,0.015993531172468982,-1.1562737428553758,6.9087697556323855,19.35148160570219
2005,CA,0.5374154968796393,0.4491157650142458,238.5341782829555,453.1180870986649
2005,AG,0.05298824180730618,-0.12677832749916176,42.332253903542636,76.64657198252118
2005,MN,0.04385923976144665,-1.7875429472603561,15.068317861804358,50.496277694780304
2005,WS,0.04160859518784578,-0.5150877659617362,23.777365559114156,59.148348571531265
2005,MM,0.020367331868143126,-2.569974088422711,-11.683262196502518,19.934935213689833
2005,SG,0.49547294005202014,0.4963917875268978,221.1201388797449,456.5966699318292
2005,IL,0.43087082121103926,0.4334032307382086,264.5196088235075,436.16900752186496
2005,FJ,0.07084801489143693,-1.6531187527298727,23.18791557401746,82.96621422233717
2005,ML,0.028893810868353933,-1.9434040165048858,9.705887612508496,38.052203845007675
2005,BZ,0.07162549521294363,-0.5224207898564021,50.21280288665771,97.18590995737502
2005,JM,0.08835229863097144,-0.7936967849182271,68.05502326046042,119.17929038662994
2005,MK,0.11743923324891861,-0.8477547314638484,79.78468265215996,152.40276856229002
2005,FM,0.008418667442359277,-2.6622617918594087,-6.625244250337848,6.286493891569696
2005,SI,0.42416350101548644,0.30876745002765865,301.0657624286989,444.6282518015228
2005,BY,0.1867892781997229,0.19083649374077524,163.39748667124414,265.30318037885337
2005,FR,0.5896278534989566,0.47563410406414997,193.24969956131062,433.76977662931495
2005,MH,0.018586939028485624,-0.43899642106132053,8.832463251317586,25.411795523203548
2005,AL,0.053185327094348596,-1.613330788072894,14.686191385766866,62.17319500611188
2005,SK,0.33153865607731153,0.102061809212721,278.5254418422364,392.3301993641788
2005,VU,0.023971367549886675,-1.4263860679596192,8.751684263150821,27.58083137679232
2005,BW,0.06111349951463491,-1.5373693384677807,38.926277269531035,78.97680087104717
2005,MG,0.026127515336075668,-2.544320910226472,-13.098912835591694,25.52041346770603
2005,ME,0.0436516438456995,-0.6824779713741081,48.20623420020781,69.42305343059324
2005,BT,0.023284906950038337,-1.5926354143319663,3.0996168389643257,28.043366827030088
2005,SL,0.02288033916233252,-0.30739245402573817,16.94162708052609,36.178527891742554
2005,MD,0.09658050752566617,-0.6996600935701792,65.58069071656622,129.95762742941915
2005,BS,0.13420436758393023,0.8817605008732491,145.64989217457202,208.14012819727307
2005,GA,0.03175649550668847,-1.8183800715584597,21.074315300800894,38.88596883468868
2005,SM,0.08707388006885307,0.2119187056526364,81.39988809859278,138.37333094083044
2005,MC,0.12623104961440607,0.8357186118361594,157.0284867222064,201.07506173860975
2005,GB,0.6053489588987688,0.5336857132545473,149.9517658766286,437.555613818112
2005,BR,0.22824291333525037,-0.08985360645940546,205.20166574173155,298.3471047116088
2005,SN,0.04878672492140075,-1.790002469606632,16.064769256093808,59.44451372678177
2005,MA,0.126298060005319,-1.0422160187262899,90.0450731669053,161.64839607823643
2005,JO,0.1670956521570957,-0.6400326856754355,154.2319234719746,219.27704211828208
2005,SO,0.005745273897748942,-2.5118009518020914,-5.839237154482039,6.037113485834267
2005,VN,0.10630915910261451,-1.078373832537553,65.71777881939995,135.29038293625916
2005,SR,0.03128279716249779,-1.6925794167417876,4.78164228664304,35.849291695519135
2005,LY,0.014448405079165363,-1.104739377954718,6.052214477099718,19.41359542725729
2005,BO,0.03896905959116259,-2.256385339819317,-2.4351020615514214,42.478009949117535
2005,SS,0.013098764360357932,-0.48782220153278777,14.60114212637679,21.60650673532851
2005,AM,0.062163308726352576,-0.5300204685743071,51.0638047467081,88.80550764972604
2005,LV,0.24189179102877814,-0.15110856479890716,214.45927850489818,305.5550367479866
2005,GD,0.027796450781931163,-1.1147847845069678,11.315878693100391,37.03373930981469
2005,ST,0.020794375437031158,-1.2987438055094231,10.234257597341205,27.643382364404264
2005,BN,0.03181970647550103,-0.9841385967852628,18.325256618401184,44.099934734074445
2005,GE,0.08039545287583812,-0.518562744269097,68.78168462443286,109.74779549812311
2005,SV,0.07679954974560613,-1.3037895007633227,36.124951640031675,98.1767958570801
2005,LU,0.3687160573374298,0.5088684390468216,237.8524572915244,416.94048363810947
2005,BJ,0.029640610474927328,-2.5617109063748904,3.8658619645799703,33.82306273443387
2005,SY,0.0650645956547452,-1.4583285226117535,18.240240235042737,83.38153667950235
2005,GH,0.04847685594846793,-1.8562178347077034,12.603329192193089,59.17739138143853
2005,BI,0.014652748756678135,-0.9370156650251003,6.668874103203105,22.151536804267987
2005,SZ,0.07157813682801827,-0.7478645864182195,45.57184913763811,95.8391823724288
2005,LT,0.24948806743577362,-0.31664548798895803,229.86351999946365,303.6719520601519
2005,TD,0.005837828207461742,-2.7363292419213323,-1.4394073056706271,6.4124427507865525
2005,BH,0.1034989981413734,-0.6271304675282394,85.25559913059324,145.65536924298453
2005,GM,0.025025139184659033,-2.2120753343345823,5.258602352109164,29.657101415047396
2005,IE,0.46008904597261235,0.49153986587762727,249.38253715051442,456.39932293714975
2005,VE,0.09569180089574195,-0.28541524673742436,85.64630620482527,141.87825872749715
2005,JP,0.488926137016366,0.8081451630265034,125.64221262427414,432.91666952896907
2005,LS,0.012521127711341127,-2.821103599383485,-4.450199289840486,9.534188085390694
2005,TG,0.028995529838664467,-2.543191042990258,-10.611438762532233,30.86095497596712
2005,BG,0.3036999412594402,0.029898842488207008,271.8665449443298,362.71005417059047
2005,GN,0.012637445409062668,-2.9754522370717997,-6.247669035184445,12.354541017395725
2005,LR,0.010568807687309598,-0.999120574777046,0.6534979149405664,13.257928447778387
2005,TH,0.24296489374292132,-0.24511014326594088,213.92369055943604,304.64416604800346
2005,LK,0.09706180293929641,-1.2936302171437932,61.815126808845946,121.03325149678659
2005,GQ,0.005134584574555781,-1.7838481294579347,1.4159395200870166,5.525712037285082
2005,AO,0.005649404050417395,-1.8696942360673225,1.6626755452727,6.292225670992374
2005,TJ,0.017209602371763822,-1.6620857678622345,-0.7745716992393405,21.796069628992743
2005,BF,0.021776006728656986,-2.898601189916668,-1.1016396154161863,22.885046076368162
2005,GR,0.376657855219321,-0.021563084068874493,338.7513097623297,413.86484291214896
2005,LI,0.15522374472139253,1.1114263715993375,172.91257708502275,242.84022502021946
2005,LC,0.05044710665781046,-0.07068570549962179,42.90705823374904,74.8876946726619
2005,TL,0.0055368821175743165,-1.533510916191465,-0.7216053373763729,7.508643234837538
2005,BE,0.5842978296681619,0.33338050595066365,285.00375829941595,420.39597331659684
2005,TM,0.0096509482575277,-2.2527075151510676,-5.2599287879549195,9.432763580037546
2005,LB,0.1829606286927213,-0.41229187506602744,163.90630045231552,240.64007871092193
2005,TN,0.14681874461621933,-0.9098270694917883,122.01019017399636,188.40965645256418
2005,GT,0.09992427367417032,-1.2929708593198763,52.7370420704987,125.76232155395068
2005,LA,0.03936888667709016,-1.0114012994933081,17.61554151712655,50.5458632714735
2005,TO,0.013915443983457027,-1.9881946681552656,-6.784688576378147,14.46900611531509
2005,VC,0.02266414921792466,-1.4252292720363737,2.1896742131763354,26.865567402653543
2005,BD,0.04121095105139729,-1.5031039332232776,11.328530338608132,52.10520589006629
2005,GW,0.007279424955690166,-3.1405491816413216,-4.19362938497374,6.6839475088688705
2005,KZ,0.09136138879120183,-0.33883499264276906,74.2453045593568,130.23759609280108
2005,TR,0.3130568590698351,-0.024469296638658107,275.06369857387284,380.220325065473
2005,GY,0.038503312644228155,-1.6845185919390864,8.397722709768749,43.61980988324836
2005,KW,0.09852806799295385,-0.4417870314970117,102.36349664092273,149.75839128859195
2005,BB,0.1647101793217851,0.28183130686622726,160.03077151866657,233.98053703394163
2005,HN,0.05621486337375572,-2.018461204492873,1.9424221732485432,62.546984895344146
2005,TT,0.07906841722515055,-1.023896782037792,47.65704291842091,105.67568281219
2005,KR,0.4300829507909431,0.6114354628089183,215.44313022622913,428.9841055362696
2005,BA,0.10420419097445352,-0.5730514329702906,69.1459424145922,141.20241847067183
2005,TV,0.014066363336241653,-0.5404188588948154,8.190613628315335,20.769151661549223
2005,HR,0.280409024085723,-0.16770608257746933,270.13656272989965,336.807291509244
2005,UZ,0.036283154924912395,-1.2059811146627313,11.076873298398032,47.2460266142381
2005,AZ,0.0688398083052999,-0.23821733977054638,54.39206106096397,103.06687429673987
2005,TZ,0.044094860023651206,-2.2614901101669056,5.970591976813479,50.65076486326348
2005,KP,0.039052705617253165,-0.025449698632716775,31.828580418729807,57.23964140172562
2005,UA,0.20919243656839787,0.25302297612009095,178.3890498044105,281.09185633985237
2005,AU,0.5263474070448003,0.47255070177768665,235.94131340866764,473.1052857044905
2005,HT,0.011554233777580178,-3.064298490646687,-11.661576164964956,9.369831681573318
2005,KN,0.03699735389391179,-0.40287174408866167,31.147033702003636,53.11623925178523
2005,HU,0.3531424315653581,0.11351634475400392,301.0605674076283,392.80313765660776
2005,UG,0.036617058921207854,-2.32185178150483,6.639297873173177,43.13864538575717
2005,KM,0.0036236532371800747,-1.749993213279957,-0.9834856571547985,3.6307890832005434
2005,US,0.5839834754636837,0.5239854700406409,170.20647035910466,432.11140702944135
2005,KI,0.008949090691063224,-2.349684138458712,-5.820769852994081,8.679136843822532
2005,AT,0.5752409107689271,0.5006413538638138,200.07023161430612,433.6757121243253
2005,ID,0.1038065959514907,-0.9962764526296092,60.970559570473796,131.6090831457373
2005,KH,0.04047401208639895,-1.868007411686473,9.214628913611778,46.27739348843882
2005,KG,0.046540455866245944,-1.4067575563930514,16.69003181409089,59.58296118631082
2006,KE,0.08067150129966397,-1.680398978809497,36.068886297936025,107.47554417377067
2006,AR,0.2247720228691236,-0.2343806502799804,210.67458833093247,310.4728026655072
2006,UY,0.1534586938881566,-0.6090063038772187,140.30254551344362,216.33598036329246
2006,OM,0.08040350180955276,-1.0561725120631777,50.298212283334756,118.73857628003672
2006,CZ,0.42885280579046353,0.31809421508021407,295.2155404504917,456.39620271191126
2006,ZW,0.05172711326701354,-1.9264760379254366,15.432814036378927,66.74619041191987
2006,IR,0.13437288865526684,-0.45467918083509784,113.89023879952526,208.44255411117507
2006,AD,0.12808614185049294,0.050632561800624455,122.08358866848435,191.99401584815158
2006,NZ,0.48862832010514234,0.3629319184233595,287.77992464940405,502.7915175742181
2006,PA,0.2003319915453492,-0.18077149126442427,181.42877989979837,273.2964194677294
2006,DE,0.6204078856635791,0.5724201449407903,100.62500258702254,447.18221794538687
2006,PE,0.09289755412720299,-1.4235602382703023,39.27117508003198,122.15425641940381
2006,CY,0.31085273036116057,0.28969719367663765,240.580011025951,405.8277373819736
2006,NR,0.021911247772854896,-0.5038069996574467,14.889485358410733,33.68428685445697
2006,PG,0.02468837718812098,-2.9731359691999453,-0.6721789523135706,25.917859849873246
2006,IQ,0.015199834865684393,-0.6829517266919872,12.025912047752959,25.881936368162048
2006,DJ,0.02900199840740791,-1.2769644206725106,11.42714106823387,38.20525777514837
2006,PH,0.08931878264435053,-0.7050831472553328,56.70708588731744,128.09578405221407
2006,NP,0.03938361736456738,-1.6073804018829096,15.096880949456388,54.805484455015325
2006,CV,0.01659898973896711,-0.9864810537012763,6.200141925813072,23.51798616467836
2006,DK,0.5449359525715494,0.3462537428770513,292.338746116037,485.6682698634557
2006,NO,0.45581467159937655,0.4968538664355067,259.10234366281384,495.6513338725952
2006,CU,0.08430386325194986,-0.6411623721943827,76.63540454870153,133.2015568507161
2006,ZM,0.03540223939078445,-2.434820270888144,6.02207616460076,42.02176449950006
2006,PK,0.06646101448571186,-1.2556191596051987,28.365211282364136,93.76214215491787
2006,IS,0.23436908718358684,0.0427978990227511,249.70027139017927,323.6531712542728
2006,CR,0.13905584399348025,-0.8888736954376564,106.11321981161552,194.2734713604668
2006,PL,0.3624745621459911,0.1497613471354305,285.71176788133675,436.84261074810166
2006,AE,0.2716554506241982,0.09438451185654978,228.27499235784978,375.8656748670994
2006,NL,0.6054648483478158,0.36237347183529955,250.83461821244413,450.6214809011883
2006,DM,0.06760334925209852,-0.5922988936123723,44.91457355880129,98.24861878118466
2006,CO,0.14435205153963795,-0.558967010734644,110.57914236445457,215.36833516400708
2006,PT,0.4055378999775922,0.03344914793562702,351.0346965557913,454.8197789107422
2006,DO,0.0732672465738413,-1.1633366362829651,31.804307346550004,98.79152168153381
2006,ZA,0.3201687028488767,-0.01767445508125179,277.8548310339984,396.03366658092204
2006,CN,0.2615886068366966,0.19517874976636895,213.75375691006633,344.1606090938624
2006,NI,0.045863189607333814,-2.1294290423099342,-3.1007218162710948,51.33618733260051
2006,DZ,0.0450292674802398,-0.45596952742396313,36.840744394803174,77.47950703079742
2006,PW,0.011906528287227165,-1.6835788457374288,1.6369772676519603,15.250765480507104
2006,IN,0.127879836872986,-0.34925561984669284,97.1683291578015,191.49430936333238
2006,NG,0.034928224423701804,-1.4324126248985627,13.134206687158132,53.44120757754923
2006,PY,0.04453821679761323,-1.7536283912374295,10.044509847212197,56.36707788580856
2006,EC,0.07557229029173,-1.1397518309225851,33.699448861899846,109.33764372385778
2006,QA,0.09758701245307728,-0.17709192857159506,102.84125474559302,157.20993608328783
2006,NE,0.02319762310266457,-1.4278526117277046,6.011094210809986,33.72496729694266
2006,CM,0.04617234929495609,-1.709324459123262,21.14918236925014,65.52763312766405
2006,NA,0.06427440163217507,-1.5159055523490816,21.47905976005369,82.20720289496167
2006,RO,0.22997293362115587,0.007211534416167967,206.15936437287192,317.94509541317365
2006,EE,0.3189749139576985,-0.05068813993632859,289.95375867114063,397.477279542222
2006,IT,0.5536620215795192,0.4082809150576937,249.68749478941604,470.28205630985707
2006,MZ,0.02318576555129324,-2.5650160138303653,-5.579864037629647,27.041073830480713
2006,CL,0.20863234819462,-0.36051377189241773,191.9246909024075,296.02309192503435
2006,RS,0.23008374774719764,-0.262391280621786,208.39378264241958,316.14598295628565
2006,MY,0.3081745391783548,0.14550535058135447,252.42206556799303,389.94817626981785
2006,EG,0.1084355269716931,-0.7161751068373359,75.12755724382944,165.1102100753656
2006,RU,0.2659455510869061,0.5298204917740369,208.48995722300342,375.2103985345548
2006,CI,0.040766942612871365,-2.2706456227936656,3.2227754560959982,49.591795425443436
2006,MX,0.25214628617538465,-0.06217889455086008,218.62157354991288,346.25612923671775
2006,ER,0.019595221345829566,-1.4266146368586328,8.894720017850883,28.24234877717865
2006,CH,0.576058851850665,0.5798179034483308,153.83996514479733,482.5930277929611
2006,RW,0.012221559550373507,-2.2647710549583038,-1.6499882896679907,15.195998576998084
2006,AF,0.011401732940819932,-1.8758227377001664,-5.557853951750822,13.940715204301343
2006,ES,0.5339520332190885,0.2943888057756897,302.627637447574,482.4457305985293
2006,MW,0.027460545647836985,-2.6474520778359554,-0.25516299746064725,31.22246021552779
2006,SA,0.1368233647745576,-0.1804294444584008,127.92654703639032,214.73892253532426
2006,MV,0.02068548583979157,-1.7295678353414237,4.376772299255952,25.08947856434984
2006,YE,0.024965626469648165,-1.5151479169245523,-0.09527687788929048,35.0018499302481
2006,SB,0.007287753955056931,-3.2077244656544677,-6.698208218344524,5.409202230253645
2006,CG,0.028439512486199862,-2.457285078805562,12.582505117290419,32.626724989054175
2006,MU,0.14290137419348145,-0.3478726413925669,132.01929417467983,200.03632781246978
2006,SC,0.08401563946241508,0.03304161868426409,83.44891838343553,130.87495668316163
2006,CF,0.009089727242125291,-2.525935547677679,-2.6784557455106834,10.024395192057389
2006,ET,0.0282460819364973,-2.1089146892160877,4.816622367455075,38.93855358658176
2006,MT,0.17580273722500228,0.30978228303624356,165.19395332641398,267.0103803496855
2006,SD,0.019268618544853105,-2.2339002923420193,2.483629843691957,24.36706033866041
2006,CD,0.009168324892593631,-3.1237098587759005,-2.0813224936547865,9.439668089784984
2006,SE,0.567054364542826,0.5218199157515475,186.81101943789614,481.3216725742464
2006,FI,0.4899108379132558,0.4852043301219999,249.87184798491407,480.9045466108944
2006,MR,0.0115111241778044,-2.085087384688577,-2.957499373140845,11.61784406411273
2006,CA,0.5403875620229056,0.4236776322641042,248.39385619483565,481.03473961658597
2006,AG,0.048674802830265096,-0.2504589889729437,36.290507892729025,74.85873384069949
2006,MN,0.042571617258943116,-1.9806317877430624,11.114393907821063,51.10529155498325
2006,WS,0.03673906026143488,-0.4782874129313712,22.844729957857716,55.01456458422908
2006,MM,0.020905069796021088,-2.3978324708418746,-9.382180320793013,22.741052218210722
2006,SG,0.5049524373936201,0.4976601098637089,214.96991695403116,487.81271253101954
2006,IL,0.4385806266075903,0.44303726087166445,256.0579120443905,470.39708024962806
2006,FJ,0.09169682419394842,-1.3283722832616236,52.858559285606596,121.12190945118506
2006,ML,0.03090496654681757,-1.8222871675028298,7.437541911340236,44.24923761166889
2006,BZ,0.07064035362114572,-0.9147357976778743,43.79556460876856,97.0887365821874
2006,JM,0.09856973169292095,-0.8460808193550389,79.33959540437272,142.70518987712103
2006,MK,0.1272949608741657,-0.5939347237134377,92.5379156085245,178.56153676588525
2006,FM,0.01096978005132245,-2.38714536704294,-3.2321257017696734,10.165458512251606
2006,SI,0.42693969331269993,0.2879325497784196,303.78216587570546,478.83407908331185
2006,BY,0.2068689770124292,0.22707451122371652,184.70356960806936,305.8754474377253
2006,FR,0.5918200139509324,0.47302369162676267,188.83424844595962,464.77385355463565
2006,MH,0.03603200539923516,0.5066410940316423,35.220744942181604,61.77528071193541
2006,AL,0.06312920396028493,-1.2262162886250154,27.149064649669924,82.25872713926677
2006,SK,0.35760809285363515,0.22238283073707002,278.1539735609722,434.8793983814115
2006,VU,0.024368370730499044,-1.7392639595948474,2.7965278318631923,27.168099654500654
2006,BW,0.05562443473305169,-1.8116664291640376,26.113806782817186,74.51507687786294
2006,MG,0.029445412821042134,-2.514494359495,-10.079914576869943,30.966620734822826
2006,ME,0.10949394469641689,-0.6220636655498811,92.17535865362487,165.47469898428855
2006,BT,0.02467361408521071,-1.4344205488816753,4.696630004139504,33.9824513142276
2006,SL,0.0227518428871785,-0.5978906485260592,13.170096928013036,36.47760110086093
2006,MD,0.10440834891068422,-0.5751227065413719,75.49310068190059,149.45168121267673
2006,BS,0.1384286258468075,0.7887471602884988,151.2507910021071,226.87802939991596
2006,GA,0.03426041732777879,-2.1651315811990983,20.86297460581372,43.28141803676007
2006,SM,0.09225124046429162,0.20868253763832928,90.21426099828494,154.5028766413625
2006,MC,0.13166247887748306,0.7493207822829371,160.04941579271429,224.3627089632781
2006,GB,0.5981480029765711,0.5293731662860856,154.17330962621944,470.2421454914701
2006,BR,0.23143898221376355,-0.07200389088106324,201.87078932805983,323.34477624543956
2006,SN,0.04827359169482116,-1.8883135714136619,11.149625303477123,61.3166203014436
2006,MA,0.12624844262813822,-1.0493439582941622,90.52488768267854,170.99814659143107
2006,JO,0.16545902048338385,-0.6141269844321587,146.93237248621168,235.06001388784443
2006,SO,0.0061573561185313715,-2.4672361164339565,-5.4312092171755975,7.034065623473202
2006,VN,0.11108344134283518,-0.9676307495606732,71.51627991662252,150.03416537405005
2006,SR,0.03434191857342985,-1.4225578757739983,2.1041486747005234,42.35522587914385
2006,LY,0.02225611387357728,-1.0024095252033214,13.413898006033726,33.5132600387256
2006,BO,0.04885381215384236,-1.9186763477640476,6.358905840840663,61.99664915887615
2006,SS,0.010963878775184135,-0.07370332486904446,11.69240560574738,20.669419676497558
2006,AM,0.07468968678717426,-0.5292305275575601,57.64150778858029,114.06094796511171
2006,LV,0.26389438090521805,-0.14617995415050036,239.05433637309696,345.5891777446979
2006,GD,0.037878972186620154,-1.1142766822189263,18.51985231859906,52.97496252689162
2006,ST,0.025086886873967068,-1.0028711371563475,16.7182422890289,36.95352833300871
2006,BN,0.03796876432010015,-0.7946587577289612,26.69549137864347,55.84897068313713
2006,GE,0.08372551102586634,-0.3453715498588296,72.36477089180482,126.039836022522
2006,SV,0.08436157453880981,-1.0016662057525814,49.688600667293215,116.35622669177296
2006,LU,0.388028861344529,0.49858937211696647,242.5558716823537,462.0157203439161
2006,BJ,0.02950886819481859,-2.548974728905781,3.700376128798083,34.00720676641085
2006,SY,0.06809475133322539,-1.4470618152452763,22.059534590513987,87.88507137137131
2006,GH,0.055054334373512585,-1.7947662607388313,15.299063623755771,74.50026327028291
2006,BI,0.017011504612376747,-0.8038898695170472,8.282327620222791,28.658721721627064
2006,SZ,0.07072582391420308,-0.39490615786601263,51.794172001660435,102.49632971141925
2006,LT,0.2799825416946663,-0.218720898529759,248.6728026886975,356.25546753742975
2006,TD,0.005232096678803442,-2.663949657967767,-0.2979571991875832,6.3685190076755225
2006,BH,0.10963578032754293,-0.5437334188131668,94.15177579312751,164.8791088768669
2006,GM,0.028183712809030034,-1.7810810036663012,11.742961887259666,37.411255791060725
2006,IE,0.46395296119841656,0.455865727701529,257.46160546341673,491.02591873760997
2006,VE,0.09169175909274938,-0.1517865780927066,86.18895820619657,149.2030965140197
2006,JP,0.4870606949426517,0.7943292322769645,127.8677607336532,466.1855024946611
2006,LS,0.013203254571876155,-2.260016479915433,-2.423981684162491,13.62555942736583
2006,TG,0.03485930859523156,-1.9881900876960077,-2.264609526526099,43.3927301701648
2006,BG,0.30946276724621047,0.017231746992793836,282.5753311593186,391.6256410696623
2006,GN,0.014655879713179863,-3.137324184494093,-9.748762508885834,14.586002293773193
2006,LR,0.009078017327477398,-0.6580299922438164,3.024072603214836,12.77492442536292
2006,TH,0.23769643521055422,-0.31234513085363386,215.1605583083615,313.72123284955325
2006,LK,0.09893848368602605,-1.2198007686369357,61.92320037118973,131.54034648241696
2006,GQ,0.006322648817700179,-2.6368030541463554,-0.09748168095331666,5.976836193658713
2006,AO,0.005791896844392563,-1.727077295654919,1.38515582747914,7.056662524894347
2006,TJ,0.02589864312658634,-1.1314000618105917,9.525813058210764,39.34592763218493
2006,BF,0.024414413905685654,-2.84297045578754,-0.7814932245369567,28.068357452819797
2006,GR,0.38485800689759586,0.0020865002975749627,337.4878352763122,447.4681140789187
2006,LI,0.18294377291968666,1.1622338254866802,181.46641497030714,306.4181106236242
2006,LC,0.05279784093601903,-0.17740420380123997,39.00530742598845,86.92699192888716
2006,TL,0.004457877981185089,-2.5498804346395363,-6.277722899827386,5.4886348291782205
2006,BE,0.5818198472949309,0.33033951498424374,282.2838062608742,453.6252315720916
2006,TM,0.009638775870802868,-2.339461736234644,-4.773241787302521,8.860372137980217
2006,LB,0.19736704636978225,-0.47598399593734514,176.14411411006668,271.68473567865425
2006,TN,0.17382942098199117,-0.6877994051843195,157.42027158946095,240.24569754174996
2006,GT,0.09739210971882793,-1.1014037719533893,50.599285478110694,133.89751131352998
2006,LA,0.027232947454237995,-2.2871246145288935,-8.821067774498742,29.160078122609157
2006,TO,0.019713011202397962,-1.7783735307449622,-1.4894640589285348,23.129704923754364
2006,VC,0.030348696408689674,-1.0353181500328776,8.847647995092549,41.7195940509578
2006,BD,0.03939699169680474,-1.595818658594451,7.5362999293232065,51.629093470777455
2006,GW,0.00843490760227845,-2.8551028349794207,-4.199952915026102,9.671675081800258
2006,KZ,0.08051522411690538,-0.31138033055244224,61.39730324407575,121.70866474937468
2006,TR,0.3326910165009939,0.040011177191355204,281.8540531757628,421.12100832390587
2006,GY,0.046115430085730824,-1.6965529995168078,10.800467810200534,52.68231185736755
2006,KW,0.1169238200755611,-0.4354869011510304,114.4029346170914,185.35129513532547
2006,BB,0.1732966468034847,0.2883518790180745,165.68842343841362,257.91627112796755
2006,HN,0.059755490928571915,-1.7446441561731711,8.077776990486537,73.11119529186945
2006,TT,0.07969180384509916,-0.8549225965889875,55.21676003506892,113.79179376871618
2006,KR,0.42672703519310395,0.5847303582269657,227.2428919883771,453.2788570606626
2006,BA,0.12898979440858974,-0.40452085299930374,98.52193285657034,186.65368927935907
2006,TV,0.014468502455806635,-0.36537889089716674,11.543777295755316,22.154871002970587
2006,HR,0.2944035137234321,-0.1451755894802693,282.2042993389103,375.5568201841912
2006,UZ,0.0332806589909015,-1.3357620233727927,6.953516166050466,46.090201607684726
2006,AZ,0.0630605016864696,-0.5306225078194738,42.22532863699909,99.83529204730823
2006,TZ,0.04796420034871189,-2.2640484180924765,6.319615005884372,60.35670730660398
2006,KP,0.03892500417740017,-0.025540680097349607,31.894063327989333,62.30180497171011
2006,UA,0.20782226553345562,0.294062048737347,174.19609600711962,296.97263376763135
2006,AU,0.5247566141838484,0.4480546955404887,239.94047301248904,504.2310601400578
2006,HT,0.015019397789447886,-2.932076090530112,-8.794477698931818,14.039009274112788
2006,KN,0.04121153008588674,-0.3035625475614699,35.10262985845035,63.87289807226981
2006,HU,0.3619370127800285,0.153566154362506,295.2338342051351,430.83078568097443
2006,UG,0.03662970880791684,-2.5961865848310017,-0.37274609221735433,44.05009276872633
2006,KM,0.003174476388327969,-1.3232648903305753,-1.1582873596882068,2.951516412596693
2006,US,0.5804038687303559,0.5101829207650546,172.9602904131751,461.87109658523576
2006,KI,0.008568852642807922,-2.1086264166143986,0.18473803335352998,8.279052129987567
2006,AT,0.5756931370473121,0.48816695922457765,200.80888543920966,464.53622819974703
2006,ID,0.1060632053260701,-0.8763204167313342,63.71948293809163,143.13204131832705
2006,KH,0.04230527406505943,-1.6006997901182343,11.695759875920688,55.459508823824365
2006,KG,0.04254127771998253,-1.3170515400812008,14.037682575897442,56.96526764720265
2007,KE,0.0811699428961857,-1.716165092521724,35.44616031907867,117.45732555651439
2007,AR,0.23155001900645034,-0.18543809749867401,201.78760904772187,354.85974065160025
2007,UY,0.16752441845262006,-0.4885194672067857,145.0076946849911,259.8434377310495
2007,OM,0.09513936661890968,-1.0019959727583467,61.1800178959045,155.22388528920217
2007,CZ,0.4471423364602793,0.31966225412896676,265.65992647293314,505.9569310930144
2007,ZW,0.057860312701169384,-1.7903954270772275,15.976694847281474,84.94771616075808
2007,IR,0.13003098052121062,-0.32524891501946557,114.38360813079657,224.99883257171282
2007,AD,0.12165555510977379,0.08196263093349143,107.35095189126396,200.03402521682042
2007,NZ,0.4826846914469726,0.29679066802822884,281.54409443282736,549.22708802309
2007,PA,0.20747735604998757,-0.14168398341234995,178.21555705714698,313.94974375727935
2007,DE,0.6193850420192941,0.5374631404155968,80.04390243538309,491.83670628754567
2007,PE,0.09818047989036463,-1.4115984881506838,39.340066532020685,144.68288697232816
2007,CY,0.34129490303714455,0.3458611324400226,224.7312642797892,474.77186208117007
2007,NR,0.023654000320606692,-0.4378874614905774,13.465671435440893,40.254184460471855
2007,PG,0.022804584525317643,-3.184539834451445,-6.272301621796272,24.621468952071755
2007,IQ,0.018249170098087412,-0.821084490955233,13.027276421633132,33.73143781470066
2007,DJ,0.014537042474717082,-1.644539547990945,-0.10897976493370971,21.143343443629227
2007,PH,0.09059692660932754,-0.6757287943134863,53.225169029392234,147.05203579629702
2007,NP,0.04338773951853189,-1.5604168358706159,17.278752870866473,67.95002800829978
2007,CV,0.016428714318251877,-0.9547711990406574,2.2844674570497143,26.09900008913759
2007,DK,0.5533415903559599,0.3266869172593892,263.4186948953896,531.2211781861389
2007,NO,0.4613328501323763,0.45963079935198486,240.9511905882741,547.6208477701371
2007,CU,0.07544780941260838,-0.730771002943713,61.69625683386512,132.02576894062557
2007,ZM,0.042343768208939314,-2.2723018985726884,7.298336886558296,56.33594866610741
2007,PK,0.06995369881500654,-1.1648420161126196,27.26688354830335,109.90329969974924
2007,IS,0.26131303742014944,0.16575414387196521,245.84370898040373,396.59762008995534
2007,CR,0.13211187787086895,-0.9561159768224653,85.80520767072959,205.05331202671368
2007,PL,0.37888980112860615,0.16314269477497348,263.93471632158173,490.5389637649306
2007,AE,0.29722538747907296,0.05181001232412011,220.1232081866135,423.0879145816299
2007,NL,0.6107823496475163,0.34597522229329,214.77557852533982,496.3322638423003
2007,DM,0.0715013625865404,-0.31365343564172565,49.350374063055824,117.8135518242481
2007,CO,0.15471523919288632,-0.5574794855282729,110.56478959842488,249.41158621044798
2007,PT,0.4270058384355106,0.06536604739756638,324.2215657514888,512.4449098640595
2007,DO,0.07938962461298288,-1.069778368096381,32.51063753467583,119.25517996063077
2007,ZA,0.3132605702763609,-0.07089958286026805,263.4812084738408,425.90414479089713
2007,CN,0.27712137468392045,0.21537404523240627,206.3617281798781,394.6845148445665
2007,NI,0.0469803224222702,-2.0163408796605236,-4.48738981577319,59.45910779341126
2007,DZ,0.04894866860812595,-0.304484679700734,40.70017387186967,94.56594150407072
2007,PW,0.010710393343774629,-1.8800243543961543,0.15385576486711622,13.51457166154759
2007,IN,0.13258454678408269,-0.2850448328452113,96.04861262335291,219.45484258492206
2007,NG,0.03993628300601066,-1.6037361156730774,10.361043993102381,65.97232760767488
2007,PY,0.0495593790985361,-1.3638762460525113,18.959979857748163,72.96477919614398
2007,EC,0.07759943582600996,-1.217687003272335,29.416154074479998,122.56537727790374
2007,QA,0.11418389885250278,-0.08446536759225552,119.68517634250999,200.15537760014647
2007,NE,0.0207516828003707,-1.4616836794534447,3.371178631291463,32.54170250425896
2007,CM,0.050929805388836624,-1.763896955260725,21.271659435802373,77.90071188090305
2007,NA,0.06586873465889535,-1.4746681237649992,24.04423253787833,92.87841841112976
2007,RO,0.24136828989627826,0.014074172273617765,203.30085343722504,360.7692239265221
2007,EE,0.3415678820372891,-0.02405206156496422,279.94862605730447,452.3012204618862
2007,IT,0.556664203288277,0.39444692572279033,215.44888027758864,519.4249688775086
2007,MZ,0.026134697461495167,-2.3489270148790875,-4.575538497219157,34.13019048145539
2007,CL,0.22495125882675374,-0.2870432711171164,198.04765123568959,351.81650954835106
2007,RS,0.2652078434724867,-0.17911436556460186,231.69292221054621,385.4399143778735
2007,MY,0.3119405151485666,0.1395851077504345,230.96481789496687,434.73644820108774
2007,EG,0.12012365745165379,-0.5566631096079221,81.78164298782764,200.7149736418012
2007,RU,0.2815129023030793,0.5813569288972331,188.49970743292448,431.70479209079747
2007,CI,0.03702806682459917,-2.5415178518600507,-7.177766790796003,47.93273459326969
2007,MX,0.24705500950081435,-0.07330840352299164,200.06478265901677,374.9031951721843
2007,ER,0.015473230396722805,-1.2871280564517482,0.7525878872124319,24.892481814051294
2007,CH,0.5802501639171077,0.5438787381313837,133.52656730718738,529.851521282144
2007,RW,0.01630704234027557,-1.8184683980113137,1.6809858030760145,24.249988935634416
2007,AF,0.014368828170961039,-1.5234921472156462,-3.40643573282576,19.847401141355974
2007,ES,0.5417293838813517,0.2899334527008036,265.25629658054316,532.3776402410913
2007,MW,0.030482508839894982,-2.735273228990379,-1.4077366942624756,38.483381550709225
2007,SA,0.1522450207546013,-0.07281942977050644,133.29681449977878,262.0211536733576
2007,MV,0.02460771191266184,-2.2371124453414146,0.2373772319665237,30.123362457046866
2007,YE,0.027982648049930264,-1.3264782934605013,4.9082793372735845,44.21178565209293
2007,SB,0.010439812933881023,-3.357851266006485,-8.753140150413957,8.314131142950096
2007,CG,0.03134082346669105,-2.321335441058386,12.188444548694598,39.516046976332376
2007,MU,0.1433989943927535,-0.39587205938134956,115.64852789526482,219.41805464100779
2007,SC,0.07999031533743117,0.10339071638981212,73.40115362927808,141.2277576977158
2007,CF,0.009648605109624184,-2.5177642931981343,-4.252749819639197,12.897607078528447
2007,ET,0.0317928912323459,-1.9880494279687795,4.896098913938579,47.162337416419604
2007,MT,0.17756787731714033,0.10320935455169163,157.42850633451025,291.9913600262656
2007,SD,0.019776222336057383,-2.369046950648396,-1.7248550141724177,26.842004921144877
2007,CD,0.010327699781271947,-3.1578888448675215,-4.380123292313424,11.430796439980135
2007,SE,0.5770163087651146,0.5015443521633612,153.05070276803,528.1001502132109
2007,FI,0.49800517613687295,0.47774470647979,214.83309681655996,535.8536915681835
2007,MR,0.013586962124230106,-2.0502605381887076,-4.069554965802251,16.012424990827064
2007,CA,0.5384330746653027,0.39721128026679536,222.3454465027559,532.2076560423081
2007,AG,0.0662883390531919,-0.11932638436328456,47.31264225418227,112.45483049724746
2007,MN,0.04130674895191318,-1.6739169274485426,16.426819771650365,59.19096714726337
2007,WS,0.04835864485131363,-0.026209541758948008,33.775691412441354,85.09004641381733
2007,MM,0.020798735146088633,-2.540400615770526,-11.141749442487994,24.438253202735982
2007,SG,0.4931723299267985,0.4589158475773104,207.92527068398084,535.3662418069434
2007,IL,0.46022225925833127,0.3966177539986067,235.88265992251857,534.2330366601167
2007,FJ,0.0927409327069677,-1.4964907209049136,41.60046199210521,131.7610582086039
2007,ML,0.03046830714035615,-1.7220959219917689,6.910250421606463,48.871799187741814
2007,BZ,0.07140751797667189,-0.7007168415997339,43.1410356052362,113.58355285686943
2007,JM,0.08553548421180725,-1.0938629253011218,60.18928366905975,130.83656899812144
2007,MK,0.11170067243305495,-0.8932486438579949,67.37109411369764,166.45981105617332
2007,FM,0.012138391227423228,-2.1496354721723536,-1.7369212545107757,14.331968547827783
2007,SI,0.42813420898348065,0.28768821031740416,269.793628239874,520.456728974067
2007,BY,0.21625071733248225,0.3528462790143016,170.7155053375079,353.6982273268119
2007,FR,0.5925948679914365,0.44571967706413873,162.0557618583799,510.28545639680056
2007,MH,0.014615760581930475,-0.8947647900706429,3.2707913799281227,20.09701577505567
2007,AL,0.06879291632885173,-1.2136210747256877,28.84223343538288,101.19676886686354
2007,SK,0.36089427364621296,0.2191841895138111,249.52180374085225,476.6078597161251
2007,VU,0.021848862129049944,-1.7857344244539874,-2.5277621199504923,27.929566624803435
2007,BW,0.055974039167187635,-1.8837985615726152,25.572249350287404,81.5503552526751
2007,MG,0.030187427239614678,-2.4940434719652047,-14.322814116463293,36.04947250241593
2007,ME,0.0771546257776751,-0.7334080880172961,51.73333156124345,129.17733491742638
2007,BT,0.01644223918025244,-1.4306704502168577,-1.461121111248542,22.583936031314256
2007,SL,0.023922512758873617,-0.6218456899746284,12.778997270872008,41.14775760242386
2007,MD,0.11539610178346825,-0.39587767037150284,79.7345449487653,185.25389607550883
2007,BS,0.14158236882305603,0.5665737760261202,145.9754073117721,249.38982516245423
2007,GA,0.028786011838582457,-1.9024660761092684,16.820363012666068,39.162364200399736
2007,SM,0.09127426949643745,0.04572526424108387,79.34806951316955,163.02246273562525
2007,MC,0.14668695838549844,0.7922211739459504,156.8213296911093,272.71465892590294
2007,GB,0.6031625834331464,0.4831532677878386,138.41367128666437,514.0989894221423
2007,BR,0.23560849888520596,-0.127061868613199,194.19650091716704,360.1801890288378
2007,SN,0.061269793459293356,-1.4252279739370124,24.450542273998877,91.54353991470921
2007,MA,0.13837862356308245,-0.8470439930603022,97.70473295359736,212.8621712976655
2007,JO,0.16893401404860878,-0.5624654193523763,146.52959093411556,263.6896441882577
2007,SO,0.007956115231680123,-1.6527772552217594,-4.491839037932012,11.761541002433006
2007,VN,0.11525158640965329,-0.9383117054570488,67.85876140155908,172.29462858886458
2007,SR,0.03662255477277311,-1.4752543597508272,1.0482960287940977,48.93307348482938
2007,LY,0.023005069003301692,-0.9161780379052165,15.059932046263041,37.5381293645398
2007,BO,0.04654193114148828,-2.0818983055513454,-3.0543688577051857,63.61822807309208
2007,SS,0.020005450272573087,-0.5568797376965369,18.38574028898334,40.253430732333356
2007,AM,0.09128437000760019,-0.3285546360744712,74.39774856955191,156.7301997766896
2007,LV,0.2702786759887385,-0.07973084245302774,217.24103377481285,382.72000262444317
2007,GD,0.034420511939617926,-1.047916733924429,15.429382127140165,57.15003177211121
2007,ST,0.02375365967871469,-1.4838087345813853,7.633041337396399,36.01144094456593
2007,BN,0.05012352129972873,-0.5044754804034848,41.65173290531447,87.12469957130607
2007,GE,0.0860024634729516,-0.3324560462514157,69.00859332744984,142.44825179452698
2007,SV,0.08035608778234331,-0.9415346414730461,40.52953606079669,123.789146928438
2007,LU,0.3917486575341365,0.47524091458451756,212.64987809867574,504.91340780768576
2007,BJ,0.03601145406916598,-2.554845432043062,7.361936132162149,48.01772455704517
2007,SY,0.0769975464949014,-1.183911044161618,28.899586532203795,115.6459937604008
2007,GH,0.06433208518576518,-1.6013726741958496,18.216794220239958,100.82993810712982
2007,BI,0.01688990155118426,-1.4399401198695687,1.1600912139648476,27.49563130269691
2007,SZ,0.06470855975479581,-0.5986168919801156,41.43891205760001,102.5546052250068
2007,LT,0.28496283608623524,-0.23262700266448838,237.6262608739375,389.1961776797097
2007,TD,0.004154107428554932,-2.5450514543924276,-0.4800806224891429,6.108944162776991
2007,BH,0.11169969465941089,-0.4621648954978611,92.90086101529783,185.1750443163704
2007,GM,0.02756480692480636,-2.2614782935689086,3.8344135148010774,38.58557650858869
2007,IE,0.47666003214180686,0.44679746858501973,225.6846853157406,551.2522705733577
2007,VE,0.0960240364632358,-0.1220021872528685,82.75826656143838,170.76467981955054
2007,JP,0.4810091340309036,0.747907497643639,118.37773163074026,516.2596966945154
2007,LS,0.025284773550728515,-1.731305194568901,0.6681439622914451,35.57321060820323
2007,TG,0.03486733429805684,-1.6359976812321528,-0.17470670475912145,50.96042082383094
2007,BG,0.3166650368180548,0.015104338216309304,259.76559272417245,431.63079578404614
2007,GN,0.01448891039376121,-3.3965401801261788,-8.474201683489683,15.717468699415283
2007,LR,0.01475012945867352,-0.4174451901653258,8.648143622810036,24.915752595535366
2007,TH,0.24153762697001574,-0.26419415591547507,198.0152619838018,351.5712919025812
2007,LK,0.09863949565715893,-1.2472248571830278,55.236206118815,147.50746160931922
2007,GQ,0.0077928303034986175,-1.6108234424950116,1.2053418465139372,10.94432696562585
2007,AO,0.006387563052419336,-2.1638795070363273,-0.6263049421471423,7.422580065030827
2007,TJ,0.02319979620034107,-1.25296676225101,2.8590018251930256,36.29326356990057
2007,BF,0.022988095749272144,-2.8597100042691226,-2.7387095631162164,28.406522395418076
2007,GR,0.40070156600323414,0.004942129853483913,324.0247642569142,497.8567815596188
2007,LI,0.17632115222041123,1.1150284475570507,168.88360822982824,322.4372182142919
2007,LC,0.0480642246744774,-0.26402946071089384,34.06927095189043,83.82776127581567
2007,TL,0.004940281573707868,-1.925331289335795,-1.6631356083369813,7.046087687658362
2007,BE,0.5947597212433638,0.3188410657321262,242.8977207175819,499.96612524217596
2007,TM,0.008444430358582665,-2.2816479827442597,-5.175301260144601,9.376540331159871
2007,LB,0.2015944872619567,-0.37370919640210815,169.3306994480816,308.40709172175906
2007,TN,0.1864023611275773,-0.5808009468793661,166.1008119984681,283.69286213742396
2007,GT,0.10239445517226711,-1.1517611997578567,50.528633518985764,152.81835930974393
2007,LA,0.02921500929506211,-2.175182577252708,-9.888066343045722,37.521954025230414
2007,TO,0.018397782406706108,-1.683770908541973,2.6286413510742683,24.061387042475122
2007,VC,0.03276238253876407,-0.8294312941843662,11.243289154563902,51.986435346049156
2007,BD,0.04114541844713755,-1.6535946912501749,5.186461725732521,60.39399058889309
2007,GW,0.010760678660348081,-3.135651114554523,-2.398133819371183,11.99155677480092
2007,KZ,0.09278536156915239,-0.23491869860797093,68.2310520400245,156.3997758154312
2007,TR,0.34982056349908996,0.09598158934052732,261.59180051354156,478.4291619754109
2007,GY,0.040889628921910684,-1.5484358032020127,9.159232263564526,53.56879374255356
2007,KW,0.13562497182318978,-0.08643273252949664,126.55437370049725,239.03549934269813
2007,BB,0.16484354246598643,0.2535887929939747,157.49541764039418,270.26419879430483
2007,HN,0.05287222966170481,-1.8794939584403831,-5.339239247995143,69.93821558211683
2007,TT,0.08601951607946887,-0.9008697704535513,53.02352127251234,136.15062781422702
2007,KR,0.43197974369721714,0.5676590042102954,199.496385443558,510.5714879227252
2007,BA,0.12636149840325905,-0.49306231036847503,90.4543890829516,198.34908888173462
2007,TV,0.01193919035702198,-0.23304193941825008,9.329282911915046,21.440630070038715
2007,HR,0.31679970481585223,-0.04124996081386188,269.54153065905996,431.8697264570366
2007,UZ,0.0448852536792965,-0.8744517294000581,16.829899418864816,73.1794498861644
2007,AZ,0.08245933264267082,-0.17770955290902443,63.274266297482505,146.90840643328812
2007,TZ,0.049066272921729236,-2.2370098676920374,3.8815071875345573,66.56271728969713
2007,KP,0.042474827477571024,0.41523649661436346,39.0966156723615,80.0880980789598
2007,UA,0.24099958504423538,0.3991658341800902,173.75261506978555,375.2401985746994
2007,AU,0.5240204911958761,0.43462232528412587,210.46636625823422,553.282396601641
2007,HT,0.013741460802611238,-2.7164331147055565,-11.283750613367253,15.58070558476369
2007,KN,0.03364968645024812,-0.45509377806390194,27.289836354916492,54.405505237237826
2007,HU,0.37938187906553306,0.2289664415851694,262.2452723913796,490.1831672751583
2007,UG,0.0459891585234864,-2.282559524065899,5.468391862884783,62.51468954867956
2007,KM,0.004307420414351086,-1.7577317055656836,0.06467135955744438,4.335815878455833
2007,US,0.5782889102701383,0.47919428464491154,156.4497884430781,513.7455178828799
2007,KI,0.012484498953394232,-1.9894785617537267,-1.409858654536031,15.7220219187765
2007,AT,0.5842535004367354,0.458198870986859,172.65814467193445,505.65233223727887
2007,ID,0.10759955622879379,-0.8850949774890837,57.22844808999076,160.6199773958295
2007,KH,0.03697052461594938,-2.119139618577088,-1.494076081847766,47.25787496829808
2007,KG,0.03665327274805162,-1.484012862087084,1.683271515207834,53.42602074241974
2008,KE,0.07796972025186931,-1.7487309859037432,31.74903265618008,124.71938405083974
2008,AR,0.2283202821186949,-0.2124339239109052,200.99242254767563,376.7684789412319
2008,UY,0.16536962404127054,-0.5087923570517158,141.51892745129663,279.45318615748073
2008,OM,0.10009431999462397,-0.8973251115394145,66.68533396392282,178.6030957149508
2008,CZ,0.4492233398720995,0.2983721302777525,274.8886060005319,544.5138692893523
2008,ZW,0.05232983891526651,-1.780054045788443,17.656675990461355,83.2145136232606
2008,IR,0.13221045196082704,-0.3347208431409689,114.32996529437001,247.78586869062602
2008,AD,0.12247339705985594,-0.00995362928245061,100.28436754213618,215.4281850415752
2008,NZ,0.48139454752991095,0.3292954275226874,265.2630467949903,598.4431110621022
2008,PA,0.20412980177417323,-0.22199523078367092,179.3317609224556,328.4729398059172
2008,DE,0.6222764904781566,0.5301814207082249,78.7774895557769,529.9201138102953
2008,PE,0.1103095301420817,-1.2996357907614475,53.84339407785006,178.7023344518371
2008,CY,0.3653175087978902,0.35659875659853485,225.05937965386335,541.1013255669747
2008,NR,0.014810083197370398,-0.8562713836245319,5.910849984738269,27.767306227135997
2008,PG,0.027835740442368438,-2.244369053249613,5.196338370621147,40.64416856969974
2008,IQ,0.017269372272469996,-1.0254330467043755,8.26572637269488,33.38733110092022
2008,DJ,0.016583831900588302,-2.0022706560050665,0.6946492119047906,24.68192059145752
2008,PH,0.09238496845087714,-0.6327438564894746,56.609413992432486,162.50999675130214
2008,NP,0.0442736013433639,-1.5662200252198824,16.593475674681837,74.99640456553786
2008,CV,0.010612519003290572,-1.200567340949143,1.4566623360568551,16.839835915422313
2008,DK,0.558824608600001,0.3470113364908474,246.3736966127718,573.1229718451963
2008,NO,0.46118634267874997,0.47471537631160954,232.71575874231777,592.4817967686042
2008,CU,0.07489578977617607,-0.6013829399146066,64.6002394777718,144.0249838510077
2008,ZM,0.041992717083207586,-2.1082486092472417,12.54535047143491,63.009316944927214
2008,PK,0.07632881747695694,-1.0354242461188357,37.76849640899556,133.7511462917352
2008,IS,0.27419897721474296,0.15323599839389734,256.424907042264,441.5523046676481
2008,CR,0.1426561069418376,-0.9742624531970187,102.43541288192849,233.42880833217814
2008,PL,0.3912643831530608,0.18450291757502346,267.8229285255292,532.5095089478369
2008,AE,0.2989980171838151,-0.0009431135408071166,235.80153871512934,457.3713272240256
2008,NL,0.6114649942606283,0.34808776950548653,209.19502277842184,536.9477507147166
2008,DM,0.0928378921021016,-0.1133592435962189,81.2700356355471,166.5842772489574
2008,CO,0.1647159797056701,-0.5259880411560491,124.16056517521434,283.77296478283375
2008,PT,0.446627740688363,0.07984032821789927,334.85306503049554,559.6032217123498
2008,DO,0.07735509228733557,-1.2504954317117656,30.068351727391555,122.52202059721778
2008,ZA,0.3155675922288149,-0.06963014591514914,258.98679524496043,465.29505602786287
2008,CN,0.28805158634633204,0.2427180167924315,210.68271817478845,436.233621317124
2008,NI,0.052009028341400296,-2.168414001506599,-2.959966982062116,69.91568596506342
2008,DZ,0.05739076293133915,-0.2626886406103876,48.27866133888043,117.67726538491628
2008,PW,0.01373819068079624,-1.5374346384809778,8.2150263797696,21.85671866916782
2008,IN,0.13837748015972895,-0.2551775706722664,100.5454203876959,244.9257948696645
2008,NG,0.043777056936973334,-1.382236348327035,17.61755449097444,80.34853357633035
2008,PY,0.04481303889279106,-1.685832675366031,9.30186604602397,68.26962014471367
2008,EC,0.08280496557721474,-1.2167493206297197,33.177444832409755,143.79459199918716
2008,QA,0.11893089465688018,0.10212806130758871,131.4509594513872,227.29896204235857
2008,NE,0.02490297068091734,-1.6835894241226503,5.712288384562739,41.707496476305224
2008,CM,0.055965489011697137,-1.5785423610714473,24.562693861810416,95.80619577874559
2008,NA,0.06917168319453135,-1.36719947924232,24.488440102713824,110.36189293319339
2008,RO,0.2563282132119489,0.02437041353234861,212.8906192392804,405.0564210034839
2008,EE,0.3433163146378731,-0.12920793180663134,302.4276534359584,476.4888882582055
2008,IT,0.5626212895589053,0.3975901850069273,210.01198507380772,557.156772906178
2008,MZ,0.02749714054733336,-2.7046409321075764,-8.107812825778124,38.12172583219774
2008,CL,0.23437724909532223,-0.3139289274638177,205.93845640499129,387.70504999537445
2008,RS,0.28047036877060205,-0.13700505605573082,241.91074005351356,431.86912869494716
2008,MY,0.3303640816322755,0.13362120487630513,239.61111771219177,484.98699403240045
2008,EG,0.12804041092861865,-0.605344107119795,88.51001264490728,228.44635451718628
2008,RU,0.28314228646698164,0.596461039758298,183.31248412203792,464.588012150372
2008,CI,0.036836386055611056,-2.668722713153155,-7.381469196553449,52.13796192409119
2008,MX,0.24479131038107715,-0.09738442122417425,197.55806849347587,400.0747302750479
2008,ER,0.011420522577199964,-1.775410110564278,0.492602890848896,17.33770535988085
2008,CH,0.5776782452708796,0.5476170929685723,128.1638605353919,575.8924637160208
2008,RW,0.015281242486358076,-2.8846888702230085,-5.025973676949605,21.803761069629804
2008,AF,0.019043058691407568,-1.3453649018590483,1.9482423405146938,30.635656509479297
2008,ES,0.545402563093118,0.270853089425638,270.2858291275519,568.2031384600524
2008,MW,0.03050812796639681,-2.4436100400375373,1.3261171206898958,46.17945827848871
2008,SA,0.16974149539155545,0.06197445468371868,147.7942281420567,310.42343690640234
2008,MV,0.02103343498166721,-2.2556530514600066,2.4131639895341945,27.623384682517603
2008,YE,0.023210564707398147,-1.5943852993835552,-2.0321205061371224,38.757833248978386
2008,SB,0.007853305836036625,-3.2822303445224277,-4.617560907353692,7.2707799641248965
2008,CG,0.03327433785826444,-2.326226216609645,13.870818237282865,45.788673035798375
2008,MU,0.164319150296533,-0.10711586719389532,141.88140704748264,277.1419486508268
2008,SC,0.10763760941293016,0.2831191219533616,106.25944194715451,199.77046449275664
2008,CF,0.01143623311241133,-2.018510986671077,-0.6318409669408398,18.331557578724134
2008,ET,0.03237262621318898,-2.00988665593508,4.771759876652377,53.08274114695753
2008,MT,0.1811277713211236,0.2667373334676569,165.48745312481657,318.3166122184538
2008,SD,0.021544169657898567,-2.0500079419227237,3.671374344925728,34.36584913246605
2008,CD,0.010457123478402035,-3.216306999392215,-5.097468937942356,12.634239916989575
2008,SE,0.5783903599591336,0.49577459240218186,153.54667286313824,570.4242054700751
2008,FI,0.502867573992181,0.47816692576639014,203.96419137698373,579.3320472124074
2008,MR,0.015747656523730665,-1.3558900435245798,1.2511648814446454,23.240060027205807
2008,CA,0.5385038738575492,0.4165417575333771,213.20300674135038,572.1187917127766
2008,AG,0.07919875978007768,-0.03212440907509037,70.0474753300291,141.62535365185096
2008,MN,0.04082889632654037,-1.413863685846059,18.531987487669337,66.6458881148081
2008,WS,0.04486557732478015,-0.0618260326909718,37.36537089920114,83.92064683231774
2008,MM,0.02173334579590741,-2.552036959751919,-10.497048833793905,27.529459785331806
2008,SG,0.5023966117539055,0.48303934730387904,189.21364712891872,583.5430613079777
2008,IL,0.4603204416353902,0.4011715827016856,228.34727768647858,573.5912015150362
2008,FJ,0.08788264680481862,-1.3617731859875941,47.417100760507516,139.4507523915865
2008,ML,0.031438534985459704,-1.8523449456261445,8.403783499219896,54.855519857795684
2008,BZ,0.1560011775510307,-0.10479792685164635,135.17898795880714,264.6798902627362
2008,JM,0.08635261447856821,-0.8810637204842178,63.16560064027784,149.15829685943712
2008,MK,0.12328493732141543,-0.7463091538994353,80.02438123493114,205.11934125089024
2008,FM,0.011907901530937525,-1.9086979287750545,0.5087493596910245,14.832376063506127
2008,SI,0.4494648394055687,0.28589218918614445,276.4689615494723,570.0902639661791
2008,BY,0.22405609726617626,0.3680200026998956,173.08446907996512,390.75912875860723
2008,FR,0.5942523018081859,0.4491585687396907,155.06716348635678,551.7994348863283
2008,MH,0.03978544349694757,0.4770260743701157,44.7432902821723,75.27377963916432
2008,AL,0.08868799210538376,-1.0102762708639443,51.29787425918444,140.2982909118084
2008,SK,0.3826542301834152,0.24306075291410156,256.2416185903407,533.819051718956
2008,VU,0.02894664083356122,-0.7581313565803808,16.080178604840658,45.98101803320375
2008,BW,0.06962589772385867,-1.345778141253488,38.870582360477705,118.43478704430295
2008,MG,0.030388249845481545,-2.4096216340692282,-10.268466901423027,40.276352521104776
2008,ME,0.08127434107873305,-0.6448226416924254,56.683195140261375,144.17614671623457
2008,BT,0.014194191699110202,-1.9345020163840532,-2.7012344286506065,20.36072454706235
2008,SL,0.0220427798163799,-0.5695055742590844,11.308155129317814,41.49516392246007
2008,MD,0.13107800749752013,-0.22519874209300003,94.13018530740199,232.66231134273784
2008,BS,0.1405513528899978,0.5416802286787528,144.56837203850105,260.42543703597437
2008,GA,0.03676553729403554,-1.3307504594089783,30.394604410564806,59.358139473083426
2008,SM,0.121465135623963,0.2799163517576697,113.69766218845604,233.58749654494937
2008,MC,0.13987434812054295,0.7801634931275905,153.075030214342,277.45589365094503
2008,GB,0.6020766276424349,0.49274122263198034,129.43442060374264,560.2461047543694
2008,BR,0.2424041865682161,-0.05235797269462493,196.86188862741713,398.6612451449602
2008,SN,0.06099180101250072,-1.5735872646825526,22.895160859335842,97.9040164040639
2008,MA,0.14000014623099333,-0.850984998476471,98.56331622724754,234.4596632004061
2008,JO,0.18207654896574918,-0.5229707040984278,157.5087704758751,307.5864238408105
2008,SO,0.00780485177396624,-2.0385005454477096,-2.138669648227929,11.41609960562849
2008,VN,0.12653401179698662,-0.8281086845643026,80.71254443753276,206.21844565340317
2008,SR,0.03399552330218483,-1.129496319571001,4.845973284523999,52.83706019329538
2008,LY,0.03519763795664463,-0.8011786704757615,18.139509573273333,65.52733590330888
2008,BO,0.05067164010914599,-2.059141997155414,4.9960105234794785,77.26430652249016
2008,SS,0.013091640480360663,-0.5283127926312244,12.98225611814784,28.44056118516747
2008,AM,0.07620624682076423,-0.5729118934342772,49.5359171294587,140.97463748704726
2008,LV,0.27458937667828154,-0.18564443554113796,229.23482608732408,415.1492680941815
2008,GD,0.03765490174128885,-0.7951145053225412,22.244927969192336,70.91652632203227
2008,ST,0.019949343490787197,-1.6636620977612921,5.204786158125376,32.46754997511876
2008,BN,0.04754449668949359,-0.6905392517410632,36.68788805252423,85.83263306711468
2008,GE,0.083740965704296,-0.42041141431477047,59.78446102561477,148.68467246219416
2008,SV,0.08329013066888372,-1.05971844134793,41.338720872983544,137.3292235092119
2008,LU,0.40638218140669363,0.3990444512511349,227.83439563232693,545.5038455557649
2008,BJ,0.029719171527308994,-2.6104332807030506,6.736667961184311,43.45332905488658
2008,SY,0.07351969338895266,-1.3149838513241583,21.97606709447349,118.40687398832597
2008,GH,0.06151170564883958,-1.7364620134351525,21.99371856079836,103.27272196616448
2008,BI,0.017939228570197027,-0.7150886509397398,7.485431140733208,36.47636541463653
2008,SZ,0.07743113266488975,-0.5861109651357295,47.403377398787846,129.94888942993825
2008,LT,0.3095183791882306,-0.1618327003687605,253.09809023879728,452.2490039897158
2008,TD,0.004821858342424754,-2.992789722535482,-1.6186929561596919,6.372817745866431
2008,BH,0.11433176445395972,-0.5279474827046405,86.42978543005319,201.57474829250395
2008,GM,0.020178358430390102,-3.128940974577413,-3.286475427575309,24.04102593115476
2008,IE,0.4783535408100993,0.4723237153208632,207.37391468067537,601.6126829385447
2008,VE,0.08882031718889594,-0.09569042786015927,80.9824265246079,170.6999598108469
2008,JP,0.48734980821491025,0.7721265443993861,94.85334914250468,564.2912647276894
2008,LS,0.01911952966799324,-2.0446615672427257,0.6105411127730894,26.38194634099848
2008,TG,0.03303457373330429,-2.0665098758714713,-2.7474923031325336,48.82595256084105
2008,BG,0.33688219526181445,0.04437276492948447,262.7313891953793,487.43561982948546
2008,GN,0.012493520058335386,-3.506957899276423,-10.932799274464159,13.204637041855309
2008,LR,0.013593199840843105,-0.7091662668080438,8.000197472748923,22.76290135111228
2008,TH,0.25105687410345284,-0.2361093655341428,208.95142335629203,393.54753253231155
2008,LK,0.10523308287581258,-1.1325397643254658,64.80464229283677,170.82245197145343
2008,GQ,0.007585150233134647,-1.6401262320580363,1.4976841344779026,11.366608914465921
2008,AO,0.008161682965143293,-1.3123756575081023,2.543021696356106,11.854329566651737
2008,TJ,0.037496122413348876,-0.9877770437233281,15.634199545545384,70.3726800114908
2008,BF,0.02472131672949036,-2.8153519863143925,0.3632452059919245,34.48657267703248
2008,GR,0.4123049314867433,0.01968998591791197,326.3146025338093,544.231831979617
2008,LI,0.18487634664020483,1.11040813814046,170.54177250418738,357.833192513874
2008,LC,0.06792135362125049,-0.4440678029737564,45.731826132728834,121.73106431402802
2008,TL,0.005261007549704772,-1.7391258392354945,-0.4693602718107293,7.947315026180114
2008,BE,0.5965269628898604,0.30411072792556965,252.06034505886146,537.4793148196502
2008,TM,0.008693885172486017,-2.259227906512691,-2.7436001423177703,9.927225348107505
2008,LB,0.20392354567613877,-0.5343470526360085,179.3545700771945,328.77712824277637
2008,TN,0.18536744151334322,-0.6627841737014573,164.52669087669074,305.6971836703004
2008,GT,0.10535674148116958,-1.0354201579118598,58.30045542883416,173.98308141018572
2008,LA,0.032292768084246797,-2.3250624587512196,-11.936039798588547,43.61486012837652
2008,TO,0.01735516311583466,-1.6768215108954294,1.6261537746321721,23.387858081284552
2008,VC,0.05134876526493381,0.09347761414152564,45.68382645801223,95.30985763503291
2008,BD,0.04536273402008141,-1.4809560505306096,10.959192129564405,73.73307047626419
2008,GW,0.01060657354689087,-3.2842987216597197,-5.978183497536025,13.533011901133834
2008,KZ,0.07583887375521528,-0.5750774530548908,54.19775782632565,132.0765808980992
2008,TR,0.35110629538406823,0.09150360095336207,261.1340282159898,514.6049674320743
2008,GY,0.04156630583286548,-1.3729199613124512,14.75412768600562,63.7509755265252
2008,KW,0.14611537274265318,-0.08999784779779328,139.83012415233128,273.19656293845895
2008,BB,0.18963363915727055,0.2025535190632979,175.18897581242803,322.8250649450255
2008,HN,0.052743608862996644,-1.993817188762408,-4.011849374153702,72.54693321286479
2008,TT,0.07297499500649515,-0.9591197304322785,41.3357449654987,124.03462564806578
2008,KR,0.4403829617155712,0.5801808992286155,190.41392496649036,559.0181260185111
2008,BA,0.13575214318004272,-0.5820498311025761,96.44068787090195,227.27317292733312
2008,TV,0.017432769496027362,-0.9036342482536269,4.946616030490389,28.609953089895676
2008,HR,0.3106309079290291,-0.12626826961644186,279.0915776559449,456.10682640047236
2008,UZ,0.038572124617595585,-1.157031835263857,8.580089117999623,66.43074408822103
2008,AZ,0.04008792169586271,-0.9627591306800551,18.525725113375824,72.13501643668495
2008,TZ,0.05628537590018751,-2.0404195881625347,11.000521334440224,89.07387482830133
2008,KP,0.04019888772742811,0.12578550529305138,34.670267997214204,77.71239584289152
2008,UA,0.22700708968667288,0.3124842083964355,170.71649275900543,380.2005680441603
2008,AU,0.515593655782384,0.4482003542676898,206.80661477025697,601.9641309409931
2008,HT,0.013483472631109435,-2.8665010380661937,-10.905178953046091,15.037786234069054
2008,KN,0.061316642701318994,0.25164414801735047,61.583824524404896,117.7615477829193
2008,HU,0.37675870027540265,0.18052809069357495,269.6760543838286,520.3231200465897
2008,UG,0.04751657841876755,-2.080526148901372,7.558463304370559,75.6691024443465
2008,KM,0.0040286506012253784,-1.0321118435700054,1.7503364375082522,5.913739855572955
2008,US,0.5766660988536719,0.4831772056901714,152.36693609481938,556.2522891925425
2008,KI,0.009261199653958411,-1.6818753439581686,-1.2740621966440009,13.494820835480557
2008,AT,0.5880311354182811,0.4551118489226711,170.70084303688776,541.6947472765445
2008,ID,0.1057076454039392,-0.9466698822230035,56.693431265714416,168.3382206345598
2008,KH,0.03931106029326129,-1.8616880280719303,3.962615695647158,57.07042797899252
2008,KG,0.047394994746708496,-1.3498234845293529,10.538701714661446,77.76500675341653
2009,KE,0.08308002785881001,-1.7926293584663153,39.21233645604785,117.39513597172207
2009,AR,0.23377086912746678,-0.20854386762993457,217.64567430547564,339.5539934884592
2009,UY,0.171000840397216,-0.488780734077604,159.53824292068808,256.36244047556556
2009,OM,0.10612390582295264,-0.8628281496703661,83.21072883001179,167.34367139765098
2009,CZ,0.456567004624548,0.33674120812825004,281.5039616986291,488.29602408855163
2009,ZW,0.050785115949601195,-1.91468872988619,17.84232710415536,72.56724892563713
2009,IR,0.13785274446798615,-0.2754397443621181,128.30221268518886,231.71780701841178
2009,AD,0.15278924408110556,0.051600663854223856,148.30953983029698,237.51308607420458
2009,NZ,0.4805378920169647,0.33084369397600544,288.40469164718456,513.8899263359349
2009,PA,0.20868821580712765,-0.02473930637872023,189.8785749612768,305.01011572759205
2009,DE,0.6238500985427503,0.5570016505396606,88.72805764152454,466.6922315754605
2009,PE,0.11257342817708729,-1.2514140543520809,55.526166859341636,161.99009532186702
2009,CY,0.38338520716080227,0.417634035022347,238.69840677847364,494.7333618919306
2009,NR,0.01585780504115744,-0.6715801015451826,7.315538373289473,24.475075507928022
2009,PG,0.02888384078025252,-2.612518365605558,-1.1409687804051403,36.452740430161015
2009,IQ,0.02080498490234806,-0.9872825402858602,13.02984927406251,35.67891233895082
2009,DJ,0.02091234160160071,-1.3498075163956926,3.7397020824057097,31.563416914777957
2009,PH,0.09387421819617024,-0.6537247695294193,58.35933364549263,149.08579773927923
2009,NP,0.048530217812268676,-1.489009019618933,22.366252944142733,73.17638845892544
2009,CV,0.02012114781503516,-0.8538286187246769,9.481611759940954,30.36318325266724
2009,DK,0.557286608404656,0.3713998018223597,257.4761378561948,500.832622537916
2009,NO,0.4659219291387414,0.5039444913569237,247.36116332824162,507.24905408780705
2009,CU,0.06938912508984442,-0.853440757147905,61.03047051474278,116.09115705325961
2009,ZM,0.04108111854644798,-2.3568399850646813,6.865030244755571,52.48417448323522
2009,PK,0.07743584731028685,-1.1641815339484398,38.257726403023,118.84806171945604
2009,IS,0.26299796130341674,0.07414770049034063,271.663252756917,375.0129556917487
2009,CR,0.15134346623329958,-0.9370040256797786,127.27638241328775,223.80294730266644
2009,PL,0.40477555751324873,0.22535656681123972,284.4164038348454,488.3960724159973
2009,AE,0.2835521152610303,0.14994619491618838,236.40489209739195,403.0731028464953
2009,NL,0.6147193005829302,0.3649726708373914,215.9695174302241,473.9330201637241
2009,DM,0.06763020285083395,-0.6412293552339634,48.68332551021447,105.27141915483917
2009,CO,0.16862173679630313,-0.46380932334327857,138.17487438621802,262.6431115657001
2009,PT,0.4519475247138714,0.07104757203360834,371.3829488762869,494.601788455027
2009,DO,0.07767754026911766,-1.3251036015940942,30.1339202193615,110.14222588607538
2009,ZA,0.3240527829611917,-0.11414150294143369,286.81450000849594,416.8254756663741
2009,CN,0.2939941200311792,0.26083195315229246,227.61346255103703,399.1068752885351
2009,NI,0.0539024052948441,-1.8937688296952617,2.78771137284108,67.96297213460805
2009,DZ,0.05944980024051584,-0.21688616892589294,53.443191350557456,111.89704773235557
2009,PW,0.008974034297687967,-1.6548216143515775,3.4378236525127197,11.647029944300867
2009,IN,0.1406031707025446,-0.23332598512352215,107.25419332956035,222.31375227216031
2009,NG,0.04522088862866207,-1.4643537753222926,19.913497051318124,72.53931806861156
2009,PY,0.05002089995302067,-1.6338221138329065,16.478825191913586,70.53430466594433
2009,EC,0.08795574104495135,-1.1907123343189334,40.5464647247195,136.92412234141327
2009,QA,0.12795885839608603,-0.18202157244135186,145.3371290810694,209.0245945581148
2009,NE,0.024157581372239795,-1.8277746970945907,7.5688832441644465,35.76425857044708
2009,CM,0.05533368500236476,-1.7510670919962565,23.525696646722803,82.25330285957183
2009,NA,0.093863789790137,-1.2720042602321238,49.603788123683096,134.8172983679746
2009,RO,0.2614317878767594,-0.01910126955185384,233.96223135526907,369.2307276212083
2009,EE,0.3643037055995893,-0.04595935557461205,318.370282943543,452.428992722551
2009,IT,0.5622132437153139,0.40801684862470927,233.29537964619888,491.0080284071431
2009,MZ,0.03182807469231626,-2.5635659780154914,-6.626759464287818,39.94519736953864
2009,CL,0.24077166279733722,-0.2363114781817454,223.73785333221048,351.65115694578367
2009,RS,0.27520463973924875,-0.2168462602184722,259.06113500788496,381.1866885752454
2009,MY,0.3475592044111468,0.14907296100160689,266.3203253504513,453.56073112336514
2009,EG,0.1433270848099444,-0.6921931025818099,106.67831388999195,221.3713500616105
2009,RU,0.28830608001240327,0.6719530829459852,187.9892849391587,425.1226233444234
2009,CI,0.04444800248857308,-2.3991093148508247,-2.501399583930533,58.96653555570007
2009,MX,0.25379146035466443,-0.046949354689710496,211.2585325428,367.63085429009317
2009,ER,0.013428793019668804,-1.9686406663101539,-3.4496270402458635,19.851500398605776
2009,CH,0.5769093909862785,0.5956579593286405,132.67203975344626,500.75606400137536
2009,RW,0.024204700059475136,-2.3094844788176596,4.951043775740788,32.531433322936756
2009,AF,0.029415788007200554,-0.7954115990571357,12.276860163966973,46.471476078500174
2009,ES,0.5448716818193942,0.2718404098301863,296.44175066543846,500.258559496735
2009,MW,0.03267428450683849,-2.686761486668716,2.733320732805715,42.31981018015177
2009,SA,0.18323156448212236,0.002634136727106707,171.78377909708422,294.25531163653665
2009,MV,0.023990746738224707,-1.7697612123680788,11.484345959850684,31.054493750204198
2009,YE,0.02832584565058102,-1.5553604846990292,1.779474141501315,42.62773685993222
2009,SB,0.022711264352039785,-1.1923203292561644,7.609135907047626,31.34602437116474
2009,CG,0.038433389812617624,-2.276590717333896,20.732455924406814,49.04648854725613
2009,MU,0.1571337547665365,-0.35336762521892623,145.18552290716306,231.25535277665566
2009,SC,0.08982958512224254,0.075575715237067,94.42559708277976,147.71971735255391
2009,CF,0.007987502425675409,-2.3186882552047345,-3.1366812544101723,10.128995693312994
2009,ET,0.034657803301337886,-2.0529192213341547,7.580763569135623,50.602759038547184
2009,MT,0.19358998422035206,0.2813310923206744,183.2957455675783,304.5739078105202
2009,SD,0.02249435918441662,-2.055043402692336,3.585340165655344,34.079908357404264
2009,CD,0.01386073089794937,-2.985680017300936,-3.2264013853824305,16.06581271850907
2009,SE,0.5775353890550736,0.5243468724572053,167.1625897349952,494.46634637222024
2009,FI,0.5126612183629043,0.5361836640356977,196.0235834636659,511.00744672475975
2009,MR,0.01454002932025789,-1.7714497543735923,-1.7387766039807282,18.698311265201202
2009,CA,0.5403729009008699,0.4410992873761017,219.10080909030623,500.40519035609833
2009,AG,0.14745253318903925,0.03047158294194815,138.6547380877113,229.18631562501164
2009,MN,0.04605244536814985,-1.554380724075477,23.832232319482642,66.84212611438352
2009,WS,0.05298749222292011,-0.31998770704961194,47.94165786560515,85.13228712476422
2009,MM,0.023253294432986158,-2.564499198522788,-13.903790494388954,27.06828032320721
2009,SG,0.4994577858564538,0.48658413513757415,212.95347438125467,513.3867812011136
2009,IL,0.4573309400666171,0.43257521681328553,241.2857330989143,494.7571944059998
2009,FJ,0.08900120551970366,-1.4857577804950861,51.500044865369176,123.42154330604502
2009,ML,0.03193588566993049,-1.9601271350072462,11.2799586863654,48.758428055764526
2009,BZ,0.1467679862707994,0.013627472260324493,146.13975061645365,230.98454371759493
2009,JM,0.11101456750748497,-0.6836493763149641,102.88443737346903,172.10646033104402
2009,MK,0.12934763424951523,-0.9051835166702925,91.02597580628216,187.72192173546992
2009,FM,0.016206162738367086,-2.2560681943721916,4.072043138444282,17.09052708877532
2009,SI,0.46250616809770206,0.3504042082650533,279.9888877649468,518.2477340905195
2009,BY,0.22039280046188894,0.35926551937407125,183.51514512029306,343.0610241276629
2009,FR,0.5940270487747711,0.47121414317410953,173.08233878938918,486.29183564732267
2009,MH,0.029710855434949286,-0.3785466962227186,22.412782206857734,45.81130029583611
2009,AL,0.09739125313427381,-0.9872788467785777,64.52921385137536,140.65477501226033
2009,SK,0.385423625305557,0.24101530616992592,279.2070449309235,471.88039887275573
2009,VU,0.021451741314169184,-2.3535744291131007,-0.3683691668550102,23.07975504407392
2009,BW,0.07135010242265062,-1.3134864724874942,45.736153024769365,105.46939784704026
2009,MG,0.035390645958820105,-2.2795794936009646,-6.526821581600441,43.13780826073224
2009,ME,0.10767403915707432,-0.2316255584808678,86.52586108116492,178.37048572526774
2009,BT,0.021156831799612096,-1.8525504222384943,3.9752713854429222,26.321961357302598
2009,SL,0.022373652658938054,-0.5365962585518926,11.829707700293762,37.34526404879263
2009,MD,0.1076393833171824,-0.4817392401386839,83.530039299228,165.69278109998527
2009,BS,0.1554550883771774,0.48978755374839084,168.85907725167408,252.27253023347592
2009,GA,0.0523553367818797,-0.796583061813327,51.64838138773665,79.76391090985145
2009,SM,0.1315132923026512,0.26280574072660134,136.61494632922762,222.8297978768847
2009,MC,0.13887369979713163,0.7781648012917851,165.9718647339735,246.48646220058737
2009,GB,0.5986700700822654,0.520131269165284,139.022932143855,487.6370220767425
2009,BR,0.23767217764461188,-0.0690439355222527,204.41510085202043,349.9521235559179
2009,SN,0.05084951057134224,-2.157997614907176,10.400973286147916,68.55289461316542
2009,MA,0.1376834746189173,-1.00655786698656,96.86653944601993,203.90246302687873
2009,JO,0.18951553459073273,-0.5695620964920507,179.2279169541253,282.67028439862617
2009,SO,0.006553263977023151,-2.5179655859256074,-4.155855404899541,8.431368603968286
2009,VN,0.13260607026634927,-0.8896474903995081,91.09804107864721,190.7722802801269
2009,SR,0.04230114783593747,-1.7228465330497313,3.7455061196844985,55.35255523671333
2009,LY,0.02574725961940586,-0.9607648382863472,20.850132873250566,40.55218421077576
2009,BO,0.05065515092062851,-2.0520943216883007,5.717289562771897,68.19309837091156
2009,SS,0.018226365283925648,-0.36416228057884503,18.8006111257285,36.07906920375582
2009,AM,0.07224036259224413,-0.684185646454582,46.432728463203254,118.67294871062472
2009,LV,0.27754210816259883,-0.17383067724102258,240.69912813207432,376.7347793163063
2009,GD,0.0363288810380472,-1.2561187972088697,15.29350464825255,58.54117950285187
2009,ST,0.024724147147274864,-1.653571544421586,5.778703104026319,36.20675373956341
2009,BN,0.06114527951203765,-0.3730602133210929,58.732565320979695,101.1394682326102
2009,GE,0.09515628286103435,-0.4968304268667651,76.81651962727528,151.29409497267264
2009,SV,0.08410659095645347,-1.1811946424401356,43.751662257187235,124.85027352779136
2009,LU,0.42846474862526657,0.44262704853087564,241.29650810987448,502.8844402532208
2009,BJ,0.03475861058417519,-2.606935524362885,4.539570892243814,46.63011692310294
2009,SY,0.07877344480605396,-1.514078335695541,25.622038853638564,109.45034381280634
2009,GH,0.065015704235079,-1.6969939266127023,24.926762978285474,99.19595254863926
2009,BI,0.01563911165388648,-1.1863619565971204,1.2854144028913355,26.850101474571062
2009,SZ,0.0703812247871036,-0.7612968881194234,50.04743735215132,104.087341607983
2009,LT,0.29535716878111834,-0.30905288874486936,273.1262658444804,386.8679453565967
2009,TD,0.006861433456388909,-2.1223773209117196,-1.5711054768065458,9.140230740833124
2009,BH,0.1289693489514125,-0.43479384837253215,116.59362340043762,202.6069776182924
2009,GM,0.04315646184583802,-0.9386314717113867,26.510319857831174,68.8328201024926
2009,IE,0.4814900722806262,0.5160389194184609,219.2752917288281,520.6935160485907
2009,VE,0.07978472829294427,-0.12636150040556374,75.61339297808769,139.57030267531803
2009,JP,0.4924111894756745,0.7990400086619844,105.98782584919002,502.42033025070526
2009,LS,0.019175294040102025,-2.195873308671759,-0.8826774333929344,21.538596583174485
2009,TG,0.027729970633790308,-2.4490891750628303,-11.081368108761012,35.32150191857131
2009,BG,0.3407991059034778,-0.008873623001347569,291.691116880924,435.05081916082224
2009,GN,0.011493588787580255,-3.510164200302258,-12.810785224112228,11.191624160483995
2009,LR,0.011127200004789384,-1.3185074159170276,0.8966556918767407,16.096693516781244
2009,TH,0.2536320030935834,-0.24634475664815356,224.5008216266292,354.4648662693472
2009,LK,0.11149152729456799,-1.1490369823918278,68.82193734477833,164.52928715421805
2009,GQ,0.011473359353808488,-2.0149661003404002,-0.46724756720427585,14.575318557191034
2009,AO,0.009571695470844613,-1.3445713761318119,2.145662889190279,13.533384043587287
2009,TJ,0.03962767270090662,-0.966136261481155,21.097628341212012,66.63409642760215
2009,BF,0.02667845305877994,-2.9138768058590196,-2.654522921232685,34.836148492964384
2009,GR,0.406268371281294,0.002248813999628606,339.8606525720892,470.7694617496081
2009,LI,0.1905861644493479,1.1775128654002363,176.01615402751867,331.3839234900146
2009,LC,0.058904289286335815,-0.28928065449266294,49.84581240277003,97.55251528123026
2009,TL,0.006305346813724225,-1.591972870238919,0.8355246776064024,9.38765388225291
2009,BE,0.5949167629555757,0.3197299923147727,266.0707298332047,480.9240545293813
2009,TM,0.010797063143620908,-1.8283470152517485,-0.6750074995204901,12.616783630082905
2009,LB,0.21422960276144123,-0.4419640548858482,202.05562625387665,311.3086446778618
2009,TN,0.19888758098792206,-0.6695264176740459,192.9054035035551,286.3267504466127
2009,GT,0.10580314726696763,-1.1136186485823556,59.56285229921703,155.8686560091997
2009,LA,0.0301057248481901,-2.675896552240503,-16.355137671064572,34.09860929091657
2009,TO,0.020487559996068855,-1.454408160456689,7.144900263880191,27.077579637133976
2009,VC,0.044620545054597414,-0.6398403258484007,32.663863386829014,66.22327237251092
2009,BD,0.04738692221288717,-1.5884195000398529,12.013776334343623,70.29249547573052
2009,GW,0.009490298276191248,-3.0032978684933767,-6.345597259619431,11.057512546153484
2009,KZ,0.08008518604981327,-0.6695111358999766,57.08471727009999,128.6582581226549
2009,TR,0.3555450862524558,0.10543177140741732,277.1646994290114,457.9258585283332
2009,GY,0.058142293605120764,-0.6028488383166388,38.234020653729395,87.51152738454786
2009,KW,0.14770584029574083,-0.048217300789298465,154.03725453323034,247.80433088217873
2009,BB,0.19709641410389428,0.2125432215012819,192.38496255082453,303.25895466202934
2009,HN,0.05659717226056676,-1.8937727550902792,1.0729123018986915,74.86013404218448
2009,TT,0.09412937897120861,-1.0324730004255915,70.18367870872916,140.4900416315856
2009,KR,0.44336999493582613,0.6019640798063794,207.7972327347469,498.5533747227694
2009,BA,0.1274361470514587,-0.7004425754373765,92.50439283207368,192.4003790046496
2009,TV,0.009832433149991302,-0.9541845561904412,2.968466335641204,14.442835746124276
2009,HR,0.33517382393745265,-0.007091182615910049,300.70071952367954,437.1854522711393
2009,UZ,0.038678705289370674,-1.116287703480003,7.097037479109913,60.65195861936175
2009,AZ,0.05885945571688431,-0.49282649472977336,43.9852956570602,100.84487573984995
2009,TZ,0.055948207731067935,-2.089559606819854,12.281667855792431,78.6273151712012
2009,KP,0.040030818618080104,0.0014969130594192366,33.9226435578305,67.23202663673274
2009,UA,0.23373097612442809,0.38412924357117506,179.39592081380425,354.55143394241696
2009,AU,0.5188677041480748,0.46759065172874037,213.55960268084988,519.2097023827031
2009,HT,0.011609308010456515,-3.1771674403969086,-12.92541306910073,11.204849976673563
2009,KN,0.05725560092139908,-0.4947097854891496,51.96586907464621,90.92648548140052
2009,HU,0.39328527713857,0.2305906099593472,286.56164121154904,472.2161553879618
2009,UG,0.048976486108795694,-2.3232260157833315,9.115803311455245,67.161184488953
2009,KM,0.006203132833159369,-1.204513149062001,1.5083294680935824,8.497793439810014
2009,US,0.5768450561347559,0.5032204749363506,164.31891516069246,483.4304433865025
2009,KI,0.008536136533084,-2.550924626538495,-5.756727737357991,9.147771111594238
2009,AT,0.5969643639539942,0.49126925637145674,167.7597026493255,480.2028995003776
2009,ID,0.10872053194612864,-0.9353577881211559,62.069879824150796,157.78993124080642
2009,KH,0.04154233083594627,-2.2050341750102183,0.8068882883419689,51.22847723122687
2009,KG,0.043303585346830785,-1.531995963434321,1.8374601835491382,61.79343390900848
2010,KE,0.08462918319278599,-1.7305389984835193,43.41104782321783,128.61340041220518
2010,AR,0.23774697028827685,-0.18021529858394822,215.52625487577038,374.84091154285977
2010,UY,0.19086279628041822,-0.3022417103907782,181.64750032857987,308.88502607911465
2010,OM,0.11360217582757731,-0.9324816561799857,90.9987553026496,192.37145276903632
2010,CZ,0.4753322836665248,0.3782227207557977,274.86044396472914,531.5130431661689
2010,ZW,0.050550556806321624,-2.1348549534618892,14.355427870425315,72.97838868377866
2010,IR,0.16139797667930048,-0.4946357544925598,144.4589944420486,276.3556783505131
2010,AD,0.16062290197564907,0.19716229671043817,159.5224988977836,271.4901522005944
2010,NZ,0.4875569190563151,0.32706664849173744,287.8701732051664,564.3649807293676
2010,PA,0.22035315839692252,-0.006350886610632809,202.11885019005342,341.13961574610903
2010,DE,0.6292944665128024,0.5649914105339616,77.68659156483321,508.5095431252528
2010,PE,0.11045476706825602,-1.375628899337431,50.96726770992035,171.35319882225994
2010,CY,0.3753074940313724,0.2871510330724885,259.3169010650464,528.7633442871459
2010,NR,0.019214940307081985,-0.6254530191680417,11.571700226151481,33.44568074041076
2010,PG,0.025344954001648837,-2.9762900475882,-2.7053539033783576,32.09463355535988
2010,IQ,0.019752855922823432,-1.2117783370700588,13.455250251663482,37.419079807678656
2010,DJ,0.014726014136274198,-1.743037443936114,3.706207100599972,22.936193458606407
2010,PH,0.0951202513318875,-0.5847646820648911,62.39159105736228,164.28066452889252
2010,NP,0.05325976810954593,-1.4682820484653647,28.703984682932123,87.65399034760574
2010,CV,0.016136610416507866,-1.1482880438783667,1.9449380891983357,24.69697593712863
2010,DK,0.5608218336787248,0.36639422248691245,265.22679829637707,548.6786723423647
2010,NO,0.45142380696646167,0.42787894283729555,278.1618803496293,552.9094725320339
2010,CU,0.07303839130647936,-0.900689042941991,63.60209125763054,130.40332453882925
2010,ZM,0.04095775632532438,-2.5215228665416185,6.553877135499979,57.60877421571456
2010,PK,0.07896293925470964,-1.198410549986432,37.61253193326736,131.1421435954868
2010,IS,0.25786694413535044,0.013424876620027991,271.87512542343063,395.58800978109446
2010,CR,0.1576640212157921,-0.6777572181599201,134.8004201202975,255.04721655658332
2010,PL,0.420317179657045,0.2948393158612129,273.3141032269691,532.7831383203472
2010,AE,0.3174501622923112,0.198069745304136,240.13513024866285,470.7343233149145
2010,NL,0.6169836814446137,0.3717782077989532,214.64219776141428,515.6925042244078
2010,DM,0.06660829110999136,-0.5603919967092698,48.184259808929816,109.50154985024254
2010,CO,0.16482203292766734,-0.36654121363570946,135.2680596711135,283.74908202270785
2010,PT,0.4546981330176575,0.06545998624880466,376.8331283046934,531.826629651287
2010,DO,0.07991200939461404,-1.156809467818703,34.458032921783726,126.3360511318485
2010,ZA,0.3229136331098181,-0.11617758056677163,285.8625952320575,449.0339362201052
2010,CN,0.30854025570411253,0.32336115631434126,228.69870940253003,443.3161049925009
2010,NI,0.05241599062827381,-1.9094021935630845,-0.4395264626464654,70.88770364264388
2010,DZ,0.06040258335147024,-0.4131015271761582,54.83899591563674,120.26366529997723
2010,PW,0.011600203779368623,-1.5788724986867193,6.343448628235604,16.41695903405096
2010,IN,0.14579077374353452,-0.25489405315374175,114.64274954676591,248.02731570068855
2010,NG,0.046418958011021375,-1.798587455674275,13.977616000549212,76.80271507342181
2010,PY,0.06360623444016317,-0.8651071649670836,35.71779802891292,105.89859330568096
2010,EC,0.09653554627042171,-0.906020459621329,55.46228021562519,163.1230022666988
2010,QA,0.12708803857805612,-0.3807704617202382,152.82167182738866,222.69617124730365
2010,NE,0.02506853907607795,-1.8955022347937414,6.11765744767844,39.88703306228238
2010,CM,0.0583110689632267,-1.7865977783379139,26.820885078221405,94.61236405551212
2010,NA,0.07745481867477988,-1.26732854084779,34.42067819448024,120.56987910132936
2010,RO,0.2861591410126249,0.03725613335390584,252.18687202644875,424.22208572860336
2010,EE,0.37481899230828875,0.025960243696297552,318.72259198854425,492.1979740425202
2010,IT,0.5655104328322995,0.40813553450264983,231.80636961941045,532.8485475430087
2010,MZ,0.037522014421994314,-2.2096868659605824,-0.13598443499533755,55.283279722677804
2010,CL,0.24161036244612724,-0.2867348460610861,223.81582386736028,381.5461031786431
2010,RS,0.2723957785930421,-0.2612344047106126,263.19671165033816,404.3142652959543
2010,MY,0.34670809036731637,0.10800053630951206,274.69374289751676,485.56327933172764
2010,EG,0.14911267450347893,-0.6840690487234435,115.98729156384253,246.74329507063803
2010,RU,0.27659583472009447,0.6479612909009965,190.83684292098036,446.62336138198407
2010,CI,0.045919477437999005,-2.112109430536064,6.028048107977239,69.95737302818853
2010,MX,0.24766610123346566,-0.036427209940218926,205.12803736767665,389.5065050225895
2010,ER,0.009605114297742467,-1.7271053773745868,0.798445620422222,14.974072249972036
2010,CH,0.5790060176749102,0.5672358948524416,152.61283988090543,547.3069175205202
2010,RW,0.02480354603536506,-2.2963854334895912,3.9237367521341273,37.64721404336991
2010,AF,0.019118574087051934,-1.9988050038232257,-3.137025393821143,28.547601137230238
2010,ES,0.5466708095266706,0.26779987616435114,298.6517372998641,543.030288568831
2010,MW,0.03221791815780299,-2.8790647820775996,-2.063041023411023,42.78364438438889
2010,SA,0.1859105237138247,-0.07955855928943514,176.49385132730725,323.92857061248435
2010,MV,0.03990457747834354,-0.7537958110822989,34.55046994096842,65.84344694241548
2010,YE,0.030735563041836545,-1.5831711877418566,4.342104911122408,51.65837814918509
2010,SB,0.018320114326432584,-1.9664873186811678,5.710646001058171,24.82342213043392
2010,CG,0.03465723296373999,-2.2050032672207394,15.332405692983643,48.36706970896079
2010,MU,0.16929770869110236,-0.1572719250583391,154.73216307388552,270.3201051811476
2010,SC,0.09098311824662397,0.083174482766768,93.2711198591711,160.80233505750678
2010,CF,0.008255880818141813,-2.5751940012591055,-3.064570244130788,11.5136008595891
2010,ET,0.03331446550011706,-2.2758614948129794,4.070685041358325,50.57337609828071
2010,MT,0.2244840391204046,0.3930724714069358,211.99886873876443,373.0180438878802
2010,SD,0.02412178771668597,-2.4972807105384085,1.3698926983639346,36.868785016967664
2010,CD,0.01354395844742821,-3.0466714765476053,-3.48451197650794,17.19934021391767
2010,SE,0.579696926451079,0.5116049464486836,175.26030433255525,541.8878283335109
2010,FI,0.5150855330909487,0.48792746013304095,224.41490813284267,554.2584802332111
2010,MR,0.014453456444655094,-1.9214075540754727,-0.41402759790363386,18.331212102692497
2010,CA,0.5371333527690176,0.4216828419491687,227.71899242055244,549.7548355557184
2010,AG,0.16689661062684938,0.23530282131132632,151.66746508745572,281.06610293879675
2010,MN,0.05852460170904245,-1.473953447473127,38.974093917923966,95.20100168320899
2010,WS,0.06798030663196189,0.04878099522477491,66.73185471311577,121.48534335774534
2010,MM,0.025456989673021204,-2.2056216001707987,-10.74868841474666,34.93071420788372
2010,SG,0.49422174380288314,0.4720713606930452,221.66427584579145,559.9719721635589
2010,IL,0.4498778348091972,0.3753587903497431,266.8811573559971,536.3490851358603
2010,FJ,0.08851580338681782,-1.4677148770097446,46.8022497115591,130.31861043101938
2010,ML,0.03404485308297634,-1.9186472581527998,11.74511105020297,57.25117396058793
2010,BZ,0.11815032441638897,0.29820750142773045,114.40121559485125,212.7984830369086
2010,JM,0.10256740696004335,-0.8439462406080207,89.60067461286391,167.48615198231334
2010,MK,0.12905851872661034,-0.8361582976672755,92.47568949991167,204.69639064508698
2010,FM,0.011126566319030402,-2.1639594138325076,-1.5146169961440328,12.285905664408379
2010,SI,0.45670025694925254,0.3211689303889319,292.369097780221,557.7707270336018
2010,BY,0.23271327626361496,0.3890641322149987,193.64755423466394,382.82498185441483
2010,FR,0.5925506618458483,0.4806618897241798,166.5668165502847,529.5063314717032
2010,MH,0.02898261146300225,-0.08463539491445092,25.693541603638824,48.225371309252594
2010,AL,0.08107457078206089,-1.0863485712783982,44.858659634878606,127.94360243411718
2010,SK,0.38577524623211873,0.2509875476330442,274.0170014505781,515.2591829879303
2010,VU,0.02500781640780724,-1.887771046684221,6.419796252354364,32.44805835611869
2010,BW,0.12198114390860121,-0.7005704260571096,99.897974988389,206.5994244832516
2010,MG,0.033577103555943316,-2.2779397706743243,-7.054817106891506,43.27036677624331
2010,ME,0.09334915223305947,-0.5543188431398696,77.90858815374521,160.94523895659606
2010,BT,0.024897384737971227,-1.8157176457696416,6.094975056870539,34.14347336353113
2010,SL,0.02571404912687853,-0.8827612934551919,8.494814859936815,43.757584783001334
2010,MD,0.11961352757828911,-0.44456756185778157,91.55655688208736,199.3519823720038
2010,BS,0.11183284467222909,0.4179005425097056,130.23629043180034,201.92068698485312
2010,GA,0.042566320477913554,-1.5424491760836483,35.089294452657334,65.80487528232257
2010,SM,0.12353792860195867,0.3767594728537472,126.72531610643864,227.4777040972189
2010,MC,0.15126053986359564,0.8187453056670315,175.8315712393883,290.13072893257333
2010,GB,0.5962024197638063,0.5037644876569459,152.35613683071014,536.2011184180767
2010,BR,0.24581395564507547,0.003878923003830773,209.4578277365804,389.0421111105907
2010,SN,0.07179015168431228,-1.2189156526328162,41.433583360646594,115.69307596100374
2010,MA,0.14115491062654745,-0.8373049304778172,106.27973879303177,227.644068606851
2010,JO,0.18461836929316758,-0.6143704701662321,180.4004410037064,297.7972369419384
2010,SO,0.0049301697521172425,-2.498137051161852,-2.155261691022694,7.0629530739190285
2010,VN,0.14172135464552432,-0.7070296914752225,108.26987962483483,220.2307067715369
2010,SR,0.040811739575808074,-0.6504960689010632,30.20961633940725,66.24934806672842
2010,LY,0.033977711595286904,-0.7990455029695968,30.665384623439707,62.65220082525708
2010,BO,0.05569669603626784,-1.825042971286016,9.924702610907179,84.95111702333827
2010,SS,0.015762735973894826,-0.8441780266472392,12.837783703357022,32.04419582696393
2010,AM,0.07842826555375107,-0.4728794551672923,61.14686299888685,139.99916457158037
2010,LV,0.3055177010003125,-0.0465164619243869,263.73152645026255,437.67686688935885
2010,GD,0.03958677189059665,-1.2559201439330592,25.100682029033877,65.80486750628265
2010,ST,0.026463210520104676,-1.529123284047301,9.476039384859126,40.40322785387684
2010,BN,0.06903387126923095,-0.5522647677257689,63.029290211879506,125.08098004118744
2010,GE,0.10100222739139987,-0.3742550164810861,80.52552873379872,174.37259857662747
2010,SV,0.081285968778946,-0.9234872196070093,51.52371939006639,129.68470266366472
2010,LU,0.4318001189151831,0.41998773880937834,257.79562688123264,543.4932020945289
2010,BJ,0.03260920607520539,-2.686950522569307,6.216967928617383,45.093039384526875
2010,SY,0.08620656734364637,-1.1567695634132338,40.469842706250795,138.16699043096855
2010,GH,0.06287979673550244,-1.9335726398834763,19.63340193553551,99.71967484068885
2010,BI,0.0181205092923916,-1.5167111261887591,3.2122387269563437,33.126869767704875
2010,SZ,0.0825105434992286,-0.7382387245211323,56.270285528528206,131.34059854328947
2010,LT,0.33346664803514015,-0.053561761718750676,289.5752678664924,462.9096530484585
2010,TD,0.008640310100300518,-0.9146474421161059,4.4279157102323925,15.436306066468413
2010,BH,0.11143820612091053,-0.8451543994304228,98.37535276888829,181.63761311533466
2010,GM,0.02950297392750466,-2.435865685764118,4.882304950522969,41.30803061473794
2010,IE,0.4879235395782985,0.45636497190965364,241.780212602277,569.4993390250364
2010,VE,0.07810237333544062,-0.38915009735271144,71.24273796421349,142.5701939482426
2010,JP,0.48960944056955885,0.8117940897109979,103.51995006349554,548.7278343432131
2010,LS,0.026687812305736244,-2.037837152805875,-0.1872644219439826,32.75866421325649
2010,TG,0.038158568765636634,-1.394241829843088,11.240494619635053,59.236849800948946
2010,BG,0.3418534092204838,0.026871233644375794,291.97917979652334,471.1798374265152
2010,GN,0.013934768692228693,-3.262479952096734,-8.037966944683907,15.96364226863077
2010,LR,0.015173215195608618,-1.7515265250561731,2.474510180224856,21.91199279352115
2010,TH,0.24855328442305244,-0.25470164910463794,219.06170596987536,369.16036828750305
2010,LK,0.10375343404129292,-1.191560679960492,61.407978337048256,160.4009790594606
2010,GQ,0.007875542020508268,-2.6706189166202052,0.1100548728194149,9.19588420209846
2010,AO,0.015525910267127328,-0.2552852383697556,13.659784412405923,27.8941972540978
2010,TJ,0.03799868444168332,-1.2661112563555126,12.367181453098262,68.0973504498151
2010,BF,0.028595521710645524,-2.9326563191238324,-1.7143085535194955,39.50917907084954
2010,GR,0.3920705145306785,-0.08387777644035391,355.7302275223708,501.26121384071274
2010,LI,0.1760653844220762,1.0112509368374838,187.85163559399797,328.6669616191741
2010,LC,0.03768177645986157,-0.7069025846248435,23.188073768408543,63.37809896093777
2010,TL,0.008277396196487789,-2.3175246259123967,0.7903242256162251,10.37631804059256
2010,BE,0.5949965862801974,0.3535907838051322,253.48752863185481,526.289719215079
2010,TM,0.010550260092371352,-2.144349019799695,-2.3916019074183623,12.839595373672754
2010,LB,0.22405223308484828,-0.3621299654876759,207.1740467198325,351.59202608836557
2010,TN,0.2028196678714635,-0.5638751527839649,200.13780717365262,317.4499402750615
2010,GT,0.1005079038418051,-1.0996236575293303,55.66493761318576,157.14274032609512
2010,LA,0.04091267413053013,-2.274083253886688,-7.191891500363732,54.46009388630812
2010,TO,0.018153145050399052,-2.169955520840099,-3.822301284169215,22.65968022962812
2010,VC,0.042902299182179006,-0.4384433204842851,34.28596198908853,71.46611589172015
2010,BD,0.04980560035077823,-1.5505362612001856,16.485189610116358,78.35853944078455
2010,GW,0.010397790306910695,-3.9207188829961734,-5.71372941706344,10.653841666262768
2010,KZ,0.07723613097264863,-0.48247852641610944,61.72884329334379,136.4911887362822
2010,TR,0.35758334409730236,0.08424925349850913,284.6503204664635,492.4897166392649
2010,GY,0.0384969308726088,-1.5324831705730897,15.20504452765956,54.793449809092145
2010,KW,0.16102927616873636,-0.02749656846091846,167.8917538401494,288.82625524188614
2010,BB,0.16918829241081074,0.0917593686836518,169.8626314581229,283.8012352383964
2010,HN,0.06517378331308324,-1.5708997194680976,12.980450037646232,96.03258234713809
2010,TT,0.08448880809763717,-1.048832394209848,61.32591691981882,137.11365940295929
2010,KR,0.4569946073839433,0.6035158188495446,205.27849865516964,546.5427305261757
2010,BA,0.142955011809129,-0.5032356780984802,113.91719240868946,233.81069740619074
2010,TV,0.012350894176673972,-0.7623482096194112,7.277872607376608,18.944598875949342
2010,HR,0.3086483684478553,-0.1473874630813149,297.53066979985624,439.7300235634547
2010,UZ,0.042203534689447354,-1.1882058923724426,9.720785612165766,70.55123460000206
2010,AZ,0.06022641867357274,-0.3903366986253592,48.33672328030112,112.69222268821177
2010,TZ,0.05732299888289913,-2.2804290986298126,11.13621191786333,85.25632534861407
2010,KP,0.04424602248708633,0.25177173438176653,41.25568887615164,81.49267316185141
2010,UA,0.23863296042861756,0.41533731865858237,178.48663322620442,390.426551412292
2010,AU,0.5131715997352848,0.41104918026199805,244.80163330024013,568.5881022643073
2010,HT,0.015324541363841012,-2.2003253213472425,-6.430909113236667,19.64418471780766
2010,KN,0.0524898279146284,-0.3959533539512074,48.39683206312105,88.13195307788219
2010,HU,0.3965500487925384,0.24568062578931063,289.023804067619,510.96700264285556
2010,UG,0.05307344781638942,-2.245132844237819,12.032096634182915,81.09892883424025
2010,KM,0.005753771529322677,-1.3228290838271972,2.8738201855350014,7.542408589376546
2010,US,0.5733182926568674,0.4873587092075611,174.07791902102198,527.7506153983599
2010,KI,0.006733315865830822,-1.7738790780054547,-3.0145511284932116,8.374275341354075
2010,AT,0.5986471057033422,0.48236982439932485,173.68097623741428,525.7962163100265
2010,ID,0.10826448257268576,-0.883030967818143,62.36906888637007,169.8217468209136
2010,KH,0.04589060856040396,-2.0668284404455135,5.253180113047547,62.69186430118357
2010,KG,0.0475510947591888,-1.4741329750949732,4.244336447608837,74.68522593026596
2011,KE,0.07942871735757298,-1.7699613792116091,36.98118239337305,130.80093579184634
2011,AR,0.23196797673944533,-0.20964737417732532,207.2607218874502,398.9403823287075
2011,UY,0.18282515660032633,-0.4668151283088485,167.90939441464872,317.83532381712496
2011,OM,0.12308938902677131,-0.9055579575838658,98.26377386330765,224.9871492991513
2011,CZ,0.47791210594051614,0.3695432769345963,273.082074316674,583.9162058911196
2011,ZW,0.055678856354566444,-1.797030318042835,17.015133387187394,93.08579634934287
2011,IR,0.16596838781905457,-0.47023763584718525,149.1071960665573,310.48138994772813
2011,AD,0.13585547654097344,0.24506914640212404,137.0477836673296,253.37674614705463
2011,NZ,0.4804219057864243,0.2957425415537992,297.9689441551322,615.6808787491922
2011,PA,0.2062326680391652,-0.20240850072594288,192.69170995347406,340.5364534163143
2011,DE,0.6297603761259108,0.5539747536397346,71.23147306425506,559.705380037602
2011,PE,0.12465431758993482,-1.0855624833922237,71.89041800118078,212.69570707080206
2011,CY,0.3822299014741793,0.3292799169154516,253.9199240206647,580.2856010474381
2011,NR,0.015863907618916692,-0.5120847584136257,9.48121517498021,30.119495928320255
2011,PG,0.029420668823141465,-2.883120939411462,-3.509703770858333,39.90498237010534
2011,IQ,0.02677669785687725,-0.9254563291226595,19.666914797067612,55.18920953715091
2011,DJ,0.014989739592074345,-1.8648666744752886,1.9159050974989675,23.018025187192656
2011,PH,0.0916185119111604,-0.7281683004203271,52.74969714625653,169.8989239433086
2011,NP,0.04886350288522936,-1.572602263135588,23.39603417950346,86.70086156202316
2011,CV,0.018783384653693017,-0.8747110926321682,11.608885505492275,33.12754673127502
2011,DK,0.5597858370038772,0.32622109606005983,283.86173878992014,592.9262896646668
2011,NO,0.4603249263060245,0.4337499694502517,270.93180797416346,607.4742079967564
2011,CU,0.07524796325671097,-0.95779828648665,61.73980402511969,144.02841791331372
2011,ZM,0.04181934738054914,-2.4662347013166186,3.7265238674914167,64.54009570896415
2011,PK,0.08575918533738949,-1.1577239509172434,42.55772267646023,154.87356039456856
2011,IS,0.2546528957210887,-0.037899282586296684,271.4943677891421,423.5248540596182
2011,CR,0.15435711543996092,-0.8292626838297303,124.8217884367708,266.33404835702123
2011,PL,0.42752342799763177,0.2766525047076674,277.9570541791244,581.541260152446
2011,AE,0.32013058868488486,0.17846104751264022,241.74134734686942,513.4215403041002
2011,NL,0.6182268249353596,0.34401995212584224,225.16190899667444,559.0423020436705
2011,DM,0.08174944513698601,-0.5374691823445785,57.71231020230601,146.95123012361708
2011,CO,0.1631521576817495,-0.30466491135039797,130.9162495384173,308.59037015630196
2011,PT,0.4639467390847051,0.06226362077423711,373.4083907652548,580.5445637126652
2011,DO,0.08402664514743481,-1.1466425337398758,39.22505472387465,144.21635812250204
2011,ZA,0.32443080192861784,-0.09621671257861474,280.6954909718206,488.25237580354207
2011,CN,0.32099415852362806,0.33476219596580686,229.45027682329518,494.79939316822515
2011,NI,0.05000562685516714,-2.0411234373611005,-3.9035334497307157,74.64535670385713
2011,DZ,0.060365493223306435,-0.4742540798818366,51.92356216045271,131.1567693599955
2011,PW,0.010688952784140213,-1.4703299454193666,5.702237223463084,16.64406531647493
2011,IN,0.14955778615822776,-0.24664006327703758,117.51153354347315,275.2005982836408
2011,NG,0.0471429067962703,-1.73465724318224,15.375937767513287,85.81156942645651
2011,PY,0.06277174669911899,-1.236095237339793,30.10822261796984,107.56332851468346
2011,EC,0.0942874928900233,-0.845135502540136,50.66096717499308,176.97290597242716
2011,QA,0.16163748355109483,-0.08213549389463025,184.96388121941544,308.1544133317534
2011,NE,0.026165020021960254,-2.1325205978301307,3.135360147912042,44.43984266689843
2011,CM,0.0556883010480382,-1.8024697910951555,21.425313814641836,96.7715601731538
2011,NA,0.07540424215923515,-1.5152698953749502,28.84567814728935,123.8567814528813
2011,RO,0.3011202584378758,0.09374340492656966,254.19523353255786,474.8917146886857
2011,EE,0.38480463101383633,0.07192690235588972,310.0472939568199,547.4762497919197
2011,IT,0.5658291526317496,0.4027542007327446,227.30475114467356,582.1675003721824
2011,MZ,0.038767580030503866,-2.417650472833139,-6.974806897572435,61.738594192749574
2011,CL,0.25576628749041647,-0.20835723511360763,232.24021135105923,431.7098783598153
2011,RS,0.2826160856889894,-0.25479585300703,268.3644752667215,450.0535762573241
2011,MY,0.36677523256092626,0.15977893722981787,270.03684126950634,550.4588951834711
2011,EG,0.14713366779975193,-0.7204242189450276,111.55217950766351,264.98872168536406
2011,RU,0.2870863168332788,0.6801945821028205,185.6408473454176,500.35358153644063
2011,CI,0.04567451893611666,-1.992950669182,5.377163721258898,76.92810008444447
2011,MX,0.24763471572602216,-0.04623414047299309,202.1753842341902,424.6385705152228
2011,ER,0.009767888813935333,-1.4580603265162302,1.439767684956449,17.66078288543884
2011,CH,0.5803485393181901,0.5536735730550006,144.4900011110344,602.7338099327756
2011,RW,0.02669679051684494,-2.6513050903439814,2.3541724806870308,39.538689980125184
2011,AF,0.01754604533038209,-1.363133952881565,0.6681222272754674,29.745676256029103
2011,ES,0.5507938822216231,0.2515645156984529,303.1391357177344,590.7681150576593
2011,MW,0.03125315083025965,-3.072145259293323,-5.497524576004379,45.00239666465078
2011,SA,0.1953472477802161,-0.10586167043507928,190.62631283448852,364.27524268177564
2011,MV,0.02328477536727739,-1.891700598332125,5.846763061246413,36.376246645636925
2011,YE,0.035641798790263295,-1.332488846140202,9.48141778151986,66.21246923933323
2011,SB,0.01919842063009851,-2.2209292295907552,-4.163854976969707,26.631173825078136
2011,CG,0.05336605334581715,-1.323119723485308,45.237416732642316,88.32003856939458
2011,MU,0.17712343464026442,-0.1641187048832508,161.2967294260879,304.90939705902423
2011,SC,0.12054776230301113,0.18771900711693207,130.2904594947695,223.64908444345065
2011,CF,0.020072445855267164,-1.1699877194107173,11.977223546651638,37.158573126345075
2011,ET,0.03519476437423896,-2.335331722968462,4.576951650726731,56.92801539871477
2011,MT,0.23358520899577592,0.3786154664936326,214.91023672557213,419.26850843314213
2011,SD,0.024347211482847044,-2.3590670733366874,0.6758145693822263,40.21613209894817
2011,CD,0.020325622409645257,-1.8681470850129567,3.89882390816133,32.19983916830333
2011,SE,0.5817532668983384,0.49494050276053175,174.442162619895,597.0686373459
2011,FI,0.5301272380311264,0.49039949530730226,213.34398032559082,618.4286309470274
2011,MR,0.019991726396125245,-1.2199767180853256,6.3841984063331,32.78277817545142
2011,CA,0.5330397689456591,0.4068709273785435,227.27654030283745,601.4493605144995
2011,AG,0.10098668645711781,0.0826818710726163,90.95779411514556,196.62573635297468
2011,MN,0.06090996548618374,-1.1591450364339886,40.97160761595567,106.82828432665512
2011,WS,0.07541117403886616,0.3503524470427551,78.8491695758982,152.3774747673755
2011,MM,0.027007479974937423,-2.44628757147604,-13.962934584490169,38.78763513569723
2011,SG,0.4954218082257758,0.4770498322062266,212.09437048655292,613.7967260597118
2011,IL,0.4433478388835082,0.3867718103586347,255.84333726859933,589.2183783460467
2011,FJ,0.10588844186704544,-1.1244081567839987,69.01292704835777,177.61177590978656
2011,ML,0.032613567771300346,-2.3354285421153365,2.313307531627049,53.791173233176266
2011,BZ,0.10379306558128845,0.043505272977424514,95.549849188793,193.79685273939384
2011,JM,0.10302250034026508,-0.79512287565702,85.47439577524831,186.92844210052542
2011,MK,0.14855838630774632,-0.6286500402890983,115.39187955154831,262.26141205547947
2011,FM,0.011980708047389252,-1.5784471176059773,-0.4852257744518241,18.669033643872975
2011,SI,0.46598331171277163,0.3438353187076689,278.8627971568775,609.2191947747261
2011,BY,0.260242824043499,0.48304241622495075,191.3750150180328,462.6863535508196
2011,FR,0.593267011699482,0.46792563585564384,158.91412997068417,585.3216716228341
2011,MH,0.05802241041163436,0.5308953745896617,73.6798656576119,115.02485822417684
2011,AL,0.09039997413467642,-0.6922709333698697,56.657935938305016,161.4830827462798
2011,SK,0.387679829535961,0.21154936203929522,284.3038033202688,555.7976762632746
2011,VU,0.02539993986992233,-2.16925516495515,1.4783763478127956,33.48121795840343
2011,BW,0.07582664803427663,-1.4476203244859587,55.61907471962057,132.0032096316616
2011,MG,0.03370799446012493,-2.442894170114241,-10.228377521245218,48.12623889777639
2011,ME,0.08840145234762126,-0.48148972385666994,68.45093641051768,165.3076946719258
2011,BT,0.026435889231078803,-1.5322923465393077,3.5226183591384115,42.08190671249928
2011,SL,0.028456052676528683,-0.8909869233108325,13.783250484196271,51.52782656117003
2011,MD,0.14457304218069789,-0.1321932377296404,115.78855848020014,264.35604677063196
2011,BS,0.11906689891166193,0.44392498300549116,139.22957373150487,229.04575681488595
2011,GA,0.05045442032886752,-1.3358236204301444,42.93819049076291,84.36352444296199
2011,SM,0.11851300843412374,0.4315425208422335,122.89655673862322,239.332228189948
2011,MC,0.17773390870390907,0.7536630998381388,199.07738499523728,353.07200131019175
2011,GB,0.5929005453095333,0.4839795129311004,160.68585556453223,590.6036590080523
2011,BR,0.23973513950639502,-0.0634219732476085,200.15531128608933,414.375045294643
2011,SN,0.06265027543475796,-1.7634624646437287,19.036861042663432,103.21287929091193
2011,MA,0.14146373304691057,-0.8248145442853207,104.26716102752869,247.46411081794426
2011,JO,0.18814918206522707,-0.6028001153053968,178.4498407100074,328.03645262187337
2011,SO,0.012671881783490348,-0.8283030236131467,8.000504848563974,24.103732018084376
2011,VN,0.15364795237172146,-0.5947653512344683,117.07720962518827,262.098106795709
2011,SR,0.04094752990395887,-1.3489842894917818,9.27234149971828,67.19918435453401
2011,LY,0.03105350657751954,-1.2871804302844372,20.891661854486088,58.314352697056975
2011,BO,0.048917010955702035,-1.9733270124354882,3.284327400482545,82.08265486844147
2011,SS,0.013491121172814716,-0.8374530688238881,10.506266483818013,30.433087294943533
2011,AM,0.09535134407890412,-0.3558429235172668,77.55524039572558,182.07837912639252
2011,LV,0.2957853651937862,-0.0818426908258127,250.1043580045644,458.82830122269615
2011,GD,0.04212489918476098,-1.0324385198927872,24.149013641615355,80.59649342386781
2011,ST,0.024438211160950317,-1.80553425038227,6.517969038016933,40.684946538624374
2011,BN,0.07168005059006104,-0.33656827309861415,71.27444374478956,141.5437319259341
2011,GE,0.12526402264556244,-0.24953077958912243,111.34132928361979,235.47131243878363
2011,SV,0.084887985162673,-1.120784752285968,49.28331812379569,145.55117018732966
2011,LU,0.44532056807518827,0.37581572016803105,262.9714086454369,605.0046210210849
2011,BJ,0.031447119141704075,-2.7772078286885242,-1.2672774186256228,47.43662687532104
2011,SY,0.07234165820657408,-1.031487041076557,34.98044994048124,128.23495564146273
2011,GH,0.07390823283466866,-1.7670501279461035,29.80944054676381,130.04293495395692
2011,BI,0.016591360276902837,-1.1340992939335894,4.191713964762242,34.35651753763549
2011,SZ,0.07725230285887087,-0.7331548435400503,49.70788787245136,131.9061266248806
2011,LT,0.33033934168134094,-0.10047062488107675,288.46744939104,493.48096092098
2011,TD,0.006412711523356203,-2.5080570482768563,-2.874829844862503,10.477852786982327
2011,BH,0.11698138409513265,-0.6500329091678853,98.49564307223073,215.05127067206627
2011,GM,0.028902008699669454,-2.8728272065689384,-1.8843436399608966,41.665652371130044
2011,IE,0.4814868482965311,0.420525021378303,256.84923549874753,618.2139701491813
2011,VE,0.07408055681683713,-0.20980221654505493,70.64341081694371,148.26453793727046
2011,JP,0.48810727244138485,0.7866173092631233,102.13252007695368,604.0850275591234
2011,LS,0.029001071493387702,-2.10293687688395,-0.2192424484896685,41.52064300305969
2011,TG,0.05252534095023292,-1.2125782985957214,21.518485038676914,92.66712830465461
2011,BG,0.3535372693160189,0.11277670823988108,280.33336669594377,525.8937837379033
2011,GN,0.01288371267359184,-3.4639539824339702,-11.760512530461325,15.770922112363065
2011,LR,0.014370299008257252,-1.7068862069061597,-0.5505906060291312,22.200412259238696
2011,TH,0.2639686104798667,-0.1809289753494714,221.29879892909608,425.38485550596096
2011,LK,0.10216226293790852,-1.300032965500103,56.79360700508913,171.2894993696056
2011,GQ,0.006474806948436681,-2.3527522110096313,-2.193232297278863,7.940212097509947
2011,AO,0.012995120626943402,-0.468637183333441,9.271395687810507,24.955176014925815
2011,TJ,0.038438222006554064,-1.2148598553656633,15.300586791460306,75.11322983621717
2011,BF,0.029493715710704364,-2.8237398747880667,-1.136048756964692,45.961348684798985
2011,GR,0.39269806180345096,-0.05379873788292518,345.64088659192225,547.7441712492679
2011,LI,0.16764931822139553,0.9584110939738028,185.217982423202,342.13099739841556
2011,LC,0.045686106098869715,-0.2458329310957187,36.67704991341543,88.78457244405816
2011,TL,0.007190264802535669,-2.9743944911123577,-3.3975563821611705,8.728712685314877
2011,BE,0.5932803049023834,0.3430361776405899,251.60806072226364,572.948098820663
2011,TM,0.008735515545229756,-2.5149129488246884,-5.211685344355482,10.796888233299454
2011,LB,0.2244389027168461,-0.40137224673716454,208.70757971333956,379.73203550604836
2011,TN,0.20972964970641456,-0.5794192789725962,201.1773959473312,355.93852112228717
2011,GT,0.10870217004011731,-0.9391871033890824,64.90970453463238,190.2991665676198
2011,LA,0.040668001156131145,-2.403513232052866,-11.022774903463235,57.64158198843712
2011,TO,0.01936923140031404,-1.4963166138326887,2.170555513226898,30.385294370585815
2011,VC,0.049452466383413336,-0.3161525964466435,39.73159791945984,92.42741896561016
2011,BD,0.04936630017154388,-1.5663449408399188,14.121009294669754,84.42074495654477
2011,GW,0.011740357611282653,-3.333443031588606,-7.099945577621499,14.954376870199262
2011,KZ,0.09815940478732438,-0.3080184927034788,81.26489235507209,187.91718030430118
2011,TR,0.3581807971532858,0.09249180673614533,279.42314846784853,537.861064443003
2011,GY,0.05096813303831859,-0.9655344515721476,26.045233107089157,86.50019309027665
2011,KW,0.14553428910986482,-0.2506256060343566,143.06229220474438,285.33717089174866
2011,BB,0.1607193237270685,0.015804376218179882,145.4183168685649,292.2474544697231
2011,HN,0.062068254008369086,-1.6516019447495196,7.644545637726761,98.48614619215056
2011,TT,0.0885197857201522,-0.7839636155076792,65.09770264474966,161.26386826900813
2011,KR,0.466321970387173,0.596226159218603,196.45353521275297,603.7380507078426
2011,BA,0.14524220859578207,-0.5489214691000566,115.02704377225531,256.49422851928796
2011,TV,0.01078025046689688,-0.12581173918118502,10.683162402624978,19.608523772030033
2011,HR,0.3332215262524015,0.00810809776095234,295.93847054670005,506.22690970426993
2011,UZ,0.03990468707822787,-1.092205676814945,9.058557169487456,73.09488224383365
2011,AZ,0.05178073665596528,-0.6422760395447913,37.676752121859565,104.32652823109446
2011,TZ,0.05999386726702921,-1.910530504546026,12.609222792370108,102.25816374788194
2011,KP,0.04914813964385102,0.49656333902725763,48.19758899683556,101.26298676080022
2011,UA,0.23491734748438398,0.40802074584512477,174.09098987573304,419.85074089429617
2011,AU,0.5093186253285746,0.398201189080429,247.68584577600424,624.11551481325
2011,HT,0.01567897317330451,-2.147133509491349,-7.561221630895088,23.911013385822752
2011,KN,0.05471923777706444,-0.32480077373302324,52.35882969884965,103.83703368708007
2011,HU,0.3977244437351476,0.2247173887289086,285.2253047012801,560.3357278794849
2011,UG,0.0522954097659575,-2.2755982032427053,9.370573182068387,85.20109636481455
2011,KM,0.004556817432618702,-1.5858744912798102,-0.34389811530348546,6.292413432294078
2011,US,0.5719988759135407,0.4722766490736671,177.61782073690364,579.1331119020005
2011,KI,0.006985099374135797,-1.7940193724352567,-2.7629827694676212,9.769029445811997
2011,AT,0.5996280675028018,0.4765639362073454,168.03186907463902,575.0371136922325
2011,ID,0.11319544129403322,-0.7921567750783127,63.323010068293186,194.788448261592
2011,KH,0.03869873436982604,-2.3933130309642756,-3.0638907795383976,53.52676259532528
2011,KG,0.0491418684222421,-1.3072904696942793,11.145575553968683,87.9628660477305
2012,KE,0.0831996953490534,-1.6723498231507021,41.06611334527489,138.7655815229474
2012,AR,0.2310030478082662,-0.23430286458651609,214.18021488106257,391.7987611443925
2012,UY,0.18376204410354371,-0.5045123920979631,170.94126185601283,313.3400288570799
2012,OM,0.12180242150724417,-0.9940453065968892,95.05432815385089,221.60957542970016
2012,CZ,0.48091722705532447,0.39827731052361665,261.11648780631555,579.3517839009145
2012,ZW,0.05598935860548548,-1.8122645979736067,14.983466261187068,92.00428090373869
2012,IR,0.1566808686700127,-0.3838179455002244,152.3944132283008,292.9201549645666
2012,AD,0.15027804538423206,0.23144012903782363,151.50816946216506,280.3171870279794
2012,NZ,0.47960034427528403,0.2814212833135927,314.65959502687963,601.6297969700202
2012,PA,0.22730114678669414,-0.08679546727669453,207.33293566499893,372.42454409394765
2012,DE,0.6275726606491117,0.5609739748058975,80.80113272000314,553.429456902635
2012,PE,0.13028640845330147,-1.1279802573556066,77.34941881188718,214.96493048364067
2012,CY,0.37295681438462686,0.2747107360025449,268.0435208211709,568.085037322678
2012,NR,0.014322935306028689,-0.4957570151900685,6.143159206837119,27.278128184613568
2012,PG,0.03011763905940468,-2.7379341771207364,-4.320632075158416,40.9275375534176
2012,IQ,0.03206605151957305,-1.045881787344658,22.839911187617123,65.83202886942854
2012,DJ,0.01574580735889401,-1.8448479667456605,-3.245476955030085,25.59016743048868
2012,PH,0.10876946619944523,-0.4800694841034768,71.97079787096555,200.338037836217
2012,NP,0.05426342090360029,-1.3875810239330149,32.11748065049431,97.10863954464382
2012,CV,0.028682082034879916,-0.5886733008593469,21.88958962772218,52.82147510910455
2012,DK,0.5590534721579342,0.32132644056561177,294.9611640118358,583.8947084096021
2012,NO,0.4556718004594004,0.43069274426158377,280.77943112332196,590.3449120695005
2012,CU,0.08101126971316876,-0.7880697388727477,68.46038737800988,154.83928493413643
2012,ZM,0.049716842609750074,-1.9939659021940057,16.345640733020584,81.88778583616244
2012,PK,0.08712086766496134,-1.1660195023331708,43.636732844254645,153.08959372173624
2012,IS,0.2420459828189785,-0.07680069478693825,262.5301310055909,404.39784191309604
2012,CR,0.1537581339867177,-0.953629848260384,124.41754937133533,261.89164495311803
2012,PL,0.44102182588043587,0.303198854969268,277.77785413938034,578.5117568258094
2012,AE,0.3451221142904299,0.13709580549158068,269.01110187747173,522.9555090804456
2012,NL,0.6174127555539433,0.34489164005772555,235.23242981991504,555.2005236412747
2012,DM,0.06578105585694978,-0.9016085974938652,41.90518399774175,115.30133343294848
2012,CO,0.17119911172983918,-0.299695924847756,142.0418086186316,317.3658032541106
2012,PT,0.4670030322986961,0.07138411918839285,376.6885945646415,576.9582105442355
2012,DO,0.08666151654447031,-1.1485241449914987,37.19290040276318,145.28323862707833
2012,ZA,0.32757717152449384,-0.07913352268391276,285.49648389287745,487.08253460073047
2012,CN,0.3290403950851834,0.3716062887665669,231.52345280506108,494.47410718013265
2012,NI,0.054299250559841764,-2.0495308316269942,-3.7611324282856513,76.68159739403458
2012,DZ,0.06641391650823736,-0.4195493547145458,60.76381510915582,141.061621343472
2012,PW,0.015128393970704911,-1.1970067262436723,6.460905849432402,25.07335802263137
2012,IN,0.1509422793635646,-0.23058668419080036,119.12919751929034,273.67008430125185
2012,NG,0.04746302828522009,-1.8546988698809648,10.65118726278655,84.40841257972647
2012,PY,0.062071874981932965,-0.8942258762688617,31.696868288983563,110.41329669995477
2012,EC,0.10328995527353858,-0.8036922017798004,62.24294337796483,189.4409737186832
2012,QA,0.17021013558042253,-0.03815402592705228,192.92792781306443,321.0868975087842
2012,NE,0.023126907611133177,-2.166490728577705,-5.32840399971659,39.34281307786638
2012,CM,0.05459472903405823,-1.8581018049895588,15.22006316508985,95.72822408350801
2012,NA,0.09871207920101054,-1.2533712637351382,58.171521157059885,165.04270286435434
2012,RO,0.3064517793066151,0.04852052460701941,262.792506569151,474.8849575452719
2012,EE,0.39582371575810577,0.04316289120242679,330.38898459561034,543.9330483374436
2012,IT,0.5666797962395244,0.4167141245611377,229.46746013888557,576.450839373665
2012,MZ,0.03248041964296625,-2.536216892001361,-11.119505813254875,49.230069167148095
2012,CL,0.2717673701301502,-0.10524832684718245,243.76167647297308,445.64260768525895
2012,RS,0.3101774659582281,-0.1157591043049839,288.3610984814737,477.05496120014755
2012,MY,0.3668234795890231,0.14327460576964263,276.56251229021916,538.9590689655778
2012,EG,0.14585754429235276,-0.7056116133846272,111.65094329479622,259.1748286785434
2012,RU,0.28860360891769943,0.6479905030188705,194.97147991434474,490.521705045774
2012,CI,0.04434405490633601,-2.443132667240238,-2.826982111645044,70.58099606166917
2012,MX,0.2576652553903447,-0.0009103227786195994,210.05486235032708,434.1068725140201
2012,ER,0.011112471473758873,-1.5063575777489355,1.764088302155577,18.273045071049903
2012,CH,0.5740270065815044,0.5664669499531586,156.5484204212564,594.1994235550904
2012,RW,0.026376874783113416,-2.6918395777722517,1.0182772740289046,40.42194333293803
2012,AF,0.02626764237500215,-0.41018039551519153,12.942227657107303,51.71120962065418
2012,ES,0.554403315630032,0.2561440116076241,306.5398758906793,581.7701368228559
2012,MW,0.033679607654883904,-2.95359847468293,0.0853307098510136,48.34997847687
2012,SA,0.20859218042693256,-0.14001672215208394,211.61783730400683,373.497497223284
2012,MV,0.02392376861331037,-2.1647167700164482,5.5812252223776495,34.65207523430966
2012,YE,0.03181545745072586,-1.450576226881215,5.48618164035205,58.92764457453641
2012,SB,0.013685001200791093,-2.8740097881174305,-10.20922201195505,17.207197684037144
2012,CG,0.04541863264014857,-1.8613214599397854,25.947293800263736,71.43741669274853
2012,MU,0.19201755498642614,-0.17944989250766116,182.18325644649104,326.85892126437346
2012,SC,0.12400804338440896,0.21343312619149707,129.41041745365115,235.45857337836944
2012,CF,0.012293747341060673,-1.6845614301092262,-0.2562417978002549,20.89083596609382
2012,ET,0.03402977576152184,-2.479073435028756,-3.246769554872337,54.073413483366615
2012,MT,0.25524647332218514,0.26405743640156837,234.0685029749288,439.1007370611409
2012,SD,0.027567696745140462,-2.0695095276045845,-1.1312959843457602,47.172738019217306
2012,CD,0.014984897196957553,-2.865179276020259,-5.30178569948131,21.29504782872891
2012,SE,0.5837783561368478,0.4940143524223402,186.7366333723449,585.9160854364657
2012,FI,0.5353096032030653,0.48463816122438275,231.1564107439738,607.8404875139471
2012,MR,0.019032198357599055,-1.4268367167433964,3.0574547323308012,30.066986713504058
2012,CA,0.5347369547263411,0.39683913791758246,246.7826861362502,588.5115741841847
2012,AG,0.13958040851548992,-0.08287424618194954,128.51426515636427,251.97052145366249
2012,MN,0.053730418589032616,-1.5916629754912057,30.809444725080635,91.63689793771849
2012,WS,0.06703590403811052,0.01662793343778826,63.38450154412548,133.1932192275968
2012,MM,0.027273804717931015,-2.4478017630811597,-17.713202036708307,38.735145078114385
2012,SG,0.5073166365296804,0.4873137743796519,209.52261719393314,606.6679221685467
2012,IL,0.44993763541633486,0.4011795772320203,257.0461766118957,587.632953865975
2012,FJ,0.11320189082792347,-1.149383680597391,76.11156903088171,186.82419934308086
2012,ML,0.03792359258754127,-1.8592886373855737,13.500346566699278,66.13624422104625
2012,BZ,0.1376715031366911,0.5653878161522795,132.44990544153958,268.7025063506236
2012,JM,0.10904851125451974,-0.7429539125936232,94.39420741986218,196.14821462626406
2012,MK,0.13964766931001116,-0.8095514974278712,112.48868385194284,238.9801614355676
2012,FM,0.011234652519085737,-1.8202578846300081,-1.997409698639857,15.206494685724918
2012,SI,0.4708036507984406,0.33562376366987473,285.05611691033783,601.1287749345249
2012,BY,0.2497020344759108,0.482344936024619,194.13646049833906,435.51849794833174
2012,FR,0.5933787630326124,0.47608607630581434,168.68408363180944,577.1744472308382
2012,MH,0.024925281893910817,-0.06710436757187217,21.27315080428695,44.50208083802898
2012,AL,0.08184476099100002,-1.0131111902041905,43.517624526543585,140.3145395757485
2012,SK,0.3978038260029463,0.26326335847191884,275.4781331467991,561.8446868154927
2012,VU,0.020600793083609802,-1.7418542271957744,3.6610460435019063,29.155325885460545
2012,BW,0.07384523385680113,-1.3940334765559126,52.22530763459101,125.67861744798226
2012,MG,0.03443352223582191,-2.374138459994449,-12.96479628436878,49.66004837461622
2012,ME,0.07604998110308661,-0.8838719914685805,57.33290953852393,135.60232563107084
2012,BT,0.024744732243539302,-2.0389735698392126,-0.5703939768568206,35.17362111132516
2012,SL,0.02583972836425379,-1.3983975620847344,5.855063761662658,44.0452024820759
2012,MD,0.14534733170117645,-0.20785776615018894,121.26429201836721,259.29200630105134
2012,BS,0.13770353735302066,0.6638220539259807,154.30356361771453,269.6612320682114
2012,GA,0.05724294744907381,-0.7696339543661486,55.33826561744408,102.65427185567863
2012,SM,0.10771651135543817,0.34314015741248227,111.44728791099477,218.32878689791227
2012,MC,0.16769031355584374,0.8112969808234812,185.66921593962115,337.97320890531967
2012,GB,0.5915172338606322,0.4901536754946155,173.36133293967399,579.6790617329953
2012,BR,0.24583969168134706,-0.033078027098992324,207.7551518619411,417.82748060967737
2012,SN,0.06614467135916548,-1.8596681567576172,22.91458973793406,106.62588137510423
2012,MA,0.1408716012933987,-0.9008146863763826,105.85280482788623,240.00227566200462
2012,JO,0.19597218449758264,-0.4788944532710295,187.8610788866512,341.0472318055106
2012,SO,0.007717799618797289,-2.410266408691725,-5.661017737083351,12.278258458855872
2012,VN,0.15994920973453206,-0.6102688751028515,124.93749532845999,269.1422079421452
2012,SR,0.03716753029250914,-1.9818279055607018,-2.9169057254641246,55.81927913290977
2012,LY,0.03680642576919182,-1.0003031596675542,28.219727825144773,71.28113394292261
2012,BO,0.05716178447973969,-1.7111856158848822,8.591468504941846,95.72949552191356
2012,SS,0.02093227248555171,-1.2423710449868606,11.040581201721626,43.4193594014589
2012,AM,0.10694069818353583,-0.31440073156166237,88.05108734161516,201.69723200930878
2012,LV,0.3156503805575192,-0.07246458870486716,272.1377869843027,475.06325805999825
2012,GD,0.041288444952033786,-1.1832758803774743,16.63281988075442,76.54088128702368
2012,ST,0.03458739830231723,-1.5999872646407294,17.4355235319637,59.18391985812799
2012,BN,0.06385777966415736,-0.8003343678678774,53.08890245014898,119.72907611016782
2012,GE,0.10372523451342726,-0.482802380766015,80.21831997595451,192.30267620385655
2012,SV,0.08567327061197756,-1.0324041908678918,50.88869769230489,148.00438264073435
2012,LU,0.45123455912259275,0.36197129075245754,276.7656727924061,598.9378240234612
2012,BJ,0.03705878774954786,-2.7704431948056865,0.3901392025680371,53.65609298523204
2012,SY,0.07161541357931628,-1.1143962433476213,30.099211898082913,125.29483334662996
2012,GH,0.06799513363646653,-1.9451444203101245,25.962388986860947,115.36293583101623
2012,BI,0.016655502765649727,-1.4461328021172466,4.395422960076669,33.23744839011278
2012,SZ,0.08826117500402322,-0.7137915770793913,56.74290920514941,150.684651019199
2012,LT,0.3521673207554272,-0.013743089280511588,295.3882491125349,512.9714638040447
2012,TD,0.004630039464021897,-1.8900852354032076,-2.823552979485985,8.792044819970021
2012,BH,0.12827058183914397,-0.6138899022017478,111.11495882572714,231.90833241276718
2012,GM,0.028301433148788132,-2.769018610010084,-0.6669325752907603,41.36756686416923
2012,IE,0.48293171902535265,0.4117704830772939,270.3699072071554,611.6847556979606
2012,VE,0.07171022495930812,-0.28567882490603286,66.88737482317852,141.47082000865626
2012,JP,0.4930796591663696,0.8207686389042771,97.1667861857786,595.5752435976248
2012,LS,0.025138034076572204,-1.9471858221611358,-1.1738276677962458,34.7489834616852
2012,TG,0.038523201918924714,-1.8443180429821442,2.9904782386897817,60.69219361794179
2012,BG,0.34607546837524067,0.08990698177176358,284.2658962839435,509.1505832592525
2012,GN,0.017195089082484794,-2.7264527320082292,-7.831614749670114,24.631629562444587
2012,LR,0.021038869051859737,-0.8523864276102922,8.842302620787715,38.65970794051669
2012,TH,0.2637426686486901,-0.1765782133421304,225.64982399511638,419.7966830972513
2012,LK,0.11152053553346339,-1.1451228819551869,70.71938443311487,186.93837541760152
2012,GQ,0.008028505529396088,-2.633635432133893,-0.1408869678067464,10.243538556721932
2012,AO,0.01846068346221849,-0.5395519993661534,12.86040335082835,35.17910606917042
2012,TJ,0.03403042720593395,-1.1836115757154775,13.25390665274179,69.05115549663913
2012,BF,0.028521496940264353,-2.9403726385236393,-7.467532258919479,43.028687232011855
2012,GR,0.3857700066893624,-0.08193702596729395,353.74297134136447,537.9643520409142
2012,LI,0.18297407637487573,1.0708017697105823,189.5171261573092,372.30121074253873
2012,LC,0.04107286229420694,-0.4360101605805389,25.094059098409442,78.88072824560987
2012,TL,0.005436875197385208,-2.9068354048396565,-2.0933952039662334,6.672993603306856
2012,BE,0.5917994455883713,0.343772857510292,263.349556299784,568.3366740165617
2012,TM,0.014153786241114786,-1.0374310697390108,4.320619279995254,23.588343738241846
2012,LB,0.22138638122223522,-0.44036188238340135,211.6940174858857,368.0059944256871
2012,TN,0.23410749866854225,-0.2891595363043783,224.88701215356573,397.73629057125726
2012,GT,0.10386773649646569,-1.2108147896986838,53.504633544675585,174.56089073233318
2012,LA,0.03804777831616658,-2.382001117051198,-14.585355721162504,52.093123188477286
2012,TO,0.02911523557442814,-1.47385461016365,6.575448981268596,44.98969830687376
2012,VC,0.03886230368209844,-0.6094722008191503,27.213942131404842,69.53160806045297
2012,BD,0.05224361830971351,-1.4984911811861539,16.528448517834878,88.8872165780754
2012,GW,0.012903074117845203,-3.494105070667872,-9.13342638007666,16.475282578391703
2012,KZ,0.11280565299804796,-0.3633284082780535,91.23050294645914,207.9352325073172
2012,TR,0.36728991293379926,0.14536838116869305,277.09164155938527,542.3843182583201
2012,GY,0.04264234108268529,-1.5288767594383113,13.059666967677614,65.74332990393631
2012,KW,0.1305314634912581,-0.2937151292649863,136.27115369579332,255.7118411887483
2012,BB,0.17639651632687348,0.15405070944687002,172.45687482132422,319.19404690870647
2012,HN,0.06545946400278413,-1.64374750940637,8.980242655370434,103.30881612970907
2012,TT,0.0916199918051139,-0.8368727965621203,69.03015021397302,163.11305742721427
2012,KR,0.4731691642373833,0.6130132943043494,196.52252839625308,598.2463411911037
2012,BA,0.16403667167197516,-0.418452691835783,140.81883840141165,286.4336293099159
2012,TV,0.01340537081710824,-0.9792233506078911,6.208258927772392,21.417552068404405
2012,HR,0.3234240675268059,-0.0831854829226593,301.345999673068,487.8310565052377
2012,UZ,0.03936799726340032,-1.1026872920623425,9.786356531588291,72.18883354607273
2012,AZ,0.0555377332803378,-0.443300198575147,42.19775822428332,110.66502455193634
2012,TZ,0.05949899283873955,-2.19671517344606,8.52999558632277,92.9045945970356
2012,KP,0.05753323132955454,0.6194367597325265,59.36093625565246,118.66005478696448
2012,UA,0.2575591940162904,0.5151592255240854,183.31584616907423,445.1164733904263
2012,AU,0.5081555274645813,0.3921743686061381,263.161157342665,605.9066327504632
2012,HT,0.020515143213672524,-2.086598283819972,-6.602586904943372,31.11073993762723
2012,KN,0.055406996253374204,-0.30482497340871245,55.7014944390906,102.19929957786486
2012,HU,0.4008003046562508,0.19472047667840095,296.85942998906563,553.9690909311453
2012,UG,0.05420231811833189,-2.3283392031876984,8.73073451507218,86.50279877872697
2012,KM,0.005245437509023351,-1.5042990382669452,0.9014888860739508,7.3508186374411135
2012,US,0.5733879058382708,0.4728850801414093,185.2870447991996,569.8987043831398
2012,KI,0.007268298875834301,-2.259593570089764,-4.983952029392196,9.55762090856286
2012,AT,0.5970776291723894,0.48523343572312394,174.1799814100525,568.38053682038
2012,ID,0.1180339877630354,-0.7636929880666958,68.83776166900992,201.66358250789153
2012,KH,0.04880217450181373,-2.205937049148478,4.460831579693406,69.86007869962971
2012,KG,0.053813208682070734,-1.237666548236939,17.031090918627406,92.67771667328452
2013,KE,0.09217987210201375,-1.6956399764091745,57.5019946323652,155.51173452872806
2013,AR,0.22976871444509253,-0.2072672170899069,229.00290369856629,396.4067749878365
2013,UY,0.20005836528402032,-0.33915945838945744,211.36837950638787,347.79435497665037
2013,OM,0.12428324820973326,-1.1272668776596284,111.33260411768897,224.66116387324772
2013,CZ,0.4937583938626844,0.4370439967519843,277.9177212173497,592.2447874353511
2013,ZW,0.06594297737984654,-1.9082190047155032,32.14719779296162,110.34058462983197
2013,IR,0.17819465569911355,-0.4758422085733237,181.82705252630424,324.64167908491515
2013,AD,0.1316621266726656,0.4941670865705464,158.39200247254513,254.0969787261011
2013,NZ,0.4847240774363531,0.3046790182577791,335.46178938597785,612.7560668885282
2013,PA,0.22301453639059954,-0.11221615935842184,227.64479043105868,373.506252309346
2013,DE,0.6290431793091851,0.605005844195679,82.3306861196751,563.2396553557194
2013,PE,0.12730068893981797,-1.3012371740944682,81.63149445805107,212.0473013688359
2013,CY,0.37328928197731154,0.214620152589253,315.44888270569567,566.9551926550104
2013,NR,0.01886965501875239,-0.6579793873660073,12.941257795807127,35.78115617024429
2013,PG,0.030421038242722798,-2.6891454009386915,0.5442665185105798,43.8543540766082
2013,IQ,0.037039397146035616,-0.8339667666025166,31.838684256668735,80.30108714176997
2013,DJ,0.019161298470038345,-1.6790774510216753,3.7199273640950636,31.700941741865932
2013,PH,0.10278361376285727,-0.6202678619130196,74.40743410537695,189.88504136652097
2013,NP,0.05663949515950006,-1.6207850914389192,35.932143255151594,101.26320996603974
2013,CV,0.016778399813158568,-1.8063440078089101,0.3418299792205974,26.675837272421685
2013,DK,0.5717955381608854,0.37815769740536437,291.86933935078844,598.2122937815611
2013,NO,0.4642920916961862,0.4355158324753198,317.98213213482865,604.2530810349318
2013,CU,0.07439473986721491,-0.9439421288305591,68.05644749829831,143.0271082221476
2013,ZM,0.04965138189775665,-2.345123216140209,9.917030336020085,78.7411063288717
2013,PK,0.08765193200181008,-1.2633982266459967,49.16642312080076,159.29779170064324
2013,IS,0.27890833321339886,0.02509613482067172,324.281149750021,456.2912168344908
2013,CR,0.15012658831438933,-0.8779571496883677,136.45058218980066,263.43762412203705
2013,PL,0.4581472714106939,0.3345161513074644,304.284305186589,596.1010559235328
2013,AE,0.3571907943096173,0.12487358015357833,296.78787904921404,542.7999287843382
2013,NL,0.6183287386589248,0.3698521733606677,254.27491973242428,563.8117052437732
2013,DM,0.10335548021479438,0.030792865777488517,114.83089853276078,192.16438596416077
2013,CO,0.17753036105985112,-0.30048833996440666,166.37998253956425,330.3462280851921
2013,PT,0.48110192535262086,0.0919361115424296,409.0904983105714,593.6436069585462
2013,DO,0.0929428040306753,-1.0433924476345962,54.825410926056996,160.92125827868946
2013,ZA,0.32818877375940575,-0.13272701532534112,320.3477800643648,489.9798260072147
2013,CN,0.33530419359103586,0.4063138220832305,251.7419754937252,512.1694866599398
2013,NI,0.05271992509153645,-2.2211866389093853,-0.627127004132708,73.99816883723257
2013,DZ,0.06918270512992816,-0.5031686828798964,71.92481038996797,145.74470212984266
2013,PW,0.011654647237663794,-1.1301566014919227,7.001358224369267,20.573200037952393
2013,IN,0.1544015791305502,-0.2224077011494638,134.25811452143398,281.86023523554763
2013,NG,0.05437321562807311,-1.5833587240535483,20.504826851172453,103.55353683078785
2013,PY,0.06667604275283001,-0.932782574047453,47.726805116710594,118.06230822641858
2013,EC,0.10923715320103461,-0.9827593596575477,80.18572228291222,199.68475551074422
2013,QA,0.203341385760256,-0.0023786183042248782,252.26314414374198,375.71101236312154
2013,NE,0.025174470286552706,-2.282967140400479,1.8508676056149378,42.50264089982739
2013,CM,0.07742709353189643,-1.3094849495317913,56.77436598894449,142.89097268084478
2013,NA,0.10529783411513928,-1.1744138955663137,80.80821628716818,179.06806589386267
2013,RO,0.3360997074529225,0.17564447633485678,297.5036274647082,521.2019649275734
2013,EE,0.4292621259928656,0.15595506486058458,354.98009189753736,579.6712440258385
2013,IT,0.5848095222090194,0.4897447210491803,214.35374642120357,591.6132168809337
2013,MZ,0.038968511089387495,-2.7349047732336964,-7.183453381258232,58.69446882219624
2013,CL,0.2608949292537601,-0.15616740462433992,266.2388210359985,439.87715999071366
2013,RS,0.31401131769108725,-0.1663873135766318,331.45146727836,485.8409565402424
2013,MY,0.3645870355057683,0.10549575420407609,312.7289817655012,546.8808161531555
2013,EG,0.15113601169939328,-0.7245809243604131,127.53870711929791,272.4283278859423
2013,RU,0.30026460709294195,0.6290161373929144,220.1366321808929,514.991112911517
2013,CI,0.0747570128133125,-1.2368847098562592,51.04691073591082,135.76767106244995
2013,MX,0.25967096526417294,0.02137610427565463,231.4814865701666,442.086343138848
2013,ER,0.01391577094742813,-1.817218197951729,4.78398150095653,23.77580687024424
2013,CH,0.5734766188508764,0.5919963505951218,184.28818649751597,601.5293485667083
2013,RW,0.029225459930052888,-2.9033249923247553,-1.7829599220456958,42.36536889126034
2013,AF,0.01888866443797112,-1.89800685483756,-3.6994750747580083,31.79101469406679
2013,ES,0.5640222421750697,0.3069943291492412,316.976684634399,591.0398526110032
2013,MW,0.03188861123336679,-3.0930468763106713,-1.9614705094468878,47.52929975052889
2013,SA,0.22278060610837255,-0.05807976473648753,246.74154770640183,399.2715716106693
2013,MV,0.03662863937844284,-0.7897798480988936,33.07788888818603,63.310413260686595
2013,YE,0.03475836583682584,-1.4628419997489739,11.7021903978488,66.01499556916598
2013,SB,0.015322850521785832,-3.1062845034284736,-8.150431487323669,16.435992702247635
2013,CG,0.048472880411926024,-1.621313767510481,39.50755718624763,80.64253900305555
2013,MU,0.19240686227353512,-0.35687841910584067,204.808527934416,327.35725130202997
2013,SC,0.1263938864433671,0.22473976880375918,156.01556143833517,235.72785804080837
2013,CF,0.013143291654065956,-1.9398769934945903,-0.21452136652101622,21.172508904762203
2013,ET,0.04049320233739777,-2.354705917695075,6.7927114671423725,66.87599725856727
2013,MT,0.2573922901997575,0.2885988476098326,259.9488329519484,452.3635171147297
2013,SD,0.031031571668625964,-2.2908299582572047,2.4479148251091933,52.82439712316439
2013,CD,0.016088427119532078,-2.8794717662094476,-1.276012391179723,22.61773551920984
2013,SE,0.5839313655079099,0.5322443300141911,199.654642737486,595.7474013815591
2013,FI,0.5455304909165615,0.5555525635871802,216.80476860931824,622.6102407069764
2013,MR,0.025254204502234874,-1.0917022320869791,15.68791808038968,41.858552275920076
2013,CA,0.5293065348707858,0.43389407835236216,259.1921217513862,594.7710014523245
2013,AG,0.07659483269056326,-0.39293410714407695,82.96242051948357,138.34642339870976
2013,MN,0.06534324357546922,-1.302321050177016,57.37006021603351,115.02171111252781
2013,WS,0.06165311746127109,-0.07424650053445063,67.38521694868342,119.96986165844102
2013,MM,0.030350942661517267,-2.5886461025835534,-17.78051723488049,41.91945073279879
2013,SG,0.513241084529246,0.5206459699323649,229.641257680102,622.5084915143365
2013,IL,0.45172992349414176,0.41753006841125234,280.8603202302685,595.4406172922752
2013,FJ,0.11196773775756123,-1.285450854940646,79.90130256663265,186.0267466845512
2013,ML,0.04121321375506594,-2.1389646106793476,18.401780305301223,70.79605195347753
2013,BZ,0.13116066376631602,0.1496711095037612,141.91803682447414,251.05509884039134
2013,JM,0.10187069860777774,-0.8975955976987722,97.04567132324127,180.31709276953558
2013,MK,0.15146569816748823,-0.867671112444976,139.89402237264397,263.90060509001967
2013,FM,0.010079093688286613,-2.2732989748535335,-3.8888269226670085,11.62711062030385
2013,SI,0.47439096504759476,0.3395307118669571,316.67990410035435,609.6657890949019
2013,BY,0.2640915853775858,0.38010817155692933,221.1351697804856,460.6046668926823
2013,FR,0.5940763577062558,0.5192082252105303,177.22908187939004,585.2478501317006
2013,MH,0.04687563650028332,0.06463141755724726,54.19473019730324,87.48453913353123
2013,AL,0.09573441502157533,-0.9845751161135522,64.10916232079578,168.34685512680085
2013,SK,0.41269252279404706,0.3100833046644367,303.07372696174974,582.7231024519866
2013,VU,0.03255050183921692,-2.159692404154784,13.136838136296618,40.98039237859949
2013,BW,0.06117649141631869,-2.0750834176307618,40.96528139233064,98.58794136132886
2013,MG,0.03436230853149536,-2.5746518871769295,-10.667468760456421,49.69069679916473
2013,ME,0.0902933865276177,-0.6118803653092776,78.46623658606869,167.89968562592483
2013,BT,0.024212094570937107,-2.406170683049485,7.519914411373307,34.29126135193224
2013,SL,0.025231728620038474,-1.3803031493248836,10.691621451510567,44.7546493877019
2013,MD,0.13391687720738152,-0.44909437768069876,117.31599640602666,242.4162814676522
2013,BS,0.12024231672956501,0.4080690251205004,154.14956981911504,232.71653018270342
2013,GA,0.07572860797007051,-0.8443277049840011,91.42625798101137,130.1600545438119
2013,SM,0.11661617123367977,0.002936111828789075,128.28041322043785,227.31878756351722
2013,MC,0.1780323389216847,0.7154951371201715,224.68689609730518,353.6304365894868
2013,GB,0.5896487421452861,0.5127078700761404,191.63919523943946,586.2076635393025
2013,BR,0.24202918905860893,0.005031321792598794,220.9585145220417,420.24234313462426
2013,SN,0.0761313387088725,-1.72497713510954,41.5630988987571,124.9894183151227
2013,MA,0.14560623786066548,-0.920245840303361,125.10484629020728,252.48083172817235
2013,JO,0.20098539589064376,-0.6015940322093406,213.93489842937242,351.0546251375019
2013,SO,0.007415587932627228,-2.367560425111366,-3.1794425653552456,12.520717236450631
2013,VN,0.16120154979426973,-0.6985746224791416,136.43731580317845,275.8566634873646
2013,SR,0.042383103621753994,-1.522395526605527,17.297281242208033,68.98162863375147
2013,LY,0.03752138331359092,-1.6415069049761277,24.514802266737014,66.47381020802919
2013,BO,0.0565670323394367,-1.9602201809820106,13.066712142451916,94.98305152625028
2013,SS,0.014815000242099195,-1.4923335254643386,5.109754243900496,31.036111769722066
2013,AM,0.10379346777786887,-0.33135552904911636,101.42867226656682,192.57744418943759
2013,LV,0.3329003389019568,-0.04364816103403018,311.6707077034182,501.7638329339414
2013,GD,0.04579460414383978,-1.4732104345844481,25.40940211170445,81.43649567696488
2013,ST,0.024610067606924756,-2.1693933211206002,9.817449493373614,38.07989626310232
2013,BN,0.06969591727045045,-0.6759332765670426,68.65696537421523,140.15021892477503
2013,GE,0.10911515742974515,-0.6953150524054452,91.96478788257772,199.2435418767228
2013,SV,0.0861832034517102,-1.1290185173952558,61.44546841219077,149.18396061080512
2013,LU,0.46496657709298833,0.36650806164167016,311.0898804833802,614.07432488243
2013,BJ,0.05919452624278288,-1.680968995166574,40.52115032170596,101.51986820811892
2013,SY,0.0576781406147131,-1.2762255136539176,25.350713395414214,104.10901610794714
2013,GH,0.07908649369991551,-1.882058903624115,46.10094568307421,136.79911708155794
2013,BI,0.01907440507600105,-1.4073343370149907,3.769057406457557,38.28225376723439
2013,SZ,0.07956335407931207,-0.9770338359358831,52.00582440973608,134.8969767279555
2013,LT,0.38893717142118167,0.057241927607582684,339.5810277245067,554.2370097553157
2013,TD,0.011062117242579227,-2.746350721515249,-4.443851819799856,17.30222734899457
2013,BH,0.1568387565084559,-0.6509280468149969,171.6357220043815,271.6424830855407
2013,GM,0.027974461163993315,-2.9861761926432386,-1.8738082260891171,39.36281824167998
2013,IE,0.4831407582404765,0.42237934049087494,304.97576357146085,617.1574492444981
2013,VE,0.08147379788220634,-0.19987690756761178,88.43157984791507,163.0019880117099
2013,JP,0.4768322901100992,0.9039497301740211,106.05335335135385,602.289159885868
2013,LS,0.028628218290749744,-2.4565758612644464,-4.963198684335908,39.396085309894374
2013,TG,0.06296529280098918,-0.9598874865626078,40.85580196750931,112.49537899141994
2013,BG,0.3674997043167306,0.1229861404358892,317.50867872286705,535.9121317913741
2013,GN,0.03448052773817756,-1.5156463650645284,20.61324122358055,59.81295189144508
2013,LR,0.01566029959124764,-1.9428048858321,-2.029492507552775,24.853550071644012
2013,TH,0.26432201129097543,-0.16851243691685505,244.09158181626782,430.1491501159323
2013,LK,0.10476714627154166,-1.4060559528990693,63.088413378294895,176.08233629384185
2013,GQ,0.011710567776854544,-0.6970319126426973,10.92847960752711,20.334159801283135
2013,AO,0.012172744936421875,-1.2135691587448505,4.927915629023575,20.786502672165327
2013,TJ,0.03367050255934803,-1.24041280459532,12.610071643621165,67.8250408997571
2013,BF,0.04075590180225728,-2.1946214446952306,11.755181288062577,68.06581960207909
2013,GR,0.40698251163395927,0.028883712764768126,377.7073723726014,567.6373880238943
2013,LI,0.1854718117969133,0.9154639096051318,218.8290194536126,376.3728190034791
2013,LC,0.07007432710070663,-0.006721400156188205,80.49885881463365,134.4152712270777
2013,TL,0.008867963307672568,-2.702305978364542,-0.8446020162681779,11.78111234552171
2013,BE,0.5978076317150562,0.378266060852922,276.2173901876072,579.2412280305019
2013,TM,0.00916514396665613,-2.2086414360623357,-3.935180664636198,11.965293927365398
2013,LB,0.23705133258516417,-0.41636284726343864,251.4587553211567,395.87169947330483
2013,TN,0.2103160634470522,-0.6082981937225403,223.86486444521617,360.9894088136833
2013,GT,0.10795367984510136,-1.294083141466588,65.28465838058257,183.63613940032246
2013,LA,0.044889064412106654,-2.1539025362264694,-5.860796272011077,65.4765787249632
2013,TO,0.020788214513382433,-1.7558994438979947,-1.5222961792965548,30.96950468726387
2013,VC,0.06658410417639764,0.01454750023407314,75.80090856663985,127.44501944245242
2013,BD,0.055391969016352,-1.5989864804173581,22.063191600624133,96.12220773940173
2013,GW,0.010575719682317892,-3.3343866947983196,-7.138422879515021,13.519472918444063
2013,KZ,0.13135773656212746,-0.2592493674172188,130.64000692946556,251.96228907981228
2013,TR,0.374301901033827,0.08401383977869874,313.8672365996253,555.8627291427007
2013,GY,0.06066515628630117,-1.2949530466377237,43.598751684710095,99.69472828522531
2013,KW,0.1667805295858745,-0.11477995161437071,189.27818351199082,321.0250501215642
2013,BB,0.15931416602234894,-0.03982269594360156,170.33334106109527,294.7077669940027
2013,HN,0.06573366805771595,-1.9175810866453906,13.031648229791195,103.2929151816888
2013,TT,0.09421740051700589,-0.956590684504213,83.93754836832312,168.36829730453098
2013,KR,0.47184407208860535,0.6580463349997463,214.51515478410064,606.7363358322688
2013,BA,0.1630486896491931,-0.4624310894222639,150.72916801721186,289.17749456458614
2013,TV,0.0118873574320622,-0.4277394081745511,10.321838265832481,19.12721723245313
2013,HR,0.3520367407017665,0.0021043285169304758,345.397517560802,523.3088320965587
2013,UZ,0.043511720363841835,-1.3246223714093304,12.302392116142725,78.87396451895114
2013,AZ,0.06853485371362396,-0.4446155296626063,66.98085655108932,137.28639818806772
2013,TZ,0.05649085497202096,-2.393174544070579,7.485923088318074,90.6060215439889
2013,KP,0.04606719435536525,0.143941874578325,44.027521936617255,91.2274856771575
2013,UA,0.26199935427661736,0.47460362419178515,207.672910842013,460.4362301039065
2013,AU,0.5083133134717052,0.39973010362380357,300.4767847395712,612.9135707086119
2013,HT,0.018673243377405283,-2.53367857808112,-9.776840666080604,26.6022103893306
2013,KN,0.07344983713447194,-0.3619592691045604,90.69203762179032,132.94600114001224
2013,HU,0.43021106337680654,0.36454347369963636,293.8510911321307,588.6964682034861
2013,UG,0.053725240368294284,-2.5541005076486396,7.161015260821723,85.13530947717798
2013,KM,0.010062589313131498,-0.7594344328938211,6.669275804873481,18.500794636554147
2013,US,0.5719068857529984,0.5118529745549678,196.78080411351422,577.4149458446345
2013,KI,0.008863280117356077,-2.329258189679399,-4.066363493660552,9.935752448239633
2013,AT,0.6043562827515059,0.5385613538183273,167.49215930464757,580.6749646556326
2013,ID,0.11956420850942844,-0.8249404650779331,79.95409750875949,207.73570525007972
2013,KH,0.05615968844595463,-2.113433891853518,14.718935790664085,83.72721080982895
2013,KG,0.0643062060045504,-0.8963944207448269,32.27211817494359,117.72593313819216
2014,KE,0.08731186134026737,-1.8271114178579912,51.51045005409942,148.58142084929838
2014,AR,0.22947977369961978,-0.24112525957337472,235.4488175573255,405.9036750492922
2014,UY,0.20574798219450796,-0.31670227927155686,224.93738080698483,363.37348903163735
2014,OM,0.129745147264343,-1.0369144889374722,118.23512845597898,237.1537176917247
2014,CZ,0.5023672562855659,0.4625340924400983,277.46685987535284,612.8319693447221
2014,ZW,0.05982267949362764,-2.050898701119927,23.5208849630754,101.07937729270976
2014,IR,0.17583184257064494,-0.5622544353938227,189.09711140998462,322.2975196236197
2014,AD,0.12892525217829212,0.26839802139438895,157.41946208984663,257.65007821977315
2014,NZ,0.4794513927944214,0.2663841521525186,368.42453877658835,615.3492620476586
2014,PA,0.22824238086453305,-0.16431276806098372,241.40835809569282,385.73406188430147
2014,DE,0.6277454359808241,0.6295133013661028,78.17032029444098,573.2089272014495
2014,PE,0.13153712625412414,-1.2935282584727592,88.81506359158512,223.60716754064944
2014,CY,0.3844435380874326,0.1511175060426481,348.0229867106431,582.4975640468863
2014,NR,0.02271406949735884,-0.43132593172489836,20.008195705864985,44.01638220385971
2014,PG,0.025177886666976467,-3.3295106586562064,-12.59445549608144,34.31902112643485
2014,IQ,0.03926911043035808,-1.133158992486242,33.0815498076578,84.19274873733778
2014,DJ,0.01890519247175586,-1.299539545416145,7.81533022307036,34.49057030585885
2014,PH,0.11025071687679858,-0.5122704716040414,79.84814810485135,211.5741773725643
2014,NP,0.06060040086189102,-1.6517082996821244,36.58806324019578,109.25608096455052
2014,CV,0.021723986130026397,-0.5159246413329953,15.138103554631417,40.64894345986148
2014,DK,0.5708384832448278,0.38821085480822437,308.5021290902831,603.4076928333637
2014,NO,0.4644178499720771,0.42288780311086854,335.5682177871882,612.2223300771551
2014,CU,0.07081192686925364,-0.9630083902058639,63.49531559628302,141.3890847554224
2014,ZM,0.05115573794178653,-2.3112482991255585,11.347872146595915,86.2205413137814
2014,PK,0.09191190308576976,-1.1563348182962687,57.62707662396788,171.68910578300034
2014,IS,0.26760362964180123,-0.10298546520491882,329.3189401761298,448.0550918669811
2014,CR,0.16338602880513844,-0.8417906976284284,158.55039678754648,290.035627493851
2014,PL,0.47139190294491895,0.380349966184496,306.31029591920577,611.706833380719
2014,AE,0.3764483515701523,0.1577241486588376,324.1510655549883,570.859684921983
2014,NL,0.6222138420227002,0.39464805804623715,251.5898149344194,570.1709178748844
2014,DM,0.08140148197999476,-0.3611937413978122,77.76393873341156,153.49377597683684
2014,CO,0.18533968937750683,-0.2898988899205011,179.2532870180245,350.06852701435866
2014,PT,0.4884552154312388,0.12252846904910242,417.02937144333805,603.8684568546415
2014,DO,0.08451884004080236,-1.2513019579005773,42.80779000826664,146.76616017035425
2014,ZA,0.3307828123821102,-0.1466396128730296,336.65750874392285,499.66061775716
2014,CN,0.3433126317492325,0.4411332056524943,260.56765136083004,525.752738588138
2014,NI,0.054137955082666674,-2.1298648489844547,0.296493075294926,79.58398722604089
2014,DZ,0.060409584549609124,-0.621627928929004,60.89113467813123,130.7042112791525
2014,PW,0.013015459529110582,-1.185015561226123,8.954766183803677,19.651759491464354
2014,IN,0.15743168871937233,-0.1510919315629267,140.50439260854574,294.97269341445093
2014,NG,0.05371201578902027,-1.6583161181040305,22.413595911408137,101.65320705480514
2014,PY,0.07631470558368578,-0.8901377546158994,51.105311355062625,140.27831710141655
2014,EC,0.10923257756489684,-0.9248588596880096,79.88099345650029,206.4384841956661
2014,QA,0.2148964667942075,0.03396758535942058,270.04707954234044,400.18844244334656
2014,NE,0.026078511972829038,-2.034273562505558,3.9651907525998356,45.330925373572235
2014,CM,0.09621318349890487,-1.0439748447420896,89.0599684541357,184.1166819532108
2014,NA,0.10487550604402404,-1.3390570003431452,81.65894865612508,175.87685194978295
2014,RO,0.3464199660908223,0.2533459037046995,298.7969263517999,546.2292549261691
2014,EE,0.4298899631231472,0.13247510888069539,374.77744407045384,590.08075728061
2014,IT,0.5822059586236554,0.49141597148471405,228.9029252057926,599.5304048634994
2014,MZ,0.035740586808362736,-2.683851076848332,-10.518454910050892,54.92258778144943
2014,CL,0.28563911912601747,-0.061783796921246095,294.09534147525324,484.5112610586604
2014,RS,0.3281448059864494,-0.1740176207939726,356.1117055054505,509.3396808876501
2014,MY,0.37355081430635056,0.12434697934999196,327.14714388979917,561.754969466874
2014,EG,0.1493585101403005,-0.7911403039500168,131.21991831494853,273.1929427726654
2014,RU,0.3005996624801041,0.5842673433978237,233.7598292688588,520.7951844647462
2014,CI,0.08914760402164378,-1.0217850206019692,73.00463117615827,166.29250329394554
2014,MX,0.258225925919371,0.035812929785727726,237.32809454988063,453.27253561085354
2014,ER,0.010445485190039756,-1.442742026545181,5.7616011089081445,18.549815819447577
2014,CH,0.5714081966415253,0.6087701127941567,191.02779493069258,610.7884819369204
2014,RW,0.03582315513125172,-2.7392396773513545,1.351951747262436,57.458000403600195
2014,AF,0.025253461965879725,-1.1542639214575159,3.4507722830391097,47.92277436956306
2014,ES,0.5628586772077107,0.3027043379593012,335.1246352566797,599.9244113723504
2014,MW,0.04156695804431336,-2.7078275046086318,8.174503472103906,66.66192079261425
2014,SA,0.22268338935836193,-0.16262895261085578,261.41539454552924,402.97883114309667
2014,MV,0.022444377521492784,-1.1220544853585666,16.64476361372562,37.6257869880083
2014,YE,0.033983221499341625,-1.8518415157974835,5.457141850614164,61.735112772656066
2014,SB,0.013382811125348299,-3.0009735652948972,-9.073229319443744,15.446511891486129
2014,CG,0.051339888378196696,-1.7686428272890007,33.80529042054349,85.73955695506349
2014,MU,0.18256751707034885,-0.31769999198481,196.80498933653502,318.3936523458355
2014,SC,0.14116967112947099,0.5089038190157,175.77434363078495,280.86889654261546
2014,CF,0.017289604883464805,-1.50372179327274,3.089247292238448,32.11107577000687
2014,ET,0.042885361613127754,-2.290717079814325,8.373730858382135,74.06370658527565
2014,MT,0.2823851863790284,0.29182699638071014,277.28956206031364,496.31988394740046
2014,SD,0.03326263236033432,-2.3544999512150726,2.9250870811016743,56.00886647735065
2014,CD,0.01710551567544952,-3.1975657416546457,-10.38491483128541,25.605386133942055
2014,SE,0.5859158147042377,0.5408981451117695,210.61738343467258,604.1026995371213
2014,FI,0.5462359218899816,0.5538134784136717,237.47466916237104,629.8670122083714
2014,MR,0.030838009298313526,-0.8158042953200926,22.559520506852476,54.67730580779173
2014,CA,0.5300959231465053,0.4379442197851838,270.8928762865178,604.6090298576762
2014,AG,0.06552715470928595,-0.553926109971401,61.05887002401887,126.76286433840744
2014,MN,0.07160519580933462,-1.1358452163571437,61.73005066017815,134.8371938076275
2014,WS,0.07468898761767016,-0.141745273628857,83.97126986364917,144.8689707290973
2014,MM,0.02734640161189874,-2.753010329052038,-22.490371972771555,37.066643482890655
2014,SG,0.5161486613556493,0.5303424526544144,243.64634387248688,627.1759647907968
2014,IL,0.4479643489886877,0.43852655318283107,287.3974275536887,604.3150730124474
2014,FJ,0.11035482856560577,-1.2222864306214978,82.09621053612763,186.52532011369223
2014,ML,0.04463786603454827,-1.6226629584454195,28.07545819686976,83.32587670874203
2014,BZ,0.15189664857608737,0.1888844537049591,157.99506122567965,287.42319673614105
2014,JM,0.10247806890047914,-0.9439197772674122,96.032048386546,184.05561772794962
2014,MK,0.15520428210508636,-0.7732794718111875,149.87802570079464,278.6083670673674
2014,FM,0.012066992642306415,-2.1038232586559937,3.8408372149471806,14.9765639608708
2014,SI,0.4801629139898969,0.3585404639185297,333.1448911849835,622.4576364518605
2014,BY,0.2466282406788467,0.25905402941114775,233.88783710254842,444.43028724474254
2014,FR,0.5920497576589547,0.5379386974088739,182.47797236367745,593.3108767676134
2014,MH,0.06674674286530217,0.719047029826768,87.42891712493464,144.11892663003428
2014,AL,0.09764566598559317,-1.1457251613409134,70.57209662780714,172.20363478131563
2014,SK,0.4273230187632558,0.3251776326819478,320.7022299186967,601.0054680486808
2014,VU,0.022192626349332015,-2.528104068777485,-1.0798582271306811,25.475978655939336
2014,BW,0.05904753178784691,-1.9762398135758952,44.81692072556284,101.08485883983835
2014,MG,0.0414481312725768,-1.8780486237270282,0.3673388407776691,67.59597388776308
2014,ME,0.09383833747108374,-0.8593520953014171,79.75001082378978,178.06955837789832
2014,BT,0.020694364166585967,-1.9910146295573716,5.4218438618253115,33.634414024906455
2014,SL,0.030726381100052685,-0.7224517289045991,17.08660261265971,60.969446424494656
2014,MD,0.13054971390187364,-0.699870693237819,115.15410897918235,234.8224794865133
2014,BS,0.11132071509853504,0.3660319586044526,142.91587295755082,221.1214266209912
2014,GA,0.07211215244895407,-0.6585970663252286,79.53994929367815,134.94293116279331
2014,SM,0.12809891864478037,0.3155494191089209,154.8778312347479,262.0591239251273
2014,MC,0.17879136920991798,0.6004606568714197,235.86288959413878,357.86465318112045
2014,GB,0.5915443095764651,0.5218551800885108,203.9941924705676,594.1975120049693
2014,BR,0.2471023854492553,0.03654120926125618,223.55539729209815,433.35174821118864
2014,SN,0.09273886933732713,-1.4601466383759474,62.877323701506775,161.26571855493026
2014,MA,0.16916113046422138,-0.7184935732650024,159.36028638027395,303.0831351302096
2014,JO,0.19541475709741044,-0.6228389947631481,216.6379465518928,346.768050562056
2014,SO,0.0069094809364760685,-2.845882257969655,-6.833439212799814,11.069912111691677
2014,VN,0.16771933099808561,-0.5988191653950232,148.78670195500573,288.9366739771806
2014,SR,0.04102342304588963,-1.5868965321331803,10.673450718403112,67.82827361226386
2014,LY,0.041498525830037956,-1.672975683003408,29.406714069885155,75.42790799129693
2014,BO,0.053008396552774124,-1.9987776450995507,8.12930871310466,90.64544017449312
2014,SS,0.021592923637020707,-1.7557280382927227,8.220026005817264,44.55531726116125
2014,AM,0.10862146895548741,-0.20975438336141133,108.70802625440444,212.7199087032941
2014,LV,0.3456957943239869,-0.07178796508751868,335.024987333178,523.8073269885896
2014,GD,0.048293671335167355,-1.4876087194609533,26.542711076954618,86.89400499450912
2014,ST,0.018253477548619584,-1.7890917057788593,6.527168222082497,31.839457885845377
2014,BN,0.0940121539227612,-0.8676901822970025,101.6756422875526,178.071202163668
2014,GE,0.10816791391285194,-0.8376789092560725,95.13449485440579,199.3185655583996
2014,SV,0.08679659340421617,-1.0579702694118724,61.933292932970296,152.65256450313586
2014,LU,0.46672355174932567,0.3771872521181156,325.9352986867044,617.4640738631338
2014,BJ,0.06703762207051557,-1.5571835572625297,52.258741746407935,119.23884909042032
2014,SY,0.06005787689409566,-1.4341254840537052,25.198055987551342,109.72403516213629
2014,GH,0.0828583040296897,-1.8668103985777618,48.724988443741964,146.1181326557176
2014,BI,0.022461789172279874,-1.5491858864305006,7.07465328060978,44.05262193363233
2014,SZ,0.08523338340495606,-0.7001702048147377,71.75723256830484,147.51791864404944
2014,LT,0.4022472131663094,0.050347858235777476,365.66324185357047,569.6863364458839
2014,TD,0.012392882557386476,-2.523984582651998,0.3549876362063035,19.792366483101624
2014,BH,0.16330539818759607,-0.556095786620234,183.8822623532792,292.37417911401695
2014,GM,0.02793447165796856,-3.0213491024054147,-3.61809910274675,42.50838014176851
2014,IE,0.48815530908523636,0.3969194954853063,326.9237670082186,626.7156381288991
2014,VE,0.07769416830368986,-0.12199195581880763,81.12565362687589,161.0438775089298
2014,JP,0.48710622162406014,0.8885728858993327,121.49692821673624,617.3086874161506
2014,LS,0.029226843538926146,-2.079515572455393,-3.225075162611122,40.945143691417535
2014,TG,0.05525086202183827,-1.4751919677802905,26.92336316086108,99.30791161074909
2014,BG,0.3897374937963309,0.15425056014263228,338.0052058528866,570.0151689966699
2014,GN,0.033630497531244814,-1.8937187153689299,10.651670847213092,57.53139144749527
2014,LR,0.021389257942742296,-1.2101803958831452,7.155752652058872,36.675863024475134
2014,TH,0.27543946541216074,-0.09511664562198502,254.53016721345222,450.2875693481295
2014,LK,0.11590491993689901,-1.1760433661184304,80.39983899569668,202.8639640192911
2014,GQ,0.009556008428895646,-1.2704063161730046,5.813536109443134,16.257164225713225
2014,AO,0.018713709609316193,-0.7682090845595,12.953572753796463,37.12587508748289
2014,TJ,0.03828142127401957,-1.212636865745288,19.20990835111169,78.44574616696393
2014,BF,0.04180349863311785,-2.2243913356602505,11.626462660223083,71.31482164457591
2014,GR,0.4095383522342127,-0.004639448572018161,399.2645274332383,578.7704778596307
2014,LI,0.19730623058164415,0.8869638534709636,234.86653340423845,401.4997760327417
2014,LC,0.0745410261561712,-0.1925390663437038,80.58762576693451,146.34506223063065
2014,TL,0.013575434799499188,-2.1632184181624323,3.059887928800801,21.36032489811318
2014,BE,0.5950320052435957,0.38765671816596053,289.2893548690264,589.009202027708
2014,TM,0.01179172337321321,-1.9547051411936378,-1.6019976873914101,17.129246412853337
2014,LB,0.24107054061086758,-0.4358129417923434,265.7632213044624,411.00014854806363
2014,TN,0.21774339679050356,-0.5622455871047312,236.1675879716188,379.77984724898675
2014,GT,0.11346088447574017,-1.2158431179830804,71.14554562672335,200.5255424435066
2014,LA,0.04990656338003563,-1.835732024553533,4.2472549724830335,77.97521642442962
2014,TO,0.01917519837655171,-2.373428601071904,-5.425263346958443,27.280560760748052
2014,VC,0.0771845046624743,0.14901706171305049,90.79922216865636,151.84436681683388
2014,BD,0.05675406211659005,-1.610274822714048,19.763611310169384,101.40426223579902
2014,GW,0.01789000719971403,-2.736244014859104,0.40340152090474474,25.26582180548771
2014,KZ,0.1284333394933252,-0.2553095761269315,122.73178405418376,250.5386728343872
2014,TR,0.3749609118693009,0.07911976317895898,334.39509272006035,558.9786333781838
2014,GY,0.03908204300549336,-1.527606800865944,15.417501485056412,63.53087997664759
2014,KW,0.1514889053165399,-0.34223738375083906,179.17042219773893,291.7774785022715
2014,BB,0.1561327643324672,-0.0955159195955613,173.70914308485345,291.7502100174077
2014,HN,0.06666872783712227,-1.6869110928381652,15.620920744833727,109.2863702235317
2014,TT,0.12148325802489224,-0.2534037290914092,123.475229676812,230.0528665279567
2014,KR,0.47560878802717554,0.668479220883161,222.1477538215554,615.8702505760476
2014,BA,0.15435555097711182,-0.7094775966833885,146.09917346746224,276.22545364588836
2014,TV,0.00865831090856675,-0.31682272973831377,7.011610680132208,14.728267233963354
2014,HR,0.37014307672657804,0.010246776474129566,369.35590521730177,549.2510585690582
2014,UZ,0.04909297330421183,-0.6964834973820274,24.811176904278806,98.30831625708917
2014,AZ,0.060413221371133766,-0.8001188476122633,50.795833041613484,120.24576867287635
2014,TZ,0.058322339401098884,-2.486658326949808,3.464615968798608,93.8141323146857
2014,KP,0.04800404951938914,0.21261514860988917,47.434058382231775,96.68127420507325
2014,UA,0.25474121221272233,0.45463358382044305,214.15012508016767,462.0781651684721
2014,AU,0.5009781104926458,0.3570956781456483,327.6812286782164,619.2570648194902
2014,HT,0.01867054518120514,-2.676143734679597,-14.888519671887677,24.549874690369833
2014,KN,0.07960091517297492,-0.3801175469354847,102.2196941942209,146.11612192835838
2014,HU,0.4418928175127921,0.39622672696759803,298.6139804881154,608.4438453390426
2014,UG,0.05741031106717428,-2.482532381714955,13.73512299655698,93.66696578533221
2014,KM,0.01008492672088563,-0.6651624596573942,8.284499698154413,17.902492594847164
2014,US,0.5690846484214133,0.5252258794236049,200.73277990306946,589.0204994489629
2014,KI,0.012207598603095367,-1.3891100476099458,1.957062722914685,18.64009771958962
2014,AT,0.6040595477480237,0.5514592859547283,176.9429620004812,588.3937121012158
2014,ID,0.12476947570484148,-0.6872404935832378,85.95172585982124,223.7375107191521
2014,KH,0.05790586057570627,-2.143819101314779,12.626933665298159,87.512255441171
2014,KG,0.045743461915849284,-1.5242264992377503,10.436490301960454,79.18958072706931
2015,KE,0.09214948238293144,-1.809555807867385,54.39570712326077,152.07992337304822
2015,AR,0.22432977147633962,-0.2389020556992553,238.57392642398787,385.5455728479123
2015,UY,0.20768602830361632,-0.2828290530567202,230.1821016510974,360.92998172966463
2015,OM,0.1350350632244805,-1.0792184151858604,129.0397217635154,240.54617614704327
2015,CZ,0.5059188491379234,0.48937160215784836,283.8847084573639,595.9103574655494
2015,ZW,0.06345189875695166,-2.0679303478557713,27.073988380192667,104.17326058498764
2015,IR,0.18582888769004116,-0.5101244051981725,200.8120134253736,330.25260765560745
2015,AD,0.1518779652497506,0.3255420740121617,185.77140586371362,283.14824063015493
2015,NZ,0.48035983445376335,0.2711995984312062,381.7566485350591,590.7820020452926
2015,PA,0.20797039053679575,-0.15047901092344948,228.08548204667645,347.1925612992929
2015,DE,0.625129526259751,0.6435405749610333,83.74079249914007,559.496132736326
2015,PE,0.13361939192239547,-1.2861803174863897,93.9976524223353,218.9254673636483
2015,CY,0.3703094204755665,0.12607065639967982,366.70050053557367,549.1127938466848
2015,NR,0.020247090129491933,0.0771188192090524,18.84147497721485,39.882753445359384
2015,PG,0.028611196726318212,-3.0416402157479223,-7.146174602440101,40.61533192278057
2015,IQ,0.0445399206009693,-0.8231370135329147,43.53981911165346,94.90283873253118
2015,DJ,0.02830275455107156,-0.42769403781022336,28.080229032767072,55.016902205224106
2015,PH,0.10670069704569408,-0.47513246247520036,80.78360768208161,199.556617920306
2015,NP,0.06480192167325882,-1.474569457488549,46.05010760168496,116.18122275491253
2015,CV,0.022591121736885534,-1.7225410771884302,2.3180395584219333,36.98169510303704
2015,DK,0.5729186201837498,0.3927500497120855,321.03602589069504,584.6147359105887
2015,NO,0.47163934625587234,0.4503097454112628,336.32776415475917,592.4961423080229
2015,CU,0.06680999118636319,-1.097900767297734,55.64591458852363,130.42694393395362
2015,ZM,0.04916056313274803,-2.268507268066279,11.816527038500505,79.52610281764412
2015,PK,0.09627227224329817,-1.09604431071714,63.51888030136203,176.118105129832
2015,IS,0.2687709596652941,-0.07757913176795975,329.89473141255803,438.3909623343697
2015,CR,0.16708155334225416,-0.7959516665899861,166.93665949079957,291.59675248744475
2015,PL,0.480960686569329,0.38292013770312094,316.1812564223797,598.9515704615709
2015,AE,0.38189769208627183,0.058816633128623855,359.59374815115353,544.601942424054
2015,NL,0.6221794110672129,0.3967878838467127,263.8820322595373,553.0383780349148
2015,DM,0.06642164813166293,-0.5643254757696168,57.4431640019868,124.94617439637283
2015,CO,0.18730268781413928,-0.3237578805230614,184.94151147636578,342.6279675156766
2015,PT,0.48649038038582537,0.12956598103455877,426.3408677281043,588.873443869463
2015,DO,0.08850101187690242,-1.2503030620592306,42.49511351493442,149.61138749708226
2015,ZA,0.3199343827971912,-0.20877577687589619,339.54826038801696,476.8059813363669
2015,CN,0.35444537570660756,0.484410170774614,265.4948137248201,522.0661967309111
2015,NI,0.05647552136156549,-2.012389306209097,9.282892802581486,82.09461209324728
2015,DZ,0.07231844618754425,-0.47180915380711197,77.70221530842882,151.54844813883477
2015,PW,0.014417624084931134,-1.1049961451391133,8.288996777091109,23.262987733768437
2015,IN,0.1586893558551269,-0.13162133215834823,141.54717955910849,288.73859777129843
2015,NG,0.052984281186282546,-1.6726477198471397,22.042243046346353,97.82470973270271
2015,PY,0.06920193561724237,-0.9623161532434017,47.16087533416065,124.35214090250737
2015,EC,0.1121917939140602,-1.0845848567047955,86.33786298334653,203.8069441674445
2015,QA,0.2194850972659865,-0.20034383331514755,291.2997701532926,388.28657197969665
2015,NE,0.023633139110809654,-2.2262080592655042,0.8284758946501081,40.2735501786369
2015,CM,0.08972556469897215,-1.2972325386457408,79.73366443229038,160.07362943971745
2015,NA,0.09514710182220901,-1.3877987235110014,70.56027301666492,157.1027033858675
2015,RO,0.3475439507772752,0.24530188420749144,308.132273534507,531.4783994972555
2015,EE,0.4256720472930073,0.15267450185163664,373.0835424858942,578.6307935794885
2015,IT,0.5821133207665122,0.5108049663436475,233.63691560225925,583.4236479245666
2015,MZ,0.04053906253206981,-2.37984254371575,-4.540866997040528,63.224045824288034
2015,CL,0.2874285642122383,-0.05094609504737005,301.99286006197354,473.71842269328977
2015,RS,0.3296852497748519,-0.14526314274719823,355.7975968970559,499.88332219404765
2015,MY,0.3770895706682548,0.13035374706089764,332.2704689576116,548.6328183797045
2015,EG,0.15197267499883244,-0.7758911673233694,137.85179891466126,268.70628197814244
2015,RU,0.29897630588539276,0.532383165891482,248.52134199115025,500.8980949722852
2015,CI,0.09152371949768395,-1.0211137608092549,81.49975776109717,165.97410949362072
2015,MX,0.2622410120149219,0.04805855150170084,245.88674358921608,444.7572921753367
2015,ER,0.013498355425008664,-1.477168062402844,8.363675836878071,21.927585054237817
2015,CH,0.5660641621274648,0.6119737162887747,206.36404122939675,586.5581222645209
2015,RW,0.031182217813454885,-3.0192776458432222,-3.379742659459528,45.03962854828568
2015,AF,0.018490247853812553,-1.7832396680079496,-1.6600085983664137,28.998439545325233
2015,ES,0.5629112775354483,0.3171934814827721,337.6488471825492,582.0316594615946
2015,MW,0.036882674845311963,-2.763008821427094,3.26395609349618,57.257340559327595
2015,SA,0.2599741302252997,-0.007919022085930016,292.7782044252583,442.8939059821196
2015,MV,0.028119145795365386,-1.101110012657586,20.264206906041434,46.25404400726032
2015,YE,0.03488359305073378,-1.526210147231214,8.002835099390653,65.80243684489925
2015,SB,0.020405124864144787,-2.689771474651246,-4.288523890668196,26.051467850307674
2015,CG,0.059200393696705315,-1.7576383578664962,50.30840142740633,93.10413385792494
2015,MU,0.18933963875956486,-0.2534432981064516,219.64961622827082,321.43397756976964
2015,SC,0.1340947554695526,0.5116324821073664,172.74434146416806,259.45751238679543
2015,CF,0.013294739944435039,-2.4404221243901687,-4.837333406545978,21.92241864537478
2015,ET,0.04090601980121185,-2.3526281846291277,6.11225659403349,66.39616839171141
2015,MT,0.26961773397566086,0.21015369303522377,293.51833528277587,459.16590203714287
2015,SD,0.0284215854978741,-2.510107686759619,-0.5441591702408144,45.42700568413878
2015,CD,0.019083476879120747,-2.6469658928684647,-3.05736712754723,28.815551463323846
2015,SE,0.583050796629485,0.55585342239151,213.57861420512904,587.3793314591624
2015,FI,0.5455041376528856,0.5674143269443972,242.43494222089126,608.0738392986323
2015,MR,0.0208317208790134,-1.31566925612373,5.78401048739099,33.599288830512315
2015,CA,0.534871459199991,0.4326568465640924,285.32062035851607,585.8813349750749
2015,AG,0.06710328137368858,-0.5686896998394676,71.11279062888076,121.7016912269587
2015,MN,0.07138701404258327,-1.367200645277462,54.658293599281784,126.00445811899955
2015,WS,0.08907432836938492,0.17020776650861866,112.36709153974532,177.40798652252016
2015,MM,0.03147272016303816,-2.6809227941195064,-21.65685922363329,41.29535463078914
2015,SG,0.5145630218421411,0.5150994288636696,262.10217198924624,604.5212103007589
2015,IL,0.45439313661920455,0.48199338423897564,284.3864408749836,587.0899932818935
2015,FJ,0.11524647623129956,-1.108975645215229,99.66288888937503,198.0900513102455
2015,ML,0.04309985380680494,-1.7761604373150903,28.816983104241874,76.36022502457433
2015,BZ,0.13989494152863938,0.10816484912991411,156.95378697474115,261.8123330678982
2015,JM,0.10161209566594337,-0.8987448872470478,92.79771241239357,184.7767512368813
2015,MK,0.1615762334795606,-0.820293855803371,154.35774805288452,284.24406879523355
2015,FM,0.009472664768184662,-1.251887472202193,5.8815944074983655,13.303839828699752
2015,SI,0.48911917810918437,0.3969717463684266,324.7058023781869,608.1532543226758
2015,BY,0.23779268648815816,0.32464951860011865,227.22621969061174,422.76462409624656
2015,FR,0.5884267631816982,0.5437998864424255,195.26162772332793,575.6755278279791
2015,MH,0.08680370720264292,0.539762678838222,130.53502157315637,171.09535724361928
2015,AL,0.10394902909776765,-1.421652402980169,72.20279582423649,172.01411472375312
2015,SK,0.4159532622716689,0.32906488819242546,324.48254079467273,582.1432730813668
2015,VU,0.041254627867361574,-1.0337043423986496,33.88639510467505,68.64385460334626
2015,BW,0.06619326329455694,-1.96588120921211,54.548312356996725,109.39061864851787
2015,MG,0.03462759993964569,-2.4746873336745625,-11.942390367274681,49.38059948225371
2015,ME,0.07639703214378951,-1.1049791042209205,54.955077856926486,142.21005562686952
2015,BT,0.02295712367466812,-2.4704590266559507,-0.032030918203477254,33.90120507488288
2015,SL,0.027531842682494517,-1.2514785646402011,10.313236777992236,49.55728895242672
2015,MD,0.1260284189662248,-0.7514857796999,114.88043597487011,218.7114442528556
2015,BS,0.12495699343127155,0.3288948613775764,171.52771689949887,236.57307408562886
2015,GA,0.06952077851764513,-0.833961293058787,76.15540550420074,126.58965986088226
2015,SM,0.1338330433396701,0.3650238341419922,155.95817809911122,262.4467033267873
2015,MC,0.19775481676389042,0.6772529945404049,259.21806491668536,382.9944366353591
2015,GB,0.5886556247305179,0.5270610793062579,213.62574920084253,575.7568496690322
2015,BR,0.2468357794715565,0.004635871119024611,229.30192794779697,421.17864630950675
2015,SN,0.10138919182868285,-1.1278412590008318,85.52157173285181,178.5940662759842
2015,MA,0.16754385025177485,-0.7195085523249831,164.53902654240665,289.6770573425751
2015,JO,0.1884467399533244,-0.6627505630514209,204.00467457804274,328.0918472998579
2015,SO,0.008563518368269494,-2.8351634609189604,-7.311179580522547,12.493826987561041
2015,VN,0.17226246919301744,-0.5114180972108223,152.37372813780883,289.0311153760584
2015,SR,0.044587532845108,-1.3749251498410986,18.163777449631976,70.48361415476971
2015,LY,0.03589972293516895,-1.8787269614149846,21.267627045582753,61.951601483862476
2015,BO,0.05431026118273316,-2.0345561861995223,13.937511675846446,88.72357174382434
2015,SS,0.021922112891308736,-1.4161543667183445,9.499553412008593,47.247756461726624
2015,AM,0.11898719233011963,-0.3982424749420259,122.08954064275497,218.99468308171285
2015,LV,0.3509137750394463,-0.06125058862385731,348.02517198692385,521.2572935000318
2015,GD,0.05141300689800975,-1.2800299677235245,34.385084363471684,95.82843828617595
2015,ST,0.02059975618883324,-2.4967752590907377,1.1241342064994622,31.80503556546165
2015,BN,0.09561323722075717,-0.6349254887119651,115.83282836431091,183.62309203215773
2015,GE,0.13046977582045727,-0.4821685520868632,118.72961725057209,238.23046631131388
2015,SV,0.09358242779995359,-0.9544996226370246,71.562942349014,164.25808374901467
2015,LU,0.4762400679299878,0.3944974725307067,326.3166420971664,602.099169807014
2015,BJ,0.06501455268296111,-1.6019483483500496,53.78861576075851,113.43695407698081
2015,SY,0.05609404001796387,-1.3169755634397433,25.7437295257841,101.09406740682643
2015,GH,0.08292138655621648,-1.908870290967571,49.01179611419361,142.99119785955878
2015,BI,0.020899608149775418,-1.8334761101079604,1.6414091354187388,38.32643846129039
2015,SZ,0.07627351884068061,-0.5025722863407032,65.87422196175709,133.87970638674176
2015,LT,0.40368215593436985,0.048368218452743694,383.9544039499516,562.5128707152959
2015,TD,0.005998155577649801,-2.510013506933909,-2.1779569396559566,9.938246556552157
2015,BH,0.16456383107729916,-0.5885472039281581,176.44510270031049,284.8184028870885
2015,GM,0.026683344852997018,-3.11619054743802,-1.7728213926630643,38.626223572117816
2015,IE,0.48502715624992465,0.4334322841901022,320.45525963622106,600.6696961433469
2015,VE,0.07221815963275899,-0.2624431039183428,75.81197986716037,145.06679490367281
2015,JP,0.48984261108304467,0.9030690395734852,123.50648897797495,597.1202338169282
2015,LS,0.0297593394396666,-2.0977016700523774,-2.9659591446012765,42.43575502768198
2015,TG,0.05432113139990459,-1.626831575674718,28.433481068822395,91.33619085349206
2015,BG,0.3899202014637285,0.18075937444835613,335.56234136842505,555.6064621010198
2015,GN,0.0412786574665915,-1.9226650456828915,20.493612878766967,67.36026227984928
2015,LR,0.01750381907083851,-2.524097071742036,1.470459832980807,23.601018334984282
2015,TH,0.27767545324458476,-0.08094316303388549,260.65156540925835,446.7326832255353
2015,LK,0.12364397849915312,-1.048567501636214,89.44798707266523,211.4556906521285
2015,GQ,0.009375937861997679,-2.1250516960131423,1.7472696784947628,13.14805052578596
2015,AO,0.018945867061573668,-0.8575777653151312,13.94406329490854,36.000885019308626
2015,TJ,0.03357288195709728,-1.3349463625269637,14.76832674839773,64.45384987100091
2015,BF,0.03913133606633222,-2.3563821098769235,10.885075001343056,62.37385532473421
2015,GR,0.4096937121387654,0.022894523333506955,404.8638678056806,563.4546046810977
2015,LI,0.1985660158602054,0.9620071941313226,244.8187983724355,389.3308347351928
2015,LC,0.06788982233922522,-0.5195812681552447,73.31750744713555,122.85410118335103
2015,TL,0.014774379103840225,-2.359022108219377,1.7838769810507482,23.504989621735923
2015,BE,0.5965250245744262,0.4083619225973262,285.965114767662,571.8067139081891
2015,TM,0.00864309698403544,-2.1749523355777356,-1.2440297631203552,10.233895037210758
2015,LB,0.243752392230347,-0.4174594174134226,271.12000775275857,406.8644975537747
2015,TN,0.2042405584549491,-0.7085958083049446,224.8004419330454,342.90048360358026
2015,GT,0.11789006962959271,-1.115877045105118,81.863561426438,204.53131288007822
2015,LA,0.05505702035937998,-2.0177676069462085,0.43026793647503986,81.46511310923185
2015,TO,0.01463666487731349,-1.626798760571865,1.3857965634874567,22.08980281555076
2015,VC,0.06566200142464955,-0.031407102968595065,72.75692118992687,126.39182922163532
2015,BD,0.061883142186232636,-1.4681365548752203,30.386929835836103,108.46575995298744
2015,GW,0.02312291518282302,-2.5343338905430315,5.711763974005877,36.46907445377
2015,KZ,0.1342831266680187,-0.24442841436529442,130.99611890069755,257.08454246515873
2015,TR,0.37997459453961124,0.0945662996311207,341.54627017171396,547.3611567808063
2015,GY,0.04553085507129106,-1.5884793604656289,22.342271574955017,71.982104338245
2015,KW,0.16295627728132983,-0.33290416722344046,186.4075518251617,308.2970434799249
2015,BB,0.15555348805214753,-0.034262064099112255,174.6450086834096,284.92112698638834
2015,HN,0.06379153983135237,-1.873888253345432,13.94723155744243,99.591372706701
2015,TT,0.10069858489927806,-0.6843036538165476,94.93030545970356,182.81295256938236
2015,KR,0.4776313098850382,0.6809645466718255,225.00012574884087,596.943957839186
2015,BA,0.16539666931210398,-0.6465909166446664,155.3474283468567,290.1805897402393
2015,TV,0.010304685569267245,-0.4789916297162093,9.190305360280616,16.92279849667939
2015,HR,0.3688926284402068,-0.06551117806642781,385.4555694818852,530.293055698247
2015,UZ,0.05109548446316836,-0.5448704435594446,31.687846609118786,99.46675769775908
2015,AZ,0.09307399854577286,-0.11464963482058309,104.09499887432588,189.6941649451657
2015,TZ,0.06289517211201166,-2.368275547639872,9.309853429037151,99.56294662041743
2015,KP,0.04981743302196221,0.04667232650327871,48.485102919040536,97.4262574988034
2015,UA,0.24988604590279426,0.4266041986154409,223.22120050869623,443.4383220946304
2015,AU,0.5061481027973559,0.37142605423876535,339.2127816920197,592.8366809550232
2015,HT,0.02005988204441878,-2.6197521715285492,-12.351429180774147,25.835797160472794
2015,KN,0.06534182195728318,-0.3032966818637228,85.6719519525283,124.4942398770491
2015,HU,0.4232911346194583,0.31972978515704564,334.4000119903277,580.382747329156
2015,UG,0.05672378549862203,-2.5136519913379782,9.94458025833004,90.48239193049069
2015,KM,0.010234553667860571,-1.250239717173472,1.7402280872708638,16.274937260334344
2015,US,0.5664771534721573,0.5296036897183781,214.1511610378598,571.7004040301316
2015,KI,0.008571906334615279,-1.4002774565391605,-0.6769907755534144,12.612465298015152
2015,AT,0.6074774032644406,0.579770328493489,163.92279594988386,568.4681287610169
2015,ID,0.12842519393403193,-0.6353659590672606,91.54452551701816,223.62773640259832
2015,KH,0.06329722351575132,-1.9773646254668351,20.194309397606293,95.74523906314694
2015,KG,0.044660299892836514,-1.165345847202762,21.33751519201501,80.11934594534884
2016,KE,0.09257291823265454,-1.7346879222947613,60.15734137293082,153.89080949531208
2016,AR,0.22124007597682094,-0.273036603163922,231.94761590505746,385.7802281650684
2016,UY,0.19612524969351494,-0.4602715979929451,219.51472234348196,342.4673573028805
2016,OM,0.14765919649707163,-1.0232632923017395,148.77296258701008,262.1295352862154
2016,CZ,0.509750309761341,0.4935295709341159,278.02094891995273,600.8745072312593
2016,ZW,0.06746581295387838,-1.9841933531997118,38.70686536786415,109.41214334132638
2016,IR,0.20372339026787953,-0.3651551060374667,225.44788793805975,360.51054139020357
2016,AD,0.14952363445792857,0.5508771658811469,183.8317633578203,288.9810690470879
2016,NZ,0.4750026016056487,0.25784413520436905,387.71809107490304,587.8500403001585
2016,PA,0.21720504554452236,-0.11492136738394504,243.96910514666274,364.0596913594199
2016,DE,0.6243857999532869,0.6450244178929565,86.92854158776677,562.3139300486191
2016,PE,0.14167743521870177,-1.061325067974902,105.70832709909888,243.15251649768288
2016,CY,0.38023463373425986,0.15563147500031668,366.67000238278973,554.8287052315818
2016,NR,0.020451195243796193,-0.05833681059496968,19.298467664756885,38.94132839621917
2016,PG,0.031854988501987494,-2.675351760208632,0.4659510880165435,44.64526899370858
2016,IQ,0.0453859895600305,-0.9886124648031941,42.83907122753057,95.6406928784875
2016,DJ,0.023869126200011654,-0.442257741714757,18.577039541613303,45.84216084203255
2016,PH,0.10927568809759763,-0.39187152677413517,87.43605002221813,206.38729922207122
2016,NP,0.06022950690101208,-1.5230663046909547,43.6860057328946,105.44694836364583
2016,CV,0.02083894435572354,-1.1739846481936314,11.405952270673238,35.46795937599833
2016,DK,0.5718035518143468,0.39035362346287517,323.8185435267689,582.2849628271997
2016,NO,0.4770961184176699,0.4535602908667774,335.8580347931667,590.056816444898
2016,CU,0.0689619981735788,-0.9092346134266476,66.49658940490728,134.32509234042013
2016,ZM,0.051956390898746006,-2.3149703648835227,19.26457380508617,81.6811718373018
2016,PK,0.09436953121891829,-1.1041128140294816,63.36451147559231,172.06334438476935
2016,IS,0.29106417114875716,0.041016061400175836,346.7208783494212,464.4254112547633
2016,CR,0.17027831049349648,-0.6770801404358414,170.1294462562956,303.4252251902433
2016,PL,0.4878834315385644,0.39696329818399506,311.69493180571953,601.1055583702747
2016,AE,0.38541745969877544,0.13032885179943574,349.4270148627814,557.041487408171
2016,NL,0.6227709168233663,0.39768491776550596,265.9824860716471,552.2837868472349
2016,DM,0.08730729669481964,-0.4352769097721687,89.1125593481931,164.21838620349382
2016,CO,0.18883522626525753,-0.33034537632613786,191.28316478252674,345.9105863639934
2016,PT,0.4898091814112398,0.13069902108374282,435.23014995050835,585.3842599005646
2016,DO,0.09112655292755838,-1.1325877316386759,52.56385912599161,155.6948782062916
2016,ZA,0.3255217933170644,-0.19166640155233683,342.87816465838523,487.077181671599
2016,CN,0.36248160778131117,0.5086247522185305,267.6717484798331,536.5060319276108
2016,NI,0.06084671391818359,-1.8160986517839426,11.134514734198442,95.4359289156839
2016,DZ,0.07729479451242072,-0.5461131040211468,84.32573891996131,160.7358372953127
2016,PW,0.013185796851925521,-1.6239351836146398,8.127733636325473,18.413884644898875
2016,IN,0.1616527711677524,-0.13382574120685486,149.33841635734728,293.90780753215114
2016,NG,0.05004609283159215,-1.7375887100519913,20.180970491401474,95.04109293423069
2016,PY,0.07294918666501041,-0.9378046240244368,52.003938404386425,134.95497886782314
2016,EC,0.12096588152391462,-1.077701295659232,98.62979034568572,219.89859663687162
2016,QA,0.2292728235364415,-0.15063769992249243,307.2850378127642,402.0584663023287
2016,NE,0.02902637158175343,-2.23623293810997,-0.7754391295742491,48.03327657072224
2016,CM,0.09034392671985805,-1.3016546437443033,71.5695558971934,164.2075371482189
2016,NA,0.08388722854250714,-1.630374691767554,56.30022212534001,134.23163308559438
2016,RO,0.3504752043121811,0.2807596781281487,309.2864948743914,539.1395674407978
2016,EE,0.42970539997980817,0.18420350025246496,367.57530339831237,583.2961490692991
2016,IT,0.5872084226290387,0.5113307805925458,232.33026249021427,581.4498750781555
2016,MZ,0.036518830506540256,-2.8019436695365467,-12.469803875228616,53.37875039202497
2016,CL,0.2984149572000005,-0.057422143319717,314.1470073677764,482.3730929388807
2016,RS,0.3462796274896384,-0.07175704740607007,372.0177087769254,518.923684429966
2016,MY,0.3781577620583012,0.11982672040534317,341.31470426125884,546.3505853129401
2016,EG,0.15591621939853123,-0.6806207729169842,144.04837315683952,278.9454037716054
2016,RU,0.2978303815085313,0.5144634063143998,239.49680096066302,504.43674997664436
2016,CI,0.09469692172547818,-0.9285558501637935,84.93081838843779,173.69893267030892
2016,MX,0.2652759090509531,0.0712343466661927,250.81584254347376,453.06466075167475
2016,ER,0.011961470882609465,-1.2737046059936823,6.706753446298085,21.328112777144835
2016,CH,0.5646227019544537,0.6005219114606483,219.90566541933222,584.5449735219507
2016,RW,0.03551528455268565,-2.810071304390517,3.8010994817890613,53.05195052879756
2016,AF,0.023005439539010103,-1.8572822588880156,-2.3721663250382345,37.615725146264154
2016,ES,0.5655628246980401,0.31228443815044904,345.0298884741306,580.1919173988861
2016,MW,0.03587146692583878,-2.822057853158218,3.4793222146478504,55.276556435690836
2016,SA,0.24845612697779249,-0.14028639843090898,293.0977149293379,420.84960158767166
2016,MV,0.01951735179978147,-1.4545729573095056,11.79172533546574,29.048166372818233
2016,YE,0.030557488443410358,-1.3590127397961946,14.860834253976401,59.282387304078775
2016,SB,0.018771249612687092,-3.0987755123625735,-3.5154097286647907,20.665249770481687
2016,CG,0.05370588594072633,-2.0366737643357458,35.82387161690614,82.346037581452
2016,MU,0.19505340819990652,-0.30654642229579393,220.99659873468445,330.3050515093081
2016,SC,0.14431869971693048,0.43465555233204833,180.15597680246816,276.9459110961946
2016,CF,0.023721245820270874,-1.1504070257144863,11.756095619274848,41.94260384633853
2016,ET,0.0408080751842005,-2.3845181869237018,7.050997095638181,66.96077528544505
2016,MT,0.2885386684593565,0.29615094709269096,297.96282953610756,487.0338209511715
2016,SD,0.033738454307670265,-2.3826855897725685,3.7464005063638397,55.060351284269586
2016,CD,0.016984137949508392,-3.152825598149733,-8.181974240524742,24.333998876750467
2016,SE,0.581908768468369,0.5467533724318658,220.1610328036333,584.6074644348654
2016,FI,0.5443871633629741,0.5481958960973125,256.79500664534964,602.7450410561083
2016,MR,0.028030472185968533,-0.9938177081299604,19.839815907155767,48.436525822446676
2016,CA,0.5322584024525291,0.43773464603214507,276.9844575034479,587.1152889840138
2016,AG,0.059355256843550315,-0.13155457569210482,69.15027355017423,116.91473623745891
2016,MN,0.0827936846135672,-1.269641122630722,73.34771928423012,145.64410916063298
2016,WS,0.08766981926861735,-0.27542138246344466,102.54695714409988,165.45822728081507
2016,MM,0.03654936778523837,-2.346159622560029,-17.869812705006225,49.94133350433467
2016,SG,0.517815604809976,0.5220795123791223,270.19062670168455,602.5131733927656
2016,IL,0.44889086299387115,0.45751798973733454,288.6202561980848,584.345634504347
2016,FJ,0.12418532071893465,-1.3053945859588207,108.51377474722038,205.3817252346791
2016,ML,0.047520200621579294,-1.8827449530499551,26.332629136032015,81.71302569495586
2016,BZ,0.12374024255007288,-0.017270003571625545,134.9993894034255,228.90580262576233
2016,JM,0.08325656525292147,-1.1484136769121989,61.359310753596276,149.39343550658904
2016,MK,0.18102235760956245,-0.6603886776730906,196.08534277916766,315.8160054166189
2016,FM,0.010394929200210972,-2.574501125979116,-0.5882791968720651,11.647039919382491
2016,SI,0.4854085578932326,0.3587736446293025,345.0040893729963,600.5433354774168
2016,BY,0.2376565803670248,0.31697662235185137,225.06052534786488,422.1944932612294
2016,FR,0.5878652765411649,0.5376867666441265,204.31201383542907,575.6275810112558
2016,MH,0.07629344797215841,0.3336538509139963,103.53076585426174,150.37361451938307
2016,AL,0.11647168183845354,-1.0220516538510125,101.18012577157195,195.76511166044213
2016,SK,0.42479604134422505,0.3635952240329703,320.9958276383112,591.3248979243555
2016,VU,0.020235222325931185,-2.4824041056546284,0.9210736529081923,23.75671387409902
2016,BW,0.06783432957061618,-1.833159451628026,56.470945254720526,119.23771033691459
2016,MG,0.03728805474544699,-2.5684801950968246,-14.112888474056893,52.675604921640414
2016,ME,0.09627767059745346,-1.0193335705071187,94.46520093554535,175.20204432712097
2016,BT,0.02593196662975922,-2.3037355427488198,8.67826508791583,37.576470108798716
2016,SL,0.030590804255604235,-1.726119281436995,9.594049381443913,50.092357525411195
2016,MD,0.12663178746926138,-0.7024714643276385,120.40778134710277,222.71078638137604
2016,BS,0.12120787059819282,0.3046210517105768,165.160361388965,232.5530678066134
2016,GA,0.06931740392776818,-0.8529246705064311,76.21810755461074,122.2987412145661
2016,SM,0.1462217832411131,0.4498515795084066,178.55971495904976,288.82889470193385
2016,MC,0.19632134900944986,0.545847460627661,257.4224907076131,382.50405900993667
2016,GB,0.5882421007688685,0.5198432653485733,225.35654923023498,573.7833160100994
2016,BR,0.24330670443074556,-0.02918714504435627,228.29927456775633,416.39337994947795
2016,SN,0.09995743653508005,-1.204330095310657,80.10033433495005,175.73533848090912
2016,MA,0.15616016006455902,-0.7356785833423958,146.65995120288147,273.04753663671977
2016,JO,0.19155901360113473,-0.6921814029611489,216.44274799101066,334.2996026268014
2016,SO,0.007221276810985678,-2.4769615202736213,-7.33398159060293,9.916425203730954
2016,VN,0.1801248486184056,-0.4994718637179653,165.77505264635255,302.24014881671667
2016,SR,0.03945972878335574,-1.860079854936514,7.663033252320427,57.82432662989371
2016,LY,0.03475103274423763,-1.4654475397780424,28.11025554961244,63.37155589099773
2016,BO,0.055491652867039006,-2.040749157108869,15.421512328921128,90.56270281607124
2016,SS,0.024753300827738214,-1.2491666568033204,11.516228473801082,54.883400935946
2016,AM,0.12067722130419048,-0.36027050803637867,123.54193942895131,224.93916224960756
2016,LV,0.3444212374920741,-0.025556061674741917,336.04435151342216,517.9295552871159
2016,GD,0.0515081164362385,-0.8547351182568487,47.29818456261373,98.47040024783924
2016,ST,0.025007418346294715,-2.6149757100165507,7.2354472246591515,34.578665419671964
2016,BN,0.11661191115354615,-0.4897480174784266,141.80235039648235,222.25787486087555
2016,GE,0.12391716720962892,-0.6552240191050137,115.36345928157576,221.72297163897125
2016,SV,0.08969167321134087,-0.9104582641347394,74.45288118973085,156.99333103055773
2016,LU,0.4769338765199545,0.41104936152382565,318.90483777869656,608.1243673340385
2016,BJ,0.06571018918927997,-1.593698161023643,50.728852553205755,114.87091977904835
2016,SY,0.06592400263882,-1.1691336844644233,40.33130803155672,120.46316199612085
2016,GH,0.0836569948429717,-1.7690079320457917,56.43205175956249,146.9468124451052
2016,BI,0.019292566521535152,-1.7079593592778084,2.0922191944689605,36.6423146927202
2016,SZ,0.10062770355689725,-0.4784221693517408,94.2156270913616,182.92855457224468
2016,LT,0.41183062475895765,0.11990930652740292,370.43621405942923,570.8826532493615
2016,TD,0.009711434640868533,-2.4024384244608585,-2.891153341138592,16.565318475270495
2016,BH,0.16715123075947744,-0.3885421300224056,181.06450607352198,293.75004513880634
2016,GM,0.03085698509995667,-2.7561790780540467,4.957505729682223,46.83019053484332
2016,IE,0.48265482846827235,0.39763287562180155,340.96701710719867,597.0120636466509
2016,VE,0.07398063296591129,-0.16568862150166763,76.13040704558453,150.8202336374482
2016,JP,0.489372074655923,0.8933601596442847,128.3601308462135,600.5143209393842
2016,LS,0.027735300199822885,-1.966166927094977,-1.5434987140502117,39.11493314956394
2016,TG,0.04500583474347023,-2.067696320732726,11.16119723745366,70.54082289383781
2016,BG,0.38624369093656435,0.1433626839553526,343.59209469864646,554.2141833549889
2016,GN,0.04501342409588096,-1.8757745233745113,21.36059768454049,72.96110276805177
2016,LR,0.02201401734563177,-2.275205911935041,-0.7835175800758717,32.55022508273082
2016,TH,0.2801852754212061,-0.05142880404446443,263.2685741400302,450.2400802240991
2016,LK,0.11792846167311193,-1.1819855489522224,88.51387551369878,197.23825236995566
2016,GQ,0.008205398060530543,-3.0698115373093984,-2.1294611939434307,9.053480435737717
2016,AO,0.022398639465357726,-1.104490708949572,13.975955398774891,41.36092488458004
2016,TJ,0.026918425047236152,-1.5317435545684943,7.142356128258682,50.782911864703884
2016,BF,0.03856299524684533,-2.55177535896648,7.527592910390071,60.50777789249258
2016,GR,0.42297271075163767,0.06022161735367316,404.52384087202137,572.056781178335
2016,LI,0.20567309475341053,0.8823363347128017,246.2207726154332,398.80855362099476
2016,LC,0.0841077186440341,-0.19415216315034486,97.61954425535856,159.83277821243828
2016,TL,0.008761177033493182,-3.0639612205935527,-4.382339176073247,11.396166781078477
2016,BE,0.5989851163336217,0.423974554018875,277.6881886483053,570.8177841319217
2016,TM,0.016620938917815853,-1.3127841443196415,5.213417688322998,27.107240326183753
2016,LB,0.2519691721569459,-0.39852462485729134,289.4207092220681,419.61207353767475
2016,TN,0.21403575379038825,-0.6613978723170332,248.22750208501665,357.96733229589165
2016,GT,0.10801893093619162,-1.2311433229068505,62.65181961158441,185.80122049767635
2016,LA,0.054832197672296516,-1.9745734219356175,0.5371911425492172,83.51710254404827
2016,TO,0.01792566490097889,-2.182910726797407,-0.5132427039920276,23.037641507873573
2016,VC,0.07534868565794432,0.09737564653471088,89.77150572526696,148.2202931211253
2016,BD,0.05800837907060489,-1.5656307448402038,27.815134222981612,99.42965209440754
2016,GW,0.022469301910476053,-2.9518899201385427,-1.6876531887659068,28.995975920257422
2016,KZ,0.1333136664584842,-0.4862506942248572,126.18327178068364,248.36259206182643
2016,TR,0.38301366195630787,0.10646722333808581,345.8924310816754,551.0987399903152
2016,GY,0.05928966243492947,-1.0178377786849873,49.92228002936202,101.51822412375606
2016,KW,0.16221662008393659,-0.3862054168518889,192.30427186314446,303.5555908684306
2016,BB,0.16138597714221598,-0.3000864092735929,188.28290095338707,286.33906204719966
2016,HN,0.06109161033812214,-1.780929506640535,13.112178520350948,95.5442472132968
2016,TT,0.10934887411550528,-0.8402152669622591,103.1194509104665,195.9906429487349
2016,KR,0.4804354298703997,0.6865771856010754,227.31023280029012,599.4017002497648
2016,BA,0.18757123528475658,-0.46681012494943486,190.58841781340183,333.6416167570431
2016,TV,0.007730899255467889,-0.2565273386037555,8.078836497494263,14.237944387055247
2016,HR,0.3787127423703392,-0.020097532818376018,387.1002650425049,537.2661587983508
2016,UZ,0.04444502437313847,-0.9960399303108584,19.287733995636337,81.83705175529265
2016,AZ,0.06799881744244296,-0.6621905968481225,63.61092717748065,132.16432767009854
2016,TZ,0.058921558294993646,-2.4525573965555223,6.48471265275673,90.77094166867772
2016,KP,0.04329227575710832,-0.13032342762527685,39.156235641384775,82.35391357751067
2016,UA,0.25378048322102764,0.47060817176946446,213.38943402563675,454.6020068201701
2016,AU,0.5051411913236075,0.339236274929239,349.2699685280703,590.1619122732005
2016,HT,0.018969959742105334,-2.8908855339992163,-11.721781753260888,22.81600511495109
2016,KN,0.08766369507742523,-0.3203329943368252,102.3350169101438,157.83721620654464
2016,HU,0.43290153593201697,0.37075353142878315,321.2025448843334,587.83497955764
2016,UG,0.05763885156584326,-2.5093461831197983,11.26597010461455,91.3605600350413
2016,KM,0.015695641807406596,-0.6894568806034785,13.324636316372834,28.69825870722253
2016,US,0.563480363957573,0.5201124798664968,220.41928125278827,574.4323013954418
2016,KI,0.008349843620386616,-1.5061827386184832,1.3083383974070604,11.131854356512388
2016,AT,0.6073989694302391,0.5714153871610732,172.45089680976963,570.1183519698604
2016,ID,0.1288010585464455,-0.6542462558730536,90.019424508156,223.997540581763
2016,KH,0.0651317444440534,-1.9802359814456958,25.44451902127597,93.5895443038904
2016,KG,0.0503223311461074,-1.3412995818758557,21.805284577495804,89.18211613644291
2017,KE,0.09187007690211156,-1.8827329350515876,52.16706608815562,153.22829729713263
2017,AR,0.2174133697742605,-0.3015641845430588,227.24353177862898,388.5874007696302
2017,UY,0.20499069599955624,-0.40134567317566705,230.2848941048291,364.38241238031173
2017,OM,0.1637695405018546,-0.937420367525385,161.11208876487186,296.2296949513796
2017,CZ,0.5138042716880011,0.5193827084394721,266.3417154680682,618.5517271339182
2017,ZW,0.06007579518791535,-2.2187834651544383,25.45892138736522,98.24009085519613
2017,IR,0.19470434697616185,-0.46582302453917845,216.50233818103757,351.24537115214787
2017,AD,0.16087832737508528,0.41976811099892203,207.4455736388683,306.9755714537968
2017,NZ,0.47327204041156234,0.2326936964300007,399.13377925749586,608.4097216528374
2017,PA,0.22713033343337652,-0.08204354478663926,242.40249382501472,388.6647821591721
2017,DE,0.6264450033374691,0.6472811529179541,87.05713214464745,572.9397095159509
2017,PE,0.13887013838491255,-1.132528357060725,103.50585461660464,242.54031578075114
2017,CY,0.3906207788788852,0.11752054954513153,389.06186007721845,572.5038849249025
2017,NR,0.02808540615533639,-0.04370792496114426,26.821176952476012,55.88589844531483
2017,PG,0.03266095022215018,-2.607141107257631,-4.844273087660862,48.85973037506978
2017,IQ,0.050195656177586034,-1.0892825361798264,45.80711341572408,106.57277556745719
2017,DJ,0.02426130107184447,-1.134716604924975,11.938652127772484,43.04639653477129
2017,PH,0.11060906710548267,-0.3938866188509724,87.8376795429347,213.05997701992206
2017,NP,0.06094595618362604,-1.6119773166975984,37.70511706799491,110.57206241587012
2017,CV,0.023516708414818,-1.2206264320966314,8.283160038381189,40.9734661187474
2017,DK,0.571422641466596,0.38072885555801395,329.3327451429739,601.9396285219736
2017,NO,0.4697479967398467,0.40838157714386747,357.92449955525285,607.0361865332694
2017,CU,0.07445763756494392,-0.8939274827365904,73.58947697757442,146.55495500604457
2017,ZM,0.05173411260951086,-2.414942653672449,12.17435647826276,81.0531364742786
2017,PK,0.10087962754633566,-1.0302311785396625,71.30330270553792,189.9149577198598
2017,IS,0.2755823632162551,-0.053433634303647885,343.1530228343759,460.21753677392985
2017,CR,0.16169877810026798,-0.8042246949102266,154.90848671681445,289.6498321232026
2017,PL,0.49018415188219044,0.4235256507698654,302.81656800745384,617.218432496599
2017,AE,0.40777757477842924,0.14828193961328948,368.25754330366135,576.2274869007317
2017,NL,0.6197048471537813,0.3944128058069193,272.7043621868764,570.6906457667951
2017,DM,0.0804600459296272,-0.062040656487987046,82.78105936406843,163.51253698248075
2017,CO,0.19002390088216034,-0.32426404732617653,191.01492054498297,357.3201531467639
2017,PT,0.496457298990094,0.15257376730094843,426.7611011081103,602.7627431948952
2017,DO,0.09347827134214101,-0.9819614013489798,53.88697174424112,164.52302167436696
2017,ZA,0.31927029396238116,-0.23406444724171172,340.73127897263197,492.37939116855716
2017,CN,0.37402049364624673,0.5421369815868914,267.79890421265014,556.066461653305
2017,NI,0.054351715326082364,-1.9975089011306457,-0.7958409248325469,81.57731969558819
2017,DZ,0.07249158442015963,-0.6961347942865826,77.20380040565873,152.907262520122
2017,PW,0.012655892018522116,-1.029432268950869,9.56413761846382,18.98199471160982
2017,IN,0.16115512512767327,-0.10652904550542504,147.37182661894283,301.53662315244975
2017,NG,0.05353459745218497,-1.7677181448750776,20.63320219559452,103.43802935050776
2017,PY,0.06710486789860098,-1.1939275422199565,37.73695425631261,121.45183723336703
2017,EC,0.13067653372508092,-0.9774991809256418,116.16002441382159,245.38331678279772
2017,QA,0.21630350034007306,-0.3140442867556717,297.4603594270827,390.5773034349977
2017,NE,0.03031459084747652,-1.9514525991564786,5.157450525177205,52.0081413982323
2017,CM,0.08796448963850277,-1.3625752138088334,70.04185153498472,161.6668695585969
2017,NA,0.08764199752663415,-1.623693365074338,60.91899372499812,141.7911659388883
2017,RO,0.35222373624272707,0.2482650345996192,311.67155809006766,552.9095254741047
2017,EE,0.43629493223072563,0.16687868748852425,373.1744574201371,596.513217473988
2017,IT,0.5870120016946022,0.5098532043601647,233.12253409274277,593.564057599951
2017,MZ,0.03246396572456737,-3.043795882693216,-15.792801969273356,45.845353034562194
2017,CL,0.28957148831211277,-0.14361053136107266,306.5068511765183,479.9704572159692
2017,RS,0.33445513322916864,-0.11209019227303497,357.88669573249433,524.6174147044763
2017,MY,0.37438465098408674,0.1485222837869303,338.85953412008155,556.4275301187365
2017,EG,0.15480922892945,-0.7034242261708947,141.29966714472764,284.8929833979183
2017,RU,0.3097743649444288,0.5002764909076409,256.0290745126654,524.6027767283007
2017,CI,0.1007325933524283,-0.8827236617593044,94.12524780750785,188.4534072636071
2017,MX,0.25676710769713784,0.06493080998770002,242.56066524642478,449.82178976247224
2017,ER,0.012121406944818568,-1.4899851853846413,5.985722869863165,21.396930626605197
2017,CH,0.5696355603698404,0.6000306475558068,217.8040048274638,600.7927432296802
2017,RW,0.038379116614119725,-2.6737145078993834,4.9722427627856005,62.325371399453
2017,AF,0.02147913819747252,-2.3952791646413276,-11.236779332669421,33.26625429188493
2017,ES,0.5688618669026179,0.3185271289440379,346.77688563816656,591.712362627668
2017,MW,0.035554892374730744,-2.8788527994154474,0.44552896036197265,56.286084532447624
2017,SA,0.2466858264415452,-0.14474996495720052,290.99614216949993,430.1178245933977
2017,MV,0.02224836108683655,-1.207172611169492,14.055341795647188,36.97874296028396
2017,YE,0.029104921071922366,-1.6684111431932,5.32963125658751,54.35664295199105
2017,SB,0.02151148673208696,-2.3955212843725238,-0.08118945494435781,28.631422977381547
2017,CG,0.05146945728271548,-1.6886738831374228,37.30592900284192,83.4476504669165
2017,MU,0.19059086660862923,-0.3139034462571423,218.59380270360725,328.0225621698484
2017,SC,0.12864700029908033,0.2732146021688636,171.15465326742267,253.0034460845132
2017,CF,0.024236792280990203,-1.1409323027136964,11.002497211722721,43.5436736111837
2017,ET,0.04612231987048794,-2.4128351112804993,7.39862826810293,76.77431042103208
2017,MT,0.29139618539294815,0.2651379610879175,305.25449791577597,496.5788260163309
2017,SD,0.03146635107010321,-2.4624352865940446,0.9410739835033286,51.57685392804187
2017,CD,0.023476204736293985,-1.9687257425577223,2.8207537112455165,40.453202310650944
2017,SE,0.5864441344187414,0.538921987540131,226.36745191320205,599.5342690559636
2017,FI,0.5494621602958202,0.5612205356009904,245.61813963018585,619.4149406166456
2017,MR,0.02267624047217766,-1.532360772601571,4.820395144518677,34.27400017745103
2017,CA,0.5321580470233743,0.4382350531764484,287.87973113097445,607.1121835759004
2017,AG,0.05036113496014865,-0.2528049115323934,49.420359627931525,100.56982251574382
2017,MN,0.08689948511483726,-1.1338799377661455,82.52816505092008,159.03231298447085
2017,WS,0.10357962699887512,-0.053455262263774894,122.43865865745552,202.0142160284484
2017,MM,0.04300354984582716,-2.2900898802211263,-13.866361843031795,60.212317905284515
2017,SG,0.5118423617519459,0.5039223987751609,295.187016785398,612.4101952014069
2017,IL,0.4514067867044268,0.4520029983912892,295.07529139929926,605.3189660716813
2017,FJ,0.12293639991226787,-1.1066484713929394,108.17191097847791,213.54417670946236
2017,ML,0.05520508941807366,-1.6592712667179326,34.95999848997338,98.97521837387791
2017,BZ,0.11212575115775562,-0.03293840802781042,120.6224423834769,216.97557813288634
2017,JM,0.09489570045419414,-1.0432229947729372,79.0516170366099,172.94973810885094
2017,MK,0.17183251054120094,-0.6254394217260226,177.48361827281244,309.59537801739003
2017,FM,0.007248903131124247,-2.106858813729513,-0.58830641208645,9.759459566503352
2017,SI,0.49540905193789553,0.37227987199382895,342.4310620524661,621.555957869221
2017,BY,0.25091192635100673,0.3234299518522869,233.9777347297614,446.30806054384243
2017,FR,0.5868560823336973,0.5384210480837736,206.01576690683157,593.2903255971178
2017,MH,0.05994892452515369,0.062148424643536024,82.34094608039362,117.88493760259594
2017,AL,0.11537974280418234,-0.9949031955662743,94.79753806667497,203.861641582955
2017,SK,0.42155488256522294,0.3959498419665664,311.88404343834276,603.2123830722758
2017,VU,0.03186056281044667,-1.239446840576075,17.81834468676358,50.87594130742789
2017,BW,0.07311494806077118,-1.676933222783669,63.77679804366874,132.87227410733993
2017,MG,0.03339272437767126,-2.804676601737242,-23.641956117230595,46.98697598498807
2017,ME,0.1836010056386302,0.1894491733146574,213.72858719597625,356.87186660239627
2017,BT,0.026398063062225665,-1.929657822453686,9.861475280254082,45.383746492700446
2017,SL,0.029801950934328462,-2.0031702556584254,1.5743712415111224,48.608689859636456
2017,MD,0.11827735933349197,-0.8344469169478821,103.71339409680091,209.176641651992
2017,BS,0.14487952788359876,0.31609117807633713,191.95077651765632,281.6516760029528
2017,GA,0.072869791523464,-0.5332685394119733,87.26835965590888,135.69241079277793
2017,SM,0.14058436745654065,0.4516175824321592,175.4676609794835,284.5981885927511
2017,MC,0.1990479307085695,0.577788295274737,261.56769090010533,386.92728874529934
2017,GB,0.5872952522059025,0.5148081812494094,231.4594947743628,591.5924875921036
2017,BR,0.23936350065273385,-0.04112238873056768,229.82201907426432,423.3489360114871
2017,SN,0.1000426115395235,-1.384560405124963,79.27824142103763,170.54769215538659
2017,MA,0.1671357284801709,-0.6742235019818454,161.76412856802366,296.43039888052937
2017,JO,0.19508084898487,-0.7054070243591914,217.2771053620972,348.2590542220919
2017,SO,0.008518913723262082,-2.5274529017626635,-7.0816162010986154,13.24843982941978
2017,VN,0.18831293830040646,-0.44473471990547203,171.30410705112234,324.05433342679856
2017,SR,0.04423035551207934,-1.635535206925688,9.338776091387135,71.14080014840444
2017,LY,0.03659833705839625,-1.6611789564867447,27.151956294429922,66.9239580789093
2017,BO,0.04965836488421958,-2.164051461270104,6.347004322692633,82.89851064383465
2017,SS,0.016509692326792322,-2.186122833825646,1.0075057381218842,33.437639059997835
2017,AM,0.12431025257261609,-0.4327347323839906,122.44763554094071,233.37843736796844
2017,LV,0.3494361927557713,-0.004516555717189977,335.1778634030602,534.0662466938892
2017,GD,0.06530235877007087,-0.766136349374126,65.7088321604247,127.07958552279267
2017,ST,0.026882751409600374,-2.71261939773006,6.5117000876608575,38.88136682590458
2017,BN,0.12614816096965722,-0.49298720504853244,157.92246806461546,239.88573406054783
2017,GE,0.1284526515114025,-0.4778255065139156,124.24316618477695,242.1605339788168
2017,SV,0.08951842275044104,-0.8376507754405701,70.00893735375199,161.37560164598372
2017,LU,0.4818075450713742,0.446935530973814,317.00996578740444,620.1800358346305
2017,BJ,0.06366787861216985,-1.6798636951778725,41.41865581613398,112.7288604440791
2017,SY,0.060813435800592675,-1.2141130648310758,32.582599835764306,112.67690092353135
2017,GH,0.08126645982797172,-2.0247663907970295,44.52909804222115,143.59684765745465
2017,BI,0.02310941610324071,-1.4688004612094494,8.769471560805643,48.67215863803999
2017,SZ,0.08730511842214339,-0.4530762670720887,81.63894403819583,157.84132259988232
2017,LT,0.41050909707121075,0.05612457098023699,387.00869804801357,579.4592126383151
2017,TD,0.00819129914691856,-3.4192349199684986,-11.362370333378353,11.867979513959467
2017,BH,0.1525761836654695,-0.47876005791410403,162.3558989704771,280.3815637774708
2017,GM,0.03504437433675935,-2.444893521147817,10.425953599830203,52.85815918637937
2017,IE,0.4855094209488225,0.4147572534909758,334.8962780575859,616.8218666646054
2017,VE,0.07182081112843301,-0.41848658011052114,69.662968288477,147.36893157011016
2017,JP,0.4914115046428737,0.8980808495682968,128.83086027380716,608.131957894928
2017,LS,0.023408740119080815,-2.231547343652207,-5.720345544834842,28.49083461938896
2017,TG,0.049174741077661774,-1.774490087187522,24.73542443742034,80.08490517275261
2017,BG,0.38547074766433226,0.18341614610076842,338.8780003658416,565.067720102977
2017,GN,0.04589905337934112,-1.7767998966223835,24.60637669146423,76.9736419946661
2017,LR,0.023491975520610647,-1.7073120446787722,4.407577958125867,38.185960288845074
2017,TH,0.28907129693889866,-0.010209465011872245,270.8516814405116,471.1300515119682
2017,LK,0.12223218187321212,-1.170591144676979,94.2052683926072,207.07291139805946
2017,GQ,0.012134875715482689,-1.860107511775953,3.350334394703725,18.710095989209947
2017,AO,0.018057408134672322,-1.1576397530326432,6.402436879888593,33.35960528093351
2017,TJ,0.031206449217828423,-1.6233940060732772,8.92330268739521,59.195509990969384
2017,BF,0.04024992325937582,-2.4966890508652284,8.457551836972545,64.64961674973453
2017,GR,0.41976777042060537,0.030608297141562615,412.19258290831766,584.3618263432579
2017,LI,0.19743837849055396,0.7839194545122609,254.86227420656263,385.21804369513734
2017,LC,0.08691289891087525,-0.0746707999232826,101.9619462115678,166.7843797107308
2017,TL,0.009463812951797452,-2.6549759226236045,-2.0262914503728826,13.156042727004545
2017,BE,0.5937723638940362,0.4176089896115016,290.1243206491766,587.0479591977173
2017,TM,0.01910726853564113,-0.9354751914608599,14.779577236080103,33.196513759166415
2017,LB,0.24803351951306324,-0.4224420775280294,286.1055590134302,423.0816989845798
2017,TN,0.21810503399903045,-0.5554425892557328,253.60920410874417,374.26987520181586
2017,GT,0.10810959787743388,-1.3507993371679992,61.97066167686835,183.27807251096712
2017,LA,0.048748137223715855,-2.209350683320417,-10.294238832233129,69.09691445523738
2017,TO,0.013975376977847696,-1.875450003561305,0.662740943170012,18.576559168592052
2017,VC,0.06171889073513611,0.17431945155159892,72.93341336806145,125.91596724654411
2017,BD,0.05962608571609934,-1.6488955664568694,24.914325142545056,103.78706910573119
2017,GW,0.01552936726761386,-2.742396648445385,-1.890107309710244,22.515828982437377
2017,KZ,0.1370241346527147,-0.5036772186392023,132.7357034882349,260.67742959815536
2017,TR,0.38237970777455854,0.139622101210987,340.9538217836061,560.627857983334
2017,GY,0.0474797872330986,-0.9286964360995487,37.971439207186755,83.65046976447479
2017,KW,0.17529497234479088,-0.44553795929952195,207.94882934010744,328.1726033926076
2017,BB,0.1665504683598621,-0.13595636601848135,193.726503317788,304.68978008365843
2017,HN,0.06724375315226357,-1.600538053730886,19.60592107417941,109.71060242244471
2017,TT,0.11125273009282134,-0.8433763713268181,108.69058983160075,203.87765525888557
2017,KR,0.47709608377422974,0.6944291357162959,228.7916028773638,608.3717820994231
2017,BA,0.19771398543508503,-0.3254872348247754,203.80228100286354,361.2001618703164
2017,TV,0.013367362428575677,-0.15371781437599188,14.264758363061512,28.554722383958122
2017,HR,0.38532502577285005,0.004258594292988771,386.8795247839567,562.8570449969404
2017,UZ,0.05724805291307821,-0.7907568694932071,33.23416722989558,109.37956447801773
2017,AZ,0.06597445693148185,-0.5394475754893407,58.47411549283889,137.44780656097373
2017,TZ,0.05850478017035725,-2.528886355375926,-0.3449045980190899,92.03547782283675
2017,KP,0.04924960028745863,0.33081731847726004,55.16403976742492,101.56681825877656
2017,UA,0.25207970197284,0.3893910708899641,225.66526439072078,457.48659151005006
2017,AU,0.49919249774749974,0.3232842671995226,363.0313968363219,606.0636033740766
2017,HT,0.02047367120025873,-2.5801044445130072,-12.282350864481984,27.508253512217006
2017,KN,0.1025016317192943,0.02794316743702679,140.1861946516452,196.88216163021312
2017,HU,0.4352282084034591,0.37117068892113997,322.0122883468283,606.5263169920293
2017,UG,0.06011094743347372,-2.5189886071755905,10.603791134947866,96.07100781022343
2017,KM,0.011833199642072844,-0.1726242823616486,15.862628640916238,23.298770570891666
2017,US,0.5600079227404582,0.5155457706765975,228.06435777567506,595.8711767903438
2017,KI,0.011733521935843835,-2.5605366471915567,-3.4107930275574168,14.593728079396191
2017,AT,0.6052171062571183,0.576659599062876,177.09885970738736,587.2458190916487
2017,ID,0.13210915656425423,-0.5844553058805985,97.02643457212594,236.21475659717547
2017,KH,0.0650215103619335,-1.9290843177106325,21.192420253386626,96.71482183930063
2017,KG,0.06810849135523538,-1.0030490246103463,42.21011026918933,126.58981178254326
2018,KE,0.092091320109128,-1.830321563134563,58.290610983259974,158.51257641834113
2018,AR,0.2165683924937884,-0.27392696526636634,245.67443326508482,403.66038289566234
2018,UY,0.20525157534389796,-0.4575447287354774,249.08709109670284,376.96272527449855
2018,OM,0.15887795018746498,-0.9513970976138544,177.58439055732646,297.01978339504103
2018,CZ,0.5145739926411962,0.5222999598932911,307.5944365831762,638.3148509163134
2018,ZW,0.06675588844479427,-1.9173153550429338,38.381411080832315,115.41796139992296
2018,IR,0.19572761906726027,-0.5038611847431703,230.04475225566972,363.2956697386994
2018,AD,0.20090294992399924,0.46971279734831545,264.1805426410542,385.69082791988245
2018,NZ,0.46596987957911423,0.21425011152794168,451.23097544924497,625.2592053277671
2018,PA,0.2334768418929739,0.0816607629071435,268.4357567253448,413.4985727379206
2018,DE,0.6263457012853504,0.6848379722360609,106.44222006624898,595.275321829771
2018,PE,0.14989983290998063,-0.9437854069517674,133.44597477609366,272.6458201173392
2018,CY,0.36540728270393746,0.01486850275777633,432.3378576893801,568.083689390885
2018,NR,0.027536669861157295,-0.04921880789819417,24.464224391257844,56.11879054966421
2018,PG,0.03357907740474963,-2.151183525620922,7.791622466887751,54.36594861689928
2018,IQ,0.059466468358688386,-0.920130152787585,65.36661258617207,131.99271650225208
2018,DJ,0.03452965975046013,-0.9373732552992644,29.14831763235532,65.65057571525428
2018,PH,0.10927722160893033,-0.3982078176678164,95.46581133989062,219.23595817928455
2018,NP,0.06252706210220473,-1.6078494625406743,45.511450432552394,116.58297887359066
2018,CV,0.04288947984217521,-0.7474172992503334,43.145210331725664,85.37754677199696
2018,DK,0.5740106512783671,0.409891724459734,359.583104177146,624.0095706587136
2018,NO,0.4715273632568993,0.47620235080662743,369.15692112817055,632.8099236368076
2018,CU,0.07258141849285059,-1.1001689988098602,69.07105498848054,146.17640966480033
2018,ZM,0.05255237665091893,-2.4961441433299996,11.816875484497944,84.73974606975304
2018,PK,0.10092297810794248,-1.1206366185726457,77.95329162534539,196.44323570416137
2018,IS,0.2922138219108002,-0.016345629030985808,379.04267276536416,499.00210208475573
2018,CR,0.1662386188262229,-0.6341188843078424,175.4005065895745,316.01371879154027
2018,PL,0.49563149532512646,0.4079917888393912,350.6342240333534,635.5659563057918
2018,AE,0.42678356180988086,0.13221897140712352,424.24951125850964,604.3154480606042
2018,NL,0.6189528838931098,0.4204361646410399,305.6011639991634,593.8700180201703
2018,DM,0.06893225994918115,-0.06095848657878494,89.1236488720287,140.55770135341254
2018,CO,0.19280229582184366,-0.2492998260093513,206.69945546653844,378.98582659290815
2018,PT,0.49517332082704,0.12797892085214965,483.0662357601346,621.8802740767171
2018,DO,0.09507321799077133,-0.9507862933678092,74.52938407042366,173.20043374610924
2018,ZA,0.31365483940836164,-0.2535752248122964,359.20368977786967,505.8197692351187
2018,CN,0.38843627950412674,0.5787588769819259,292.03209343234926,585.4046972423689
2018,NI,0.058950023386543975,-1.9944253105492284,7.755188038780816,93.543968990223
2018,DZ,0.07236645270187436,-0.8732387495568834,78.45283945018149,152.39731721238985
2018,PW,0.013963147544190996,-1.1620671360680694,11.817824081071574,22.269323396861065
2018,IN,0.16193058326293547,-0.06675739180004649,160.8231823721804,315.2505205127456
2018,NG,0.05647984660154404,-1.7915434635496104,28.8530957656092,111.24310557874809
2018,PY,0.08465932605261575,-0.9502892035274358,71.21768584780553,161.5725621617084
2018,EC,0.12148180746729384,-1.0432337522746622,108.72496411667976,234.0977934238572
2018,QA,0.2075353275447847,-0.2655751171821482,298.31516071223973,397.97156592164447
2018,NE,0.05163567537816159,-1.3479127087149538,43.17583695640222,101.13400278009141
2018,CM,0.09189722229258827,-1.371439398356122,83.14911506409248,173.7433212097477
2018,NA,0.09416441944414312,-1.49258685128828,74.22505381934593,158.53823201366072
2018,RO,0.36075482040662094,0.26150936983654827,348.83497764081926,576.7469896814267
2018,EE,0.4427066866223404,0.18104096828029614,418.6095546781634,615.8259870753552
2018,IT,0.5906401924343406,0.5425943614927177,257.87325821409445,613.6149562074596
2018,MZ,0.03752660733503003,-2.7621865896397937,-8.984913490241603,58.07267543314088
2018,CL,0.28532539502863735,-0.13448656303614853,323.82645860126837,495.9785300885039
2018,RS,0.35307143276848785,-0.057061429214408266,401.69723720477714,559.021215796365
2018,MY,0.3760113798813874,0.15772633789901513,368.54027408761687,578.3656221225972
2018,EG,0.1589561546535695,-0.7150225290168797,165.51658626819895,302.0206349249123
2018,RU,0.3077080451916143,0.48874960852580235,284.11446015297446,536.549313866333
2018,CI,0.10550829516663127,-0.8669219844921506,110.4033253906545,203.47771111398748
2018,MX,0.25921009801111117,0.11683129972645846,259.2427301366429,472.58931856622564
2018,ER,0.012377881239741163,-2.174013448219967,4.115486029466513,20.819301877881678
2018,CH,0.567999279101928,0.6341844049286388,244.7037801010038,626.9953734008246
2018,RW,0.041842801952836815,-2.600567993110494,9.660555331861485,66.4183732898818
2018,AF,0.021558603824045026,-2.223080568983399,-6.12225161836315,35.72062003500608
2018,ES,0.5699872107333286,0.33437132812198156,384.60474702050885,612.9588208359294
2018,MW,0.03671603249490251,-2.9063966082905885,5.702253426042382,58.58432612259822
2018,SA,0.24170364398512353,-0.1468867000339472,311.42211791958226,440.46342486733187
2018,MV,0.02633606320883167,-1.0872143773138725,20.66698098639812,46.16486835556518
2018,YE,0.03718412045526849,-1.8533447410218364,12.360026873855011,69.88320340662838
2018,SB,0.02377684254191754,-2.3634808336043673,6.906241343277275,33.78674027815718
2018,CG,0.04105751328636539,-2.4954909825332985,18.5150793724124,61.72011336590675
2018,MU,0.21078937854145113,-0.4346413320259301,264.7347233029529,364.13104182349343
2018,SC,0.1139758205275424,0.047677673008369954,156.3121995809379,221.8023804324162
2018,CF,0.018981979235705368,-1.5751938378194112,6.952251785302543,32.134013634023475
2018,ET,0.04652226641151813,-2.4012978917553864,8.23595878769027,80.08661729095431
2018,MT,0.28704648359104823,0.1465281722352553,339.16155807618486,503.42941525275825
2018,SD,0.03235353470974815,-2.2584325322846093,7.134949878954165,58.53310463600312
2018,CD,0.01766705887040372,-2.9356413825267222,-7.426781378517611,27.117293295884302
2018,SE,0.5821749643568618,0.5659119025757786,259.6020112131215,623.79012252525
2018,FI,0.543828871512394,0.5897103814800444,281.49388847632036,641.2827436127783
2018,MR,0.042153692814284646,-1.202813889215951,34.37417039265968,74.02070661910962
2018,CA,0.5340431625295531,0.4647670563904994,316.6757642551954,631.7916545252485
2018,AG,0.06511930959616939,0.017943452662446773,86.40864238270585,138.84259266114205
2018,MN,0.08052159143866199,-1.1211608601849103,81.31837732083586,155.00952418042908
2018,WS,0.09971948869746519,-0.1871557024405092,118.73557265462938,197.5099169994687
2018,MM,0.04568897414076422,-2.4196136319395274,-11.85661366872635,63.54489275092753
2018,SG,0.508023846595247,0.5290275227296956,324.2886455035372,635.0661182326631
2018,IL,0.4553953059250417,0.5175069424339587,309.47916814727984,633.4234360606888
2018,FJ,0.12160298074321041,-1.2876550138235014,110.23987869787646,218.00615474043124
2018,ML,0.0471699492908587,-1.9111046576744262,27.60372915032492,85.12282768781358
2018,BZ,0.13038792784851264,0.34189881374062414,167.31044269043483,265.53037070404395
2018,JM,0.08924445871844558,-0.9659423217610328,84.87379514239318,171.4365871692329
2018,MK,0.17143229967104365,-0.7683087385642207,190.27172516509577,318.665025687958
2018,FM,0.01016844349011303,-2.413790539692701,-1.8781850517200873,13.767245657765065
2018,SI,0.5031909467650836,0.4394268222250273,349.9252740149854,641.422933487312
2018,BY,0.25678870682438065,0.38423781908462185,258.5144412459171,472.1688476330426
2018,FR,0.5870859524504399,0.5779911470618674,226.63611876958046,614.3614836497788
2018,MH,0.08808881108550527,0.3747662232587275,132.7461855386496,179.6522548281145
2018,AL,0.11131054683657975,-1.1904962604461906,90.55601307421288,200.50397306257776
2018,SK,0.4379477067351829,0.399898662452233,353.6707444352737,628.4185602879479
2018,VU,0.035447782713558466,-1.5311342752853603,23.95035642886399,58.06707758033272
2018,BW,0.1135879746889845,-1.2525732952331499,139.04971175425388,209.24702905906875
2018,MG,0.0374556503999174,-2.5322155666991057,-9.667806026203733,55.374542477834
2018,ME,0.13218140078438434,-0.6669563205540735,157.15138768763453,257.0068522853656
2018,BT,0.02654543466133123,-2.138298718355054,6.747451407659214,43.42876035251992
2018,SL,0.029920683328403728,-1.8463661327343641,2.806767105400118,52.77889044194228
2018,MD,0.12270997276953668,-0.6916325529758031,127.14783282709983,228.04653644379027
2018,BS,0.12229719691298953,0.24106977513704345,183.02214582109403,246.13244646343952
2018,GA,0.05854007953979328,-1.1691572431077308,61.19386020425348,106.45599073119558
2018,SM,0.13579281388392203,0.2816913895897873,188.2260585013162,275.6617901714059
2018,MC,0.18154986711983048,0.5754847586944042,273.94657489035,364.8965941588683
2018,GB,0.5858457481376279,0.5575302795713029,249.46270437094597,616.3731413836848
2018,BR,0.24032780082165583,-0.0014833014910335199,246.561256312478,443.96479388000535
2018,SN,0.09846511643083572,-1.48364787675867,81.35692565294498,170.48870563477155
2018,MA,0.16686441798969262,-0.7147147535648786,177.61340658050327,308.4121071119524
2018,JO,0.19362123809272197,-0.7718545623668349,234.0890984998008,356.6976188255569
2018,SO,0.009973496524374023,-2.500232301783356,-8.235611445816236,15.688746268249975
2018,VN,0.1959611780947321,-0.47175907067919554,202.7291050806791,347.6667523072687
2018,SR,0.04518576356353917,-1.8071256822960284,17.050011385820184,70.87556971868251
2018,LY,0.03796573149729615,-1.4954785171248939,28.12432748533556,73.97794652063253
2018,BO,0.05202626530253821,-2.1600405255877138,11.06195353019362,89.19785999540757
2018,SS,0.015947750805618555,-2.638687175547126,-5.393078829583813,29.96566505767198
2018,AM,0.12661705440770546,-0.5876575232898358,129.30459271212573,239.30744215756343
2018,LV,0.3538771443134775,0.004631190847990768,374.62176373729466,551.6793617718671
2018,GD,0.05226082935401819,-0.920629319881957,48.8659159160134,106.4839820762458
2018,ST,0.021061095334374173,-2.372260294506129,4.3454849415472605,34.43462138830251
2018,BN,0.1063111896148486,-0.617695063594249,130.9975988866414,214.6324467930903
2018,GE,0.14416553135908317,-0.4517041823652206,149.28439703513718,280.44214342532814
2018,SV,0.09003108759511572,-0.898051872197468,74.1723038270918,166.3639103496197
2018,LU,0.47835020250064825,0.42489789008627604,360.54082771499293,635.3262068837713
2018,BJ,0.06650203664155943,-1.7247382626997956,51.711676879556286,119.97647794897443
2018,SY,0.06194347194539355,-1.308526216606478,42.52788414350901,118.00505975408858
2018,GH,0.08442270363561807,-1.9055180699050152,56.15307601282851,154.4243146166612
2018,BI,0.02241370619910506,-1.9438213089786966,3.818611572469117,44.11939412868988
2018,SZ,0.08337044294309791,-0.4916629238947188,86.27525464074463,158.060941232106
2018,LT,0.42332536061634624,0.059361322985691745,434.9588018800214,600.2339044621286
2018,TD,0.006832753350860041,-3.36558087174017,-5.955262372444097,9.386421374747773
2018,BH,0.15203252481516932,-0.5926074092643581,174.06383166767418,293.8957731764956
2018,GM,0.037375913182726005,-2.7847795567507236,5.908943781135708,54.5112965576943
2018,IE,0.4748039052347545,0.39949771223926156,386.0849585086673,637.9867868595826
2018,VE,0.0648856041897115,-0.5471665741194122,65.40698957797858,137.8067326943348
2018,JP,0.4916782540457185,0.9458634252666499,137.45022021001856,633.9428323724561
2018,LS,0.02413440947727697,-2.1313899383343036,-3.568873217763057,32.86912753782119
2018,TG,0.058244590946880385,-1.7370832965195393,37.11868915171124,99.1043246728086
2018,BG,0.3925113137137997,0.22190927979209066,363.5501496215013,588.3168496827632
2018,GN,0.04660504869187656,-1.2618947407892729,37.647226347409216,88.14815945250773
2018,LR,0.022614224204732098,-2.136236493165223,-0.434594748442645,36.89104418266207
2018,TH,0.28813436908472734,-0.043637661818228216,292.89442591885154,485.4815271897519
2018,LK,0.1221367872643131,-1.1974754270298504,99.82110555254047,219.01961385411582
2018,GQ,0.0070303770481132625,-3.280078109412499,-1.5878683138984306,7.431656095156047
2018,AO,0.016340953229200657,-1.451089889633772,4.440625953209291,30.08232675357402
2018,TJ,0.028174097504815403,-1.8536815378686746,8.913647934421512,52.80657502754768
2018,BF,0.05083953247043919,-1.7588187133745294,33.06719444480983,92.2045394948964
2018,GR,0.4190088896663005,0.0023522656291160024,455.9141515935289,601.4174945894432
2018,LI,0.1932173040407046,0.8599531434618126,268.97551084156055,392.97577934408883
2018,LC,0.08017138076296565,-0.09486207119069297,104.0192000160788,162.0748058469135
2018,TL,0.011670482317976334,-2.783040593197193,-7.825731124865278,17.911428565875315
2018,BE,0.5933183928840533,0.4516316056321141,313.0825869918328,609.349868687705
2018,TM,0.014376661077274757,-1.6420867140106201,1.557838367938627,22.16617678396648
2018,LB,0.24590089773564816,-0.5158445100273042,304.62993426119743,434.4242905504557
2018,TN,0.20796579551580116,-0.729361094303772,258.93590509585147,367.7297384599678
2018,GT,0.11181013135342258,-1.1272033562440054,81.8722825379365,203.85822238984818
2018,LA,0.05555165352226878,-2.094909937645285,4.926626448613787,83.60282768370308
2018,TO,0.017652045922141847,-1.8999786150350313,4.975780232250835,26.31615162854569
2018,VC,0.03765898913370501,-0.6411197555945723,31.993497617730313,72.92662292552603
2018,BD,0.06278270605692225,-1.6502215354572847,32.80689464479127,112.85988805392576
2018,GW,0.03263009322738121,-1.5621772784094088,25.605355509775897,58.67247752158195
2018,KZ,0.16062710724835233,-0.30908995826047275,172.35116084201306,317.7321391862434
2018,TR,0.38747839437020376,0.16597599536540913,366.0986842813554,583.417363533163
2018,GY,0.047085348632112535,-1.6269904427043875,28.289667044083185,74.91060556070812
2018,KW,0.15213766809945972,-0.6664825334840131,188.07692465589594,298.70123862107124
2018,BB,0.16240868991319005,-0.12633575329269814,210.36460535071348,310.37283345153486
2018,HN,0.06242037370745961,-1.8249706739520564,18.346985822779427,103.58598384612687
2018,TT,0.10665151263242457,-0.8235744730161907,111.19558746201069,202.71796040154268
2018,KR,0.4889529632704411,0.7395925639834017,236.01177028059308,633.7455615308064
2018,BA,0.20439941974142548,-0.49905651772765197,230.51982409195517,376.31207849959225
2018,TV,0.00848711807072001,0.015224123266955079,10.286606091469544,19.133705296492238
2018,HR,0.3864579100035809,-0.006108124248048925,422.33751046343446,582.4541124812561
2018,UZ,0.058349728290583096,-0.9758652626389335,32.75619706743769,111.30481947911638
2018,AZ,0.07053018391354444,-0.4713281988746105,67.63800831220806,151.51989572927556
2018,TZ,0.06376214535856006,-1.9021424685409833,20.55063831116838,115.77257558403325
2018,KP,0.04020209578316672,0.7999608296385725,62.105117557564704,94.85676867540471
2018,UA,0.25591370385640155,0.3248306588344865,249.6873303232503,476.9585691146224
2018,AU,0.49811647654117536,0.35054841203159076,392.1085347987742,630.9343178654937
2018,HT,0.021953266946612586,-2.4976564115456403,-6.8512433189322675,30.174636437854364
2018,KN,0.1004789883639194,-0.1551295001512575,150.45804245035453,195.0236514741807
2018,HU,0.43683467428750017,0.38322313167177446,355.9521448094022,626.9937618933224
2018,UG,0.06176051637070387,-2.432581872906331,18.410138242094177,103.69068525566516
2018,KM,0.01970069350558162,-0.7534916820415373,21.246501415003674,38.418828235517275
2018,US,0.5569610535225177,0.5626566639817585,246.8627110585619,622.1368803208649
2018,KI,0.009177323504731537,-1.3815064271955444,2.9488943454952836,15.721572134845466
2018,AT,0.6104691222950956,0.6035773259978507,198.9455229029071,605.8190334117965
2018,ID,0.13360273769893993,-0.6988910685652192,105.41483683744227,246.18685137684187
2018,KH,0.07064458912593381,-2.0012802693272915,30.771107352148697,109.70162198875931
2018,KG,0.05481145786763431,-1.0867195836310708,31.962870483675765,103.5714088803606
2019,KE,0.08965213328511307,-1.838564127381027,52.0574734621542,154.40597401179883
2019,AR,0.20865167571829038,-0.2423559383529329,224.11152830318272,401.19817267598455
2019,UY,0.21253012131234178,-0.44597827226533604,253.75585935994528,391.20336884489427
2019,OM,0.15850116214053334,-0.928903614742252,166.0954002230789,298.38329854362235
2019,CZ,0.5317858436484016,0.541210020792289,278.4121301117065,641.4537891171555
2019,ZW,0.0637541160401316,-2.244151048013346,24.9576837442919,105.21691624275957
2019,IR,0.1918755419354249,-0.6266488090180662,221.26199206249603,358.41885849127755
2019,AD,0.18307949324948106,0.4331555927105364,238.8431430747518,356.6849847830403
2019,NZ,0.46071144800732633,0.20354504371102763,434.8046425376209,625.3912352803168
2019,PA,0.21538720897170974,-0.10842324366836337,246.95592042371607,389.3793332975428
2019,DE,0.6254443931924867,0.6649462574462511,100.06888105113244,602.0417248713726
2019,PE,0.14387681990110562,-1.0658906720906038,120.2327289426325,261.75895278958603
2019,CY,0.37694709226863526,0.07957026993252117,413.92109397379045,576.8991551593422
2019,NR,0.021667099674112185,0.04301132426162909,19.623394953075078,46.293131445189765
2019,PG,0.030577752346441788,-2.3598121955018754,0.14160337136535434,48.98067316730089
2019,IQ,0.06715536064480977,-0.9691485390805689,72.82651960181458,147.66742876356625
2019,DJ,0.024887931512346084,-0.8080950091318972,15.572422795370684,46.69438238230902
2019,PH,0.11200563404576408,-0.3795050558552315,93.81380851111675,227.73918119805555
2019,NP,0.06260033488917315,-1.734956768755839,40.23099208444721,116.19205995494829
2019,CV,0.027245936422679137,-1.2293884038616654,15.861130980488475,47.72990958342558
2019,DK,0.573766782678281,0.4043889807746829,341.23675746272596,629.1244993848873
2019,NO,0.481668136941392,0.44860020938995265,357.1481400177319,637.4563708240001
2019,CU,0.06463838443446204,-1.177032451700642,52.6750234189084,132.22848284300846
2019,ZM,0.059434544843145476,-2.3266917137287417,17.08400411536625,98.2164050866202
2019,PK,0.10576425282775268,-1.212114583563411,78.4173099224333,203.60205738713142
2019,IS,0.2914952483965778,0.012814896881501368,369.913014985401,505.2843340853934
2019,CR,0.17348829292444887,-0.5994737519695499,180.60897521829548,332.4580399240506
2019,PL,0.4940928796237932,0.3912565280051263,339.78418271007007,640.7107061968111
2019,AE,0.4190839890394563,0.08885144428167041,405.9792632624255,601.9203510743693
2019,NL,0.6180071939594268,0.4054019791295498,290.8456124761705,601.2966879324435
2019,DM,0.05833630840507951,-0.6437655325245812,56.77322804527765,114.92595831007813
2019,CO,0.1965484215005271,-0.2783769408621171,203.54120087181127,387.5612665147581
2019,PT,0.5007231108657633,0.16867655530698974,443.44324594645184,628.1656711233987
2019,DO,0.1098083208320656,-0.502809381584334,94.01242977069893,214.59408360815794
2019,ZA,0.30276923284516766,-0.2585848114718482,330.9373808987942,503.78922885097523
2019,CN,0.3992931299472805,0.5562032098298884,286.427749805049,593.8205420973824
2019,NI,0.054281966279390755,-1.9991475188257792,3.7238737572508036,83.68878025898562
2019,DZ,0.07724556814351867,-0.6213013755915757,85.60115822230709,167.39069851693395
2019,PW,0.01201958422467212,-1.548639320716897,9.083548849022137,17.49346616072861
2019,IN,0.16445736407587597,-0.06268878007714321,157.88290714732432,322.20783610735447
2019,NG,0.0565077781371268,-1.703266971972908,29.891111845335697,112.67568211539135
2019,PY,0.09581029078886717,-0.7669030344254792,85.00025396182878,190.12559433655446
2019,EC,0.12270558792306632,-1.149824878705662,105.25734758953183,238.17702341899508
2019,QA,0.20489656246142512,-0.519829354755868,294.72197866232096,390.8121004000984
2019,NE,0.03341413458275266,-1.8029295937960208,10.215073465431725,60.09267092639339
2019,CM,0.09208885143790782,-1.408059682846734,79.37828492416035,175.05313363131464
2019,NA,0.09634951908881494,-1.3609703680532086,81.54590127529463,171.44496697382914
2019,RO,0.37238018278868246,0.27943838915658437,331.6308277901377,593.0736016476566
2019,EE,0.44958486429464944,0.2706128436373059,370.24758606290527,626.2435300749695
2019,IT,0.5896445072993911,0.5170313293483024,256.7454785666876,616.9705489674622
2019,MZ,0.03634587782677424,-2.9074121439512326,-12.14611541576823,54.20753863980834
2019,CL,0.2915809768087634,-0.11625131576545618,320.6798248394478,509.91275358020886
2019,RS,0.35583173860723394,-0.054844542931572975,391.8641753048797,568.0505271984315
2019,MY,0.38098787293212166,0.15143422091131187,356.931636181077,585.8197964694249
2019,EG,0.154867134980972,-0.8240992945405342,148.84949596265275,295.896725388226
2019,RU,0.3187888096536222,0.45931990578213316,273.43111353481834,553.8856090140494
2019,CI,0.10504072540235672,-0.7200381877707196,109.86121016941208,208.6490749262333
2019,MX,0.2610862618869644,0.10046199742325033,251.86253837896646,479.7409067068038
2019,ER,0.014110453226298668,-1.5815960166248244,8.109135859403574,25.337326356768465
2019,CH,0.5627728829023626,0.6076455709780986,244.4080064112674,628.060434646601
2019,RW,0.04412428600844055,-2.5244088316868747,13.774222996099132,72.90954983697739
2019,AF,0.019895536677426568,-2.5446708620529557,-11.941057760930317,28.86590364002648
2019,ES,0.5704762977798196,0.32811616594317544,364.46413543360575,619.3973782926806
2019,MW,0.03601175624522918,-3.0453857013669574,0.13848237600683,55.54158906573139
2019,SA,0.25263193312061083,-0.14218860546716622,310.43957123980016,459.4881931070763
2019,MV,0.028125133043578117,-1.1157137323396649,20.344678757746262,49.174635824456224
2019,YE,0.03996499539941794,-1.6036870363636788,17.317223939508924,78.69844437061626
2019,SB,0.01679697140206775,-2.668191751798008,1.0342223182325156,20.425155228570944
2019,CG,0.0419292705527331,-2.737493094753529,15.274330214287229,60.952582413116524
2019,MU,0.2061968889816531,-0.3107609112443138,240.0643780797672,364.5726544696723
2019,SC,0.1411246560116546,0.23415274093944127,195.72133064596972,276.83355233639384
2019,CF,0.019739059694059927,-1.3208759476192078,11.945768914380608,36.90878268390642
2019,ET,0.04892284718475951,-2.5097444622575544,4.310690137010729,82.65854865436741
2019,MT,0.29609137174933503,0.237651799409447,327.3444620607406,514.941459125753
2019,SD,0.031304632731535754,-2.4805125615913233,2.287344477629655,54.87425773889519
2019,CD,0.016449575294518612,-3.164430375231786,-7.113566779651982,23.400946545082892
2019,SE,0.583339452685969,0.5522435175811238,246.19440314835077,626.0687063720605
2019,FI,0.5453434373491258,0.5468539946730158,286.5722841751115,642.2868861504492
2019,MR,0.027397178933930788,-1.3044105631405267,14.166253875720034,46.324211629655565
2019,CA,0.5380803159438474,0.4269355705810375,311.0996496855824,635.3965391120088
2019,AG,0.04146361395519408,-0.08203676840522857,46.846932737278756,87.25793895460451
2019,MN,0.09565853010229554,-0.9580346865489652,99.94918637866543,185.9469995583096
2019,WS,0.0918998041354106,0.008396364591731716,116.8105834370365,189.00316436142566
2019,MM,0.04879380174367185,-2.2997366140714486,-8.573268951046712,67.77504868399723
2019,SG,0.5090985720631229,0.5151655341107566,306.8800355573075,635.8700531958378
2019,IL,0.45551319098030696,0.4821030954844182,298.25460756922945,638.5683679059813
2019,FJ,0.12346520805858227,-1.1459953369021743,112.48674928256767,224.5562109111855
2019,ML,0.0521821945712793,-1.6772067447784216,33.55637751278826,97.65332826857102
2019,BZ,0.13017700706343138,0.04720978984228425,167.57607766797278,254.70189559902465
2019,JM,0.09016804804977024,-0.8704188729492592,85.95026388516217,174.28013798345054
2019,MK,0.1740452460360792,-0.6863371639492799,194.4165798500079,327.2937767449397
2019,FM,0.008408140514053628,-3.0249783393176988,-1.4097676822944483,8.199466565821222
2019,SI,0.4966174447713462,0.4101523943045343,342.84031052114585,645.2601854829235
2019,BY,0.26483698417583146,0.30843407055700905,259.9822509939262,486.2452274879702
2019,FR,0.5858187355070048,0.5752139315693057,199.7834559554773,620.738019434302
2019,MH,0.0849706700880784,0.4155986080799982,127.5263817461465,177.49023899839526
2019,AL,0.12618301437991977,-0.9546185873502803,115.11046883697237,233.98228542145384
2019,SK,0.43090147749638924,0.4173633969471002,324.4495162527493,631.0897644079472
2019,VU,0.030468041829988586,-1.8070432045727258,22.100279860859946,46.399589959226375
2019,BW,0.10348992966652326,-1.3536179500197936,113.27367548886515,194.52341237358024
2019,MG,0.03579236860058047,-2.666675287290927,-11.163208228610973,51.94908866796304
2019,ME,0.11653744984033125,-0.8694299656268808,127.20487134563898,229.58772970376717
2019,BT,0.03165646245373298,-1.9796062195247575,16.153460671975925,54.111983359397094
2019,SL,0.03140121638460361,-1.7390612319716732,11.519309129884084,54.94101976765502
2019,MD,0.1622034315929632,-0.16593249617992908,175.5447096341894,314.78464012647197
2019,BS,0.11777097380768871,0.2229002293580246,171.62203877079,237.27238576944796
2019,GA,0.06203115036757866,-1.0714979148606838,68.35024334120234,116.53187628963782
2019,SM,0.13402992255505325,0.41534287310447926,180.9547082311129,283.6155785491616
2019,MC,0.19661099997965592,0.3782508127497826,281.78846691649954,388.45230024917646
2019,GB,0.581689009587484,0.5255391254647419,252.62615500890487,620.4268153023584
2019,BR,0.2350341942279141,-0.06099408052081297,232.6069157969496,441.3673168764987
2019,SN,0.10328966578729804,-1.132944501721365,92.81200406725368,191.6056278732518
2019,MA,0.16860946943168734,-0.7277089158665252,170.64501925208336,313.3245241082689
2019,JO,0.19989578073440525,-0.7791564487786741,239.33284064189186,369.6064431736258
2019,SO,0.009973557465993897,-3.0354022541731225,-12.840238373034717,15.199932847495102
2019,VN,0.21451954506374973,-0.3955313938431771,218.25225173506632,383.43164905737297
2019,SR,0.04850508499146476,-1.4984748255499953,26.267849727444393,80.11489871907655
2019,LY,0.047412578935259415,-1.5642345002830051,40.14648724287495,89.56697744833427
2019,BO,0.055639056977264324,-2.0601503895137907,16.5029956251781,96.6717210742828
2019,SS,0.023348699831208485,-1.8847462701455762,4.8545213663577265,49.76289815512395
2019,AM,0.13691470354807475,-0.4908030500521294,140.50576805935617,263.6406207353312
2019,LV,0.3610995047238187,0.044619929292775126,356.348438937866,569.4052168419456
2019,GD,0.05329821769341668,-0.9123762786134593,46.49787498912435,108.27753397033914
2019,ST,0.018351620393950302,-1.9867402962148288,7.770134738578773,30.90480535612457
2019,BN,0.10184175660613512,-0.9635606039099723,114.30949929020382,196.59502329652267
2019,GE,0.17792020719551693,-0.20619752816930478,190.2818667015567,344.0061744143573
2019,SV,0.09157370175990943,-0.6998112793446175,76.57823485769748,176.23838361465394
2019,LU,0.47951278186166846,0.4340989233973585,335.1538781967041,644.113767229276
2019,BJ,0.06655081562215295,-1.6597136353664228,52.77251018936248,123.21137343194187
2019,SY,0.06120054214688909,-1.190206721783917,40.34085016726423,121.50442665093107
2019,GH,0.09356381331451359,-1.853796137780631,68.740317951819,170.75391867998786
2019,BI,0.019501721602879215,-1.603641595542697,9.49836021641069,40.26512971773991
2019,SZ,0.09098295937663144,-0.46627246735297384,91.16924778837667,175.83139931792488
2019,LT,0.4356669904878318,0.14435624140601805,399.1645832511137,616.1221949861123
2019,TD,0.008077263792329358,-2.7998003767240514,-3.486597651793767,13.108803630544545
2019,BH,0.16414205408725882,-0.44093683288481156,193.3184366156162,320.4735750194907
2019,GM,0.036375493983920267,-2.750952905667935,5.130889293740823,56.00640530307722
2019,IE,0.47145948754502964,0.3842462454615442,369.9480296079428,636.0041667434784
2019,VE,0.06428925098603923,-0.44368874304739186,54.94626120860041,139.10816963229897
2019,JP,0.4924374958132727,0.8976578630487285,145.4287357503145,636.5584205032302
2019,LS,0.029050411575822912,-2.0559523577954306,-1.2396547083390812,40.5465807041406
2019,TG,0.061995181087472755,-1.7501456802905724,36.08391338517439,110.58195150201013
2019,BG,0.38468267770673753,0.1854934103305209,351.7856011222425,583.2319174402276
2019,GN,0.047393957968559296,-1.2543082689204679,40.49827578417216,89.14868464974167
2019,LR,0.020375972927472105,-2.2404310518908757,-4.351925588225919,31.79512286342719
2019,TH,0.2897756213074355,-0.008265812017319438,280.9612452216937,496.3695776131607
2019,LK,0.12683160103457772,-1.0656762408575273,100.67977827156243,227.5683876378445
2019,GQ,0.016040996641832093,-1.8490698109591979,10.100122461831093,25.411793532461278
2019,AO,0.013993871007885602,-1.453883542720106,5.237836628023601,24.784305941123932
2019,TJ,0.04339690061669236,-1.3193589258914808,25.829334160237334,87.55843500003544
2019,BF,0.05122791324320539,-1.6719980014219444,33.12629626095649,94.69066602733658
2019,GR,0.4228320210806463,0.005334568474228633,437.00976476333625,607.8438116788377
2019,LI,0.20518185749956322,0.8889228895327516,266.9539794209449,417.1326363014298
2019,LC,0.07958088472605636,-0.16097096672839198,96.24290043661797,156.55630163090316
2019,TL,0.014886572882190868,-3.042578330484772,-6.380060053225884,19.471983478573208
2019,BE,0.5919442499633671,0.4494628794174391,290.7909913971261,618.1255552646202
2019,TM,0.017804190797946116,-1.4712730508672618,3.9292400052876566,29.208005278305556
2019,LB,0.26174366326678417,-0.4674072086102878,322.1944342313177,458.2157452307412
2019,TN,0.2052303754255959,-0.7424275009330786,243.4348588515689,366.27499298412914
2019,GT,0.10747107927737685,-1.108662478172147,72.95359117129871,196.49562328950972
2019,LA,0.053352119685196514,-2.1846166354120844,-4.158866006266771,75.96446592288727
2019,TO,0.01575622183388166,-2.006050433271748,1.3094628121953442,22.244698304675495
2019,VC,0.04378225007348067,-0.15283615539927276,44.27924392103789,87.84590689815576
2019,BD,0.06691837986646491,-1.5158368587836684,35.67888153572197,123.007830464839
2019,GW,0.02048696143000115,-2.6914046544211616,-1.2167448621018044,29.89132289953981
2019,KZ,0.1783809211744214,-0.21474346902991637,187.69633156233152,349.5363294146821
2019,TR,0.39541733628740827,0.16663782968552743,354.2414012716426,593.2337202697784
2019,GY,0.04680897365635588,-1.135357755527181,36.52846503579969,83.13590725871414
2019,KW,0.15753554293224006,-0.44298380230781037,197.25553564815024,317.33103865207966
2019,BB,0.15902255492987893,0.10200497518378131,200.04229951153212,313.93706587583966
2019,HN,0.06932999331069704,-1.5558395560304137,30.356207208873354,118.91436129714448
2019,TT,0.10821961171505204,-0.7431736717388678,114.29367585222835,210.442596815593
2019,KR,0.48871732169118043,0.6807693752666576,251.33883973538025,633.2525327080843
2019,BA,0.19751721483957077,-0.39082123332678664,214.9285437020663,375.30859330324927
2019,TV,0.006419489764120184,-0.6168665471370642,4.075065734161491,12.125100495909678
2019,HR,0.3915782775182984,0.011659849108086082,404.64280981796827,592.0663040524373
2019,UZ,0.06348904689351788,-0.9244146117554158,36.225989431137116,121.31062447104979
2019,AZ,0.07416771889768525,-0.6185667233984568,63.05561828439432,158.6142703676519
2019,TZ,0.057576790327341566,-2.5100252542606936,3.1278937597742833,93.98528151580386
2019,KP,0.04156461893725844,0.7390261591894874,63.94409466167232,99.24662276046784
2019,UA,0.26329002981382627,0.31857584734794575,243.70938445702498,489.59267685587406
2019,AU,0.4948115534621258,0.31337500956786,390.34038062492635,627.7044843897762
2019,HT,0.022036422457356156,-2.884186996581753,-12.444172574716761,27.317185977624455
2019,KN,0.10667861591204846,0.33783874623159454,157.9857592953731,222.23464196440878
2019,HU,0.43928349899287367,0.3732579602476514,337.88245399085685,637.0378056623904
2019,UG,0.060109996398026375,-2.3017222262080512,13.361089514123123,104.76404197381243
2019,KM,0.022487164683889296,-0.5033823719900072,30.954654010203452,46.77333401170942
2019,US,0.5557423803024607,0.535513541745181,239.56454873877482,627.3544876367953
2019,KI,0.006871057303355266,-2.186643596088564,-0.8086204492314693,9.016573528067843
2019,AT,0.6084235172172511,0.5941664250618977,182.6978053770539,613.2834543693106
2019,ID,0.13916827967568116,-0.6784869239954625,107.21333212258476,258.4872921007595
2019,KH,0.07274407593013361,-1.7568480588835453,30.791623355465454,115.75991760948187
2019,KG,0.08334688792128488,-0.6845960129012584,68.09598081202104,162.19642532400502
2020,KE,0.09271699765149558,-1.779302669454487,57.148769746398244,160.97997403953005
2020,AR,0.2091984692630875,-0.2506080326208059,233.66013020281508,396.67413974700116
2020,UY,0.21182169241152296,-0.356752639158516,256.4261232061121,389.8800791852432
2020,OM,0.17799562307619174,-0.957748570000585,198.03102974804784,324.1919548151971
2020,CZ,0.5275734481551988,0.5338359585641957,310.73532220703584,641.1737179162657
2020,ZW,0.06578267760900242,-2.165277733994608,27.943176994390853,112.7078653792159
2020,IR,0.19028182530348425,-0.6862000664037706,223.92754010683632,352.6322109083044
2020,AD,0.16295964390246254,0.4523419612001283,236.0571213525288,313.9332531005791
2020,NZ,0.4571578728253267,0.2298518293658007,440.19902376676464,615.3945980760859
2020,PA,0.2058708593412098,-0.07240357650675852,247.02468113106005,372.88931616207265
2020,DE,0.6269226396092945,0.6978419391548791,106.11924462263426,602.7112738978873
2020,PE,0.14762048007416573,-1.0671599276212356,128.3535083401277,266.3947617280755
2020,CY,0.37866512151529064,0.09502706495296015,429.1553453499157,569.4616940468587
2020,NR,0.009395274564786988,0.4058575600684289,11.316016862511056,21.699687235952766
2020,PG,0.036583500307449265,-2.0653763393213227,14.077458667352852,60.550678929645336
2020,IQ,0.07499330730217907,-1.101672187853882,80.34353936675014,158.93015331153183
2020,DJ,0.023444763832732904,-1.4764369777388668,7.727676592860039,38.77674228823702
2020,PH,0.11293838805482778,-0.40029235129657953,96.75575801794739,231.3881103343646
2020,NP,0.06555279674239872,-1.7279503383916068,42.350877366452686,120.62760210105978
2020,CV,0.06206206202012723,-0.13571961959938836,80.29188429713572,124.40449683754821
2020,DK,0.5724972229814598,0.4327635689049542,354.09483112251013,624.4955235446388
2020,NO,0.47704993024172754,0.44211572427289275,377.86787873976846,631.5748518174242
2020,CU,0.06998637664386795,-1.0573817713263434,65.05340356813545,142.20664837149795
2020,ZM,0.055181973148227245,-2.285896193782035,11.296345562286657,93.02740700750438
2020,PK,0.1069399901663115,-1.3290360813993314,81.35048491374798,203.1315756978612
2020,IS,0.2853579771463563,-0.06891987195931097,372.22267898918744,497.06798346479496
2020,CR,0.16589971207818027,-0.684346566696776,175.4988137012969,315.5387969620161
2020,PL,0.5008259327283757,0.38192634104710205,371.43922013438134,637.4126318429967
2020,AE,0.4340663540220847,0.07631946087468341,444.69410436877087,600.5499797143129
2020,NL,0.6209784380068871,0.4492583452990246,288.18171817784406,596.5187885438881
2020,DM,0.0874688935410449,0.04540584279904828,115.75504846179234,177.21012132164853
2020,CO,0.2015775591766788,-0.288207381546613,214.4212780467876,390.587593784073
2020,PT,0.4980061824337262,0.17639049046115685,466.9624196489501,621.6646426741513
2020,DO,0.09542445533248502,-0.8525644818958404,82.45701107310333,179.6422913013254
2020,ZA,0.2980142967309312,-0.26812150898621845,337.5508236354626,493.92336030973536
2020,CN,0.40524618729086465,0.5974615466253845,299.175435174766,591.873825574502
2020,NI,0.06150725420889171,-1.6459560925634515,20.688644884904082,100.34062080934228
2020,DZ,0.06864625301831258,-1.1642063538386094,65.15805147609163,141.3786202737547
2020,PW,0.010726089364518191,-1.057908034282864,9.225295623997896,17.704882209779644
2020,IN,0.16694131689817834,-0.06860930362063133,167.86030745736133,325.02848835287125
2020,NG,0.061492571012199355,-1.7734704131227095,29.047494950861267,122.30827533767352
2020,PY,0.09013534427493196,-0.6989418343825682,84.48144342781885,175.87706502527928
2020,EC,0.14139546104414993,-0.9859917973223556,133.29868923680124,272.2993316053448
2020,QA,0.22635631546371535,-0.4243755503397474,331.5169498081729,409.9751742907113
2020,NE,0.03075685035923081,-1.2869987655573027,16.786613479257767,59.108822260221224
2020,CM,0.08785042838406434,-1.3413122617252118,75.29470805046236,168.69333420337497
2020,NA,0.08792625434080349,-1.6614978149717012,64.08631498212287,148.94343641554102
2020,RO,0.3756185182543922,0.24596246234072228,369.72241826263553,589.6070489985487
2020,EE,0.45081991297716834,0.2201320407343919,417.49711948828167,618.502593993206
2020,IT,0.592849395308927,0.5535913050916907,257.84262042613835,616.7745582440081
2020,MZ,0.03721584655093878,-2.88436450615834,-11.795164860232092,55.3856438657707
2020,CL,0.2810840876401281,-0.1825356950016842,325.3410987443734,491.25502833949975
2020,RS,0.3520411459427891,-0.09852537670975163,408.43200084056855,557.9675495047616
2020,MY,0.38075091827905827,0.1418848321848666,381.63415494518966,577.5468720482289
2020,EG,0.15663406646294215,-0.930483615410314,155.16561503032185,293.2404479639716
2020,RU,0.32789301703094703,0.4704203661394646,292.30085718110695,556.6287062480101
2020,CI,0.09754605991530034,-0.7296247743142186,98.28611893322964,190.5311991501514
2020,MX,0.2570241704165837,0.0606868055001297,257.7611787032857,473.5228738448198
2020,ER,0.01626966401341902,-1.5297491207193026,7.143286069714531,31.200361078178346
2020,CH,0.5665395146509842,0.6427602318823133,242.55706431301104,622.7085980596023
2020,RW,0.052540683538021195,-2.3821305145056293,12.419767323395353,91.65793953825582
2020,AF,0.021265969818865197,-2.5217135342724735,-11.349440978579741,34.92585456442499
2020,ES,0.5714469510665312,0.3544353272255378,377.3054169748085,617.3784889633292
2020,MW,0.04101881942451617,-2.763282386317252,1.4110874780407106,69.84900978991918
2020,SA,0.2540379897205947,-0.24045279803069708,330.84052322285777,453.3151718971927
2020,MV,0.033329496235615354,-1.2097478984785448,26.1945893883451,60.15373930416141
2020,YE,0.04528010242253298,-1.8686664688037544,20.885405561766838,88.02577797857728
2020,SB,0.02476065334986282,-1.9386836918099342,15.426061246356632,35.42678974404064
2020,CG,0.046710869045113484,-2.3564966896286728,22.49094945983892,72.07474775464804
2020,MU,0.2012641939605434,-0.23909839000902525,252.7917783911607,351.84234191450065
2020,SC,0.12463469991100962,0.3592131079767975,178.85533774669824,247.30482522671363
2020,CF,0.017062188675059153,-1.0475685965715869,11.761949044203156,32.41692787284512
2020,ET,0.0515594267118405,-2.4873885735809256,4.995187616557184,88.22139014487256
2020,MT,0.29085261453541444,0.2065831539874841,341.0462830206108,502.8862317974989
2020,SD,0.03224624034755093,-2.565473322787956,1.3653279571770252,56.532799030054996
2020,CD,0.018262317501640278,-3.0496940179561483,-7.6725286550854115,27.47180390157857
2020,SE,0.5851845367607927,0.5733808033488271,259.12239051595503,622.0148606925818
2020,FI,0.546466582159978,0.5867045387199369,288.37100359052454,637.1106908653096
2020,MR,0.033627776715164384,-1.088878381385719,29.17073336858167,59.51124664621219
2020,CA,0.5350771515121077,0.44576478093963123,329.8819843401051,628.4027348383959
2020,AG,0.042116248521127934,-0.282123088901074,48.51472478684701,86.21009807132394
2020,MN,0.1083303119382054,-1.0066891918089067,120.39308045987377,206.53522978812794
2020,WS,0.10032359492419793,-0.011427238904911083,141.06417842705883,201.6819060233507
2020,MM,0.052693152714024596,-2.088703666717513,-0.8373149115535858,79.21448520307894
2020,SG,0.5073204546149075,0.5286709506958518,326.13111532874285,625.8053376669585
2020,IL,0.45242129935528547,0.5185424677005126,312.5749314755914,630.7375050280368
2020,FJ,0.10256389579074653,-1.4434329447435614,83.97289864039395,180.25759870132515
2020,ML,0.04009461892844635,-1.6275920315374892,22.130836811296103,76.14191432744146
2020,BZ,0.12556114193278162,0.2896352236978958,172.8242118895497,247.46147645501156
2020,JM,0.07736139075870453,-1.024759141356595,65.81977842897899,146.67025464957143
2020,MK,0.18221413003373807,-0.6997131049891062,206.7785642834883,339.4362091370045
2020,FM,0.01006804471710675,-2.920928980444797,-0.6868409486136539,10.214295680808497
2020,SI,0.5093006015136922,0.39777856920310645,375.9967953531315,642.026858699926
2020,BY,0.27613037665412854,0.40013078399370866,279.8180402610518,500.545264882993
2020,FR,0.5856645863920852,0.6063908301013575,215.73079481736903,620.4644991001204
2020,MH,0.09251375542923035,0.49276330475838354,141.83182901926162,188.94547502328885
2020,AL,0.13644938076410443,-1.010739150377711,133.56636984461625,244.21039144824292
2020,SK,0.4301798453050799,0.35082218382865044,371.0501199066323,625.3729776084965
2020,VU,0.018889504207065134,-2.39140886888355,4.897360775633715,24.034074462003375
2020,BW,0.06972167001408121,-1.753710016712024,56.2501550543328,129.55654656191138
2020,MG,0.03397210839803707,-2.693591158435467,-16.18497269557511,47.76732532998772
2020,ME,0.12439855203132419,-0.8884842880701358,142.60248536578356,237.31548147619054
2020,BT,0.040761393892020374,-1.896988761068613,26.77767500384213,70.58807829251137
2020,SL,0.03485656344093096,-1.4267122044267193,21.129730665928953,64.06394157493439
2020,MD,0.1494670651907687,-0.37314611564949746,172.96083378962496,285.41511244540555
2020,BS,0.11046194902614864,0.3055067999584981,164.59157683673956,223.76360161769006
2020,GA,0.0600222005529501,-1.213938262596542,64.61915694194435,108.55697283808117
2020,SM,0.14921743335291612,0.6159091160993088,206.06255461486222,311.8279768876282
2020,MC,0.19438318583241113,0.5409016479699406,282.8391740884094,379.78663094424894
2020,GB,0.5799760522266141,0.5420812869535839,276.71345850496476,614.7260028062399
2020,BR,0.23272147750319352,-0.12506742704794152,241.33517524383305,433.05032841633374
2020,SN,0.09079778769120159,-1.3290526911010196,71.98845982896943,162.6161532157893
2020,MA,0.1750138442071884,-0.6520876350223664,194.9552234997972,321.88431309202434
2020,JO,0.20055376440457345,-0.7927562584642129,243.72044635234488,363.6727650118897
2020,SO,0.01472514907820252,-1.721386223177117,-2.52460419863219,26.105818976037
2020,VN,0.2228926125241604,-0.3806486435337983,242.0958832428499,390.4409625821858
2020,SR,0.040896817397978014,-1.5594313796191535,27.179715326997552,65.39042010979678
2020,LY,0.04763315633807413,-1.5937013947372316,38.445462203649626,89.05139273418241
2020,BO,0.05345293826968377,-2.065290538928407,11.879317855476137,91.38287072134044
2020,SS,0.01881138387734141,-1.9197031819151646,2.927661699268887,41.59634976425932
2020,AM,0.13154954503550276,-0.479894420462306,136.5949533905512,255.707546508816
2020,LV,0.37588662779449533,0.07460698709551497,386.0748430321216,574.4680811284484
2020,GD,0.05431657530601752,-0.8845305199292247,48.04409322475988,113.33855536192996
2020,ST,0.03695997832466426,-1.935898401535964,27.978526621612794,58.705555316520716
2020,BN,0.09367901985752862,-1.2818536688114732,102.2494060018421,179.5035045447917
2020,GE,0.15987954770523705,-0.28998985165195446,177.9191319333462,310.8481160593933
2020,SV,0.09014761920508993,-0.6959990401228104,85.90472002943328,173.2937626761051
2020,LU,0.4812225114379587,0.463326556108336,349.58129880112415,635.4189966346909
2020,BJ,0.05090954635051517,-1.9930427443026895,26.722036471555615,90.06957710232717
2020,SY,0.06625086231206147,-1.1521527797229527,48.212895383019834,129.79305925915267
2020,GH,0.09367900052821783,-1.8610477079066217,63.182965396298734,171.62873565733636
2020,BI,0.019759706355569912,-1.6205480535347299,6.937407521742384,40.64710209629868
2020,SZ,0.09797030690556442,-0.3993558550350091,108.67286297873373,181.40907738439378
2020,LT,0.4405261860241341,0.15701705932946028,419.6065460298072,613.3993936636464
2020,TD,0.007212678517271246,-2.822915269113538,-2.180315678142637,11.143321608416962
2020,BH,0.1779722364104749,-0.5416713466471429,216.7406774064121,333.11957424072034
2020,GM,0.03182995503229253,-3.068115499366122,0.7558438851215583,44.73891100672405
2020,IE,0.4683631502308348,0.39605150752318213,393.94166769578743,620.4016667865193
2020,VE,0.06392122823486772,-0.4636646404446009,61.68717135260323,137.80504353732312
2020,JP,0.49353885910057294,0.9466027488979258,137.18721354830066,636.6675931349157
2020,LS,0.026220895212812248,-2.159240485683059,-2.4789093259195853,37.06032818358554
2020,TG,0.06048152755924052,-1.5188385552350492,44.5268923706314,109.32588522973543
2020,BG,0.39389314661215025,0.20514575631921483,378.5540447311032,588.2198175467032
2020,GN,0.03683629471490991,-1.2731124973606625,28.784723760228506,69.843646976656
2020,LR,0.023016925247401898,-1.9704621189367741,3.034016473175719,36.61392000136915
2020,TH,0.28696404007253307,-0.04455126475822137,298.30082524104864,493.26306675733514
2020,LK,0.1331583060045049,-0.9700015505203257,114.4853692152229,242.5622222152021
2020,GQ,0.012647151435455752,-1.4856748529726815,10.020528351792006,21.44279550245987
2020,AO,0.012984717147829386,-1.8408368584437949,-0.86671499509075,21.21812385692522
2020,TJ,0.04035676404185244,-1.2992661458848926,30.51212654477626,81.11843750885667
2020,BF,0.04568756691351106,-1.738496330190094,26.567712699340635,82.87100829336104
2020,GR,0.42698506370001743,0.00929649170212667,464.12908945545206,600.7962406598244
2020,LI,0.20554990481371,0.8964269835965268,276.6954652384479,402.2093306083004
2020,LC,0.07987919310081733,-0.22537700795785137,97.26350036985674,153.02847334606008
2020,TL,0.012765951202026032,-2.872264314025218,-3.459755527460753,17.125386219622854
2020,BE,0.5955122013560469,0.48624843224474495,291.7672630068386,612.1883488411382
2020,TM,0.016130843767276026,-1.0378041160314464,9.492283162582023,29.73614346214481
2020,LB,0.2501410164200063,-0.511245878801122,312.5607337348271,439.38102369641064
2020,TN,0.1967731566161101,-0.7954379613237414,240.43597017803458,354.5428667546103
2020,GT,0.11107213184285039,-0.9978781248419836,85.6831781109361,206.11737116593113
2020,LA,0.06141185519460434,-1.7433278174070075,14.72701917014887,96.7453784604726
2020,TO,0.01315485587050093,-2.6256516088287505,-2.876778119769972,13.794921123524498
2020,VC,0.06479666416705274,-0.2853624351655105,85.67761458804023,123.46564149040066
2020,BD,0.07106560050097228,-1.642709309440481,34.85028025485263,130.80895155491106
2020,GW,0.02702010937025774,-1.6170829551989123,19.26319525581586,49.56277151296733
2020,KZ,0.1781672877548605,-0.27790065733552005,187.90682166199096,349.1401705812125
2020,TR,0.39891711427310605,0.16340156616448115,376.5081197126137,592.8069093342617
2020,GY,0.04513396999458475,-1.2150282149861926,39.336702391994436,78.52148041919412
2020,KW,0.1635139517974705,-0.648212311765075,209.3537971463924,319.4058257797857
2020,BB,0.16794748800200096,0.2828485012284674,228.96785937192539,326.78108520614785
2020,HN,0.07112785605812506,-1.4895165612551646,37.158457002790215,117.51012394672364
2020,TT,0.1031947309240284,-0.9672073103834121,102.60938353109377,193.5626835350098
2020,KR,0.4920433137354543,0.6971750406181781,262.01018439050137,627.9594692207462
2020,BA,0.20324830023758675,-0.39852272758769586,227.37240989935512,384.18655670751167
2020,TV,0.007702329866994971,-1.1035083228935636,7.565088692674889,11.456829101423011
2020,HR,0.39247750891075406,-0.007455820866297501,432.8096876719927,585.645188663571
2020,UZ,0.06904445178642742,-0.8327380050451585,45.2445907425313,135.8904564396081
2020,AZ,0.08380252042431362,-0.647508390762215,76.5086300640508,180.57191384275987
2020,TZ,0.057501780228341286,-2.5830199612340112,-0.8251401371757494,94.12113819602801
2020,KP,0.04041109031653295,0.9985673125977715,67.26568072997856,100.177496032096
2020,UA,0.2610778792013922,0.35681026012219946,254.36227636084735,482.807639394513
2020,AU,0.49009293651903724,0.33338028206102127,404.1119020570537,615.939580502927
2020,HT,0.020567576551601532,-2.5615295548865227,-6.821143555656659,27.215073879799935
2020,KN,0.08586060454391631,0.11835570154268238,135.08243128174163,174.58904530585102
2020,HU,0.4562229437061,0.40512920071400876,355.7105674253659,639.0213128249726
2020,UG,0.061061762359888604,-2.2959339791090008,12.196584929091314,107.87999529640702
2020,KM,0.018546835063490398,0.0295112525327375,26.4832678826386,38.16546452726088
2020,US,0.548513444769114,0.5618188316483957,256.670641477911,623.7458037018775
2020,KI,0.009963030460972128,-2.5366492392441953,-0.8899371307927659,12.980243573027137
2020,AT,0.6082002735543713,0.6135869213748836,201.23453999858086,613.5129342982259
2020,ID,0.14226712846643755,-0.7063259493627039,115.76120841051161,263.77311041581214
2020,KH,0.07910137009654496,-1.608224640612292,40.09097985946485,127.52679585768949
2020,KG,0.0842181370671656,-0.7949666566740059,68.80686587480476,164.78078622632802
2021,KE,0.09918958125895552,-1.643195674755825,74.44507526321833,181.75135910010522
2021,AR,0.19949995471515242,-0.20686730670844622,236.2054913015716,405.3272074369494
2021,UY,0.2262823859713665,-0.20057059567309923,302.54429636559905,424.1348358799008
2021,OM,0.1881052283811517,-0.9265272434881376,234.8886610760518,349.34593625493704
2021,CZ,0.5198796737394155,0.564506816740241,354.5722126973668,680.3946123784261
2021,ZW,0.07009331156267251,-1.9912625275218696,42.37728910355062,125.57739548360018
2021,IR,0.18713871330665355,-0.6605215252621607,238.32013795269478,363.4414930385084
2021,AD,0.16937768685583277,0.6889856650560956,246.80111002970423,354.49824170090875
2021,NZ,0.4592881363682075,0.30865092058809857,469.7987213600715,663.0160403275783
2021,PA,0.17584197697216164,-0.2920283161610324,236.11803641949032,338.5641248107473
2021,DE,0.6257600800374489,0.7466530633328209,145.8178213344214,644.4464951447213
2021,PE,0.14996686346433058,-1.1237046582773285,144.88981974013933,280.352303339696
2021,CY,0.3721334243816299,0.02648583902253351,478.40421353350297,589.0959741156681
2021,NR,0.013801287128904842,-0.29989448711554206,14.452679305945862,27.212151185332576
2021,PG,0.026477564190285626,-2.7201933222717782,-2.3022088448195337,39.533360064028685
2021,IQ,0.07788926208172892,-1.0895066289131765,85.34815908386858,170.547313580567
2021,DJ,0.059907013896091314,-0.7780123669759863,48.48273704211731,118.29141198743501
2021,PH,0.11557202751909113,-0.3701304306795576,113.95230587737275,247.192979148947
2021,NP,0.06696356670690383,-1.6709456727263061,48.04131016911179,131.4192923657945
2021,CV,0.022048966894509848,-1.547797746216932,12.713956425640516,33.43198808521035
2021,DK,0.5730641246579734,0.4879202972561795,389.56835231280155,670.0823462687456
2021,NO,0.4653717896367987,0.5153003806249691,406.19982963057345,686.1162544855334
2021,CU,0.06783690253425613,-0.9256834435256378,70.02032230024895,145.79742853912495
2021,ZM,0.06511138821516464,-2.113298313188254,24.67619775012187,114.65072678558457
2021,PK,0.10933966816260411,-1.3095526702650024,90.61773626978082,214.35385374501442
2021,IS,0.2964700833739406,-0.00730099305753474,409.1991131641052,537.6839917299645
2021,CR,0.17308256997638533,-0.6484798317693803,206.55087347161512,340.5012208509844
2021,PL,0.49451652044700334,0.39036410512572295,418.746396691571,669.9621958351638
2021,AE,0.4403704609190768,0.08022931208679149,498.4931192262901,632.0196709285784
2021,NL,0.6196327570402226,0.4858074971477381,336.9180945242687,636.0225613198943
2021,DM,0.06834213754112596,0.039522075539611554,89.92417135251678,148.5364883552922
2021,CO,0.19715354165526813,-0.2882133530419874,229.65245285953017,399.8111722974981
2021,PT,0.49028324923890954,0.15948185246715915,524.3737525769171,652.1768489784373
2021,DO,0.091007898759626,-0.9293881162101659,75.58797342676344,177.85658137753194
2021,ZA,0.2927478729379712,-0.2606789835801409,358.8216813067308,515.2777248617971
2021,CN,0.41364056291045415,0.6865412604308034,328.9344113802164,604.0676498330726
2021,NI,0.050124038869967136,-1.8615095193511346,5.642800173979469,85.34089313535237
2021,DZ,0.0690283537536626,-1.1511995026587036,70.50330183523187,146.19410937469496
2021,PW,0.009804603024963903,-1.523975993492168,9.713665951191235,11.88073391583481
2021,IN,0.17423255383449482,-0.02013387661654197,195.65826254875196,352.96515903912723
2021,NG,0.061517376748134976,-1.6905043532171073,33.10530597429568,126.39570318852014
2021,PY,0.08241382447217373,-0.9072888442256001,75.45425780860148,168.7663921187678
2021,EC,0.1348761732961559,-1.0809729382389872,133.11361530511647,271.2519190443879
2021,QA,0.21996567431532696,-0.4777730590700536,337.2645784673064,425.551797695472
2021,NE,0.028242264930965436,-1.8468224480038646,10.392244444794043,52.34494581951721
2021,CM,0.09420785893707892,-1.374886356843845,87.35686397057363,187.10032891840882
2021,NA,0.09157281428090905,-1.6307968428109394,72.41295957883841,160.33714843602664
2021,RO,0.358546396956174,0.1615484604876422,401.41106862193345,607.7321864146993
2021,EE,0.4439273204346877,0.22580773461069203,457.46946091629775,652.2130283380474
2021,IT,0.5929903956997116,0.5812476003784273,313.9882992965684,655.8777264574048
2021,MZ,0.0359684665806816,-2.7865850627769198,-14.43870593127483,56.25564423016723
2021,CL,0.2855670929989699,-0.10182638266780247,356.2860398086221,524.7630141118262
2021,RS,0.3578437883725864,-0.10571929256110378,451.1250359378341,590.4346900084774
2021,MY,0.3771881059489039,0.14013112403810224,423.68789064974203,599.6221061477618
2021,EG,0.15989946462087085,-0.9413405224123946,174.95894501809695,308.10387194994706
2021,RU,0.3315019665565676,0.4807199629460717,327.09600581951224,588.6504388515531
2021,CI,0.10420811956249462,-0.7472614827154009,120.543682671652,208.62681459205876
2021,MX,0.2509350125891113,0.06401652096121174,284.17237085844357,488.815296122013
2021,ER,0.012730157425775627,-1.34658368067711,6.835159192910224,24.13157989466945
2021,CH,0.565630869556925,0.6862065507356183,285.6530698156481,675.71296115984
2021,RW,0.05142997191850611,-2.3998826896706786,14.811831058264797,89.06437655640126
2021,AF,0.022923146335709608,-2.674280779823524,-12.635821272795633,38.543347275671046
2021,ES,0.5689097577561648,0.3824546128657763,431.4522183054344,658.6931328694485
2021,MW,0.03982322050979935,-2.6258509874802844,7.650568576275749,68.18648093860712
2021,SA,0.2679215793462134,-0.13654373588371752,373.3239257624523,496.7616104656913
2021,MV,0.038469672152723206,-1.151288804153988,37.54435158171589,74.04939213621947
2021,YE,0.05612386023862138,-1.4295474742093048,44.04368815416966,114.57502902391981
2021,SB,0.01949242039459176,-2.6759606318564133,3.328665954459573,24.038453565693644
2021,CG,0.05061215828110827,-2.232818579172787,32.80544331836452,81.82422439574577
2021,MU,0.20288831901405988,-0.44199269685413817,264.16796558683706,366.7704368193284
2021,SC,0.1605327767612015,0.41196445991994585,246.54258301472822,315.25103169944094
2021,CF,0.01616461958066907,-1.0397528654939012,9.10994624702132,33.19047743032739
2021,ET,0.05985733719375541,-2.0470438310269246,24.02976342830971,112.24245053701935
2021,MT,0.28906074792818776,0.24448262158393747,368.4353812338676,528.6859809764019
2021,SD,0.03682659374739777,-2.266465685831184,6.817900648493193,70.15609117176017
2021,CD,0.016195890896346214,-3.3282711792512094,-9.91184380420865,24.37825417983841
2021,SE,0.5853701578638647,0.6509543373420054,276.7518060915992,668.1294084794312
2021,FI,0.5362140837445125,0.6238515206214496,335.7946372376076,683.0857321501819
2021,MR,0.0354683580681435,-1.247867027119974,34.02800816989472,62.82249462861452
2021,CA,0.536029473318648,0.5178010094098522,354.14367085054613,674.1020780193932
2021,AG,0.0459579585186572,-0.33798197985926137,48.503413152297995,92.05188611031397
2021,MN,0.0931307547317491,-1.0949448753803708,106.16663680912492,183.35705779959247
2021,WS,0.07755830143223645,-0.5696864233521953,95.20304694597407,147.98945927313412
2021,MM,0.049161914231694734,-2.0798310397691795,-1.2354135132627022,78.24796754847634
2021,SG,0.5071377017812,0.5729204489109032,366.1194057057424,669.8706586907153
2021,IL,0.4514628819690086,0.5606669061144606,354.5312835016569,675.4562990182098
2021,FJ,0.09994702560450437,-1.5264868047961784,79.23840248986214,180.34654484996193
2021,ML,0.046395646675621814,-1.8318185744668094,33.32664882247277,84.60749706001309
2021,BZ,0.09980088361339863,0.00042925650345286114,139.46782243493553,197.39018043269408
2021,JM,0.07559298146562296,-1.41422274336194,66.11404283799898,143.70687527110806
2021,MK,0.193258959375683,-0.703734338010138,230.5480614672278,372.3979052835439
2021,FM,0.00735469012433594,-1.5024904106528316,2.0100087142208234,8.915427788567362
2021,SI,0.49194399750691487,0.34995937912999076,452.5196752134097,682.6337751295056
2021,BY,0.278822611329054,0.37090796123041797,313.3462543153368,522.7399452082894
2021,FR,0.5842482353782936,0.6390685560965347,266.1891122334658,665.0490619583765
2021,MH,0.0711249489536959,0.5379724920129141,122.91343460166583,147.11741409979254
2021,AL,0.12330006529768876,-1.252660418994848,117.17108093235275,226.8332019374294
2021,SK,0.4205639769613022,0.35867192170080003,403.4752495804646,653.516102425814
2021,VU,0.033653486806670546,-1.1974299014896161,32.878228984402924,56.658746665934935
2021,BW,0.07221681050123173,-1.7116064385718144,64.53021717671744,139.38940859813505
2021,MG,0.037022128392438604,-2.3856633744062097,-3.3899943433165265,57.19725641550181
2021,ME,0.11703402982680174,-0.9636466678637622,128.2710321972987,235.84201775992946
2021,BT,0.03553034455225239,-1.915778603950026,23.320226418312124,61.28813867463915
2021,SL,0.026327137222045174,-2.307061921670954,6.300461583972558,43.207087112873666
2021,MD,0.1357473999624308,-0.609621795910803,155.31162066101157,262.68207480728626
2021,BS,0.11270266538028038,0.17036517021617265,162.77586751378365,239.96431212068524
2021,GA,0.07406451147058056,-0.97513327490031,87.48300542351974,143.31718227484177
2021,SM,0.12879115113180264,0.5249369369167368,193.54787493393817,280.4972336483345
2021,MC,0.197596471888267,0.5262606339635699,312.3663672393709,399.2206266060717
2021,GB,0.5754223575376246,0.6301592299499417,296.15725218294835,666.8589203134521
2021,BR,0.23276921908264733,-0.06338716589423825,262.88878234466387,458.54832963708253
2021,SN,0.0930534017733725,-1.462032432895731,86.54488003327296,168.18003032205084
2021,MA,0.18775323636580252,-0.6498781592803408,226.32823874171464,354.804188433275
2021,JO,0.19240152955998627,-0.9275407315048739,245.96161636477083,360.7548066035912
2021,SO,0.012685321240374454,-2.355349180699649,-5.122684821781164,22.55728329736884
2021,VN,0.2231188704477428,-0.3570386863712154,263.6894085593048,403.4928355808115
2021,SR,0.043007242677704095,-1.2829867183989867,22.776154889097526,75.41669049373533
2021,LY,0.051684384053890774,-1.6732391521059364,45.91419946755206,99.73693844965595
2021,BO,0.05371618340992355,-2.0094318779236904,15.501128946723576,98.08594843239051
2021,SS,0.02012820125555319,-1.9712619150422215,7.427599233179443,41.76487980506904
2021,AM,0.14957930267678893,-0.39943176024546223,180.95288748580228,295.88011909403923
2021,LV,0.38325161734116336,0.06639074733194744,438.3245857026002,606.7796865106322
2021,GD,0.047544504353711936,-0.8546973654951285,44.72125825768285,98.27943319575593
2021,ST,0.019203409019809572,-2.6152870245278157,6.784093880323768,27.718183988862535
2021,BN,0.12782979511474224,-0.6802387332292673,179.11822192177192,249.1277932770124
2021,GE,0.15697402612157277,-0.664355675185805,178.6951808883716,306.28536341837275
2021,SV,0.089536443156996,-1.0091801307394206,82.09985899768866,172.6135792779817
2021,LU,0.48355835345889114,0.5077216426651234,392.1517180089806,675.804132552879
2021,BJ,0.062400144680704005,-1.8715440214595078,48.35660746051343,111.51969851848264
2021,SY,0.06635970827219541,-1.428979855584491,40.79435081320797,133.59633432200278
2021,GH,0.0888694985188154,-1.9655614938754389,55.063416045819885,164.68172882674443
2021,BI,0.018020311990520788,-1.6142854705896417,5.919120281187514,40.02747748974872
2021,SZ,0.08602286445809049,-0.7403499291450871,84.479363255354,161.8112674921595
2021,LT,0.441113097385099,0.13969106801440778,476.65743204029343,642.2099176485898
2021,TD,0.010375120591226025,-2.0477296212599687,-2.1013524311746585,18.81369945259492
2021,BH,0.1700432850124177,-0.47620001570327,217.893733723977,334.66774738191174
2021,GM,0.02996652586739263,-2.775664053311851,3.5424819113103903,45.18166117667722
2021,IE,0.4694418988197628,0.4200810025248172,443.96766517168084,672.1225275533538
2021,VE,0.06647771156928309,-0.7486044324450407,65.9028400155331,143.88569182747324
2021,JP,0.493995951471093,1.001229900465389,177.10695192261954,672.4287483314208
2021,LS,0.03208163111734899,-2.081015909090312,6.131502284427049,47.80395564107311
2021,TG,0.07944927919246712,-1.2190486007741037,81.69376919829875,149.99139265368973
2021,BG,0.3857134428657715,0.16546601917822157,415.78765752444616,612.4382849529609
2021,GN,0.057100806027876275,-0.8180616834035966,68.58988066109771,114.67439277999509
2021,LR,0.023152854444186126,-2.2873955844893237,1.898320887225451,37.71233586300107
2021,TH,0.2943722293370198,-0.00927216883541819,333.7698116850534,520.2916325613846
2021,LK,0.1322108698372343,-1.1545532919144605,120.94520261813776,241.47626836889268
2021,GQ,0.00925540898052449,-2.4277863314368604,3.1635080520408825,13.679665221396801
2021,AO,0.01411642756733324,-1.8927265106396143,3.4463401137783958,22.968886445087744
2021,TJ,0.03884637672485332,-1.6704355666772208,16.46744812793576,77.70323680385813
2021,BF,0.05925555021704647,-1.1768856417541342,54.51325764088857,117.09841939315963
2021,GR,0.3959554858098828,-0.10281949105517156,494.46098190700883,619.9094254740655
2021,LI,0.20730704895322108,0.9010204698772959,304.0452994907595,424.40268519922813
2021,LC,0.07553439932271672,-0.1260535460696689,106.33077680541996,157.63173768081663
2021,TL,0.011906131553562403,-2.8796019542888587,-3.295414111124112,17.929635553109712
2021,BE,0.5857089927874379,0.5112852516574488,349.3434876804104,662.1371418741451
2021,TM,0.014184734239246639,-2.176652330702928,-3.9613335791508493,21.346190042086665
2021,LB,0.23399861585368514,-0.6474956734853818,318.30276867946793,430.2818100001772
2021,TN,0.20339448914243657,-0.7732340696527902,265.6203759975692,377.012764234474
2021,GT,0.1191121048170094,-1.065887081607789,104.54673579950517,226.19277751197333
2021,LA,0.049917441664037006,-1.861532063807094,3.7278405778840193,80.65751088825124
2021,TO,0.012264067760283152,-2.55621042414496,-5.0377384307564705,14.33700131507212
2021,VC,0.04995160846515125,-0.19344090394491995,59.896069761229235,102.17142722643494
2021,BD,0.07504389521428581,-1.6328119748766186,48.84264651151319,141.257525426115
2021,GW,0.034595391529700335,-1.298987708391665,36.26049725261843,65.18147448074666
2021,KZ,0.18915514820025625,-0.3452971219155065,224.88883656754481,383.7671244820843
2021,TR,0.40544147705315564,0.17509392638151733,424.5447477138989,621.5847519544161
2021,GY,0.03953902121209998,-1.2410562099299456,35.73641352155516,69.62368196596022
2021,KW,0.17391327390334516,-0.6820923913569321,243.57658577991162,346.32806973143573
2021,BB,0.1615041372472235,0.12524934534390714,239.10814108014034,308.06110845381085
2021,HN,0.06956294262114306,-1.5295409408853473,35.79505094168224,124.1144157105755
2021,TT,0.09752173299215952,-1.0275458719169865,99.15797939871305,188.3384226016894
2021,KR,0.497300956320987,0.7642070372514251,290.55684947729793,664.1674835895783
2021,BA,0.19883708025094238,-0.5045214821783569,242.3568004685053,378.48881159784895
2021,TV,0.00874394952206195,-0.23657972017056747,12.708331085666938,15.919711671751225
2021,HR,0.3816776081907213,-0.12844194554493324,477.55702544980346,604.8098643988925
2021,UZ,0.07846147888217099,-0.9664679711254951,53.36818061778441,156.52129798019473
2021,AZ,0.0822542277858012,-0.923882280222718,79.75075362541726,174.70872719025752
2021,TZ,0.058083570032743885,-2.4837274552016306,1.8807600459516574,98.10136062525669
2021,KP,0.029854711351874345,1.105866056577475,57.471857223546515,77.2128757457077
2021,UA,0.26245030005480674,0.32513052905406653,286.27516950446756,506.1077444689914
2021,AU,0.4909475685187653,0.3990318984254453,433.17085543305353,668.9748351477227
2021,HT,0.020354782163430958,-2.6169661959386614,-8.492204902317182,29.38433692601223
2021,KN,0.09854050056441013,-0.06203643093884317,155.7247108246298,195.67046263510906
2021,HU,0.42916604268580616,0.3830579505481425,398.62299937750095,663.271894436102
2021,UG,0.05976537352522786,-2.314077095178556,12.896156659336606,107.11402132127564
2021,KM,0.011083592022519866,-1.0474993445468928,10.269660274992878,18.860964720492753
2021,US,0.5451690778151179,0.6298209428264737,284.06520571603636,667.0702813056485
2021,KI,0.007712403119179926,-1.5948866822911216,2.0109059204508113,10.705263742927126
2021,AT,0.605157640664573,0.6620885506942112,246.75499981790696,658.0334938810342
2021,ID,0.1460973579680555,-0.6432499232779367,137.88658416273537,282.3247388520528
2021,KH,0.07595542117977096,-1.5970458405035612,42.597658771351945,127.95521544230505
2021,KG,0.0945214965233453,-0.9028759692718222,87.45029510702851,185.8917610472524
2022,KE,0.09247187287218837,-1.756127721061768,53.68795885300974,155.67618947683857
2022,AR,0.20829582456380677,-0.1585349556970079,231.26206281789035,400.15380404698584
2022,UY,0.21004140824499692,-0.2652077511184778,253.06822340265893,387.0222350067016
2022,OM,0.16734268177167227,-1.0457116264873485,190.05544906177533,293.9978066228829
2022,CZ,0.5273314754977455,0.5508974724312525,311.85666493000826,654.4101948070374
2022,ZW,0.07535606064555636,-1.7502071139559838,49.73303245944183,135.2372953639735
2022,IR,0.1951910909688539,-0.6182383898649314,233.9966506727674,357.1066372385305
2022,AD,0.15560967510662096,0.5010292165055127,217.38028191815465,316.6198982954563
2022,NZ,0.4441157438903955,0.2775040516631471,429.2550651461719,638.827677487923
2022,PA,0.17029136068936082,-0.18167852192606673,206.5944295549289,321.98247225843915
2022,DE,0.626620908367554,0.7045899045070431,120.60805481801705,618.4393212289613
2022,PE,0.1522165383575605,-1.0398319367374511,138.33444280823858,274.0971453707141
2022,CY,0.3585508559911514,-0.02502699818574034,431.4261842140935,562.0653920110517
2022,NR,0.01669486959137388,0.10049801150484472,16.837506841656666,36.058598932080955
2022,PG,0.027977953311306137,-2.635760416015055,1.9609346439008335,41.14925491676106
2022,IQ,0.07815983486105796,-1.2919588454237112,75.85639043910916,157.97699836488914
2022,DJ,0.07193540159635871,-0.5275726469300971,57.00257230553302,134.29007940642234
2022,PH,0.11817277362507074,-0.32045880152667244,105.73251928704444,242.97337024285284
2022,NP,0.06836268892246596,-1.6009765295365965,43.965988083104044,127.50498136936508
2022,CV,0.03275877608376863,-1.3869401289020242,19.818758392032823,53.8889980116746
2022,DK,0.5734047131883383,0.4635622018602099,352.5913282790886,645.8458247441071
2022,NO,0.4591912739443095,0.48040892380732464,375.6914785518766,654.2988101293356
2022,CU,0.07314684363656963,-0.789380891722074,72.97889420630612,153.26654699066188
2022,ZM,0.05915951671848435,-2.1176053153836487,16.93210030508744,98.91390111995126
2022,PK,0.11218075362012028,-1.304656529927309,89.24287391850802,206.90394776952243
2022,IS,0.26773950351451814,-0.09134790620472681,351.48990129022195,475.9770461051593
2022,CR,0.17466105374690483,-0.49788352688485316,194.69856899917707,329.21368206381186
2022,PL,0.5029659967771475,0.37559817950285007,380.7276697315511,640.2790543211613
2022,AE,0.4417786760000237,0.056003902935758396,467.5697214275798,606.7276482458254
2022,NL,0.6183262275031218,0.4690628459009043,292.95182793960123,610.0429968443499
2022,DM,0.0530313107287153,-0.4192138440870855,53.19454208115329,104.55977309110997
2022,CO,0.20745084728175792,-0.22096106571517546,229.06635944725187,401.7617181190016
2022,PT,0.48969456355626745,0.1346215723402524,486.3047463887166,628.7044594927032
2022,DO,0.10412360227661618,-0.7088094138625455,93.29826745000571,199.34568385256995
2022,ZA,0.28824955471010666,-0.2669290173284947,327.5202591305048,486.3371881196047
2022,CN,0.4254649462355745,0.6170451830843124,306.39484616448374,581.3702587446173
2022,NI,0.04913936637971394,-1.8723390532609112,3.073330450178501,76.61096906030278
2022,DZ,0.07037835971113553,-1.1655897049033528,67.79973172565172,139.2134478716482
2022,PW,0.013713714992734357,-1.4550383224933372,12.807905202797192,18.554330990269893
2022,IN,0.17636740238164117,-0.015374283270715189,184.61042146539606,337.57810953536455
2022,NG,0.06240265089527895,-1.782303005963278,29.038647227356233,119.05811493020072
2022,PY,0.08317180938993048,-1.0791822817230596,64.1451374066043,154.92578725064797
2022,EC,0.1297769709667189,-1.0696605558183412,117.06803418289545,248.96969011312007
2022,QA,0.23526612936580538,-0.24044244120743893,331.52407973795385,434.6572245078676
2022,NE,0.023083178820012307,-1.6906339611517078,5.236560073872653,41.93931870932315
2022,CM,0.07588314213441688,-1.4535471219641485,58.425239978381136,144.880371239248
2022,NA,0.08495287768064352,-1.7856222586487076,52.428936632958965,133.84902835259246
2022,RO,0.37166968738222605,0.12988897136289676,389.9706764592967,586.2545270783604
2022,EE,0.44700640731938257,0.18680917664721602,427.3849626525511,622.3953742157822
2022,IT,0.5958916176870953,0.5716048330853778,263.71384665996516,631.7897017703984
2022,MZ,0.03673537947469937,-2.7948199293969025,-10.80285744317152,53.49594371031973
2022,CL,0.29723555061700213,-0.012205206019481076,335.1535753942404,518.5699584802624
2022,RS,0.34656571359864646,-0.11823533743515732,401.3049430042686,551.4564347336981
2022,MY,0.3738087418570752,0.13520283908909356,389.84228575614947,568.0246570671852
2022,EG,0.16988219381035954,-0.8767357480440444,176.7177572317662,308.79092756012403
2022,RU,0.29846531405577886,0.4442733603139389,290.26806211188745,534.676271343674
2022,CI,0.07272720639042171,-1.1024173893870193,58.597304847970136,138.9660962141123
2022,MX,0.24812072136881605,0.06128599525739261,258.0830858767964,461.4485020029843
2022,ER,0.010036050588645169,-1.8900310184691624,-0.17365889472996993,17.02003062627386
2022,CH,0.5654708412059848,0.6666654592040687,243.1115951246798,655.8117089258387
2022,RW,0.057065163600301005,-2.192027001474371,16.701119357058676,97.77454285072129
2022,AF,0.02972465889789089,-2.3209101780424928,-7.206180372160072,52.59535717510116
2022,ES,0.568255725967373,0.36597142241274555,387.45838212568583,631.7729905963131
2022,MW,0.037843299020620835,-2.574415519357536,5.331049180745356,58.62981569193843
2022,SA,0.28258607934887614,-0.07168174099417365,364.07202616986024,490.4109906635369
2022,MV,0.029041775212633278,-1.8567477120629146,12.16620282462076,45.39397753907142
2022,YE,0.0494534183462488,-1.6793853587838832,23.55785166475409,97.77883494601863
2022,SB,0.014521326218994051,-2.744288099705579,0.3579083962139089,16.467999808501503
2022,CG,0.03916861750820608,-2.544761050190004,17.61659814184796,54.701953590900715
2022,MU,0.18982412517347258,-0.4480505635713341,223.25955197761863,340.7141157996174
2022,SC,0.1399999169988009,0.24582522605243956,194.8356240973591,270.844868430113
2022,CF,0.01345824930989957,-1.0590545926079724,7.058548848135014,25.178226203167362
2022,ET,0.06318570200182264,-2.012998130449064,25.804936885242586,111.88039059040912
2022,MT,0.2796902693678766,0.14087398197491183,336.047355242381,496.8673163976322
2022,SD,0.03647517216811548,-2.3515679788823762,3.6151576176752327,63.99451237569145
2022,CD,0.02063821449447527,-2.6268051001443298,-3.678834071803523,33.01985639849821
2022,SE,0.5776977174874679,0.596143207838782,265.05984002649103,645.7823181419261
2022,FI,0.5377218440990125,0.5785162040440671,308.0961285566757,661.8505321472071
2022,MR,0.018341686752798587,-1.8419637143178873,0.6528575845343938,27.47366760532995
2022,CA,0.5307082804543308,0.48166127659739566,327.8246615313814,643.0742684593184
2022,AG,0.07534082617348249,0.005577461727934393,92.39935444695952,154.76209939731365
2022,MN,0.10036023407162185,-0.9008353842685722,111.41883679269246,191.19627823419845
2022,WS,0.0643194698753081,-0.46761402356482756,67.30772601758247,123.13505838383283
2022,MM,0.04648737648354614,-1.9785286766515278,-1.9779872754877832,67.79480328847173
2022,SG,0.49681749155350974,0.5298849244294115,337.76779978284264,642.4430852625384
2022,IL,0.4460779060141067,0.5306374345979687,324.13685551271345,645.3764946771929
2022,FJ,0.10214822398983114,-1.6249210194998094,68.79305323118827,172.5839622153099
2022,ML,0.03338995693952785,-1.7380837261177637,12.525423843009039,60.15842086068055
2022,BZ,0.060380277361845876,-0.5219436392314862,54.528255866451836,109.33442063534035
2022,JM,0.08845468677815155,-1.2459998619003083,76.55661031499722,164.99859855273002
2022,MK,0.18286780388323698,-0.6647475363397674,197.72208878831327,335.9356658675459
2022,FM,0.007765757780034227,-2.19693288211252,0.17841242719389638,9.030029295388225
2022,SI,0.49233474010972017,0.3732812791253925,395.46466722365636,655.3752724193357
2022,BY,0.19661593228346905,0.3746619170456888,230.74499465621722,395.5253916844674
2022,FR,0.586681031835527,0.6149595394308018,224.34482670183056,635.5503401798833
2022,MH,0.0694683858973745,0.7015727061217729,111.68590606319326,148.78966659390474
2022,AL,0.11384710227711196,-1.2170479968790058,97.13712708481069,201.85383067524555
2022,SK,0.41903739848757443,0.344106432477508,363.55855261018394,629.159076158036
2022,VU,0.01697190202971508,-2.353649287010967,4.011176443571449,23.22431483794153
2022,BW,0.07338637628508886,-1.8915326070235874,50.362121730300665,128.52898852300783
2022,MG,0.03555991252830042,-2.376669827535762,-9.791945007867493,54.62107683411603
2022,ME,0.10445223991022694,-1.1052791296692468,102.81327104423744,198.17593024470054
2022,BT,0.03416537430533975,-2.375328763502957,8.946375458363205,48.37539344036242
2022,SL,0.034744138666822307,-1.8324566451578639,13.900104460498834,59.09841117863721
2022,MD,0.17115683115746333,-0.14327535581591358,197.89679277660906,330.0889777196926
2022,BS,0.11474039162106958,0.2622659098550491,166.08357657026642,233.2893486658568
2022,GA,0.03605605192064391,-1.9328238731743972,20.47486152156298,55.39900112981935
2022,SM,0.1273768304394473,0.5947839802840174,170.68922677709043,272.94261180394125
2022,MC,0.18759251846865496,0.6282705582575652,267.28596813165484,376.32032609605307
2022,GB,0.570343252246536,0.5971485136248943,272.27580256767504,643.1025477479321
2022,BR,0.23776059386587062,-0.005152804165983409,244.44630978213598,446.31660833960495
2022,SN,0.07414076059616684,-1.5879514620951527,42.67186415225208,128.9472808123098
2022,MA,0.18660423707007792,-0.659832850638461,211.3744627760532,338.9195338317617
2022,JO,0.21618021822099845,-0.7134710101752311,276.66323365787576,383.85091635723165
2022,SO,0.012842600205388518,-2.825600580566026,-9.92572955024177,19.528840870082327
2022,VN,0.22581110381968522,-0.3280429669610626,245.79795521743506,390.7790086382089
2022,SR,0.04912831314141366,-1.059140871094722,34.8616509488219,88.98259227706819
2022,LY,0.05008197293249507,-1.6811859204338537,36.830737034649054,91.99371734921196
2022,BO,0.05841448124554128,-1.6808830700422297,22.2620526397244,104.51568021598712
2022,SS,0.01504054577785027,-2.1080527852546984,0.9284416878321193,27.958813424120514
2022,AM,0.1853797967092962,-0.0418592042572944,205.66200883495395,352.00218442661367
2022,LV,0.3807512312968133,0.0475346090352413,400.4162877953703,580.091044906487
2022,GD,0.051672789803028536,-0.7151576372924967,51.96820118808186,99.44862766866122
2022,ST,0.024686072324153843,-2.340733017946337,9.840689050478497,34.77714968082126
2022,BN,0.11344521024666909,-1.3910385904077214,128.59843696626766,204.42875649411585
2022,GE,0.1800313453000686,-0.3020002812485975,185.3026934893383,343.8739439345469
2022,SV,0.09061327958476967,-0.8082489291101197,77.03705733015295,172.0243955364821
2022,LU,0.4849581734862809,0.4962142639790258,346.9537620889758,652.8340883304573
2022,BJ,0.04381953536664566,-2.2032004352981613,15.992292015399672,74.08313063672998
2022,SY,0.06744298890977254,-1.2831122050985708,43.27733985376597,132.24021128042233
2022,GH,0.09476559488319876,-1.8189458684526025,64.44353795040409,165.9166138000413
2022,BI,0.017579637213092955,-1.4485557684578307,5.392866301645178,35.833231703275075
2022,SZ,0.07418153731562917,-0.8256404231713651,58.91453748433903,127.8678111142295
2022,LT,0.4498153449584717,0.14944297218922875,437.25875996267126,617.9400255967448
2022,TD,0.007539037900571956,-2.839948617175661,-4.886327767472528,11.756626058012733
2022,BH,0.16949476751883485,-0.7416136946997361,207.88390604308424,312.0517369412815
2022,GM,0.04210887216442179,-2.1515435142684405,17.112659780881497,65.91500609054606
2022,IE,0.4635063311341514,0.40804241620646553,401.93652146500983,647.1335290267997
2022,VE,0.058672734265762055,-0.6172428014062359,52.51529089736302,122.89253606609961
2022,JP,0.4913622496293436,0.9606985673506843,152.68429622152107,647.0323401307212
2022,LS,0.03119409322224272,-2.2985643833400444,-1.321231601273905,40.799157654208244
2022,TG,0.046460975450403647,-1.9809027875496112,12.418747610837135,77.07100068021448
2022,BG,0.3851738578159527,0.1739014026799684,374.06714584077685,590.8532273096142
2022,GN,0.017012799282551297,-3.130628405290258,-10.730438286952063,25.653608870061127
2022,LR,0.023129355437205224,-2.2354018356649736,2.4164967202735195,35.17315055549433
2022,TH,0.2874152975506353,-0.10662979368864159,311.50172049819304,483.3643594467453
2022,LK,0.1291881855716238,-1.0603532696515807,107.43800222085932,229.91156103837835
2022,GQ,0.006909125264707479,-3.25739848702972,-1.1556328813377839,7.0572170324981345
2022,AO,0.014246449817966035,-1.5208922875374495,2.8822350218264288,24.036519729389983
2022,TJ,0.04306159827518577,-1.3747283713624212,23.665944846846017,84.63423199802465
2022,BF,0.03739680112500618,-1.952807668427351,12.40015246966927,65.53609881700676
2022,GR,0.39432153590306124,-0.08742353620507515,451.98016717610625,590.9829123170708
2022,LI,0.19546707563544174,0.7796722414283055,277.86203930326275,397.96046869843593
2022,LC,0.058697370082203826,-0.038237876431799905,70.1861063618793,122.55364697674916
2022,TL,0.014358732292446608,-2.248926208051668,3.408532182583675,21.386833899079406
2022,BE,0.580541362140671,0.47931191856521727,320.5692111211784,634.6239023350362
2022,TM,0.012584151424256576,-1.777496036279642,-0.653881070905528,18.85237658127004
2022,LB,0.23799756433032374,-0.5574066960212086,306.1261150396762,419.69604955123907
2022,TN,0.2080895023614093,-0.7296825844195248,246.55297679839953,363.8456281070735
2022,GT,0.11173782906660701,-1.0104454760476622,88.14140280516953,201.84973334920858
2022,LA,0.04462647971731028,-1.9319112830147527,0.11796475327683802,67.41680806821171
2022,TO,0.016948954076665544,-2.1221619845832165,0.5698687408976042,23.35044884036614
2022,VC,0.06759138247816475,-0.26935947559225176,85.11203082791705,134.65175735201467
2022,BD,0.07874395100341364,-1.5366364117375073,48.621874017639826,141.79526036350845
2022,GW,0.01493943197806046,-1.2508562138855237,6.984911210330107,31.745224265890936
2022,KZ,0.18697756771541596,-0.3348759413533052,202.31078130249836,362.2388589058757
2022,TR,0.4198646858734207,0.20534802148102446,389.24575683729194,604.931999534261
2022,GY,0.043906214603101804,-1.1023676316957458,38.59576834010024,77.08159948398396
2022,KW,0.18921365482548835,-0.452036441144106,253.3020391812753,364.58907001838986
2022,BB,0.17949051845185476,0.29883977967082714,237.44204595777686,338.1205571770148
2022,HN,0.06556980564083134,-1.6642825060456532,27.341037335066584,107.91330066879131
2022,TT,0.11490030747341193,-0.5744115863935484,126.29838638906342,217.78973402295824
2022,KR,0.49377420168742425,0.7290772368928347,262.5890183356792,635.5879471883635
2022,BA,0.19890209179003915,-0.5015026655156414,215.9179085006468,369.040857284029
2022,TV,0.012022259166699205,0.10392733851059718,16.92380391515652,23.01960782291687
2022,HR,0.3919301031529386,-0.059013703171165,442.8739706463172,584.4659530294871
2022,UZ,0.08913017510680027,-0.9003977268996297,62.621946101294284,172.8177545054911
2022,AZ,0.08064637793220512,-0.9211618320138946,72.39012233363846,162.38191798872293
2022,TZ,0.060226894315251044,-2.3432066903410758,6.503299790921514,97.57438240035593
2022,KP,0.034107759857472164,0.7983781493125667,58.34187096104692,81.77155675079914
2022,UA,0.25852811761727706,0.23428580118069728,267.424542260045,481.48979826791407
2022,AU,0.48806611230741515,0.39121031180033594,391.95076184034133,642.3538655032318
2022,HT,0.018859975154892232,-2.6386106502585474,-9.142233847255962,22.910637059463877
2022,KN,0.10091033388267372,0.12660622698037538,151.35900809645867,195.36380165746763
2022,HU,0.4280310530209838,0.2808617651465623,392.337185690525,627.1745867884929
2022,UG,0.061819138093475515,-2.2133036005113533,15.07824240068542,103.60240329075265
2022,KM,0.008408987499512589,-1.5826837788874952,4.584024899598242,12.057120409205167
2022,US,0.5441291611029082,0.5918729654434614,263.6983373782371,640.6904346510319
2022,KI,0.008288025300343099,-1.1818987808614576,3.8115324310636938,12.562284790132669
2022,AT,0.6052742383031027,0.6236808819107598,213.548443572838,634.074496124231
2022,ID,0.14957929916651613,-0.6530818611567581,128.46340228245998,272.9769790180465
2022,KH,0.07503138057468231,-1.5605799848098685,39.96179388679662,120.57059555075978
2022,KG,0.09767932299562906,-0.7511157395999426,77.79035896168068,190.41298786855472
2023,KE,0.09639089091433684,-1.7022388017010714,60.75922971635432,155.2939816066734
2023,AR,0.20769591287303868,-0.1976731544215575,236.0549928629834,371.2034981337276
2023,UY,0.2082730094384967,-0.38148008228440006,252.39455041525716,364.0855976746392
2023,OM,0.17713302383933255,-1.014857844246445,210.72679725989084,285.92311617074074
2023,CZ,0.5288857131440535,0.538580260672347,334.85075053692026,606.3831151796363
2023,ZW,0.05696478619315825,-2.3656403085291577,11.018009561280875,87.24787053717799
2023,IR,0.19507839660752846,-0.6330961057092184,240.55485527651666,328.678568957138
2023,AD,0.18171381076778742,0.7372176297046201,252.73393572916817,348.48607835695606
2023,NZ,0.45683387929546504,0.3062619324358176,431.49491652555156,596.5316714257183
2023,PA,0.16947162030064838,-0.2450566654749877,208.30505024098426,298.88491248257395
2023,DE,0.625552677279749,0.7329253349971837,117.36851378155228,572.8887475069448
2023,PE,0.15334978175098393,-1.1160853603168888,139.78948662732068,253.8980080359345
2023,CY,0.36020157047774304,-0.011287959320745132,435.2651127138683,528.9193850102072
2023,NR,0.021981179885635943,-0.27561697178289823,22.346299290087494,40.45287076642143
2023,PG,0.024309759912751902,-2.9125978089306757,-4.006942036882033,30.5339184266581
2023,IQ,0.08141921883512074,-1.403165509244002,78.01932903192309,149.9577288318424
2023,DJ,0.07615365734256038,-0.6705199330421577,58.771608158500634,128.92239080466967
2023,PH,0.11898656781802454,-0.31161903373464367,108.67816929294324,226.02170271317746
2023,NP,0.07070775330645176,-1.6960499223683245,46.27960003306507,120.57702583792609
2023,CV,0.030427428872742527,-1.03919886650873,22.631179195061883,44.71659288191323
2023,DK,0.5739086000727368,0.4758513391997609,358.9935936704675,596.9663872700642
2023,NO,0.4627706951155277,0.4696530273190231,392.4614422295876,604.5491283986158
2023,CU,0.05743410698384701,-1.0182866172904956,47.0614988787201,110.71941531239816
2023,ZM,0.05740231831444191,-2.328055575514324,5.326955403735884,91.18555477600253
2023,PK,0.11382807235667515,-1.3335285293086305,91.76530946926103,194.06660548283725
2023,IS,0.28186843552300667,0.035276375700519585,368.52824237109814,458.6278959023627
2023,CR,0.1730514110943107,-0.5209886184997125,192.55602408305208,300.84516833206254
2023,PL,0.5081723761946183,0.3836347294227897,393.14704421462,593.8332332316667
2023,AE,0.44733936247693296,0.06620627926926777,477.85357408770204,561.3947698779484
2023,NL,0.6187203399017004,0.4825615258752431,299.75311325211163,565.6398498480709
2023,DM,0.061990670946664925,-0.27381249727240514,68.82685538034784,111.62286798047528
2023,CO,0.21370442022434405,-0.22610449343424144,237.18284153234836,384.62470621822
2023,PT,0.4987885367489148,0.15971471708398566,493.07758500824997,580.9981957599402
2023,DO,0.09572844307381531,-0.823585951453391,77.58741689966016,166.88960424183614
2023,ZA,0.28719060943458313,-0.31964112050481985,334.2622770918088,447.10480260605794
2023,CN,0.4260946659178911,0.6248251477018101,320.238493606578,548.4825252098925
2023,NI,0.056451337324981594,-1.8030699182040564,9.537819645431139,83.90801099777335
2023,DZ,0.07231659784435636,-1.1380755586361126,70.57316966169317,132.85443800725005
2023,PW,0.011300873494812095,-1.0891122338242258,10.052625705996197,14.234673794416214
2023,IN,0.17922279680662329,0.011679976470167623,189.47459663084155,315.82232332336855
2023,NG,0.0639767150931965,-1.890197938423317,26.902393812950077,113.51212327602612
2023,PY,0.08110471084600335,-1.0483761676394223,67.63800127258102,140.82049374093899
2023,EC,0.13346064617769773,-1.176162063270474,118.4054273754925,237.17045481829464
2023,QA,0.26206551299867703,-0.17879064347812706,378.30958747608895,433.1559446238851
2023,NE,0.017677220794855585,-2.40360070681679,-5.67837692887697,25.556004850632988
2023,CM,0.07237226439088389,-1.6214493105728567,50.25473980744543,125.82111258994831
2023,NA,0.09436542115601676,-1.7071605064890438,67.66233317892603,143.16729614013067
2023,RO,0.3875826217521936,0.16616147697827005,406.2873958215842,553.6517139211458
2023,EE,0.45361450543577025,0.2062250732512806,434.7442514941496,584.0814381031174
2023,IT,0.5971244643905014,0.5862106328584596,269.7995976898855,583.777306712098
2023,MZ,0.03781657598938035,-2.8067113232391185,-14.91360500624474,53.202770809774485
2023,CL,0.2965557853115845,-0.040147169849785856,339.5288744395826,477.5142377703109
2023,RS,0.36297754565655943,-0.10122086027749146,432.4503278289509,523.7293568270758
2023,MY,0.38000289734668286,0.13844637125775092,401.09614518985086,530.2127592419672
2023,EG,0.1765841230859238,-0.9132470118410319,189.70524491357193,294.2963507435002
2023,RU,0.29485267894494005,0.3971386895125223,298.2575248695184,499.0635132018591
2023,CI,0.07853173095800008,-0.9357497516906987,70.77874805203169,142.21132916127877
2023,MX,0.24833442041476508,0.054679500284095,264.7120450886624,426.0501694608781
2023,ER,0.012697339861770327,-2.2918989240538723,-3.1364408782069892,18.984817480684747
2023,CH,0.5641341710877902,0.6921515652796117,246.19824365380686,608.2518980524867
2023,RW,0.052130558320961765,-2.3619493828309293,11.785607484149544,79.56091296415057
2023,AF,0.03317807484772374,-1.993675240594039,2.2944485645180794,52.82730752284481
2023,ES,0.5726105678925646,0.3865777748454824,388.07187913329824,580.7979458013816
2023,MW,0.03943334620700464,-2.74985607086102,4.683589961364498,57.575380186321844
2023,SA,0.28815876371877513,-0.041490781745427516,377.09388953047284,456.95301422411296
2023,MV,0.029479578142631167,-1.4877938067261098,18.88684454671566,45.035988177826795
2023,YE,0.052565094472892405,-1.6029896935983488,27.909742791863746,95.89084425712235
2023,SB,0.02410766659748172,-2.147966928340939,5.527021060157274,33.97987390258172
2023,CG,0.04586599267357091,-2.262098340137432,26.668943531694165,67.08947106419727
2023,MU,0.19392600788601058,-0.15870181198264835,229.10767765512844,332.06953566976665
2023,SC,0.13929497769200574,0.5039876973432,211.97559586343132,258.8361395864397
2023,CF,0.014269127523224153,-1.9231637738060334,3.2791539368279112,21.38818208050861
2023,ET,0.06172512276449749,-2.2095394440369494,20.87620190421192,100.99292490661573
2023,MT,0.29351655831594453,0.21486345041068802,352.11378507924934,479.43223653297326
2023,SD,0.03771198467683939,-2.325656453708965,10.542822692015122,63.02994861313192
2023,CD,0.018393530238052132,-3.2187878998206823,-8.224601172130194,25.022920367160694
2023,SE,0.5798428788127502,0.6138264611578873,268.4576207099278,597.3183572509845
2023,FI,0.536441694178101,0.5841302654954936,316.7733709268431,612.5576720137254
2023,MR,0.025000596749857204,-1.629577912922181,9.807571159293532,35.293045007505796
2023,CA,0.5324674788262748,0.4853733350530005,335.8271839224331,590.2803183800502
2023,AG,0.09516767117667344,-0.33400821288095095,109.98345270104437,178.50223913236815
2023,MN,0.11364043516593147,-1.1297114544814058,127.28588752209866,198.9459491567921
2023,WS,0.07855960757368897,-0.2835810091899945,95.64803650850804,141.15654249899856
2023,MM,0.047251601168165944,-1.9351574179730553,-4.3582905519355135,62.66731526786137
2023,SG,0.5003297740396992,0.543813472226826,350.61972721609163,587.7548360549915
2023,IL,0.4442367315050745,0.5372513317196685,333.44657780622697,596.4774985654478
2023,FJ,0.10409066027973228,-1.4247383255935793,80.13656086541984,162.48966987567945
2023,ML,0.037356305680122916,-1.606121227398635,21.120155180629364,64.36324108642546
2023,BZ,0.07655668420157298,-0.23976387578524536,77.77031750267948,136.64919860245794
2023,JM,0.06735729674070531,-1.2321141069854489,48.99763010901277,115.25398656548613
2023,MK,0.1939634486241719,-0.6365944074378085,222.4941528047648,328.431673953324
2023,FM,0.009942605840821513,-2.353308602248698,0.8190422068361676,8.900258050523256
2023,SI,0.4923808926394999,0.3843563481638586,406.7868352221395,601.1952890913295
2023,BY,0.19293073731384908,0.35557652054491895,235.6815415734144,368.3528153562885
2023,FR,0.5871471342393281,0.6454288392459686,218.60189762832837,588.4537563483736
2023,MH,0.06627506031076333,0.7947673593397805,112.81931955052447,132.12600936594703
2023,AL,0.15736738326834732,-0.8497648323254579,162.09972291053893,268.10643843698995
2023,SK,0.4265005308068557,0.3604795276845562,377.2144335971552,580.7435018471751
2023,VU,0.021980230667905446,-1.6172917993886473,12.886270914614979,30.271106767554144
2023,BW,0.07369729350290852,-1.9147420455967272,45.5616116710005,122.08845997517702
2023,MG,0.03793440218580587,-2.276335191789464,-6.188658688087781,54.360223430493384
2023,ME,0.1115924642379134,-0.8758039315007805,108.63724197660066,203.76914478864492
2023,BT,0.0355939105916241,-1.914295817799527,18.744221903730143,54.8424112147774
2023,SL,0.03032541111363016,-2.0823642686702617,7.676021800787467,45.24494779074951
2023,MD,0.1598769502490619,-0.4069144300328638,177.06616890950383,281.98465845595155
2023,BS,0.11615209047766882,0.5112873342986175,173.35895836473352,225.76231765145695
2023,GA,0.0455981227571425,-1.0930441310472352,48.064158449058894,75.2446633973802
2023,SM,0.14138120026464804,0.5315004270802979,197.52293603560108,265.2297288193234
2023,MC,0.1861228256036563,0.7096748444850834,275.24892615576607,361.1441123610564
2023,GB,0.5708988505712878,0.6172007967150595,274.9052623253489,592.2432282446554
2023,BR,0.24224566052730714,0.0060287844974396985,252.8047044978446,416.82657938869164
2023,SN,0.08414221416274655,-1.4394371168862472,58.32766237651285,140.28810330491052
2023,MA,0.1935960651156639,-0.6234939674547363,224.99913962081823,323.60490542318286
2023,JO,0.2235808965395745,-0.7519981657018969,287.54234073679356,362.66320174392285
2023,SO,0.019327659886649404,-2.8311459513480273,-6.320333560351895,27.047423228051752
2023,VN,0.22540965962397333,-0.34821278537822986,247.86781186456633,362.30258440273934
2023,SR,0.046479633232549236,-1.140132866545198,35.411316434768366,72.10403510174736
2023,LY,0.05513131409523614,-1.6500656836009024,42.31553883854537,96.17924254564606
2023,BO,0.05043152683598797,-2.0476507127488115,8.933829767871648,80.40939100091695
2023,SS,0.017032083522960633,-2.1286643246060946,-1.3441350806244527,31.785132031467683
2023,AM,0.19988668759994474,0.03261228420060007,229.4319961443947,348.8247148442953
2023,LV,0.3947418694042489,0.11193837806277984,409.1425518472189,544.376949970274
2023,GD,0.05458639205836545,-0.9498669939351551,46.16487216717752,95.95786693200715
2023,ST,0.023894782174701,-1.9138915307531081,14.844448494425885,35.29029953751734
2023,BN,0.106815897461632,-1.3184928977770374,121.47722915422968,179.1839965214537
2023,GE,0.17416350477572437,-0.4436810120226737,187.8633704207055,303.7147005323609
2023,SV,0.0945267309765999,-0.6837683905592778,83.34724790952187,165.00816458833742
2023,LU,0.47424965856748796,0.45461078539473154,378.73335668641533,605.7907161435544
2023,BJ,0.05000294124738014,-1.886477158883523,26.10938510989275,81.83398200515444
2023,SY,0.06975642345948671,-1.3524042645862149,43.35779886578028,126.95505560011982
2023,GH,0.09654500356881561,-1.8970804837502806,60.72998497487597,160.2281533662697
2023,BI,0.020621967303944753,-2.044020640411667,1.0980462674186964,34.287303253562776
2023,SZ,0.05994437107791755,-0.8850677504119235,39.21769927266844,95.51761141109908
2023,LT,0.4535486736467808,0.11580791932378418,462.1841079690582,574.6229966740984
2023,TD,0.008415893893510999,-3.040349417359787,-3.184058667419205,12.286232963722048
2023,BH,0.1796153895979688,-0.6411140840572203,228.64785077122608,308.1227496334103
2023,GM,0.08447555210787287,-0.5590324109789785,87.09607402514598,156.7260136072544
2023,IE,0.4674757977074788,0.41473734978293575,413.89135903367105,601.1678594519104
2023,VE,0.05932557771991814,-0.7548012676771424,49.46542730969174,115.88880329543025
2023,JP,0.49120474315643714,0.9903631473421762,157.4807742873338,601.7963953229734
2023,LS,0.034115290573206454,-2.283805553326254,2.962857789343291,42.894526406887195
2023,TG,0.05563727705761516,-1.7899275029615964,25.97886601749563,88.02956319258858
2023,BG,0.3827150972743585,0.11901982030989383,392.9072609244497,540.296155505309
2023,GN,0.03159318403554202,-1.7338631549935841,17.48297361657359,52.46880535352058
2023,LR,0.02458220638690529,-2.1652264364948355,3.3206008681935133,34.528598000013915
2023,TH,0.2895519584390506,-0.11734361752407547,321.64983644853135,451.1286695503848
2023,LK,0.13708019457799128,-0.9994846882240543,120.03874171733467,227.53119659514184
2023,GQ,0.006085709905141354,-3.2699395351074694,-1.1374661238025514,5.150551205397922
2023,AO,0.021086769429855868,-0.8280278388243917,14.190212245775987,36.48932660425973
2023,TJ,0.04208182079562539,-1.6162151344846778,19.607538132853605,73.03178957303227
2023,BF,0.04043249137922738,-1.8431855869401335,17.47959620190534,64.32323509218625
2023,GR,0.40809205073259913,-0.060406269093143415,473.8350582139524,552.5192637822678
2023,LI,0.19110544297106724,0.940541721300496,274.6341533605294,374.66820363685684
2023,LC,0.0721133319103139,-0.07271233477500713,92.67811281697362,135.67215855875884
2023,TL,0.013626728668071334,-2.101624900475103,4.031964880823051,20.212159360695825
2023,BE,0.5848309671790926,0.49606229519253375,323.1508359054288,586.8740407182884
2023,TM,0.017933829402404837,-1.4998676219047424,3.5546731864337837,28.1317746110281
2023,LB,0.25021288362598404,-0.5542868073145589,330.414217725561,401.2203079606221
2023,TN,0.20103943852713868,-0.8151581735939486,241.07657971876336,321.00080771079735
2023,GT,0.11743201790193439,-0.9676261490060464,98.29712992711838,198.3503314164267
2023,LA,0.05018640312447992,-1.9156686591399406,1.3297205712428177,70.91281997388502
2023,TO,0.019855521452741408,-2.0037077115121638,3.3421692816861386,24.064868265944607
2023,VC,0.05928131344848715,0.01896234700456239,77.38492164617038,106.46095930082424
2023,BD,0.07879913561608314,-1.5897758748095763,47.45386211617454,131.848612707535
2023,GW,0.011251037703755228,-3.2345614590891185,-8.094316479770397,12.132904672226578
2023,KZ,0.21638464238055338,-0.21634804364662272,244.02047491877457,384.63835426100394
2023,TR,0.42404799727123066,0.1994278207010595,405.06547865319794,562.7879226049911
2023,GY,0.04424569501729322,-1.3618694381301355,37.622027553277874,64.31881632332156
2023,KW,0.1880760573329334,-0.5873077834970835,259.4897583164879,328.29840585336086
2023,BB,0.1728947516640551,0.3143890400595736,246.59111541092713,309.32787013350725
2023,HN,0.07457987265005718,-1.4112234501677998,39.582856412099716,119.16097631387684
2023,TT,0.11943667939847719,-0.5794238982921273,143.71329201209667,208.02947681149368
2023,KR,0.49813997250224695,0.7441880044893159,269.92991022964344,586.6738879945439
2023,BA,0.20669227117923875,-0.5515505514323399,232.89187248564573,350.3866732690182
2023,TV,0.010423933019275045,0.45512538579382966,14.161776160960095,20.66295237190071
2023,HR,0.4030001668208876,-0.04447670215096635,462.113565418425,543.909047614102
2023,UZ,0.10690013805208212,-0.7469250737150536,90.30206814612343,193.32760803738296
2023,AZ,0.0785922366343694,-1.2124356020710476,59.19100907744436,144.6977107115454
2023,TZ,0.060686592217628094,-2.515831585494694,-1.453710973190937,90.07450388381902
2023,KP,0.02964369929863756,0.6359471210817731,52.050705910267226,63.178940979946326
2023,UA,0.26826992747694284,0.22097022795081883,282.15580256588703,466.49801293540685
2023,AU,0.49044614446607654,0.40728633128675734,396.8726856694875,593.9884738123079
2023,HT,0.019884781922701912,-2.652529599567258,-10.511338245674446,23.108196094457444
2023,KN,0.0951177983327968,0.2154396624432131,154.21998419181458,174.16852537740584
2023,HU,0.4376404949740234,0.2910014715009194,409.34744854925253,579.9311102755534
2023,UG,0.06411302066831918,-2.2827657628196096,14.06817876694207,102.24812686289978
2023,KM,0.011024611591011226,-1.0691699535977446,10.287780551373512,16.72684755145371
2023,US,0.5449248837563778,0.6096728999611212,264.32255363646675,590.6064870424898
2023,KI,0.009531267550246735,-1.4605490928330345,3.7534657780288243,12.034035939937727
2023,AT,0.6057431495719406,0.6417060038800088,218.7510862667052,587.2565693721509
2023,ID,0.15445499220079165,-0.6354048551867459,135.1843475809036,264.76287495456563
2023,KH,0.0840311690418716,-1.4747559692026764,48.19676846665823,129.06545912792478
2023,KG,0.07709013257205109,-1.3443630076859578,37.24996994992395,127.01420213934527
