Field ID,Field Name,Domain ID,Domain Name,Dimension Name,__index_level_0__
E - 29_0,"Fruit Preserves, Jams, and Jellies",E - K,"Food, beverages and tobacco",Entrepreneurial,0
E - 29_1,Vegetable and Potato-Based Snack Foods,E - K,"Food, beverages and tobacco",Entrepreneurial,1
E - 29_10,Soups and Soup Preparation Products,E - K,"Food, beverages and tobacco",Entrepreneurial,2
E - 29_11,Prepared and Frozen Protein-Based Meals,E - K,"Food, beverages and tobacco",Entrepreneurial,3
E - 29_13,Non-live Seafood and Edible Aquatic Animals,E - K,"Food, beverages and tobacco",Entrepreneurial,4
E - 29_14,Prepared and Preserved Vegetable Foods,E - K,"Food, beverages and tobacco",Entrepreneurial,5
E - 29_15,Plant-Based Protein Foods and Substitutes,E - K,"Food, beverages and tobacco",Entrepreneurial,6
E - 29_16,Processed and Prepared Seafood Products,E - K,"Food, beverages and tobacco",Entrepreneurial,7
E - 29_17,Dairy and Dairy Alternative Beverages,E - K,"Food, beverages and tobacco",Entrepreneurial,8
E - 29_18,"Processed Nuts, Seeds, and Snack Mixes",E - K,"Food, beverages and tobacco",Entrepreneurial,9
E - 29_19,Yogurt-Based and Probiotic Dairy Beverages,E - K,"Food, beverages and tobacco",Entrepreneurial,10
E - 29_2,Artisanal Organic Food and Ingredients,E - K,"Food, beverages and tobacco",Entrepreneurial,11
E - 29_20,Regionally-Specific Processed Japanese Foods,E - K,"Food, beverages and tobacco",Entrepreneurial,12
E - 29_21,Processed and Prepared Meat Products,E - K,"Food, beverages and tobacco",Entrepreneurial,13
E - 29_3,Processed and Preserved Fruits and Vegetables,E - K,"Food, beverages and tobacco",Entrepreneurial,14
E - 29_4,"Edible Oils, Fats, and Spreads",E - K,"Food, beverages and tobacco",Entrepreneurial,15
E - 29_5,Processed and Prepared Fruit Products,E - K,"Food, beverages and tobacco",Entrepreneurial,16
E - 29_7,Meat and Poultry Products,E - K,"Food, beverages and tobacco",Entrepreneurial,17
E - 29_8,Dairy and Dairy-Based Food Products,E - K,"Food, beverages and tobacco",Entrepreneurial,18
E - 29_9,Functional Foods and Plant-based Dietary Supplements,E - K,"Food, beverages and tobacco",Entrepreneurial,19
E - 30_0,Asian-Inspired Specialty Food Products,E - K,"Food, beverages and tobacco",Entrepreneurial,20
E - 30_1,"Culinary Spices, Seasonings, and Herbs",E - K,"Food, beverages and tobacco",Entrepreneurial,21
E - 30_10,Non-essential oil food and beverage flavorings,E - K,"Food, beverages and tobacco",Entrepreneurial,22
E - 30_11,"Sauces, Seasonings, and Condiments",E - K,"Food, beverages and tobacco",Entrepreneurial,23
E - 30_12,"Coffee, Tea, Cocoa, and Substitutes",E - K,"Food, beverages and tobacco",Entrepreneurial,24
E - 30_13,Baking Mixes and Ingredients,E - K,"Food, beverages and tobacco",Entrepreneurial,25
E - 30_14,Bakery and Confectionery Food Products,E - K,"Food, beverages and tobacco",Entrepreneurial,26
E - 30_15,Rice-based Food Products and Dishes,E - K,"Food, beverages and tobacco",Entrepreneurial,27
E - 30_16,Sweet Baked Goods and Desserts,E - K,"Food, beverages and tobacco",Entrepreneurial,28
E - 30_17,"Food, Ingredients, and Related Goods",E - K,"Food, beverages and tobacco",Entrepreneurial,29
E - 30_18,Specialty Tea and Tea-Based Beverages,E - K,"Food, beverages and tobacco",Entrepreneurial,30
E - 30_19,"Pasta, Noodle, and Rice-Based Foods",E - K,"Food, beverages and tobacco",Entrepreneurial,31
E - 30_2,Sugary Confectionery and Candy Products,E - K,"Food, beverages and tobacco",Entrepreneurial,32
E - 30_20,Functional Foods and Nutritional Supplements,E - K,"Food, beverages and tobacco",Entrepreneurial,33
E - 30_3,Chocolate and Confectionery Food Products,E - K,"Food, beverages and tobacco",Entrepreneurial,34
E - 30_4,Coffee and Coffee-Based Products,E - K,"Food, beverages and tobacco",Entrepreneurial,35
E - 30_6,Savory Filled or Wrapped Baked Goods,E - K,"Food, beverages and tobacco",Entrepreneurial,36
E - 30_7,Frozen Desserts and Edible Ices,E - K,"Food, beverages and tobacco",Entrepreneurial,37
E - 30_8,Cereal-based and grain-derived food products,E - K,"Food, beverages and tobacco",Entrepreneurial,38
E - 30_9,Grain-Based and Savory Snack Foods,E - K,"Food, beverages and tobacco",Entrepreneurial,39
E - 31_10,"Live Plants, Flowers, and Propagation Materials",E - A,Agriculture,Entrepreneurial,40
E - 31_13,Pet Food and Edible Pet Treats,E - K,"Food, beverages and tobacco",Entrepreneurial,41
E - 31_2,Fresh Fruits and Vegetables Products,E - K,"Food, beverages and tobacco",Entrepreneurial,42
E - 31_3,Fresh and Unprocessed Vegetables and Herbs,E - K,"Food, beverages and tobacco",Entrepreneurial,43
E - 31_4,Live Animals and Breeding Products,E - A,Agriculture,Entrepreneurial,44
E - 31_6,Seeds and Plant Propagation Materials,E - A,Agriculture,Entrepreneurial,45
E - 31_7,Natural Agricultural and Food Products,E - A,Agriculture,Entrepreneurial,46
E - 31_9,Unprocessed Agricultural Crops and Products,E - K,"Food, beverages and tobacco",Entrepreneurial,47
E - 32_0,Non-alcoholic and Low-alcoholic Beverages,E - K,"Food, beverages and tobacco",Entrepreneurial,48
E - 32_1,Fruit and Vegetable Juice Beverages,E - K,"Food, beverages and tobacco",Entrepreneurial,49
E - 32_11,Nutritionally Enhanced Sports and Energy Drinks,E - K,"Food, beverages and tobacco",Entrepreneurial,50
E - 32_2,Beer and Beer-Related Products,E - K,"Food, beverages and tobacco",Entrepreneurial,51
E - 32_4,Food and Beverage Products and Services,E - K,"Food, beverages and tobacco",Entrepreneurial,52
E - 32_7,Bottled and Enhanced Drinking Water Beverages,E - K,"Food, beverages and tobacco",Entrepreneurial,53
E - 32_8,Preparations for Making Beverages,E - K,"Food, beverages and tobacco",Entrepreneurial,54
E - 33_10,Distilled Spirits and Alcoholic Beverages,E - K,"Food, beverages and tobacco",Entrepreneurial,55
E - 33_12,Flavored and Infused Alcoholic Beverages,E - K,"Food, beverages and tobacco",Entrepreneurial,56
E - 33_13,Wines and Wine-Related Beverages,E - K,"Food, beverages and tobacco",Entrepreneurial,57
E - 33_14,Agricultural and Food Products and Services,E - K,"Food, beverages and tobacco",Entrepreneurial,58
E - 33_9,Alcoholic Beverages and Related Preparations,E - K,"Food, beverages and tobacco",Entrepreneurial,59
E - 43_0,Food and Beverage Service Establishments,E - Z,Services,Entrepreneurial,60
E - 43_10,Event and Meeting Venue Services,E - Z,Services,Entrepreneurial,61
E - 43_11,Food and Beverage Preparation and Service,E - Z,Services,Entrepreneurial,62
E - 43_12,"Lifestyle, Leisure, and Advisory Services",E - Z,Services,Entrepreneurial,63
E - 43_13,Online Hotel and Restaurant Booking Services,E - Z,Services,Entrepreneurial,64
E - 43_2,Food and Beverage Service Establishments,E - Z,Services,Entrepreneurial,65
E - 43_3,Restaurant and Takeout Food Services,E - Z,Services,Entrepreneurial,66
E - 43_5,Temporary Accommodation and Related Hospitality Services,E - Z,Services,Entrepreneurial,67
E - 43_6,Food and Beverage Service Establishments,E - Z,Services,Entrepreneurial,68
E - 43_7,"Hospitality, Accommodation, and Food Services",E - Z,Services,Entrepreneurial,69
E - 43_8,Temporary Rental of Event and Accommodation Equipment,E - Z,Services,Entrepreneurial,70
E - 35_0,Business Support and Administrative Services,E - B,Business services,Entrepreneurial,71
E - 35_1,Business and Commercial Management Services,E - B,Business services,Entrepreneurial,72
E - 35_10,Service-Based Sales and Distribution Facilitation,E - B,Business services,Entrepreneurial,73
E - 35_11,Automotive Parts and Services Commerce,E - B,Business services,Entrepreneurial,74
E - 35_12,Commercial and Advertising Event Organization,E - B,Business services,Entrepreneurial,75
E - 35_13,Retail and Wholesale Services for Goods,E - B,Business services,Entrepreneurial,76
E - 35_14,Business Data Management and Processing Services,E - B,Business services,Entrepreneurial,77
E - 35_16,Personnel Recruitment and Human Resources Services,E - B,Business services,Entrepreneurial,78
E - 35_17,Commercial Trade and Intermediary Services,E - B,Business services,Entrepreneurial,79
E - 35_18,Market and Business Analysis Services,E - B,Business services,Entrepreneurial,80
E - 35_19,Online Commercial and Marketplace Services,E - B,Business services,Entrepreneurial,81
E - 35_2,Retail and Wholesale of Electronic Goods,E - B,Business services,Entrepreneurial,82
E - 35_20,Beauty and Personal Care Retail Services,E - B,Business services,Entrepreneurial,83
E - 35_21,Advertising and Marketing Services for Others,E - B,Business services,Entrepreneurial,84
E - 35_23,Retail and Distribution of Health Products,E - B,Business services,Entrepreneurial,85
E - 35_24,Retail Services for Fashion and Apparel,E - B,Business services,Entrepreneurial,86
E - 35_25,Business Consulting and Advisory Services,E - B,Business services,Entrepreneurial,87
E - 35_26,Wholesale and retail trade services,E - B,Business services,Entrepreneurial,88
E - 35_3,Customer Loyalty Services for Retailers,E - B,Business services,Entrepreneurial,89
E - 35_4,"Marketing, Promotion, and Loyalty Program Services",E - B,Business services,Entrepreneurial,90
E - 35_9,Food and Beverage Retail and Wholesale Services,E - B,Business services,Entrepreneurial,91
E - 36_0,Real Estate Leasing and Rental Services,E - B,Business services,Entrepreneurial,92
E - 36_1,Electronic Payment and Money Transfer Services,E - B,Business services,Entrepreneurial,93
E - 36_10,Real Estate Management and Leasing Services,E - B,Business services,Entrepreneurial,94
E - 36_11,Payment and Card-Based Financial Services,E - B,Business services,Entrepreneurial,95
E - 36_12,Banking and Financial Transaction Services,E - B,Business services,Entrepreneurial,96
E - 36_13,Issuance of Payment and Loyalty Instruments,E - B,Business services,Entrepreneurial,97
E - 36_14,Loan and Financing Services,E - B,Business services,Entrepreneurial,98
E - 36_15,Financial and Asset Valuation Services,E - B,Business services,Entrepreneurial,99
E - 36_17,Securities Trading and Brokerage Services,E - B,Business services,Entrepreneurial,100
E - 36_18,Investment and Asset Management Services,E - B,Business services,Entrepreneurial,101
E - 36_19,Digital and Online Financial Service Provision,E - B,Business services,Entrepreneurial,102
E - 36_20,Blockchain-Based Financial and Payment Services,E - B,Business services,Entrepreneurial,103
E - 36_21,Credit and Debt Management Services,E - B,Business services,Entrepreneurial,104
E - 36_3,Insurance and Risk Management Services,E - B,Business services,Entrepreneurial,105
E - 36_4,Financial Sponsorship and Funding Services,E - B,Business services,Entrepreneurial,106
E - 36_5,Financial Consulting and Advisory Services,E - B,Business services,Entrepreneurial,107
E - 36_6,Real Estate Services and Consulting,E - B,Business services,Entrepreneurial,108
E - 36_7,Investment and Venture Capital Services,E - B,Business services,Entrepreneurial,109
E - 36_8,Financial and Service Management Solutions,E - B,Business services,Entrepreneurial,110
E - 36_9,Online Financial Information and Services,E - B,Business services,Entrepreneurial,111
E - 1_0,Industrial Adhesives and Bonding Materials,E - C,Chemicals,Entrepreneurial,112
E - 1_1,Physical Goods and Merchandise Products,E - C,Chemicals,Entrepreneurial,113
E - 1_10,Water and Waste Treatment Chemicals,E - C,Chemicals,Entrepreneurial,114
E - 1_11,Raw Chemical Ingredients for Cosmetic Manufacturing,E - C,Chemicals,Entrepreneurial,115
E - 1_13,Industrial Chemical Compositions and Materials,E - C,Chemicals,Entrepreneurial,116
E - 1_14,Food Additives and Processing Ingredients,E - C,Chemicals,Entrepreneurial,117
E - 1_15,Industrial and Scientific Chemical Products,E - C,Chemicals,Entrepreneurial,118
E - 1_16,Automotive and Industrial Chemical Fluids,E - C,Chemicals,Entrepreneurial,119
E - 1_17,Plant Growth and Agricultural Enhancers,E - C,Chemicals,Entrepreneurial,120
E - 1_18,Photographic Materials and Chemicals,E - C,Chemicals,Entrepreneurial,121
E - 1_19,Agricultural and Horticultural Chemical Products,E - C,Chemicals,Entrepreneurial,122
E - 1_2,Industrial and Specialized Cleaning Chemicals,E - C,Chemicals,Entrepreneurial,123
E - 1_20,Raw Industrial Plastics and Synthetic Resins,E - C,Chemicals,Entrepreneurial,124
E - 1_21,Fertilizers and Soil Nutrient Products,E - C,Chemicals,Entrepreneurial,125
E - 1_4,Scientific and Research Laboratory Chemical Reagents,E - C,Chemicals,Entrepreneurial,126
E - 1_5,Industrial Chemicals and Chemical Compounds,E - C,Chemicals,Entrepreneurial,127
E - 1_6,Industrial Biotech Ingredients and Enzyme Additives,E - C,Chemicals,Entrepreneurial,128
E - 1_8,Surface Treatment and Protective Coatings,E - C,Chemicals,Entrepreneurial,129
E - 1_9,Soil and Plant Growth Enhancers,E - C,Chemicals,Entrepreneurial,130
E - 2_0,Lacquers and Varnishes for Surface Protection,E - C,Chemicals,Entrepreneurial,131
E - 2_11,Industrial and Specialty Dyes and Colorants,E - C,Chemicals,Entrepreneurial,132
E - 2_3,"Colorants, Pigments, and Coloring Agents",E - C,Chemicals,Entrepreneurial,133
E - 2_7,Metal Powders and Foils for Artists,E - C,Chemicals,Entrepreneurial,134
E - 2_8,Wood Protection and Preservation Products,E - C,Chemicals,Entrepreneurial,135
E - 2_9,Building and Maintenance Chemical Materials,E - C,Chemicals,Entrepreneurial,136
E - 4_0,"Lubricants, Oils, and Greases Products",E - C,Chemicals,Entrepreneurial,137
E - 4_11,Diverse Consumer and Industrial Goods,E - C,Chemicals,Entrepreneurial,138
E - 4_3,Candles and wicks for lighting,E - C,Chemicals,Entrepreneurial,139
E - 4_6,Fuels and Petroleum-Based Energy Products,E - C,Chemicals,Entrepreneurial,140
E - 4_7,"Industrial Oils, Fats, and Lubricants",E - C,Chemicals,Entrepreneurial,141
E - 4_8,Industrial and Cosmetic Waxes and Derivatives,E - C,Chemicals,Entrepreneurial,142
E - 14_0,Fashion and Decorative Jewelry Items,E - D,Clothing,Entrepreneurial,143
E - 14_1,Jewelry and Gemstones (Natural and Synthetic),E - D,Clothing,Entrepreneurial,144
E - 14_10,"Watches, Clocks, and Watch Accessories",E - D,Clothing,Entrepreneurial,145
E - 14_12,Diverse Everyday Consumer Goods,E - D,Clothing,Entrepreneurial,146
E - 14_5,Bracelets and Watch Accessories,E - D,Clothing,Entrepreneurial,147
E - 14_6,Decorative Jewelry Pins and Accessories,E - D,Clothing,Entrepreneurial,148
E - 14_7,Jewelry and watch storage containers,E - D,Clothing,Entrepreneurial,149
E - 14_8,Household and Decorative Precious Metal Goods,E - D,Clothing,Entrepreneurial,150
E - 18_0,"Wallets, purses, cases, and key holders",E - D,Clothing,Entrepreneurial,151
E - 18_1,"Sports, Travel, and Utility Bags",E - D,Clothing,Entrepreneurial,152
E - 18_12,Leather Goods and Animal Skins Products,E - D,Clothing,Entrepreneurial,153
E - 18_14,Equestrian Saddlery and Horse Tack Products,E - D,Clothing,Entrepreneurial,154
E - 18_4,Varied consumer goods and accessories,E - D,Clothing,Entrepreneurial,155
E - 18_5,Variety of Functional and Fashion Bags,E - D,Clothing,Entrepreneurial,156
E - 18_8,"Umbrellas, Canes, and Accessories",E - D,Clothing,Entrepreneurial,157
E - 18_9,Travel Bags and Luggage Containers,E - D,Clothing,Entrepreneurial,158
E - 22_10,"Class 22: Ropes, Nets, Miscellaneous Goods",E - D,Clothing,Entrepreneurial,159
E - 22_11,Non-plastic padding and filling materials,E - D,Clothing,Entrepreneurial,160
E - 22_4,Natural and Synthetic Filling Fibers,E - D,Clothing,Entrepreneurial,161
E - 22_9,Protective and Camouflage Coverings/Tarpaulins,E - D,Clothing,Entrepreneurial,162
E - 23_2,Consumer Goods and Accessories,E - D,Clothing,Entrepreneurial,163
E - 24_1,Non-paper Table Linens and Accessories,E - D,Clothing,Entrepreneurial,164
E - 24_10,Textile Fabrics and Related Materials,E - D,Clothing,Entrepreneurial,165
E - 24_14,"Household, Apparel, Toys, and Sports Goods",E - D,Clothing,Entrepreneurial,166
E - 24_4,Protective Textile Covers for Home Furnishings,E - D,Clothing,Entrepreneurial,167
E - 24_5,Natural Fiber and Blended Textile Fabrics,E - D,Clothing,Entrepreneurial,168
E - 24_7,Blankets and Bedding for Sleep and Comfort,E - D,Clothing,Entrepreneurial,169
E - 24_8,Textile-Based Hygiene and Cleaning Products,E - D,Clothing,Entrepreneurial,170
E - 24_9,Bedding and Bed Linen Products,E - D,Clothing,Entrepreneurial,171
E - 25_0,Baby and Childrens Clothing and Accessories,E - D,Clothing,Entrepreneurial,172
E - 25_10,Footwear and Shoe-related Products,E - D,Clothing,Entrepreneurial,173
E - 25_11,Swimwear and Beachwear Apparel,E - D,Clothing,Entrepreneurial,174
E - 25_13,"Clothing, Footwear, and Headgear Products",E - D,Clothing,Entrepreneurial,175
E - 25_15,Clothing and Garments of Various Types,E - D,Clothing,Entrepreneurial,176
E - 25_16,"Underwear, Lingerie, and Sleepwear Apparel",E - D,Clothing,Entrepreneurial,177
E - 25_18,Coats and Jackets Apparel,E - D,Clothing,Entrepreneurial,178
E - 25_2,"Shirts, Sweaters, and Upper Body Apparel",E - D,Clothing,Entrepreneurial,179
E - 25_3,"Clothing Accessories: Scarves, Ties, Belts",E - D,Clothing,Entrepreneurial,180
E - 25_4,Athletic and Sports Apparel and Footwear,E - D,Clothing,Entrepreneurial,181
E - 25_5,Footwear and related accessories,E - D,Clothing,Entrepreneurial,182
E - 25_7,"Clothing, accessories, and household goods",E - D,Clothing,Entrepreneurial,183
E - 25_8,Headwear and Hats for Various Uses,E - D,Clothing,Entrepreneurial,184
E - 25_9,"Apparel Accessories: Gloves, Socks, Warmers",E - D,Clothing,Entrepreneurial,185
E - 26_10,Sewing and Needlework Tools and Kits,E - D,Clothing,Entrepreneurial,186
E - 26_4,Decorative and Functional Hair Accessories,E - D,Clothing,Entrepreneurial,187
E - 26_8,"Fasteners, Textiles, and Small Accessories",E - D,Clothing,Entrepreneurial,188
E - 27_2,Floor Coverings and Flooring Materials,E - D,Clothing,Entrepreneurial,189
E - 27_3,"Clothing, accessories, and home textiles",E - D,Clothing,Entrepreneurial,190
E - 27_4,"Carpets, rugs, and floor coverings",E - D,Clothing,Entrepreneurial,191
E - 27_7,Artificial Turf and Synthetic Sports Surfaces,E - D,Clothing,Entrepreneurial,192
E - 34_0,Diverse Consumer and Industrial Goods,E - D,Clothing,Entrepreneurial,193
E - 34_1,"Tobacco, smoking devices, and accessories",E - K,"Food, beverages and tobacco",Entrepreneurial,194
E - 34_5,Electronic Cigarettes and Vaping Products,E - K,"Food, beverages and tobacco",Entrepreneurial,195
E - 34_6,Smoking and Tobacco-Related Accessories,E - K,"Food, beverages and tobacco",Entrepreneurial,196
E - 34_7,Smoking Accessories and Cigarette Products,E - K,"Food, beverages and tobacco",Entrepreneurial,197
E - 34_8,Tobacco Products and Smoking Goods,E - K,"Food, beverages and tobacco",Entrepreneurial,198
E - 17_0,"Non-metallic pipes, tubes, and fittings",E - E,Construction,Entrepreneurial,199
E - 17_1,Specialty Films and Sheets for Industrial Use,E - E,Construction,Entrepreneurial,200
E - 17_10,Semi-finished plastic materials for manufacturing,E - E,Construction,Entrepreneurial,201
E - 17_11,Industrial Rubber Materials and Products,E - E,Construction,Entrepreneurial,202
E - 17_13,Industrial and Commercial Adhesive Tapes,E - E,Construction,Entrepreneurial,203
E - 17_2,Industrial Components and Process Materials,E - E,Construction,Entrepreneurial,204
E - 17_4,Building and Construction Sealants and Barriers,E - E,Construction,Entrepreneurial,205
E - 17_6,"Non-metallic seals, gaskets, and washers",E - E,Construction,Entrepreneurial,206
E - 19_0,"Construction Materials: Cement, Concrete, Mortar",E - E,Construction,Entrepreneurial,207
E - 19_1,Non-metallic Prefabricated and Transportable Structures,E - E,Construction,Entrepreneurial,208
E - 19_11,Non-metallic construction and structural materials,E - E,Construction,Entrepreneurial,209
E - 19_12,"Stone, Mineral, and Ceramic Building Materials",E - E,Construction,Entrepreneurial,210
E - 19_13,Architectural and Construction Glass Products,E - E,Construction,Entrepreneurial,211
E - 19_2,Plastic-based construction and landscaping materials,E - E,Construction,Entrepreneurial,212
E - 19_3,Non-metallic building panels and boards,E - E,Construction,Entrepreneurial,213
E - 19_4,Construction and Structural Materials/Components,E - E,Construction,Entrepreneurial,214
E - 19_7,Building and Road Surface Materials,E - E,Construction,Entrepreneurial,215
E - 19_8,Engineered and Processed Wood Building Materials,E - E,Construction,Entrepreneurial,216
E - 19_9,"Non-metal Doors, Windows, and Accessories",E - E,Construction,Entrepreneurial,217
E - 37_0,Business and Industrial Operations Services,E - E,Construction,Entrepreneurial,218
E - 37_1,Water and Waste Infrastructure Services,E - E,Construction,Entrepreneurial,219
E - 37_10,Installation and Repair of Security Systems,E - E,Construction,Entrepreneurial,220
E - 37_11,Laundry and Fabric Care Services,E - E,Construction,Entrepreneurial,221
E - 37_12,Building and Construction Services,E - E,Construction,Entrepreneurial,222
E - 37_13,Industrial Equipment Maintenance and Repair Services,E - E,Construction,Entrepreneurial,223
E - 37_14,HVAC and Appliance Installation and Repair,E - E,Construction,Entrepreneurial,224
E - 37_15,Building and Property Improvement Services,E - E,Construction,Entrepreneurial,225
E - 37_16,"Sanitation, Disinfection, and Pest Control Services",E - E,Construction,Entrepreneurial,226
E - 37_19,Advisory and Consultancy Services Provision,E - E,Construction,Entrepreneurial,227
E - 37_2,Construction and Industrial Equipment Rental Services,E - E,Construction,Entrepreneurial,228
E - 37_20,Professional Cleaning and Maintenance Services,E - E,Construction,Entrepreneurial,229
E - 37_21,Vehicle Maintenance and Repair Services,E - E,Construction,Entrepreneurial,230
E - 37_3,Electric Vehicle Charging and Battery Services,E - E,Construction,Entrepreneurial,231
E - 37_4,Construction Supervision and Management Services,E - E,Construction,Entrepreneurial,232
E - 37_6,"Industrial Excavation, Extraction, and Well Services",E - E,Construction,Entrepreneurial,233
E - 37_7,Repair and Maintenance Services for Goods,E - E,Construction,Entrepreneurial,234
E - 37_8,Maintenance and Repair of Industrial Machines,E - E,Construction,Entrepreneurial,235
E - 40_12,Technical and Specialized Processing Services,E - E,Construction,Entrepreneurial,236
E - 40_14,Custom Material Processing and Assembly Services,E - E,Construction,Entrepreneurial,237
E - 40_15,Renewable and Conventional Energy Generation Services,E - E,Construction,Entrepreneurial,238
E - 40_16,Industrial Surface Treatment and Coating Services,E - E,Construction,Entrepreneurial,239
E - 40_3,Industrial Metal Processing Services,E - E,Construction,Entrepreneurial,240
E - 40_5,Industrial Equipment and Machinery Rental Services,E - E,Construction,Entrepreneurial,241
E - 40_8,Custom Clothing and Textile Manufacturing Services,E - E,Construction,Entrepreneurial,242
E - 40_9,Photographic and Video Processing Services,E - E,Construction,Entrepreneurial,243
E - 6_0,Metal goods and hardware products,E - E,Construction,Entrepreneurial,244
E - 6_1,Metal Structural and Utility Products,E - E,Construction,Entrepreneurial,245
E - 6_10,Metal Pipes and Fittings Products,E - E,Construction,Entrepreneurial,246
E - 6_13,Metal Fasteners and Small Hardware,E - E,Construction,Entrepreneurial,247
E - 6_14,Metal Construction Materials and Structures,E - E,Construction,Entrepreneurial,248
E - 6_2,Metal Containers and Storage Solutions,E - E,Construction,Entrepreneurial,249
E - 6_4,Raw and Semi-Finished Metal Materials,E - E,Construction,Entrepreneurial,250
E - 6_6,"Metal Cables, Wires, and Accessories",E - E,Construction,Entrepreneurial,251
E - 10_0,Medical Implants and Prosthetic Devices,E - F,Health,Entrepreneurial,252
E - 10_1,Medical Diagnostic and Monitoring Devices,E - F,Health,Entrepreneurial,253
E - 10_10,Orthopedic and Medical Support Apparel,E - F,Health,Entrepreneurial,254
E - 10_14,Medical Imaging and Diagnostic Devices,E - F,Health,Entrepreneurial,255
E - 10_2,Medical fluid delivery and packaging devices,E - F,Health,Entrepreneurial,256
E - 10_3,Surgical and Medical Instruments and Devices,E - F,Health,Entrepreneurial,257
E - 10_4,"Medical, Surgical, and Dental Instruments",E - F,Health,Entrepreneurial,258
E - 10_5,"Infant care, sexual health, accessories",E - F,Health,Entrepreneurial,259
E - 10_7,Respiratory and Oxygen Therapy Medical Devices,E - F,Health,Entrepreneurial,260
E - 10_8,Medical and Protective Wear and Supplies,E - F,Health,Entrepreneurial,261
E - 10_9,Therapeutic and Massage Devices for Body,E - F,Health,Entrepreneurial,262
E - 3_0,Facial Skin Cleansing and Treatment Products,E - F,Health,Entrepreneurial,263
E - 3_1,Impregnated wipes and cleansing pads,E - F,Health,Entrepreneurial,264
E - 3_10,"Sun Care, Tanning, and After-Sun Products",E - F,Health,Entrepreneurial,265
E - 3_11,Cosmetic Oral and Dental Care Products,E - F,Health,Entrepreneurial,266
E - 3_12,Nail care and cosmetic products,E - F,Health,Entrepreneurial,267
E - 3_13,Essential and Cosmetic Oils and Gels,E - F,Health,Entrepreneurial,268
E - 3_14,Laundry and Household Cleaning Products,E - F,Health,Entrepreneurial,269
E - 3_16,Bath and Body Cleansing Products,E - F,Health,Entrepreneurial,270
E - 3_17,Moisturizing and Skin Care Creams,E - F,Health,Entrepreneurial,271
E - 3_18,Non-medicated Skin and Body Care Products,E - F,Health,Entrepreneurial,272
E - 3_19,Hair and scalp care products,E - F,Health,Entrepreneurial,273
E - 3_2,Laundry and Cleaning Preparations and Bleaches,E - F,Health,Entrepreneurial,274
E - 3_21,Cleaning and Decontamination Preparations and Agents,E - F,Health,Entrepreneurial,275
E - 3_3,Personal Care and Beauty Products,E - F,Health,Entrepreneurial,276
E - 3_4,Hair and Body Care Products,E - F,Health,Entrepreneurial,277
E - 3_5,Shaving and Hair Removal Products,E - F,Health,Entrepreneurial,278
E - 3_6,"Cleaning, Polishing, and Abrasive Products",E - F,Health,Entrepreneurial,279
E - 3_7,"Fragrances, Perfumes, and Scented Products",E - F,Health,Entrepreneurial,280
E - 3_8,Decorative and Corrective Cosmetic Products,E - F,Health,Entrepreneurial,281
E - 3_9,Wellness and Beauty-Related Consumer Goods,E - F,Health,Entrepreneurial,282
E - 44_0,"Health, Medical, and Scientific Services",E - F,Health,Entrepreneurial,283
E - 44_12,Animal and Veterinary Health Services,E - F,Health,Entrepreneurial,284
E - 44_14,"Health, Nutrition, and Weight Management Services",E - F,Health,Entrepreneurial,285
E - 44_15,Wellness and Therapeutic Spa Services,E - F,Health,Entrepreneurial,286
E - 44_16,Medical and Health Consultation Services,E - F,Health,Entrepreneurial,287
E - 44_2,Medical and Healthcare Service Provision,E - F,Health,Entrepreneurial,288
E - 44_3,Online Medical and Health Information Services,E - F,Health,Entrepreneurial,289
E - 44_4,Personal Beauty and Grooming Services,E - F,Health,Entrepreneurial,290
E - 44_5,Therapeutic and Rehabilitation Healthcare Services,E - F,Health,Entrepreneurial,291
E - 44_6,Nursing and Assisted Care Services,E - F,Health,Entrepreneurial,292
E - 44_7,Medical Diagnostic and Testing Services,E - F,Health,Entrepreneurial,293
E - 5_0,Wound Care and Medical Dressings,E - F,Health,Entrepreneurial,294
E - 5_1,Vitamin and Mineral Dietary Supplements,E - F,Health,Entrepreneurial,295
E - 5_10,Antimicrobial and Disinfectant Cleaning Products,E - F,Health,Entrepreneurial,296
E - 5_12,Medical and Veterinary Diagnostic Reagents,E - F,Health,Entrepreneurial,297
E - 5_13,Infant and Medical Nutritional Products,E - F,Health,Entrepreneurial,298
E - 5_14,Medicated and Dietetic Foods and Supplements,E - F,Health,Entrepreneurial,299
E - 5_15,Veterinary Medicines and Nutritional Supplements,E - F,Health,Entrepreneurial,300
E - 5_16,Medicated Dermatological and Skin Care Products,E - F,Health,Entrepreneurial,301
E - 5_17,Insect and Pest Control Products,E - F,Health,Entrepreneurial,302
E - 5_18,Agricultural and Horticultural Pest Control Products,E - F,Health,Entrepreneurial,303
E - 5_19,Pharmaceuticals for Disease Prevention and Treatment,E - F,Health,Entrepreneurial,304
E - 5_2,Pharmaceuticals for Disease Treatment and Prevention,E - F,Health,Entrepreneurial,305
E - 5_20,Miscellaneous Goods and Consumable Products,E - F,Health,Entrepreneurial,306
E - 5_21,Non-personal Deodorizing and Air Freshening Products,E - F,Health,Entrepreneurial,307
E - 5_3,Medicinal and therapeutic topical preparations,E - F,Health,Entrepreneurial,308
E - 5_4,Nutritional and Dietary Supplements Products,E - F,Health,Entrepreneurial,309
E - 5_5,Pharmaceutical and Medicinal Preparations,E - F,Health,Entrepreneurial,310
E - 5_6,Dental and Oral Care Materials,E - F,Health,Entrepreneurial,311
E - 5_7,Absorbent Hygienic Products for Personal Care,E - F,Health,Entrepreneurial,312
E - 5_8,Herbal and Botanical Health Supplements,E - F,Health,Entrepreneurial,313
E - 11_0,Industrial Heating and Combustion Equipment,E - G,Household equipment,Entrepreneurial,314
E - 11_1,Electric and LED Lighting Apparatus,E - G,Household equipment,Entrepreneurial,315
E - 11_10,Automotive Lighting and Electrical Components,E - G,Household equipment,Entrepreneurial,316
E - 11_11,Drying and Dehydrating Appliances and Equipment,E - G,Household equipment,Entrepreneurial,317
E - 11_12,Air Purification and Deodorization Devices,E - G,Household equipment,Entrepreneurial,318
E - 11_13,Ventilation and Air Conditioning Equipment,E - G,Household equipment,Entrepreneurial,319
E - 11_14,Household Electric and Non-electric Heating Products,E - G,Household equipment,Entrepreneurial,320
E - 11_15,Specialized Technical and Electronic Equipment,E - G,Household equipment,Entrepreneurial,321
E - 11_16,Lighting Devices and Illumination Products,E - G,Household equipment,Entrepreneurial,322
E - 11_18,Bathroom and Sanitary Ware Fixtures,E - G,Household equipment,Entrepreneurial,323
E - 11_19,Electric Beverage Preparation Appliances,E - G,Household equipment,Entrepreneurial,324
E - 11_2,Bath and Shower Fixtures and Accessories,E - G,Household equipment,Entrepreneurial,325
E - 11_20,Water and Gas Plumbing Control Components,E - G,Household equipment,Entrepreneurial,326
E - 11_21,Barbecue and Grill Equipment and Accessories,E - G,Household equipment,Entrepreneurial,327
E - 11_3,Electric and Gas Kitchen Cooking Appliances,E - G,Household equipment,Entrepreneurial,328
E - 11_4,Industrial and Domestic Filtration Systems,E - G,Household equipment,Entrepreneurial,329
E - 11_5,Heating and Thermal Management Devices,E - G,Household equipment,Entrepreneurial,330
E - 11_7,Refrigeration and Cooling Appliances and Devices,E - G,Household equipment,Entrepreneurial,331
E - 11_8,Water Purification and Filtration Devices,E - G,Household equipment,Entrepreneurial,332
E - 11_9,"Sanitation, Environmental, and Processing Equipment",E - G,Household equipment,Entrepreneurial,333
E - 20_0,Non-metal storage and packaging containers,E - G,Household equipment,Entrepreneurial,334
E - 20_1,Seating and Functional Indoor Furniture,E - G,Household equipment,Entrepreneurial,335
E - 20_10,Storage Furniture and Organizational Shelving,E - G,Household equipment,Entrepreneurial,336
E - 20_11,Plastic Fixtures and Construction Accessories,E - G,Household equipment,Entrepreneurial,337
E - 20_12,Pet and Baby Furniture and Accessories,E - G,Household equipment,Entrepreneurial,338
E - 20_13,"Cabinets, Storage, and Organizational Furniture",E - G,Household equipment,Entrepreneurial,339
E - 20_4,Household and Furniture Goods Materials,E - G,Household equipment,Entrepreneurial,340
E - 20_5,Mirrors and Picture Frames Furniture,E - G,Household equipment,Entrepreneurial,341
E - 20_7,Non-metallic hardware and fittings,E - G,Household equipment,Entrepreneurial,342
E - 20_8,"Beds, Mattresses, Pillows, and Cushions",E - G,Household equipment,Entrepreneurial,343
E - 21_0,Household Tableware and Serving Ware,E - G,Household equipment,Entrepreneurial,344
E - 21_1,Insulated and Cooling Beverage Containers,E - G,Household equipment,Entrepreneurial,345
E - 21_11,Non-construction glass goods and materials,E - G,Household equipment,Entrepreneurial,346
E - 21_12,Decorative and Functional Ceramic Tableware,E - G,Household equipment,Entrepreneurial,347
E - 21_13,Drinkware and Beverage Containers,E - G,Household equipment,Entrepreneurial,348
E - 21_14,Manual brushes for cleaning and grooming,E - G,Household equipment,Entrepreneurial,349
E - 21_2,Household Containers and Accessories,E - G,Household equipment,Entrepreneurial,350
E - 21_4,Bathroom and Household Cleaning Accessories,E - G,Household equipment,Entrepreneurial,351
E - 21_5,"Manual, Non-Electric Kitchen Cooking Tools",E - G,Household equipment,Entrepreneurial,352
E - 21_6,Manual Cleaning Tools and Materials,E - G,Household equipment,Entrepreneurial,353
E - 21_7,Home and Garden Care Products,E - G,Household equipment,Entrepreneurial,354
E - 21_8,Personal Care and Cosmetic Application Tools,E - G,Household equipment,Entrepreneurial,355
E - 21_9,Kitchenware and Tableware for Food Preparation,E - G,Household equipment,Entrepreneurial,356
E - 8_12,Varied Physical Goods and Devices,E - G,Household equipment,Entrepreneurial,357
E - 8_13,Manual Abrasive and Cutting Hand Tools,E - G,Household equipment,Entrepreneurial,358
E - 8_3,Manicure and Pedicure Tools and Kits,E - G,Household equipment,Entrepreneurial,359
E - 8_5,Hand-Operated Cutting and Trimming Tools,E - G,Household equipment,Entrepreneurial,360
E - 8_6,Manual Hand Tools and Implements,E - G,Household equipment,Entrepreneurial,361
E - 8_8,Table and Kitchen Cutlery and Utensils,E - G,Household equipment,Entrepreneurial,362
E - 8_9,Personal Hair Styling and Grooming Devices,E - G,Household equipment,Entrepreneurial,363
E - 13_7,"Heating, Cooling, and Climate Control Devices",E - G,Household equipment,Entrepreneurial,364
E - 15_2,Musical Instruments and Accessories,E - H,Leisure and education,Entrepreneurial,365
E - 15_4,Broad Range of Goods and Products,E - H,Leisure and education,Entrepreneurial,366
E - 16_1,Writing Instruments and Stationery Supplies,E - H,Leisure and education,Entrepreneurial,367
E - 16_10,Paper and Cardboard Packaging Products,E - H,Leisure and education,Entrepreneurial,368
E - 16_11,Printing and Reproducing Office Supplies,E - H,Leisure and education,Entrepreneurial,369
E - 16_12,Printed Promotional and Informational Materials,E - H,Leisure and education,Entrepreneurial,370
E - 16_13,Books and Printed Educational Publications,E - H,Leisure and education,Entrepreneurial,371
E - 16_14,Varied Consumer and Promotional Goods,E - H,Leisure and education,Entrepreneurial,372
E - 16_15,Printed and Artistic Paper Goods,E - H,Leisure and education,Entrepreneurial,373
E - 16_16,Office Stationery and Supplies,E - H,Leisure and education,Entrepreneurial,374
E - 16_18,Printed Instructional and Technical Manuals,E - H,Leisure and education,Entrepreneurial,375
E - 16_19,"Adhesive Labels, Stickers, and Decals",E - H,Leisure and education,Entrepreneurial,376
E - 16_2,Printed Cards and Card Accessories,E - H,Leisure and education,Entrepreneurial,377
E - 16_20,Disposable Paper Hygiene and Cleaning Products,E - H,Leisure and education,Entrepreneurial,378
E - 16_21,Paper and Printed Stationery Goods,E - H,Leisure and education,Entrepreneurial,379
E - 16_3,Plastic and Paper Packaging Materials,E - H,Leisure and education,Entrepreneurial,380
E - 16_4,Printed Educational and Instructional Materials,E - H,Leisure and education,Entrepreneurial,381
E - 16_5,Paper and Textile Decorative and Utility Goods,E - H,Leisure and education,Entrepreneurial,382
E - 16_6,Adhesive Stationery and Office Supplies,E - H,Leisure and education,Entrepreneurial,383
E - 16_7,Paper and Plastic Bags for Packaging,E - H,Leisure and education,Entrepreneurial,384
E - 16_8,Art and Craft Supplies and Materials,E - H,Leisure and education,Entrepreneurial,385
E - 16_9,Print and Digital Periodical Publications,E - H,Leisure and education,Entrepreneurial,386
E - 28_0,"Toys, Games, Sports and Gym Equipment",E - H,Leisure and education,Entrepreneurial,387
E - 28_1,"Children’s Toys, Playsets, and Accessories",E - H,Leisure and education,Entrepreneurial,388
E - 28_10,Sports Protective Gear and Supports,E - H,Leisure and education,Entrepreneurial,389
E - 28_12,Sports Equipment and Game Accessories,E - H,Leisure and education,Entrepreneurial,390
E - 28_13,Golf Equipment and Accessories Products,E - H,Leisure and education,Entrepreneurial,391
E - 28_14,Electronic Gaming Devices and Accessories,E - H,Leisure and education,Entrepreneurial,392
E - 28_2,Exercise and Fitness Equipment,E - H,Leisure and education,Entrepreneurial,393
E - 28_3,Coin-Operated Gaming and Gambling Machines,E - H,Leisure and education,Entrepreneurial,394
E - 28_5,"Sporting, gaming, and recreational equipment",E - H,Leisure and education,Entrepreneurial,395
E - 28_6,Fishing and Hunting Equipment and Accessories,E - H,Leisure and education,Entrepreneurial,396
E - 28_7,Tabletop and Card-Based Gaming Products,E - H,Leisure and education,Entrepreneurial,397
E - 28_9,Water and Snow Sports Equipment,E - H,Leisure and education,Entrepreneurial,398
E - 41_0,Personal and Professional Coaching and Training,E - H,Leisure and education,Entrepreneurial,399
E - 41_1,Streaming Online Non-Downloadable Multimedia Content,E - H,Leisure and education,Entrepreneurial,400
E - 41_10,Audiovisual and Entertainment Production Services,E - H,Leisure and education,Entrepreneurial,401
E - 41_11,Online Educational Services and Courses,E - H,Leisure and education,Entrepreneurial,402
E - 41_12,Cultural and Educational Exhibition Services,E - H,Leisure and education,Entrepreneurial,403
E - 41_13,Fitness and Wellness Instruction Services,E - H,Leisure and education,Entrepreneurial,404
E - 41_14,Event and Festival Organization Services,E - H,Leisure and education,Entrepreneurial,405
E - 41_16,Online Interactive Gaming and Entertainment Services,E - H,Leisure and education,Entrepreneurial,406
E - 41_18,"Leisure, Entertainment, and Recreational Facility Services",E - H,Leisure and education,Entrepreneurial,407
E - 41_19,Live Entertainment Booking and Production Services,E - H,Leisure and education,Entrepreneurial,408
E - 41_2,Organization of Competitions and Sporting Events,E - H,Leisure and education,Entrepreneurial,409
E - 41_20,Service Descriptions Specifying Field or Scope,E - H,Leisure and education,Entrepreneurial,410
E - 41_21,"Educational Workshops, Seminars, and Training Services",E - H,Leisure and education,Entrepreneurial,411
E - 41_22,Music Entertainment and Related Services,E - H,Leisure and education,Entrepreneurial,412
E - 41_23,Non-downloadable Online Electronic Publications Services,E - H,Leisure and education,Entrepreneurial,413
E - 41_24,Online Entertainment and Educational Information Services,E - H,Leisure and education,Entrepreneurial,414
E - 41_26,Education and Training Services,E - H,Leisure and education,Entrepreneurial,415
E - 41_3,"Educational, informational, and support services",E - H,Leisure and education,Entrepreneurial,416
E - 41_4,Organizing and Conducting Educational Events,E - H,Leisure and education,Entrepreneurial,417
E - 41_5,Broadcast Program Production and Distribution Services,E - H,Leisure and education,Entrepreneurial,418
E - 41_6,Educational and Training Service Provision,E - H,Leisure and education,Entrepreneurial,419
E - 41_8,Sports and Recreational Services and Facilities,E - H,Leisure and education,Entrepreneurial,420
E - 41_9,Publication and Editing Services,E - H,Leisure and education,Entrepreneurial,421
E - 38_0,Telecommunication and Conferencing Services,E - I,Research and technology,Entrepreneurial,422
E - 38_1,Network and Internet Access Services,E - I,Research and technology,Entrepreneurial,423
E - 38_11,Broadcasting and Transmission of Media Programs,E - I,Research and technology,Entrepreneurial,424
E - 38_12,Electronic Data and Information Transmission Services,E - I,Research and technology,Entrepreneurial,425
E - 38_13,Electronic Transmission of Multimedia Content,E - I,Research and technology,Entrepreneurial,426
E - 38_14,Database Access and Connectivity Services,E - I,Research and technology,Entrepreneurial,427
E - 38_15,Telecommunications Equipment Rental Services,E - I,Research and technology,Entrepreneurial,428
E - 38_16,News and Information Dissemination Services,E - I,Research and technology,Entrepreneurial,429
E - 38_17,"Service-related Exclusions, Limitations, and Clarifications",E - I,Research and technology,Entrepreneurial,430
E - 38_19,Telecommunications and Data Communication Services,E - I,Research and technology,Entrepreneurial,431
E - 38_2,Electronic Messaging and Communication Services,E - I,Research and technology,Entrepreneurial,432
E - 38_20,Digital Media Streaming and Transmission Services,E - I,Research and technology,Entrepreneurial,433
E - 38_21,Electronic Messaging and Data Transmission Services,E - I,Research and technology,Entrepreneurial,434
E - 38_3,Online Access and Platform Facilitation Services,E - I,Research and technology,Entrepreneurial,435
E - 38_4,Computer-Based Electronic Communication Services,E - I,Research and technology,Entrepreneurial,436
E - 38_6,Mobile and Wireless Communication Services,E - I,Research and technology,Entrepreneurial,437
E - 38_7,Online Forums and Discussion Platforms,E - I,Research and technology,Entrepreneurial,438
E - 38_8,Internet-Based Telecommunication and Information Services,E - I,Research and technology,Entrepreneurial,439
E - 38_9,Internet Audio/Video Streaming and Broadcasting Services,E - I,Research and technology,Entrepreneurial,440
E - 42_0,Business and Professional Service Offerings,E - I,Research and technology,Entrepreneurial,441
E - 42_1,Online Non-Downloadable Software as a Service,E - I,Research and technology,Entrepreneurial,442
E - 42_10,IT Support and Software Maintenance Services,E - I,Research and technology,Entrepreneurial,443
E - 42_11,"Architectural, Urban Planning, and Design Services",E - I,Research and technology,Entrepreneurial,444
E - 42_12,Hospitality and Food Service Provision,E - I,Research and technology,Entrepreneurial,445
E - 42_13,Industrial and Technical Engineering Services,E - I,Research and technology,Entrepreneurial,446
E - 42_14,Cybersecurity Consulting and Authentication Services,E - I,Research and technology,Entrepreneurial,447
E - 42_16,Medical and Biotechnological Research Services,E - I,Research and technology,Entrepreneurial,448
E - 42_17,Digital Data Storage and Management Services,E - I,Research and technology,Entrepreneurial,449
E - 42_18,IT and Computer Technology Consulting Services,E - I,Research and technology,Entrepreneurial,450
E - 42_19,"Website Design, Development, and Management Services",E - I,Research and technology,Entrepreneurial,451
E - 42_2,Technical and Engineering Consulting Services,E - I,Research and technology,Entrepreneurial,452
E - 42_20,Scientific and Technological Research Services,E - I,Research and technology,Entrepreneurial,453
E - 42_22,Cloud-based SaaS Solutions for Businesses,E - I,Research and technology,Entrepreneurial,454
E - 42_23,"Testing, Inspection, and Quality Assurance Services",E - I,Research and technology,Entrepreneurial,455
E - 42_24,Computer and Software Rental Services,E - I,Research and technology,Entrepreneurial,456
E - 42_25,Online Platforms for Content Sharing and Collaboration,E - I,Research and technology,Entrepreneurial,457
E - 42_26,Custom Software Development and Programming Services,E - I,Research and technology,Entrepreneurial,458
E - 42_3,Professional Advisory and Consulting Services,E - I,Research and technology,Entrepreneurial,459
E - 42_4,Engineering and Consulting for Energy Systems,E - I,Research and technology,Entrepreneurial,460
E - 42_5,Online Information and Web Services Solutions,E - I,Research and technology,Entrepreneurial,461
E - 42_6,Telecommunications and Network Technology Consulting Services,E - I,Research and technology,Entrepreneurial,462
E - 42_7,Laboratory Analysis and Scientific Testing Services,E - I,Research and technology,Entrepreneurial,463
E - 42_8,Cloud and SaaS Application Hosting Services,E - I,Research and technology,Entrepreneurial,464
E - 42_9,Design and Creative Consultancy Services,E - I,Research and technology,Entrepreneurial,465
E - 45_1,Legal and Litigation Support Services,E - I,Research and technology,Entrepreneurial,466
E - 45_11,"Risk, Safety, Security, and Compliance Consulting",E - I,Research and technology,Entrepreneurial,467
E - 45_2,Personalized Concierge and Home Care Services,E - I,Research and technology,Entrepreneurial,468
E - 45_3,Varied Professional and Personal Support Services,E - I,Research and technology,Entrepreneurial,469
E - 45_5,Intellectual Property Legal and Advisory Services,E - I,Research and technology,Entrepreneurial,470
E - 45_6,Intellectual Property and Technology Licensing,E - I,Research and technology,Entrepreneurial,471
E - 45_7,Online Information and Advisory Services,E - I,Research and technology,Entrepreneurial,472
E - 9_0,"Scientific, Electronic, and Measurement Apparatus",E - I,Research and technology,Entrepreneurial,473
E - 9_1,Mobile Application Software Solutions,E - I,Research and technology,Entrepreneurial,474
E - 9_10,Laboratory and Scientific Research Equipment,E - I,Research and technology,Entrepreneurial,475
E - 9_11,Measurement and Sensing Instruments and Devices,E - I,Research and technology,Entrepreneurial,476
E - 9_12,Downloadable Digital Educational and Entertainment Content,E - I,Research and technology,Entrepreneurial,477
E - 9_13,Electrical Components and Power Distribution,E - I,Research and technology,Entrepreneurial,478
E - 9_14,Computer Software and Related Documentation,E - I,Research and technology,Entrepreneurial,479
E - 9_15,Personal Protective Safety Equipment and Gear,E - I,Research and technology,Entrepreneurial,480
E - 9_16,Telecommunication and Signal Transmission Devices,E - I,Research and technology,Entrepreneurial,481
E - 9_17,Audio and Video Electronic Devices,E - I,Research and technology,Entrepreneurial,482
E - 9_18,Audio-visual media and storage devices,E - I,Research and technology,Entrepreneurial,483
E - 9_19,"Batteries, Chargers, and Power Devices",E - I,Research and technology,Entrepreneurial,484
E - 9_2,Imaging and Optical Processing Equipment,E - I,Research and technology,Entrepreneurial,485
E - 9_21,Computing Devices and Data Processing Equipment,E - I,Research and technology,Entrepreneurial,486
E - 9_22,Electronic Safety and Security Devices,E - I,Research and technology,Entrepreneurial,487
E - 9_23,Digital and Interactive Gaming Software Products,E - I,Research and technology,Entrepreneurial,488
E - 9_24,Electronic Control and Monitoring Devices,E - I,Research and technology,Entrepreneurial,489
E - 9_25,Electronic Payment and Card-Related Devices,E - I,Research and technology,Entrepreneurial,490
E - 9_26,Downloadable and Recorded Computer Software Products,E - I,Research and technology,Entrepreneurial,491
E - 9_3,Management and Operations Software Solutions,E - I,Research and technology,Entrepreneurial,492
E - 9_4,Eyewear and Optical Accessories,E - I,Research and technology,Entrepreneurial,493
E - 9_6,Accessories for Portable Electronic Devices,E - I,Research and technology,Entrepreneurial,494
E - 9_7,Electronic Visual Display Devices and Accessories,E - I,Research and technology,Entrepreneurial,495
E - 9_8,Scientific and Electronic Measuring Instruments,E - I,Research and technology,Entrepreneurial,496
E - 9_9,Enterprise Communication and Information Management Software,E - I,Research and technology,Entrepreneurial,497
E - 12_0,Vehicle Anti-Theft and Security Devices,E - J,Transportation,Entrepreneurial,498
E - 12_10,Marine vehicles and boat components,E - J,Transportation,Entrepreneurial,499
E - 12_11,Vehicles and Locomotion Equipment,E - J,Transportation,Entrepreneurial,500
E - 12_12,Automobile Accessories and Exterior Enhancements,E - J,Transportation,Entrepreneurial,501
E - 12_13,Bicycles and Related Parts/Accessories,E - J,Transportation,Entrepreneurial,502
E - 12_2,Aircraft and Transportation Parts and Components,E - J,Transportation,Entrepreneurial,503
E - 12_3,Commercial and Utility Motor Vehicles,E - J,Transportation,Entrepreneurial,504
E - 12_4,Vehicle Safety and Comfort Accessories,E - J,Transportation,Entrepreneurial,505
E - 12_6,Two- and Three-Wheeled Electric Vehicles,E - J,Transportation,Entrepreneurial,506
E - 12_7,"Vehicle Tires, Wheels, and Accessories",E - J,Transportation,Entrepreneurial,507
E - 12_9,Land Vehicle Powertrain and Engine Components,E - J,Transportation,Entrepreneurial,508
E - 39_0,Service-Related Trademark Descriptions and Limitations,E - J,Transportation,Entrepreneurial,509
E - 39_11,Rental and Leasing of Equipment,E - J,Transportation,Entrepreneurial,510
E - 39_13,Storage and Warehousing Services,E - J,Transportation,Entrepreneurial,511
E - 39_14,"Navigation, Location, and Transport Information Services",E - J,Transportation,Entrepreneurial,512
E - 39_2,Freight and Goods Transportation Services,E - J,Transportation,Entrepreneurial,513
E - 39_3,"Goods Packaging, Storage, and Transport Services",E - J,Transportation,Entrepreneurial,514
E - 39_6,Vehicle Rental and Related Services,E - J,Transportation,Entrepreneurial,515
E - 39_7,Goods and Package Delivery Services,E - J,Transportation,Entrepreneurial,516
E - 39_9,Passenger and Goods Transportation Services,E - J,Transportation,Entrepreneurial,517
E - 7_0,Power Generation Equipment and Systems,E - J,Transportation,Entrepreneurial,518
E - 7_1,Electric Kitchen Food Processing Machines,E - J,Transportation,Entrepreneurial,519
E - 7_10,Agricultural and Gardening Machinery and Equipment,E - J,Transportation,Entrepreneurial,520
E - 7_11,Engine Components and Engine Systems,E - J,Transportation,Entrepreneurial,521
E - 7_13,Automated Cleaning and Washing Machines,E - J,Transportation,Entrepreneurial,522
E - 7_14,Industrial Manufacturing and Processing Machines,E - J,Transportation,Entrepreneurial,523
E - 7_15,Industrial Machinery and Machine Tools,E - J,Transportation,Entrepreneurial,524
E - 7_16,Industrial Machine Parts and Components,E - J,Transportation,Entrepreneurial,525
E - 7_17,Industrial Processing and Packaging Machinery,E - J,Transportation,Entrepreneurial,526
E - 7_18,Industrial and Service Robotics Applications,E - J,Transportation,Entrepreneurial,527
E - 7_19,Non-land Vehicle Power Transmission Machinery,E - J,Transportation,Entrepreneurial,528
E - 7_2,Industrial and Technical Equipment and Supplies,E - J,Transportation,Entrepreneurial,529
E - 7_20,Industrial Processing and Treatment Machinery,E - J,Transportation,Entrepreneurial,530
E - 7_3,Industrial Printing and Processing Machinery,E - J,Transportation,Entrepreneurial,531
E - 7_4,"Lifting, Hoisting, and Material Handling Equipment",E - J,Transportation,Entrepreneurial,532
E - 7_5,Heavy Industrial and Construction Machinery,E - J,Transportation,Entrepreneurial,533
E - 7_6,Industrial and Mechanical Fluid Pumps,E - J,Transportation,Entrepreneurial,534
E - 7_7,Industrial Filtration and Separation Equipment,E - J,Transportation,Entrepreneurial,535
E - 7_8,"Industrial Valves, Actuators, and Controls",E - J,Transportation,Entrepreneurial,536
E - 7_9,Power and Pneumatic Tools for Drilling,E - J,Transportation,Entrepreneurial,537
P - 0101,Live Equines,P - 1,Agriculture and live animals,Production,538
P - 0102,Live Cattle,P - 1,Agriculture and live animals,Production,539
P - 0103,Live Pigs,P - 1,Agriculture and live animals,Production,540
P - 0104,Live Sheep and Goats,P - 1,Agriculture and live animals,Production,541
P - 0105,Live Poultry,P - 1,Agriculture and live animals,Production,542
P - 0201,Fresh Beef,P - 1,Agriculture and live animals,Production,544
P - 0202,Frozen Beef,P - 1,Agriculture and live animals,Production,545
P - 0203,Pork,P - 1,Agriculture and live animals,Production,546
P - 0204,Sheep and Goat Meat,P - 1,Agriculture and live animals,Production,547
P - 0206,Edible Offal,P - 1,Agriculture and live animals,Production,549
P - 0207,Poultry Meat,P - 1,Agriculture and live animals,Production,550
P - 0208,Other Meat and Offal,P - 1,Agriculture and live animals,Production,551
P - 0210,Preserved Meat,P - 1,Agriculture and live animals,Production,553
P - 0301,Live Fish,P - 1,Agriculture and live animals,Production,554
P - 0302,Fresh Fish,P - 1,Agriculture and live animals,Production,555
P - 0303,Frozen Fish,P - 1,Agriculture and live animals,Production,556
P - 0304,Fish Fillets,P - 1,Agriculture and live animals,Production,557
P - 0305,Processed Fish,P - 1,Agriculture and live animals,Production,558
P - 0306,Crustaceans,P - 1,Agriculture and live animals,Production,559
P - 0307,Molluscs,P - 1,Agriculture and live animals,Production,560
P - 0401,Milk and Cream,P - 1,Agriculture and live animals,Production,563
P - 0402,Concentrated Milk,P - 1,Agriculture and live animals,Production,564
P - 0403,Yogurt and Fermented Dairy,P - 1,Agriculture and live animals,Production,565
P - 0404,Whey Products,P - 1,Agriculture and live animals,Production,566
P - 0405,Butter and Dairy Spreads,P - 1,Agriculture and live animals,Production,567
P - 0406,Cheese,P - 1,Agriculture and live animals,Production,568
P - 0407,Fresh Eggs,P - 1,Agriculture and live animals,Production,569
P - 0409,Honey,P - 1,Agriculture and live animals,Production,571
P - 0504,Animal Casings,P - 1,Agriculture and live animals,Production,575
P - 0511,Other Animal By-products,P - 1,Agriculture and live animals,Production,581
P - 0601,Bulbs and Roots,P - 2,Plant products and food processing,Production,582
P - 0602,Live Plants,P - 2,Plant products and food processing,Production,583
P - 0603,Cut Flowers,P - 2,Plant products and food processing,Production,584
P - 0604,Ornamental Foliage,P - 2,Plant products and food processing,Production,585
P - 0701,Potatoes,P - 2,Plant products and food processing,Production,586
P - 0702,Tomatoes,P - 2,Plant products and food processing,Production,587
P - 0703,Onions and Garlic,P - 2,Plant products and food processing,Production,588
P - 0704,Cabbage and Brassicas,P - 2,Plant products and food processing,Production,589
P - 0705,Lettuce and Chicory,P - 2,Plant products and food processing,Production,590
P - 0706,Root Vegetables,P - 2,Plant products and food processing,Production,591
P - 0707,Cucumbers,P - 2,Plant products and food processing,Production,592
P - 0708,Legumes,P - 2,Plant products and food processing,Production,593
P - 0709,Other Fresh Vegetables,P - 2,Plant products and food processing,Production,594
P - 0710,Frozen Vegetables,P - 2,Plant products and food processing,Production,595
P - 0712,Dried Vegetables,P - 2,Plant products and food processing,Production,597
P - 0713,Dried Legumes,P - 2,Plant products and food processing,Production,598
P - 0714,Starchy Roots and Tubers,P - 2,Plant products and food processing,Production,599
P - 0801,Tropical Nuts,P - 2,Plant products and food processing,Production,600
P - 0802,Tree Nuts,P - 2,Plant products and food processing,Production,601
P - 0803,Bananas,P - 2,Plant products and food processing,Production,602
P - 0804,Tropical Fruits,P - 2,Plant products and food processing,Production,603
P - 0805,Citrus Fruits,P - 2,Plant products and food processing,Production,604
P - 0806,Grapes,P - 2,Plant products and food processing,Production,605
P - 0807,Melons,P - 2,Plant products and food processing,Production,606
P - 0808,Apples and Pears,P - 2,Plant products and food processing,Production,607
P - 0809,Stone Fruits,P - 2,Plant products and food processing,Production,608
P - 0810,Other Fresh Fruits,P - 2,Plant products and food processing,Production,609
P - 0811,Frozen Fruits and Nuts,P - 2,Plant products and food processing,Production,610
P - 0813,Dried Fruits and Nuts,P - 2,Plant products and food processing,Production,612
P - 0901,Coffee,P - 2,Plant products and food processing,Production,614
P - 0902,Tea,P - 2,Plant products and food processing,Production,615
P - 0904,Pepper and Capsicum,P - 2,Plant products and food processing,Production,617
P - 0910,Other Spices,P - 2,Plant products and food processing,Production,623
P - 1001,Wheat,P - 2,Plant products and food processing,Production,624
P - 1003,Barley,P - 2,Plant products and food processing,Production,626
P - 1005,Corn,P - 2,Plant products and food processing,Production,628
P - 1006,Rice,P - 2,Plant products and food processing,Production,629
P - 1007,Sorghum,P - 2,Plant products and food processing,Production,630
P - 1101,Wheat Flour,P - 2,Plant products and food processing,Production,632
P - 1103,Cereal Groats and Meal,P - 2,Plant products and food processing,Production,634
P - 1104,Processed Cereal Grains,P - 2,Plant products and food processing,Production,635
P - 1107,Malt,P - 2,Plant products and food processing,Production,638
P - 1108,Starches,P - 2,Plant products and food processing,Production,639
P - 1201,Soybeans,P - 2,Plant products and food processing,Production,641
P - 1202,Peanuts,P - 2,Plant products and food processing,Production,642
P - 1205,Rapeseed,P - 2,Plant products and food processing,Production,645
P - 1206,Sunflower Seeds,P - 2,Plant products and food processing,Production,646
P - 1207,Other Oil Seeds,P - 2,Plant products and food processing,Production,647
P - 1208,Oil Seed Meal,P - 2,Plant products and food processing,Production,648
P - 1209,Seeds for Sowing,P - 2,Plant products and food processing,Production,649
P - 1211,Medicinal Plants,P - 2,Plant products and food processing,Production,651
P - 1212,Industrial Plant Materials,P - 2,Plant products and food processing,Production,652
P - 1214,Animal Feed,P - 2,Plant products and food processing,Production,654
P - 1302,Plant Extracts and Thickeners,P - 2,Plant products and food processing,Production,656
P - 1502,Beef and Lamb Fat,P - 2,Plant products and food processing,Production,660
P - 1504,Fish and Marine Oils,P - 2,Plant products and food processing,Production,662
P - 1507,Soybean Oil,P - 2,Plant products and food processing,Production,665
P - 1509,Olive Oil,P - 2,Plant products and food processing,Production,667
P - 1511,Palm Oil,P - 2,Plant products and food processing,Production,669
P - 1512,Sunflower and Cotton Oil,P - 2,Plant products and food processing,Production,670
P - 1513,Coconut and Palm Kernel Oil,P - 2,Plant products and food processing,Production,671
P - 1514,Rapeseed Oil,P - 2,Plant products and food processing,Production,672
P - 1515,Other Vegetable Oils,P - 2,Plant products and food processing,Production,673
P - 1516,Hydrogenated Oils,P - 2,Plant products and food processing,Production,674
P - 1517,Margarine,P - 2,Plant products and food processing,Production,675
P - 1518,Modified Oils and Fats,P - 2,Plant products and food processing,Production,676
P - 1520,Crude Glycerol,P - 2,Plant products and food processing,Production,677
P - 1601,Sausages,P - 2,Plant products and food processing,Production,680
P - 1602,Preserved Meat,P - 2,Plant products and food processing,Production,681
P - 1604,Prepared Fish and Caviar,P - 2,Plant products and food processing,Production,683
P - 1605,Prepared Seafood,P - 2,Plant products and food processing,Production,684
P - 1701,Sugar,P - 2,Plant products and food processing,Production,685
P - 1702,Other Sugars and Syrups,P - 2,Plant products and food processing,Production,686
P - 1704,Sugar Confectionery,P - 2,Plant products and food processing,Production,688
P - 1801,Cocoa Beans,P - 2,Plant products and food processing,Production,689
P - 1803,Cocoa Paste,P - 2,Plant products and food processing,Production,691
P - 1804,Cocoa Butter,P - 2,Plant products and food processing,Production,692
P - 1805,Cocoa Powder,P - 2,Plant products and food processing,Production,693
P - 1806,Chocolate Products,P - 2,Plant products and food processing,Production,694
P - 1901,Malt Extract and Food Preparations,P - 2,Plant products and food processing,Production,695
P - 1902,Pasta,P - 2,Plant products and food processing,Production,696
P - 1904,Breakfast Cereals,P - 2,Plant products and food processing,Production,698
P - 1905,Baked Goods,P - 2,Plant products and food processing,Production,699
P - 2001,Pickled Vegetables and Fruits,P - 2,Plant products and food processing,Production,700
P - 2002,Preserved Tomatoes,P - 2,Plant products and food processing,Production,701
P - 2003,Preserved Mushrooms,P - 2,Plant products and food processing,Production,702
P - 2004,Frozen Vegetable Preparations,P - 2,Plant products and food processing,Production,703
P - 2005,Canned Vegetables,P - 2,Plant products and food processing,Production,704
P - 2007,Jams and Preserves,P - 2,Plant products and food processing,Production,706
P - 2008,Other Preserved Fruits,P - 2,Plant products and food processing,Production,707
P - 2009,Fruit and Vegetable Juices,P - 2,Plant products and food processing,Production,708
P - 2101,Coffee and Tea Extracts,P - 2,Plant products and food processing,Production,709
P - 2102,Yeasts and Baking Powder,P - 2,Plant products and food processing,Production,710
P - 2103,Sauces and Condiments,P - 2,Plant products and food processing,Production,711
P - 2104,Soups and Broths,P - 2,Plant products and food processing,Production,712
P - 2105,Ice Cream,P - 2,Plant products and food processing,Production,713
P - 2106,Other Food Preparations,P - 2,Plant products and food processing,Production,714
P - 2201,Water and Ice,P - 2,Plant products and food processing,Production,715
P - 2202,Soft Drinks,P - 2,Plant products and food processing,Production,716
P - 2203,Beer,P - 2,Plant products and food processing,Production,717
P - 2204,Wine,P - 2,Plant products and food processing,Production,718
P - 2207,Pure Ethyl Alcohol,P - 2,Plant products and food processing,Production,721
P - 2208,Spirits and Liqueurs,P - 2,Plant products and food processing,Production,722
P - 2301,Animal Feed Meal,P - 2,Plant products and food processing,Production,724
P - 2302,Cereal Bran and Residues,P - 2,Plant products and food processing,Production,725
P - 2303,Starch and Sugar Residues,P - 2,Plant products and food processing,Production,726
P - 2304,Soybean Cake,P - 2,Plant products and food processing,Production,727
P - 2306,Other Oil Cake,P - 2,Plant products and food processing,Production,729
P - 2309,Prepared Animal Feed,P - 2,Plant products and food processing,Production,732
P - 2401,Raw Tobacco,P - 2,Plant products and food processing,Production,733
P - 2402,Cigars and Cigarettes,P - 2,Plant products and food processing,Production,734
P - 2403,Manufactured Tobacco,P - 2,Plant products and food processing,Production,735
P - 2501,Salt,P - 3,Raw materials and mining,Production,737
P - 2503,Sulphur,P - 3,Raw materials and mining,Production,739
P - 2505,Natural Sands,P - 3,Raw materials and mining,Production,741
P - 2507,Kaolin Clay,P - 3,Raw materials and mining,Production,743
P - 2508,Other Clays,P - 3,Raw materials and mining,Production,744
P - 2510,Natural Phosphates,P - 3,Raw materials and mining,Production,746
P - 2515,Marble and Limestone,P - 3,Raw materials and mining,Production,751
P - 2516,Granite and Building Stone,P - 3,Raw materials and mining,Production,752
P - 2517,Gravel and Crushed Stone,P - 3,Raw materials and mining,Production,753
P - 2519,Magnesium Compounds,P - 3,Raw materials and mining,Production,755
P - 2520,Gypsum and Plaster,P - 3,Raw materials and mining,Production,756
P - 2523,Cement,P - 3,Raw materials and mining,Production,759
P - 2529,Feldspar and Fluorspar,P - 3,Raw materials and mining,Production,764
P - 2530,Other Minerals,P - 3,Raw materials and mining,Production,765
P - 2601,Iron Ore,P - 3,Raw materials and mining,Production,766
P - 2602,Manganese Ore,P - 3,Raw materials and mining,Production,767
P - 2603,Copper Ore,P - 3,Raw materials and mining,Production,768
P - 2604,Nickel Ore,P - 3,Raw materials and mining,Production,769
P - 2605,Cobalt Ore,P - 3,Raw materials and mining,Production,770
P - 2606,Aluminum Ore,P - 3,Raw materials and mining,Production,771
P - 2607,Lead Ore,P - 3,Raw materials and mining,Production,772
P - 2608,Zinc Ore,P - 3,Raw materials and mining,Production,773
P - 2610,Chromium Ore,P - 3,Raw materials and mining,Production,775
P - 2612,Uranium Ore,P - 3,Raw materials and mining,Production,777
P - 2613,Molybdenum Ore,P - 3,Raw materials and mining,Production,778
P - 2614,Titanium Ore,P - 3,Raw materials and mining,Production,779
P - 2615,Rare Metal Ores,P - 3,Raw materials and mining,Production,780
P - 2616,Precious Metal Ores,P - 3,Raw materials and mining,Production,781
P - 2620,Metal-Bearing Residues,P - 3,Raw materials and mining,Production,785
P - 2701,Coal and Briquettes,P - 3,Raw materials and mining,Production,787
P - 2703,Peat,P - 3,Raw materials and mining,Production,789
P - 2704,Coke,P - 3,Raw materials and mining,Production,790
P - 2707,Coal Tar Oils,P - 3,Raw materials and mining,Production,793
P - 2708,Coal Pitch,P - 3,Raw materials and mining,Production,794
P - 2709,Crude Oil,P - 3,Raw materials and mining,Production,795
P - 2710,Refined Petroleum Products,P - 3,Raw materials and mining,Production,796
P - 2711,Petroleum Gas,P - 3,Raw materials and mining,Production,797
P - 2712,Petroleum Wax,P - 3,Raw materials and mining,Production,798
P - 2713,Petroleum Coke,P - 3,Raw materials and mining,Production,799
P - 2714,Natural Bitumen,P - 3,Raw materials and mining,Production,800
P - 2715,Bituminous Mixtures,P - 3,Raw materials and mining,Production,801
P - 2716,Electrical Energy,P - 3,Raw materials and mining,Production,802
P - 2803,Carbon and Carbon Black,P - 4,Chemicals and pharmaceuticals,Production,805
P - 2804,Industrial Gases,P - 4,Chemicals and pharmaceuticals,Production,806
P - 2807,Sulphuric Acid,P - 4,Chemicals and pharmaceuticals,Production,809
P - 2809,Phosphoric Acid,P - 4,Chemicals and pharmaceuticals,Production,811
P - 2811,Other Inorganic Acids,P - 4,Chemicals and pharmaceuticals,Production,813
P - 2814,Ammonia,P - 4,Chemicals and pharmaceuticals,Production,816
P - 2815,Caustic Soda and Potash,P - 4,Chemicals and pharmaceuticals,Production,817
P - 2818,Aluminum Oxide,P - 4,Chemicals and pharmaceuticals,Production,820
P - 2821,Iron Oxides,P - 4,Chemicals and pharmaceuticals,Production,823
P - 2822,Cobalt Oxides,P - 4,Chemicals and pharmaceuticals,Production,824
P - 2825,Other Metal Oxides,P - 4,Chemicals and pharmaceuticals,Production,827
P - 2826,Fluorides,P - 4,Chemicals and pharmaceuticals,Production,828
P - 2827,Chlorides and Bromides,P - 4,Chemicals and pharmaceuticals,Production,829
P - 2833,Sulphates,P - 4,Chemicals and pharmaceuticals,Production,835
P - 2834,Nitrites and Nitrates,P - 4,Chemicals and pharmaceuticals,Production,836
P - 2835,Phosphates,P - 4,Chemicals and pharmaceuticals,Production,837
P - 2836,Carbonates,P - 4,Chemicals and pharmaceuticals,Production,838
P - 2841,Oxometallic Salts,P - 4,Chemicals and pharmaceuticals,Production,842
P - 2843,Precious Metal Compounds,P - 4,Chemicals and pharmaceuticals,Production,844
P - 2844,Radioactive Elements,P - 4,Chemicals and pharmaceuticals,Production,845
P - 2849,Carbides,P - 4,Chemicals and pharmaceuticals,Production,849
P - 2901,Acyclic Hydrocarbons,P - 4,Chemicals and pharmaceuticals,Production,853
P - 2902,Cyclic Hydrocarbons,P - 4,Chemicals and pharmaceuticals,Production,854
P - 2903,Halogenated Hydrocarbons,P - 4,Chemicals and pharmaceuticals,Production,855
P - 2904,Nitrated Hydrocarbons,P - 4,Chemicals and pharmaceuticals,Production,856
P - 2905,Acyclic Alcohols,P - 4,Chemicals and pharmaceuticals,Production,857
P - 2906,Cyclic Alcohols,P - 4,Chemicals and pharmaceuticals,Production,858
P - 2907,Phenols,P - 4,Chemicals and pharmaceuticals,Production,859
P - 2909,Ethers,P - 4,Chemicals and pharmaceuticals,Production,861
P - 2910,Epoxides,P - 4,Chemicals and pharmaceuticals,Production,862
P - 2912,Aldehydes,P - 4,Chemicals and pharmaceuticals,Production,864
P - 2914,Ketones and Quinones,P - 4,Chemicals and pharmaceuticals,Production,866
P - 2915,Saturated Acids,P - 4,Chemicals and pharmaceuticals,Production,867
P - 2916,Unsaturated Acids,P - 4,Chemicals and pharmaceuticals,Production,868
P - 2917,Polycarboxylic Acids,P - 4,Chemicals and pharmaceuticals,Production,869
P - 2918,Oxygen Function Acids,P - 4,Chemicals and pharmaceuticals,Production,870
P - 2920,Other Inorganic Esters,P - 4,Chemicals and pharmaceuticals,Production,872
P - 2921,Amines,P - 4,Chemicals and pharmaceuticals,Production,873
P - 2922,Amino Alcohols,P - 4,Chemicals and pharmaceuticals,Production,874
P - 2923,Quaternary Ammonium Salts,P - 4,Chemicals and pharmaceuticals,Production,875
P - 2924,Amides,P - 4,Chemicals and pharmaceuticals,Production,876
P - 2925,Imides,P - 4,Chemicals and pharmaceuticals,Production,877
P - 2926,Nitriles,P - 4,Chemicals and pharmaceuticals,Production,878
P - 2929,Other Nitrogen Compounds,P - 4,Chemicals and pharmaceuticals,Production,881
P - 2930,Organo-Sulphur Compounds,P - 4,Chemicals and pharmaceuticals,Production,882
P - 2931,Other Organo-Inorganic Compounds,P - 4,Chemicals and pharmaceuticals,Production,883
P - 2932,Oxygen Heterocycles,P - 4,Chemicals and pharmaceuticals,Production,884
P - 2933,Nitrogen Heterocycles,P - 4,Chemicals and pharmaceuticals,Production,885
P - 2934,Nucleic Acids,P - 4,Chemicals and pharmaceuticals,Production,886
P - 2935,Sulphonamides,P - 4,Chemicals and pharmaceuticals,Production,887
P - 2936,Vitamins,P - 4,Chemicals and pharmaceuticals,Production,888
P - 2937,Hormones,P - 4,Chemicals and pharmaceuticals,Production,889
P - 2939,Alkaloids,P - 4,Chemicals and pharmaceuticals,Production,891
P - 2941,Antibiotics,P - 4,Chemicals and pharmaceuticals,Production,893
P - 3001,Therapeutic Glands and Organs,P - 4,Chemicals and pharmaceuticals,Production,895
P - 3002,Blood Products and Vaccines,P - 4,Chemicals and pharmaceuticals,Production,896
P - 3003,Bulk Pharmaceuticals,P - 4,Chemicals and pharmaceuticals,Production,897
P - 3004,Retail Pharmaceuticals,P - 4,Chemicals and pharmaceuticals,Production,898
P - 3005,Medical Dressings,P - 4,Chemicals and pharmaceuticals,Production,899
P - 3006,Other Pharmaceutical Goods,P - 4,Chemicals and pharmaceuticals,Production,900
P - 3102,Nitrogen Fertilizers,P - 4,Chemicals and pharmaceuticals,Production,902
P - 3103,Phosphate Fertilizers,P - 4,Chemicals and pharmaceuticals,Production,903
P - 3104,Potash Fertilizers,P - 4,Chemicals and pharmaceuticals,Production,904
P - 3105,Mixed Fertilizers,P - 4,Chemicals and pharmaceuticals,Production,905
P - 3204,Synthetic Dyes,P - 4,Chemicals and pharmaceuticals,Production,909
P - 3206,Other Coloring Matter,P - 4,Chemicals and pharmaceuticals,Production,911
P - 3207,Ceramic and Glass Pigments,P - 4,Chemicals and pharmaceuticals,Production,912
P - 3208,Non-Aqueous Paints,P - 4,Chemicals and pharmaceuticals,Production,913
P - 3209,Water-Based Paints,P - 4,Chemicals and pharmaceuticals,Production,914
P - 3212,Metallic Pigments,P - 4,Chemicals and pharmaceuticals,Production,917
P - 3214,Putty and Mastics,P - 4,Chemicals and pharmaceuticals,Production,919
P - 3215,Printing and Writing Inks,P - 4,Chemicals and pharmaceuticals,Production,920
P - 3301,Essential Oils,P - 4,Chemicals and pharmaceuticals,Production,921
P - 3302,Fragrance Compounds,P - 4,Chemicals and pharmaceuticals,Production,922
P - 3303,Perfumes,P - 4,Chemicals and pharmaceuticals,Production,923
P - 3304,Cosmetics and Makeup,P - 4,Chemicals and pharmaceuticals,Production,924
P - 3305,Hair Care Products,P - 4,Chemicals and pharmaceuticals,Production,925
P - 3306,Oral Care Products,P - 4,Chemicals and pharmaceuticals,Production,926
P - 3307,Personal Care Products,P - 4,Chemicals and pharmaceuticals,Production,927
P - 3401,Soap and Cleansing Products,P - 4,Chemicals and pharmaceuticals,Production,928
P - 3402,Detergents and Surfactants,P - 4,Chemicals and pharmaceuticals,Production,929
P - 3403,Lubricating Preparations,P - 4,Chemicals and pharmaceuticals,Production,930
P - 3404,Artificial Wax,P - 4,Chemicals and pharmaceuticals,Production,931
P - 3405,Polishes and Cleaners,P - 4,Chemicals and pharmaceuticals,Production,932
P - 3406,Candles,P - 4,Chemicals and pharmaceuticals,Production,933
P - 3501,Casein and Derivatives,P - 4,Chemicals and pharmaceuticals,Production,935
P - 3503,Gelatin and Animal Glues,P - 4,Chemicals and pharmaceuticals,Production,937
P - 3504,Protein Substances,P - 4,Chemicals and pharmaceuticals,Production,938
P - 3505,Modified Starches and Glues,P - 4,Chemicals and pharmaceuticals,Production,939
P - 3506,Prepared Adhesives,P - 4,Chemicals and pharmaceuticals,Production,940
P - 3507,Enzymes,P - 4,Chemicals and pharmaceuticals,Production,941
P - 3603,Detonators and Fuses,P - 4,Chemicals and pharmaceuticals,Production,944
P - 3701,Photographic Plates and Film,P - 4,Chemicals and pharmaceuticals,Production,948
P - 3702,Film in Rolls,P - 4,Chemicals and pharmaceuticals,Production,949
P - 3703,Photographic Paper,P - 4,Chemicals and pharmaceuticals,Production,950
P - 3707,Photographic Chemicals,P - 4,Chemicals and pharmaceuticals,Production,954
P - 3801,Artificial Graphite,P - 4,Chemicals and pharmaceuticals,Production,955
P - 3802,Activated Carbon,P - 4,Chemicals and pharmaceuticals,Production,956
P - 3806,Rosin and Derivatives,P - 4,Chemicals and pharmaceuticals,Production,960
P - 3808,Pesticides and Herbicides,P - 4,Chemicals and pharmaceuticals,Production,962
P - 3809,Textile and Leather Finishing,P - 4,Chemicals and pharmaceuticals,Production,963
P - 3810,Metal Treatment Preparations,P - 4,Chemicals and pharmaceuticals,Production,964
P - 3811,Fuel Additives,P - 4,Chemicals and pharmaceuticals,Production,965
P - 3812,Rubber and Plastic Additives,P - 4,Chemicals and pharmaceuticals,Production,966
P - 3814,Paint Removers and Solvents,P - 4,Chemicals and pharmaceuticals,Production,968
P - 3815,Catalysts,P - 4,Chemicals and pharmaceuticals,Production,969
P - 3816,Refractory Materials,P - 4,Chemicals and pharmaceuticals,Production,970
P - 3817,Mixed Alkylbenzenes,P - 4,Chemicals and pharmaceuticals,Production,971
P - 3818,Electronic Grade Chemicals,P - 4,Chemicals and pharmaceuticals,Production,972
P - 3821,Culture Media,P - 4,Chemicals and pharmaceuticals,Production,975
P - 3822,Laboratory Reagents,P - 4,Chemicals and pharmaceuticals,Production,976
P - 3823,Industrial Fatty Acids,P - 4,Chemicals and pharmaceuticals,Production,977
P - 3901,Ethylene Polymers,P - 5,"Plastics, rubber and leather",Production,982
P - 3902,Propylene Polymers,P - 5,"Plastics, rubber and leather",Production,983
P - 3903,Styrene Polymers,P - 5,"Plastics, rubber and leather",Production,984
P - 3904,Vinyl Chloride Polymers,P - 5,"Plastics, rubber and leather",Production,985
P - 3905,Vinyl Acetate Polymers,P - 5,"Plastics, rubber and leather",Production,986
P - 3906,Acrylic Polymers,P - 5,"Plastics, rubber and leather",Production,987
P - 3907,Polyethers and Polyesters,P - 5,"Plastics, rubber and leather",Production,988
P - 3908,Polyamides,P - 5,"Plastics, rubber and leather",Production,989
P - 3909,Amino and Phenolic Resins,P - 5,"Plastics, rubber and leather",Production,990
P - 3910,Silicones,P - 5,"Plastics, rubber and leather",Production,991
P - 3911,Other Synthetic Polymers,P - 5,"Plastics, rubber and leather",Production,992
P - 3912,Cellulose Derivatives,P - 5,"Plastics, rubber and leather",Production,993
P - 3913,Natural Polymers,P - 5,"Plastics, rubber and leather",Production,994
P - 3914,Ion-Exchange Resins,P - 5,"Plastics, rubber and leather",Production,995
P - 3915,Plastic Waste,P - 5,"Plastics, rubber and leather",Production,996
P - 3916,Plastic Profiles and Rods,P - 5,"Plastics, rubber and leather",Production,997
P - 3917,Plastic Pipes and Tubes,P - 5,"Plastics, rubber and leather",Production,998
P - 3918,Plastic Floor and Wall Coverings,P - 5,"Plastics, rubber and leather",Production,999
P - 3919,Self-Adhesive Plastic Films,P - 5,"Plastics, rubber and leather",Production,1000
P - 3920,Plastic Sheets and Films,P - 5,"Plastics, rubber and leather",Production,1001
P - 3921,Other Plastic Sheets,P - 5,"Plastics, rubber and leather",Production,1002
P - 3922,Plastic Sanitary Ware,P - 5,"Plastics, rubber and leather",Production,1003
P - 3923,Plastic Packaging,P - 5,"Plastics, rubber and leather",Production,1004
P - 3924,Plastic Household Items,P - 5,"Plastics, rubber and leather",Production,1005
P - 3925,Plastic Building Materials,P - 5,"Plastics, rubber and leather",Production,1006
P - 3926,Other Plastic Articles,P - 5,"Plastics, rubber and leather",Production,1007
P - 4001,Natural Rubber,P - 5,"Plastics, rubber and leather",Production,1008
P - 4002,Synthetic Rubber,P - 5,"Plastics, rubber and leather",Production,1009
P - 4005,Compounded Rubber,P - 5,"Plastics, rubber and leather",Production,1012
P - 4008,Vulcanized Rubber Sheets,P - 5,"Plastics, rubber and leather",Production,1015
P - 4009,Rubber Tubes and Pipes,P - 5,"Plastics, rubber and leather",Production,1016
P - 4010,Rubber Belting,P - 5,"Plastics, rubber and leather",Production,1017
P - 4011,New Tires,P - 5,"Plastics, rubber and leather",Production,1018
P - 4012,Used and Retreaded Tires,P - 5,"Plastics, rubber and leather",Production,1019
P - 4013,Inner Tubes,P - 5,"Plastics, rubber and leather",Production,1020
P - 4014,Rubber Medical Articles,P - 5,"Plastics, rubber and leather",Production,1021
P - 4015,Rubber Clothing,P - 5,"Plastics, rubber and leather",Production,1022
P - 4016,Other Rubber Articles,P - 5,"Plastics, rubber and leather",Production,1023
P - 4101,Raw Bovine Hides,P - 5,"Plastics, rubber and leather",Production,1025
P - 4102,Raw Sheep Skins,P - 5,"Plastics, rubber and leather",Production,1026
P - 4104,Tanned Bovine Leather,P - 5,"Plastics, rubber and leather",Production,1028
P - 4105,Tanned Sheep Leather,P - 5,"Plastics, rubber and leather",Production,1029
P - 4106,Other Tanned Leather,P - 5,"Plastics, rubber and leather",Production,1030
P - 4107,Finished Bovine Leather,P - 5,"Plastics, rubber and leather",Production,1031
P - 4201,Saddlery and Harness,P - 5,"Plastics, rubber and leather",Production,1036
P - 4202,Luggage and Bags,P - 5,"Plastics, rubber and leather",Production,1037
P - 4203,Leather Clothing,P - 5,"Plastics, rubber and leather",Production,1038
P - 4205,Other Leather Articles,P - 5,"Plastics, rubber and leather",Production,1039
P - 4301,Raw Furskins,P - 5,"Plastics, rubber and leather",Production,1041
P - 4302,Dressed Furskins,P - 5,"Plastics, rubber and leather",Production,1042
P - 4303,Fur Clothing,P - 5,"Plastics, rubber and leather",Production,1043
P - 4401,Fuel Wood and Wood Waste,P - 6,"Wood, paper and textiles",Production,1045
P - 4403,Rough Wood,P - 6,"Wood, paper and textiles",Production,1047
P - 4407,Sawn Wood,P - 6,"Wood, paper and textiles",Production,1051
P - 4408,Wood Veneer Sheets,P - 6,"Wood, paper and textiles",Production,1052
P - 4409,Wood Molding,P - 6,"Wood, paper and textiles",Production,1053
P - 4410,Particle Board,P - 6,"Wood, paper and textiles",Production,1054
P - 4411,Fiberboard,P - 6,"Wood, paper and textiles",Production,1055
P - 4412,Plywood,P - 6,"Wood, paper and textiles",Production,1056
P - 4414,Picture Frames,P - 6,"Wood, paper and textiles",Production,1058
P - 4415,Wood Packaging,P - 6,"Wood, paper and textiles",Production,1059
P - 4418,Wood Building Materials,P - 6,"Wood, paper and textiles",Production,1062
P - 4420,Decorative Wood Articles,P - 6,"Wood, paper and textiles",Production,1064
P - 4421,Other Wood Articles,P - 6,"Wood, paper and textiles",Production,1065
P - 4602,Basketwork,P - 6,"Wood, paper and textiles",Production,1071
P - 4702,Chemical Dissolving Pulp,P - 6,"Wood, paper and textiles",Production,1073
P - 4703,Chemical Soda Pulp,P - 6,"Wood, paper and textiles",Production,1074
P - 4705,Semi-Chemical Pulp,P - 6,"Wood, paper and textiles",Production,1076
P - 4707,Paper Waste,P - 6,"Wood, paper and textiles",Production,1078
P - 4801,Newsprint,P - 6,"Wood, paper and textiles",Production,1079
P - 4802,Printing Paper,P - 6,"Wood, paper and textiles",Production,1080
P - 4803,Tissue Paper,P - 6,"Wood, paper and textiles",Production,1081
P - 4804,Kraft Paper,P - 6,"Wood, paper and textiles",Production,1082
P - 4805,Other Uncoated Paper,P - 6,"Wood, paper and textiles",Production,1083
P - 4806,Specialty Papers,P - 6,"Wood, paper and textiles",Production,1084
P - 4808,Corrugated Paper,P - 6,"Wood, paper and textiles",Production,1086
P - 4809,Carbon Paper,P - 6,"Wood, paper and textiles",Production,1087
P - 4810,Coated Paper,P - 6,"Wood, paper and textiles",Production,1088
P - 4811,Other Coated Paper,P - 6,"Wood, paper and textiles",Production,1089
P - 4813,Cigarette Paper,P - 6,"Wood, paper and textiles",Production,1091
P - 4814,Wallpaper,P - 6,"Wood, paper and textiles",Production,1092
P - 4817,Paper Stationery,P - 6,"Wood, paper and textiles",Production,1094
P - 4818,Sanitary Paper Products,P - 6,"Wood, paper and textiles",Production,1095
P - 4819,Paper Packaging,P - 6,"Wood, paper and textiles",Production,1096
P - 4820,Paper Books and Albums,P - 6,"Wood, paper and textiles",Production,1097
P - 4821,Paper Labels,P - 6,"Wood, paper and textiles",Production,1098
P - 4823,Other Paper Articles,P - 6,"Wood, paper and textiles",Production,1100
P - 4901,Books and Brochures,P - 6,"Wood, paper and textiles",Production,1101
P - 4902,Newspapers and Periodicals,P - 6,"Wood, paper and textiles",Production,1102
P - 4907,Stamps and Securities,P - 6,"Wood, paper and textiles",Production,1107
P - 4908,Transfers,P - 6,"Wood, paper and textiles",Production,1108
P - 4909,Greeting Cards,P - 6,"Wood, paper and textiles",Production,1109
P - 4911,Other Printed Matter,P - 6,"Wood, paper and textiles",Production,1111
P - 5007,Silk Fabrics,P - 6,"Wood, paper and textiles",Production,1118
P - 5101,Raw Wool,P - 6,"Wood, paper and textiles",Production,1119
P - 5105,Processed Wool,P - 6,"Wood, paper and textiles",Production,1123
P - 5107,Combed Wool Yarn,P - 6,"Wood, paper and textiles",Production,1125
P - 5111,Carded Wool Fabrics,P - 6,"Wood, paper and textiles",Production,1129
P - 5112,Combed Wool Fabrics,P - 6,"Wood, paper and textiles",Production,1130
P - 5201,Raw Cotton,P - 6,"Wood, paper and textiles",Production,1132
P - 5205,Cotton Yarn High Content,P - 6,"Wood, paper and textiles",Production,1136
P - 5208,Light Cotton Fabrics,P - 6,"Wood, paper and textiles",Production,1139
P - 5209,Heavy Cotton Fabrics,P - 6,"Wood, paper and textiles",Production,1140
P - 5210,Cotton Blend Light Fabrics,P - 6,"Wood, paper and textiles",Production,1141
P - 5211,Cotton Blend Heavy Fabrics,P - 6,"Wood, paper and textiles",Production,1142
P - 5309,Flax Fabrics,P - 6,"Wood, paper and textiles",Production,1151
P - 5401,Man-Made Thread,P - 6,"Wood, paper and textiles",Production,1154
P - 5402,Synthetic Filament Yarn,P - 6,"Wood, paper and textiles",Production,1155
P - 5403,Artificial Filament Yarn,P - 6,"Wood, paper and textiles",Production,1156
P - 5404,Synthetic Monofilament,P - 6,"Wood, paper and textiles",Production,1157
P - 5407,Synthetic Filament Fabrics,P - 6,"Wood, paper and textiles",Production,1160
P - 5408,Artificial Filament Fabrics,P - 6,"Wood, paper and textiles",Production,1161
P - 5501,Synthetic Filament Tow,P - 6,"Wood, paper and textiles",Production,1162
P - 5502,Artificial Filament Tow,P - 6,"Wood, paper and textiles",Production,1163
P - 5503,Raw Synthetic Staple Fiber,P - 6,"Wood, paper and textiles",Production,1164
P - 5504,Raw Artificial Staple Fiber,P - 6,"Wood, paper and textiles",Production,1165
P - 5509,Synthetic Staple Yarn,P - 6,"Wood, paper and textiles",Production,1170
P - 5510,Artificial Staple Yarn,P - 6,"Wood, paper and textiles",Production,1171
P - 5512,Synthetic Staple Fabrics,P - 6,"Wood, paper and textiles",Production,1173
P - 5513,Synthetic-Cotton Light Blends,P - 6,"Wood, paper and textiles",Production,1174
P - 5514,Synthetic-Cotton Heavy Blends,P - 6,"Wood, paper and textiles",Production,1175
P - 5515,Other Synthetic Fabrics,P - 6,"Wood, paper and textiles",Production,1176
P - 5516,Artificial Staple Fabrics,P - 6,"Wood, paper and textiles",Production,1177
P - 5601,Textile Wadding,P - 6,"Wood, paper and textiles",Production,1178
P - 5602,Felt,P - 6,"Wood, paper and textiles",Production,1179
P - 5603,Nonwoven Fabrics,P - 6,"Wood, paper and textiles",Production,1180
P - 5607,Twine and Rope,P - 6,"Wood, paper and textiles",Production,1184
P - 5608,Netting,P - 6,"Wood, paper and textiles",Production,1185
P - 5701,Knotted Carpets,P - 6,"Wood, paper and textiles",Production,1187
P - 5702,Woven Carpets,P - 6,"Wood, paper and textiles",Production,1188
P - 5703,Tufted Carpets,P - 6,"Wood, paper and textiles",Production,1189
P - 5705,Other Carpets,P - 6,"Wood, paper and textiles",Production,1191
P - 5801,Pile Fabrics,P - 6,"Wood, paper and textiles",Production,1192
P - 5804,Net Fabrics and Lace,P - 6,"Wood, paper and textiles",Production,1195
P - 5806,Narrow Fabrics,P - 6,"Wood, paper and textiles",Production,1197
P - 5807,Textile Labels,P - 6,"Wood, paper and textiles",Production,1198
P - 5810,Embroidery,P - 6,"Wood, paper and textiles",Production,1201
P - 5902,Tire Cord Fabrics,P - 6,"Wood, paper and textiles",Production,1204
P - 5903,Plastic-Coated Fabrics,P - 6,"Wood, paper and textiles",Production,1205
P - 5906,Rubberized Fabrics,P - 6,"Wood, paper and textiles",Production,1208
P - 5911,Technical Textiles,P - 6,"Wood, paper and textiles",Production,1213
P - 6001,Knitted Pile Fabrics,P - 6,"Wood, paper and textiles",Production,1214
P - 6002,Narrow Elastic Knits,P - 6,"Wood, paper and textiles",Production,1215
P - 6101,Men's Knit Coats,P - 6,"Wood, paper and textiles",Production,1220
P - 6102,Women's Knit Coats,P - 6,"Wood, paper and textiles",Production,1221
P - 6103,Men's Knit Suits,P - 6,"Wood, paper and textiles",Production,1222
P - 6104,Women's Knit Suits,P - 6,"Wood, paper and textiles",Production,1223
P - 6105,Men's Knit Shirts,P - 6,"Wood, paper and textiles",Production,1224
P - 6106,Women's Knit Blouses,P - 6,"Wood, paper and textiles",Production,1225
P - 6107,Men's Knit Underwear,P - 6,"Wood, paper and textiles",Production,1226
P - 6108,Women's Knit Underwear,P - 6,"Wood, paper and textiles",Production,1227
P - 6109,Knit T-Shirts and Vests,P - 6,"Wood, paper and textiles",Production,1228
P - 6110,Knit Sweaters,P - 6,"Wood, paper and textiles",Production,1229
P - 6111,Babies' Knit Clothing,P - 6,"Wood, paper and textiles",Production,1230
P - 6112,Knit Sportswear,P - 6,"Wood, paper and textiles",Production,1231
P - 6114,Other Knit Garments,P - 6,"Wood, paper and textiles",Production,1233
P - 6115,Knit Hosiery,P - 6,"Wood, paper and textiles",Production,1234
P - 6116,Knit Gloves,P - 6,"Wood, paper and textiles",Production,1235
P - 6117,Knit Accessories,P - 6,"Wood, paper and textiles",Production,1236
P - 6201,Men's Woven Coats,P - 6,"Wood, paper and textiles",Production,1237
P - 6202,Women's Woven Coats,P - 6,"Wood, paper and textiles",Production,1238
P - 6203,Men's Woven Suits,P - 6,"Wood, paper and textiles",Production,1239
P - 6204,Women's Woven Suits,P - 6,"Wood, paper and textiles",Production,1240
P - 6205,Men's Woven Shirts,P - 6,"Wood, paper and textiles",Production,1241
P - 6206,Women's Woven Blouses,P - 6,"Wood, paper and textiles",Production,1242
P - 6207,Men's Woven Underwear,P - 6,"Wood, paper and textiles",Production,1243
P - 6208,Women's Woven Underwear,P - 6,"Wood, paper and textiles",Production,1244
P - 6209,Babies' Woven Clothing,P - 6,"Wood, paper and textiles",Production,1245
P - 6210,Coated Fabric Garments,P - 6,"Wood, paper and textiles",Production,1246
P - 6211,Woven Sportswear,P - 6,"Wood, paper and textiles",Production,1247
P - 6212,Foundation Garments,P - 6,"Wood, paper and textiles",Production,1248
P - 6214,Scarves and Shawls,P - 6,"Wood, paper and textiles",Production,1250
P - 6215,Neckties,P - 6,"Wood, paper and textiles",Production,1251
P - 6217,Other Clothing Accessories,P - 6,"Wood, paper and textiles",Production,1253
P - 6301,Blankets and Rugs,P - 6,"Wood, paper and textiles",Production,1254
P - 6302,Bed and Table Linens,P - 6,"Wood, paper and textiles",Production,1255
P - 6303,Curtains and Blinds,P - 6,"Wood, paper and textiles",Production,1256
P - 6304,Furnishing Textiles,P - 6,"Wood, paper and textiles",Production,1257
P - 6305,Textile Sacks and Bags,P - 6,"Wood, paper and textiles",Production,1258
P - 6306,Tarpaulins and Tents,P - 6,"Wood, paper and textiles",Production,1259
P - 6307,Other Textile Articles,P - 6,"Wood, paper and textiles",Production,1260
P - 6309,Used Clothing,P - 6,"Wood, paper and textiles",Production,1262
P - 6402,Rubber and Plastic Footwear,P - 7,Construction materials and precious goods,Production,1265
P - 6403,Leather Footwear,P - 7,Construction materials and precious goods,Production,1266
P - 6404,Textile Footwear,P - 7,Construction materials and precious goods,Production,1267
P - 6405,Other Footwear,P - 7,Construction materials and precious goods,Production,1268
P - 6406,Footwear Parts,P - 7,Construction materials and precious goods,Production,1269
P - 6505,Textile and Knit Headwear,P - 7,Construction materials and precious goods,Production,1273
P - 6506,Other Headgear,P - 7,Construction materials and precious goods,Production,1274
P - 6601,Umbrellas,P - 7,Construction materials and precious goods,Production,1276
P - 6702,Artificial Flowers,P - 7,Construction materials and precious goods,Production,1280
P - 6704,Wigs and Hairpieces,P - 7,Construction materials and precious goods,Production,1282
P - 6801,Stone Paving,P - 7,Construction materials and precious goods,Production,1283
P - 6802,Worked Building Stone,P - 7,Construction materials and precious goods,Production,1284
P - 6804,Millstones and Grindstones,P - 7,Construction materials and precious goods,Production,1286
P - 6805,Abrasive Materials,P - 7,Construction materials and precious goods,Production,1287
P - 6806,Mineral Wool and Insulation,P - 7,Construction materials and precious goods,Production,1288
P - 6807,Asphalt Articles,P - 7,Construction materials and precious goods,Production,1289
P - 6809,Plaster Articles,P - 7,Construction materials and precious goods,Production,1291
P - 6810,Concrete Articles,P - 7,Construction materials and precious goods,Production,1292
P - 6813,Friction Materials,P - 7,Construction materials and precious goods,Production,1295
P - 6815,Other Stone Articles,P - 7,Construction materials and precious goods,Production,1297
P - 6902,Refractory Ceramics,P - 7,Construction materials and precious goods,Production,1299
P - 6903,Industrial Ceramics,P - 7,Construction materials and precious goods,Production,1300
P - 6907,Ceramic Tiles,P - 7,Construction materials and precious goods,Production,1304
P - 6909,Technical Ceramics,P - 7,Construction materials and precious goods,Production,1305
P - 6910,Ceramic Sanitary Ware,P - 7,Construction materials and precious goods,Production,1306
P - 6911,Porcelain Tableware,P - 7,Construction materials and precious goods,Production,1307
P - 6912,Other Ceramic Tableware,P - 7,Construction materials and precious goods,Production,1308
P - 6913,Ornamental Ceramics,P - 7,Construction materials and precious goods,Production,1309
P - 6914,Other Ceramic Articles,P - 7,Construction materials and precious goods,Production,1310
P - 7002,Glass Rods and Tubes,P - 7,Construction materials and precious goods,Production,1312
P - 7004,Drawn Glass Sheets,P - 7,Construction materials and precious goods,Production,1314
P - 7005,Float Glass Sheets,P - 7,Construction materials and precious goods,Production,1315
P - 7006,Worked Glass Sheets,P - 7,Construction materials and precious goods,Production,1316
P - 7007,Safety Glass,P - 7,Construction materials and precious goods,Production,1317
P - 7008,Insulating Glass Units,P - 7,Construction materials and precious goods,Production,1318
P - 7009,Glass Mirrors,P - 7,Construction materials and precious goods,Production,1319
P - 7010,Glass Containers,P - 7,Construction materials and precious goods,Production,1320
P - 7013,Glass Tableware,P - 7,Construction materials and precious goods,Production,1322
P - 7018,Glass Beads and Ornaments,P - 7,Construction materials and precious goods,Production,1327
P - 7019,Glass Fibers,P - 7,Construction materials and precious goods,Production,1328
P - 7020,Other Glass Articles,P - 7,Construction materials and precious goods,Production,1329
P - 7101,Pearls,P - 7,Construction materials and precious goods,Production,1330
P - 7102,Diamonds,P - 7,Construction materials and precious goods,Production,1331
P - 7103,Precious and Semi-Precious Stones,P - 7,Construction materials and precious goods,Production,1332
P - 7106,Silver,P - 7,Construction materials and precious goods,Production,1335
P - 7110,Platinum,P - 7,Construction materials and precious goods,Production,1339
P - 7112,Precious Metal Scrap,P - 7,Construction materials and precious goods,Production,1341
P - 7113,Precious Metal Jewelry,P - 7,Construction materials and precious goods,Production,1342
P - 7115,Other Precious Metal Articles,P - 7,Construction materials and precious goods,Production,1344
P - 7117,Imitation Jewelry,P - 7,Construction materials and precious goods,Production,1346
P - 7201,Pig Iron,P - 8,Base metals and metal products,Production,1348
P - 7202,Ferro-Alloys,P - 8,Base metals and metal products,Production,1349
P - 7203,Direct Reduced Iron,P - 8,Base metals and metal products,Production,1350
P - 7204,Iron and Steel Scrap,P - 8,Base metals and metal products,Production,1351
P - 7205,Iron and Steel Granules,P - 8,Base metals and metal products,Production,1352
P - 7206,Iron and Steel Ingots,P - 8,Base metals and metal products,Production,1353
P - 7207,Iron and Steel Semi-Finished,P - 8,Base metals and metal products,Production,1354
P - 7208,Hot-Rolled Steel Sheets,P - 8,Base metals and metal products,Production,1355
P - 7209,Cold-Rolled Steel Sheets,P - 8,Base metals and metal products,Production,1356
P - 7210,Coated Steel Sheets,P - 8,Base metals and metal products,Production,1357
P - 7211,Narrow Steel Sheets,P - 8,Base metals and metal products,Production,1358
P - 7212,Narrow Coated Steel,P - 8,Base metals and metal products,Production,1359
P - 7213,Hot-Rolled Steel Coils,P - 8,Base metals and metal products,Production,1360
P - 7214,Hot-Worked Steel Bars,P - 8,Base metals and metal products,Production,1361
P - 7215,Other Steel Bars,P - 8,Base metals and metal products,Production,1362
P - 7216,Steel Sections,P - 8,Base metals and metal products,Production,1363
P - 7217,Iron and Steel Wire,P - 8,Base metals and metal products,Production,1364
P - 7218,Stainless Steel Primary,P - 8,Base metals and metal products,Production,1365
P - 7219,Wide Stainless Steel Sheets,P - 8,Base metals and metal products,Production,1366
P - 7220,Narrow Stainless Steel,P - 8,Base metals and metal products,Production,1367
P - 7221,Stainless Steel Coils,P - 8,Base metals and metal products,Production,1368
P - 7222,Stainless Steel Bars,P - 8,Base metals and metal products,Production,1369
P - 7223,Stainless Steel Wire,P - 8,Base metals and metal products,Production,1370
P - 7224,Alloy Steel Primary,P - 8,Base metals and metal products,Production,1371
P - 7225,Wide Alloy Steel Sheets,P - 8,Base metals and metal products,Production,1372
P - 7226,Narrow Alloy Steel,P - 8,Base metals and metal products,Production,1373
P - 7227,Alloy Steel Coils,P - 8,Base metals and metal products,Production,1374
P - 7228,Alloy Steel Bars,P - 8,Base metals and metal products,Production,1375
P - 7229,Alloy Steel Wire,P - 8,Base metals and metal products,Production,1376
P - 7301,Steel Sheet Piling,P - 8,Base metals and metal products,Production,1377
P - 7302,Railway Track Materials,P - 8,Base metals and metal products,Production,1378
P - 7303,Cast Iron Pipes,P - 8,Base metals and metal products,Production,1379
P - 7304,Seamless Steel Pipes,P - 8,Base metals and metal products,Production,1380
P - 7305,Large Welded Pipes,P - 8,Base metals and metal products,Production,1381
P - 7306,Other Steel Pipes,P - 8,Base metals and metal products,Production,1382
P - 7307,Pipe Fittings,P - 8,Base metals and metal products,Production,1383
P - 7308,Steel Structures,P - 8,Base metals and metal products,Production,1384
P - 7309,Large Steel Containers,P - 8,Base metals and metal products,Production,1385
P - 7310,Small Steel Containers,P - 8,Base metals and metal products,Production,1386
P - 7311,Gas Containers,P - 8,Base metals and metal products,Production,1387
P - 7312,Steel Wire Rope,P - 8,Base metals and metal products,Production,1388
P - 7314,Steel Wire Mesh,P - 8,Base metals and metal products,Production,1390
P - 7315,Steel Chain,P - 8,Base metals and metal products,Production,1391
P - 7317,Nails and Fasteners,P - 8,Base metals and metal products,Production,1393
P - 7318,Screws and Bolts,P - 8,Base metals and metal products,Production,1394
P - 7320,Steel Springs,P - 8,Base metals and metal products,Production,1396
P - 7321,Steel Stoves and Ranges,P - 8,Base metals and metal products,Production,1397
P - 7322,Steel Radiators,P - 8,Base metals and metal products,Production,1398
P - 7323,Steel Household Items,P - 8,Base metals and metal products,Production,1399
P - 7324,Steel Sanitary Ware,P - 8,Base metals and metal products,Production,1400
P - 7325,Cast Iron Articles,P - 8,Base metals and metal products,Production,1401
P - 7326,Other Steel Articles,P - 8,Base metals and metal products,Production,1402
P - 7402,Unrefined Copper,P - 8,Base metals and metal products,Production,1404
P - 7403,Refined Copper,P - 8,Base metals and metal products,Production,1405
P - 7404,Copper Scrap,P - 8,Base metals and metal products,Production,1406
P - 7407,Copper Bars and Rods,P - 8,Base metals and metal products,Production,1409
P - 7408,Copper Wire,P - 8,Base metals and metal products,Production,1410
P - 7409,Copper Sheets,P - 8,Base metals and metal products,Production,1411
P - 7410,Copper Foil,P - 8,Base metals and metal products,Production,1412
P - 7411,Copper Tubes,P - 8,Base metals and metal products,Production,1413
P - 7412,Copper Pipe Fittings,P - 8,Base metals and metal products,Production,1414
P - 7413,Copper Cable,P - 8,Base metals and metal products,Production,1415
P - 7419,Other Copper Articles,P - 8,Base metals and metal products,Production,1418
P - 7501,Nickel Intermediates,P - 8,Base metals and metal products,Production,1419
P - 7502,Unwrought Nickel,P - 8,Base metals and metal products,Production,1420
P - 7505,Nickel Bars and Wire,P - 8,Base metals and metal products,Production,1423
P - 7506,Nickel Sheets,P - 8,Base metals and metal products,Production,1424
P - 7507,Nickel Tubes,P - 8,Base metals and metal products,Production,1425
P - 7508,Other Nickel Articles,P - 8,Base metals and metal products,Production,1426
P - 7601,Unwrought Aluminum,P - 8,Base metals and metal products,Production,1427
P - 7602,Aluminum Scrap,P - 8,Base metals and metal products,Production,1428
P - 7604,Aluminum Bars,P - 8,Base metals and metal products,Production,1430
P - 7605,Aluminum Wire,P - 8,Base metals and metal products,Production,1431
P - 7606,Aluminum Sheets,P - 8,Base metals and metal products,Production,1432
P - 7607,Aluminum Foil,P - 8,Base metals and metal products,Production,1433
P - 7608,Aluminum Tubes,P - 8,Base metals and metal products,Production,1434
P - 7610,Aluminum Structures,P - 8,Base metals and metal products,Production,1436
P - 7612,Small Aluminum Containers,P - 8,Base metals and metal products,Production,1438
P - 7614,Aluminum Cable,P - 8,Base metals and metal products,Production,1440
P - 7615,Aluminum Household Items,P - 8,Base metals and metal products,Production,1441
P - 7616,Other Aluminum Articles,P - 8,Base metals and metal products,Production,1442
P - 7801,Unwrought Lead,P - 8,Base metals and metal products,Production,1443
P - 7901,Unwrought Zinc,P - 8,Base metals and metal products,Production,1447
P - 7907,Other Zinc Articles,P - 8,Base metals and metal products,Production,1452
P - 8001,Unwrought Tin,P - 8,Base metals and metal products,Production,1453
P - 8101,Tungsten and Articles,P - 8,Base metals and metal products,Production,1457
P - 8102,Molybdenum and Articles,P - 8,Base metals and metal products,Production,1458
P - 8104,Magnesium and Articles,P - 8,Base metals and metal products,Production,1460
P - 8105,Cobalt and Articles,P - 8,Base metals and metal products,Production,1461
P - 8108,Titanium and Articles,P - 8,Base metals and metal products,Production,1463
P - 8111,Manganese and Articles,P - 8,Base metals and metal products,Production,1466
P - 8112,Other Rare Metals,P - 8,Base metals and metal products,Production,1467
P - 8201,Agricultural Hand Tools,P - 8,Base metals and metal products,Production,1469
P - 8202,Hand Saws,P - 8,Base metals and metal products,Production,1470
P - 8203,Hand Tools and Pliers,P - 8,Base metals and metal products,Production,1471
P - 8204,Wrenches and Spanners,P - 8,Base metals and metal products,Production,1472
P - 8205,Other Hand Tools,P - 8,Base metals and metal products,Production,1473
P - 8207,Interchangeable Tools,P - 8,Base metals and metal products,Production,1475
P - 8208,Machine Knife Blades,P - 8,Base metals and metal products,Production,1476
P - 8209,Tool Tips,P - 8,Base metals and metal products,Production,1477
P - 8211,Knives and Blades,P - 8,Base metals and metal products,Production,1479
P - 8212,Razors,P - 8,Base metals and metal products,Production,1480
P - 8215,Tableware,P - 8,Base metals and metal products,Production,1483
P - 8301,Locks and Keys,P - 8,Base metals and metal products,Production,1484
P - 8302,Furniture Hardware,P - 8,Base metals and metal products,Production,1485
P - 8303,Safes,P - 8,Base metals and metal products,Production,1486
P - 8305,Stationery Hardware,P - 8,Base metals and metal products,Production,1488
P - 8306,Decorative Metal Items,P - 8,Base metals and metal products,Production,1489
P - 8307,Flexible Metal Tubing,P - 8,Base metals and metal products,Production,1490
P - 8308,Clothing Hardware,P - 8,Base metals and metal products,Production,1491
P - 8309,Bottle Caps and Closures,P - 8,Base metals and metal products,Production,1492
P - 8311,Welding Materials,P - 8,Base metals and metal products,Production,1494
P - 8401,Nuclear Reactors,P - 9,Machinery and transportation,Production,1495
P - 8402,Steam Boilers,P - 9,Machinery and transportation,Production,1496
P - 8403,Heating Boilers,P - 9,Machinery and transportation,Production,1497
P - 8404,Boiler Auxiliaries,P - 9,Machinery and transportation,Production,1498
P - 8405,Gas Generators,P - 9,Machinery and transportation,Production,1499
P - 8406,Steam Turbines,P - 9,Machinery and transportation,Production,1500
P - 8407,Spark Ignition Engines,P - 9,Machinery and transportation,Production,1501
P - 8408,Diesel Engines,P - 9,Machinery and transportation,Production,1502
P - 8409,Engine Parts,P - 9,Machinery and transportation,Production,1503
P - 8410,Water Turbines,P - 9,Machinery and transportation,Production,1504
P - 8411,Gas Turbines,P - 9,Machinery and transportation,Production,1505
P - 8412,Other Engines and Motors,P - 9,Machinery and transportation,Production,1506
P - 8413,Liquid Pumps,P - 9,Machinery and transportation,Production,1507
P - 8414,Air Pumps and Compressors,P - 9,Machinery and transportation,Production,1508
P - 8415,Air Conditioning Equipment,P - 9,Machinery and transportation,Production,1509
P - 8416,Furnace Burners,P - 9,Machinery and transportation,Production,1510
P - 8417,Industrial Furnaces,P - 9,Machinery and transportation,Production,1511
P - 8418,Refrigeration Equipment,P - 9,Machinery and transportation,Production,1512
P - 8419,Heat Treatment Equipment,P - 9,Machinery and transportation,Production,1513
P - 8420,Rolling Machines,P - 9,Machinery and transportation,Production,1514
P - 8421,Centrifuges and Filters,P - 9,Machinery and transportation,Production,1515
P - 8422,Packaging Machinery,P - 9,Machinery and transportation,Production,1516
P - 8423,Weighing Machines,P - 9,Machinery and transportation,Production,1517
P - 8424,Spraying Equipment,P - 9,Machinery and transportation,Production,1518
P - 8425,Hoists and Winches,P - 9,Machinery and transportation,Production,1519
P - 8426,Cranes,P - 9,Machinery and transportation,Production,1520
P - 8427,Fork-Lift Trucks,P - 9,Machinery and transportation,Production,1521
P - 8428,Lifting Equipment,P - 9,Machinery and transportation,Production,1522
P - 8429,Earth Moving Equipment,P - 9,Machinery and transportation,Production,1523
P - 8430,Excavating Machinery,P - 9,Machinery and transportation,Production,1524
P - 8431,Machinery Parts,P - 9,Machinery and transportation,Production,1525
P - 8432,Soil Preparation Equipment,P - 9,Machinery and transportation,Production,1526
P - 8433,Harvesting Equipment,P - 9,Machinery and transportation,Production,1527
P - 8434,Dairy Machinery,P - 9,Machinery and transportation,Production,1528
P - 8436,Agricultural Machinery,P - 9,Machinery and transportation,Production,1530
P - 8437,Grain Processing Equipment,P - 9,Machinery and transportation,Production,1531
P - 8438,Food Processing Equipment,P - 9,Machinery and transportation,Production,1532
P - 8439,Paper Making Equipment,P - 9,Machinery and transportation,Production,1533
P - 8440,Book Binding Equipment,P - 9,Machinery and transportation,Production,1534
P - 8441,Paper Converting Equipment,P - 9,Machinery and transportation,Production,1535
P - 8442,Printing Plate Equipment,P - 9,Machinery and transportation,Production,1536
P - 8443,Printing Equipment,P - 9,Machinery and transportation,Production,1537
P - 8445,Textile Spinning Equipment,P - 9,Machinery and transportation,Production,1539
P - 8446,Weaving Machines,P - 9,Machinery and transportation,Production,1540
P - 8447,Knitting Equipment,P - 9,Machinery and transportation,Production,1541
P - 8448,Textile Auxiliaries,P - 9,Machinery and transportation,Production,1542
P - 8450,Washing Machines,P - 9,Machinery and transportation,Production,1544
P - 8451,Textile Processing Equipment,P - 9,Machinery and transportation,Production,1545
P - 8452,Sewing Machines,P - 9,Machinery and transportation,Production,1546
P - 8454,Metal Casting Equipment,P - 9,Machinery and transportation,Production,1548
P - 8455,Rolling Mills,P - 9,Machinery and transportation,Production,1549
P - 8456,Advanced Machine Tools,P - 9,Machinery and transportation,Production,1550
P - 8457,Metal Machining Centers,P - 9,Machinery and transportation,Production,1551
P - 8458,Metal Lathes,P - 9,Machinery and transportation,Production,1552
P - 8459,Metal Drilling Equipment,P - 9,Machinery and transportation,Production,1553
P - 8460,Metal Finishing Equipment,P - 9,Machinery and transportation,Production,1554
P - 8461,Other Metal Machine Tools,P - 9,Machinery and transportation,Production,1555
P - 8462,Metal Forming Equipment,P - 9,Machinery and transportation,Production,1556
P - 8463,Other Metal Working Equipment,P - 9,Machinery and transportation,Production,1557
P - 8464,Stone Working Equipment,P - 9,Machinery and transportation,Production,1558
P - 8465,Wood Working Equipment,P - 9,Machinery and transportation,Production,1559
P - 8466,Machine Tool Parts,P - 9,Machinery and transportation,Production,1560
P - 8467,Portable Power Tools,P - 9,Machinery and transportation,Production,1561
P - 8468,Welding Equipment,P - 9,Machinery and transportation,Production,1562
P - 8470,Calculating Machines,P - 9,Machinery and transportation,Production,1563
P - 8471,Computers and Data Equipment,P - 9,Machinery and transportation,Production,1564
P - 8472,Other Office Machines,P - 9,Machinery and transportation,Production,1565
P - 8473,Office Machine Parts,P - 9,Machinery and transportation,Production,1566
P - 8474,Mineral Processing Equipment,P - 9,Machinery and transportation,Production,1567
P - 8475,Glass Making Equipment,P - 9,Machinery and transportation,Production,1568
P - 8476,Vending Machines,P - 9,Machinery and transportation,Production,1569
P - 8477,Plastic Processing Equipment,P - 9,Machinery and transportation,Production,1570
P - 8478,Tobacco Processing Equipment,P - 9,Machinery and transportation,Production,1571
P - 8479,Other Machinery,P - 9,Machinery and transportation,Production,1572
P - 8480,Foundry Molds,P - 9,Machinery and transportation,Production,1573
P - 8481,Valves and Taps,P - 9,Machinery and transportation,Production,1574
P - 8482,Ball and Roller Bearings,P - 9,Machinery and transportation,Production,1575
P - 8483,Transmission Equipment,P - 9,Machinery and transportation,Production,1576
P - 8484,Gaskets and Seals,P - 9,Machinery and transportation,Production,1577
P - 8485,3D Printing Machines,P - 9,Machinery and transportation,Production,1578
P - 8501,Electric Motors and Generators,P - 9,Machinery and transportation,Production,1581
P - 8502,Generator Sets,P - 9,Machinery and transportation,Production,1582
P - 8503,Motor and Generator Parts,P - 9,Machinery and transportation,Production,1583
P - 8504,Transformers,P - 9,Machinery and transportation,Production,1584
P - 8505,Electromagnets and Magnets,P - 9,Machinery and transportation,Production,1585
P - 8506,Primary Batteries,P - 9,Machinery and transportation,Production,1586
P - 8507,Rechargeable Batteries,P - 9,Machinery and transportation,Production,1587
P - 8508,Vacuum Cleaners,P - 9,Machinery and transportation,Production,1588
P - 8509,Small Electric Appliances,P - 9,Machinery and transportation,Production,1589
P - 8510,Electric Grooming Appliances,P - 9,Machinery and transportation,Production,1590
P - 8511,Engine Ignition Equipment,P - 9,Machinery and transportation,Production,1591
P - 8512,Vehicle Lighting Equipment,P - 9,Machinery and transportation,Production,1592
P - 8513,Portable Electric Lamps,P - 9,Machinery and transportation,Production,1593
P - 8514,Industrial Electric Furnaces,P - 9,Machinery and transportation,Production,1594
P - 8515,Electric Welding Equipment,P - 9,Machinery and transportation,Production,1595
P - 8516,Electric Heating Appliances,P - 9,Machinery and transportation,Production,1596
P - 8517,Telecommunications Equipment,P - 9,Machinery and transportation,Production,1597
P - 8518,Audio Equipment,P - 9,Machinery and transportation,Production,1598
P - 8519,Sound Recording Equipment,P - 9,Machinery and transportation,Production,1599
P - 8521,Video Recording Equipment,P - 9,Machinery and transportation,Production,1600
P - 8522,Audio/Video Parts,P - 9,Machinery and transportation,Production,1601
P - 8523,Recording Media,P - 9,Machinery and transportation,Production,1602
P - 8524,Display Modules,P - 9,Machinery and transportation,Production,1603
P - 8525,Broadcasting Equipment,P - 9,Machinery and transportation,Production,1604
P - 8526,Radar and Navigation Equipment,P - 9,Machinery and transportation,Production,1605
P - 8527,Radio Receivers,P - 9,Machinery and transportation,Production,1606
P - 8528,Monitors and TV Equipment,P - 9,Machinery and transportation,Production,1607
P - 8529,Transmission Equipment Parts,P - 9,Machinery and transportation,Production,1608
P - 8530,Traffic Control Equipment,P - 9,Machinery and transportation,Production,1609
P - 8531,Signaling Equipment,P - 9,Machinery and transportation,Production,1610
P - 8532,Electrical Capacitors,P - 9,Machinery and transportation,Production,1611
P - 8533,Electrical Resistors,P - 9,Machinery and transportation,Production,1612
P - 8534,Printed Circuits,P - 9,Machinery and transportation,Production,1613
P - 8535,High Voltage Electrical Equipment,P - 9,Machinery and transportation,Production,1614
P - 8536,Low Voltage Electrical Equipment,P - 9,Machinery and transportation,Production,1615
P - 8537,Electrical Control Panels,P - 9,Machinery and transportation,Production,1616
P - 8538,Electrical Equipment Parts,P - 9,Machinery and transportation,Production,1617
P - 8539,Electric Lamps and LED,P - 9,Machinery and transportation,Production,1618
P - 8540,Electronic Tubes,P - 9,Machinery and transportation,Production,1619
P - 8541,Semiconductors,P - 9,Machinery and transportation,Production,1620
P - 8542,Integrated Circuits,P - 9,Machinery and transportation,Production,1621
P - 8543,Other Electrical Equipment,P - 9,Machinery and transportation,Production,1622
P - 8544,Electric Wire and Cable,P - 9,Machinery and transportation,Production,1623
P - 8545,Carbon Electrodes,P - 9,Machinery and transportation,Production,1624
P - 8546,Electrical Insulators,P - 9,Machinery and transportation,Production,1625
P - 8547,Insulating Fittings,P - 9,Machinery and transportation,Production,1626
P - 8548,Electrical Parts,P - 9,Machinery and transportation,Production,1627
P - 8601,Electric Locomotives,P - 9,Machinery and transportation,Production,1629
P - 8602,Other Locomotives,P - 9,Machinery and transportation,Production,1630
P - 8603,Self-Propelled Rail Cars,P - 9,Machinery and transportation,Production,1631
P - 8604,Railway Service Vehicles,P - 9,Machinery and transportation,Production,1632
P - 8605,Railway Passenger Cars,P - 9,Machinery and transportation,Production,1633
P - 8606,Railway Freight Cars,P - 9,Machinery and transportation,Production,1634
P - 8607,Railway Equipment Parts,P - 9,Machinery and transportation,Production,1635
P - 8609,Transport Containers,P - 9,Machinery and transportation,Production,1637
P - 8701,Tractors,P - 9,Machinery and transportation,Production,1638
P - 8702,Buses,P - 9,Machinery and transportation,Production,1639
P - 8703,Passenger Cars,P - 9,Machinery and transportation,Production,1640
P - 8704,Trucks,P - 9,Machinery and transportation,Production,1641
P - 8705,Special Purpose Vehicles,P - 9,Machinery and transportation,Production,1642
P - 8706,Vehicle Chassis,P - 9,Machinery and transportation,Production,1643
P - 8707,Vehicle Bodies,P - 9,Machinery and transportation,Production,1644
P - 8708,Vehicle Parts,P - 9,Machinery and transportation,Production,1645
P - 8709,Industrial Trucks,P - 9,Machinery and transportation,Production,1646
P - 8710,Military Vehicles,P - 9,Machinery and transportation,Production,1647
P - 8711,Motorcycles,P - 9,Machinery and transportation,Production,1648
P - 8712,Bicycles,P - 9,Machinery and transportation,Production,1649
P - 8713,Wheelchairs,P - 9,Machinery and transportation,Production,1650
P - 8714,Cycle Parts,P - 9,Machinery and transportation,Production,1651
P - 8715,Baby Carriages,P - 9,Machinery and transportation,Production,1652
P - 8716,Trailers,P - 9,Machinery and transportation,Production,1653
P - 8802,Powered Aircraft,P - 9,Machinery and transportation,Production,1655
P - 8805,Aircraft Ground Equipment,P - 9,Machinery and transportation,Production,1657
P - 8901,Passenger and Cargo Ships,P - 9,Machinery and transportation,Production,1660
P - 8902,Fishing Vessels,P - 9,Machinery and transportation,Production,1661
P - 8903,Pleasure Boats,P - 9,Machinery and transportation,Production,1662
P - 8904,Tugs,P - 9,Machinery and transportation,Production,1663
P - 8905,Special Purpose Vessels,P - 9,Machinery and transportation,Production,1664
P - 8906,Other Vessels,P - 9,Machinery and transportation,Production,1665
P - 8907,Floating Structures,P - 9,Machinery and transportation,Production,1666
P - 9001,Optical Fibers and Components,P - 10,Precision goods and miscellaneous,Production,1668
P - 9002,Mounted Optical Elements,P - 10,Precision goods and miscellaneous,Production,1669
P - 9003,Eyewear Frames,P - 10,Precision goods and miscellaneous,Production,1670
P - 9004,Spectacles and Goggles,P - 10,Precision goods and miscellaneous,Production,1671
P - 9005,Telescopes and Binoculars,P - 10,Precision goods and miscellaneous,Production,1672
P - 9006,Cameras and Flash Equipment,P - 10,Precision goods and miscellaneous,Production,1673
P - 9010,Photo Lab Equipment,P - 10,Precision goods and miscellaneous,Production,1676
P - 9011,Optical Microscopes,P - 10,Precision goods and miscellaneous,Production,1677
P - 9012,Other Microscopes,P - 10,Precision goods and miscellaneous,Production,1678
P - 9013,Lasers and Optical Instruments,P - 10,Precision goods and miscellaneous,Production,1679
P - 9014,Navigation Instruments,P - 10,Precision goods and miscellaneous,Production,1680
P - 9015,Surveying Instruments,P - 10,Precision goods and miscellaneous,Production,1681
P - 9017,Drawing and Measuring Tools,P - 10,Precision goods and miscellaneous,Production,1683
P - 9018,Medical Instruments,P - 10,Precision goods and miscellaneous,Production,1684
P - 9019,Therapy Equipment,P - 10,Precision goods and miscellaneous,Production,1685
P - 9020,Breathing Apparatus,P - 10,Precision goods and miscellaneous,Production,1686
P - 9021,Prosthetics and Orthotics,P - 10,Precision goods and miscellaneous,Production,1687
P - 9022,X-Ray Equipment,P - 10,Precision goods and miscellaneous,Production,1688
P - 9023,Educational Models,P - 10,Precision goods and miscellaneous,Production,1689
P - 9024,Materials Testing Equipment,P - 10,Precision goods and miscellaneous,Production,1690
P - 9025,Measuring Instruments,P - 10,Precision goods and miscellaneous,Production,1691
P - 9026,Flow and Pressure Instruments,P - 10,Precision goods and miscellaneous,Production,1692
P - 9027,Analysis Instruments,P - 10,Precision goods and miscellaneous,Production,1693
P - 9028,Utility Meters,P - 10,Precision goods and miscellaneous,Production,1694
P - 9029,Counters and Speed Indicators,P - 10,Precision goods and miscellaneous,Production,1695
P - 9030,Electrical Testing Equipment,P - 10,Precision goods and miscellaneous,Production,1696
P - 9031,Other Measuring Equipment,P - 10,Precision goods and miscellaneous,Production,1697
P - 9032,Control Instruments,P - 10,Precision goods and miscellaneous,Production,1698
P - 9033,Instrument Parts,P - 10,Precision goods and miscellaneous,Production,1699
P - 9101,Precious Metal Watches,P - 10,Precision goods and miscellaneous,Production,1700
P - 9102,Other Watches,P - 10,Precision goods and miscellaneous,Production,1701
P - 9105,Other Clocks,P - 10,Precision goods and miscellaneous,Production,1704
P - 9108,Watch Movements,P - 10,Precision goods and miscellaneous,Production,1707
P - 9111,Watch Cases,P - 10,Precision goods and miscellaneous,Production,1710
P - 9113,Watch Straps,P - 10,Precision goods and miscellaneous,Production,1712
P - 9114,Other Clock and Watch Parts,P - 10,Precision goods and miscellaneous,Production,1713
P - 9207,Electric Musical Instruments,P - 10,Precision goods and miscellaneous,Production,1718
P - 9209,Musical Instrument Parts,P - 10,Precision goods and miscellaneous,Production,1720
P - 9303,Sporting Firearms,P - 10,Precision goods and miscellaneous,Production,1723
P - 9305,Firearm Parts,P - 10,Precision goods and miscellaneous,Production,1725
P - 9306,Ammunition and Munitions,P - 10,Precision goods and miscellaneous,Production,1726
P - 9401,Seats,P - 10,Precision goods and miscellaneous,Production,1728
P - 9402,Medical Furniture,P - 10,Precision goods and miscellaneous,Production,1729
P - 9403,Other Furniture,P - 10,Precision goods and miscellaneous,Production,1730
P - 9404,Bedding and Mattresses,P - 10,Precision goods and miscellaneous,Production,1731
P - 9405,Lighting Fixtures,P - 10,Precision goods and miscellaneous,Production,1732
P - 9406,Prefabricated Buildings,P - 10,Precision goods and miscellaneous,Production,1733
P - 9503,Toys and Games,P - 10,Precision goods and miscellaneous,Production,1734
P - 9504,Gaming Equipment,P - 10,Precision goods and miscellaneous,Production,1735
P - 9505,Party and Entertainment Items,P - 10,Precision goods and miscellaneous,Production,1736
P - 9506,Sports Equipment,P - 10,Precision goods and miscellaneous,Production,1737
P - 9507,Fishing Equipment,P - 10,Precision goods and miscellaneous,Production,1738
P - 9603,Brooms and Brushes,P - 10,Precision goods and miscellaneous,Production,1742
P - 9606,Buttons and Fasteners,P - 10,Precision goods and miscellaneous,Production,1745
P - 9607,Zippers,P - 10,Precision goods and miscellaneous,Production,1746
P - 9608,Pens,P - 10,Precision goods and miscellaneous,Production,1747
P - 9609,Pencils and Crayons,P - 10,Precision goods and miscellaneous,Production,1748
P - 9612,Ribbons and Ink Pads,P - 10,Precision goods and miscellaneous,Production,1751
P - 9613,Lighters,P - 10,Precision goods and miscellaneous,Production,1752
P - 9701,Original Paintings,P - 10,Precision goods and miscellaneous,Production,1760
P - 9703,Original Sculptures,P - 10,Precision goods and miscellaneous,Production,1762
P - 9706,Antiques,P - 10,Precision goods and miscellaneous,Production,1765
S - 11_1,"Plant Pathogens: Genetics, Resistance, and Control Strategies",S - 6,Agricultural and environmental sciences,Science,1767
S - 11_10,Nutritional Science and Sustainable Agriculture Research,S - 6,Agricultural and environmental sciences,Science,1768
S - 11_11,Biomass Utilization and Sustainable Bioenergy Research,S - 6,Agricultural and environmental sciences,Science,1769
S - 11_12,Genomics and Breeding for Crop Improvement,S - 6,Agricultural and environmental sciences,Science,1770
S - 11_13,Antioxidant and Antimicrobial Properties of Natural Products,S - 6,Agricultural and environmental sciences,Science,1771
S - 1077290770,Sustainable Agroforesty Practices,S - 6,Agricultural and environmental sciences,Science,1772
S - 11_15,Epidemiology and Control of Livestock Diseases,S - 6,Agricultural and environmental sciences,Science,1773
S - 11_16,"Food Safety, Agriculture Practices and Environmental Impact",S - 6,Agricultural and environmental sciences,Science,1774
S - 11_17,"Invasive Species: Impact, Control, and Ecological Consequences",S - 6,Agricultural and environmental sciences,Science,1775
S - 11_18,Marine Life Biology and Conservation Strategies,S - 6,Agricultural and environmental sciences,Science,1776
S - 4019419616,Sustainable Rural Livelihoods,S - 6,Agricultural and environmental sciences,Science,1777
S - 3698807275,Sustainable Water Management,S - 6,Agricultural and environmental sciences,Science,1778
S - 11_20,Nutritional Analysis and Health Benefits of Natural Products,S - 6,Agricultural and environmental sciences,Science,1779
S - 11_21,Comprehensive Analysis of Food Processing and Quality Management,S - 6,Agricultural and environmental sciences,Science,1780
S - 11_22,GABA Metabolism and Impact on Plant Stress Response,S - 6,Agricultural and environmental sciences,Science,1781
S - 11_23,Plant Biology: Stress Resistance and Growth Mechanisms,S - 6,Agricultural and environmental sciences,Science,1782
S - 11_24,Genetic and Nutritional Analysis of Diverse Crops,S - 6,Agricultural and environmental sciences,Science,1783
S - 11_25,Toxic Compounds in Food: Health Impacts and Mitigation,S - 6,Agricultural and environmental sciences,Science,1784
S - 11_26,Plant-Fungi Interactions and Evolutionary Botany,S - 6,Agricultural and environmental sciences,Science,1785
S - 11_27,Genetic and Environmental Influences on Fruit Production,S - 6,Agricultural and environmental sciences,Science,1786
S - 11_28,Sustainability in Integrated Rice-Fish Farming Systems,S - 6,Agricultural and environmental sciences,Science,1787
S - 11_29,Non-Destructive Techniques for Estimating Leaf Area,S - 6,Agricultural and environmental sciences,Science,1788
S - 11_3,"Diversity, Evolution, and Ecological Impact of Non-Vascular Organisms",S - 6,Agricultural and environmental sciences,Science,1789
S - 11_30,Advancements in Animal Health and Nutrition Research,S - 6,Agricultural and environmental sciences,Science,1790
S - 11_31,"Ecology, Evolution, and Conservation of Animal Species",S - 6,Agricultural and environmental sciences,Science,1791
S - 11_32,Enzymatic Bioremediation and Textile Wastewater Treatment,S - 6,Agricultural and environmental sciences,Science,1792
S - 11_33,"Plant Biodiversity, Evolution, and Conservation Studies",S - 6,Agricultural and environmental sciences,Science,1793
S - 2282278658,Sustainable Soil-Plant-Microbe Interactions,S - 6,Agricultural and environmental sciences,Science,1794
S - 11_35,Interdisciplinary Studies on Biopolymers and Their Applications,S - 6,Agricultural and environmental sciences,Science,1795
S - 11_4,Insect-Related Studies in Ecology and Pest Management,S - 6,Agricultural and environmental sciences,Science,1796
S - 11_5,"Food Security, Nutrition, and Sustainable Rural Development",S - 6,Agricultural and environmental sciences,Science,1797
S - 11_6,Advancements in Cocoa Production and Processing,S - 6,Agricultural and environmental sciences,Science,1798
S - 11_7,Insect Biodiversity and Evolutionary Phylogenetics,S - 6,Agricultural and environmental sciences,Science,1799
S - 11_8,Impacts and Implications of Genetically Modified Crops,S - 6,Agricultural and environmental sciences,Science,1800
S - 11_9,Plant Hormones and Interactions in Ecosystems,S - 6,Agricultural and environmental sciences,Science,1801
S - 13_0,Industrial Biotechnology and Enzyme Applications,S - 8,Life sciences,Science,1843
S - 13_1,"RNA Structure, Regulation, and Metabolic Pathways",S - 8,Life sciences,Science,1844
S - 13_10,Molecular Mechanisms in Disease Pathogenesis and Aging,S - 8,Life sciences,Science,1845
S - 13_11,"Genomics and Bioinformatics: Analysis, Interpretation, and Education",S - 8,Life sciences,Science,1846
S - 13_12,Oxidative Stress and Redox Regulation in Cellular Processes,S - 8,Life sciences,Science,1847
S - 13_13,Molecular Mechanisms in Cellular Function and Pathology,S - 8,Life sciences,Science,1848
S - 13_14,Metabolic Processes in Disease Pathogenesis and Treatment,S - 8,Life sciences,Science,1849
S - 13_15,DNA Barcoding and Species Identification Research,S - 8,Life sciences,Science,1850
S - 13_16,"Genetic Disorders: Mechanisms, Manifestations, and Management",S - 8,Life sciences,Science,1851
S - 13_17,Genetics and Pathogenesis in Human Digestive Health,S - 8,Life sciences,Science,1852
S - 13_18,Molecular Mechanisms and Applications in Biosynthesis,S - 8,Life sciences,Science,1853
S - 13_19,"Molecular Mechanisms in Health, Disease, and Therapeutic Development",S - 8,Life sciences,Science,1854
S - 13_2,Molecular Mechanisms in Angiogenesis and Cancer Progression,S - 8,Life sciences,Science,1855
S - 13_20,Pathogenesis and Genomic Analysis of Infectious Diseases,S - 8,Life sciences,Science,1856
S - 13_21,Protein Analysis and Engineering in Biomedical Research,S - 8,Life sciences,Science,1857
S - 13_22,Genomics in Plant Breeding and Genetic Diversity,S - 8,Life sciences,Science,1858
S - 13_23,Fish-Based Biological and Physiological Studies,S - 8,Life sciences,Science,1859
S - 13_24,Molecular Signaling Pathways in Health and Disease,S - 8,Life sciences,Science,1860
S - 13_25,Genetic Engineering and Biotechnological Production Techniques,S - 8,Life sciences,Science,1861
S - 13_26,Pharmacological Potential of Natural Compounds and Proteins,S - 8,Life sciences,Science,1862
S - 13_27,Pharmacological Properties and Therapeutic Potential of Plant Compounds,S - 8,Life sciences,Science,1863
S - 13_28,Advancements in Metabolic Research and Biochemical Analysis,S - 8,Life sciences,Science,1864
S - 13_29,Genetics and Communication in Sex Differentiation,S - 8,Life sciences,Science,1865
S - 13_3,"Evolution, Diversity, and Pathogenicity of Microbial Organisms",S - 8,Life sciences,Science,1866
S - 13_30,RNA Mechanisms and Applications in Cancer Research,S - 8,Life sciences,Science,1867
S - 13_31,Computational Bioinformatics in Immunology and Proteomics,S - 8,Life sciences,Science,1868
S - 13_32,Molecular Mechanisms in Development and Regeneration,S - 8,Life sciences,Science,1869
S - 13_33,"Signaling Pathways in Development, Disease, and Therapy",S - 8,Life sciences,Science,1870
S - 13_34,DNA Structures and Their Therapeutic Implications,S - 8,Life sciences,Science,1871
S - 13_35,"DNA-Based Nanotechnology, Computation, and Interaction Dynamics",S - 8,Life sciences,Science,1872
S - 13_36,Bioinformatics and Genomic Data Analysis Techniques,S - 8,Life sciences,Science,1873
S - 13_37,Advancements in Bioimaging and Molecular Interaction Techniques,S - 8,Life sciences,Science,1874
S - 13_4,Plant-Derived Compounds in Disease Treatment and Prevention,S - 8,Life sciences,Science,1875
S - 13_5,Epigenetic Modifications and Implications in Biomedical Research,S - 8,Life sciences,Science,1876
S - 13_6,"Bioactive Compounds: Roles, Effects, and Therapeutic Applications",S - 8,Life sciences,Science,1877
S - 13_7,Interdisciplinary Studies on Electromagnetic Fields and Biotechnology,S - 8,Life sciences,Science,1878
S - 13_8,Genetic Variation and Its Implications in Health and Evolution,S - 8,Life sciences,Science,1879
S - 13_9,Microbial Interactions and Antibiotic Resistance,S - 8,Life sciences,Science,1880
S - 14_0,"Tourism, Hospitality, and Consumer Behavior Studies",S - 5,Business and economics,Science,1881
S - 14_1,"Regulation, Competition, and Corporate Influence in Markets",S - 5,Business and economics,Science,1882
S - 14_10,Innovations and Impacts in Finance and Consumption,S - 5,Business and economics,Science,1883
S - 14_11,"Digital Economy: Impact, Regulation, and Global Trade",S - 5,Business and economics,Science,1884
S - 14_12,Supply Chain Management and Optimization Strategies,S - 5,Business and economics,Science,1885
S - 14_13,Global Governance and Sustainable Development in Digital Economy,S - 5,Business and economics,Science,1886
S - 14_14,Strategic Management and Innovation in Business,S - 5,Business and economics,Science,1887
S - 14_15,"Innovation, Entrepreneurship and Sustainable Development Strategies",S - 5,Business and economics,Science,1888
S - 14_16,Organizational Change and Agility in Digital Transformation,S - 5,Business and economics,Science,1889
S - 14_17,"Financial Management, Investment Strategies and Economic Implications",S - 5,Business and economics,Science,1890
S - 14_18,Strategic Management and Organizational Performance Studies,S - 5,Business and economics,Science,1891
S - 14_19,SWOT Analysis and Strategic Decision-Making Across Industries,S - 5,Business and economics,Science,1892
S - 14_2,Business Strategy and Information Technology Integration,S - 5,Business and economics,Science,1893
S - 14_20,Improving Interprofessional Communication in Healthcare,S - 5,Business and economics,Science,1894
S - 14_21,Infrastructure Project Management and Financial Sustainability,S - 5,Business and economics,Science,1895
S - 14_3,"Cooperative and Banking Systems: Governance, Risk, and Performance",S - 5,Business and economics,Science,1896
S - 14_4,Operations and Quality Management Across Industries,S - 5,Business and economics,Science,1897
S - 14_5,Skills Development and Integration in Accounting Education,S - 5,Business and economics,Science,1898
S - 14_6,Organizational Performance and Behavior Analysis,S - 5,Business and economics,Science,1899
S - 14_7,"Corporate Governance, Ethics, and Financial Performance",S - 5,Business and economics,Science,1900
S - 14_8,Organizational Development and Innovation in Education,S - 5,Business and economics,Science,1901
S - 14_9,Consumer Behavior and Marketing Strategies Analysis,S - 5,Business and economics,Science,1902
S - 15_0,Chemical Properties and Applications in Diverse Fields,S - 9,Chemistry and pharmaceuticals,Science,1903
S - 15_1,Catalysis and Chemical Processes in Energy Production,S - 9,Chemistry and pharmaceuticals,Science,1904
S - 16_0,Applications and Analysis in Thermodynamics and Kinetics,S - 9,Chemistry and pharmaceuticals,Science,1905
S - 16_1,Catalysis in Organic Synthesis and Environmental Applications,S - 9,Chemistry and pharmaceuticals,Science,1906
S - 16_10,Synthesis and Bioactivity of Heterocyclic Compounds,S - 9,Chemistry and pharmaceuticals,Science,1907
S - 16_11,Chemical Analysis and Health Effects of Natural Products,S - 9,Chemistry and pharmaceuticals,Science,1908
S - 16_12,Surfactants and Polymers: Computational Chemistry and Physics,S - 9,Chemistry and pharmaceuticals,Science,1909
S - 16_13,"Organic Chemistry: Reactions, Mechanisms, and Applications",S - 9,Chemistry and pharmaceuticals,Science,1910
S - 16_14,Advancements and Applications in Analytical Chemistry,S - 9,Chemistry and pharmaceuticals,Science,1911
S - 16_2,Advances in Catalysis and Organometallic Chemistry,S - 9,Chemistry and pharmaceuticals,Science,1912
S - 16_3,Advancements in Organic Synthesis and Green Chemistry,S - 9,Chemistry and pharmaceuticals,Science,1913
S - 16_4,Chemistry and Applications of Advanced Materials,S - 9,Chemistry and pharmaceuticals,Science,1914
S - 16_5,Synthesis and Applications of Heterocyclic Compounds in Medicine,S - 9,Chemistry and pharmaceuticals,Science,1915
S - 16_6,Advancements in Spectroscopy and Proteomics Techniques,S - 9,Chemistry and pharmaceuticals,Science,1916
S - 16_7,Innovations and Advances in Chemistry Research,S - 9,Chemistry and pharmaceuticals,Science,1917
S - 16_8,Stereochemistry and Molecular Structure Analysis Techniques,S - 9,Chemistry and pharmaceuticals,Science,1918
S - 16_9,Advancements in Ion Detection and Bioimaging Techniques,S - 9,Chemistry and pharmaceuticals,Science,1919
S - 17_0,Computational Mathematics and Cryptography Techniques,S - 4,Computer science,Science,1920
S - 17_1,Software Development and Engineering Processes,S - 4,Computer science,Science,1921
S - 17_10,Advanced Computing Systems and Optimization Techniques,S - 4,Computer science,Science,1922
S - 17_11,"IoT, Security, and Wireless Sensor Networks",S - 4,Computer science,Science,1923
S - 17_12,Human-Computer Interaction and Recognition Technologies,S - 4,Computer science,Science,1924
S - 17_13,Cryptography and Security Techniques Analysis,S - 4,Computer science,Science,1925
S - 17_14,Data Analysis and Information Retrieval Techniques,S - 4,Computer science,Science,1926
S - 17_15,Machine Learning and Natural Language Processing Techniques,S - 4,Computer science,Science,1927
S - 17_16,Interdisciplinary Studies in Information Theory and Security,S - 4,Computer science,Science,1928
S - 17_17,Distributed Systems and Network Architectures,S - 4,Computer science,Science,1929
S - 17_18,Advancements in Visual Content Analysis and Understanding,S - 4,Computer science,Science,1930
S - 17_19,Data Management and Sharing in Scientific Research,S - 4,Computer science,Science,1931
S - 17_2,Machine Learning Techniques in Image and Face Recognition,S - 4,Computer science,Science,1932
S - 17_20,Human-Computer Interaction and User-Centered Design,S - 4,Computer science,Science,1933
S - 17_21,Advanced Techniques and Applications in Speech and Signal Processing,S - 4,Computer science,Science,1934
S - 17_22,Advancements and Applications in Neural Networks,S - 4,Computer science,Science,1935
S - 17_23,Advanced Computational Systems and Intelligent Design Methods,S - 4,Computer science,Science,1936
S - 17_24,"Security, Privacy, and Authentication in Digital Technologies",S - 4,Computer science,Science,1937
S - 17_25,Advancements in Digital Imaging and Reconstruction Techniques,S - 4,Computer science,Science,1938
S - 17_26,Deep Learning Applications in Visual Processing and Analysis,S - 4,Computer science,Science,1939
S - 17_27,"Wireless Networks: Optimization, Security, and Spectrum Access",S - 4,Computer science,Science,1940
S - 17_28,Machine Learning Applications in Diverse Scientific Domains,S - 4,Computer science,Science,1941
S - 17_29,Advancements in Digital Imaging and Video Processing Techniques,S - 4,Computer science,Science,1942
S - 17_3,Impact and Applications of Artificial Intelligence and Technology,S - 4,Computer science,Science,1943
S - 17_30,Semantic Web and Knowledge Representation in Information Systems,S - 4,Computer science,Science,1944
S - 17_31,"Virtual Reality: Presence, Embodiment, and Interaction",S - 4,Computer science,Science,1945
S - 17_32,"Augmented Reality: Advances, Challenges, and Applications",S - 4,Computer science,Science,1946
S - 17_33,Digital Communication and Information Technology Impact,S - 4,Computer science,Science,1947
S - 17_34,Optimization of Text Data Compression Algorithms,S - 4,Computer science,Science,1948
S - 17_35,Optimization and Applications of Evolutionary Algorithms,S - 4,Computer science,Science,1949
S - 17_36,Synchronization in Complex Networked Systems,S - 4,Computer science,Science,1950
S - 17_37,Advanced Iterative Algorithms and Numerical Techniques,S - 4,Computer science,Science,1951
S - 17_38,"Modeling, Simulation, and Optimization in Intelligent Systems",S - 4,Computer science,Science,1952
S - 17_39,Digital Transformation and Knowledge Management in Academia,S - 4,Computer science,Science,1953
S - 17_4,Advanced Techniques in Digital Image Processing,S - 4,Computer science,Science,1954
S - 17_40,Technological Innovations in Education and Learning,S - 4,Computer science,Science,1955
S - 17_41,Advanced Algorithms and Complexity in Graph Theory,S - 4,Computer science,Science,1956
S - 17_42,Advanced Techniques in Image Analysis and Processing,S - 4,Computer science,Science,1957
S - 17_43,Computational Mechanics and Multiscale Analysis Methods,S - 4,Computer science,Science,1958
S - 17_44,Bayesian Inference and Probabilistic Models in Machine Learning,S - 4,Computer science,Science,1959
S - 17_45,Advancements and Applications in Machine Learning,S - 4,Computer science,Science,1960
S - 17_5,Advanced Algorithms and Techniques in Robotics and AI,S - 4,Computer science,Science,1961
S - 17_6,"Software Analysis, Verification, and Testing Techniques",S - 4,Computer science,Science,1962
S - 17_7,Digital Transformation and Innovation in Education,S - 4,Computer science,Science,1963
S - 17_8,Machine Learning in Cybersecurity and Network Analysis,S - 4,Computer science,Science,1964
S - 17_9,Optimization and Analysis of Wireless Network Systems,S - 4,Computer science,Science,1965
S - 18_0,Methodologies and Applications in Knowledge Synthesis,S - 5,Business and economics,Science,1966
S - 18_1,Methodologies and Applications in Data Analysis,S - 5,Business and economics,Science,1967
S - 18_2,Optimization and Uncertainty Management in Complex Systems,S - 5,Business and economics,Science,1968
S - 18_3,"Interdisciplinary Studies in Science, Technology, and Innovation",S - 5,Business and economics,Science,1969
S - 18_4,Strategic Interactions and Optimization in Networked Systems,S - 5,Business and economics,Science,1970
S - 18_5,Risk and Decision Making in Business Contexts,S - 5,Business and economics,Science,1971
S - 18_6,Impact and Applications of Data-Driven Technologies,S - 5,Business and economics,Science,1972
S - 18_7,Forecasting Techniques in Various Disciplines,S - 5,Business and economics,Science,1973
S - 18_8,Decision Making Using Advanced Set Theories,S - 5,Business and economics,Science,1974
S - 35_0,Oral Pathology and Management in Dentistry,S - 2,Medical and health sciences,Science,1975
S - 35_1,Advancements and Challenges in Dental Research and Practice,S - 2,Medical and health sciences,Science,1976
S - 19_0,Interdisciplinary Studies on Earth and Marine Ecosystem Dynamics,S - 6,Agricultural and environmental sciences,Science,1977
S - 19_1,Interdisciplinary Applications of Geospatial Technologies,S - 6,Agricultural and environmental sciences,Science,1978
S - 19_2,"Geodynamics, Tectonics and Seismic Activity Studies",S - 6,Agricultural and environmental sciences,Science,1979
S - 19_3,Impacts and Dynamics of Climate Change,S - 6,Agricultural and environmental sciences,Science,1980
S - 19_4,Evolutionary Patterns and Phylogenetic Analysis Across Species,S - 6,Agricultural and environmental sciences,Science,1981
S - 19_5,Advancements in Geophysical Exploration Techniques,S - 6,Agricultural and environmental sciences,Science,1982
S - 19_6,"Geoscience: Analysis, Modeling, and Sustainability",S - 6,Agricultural and environmental sciences,Science,1983
S - 19_7,Modeling and Analysis of Geophysical and Climatic Processes,S - 6,Agricultural and environmental sciences,Science,1984
S - 20_0,Economic and Cultural Dynamics in Entertainment Industries,S - 5,Business and economics,Science,1985
S - 20_1,Macroeconomic Dynamics and Financial Stability Analysis,S - 5,Business and economics,Science,1986
S - 20_10,"Financial Systems, Credit Risk, and Housing Market Dynamics",S - 5,Business and economics,Science,1987
S - 20_11,Impacts of Economic Factors and Digitalization on Global Development,S - 5,Business and economics,Science,1988
S - 20_13,Economic Perspectives in Law and Public Policy,S - 5,Business and economics,Science,1990
S - 20_14,Market Dynamics and Antitrust Enforcement Studies,S - 5,Business and economics,Science,1991
S - 20_15,Global Economic Development and Financial Dynamics,S - 5,Business and economics,Science,1992
S - 20_2,"Economic Development, Innovation, and Sustainability Studies",S - 5,Business and economics,Science,1993
S - 20_3,Financial Market Modeling and Asset Pricing Analysis,S - 5,Business and economics,Science,1994
S - 20_4,Economic and Environmental Implications of Policy and Resources,S - 5,Business and economics,Science,1995
S - 20_5,"Economic Development, Innovation, and Global Competitiveness",S - 5,Business and economics,Science,1996
S - 20_6,Economics and Policy in Healthcare and Insurance,S - 5,Business and economics,Science,1997
S - 20_7,"Fiscal Policy, Taxation, and Economic Implications Research",S - 5,Business and economics,Science,1998
S - 20_8,"Economic Theory, Behavior, and Institutional Design",S - 5,Business and economics,Science,1999
S - 20_9,Spatial Economics and Regional Development Analysis,S - 5,Business and economics,Science,2000
S - 21_0,"Renewable Energy: Integration, Efficiency, and Sustainability",S - 3,Engineering and energy,Science,2001
S - 21_1,Advancements in Solar Energy Conversion Technologies,S - 3,Engineering and energy,Science,2002
S - 21_2,Global Impact and Implications of Gas Flaring,S - 3,Engineering and energy,Science,2003
S - 21_3,Chemical Processes in Energy Production and Conversion,S - 3,Engineering and energy,Science,2004
S - 22_0,Gecko Adhesion Mechanics and Biomimetic Applications,S - 3,Engineering and energy,Science,2005
S - 22_1,"Maritime Safety, Technology, and Environmental Management",S - 3,Engineering and energy,Science,2006
S - 22_10,Advanced Energy Technologies and Thermochemical Processes,S - 3,Engineering and energy,Science,2007
S - 22_11,"Transportation Efficiency, Maintenance, and Environmental Impact",S - 3,Engineering and energy,Science,2008
S - 22_12,Advancements in Civil Engineering and Construction Technologies,S - 3,Engineering and energy,Science,2009
S - 22_13,Satellite Remote Sensing and Geospatial Analysis,S - 3,Engineering and energy,Science,2010
S - 22_14,Wireless Energy Transfer and Application Technologies,S - 3,Engineering and energy,Science,2011
S - 22_15,Advancements in Nanomaterial-Based Sensor Technologies,S - 3,Engineering and energy,Science,2012
S - 22_16,Mechanical Behavior and Simulation in Materials Science,S - 3,Engineering and energy,Science,2013
S - 22_17,Advancements in Spacecraft Technology and Operations,S - 3,Engineering and energy,Science,2014
S - 22_18,Advancements and Applications in Robotics and Control Systems,S - 3,Engineering and energy,Science,2015
S - 22_19,Advanced Wireless Communication and Network Optimization,S - 3,Engineering and energy,Science,2016
S - 22_2,Integration and Optimization of Renewable Energy in Power Systems,S - 3,Engineering and energy,Science,2017
S - 22_20,Machine Learning in Fault Diagnosis and Prognostics,S - 3,Engineering and energy,Science,2018
S - 22_21,Geotechnical Engineering and Soil Mechanics,S - 3,Engineering and energy,Science,2019
S - 22_22,Process Optimization and Simulation Techniques,S - 3,Engineering and energy,Science,2020
S - 22_23,Advanced Control and Optimization in Engineering Systems,S - 3,Engineering and energy,Science,2021
S - 22_24,Biologically Inspired Adaptive Design and Morphological Analysis,S - 3,Engineering and energy,Science,2022
S - 22_25,Nanotechnology Applications and Interdisciplinary Studies,S - 3,Engineering and energy,Science,2023
S - 22_26,Advanced Material Analysis and Nanoparticle Synthesis Techniques,S - 3,Engineering and energy,Science,2024
S - 22_27,Advancements in Noninvasive Cancer Detection and Treatment Technologies,S - 3,Engineering and energy,Science,2025
S - 22_28,Advancements in Optical and Photonic Technologies,S - 3,Engineering and energy,Science,2026
S - 22_29,Innovations and Approaches in Engineering Education,S - 3,Engineering and energy,Science,2027
S - 22_3,Advancements in Concrete and Structural Engineering,S - 3,Engineering and energy,Science,2028
S - 22_30,"Mechanical Systems: Dynamics, Friction, and Joint Analysis",S - 3,Engineering and energy,Science,2029
S - 22_31,Advancements in Diverse Laser Technologies,S - 3,Engineering and energy,Science,2030
S - 22_32,"Interdisciplinary Studies in Architecture, Urbanism and Cognition",S - 3,Engineering and energy,Science,2031
S - 22_33,Heat Transfer and Thermal Analysis Across Disciplines,S - 3,Engineering and energy,Science,2032
S - 22_34,Sustainable Utilization and Management of Industrial Waste,S - 3,Engineering and energy,Science,2033
S - 22_35,Advancements in Antenna Design and Wireless Communication Systems,S - 3,Engineering and energy,Science,2034
S - 22_36,Advancements in Nanotechnology and Microelectronics,S - 3,Engineering and energy,Science,2035
S - 22_37,Three-Dimensional Imaging and Processing Techniques,S - 3,Engineering and energy,Science,2036
S - 22_38,Advancements and Challenges in Electronic Materials and Systems,S - 3,Engineering and energy,Science,2037
S - 22_39,Advanced Measurement Techniques and Error Compensation,S - 3,Engineering and energy,Science,2038
S - 22_4,Advancements in Optical Communication Technologies,S - 3,Engineering and energy,Science,2039
S - 22_40,Sustainable Urban Development and Construction Practices,S - 3,Engineering and energy,Science,2040
S - 22_41,Advancements in Clean Fuel Production Technologies,S - 3,Engineering and energy,Science,2041
S - 22_42,Advancements in Microfluidic Technologies and Applications,S - 3,Engineering and energy,Science,2042
S - 22_43,Advanced Techniques in RF and Frequency Analysis,S - 3,Engineering and energy,Science,2043
S - 22_44,Advanced Composite Materials and Structural Analysis,S - 3,Engineering and energy,Science,2044
S - 22_45,Advanced Imaging Techniques and Applications in Deep Learning,S - 3,Engineering and energy,Science,2045
S - 22_46,Smart Refrigeration and RFID Technologies in IoT Applications,S - 3,Engineering and energy,Science,2046
S - 22_47,Advancements in Microelectronics and Nanoscale Lithography Techniques,S - 3,Engineering and energy,Science,2047
S - 22_48,Advanced Localization and Navigation Technologies,S - 3,Engineering and energy,Science,2048
S - 22_49,Digital Transformation in Industry and Manufacturing,S - 3,Engineering and energy,Science,2049
S - 22_5,"Advanced Materials: Synthesis, Properties, and Applications",S - 3,Engineering and energy,Science,2050
S - 22_50,Advancements in Photovoltaic and Light-Emitting Technologies,S - 3,Engineering and energy,Science,2051
S - 22_51,Advancements in Plasma and Electromagnetic Technologies,S - 3,Engineering and energy,Science,2052
S - 22_52,Advancements and Challenges in Telecommunication Technologies,S - 3,Engineering and energy,Science,2053
S - 22_53,Innovation and Sustainability in Industrial Technologies,S - 3,Engineering and energy,Science,2054
S - 22_54,Advancements in Sensor Technology and Material Characterization,S - 3,Engineering and energy,Science,2055
S - 22_55,Optimization and Modernization in Military Operations,S - 3,Engineering and energy,Science,2056
S - 22_56,Optimization in Logistics and Operations Research,S - 3,Engineering and energy,Science,2057
S - 22_57,Cryogenic Techniques in Fluid Management and Processing,S - 3,Engineering and energy,Science,2058
S - 22_58,Infrastructure Management and Environmental Resilience,S - 3,Engineering and energy,Science,2059
S - 22_59,Engineering Optimization and Sustainable Energy Technologies,S - 3,Engineering and energy,Science,2060
S - 22_6,Fluid Dynamics and Thermal Phenomena Research,S - 3,Engineering and energy,Science,2061
S - 22_60,Tribological Properties and Performance Enhancement Techniques,S - 3,Engineering and energy,Science,2062
S - 22_61,Advancements in Membrane Technology and Applications,S - 3,Engineering and energy,Science,2063
S - 22_62,"Smart Grid Systems: Development, Management, and Security",S - 3,Engineering and energy,Science,2064
S - 22_63,Power Electronics and Renewable Energy Applications,S - 3,Engineering and energy,Science,2065
S - 22_64,Advancements in Optoelectronic Imaging and Monitoring Technologies,S - 3,Engineering and energy,Science,2066
S - 22_65,Advancements in 3D Printing and Biomaterial Technologies,S - 3,Engineering and energy,Science,2067
S - 22_66,Renewable Energy and Biofuels: Production and Conversion Techniques,S - 3,Engineering and energy,Science,2068
S - 22_67,CMOS Technology in Circuit Design and Optimization,S - 3,Engineering and energy,Science,2069
S - 22_68,Solar Energy Optimization and Thermal Performance Analysis,S - 3,Engineering and energy,Science,2070
S - 22_69,Memristive Devices in Neuromorphic Computing,S - 3,Engineering and energy,Science,2071
S - 22_7,Advancements in Vibration Control and Acoustic Metamaterials,S - 3,Engineering and energy,Science,2072
S - 22_70,Optimization and Analysis in Structural Engineering,S - 3,Engineering and energy,Science,2073
S - 22_71,Dynamics and Phenomena of Liquid-Surface Interactions,S - 3,Engineering and energy,Science,2074
S - 22_72,Sustainable Techniques for Metal Recovery and Remediation,S - 3,Engineering and energy,Science,2075
S - 22_73,Biomechanical Analysis in Sports Performance and Injury,S - 3,Engineering and energy,Science,2076
S - 22_74,Optimization and Design in Manufacturing Processes,S - 3,Engineering and energy,Science,2077
S - 22_75,Embedded Systems and FPGA-based Applications,S - 3,Engineering and energy,Science,2078
S - 22_76,Intelligent Control Systems and Industrial Applications,S - 3,Engineering and energy,Science,2079
S - 22_77,Advancements in Electrostatic Applications and Technologies,S - 3,Engineering and energy,Science,2080
S - 22_78,Safety and Risk Management in Transportation and Energy Systems,S - 3,Engineering and energy,Science,2081
S - 22_79,Advanced Materials Processing and Surface Modification Techniques,S - 3,Engineering and energy,Science,2082
S - 22_8,Advancements in Geotechnical and Mining Engineering,S - 3,Engineering and energy,Science,2083
S - 22_80,Advanced Thermometry Technologies and Applications,S - 3,Engineering and energy,Science,2084
S - 22_81,Vibration and Dynamics in Transportation Engineering,S - 3,Engineering and energy,Science,2085
S - 22_82,Intelligent Transportation and Traffic Management Systems,S - 3,Engineering and energy,Science,2086
S - 22_83,Non-Destructive Testing and Analysis Techniques,S - 3,Engineering and energy,Science,2087
S - 22_84,Advancements in Energy Extraction and Management Technologies,S - 3,Engineering and energy,Science,2088
S - 22_85,Turbulent Flow Dynamics and Interactions,S - 3,Engineering and energy,Science,2089
S - 22_9,Advancements in Energy Storage and Battery Technologies,S - 3,Engineering and energy,Science,2090
S - 23_0,Remote Sensing and Biomass Estimation in Forests,S - 6,Agricultural and environmental sciences,Science,2091
S - 23_1,Biodiversity Conservation and Ecological Management Strategies,S - 6,Agricultural and environmental sciences,Science,2092
S - 23_10,Ecological Interactions and Impacts of Pathogens and Pests,S - 6,Agricultural and environmental sciences,Science,2093
S - 23_11,Fukushima Daiichi Disaster: Environmental and Health Impacts,S - 6,Agricultural and environmental sciences,Science,2094
S - 23_12,Impacts of Climate Change on Ecological Systems,S - 6,Agricultural and environmental sciences,Science,2095
S - 23_13,Sustainable Waste Management and Resource Recovery,S - 6,Agricultural and environmental sciences,Science,2096
S - 23_15,Innovations in Water and Wastewater Treatment Technologies,S - 6,Agricultural and environmental sciences,Science,2098
S - 23_16,Environmental Impact and Health Effects of Heavy Metal Contamination,S - 6,Agricultural and environmental sciences,Science,2099
S - 23_17,Microbial Bioremediation and Environmental Impact Mitigation,S - 6,Agricultural and environmental sciences,Science,2100
S - 23_18,"Sustainability, Climate Change, and Resource Management",S - 6,Agricultural and environmental sciences,Science,2101
S - 23_19,Environmental Factors Impacting Human Health,S - 6,Agricultural and environmental sciences,Science,2102
S - 23_2,Impacts and Conservation of Freshwater Biodiversity,S - 6,Agricultural and environmental sciences,Science,2103
S - 23_20,Environmental Management and Sustainable Development Studies,S - 6,Agricultural and environmental sciences,Science,2104
S - 23_21,Interdisciplinary Studies in Environmental Sustainability,S - 6,Agricultural and environmental sciences,Science,2105
S - 23_22,Environmental Risk Assessment and Sustainable Solutions,S - 6,Agricultural and environmental sciences,Science,2106
S - 23_23,Microbial Processes in Methane Cycle and Wastewater Treatment,S - 6,Agricultural and environmental sciences,Science,2107
S - 23_24,Human Impact and Sustainability in Marine Ecosystems,S - 6,Agricultural and environmental sciences,Science,2108
S - 23_25,Erosion Studies in Various Materials and Environments,S - 6,Agricultural and environmental sciences,Science,2109
S - 23_26,Impacts and Management of Biodiversity and Ecosystems,S - 6,Agricultural and environmental sciences,Science,2110
S - 23_27,Impact of Environmental Contaminants on Human Health,S - 6,Agricultural and environmental sciences,Science,2111
S - 23_28,Integrated Water Resources Management and Sustainability,S - 6,Agricultural and environmental sciences,Science,2112
S - 23_29,Geospatial Analysis and Predictive Modeling in Earth Sciences,S - 6,Agricultural and environmental sciences,Science,2113
S - 23_3,Urban Environmental Modeling and Management,S - 6,Agricultural and environmental sciences,Science,2114
S - 23_30,Stable Isotopes Applications in Trophic Ecology,S - 6,Agricultural and environmental sciences,Science,2115
S - 23_4,Impact and Management of Water Quality and Pollution,S - 6,Agricultural and environmental sciences,Science,2116
S - 23_5,"Sustainable Development: Assessment, Strategies, and Impacts",S - 6,Agricultural and environmental sciences,Science,2117
S - 23_6,Impacts and Responses to Climate Change,S - 6,Agricultural and environmental sciences,Science,2118
S - 23_7,Sustainable Urban Development and Environmental Management,S - 6,Agricultural and environmental sciences,Science,2119
S - 23_8,Global Hydrological Phenomena and Climate Change Impacts,S - 6,Agricultural and environmental sciences,Science,2120
S - 23_9,Environmental Impact and Sustainability of Energy Systems,S - 6,Agricultural and environmental sciences,Science,2121
S - 36_0,"Healthcare Access, Quality, and Policy Analysis",S - 2,Medical and health sciences,Science,2122
S - 36_1,"Oral Health and Disorders: Diagnosis, Management, and Impact",S - 2,Medical and health sciences,Science,2123
S - 36_10,Occupational Health and Exposure-Related Risks,S - 2,Medical and health sciences,Science,2124
S - 36_11,Interdisciplinary Applications of Technology in Healthcare,S - 2,Medical and health sciences,Science,2125
S - 36_12,Improving Safety and Quality in Healthcare Settings,S - 2,Medical and health sciences,Science,2126
S - 36_13,Healthcare Workforce and Public Health Preparedness,S - 2,Medical and health sciences,Science,2127
S - 36_14,"Infant Health: Skin Care, Behavioral Responses, and Infections",S - 2,Medical and health sciences,Science,2128
S - 36_15,Implementation and Collaboration in Healthcare Practices,S - 2,Medical and health sciences,Science,2129
S - 36_2,Occupational Stress and Burnout in Healthcare Professions,S - 2,Medical and health sciences,Science,2130
S - 36_3,Health Communication and Technology in Patient Care,S - 2,Medical and health sciences,Science,2131
S - 36_4,"Aging Population: Healthcare, Policy, and Social Implications",S - 2,Medical and health sciences,Science,2132
S - 36_5,Health Promotion and Education in Youth and Academic Settings,S - 2,Medical and health sciences,Science,2133
S - 36_6,Health Behavior and Psychological Resilience Research,S - 2,Medical and health sciences,Science,2134
S - 36_8,Occupational and Environmental Health Impacts,S - 2,Medical and health sciences,Science,2136
S - 36_9,"Physical Education, Sports Science, and Health Promotion",S - 2,Medical and health sciences,Science,2137
S - 24_0,Immunological Mechanisms and Biomedical Applications,S - 8,Life sciences,Science,2138
S - 24_1,Antimicrobial Resistance and Microbial Impact on Health,S - 8,Life sciences,Science,2139
S - 24_2,Immunology and Disease Treatment Research,S - 8,Life sciences,Science,2140
S - 24_3,Epidemiology and Pathogenesis of Zoonotic Diseases,S - 8,Life sciences,Science,2141
S - 24_4,Immunological Mechanisms in Inflammation and Disease,S - 8,Life sciences,Science,2142
S - 24_5,Innate Immunity and Host Defense Mechanisms,S - 8,Life sciences,Science,2143
S - 25_0,Advancements in Optical Materials and Photonics Research,S - 7,Physical sciences and mathematics,Science,2144
S - 3371536588,Advanced Materials: Properties and Applications,S - 7,Physical sciences and mathematics,Science,2145
S - 25_10,Biomaterials in Tissue Engineering and Drug Delivery,S - 7,Physical sciences and mathematics,Science,2146
S - 25_11,"Synthesis, Properties, and Applications of Nanomaterials",S - 7,Physical sciences and mathematics,Science,2147
S - 25_12,"Advanced Materials: Properties, Transitions, and Applications",S - 7,Physical sciences and mathematics,Science,2148
S - 25_13,Bioactive Properties and Ethnobotanical Aspects of Latex Compounds,S - 7,Physical sciences and mathematics,Science,2149
S - 25_14,"Material Science: Microstructure, Crystallization, and Nanomaterials",S - 7,Physical sciences and mathematics,Science,2150
S - 25_15,Advanced Materials: Properties and Applications in Electronics,S - 7,Physical sciences and mathematics,Science,2151
S - 25_16,Synthesis and Applications of Porous Nanomaterials,S - 7,Physical sciences and mathematics,Science,2152
S - 25_17,Advanced Materials and Technologies for Energy Storage,S - 7,Physical sciences and mathematics,Science,2153
S - 25_18,Biomedical Applications of Metal Alloys and Nanomaterials,S - 7,Physical sciences and mathematics,Science,2154
S - 25_2,"Nanoparticle Synthesis, Characterization, and Applications",S - 7,Physical sciences and mathematics,Science,2155
S - 25_3,Corrosion and Material Degradation in Metals,S - 7,Physical sciences and mathematics,Science,2156
S - 25_4,"Polymer-Based Nanocomposites: Synthesis, Properties, and Applications",S - 7,Physical sciences and mathematics,Science,2157
S - 25_6,Applications and Properties of Luminescent Nanomaterials,S - 7,Physical sciences and mathematics,Science,2159
S - 25_7,Advancements in Magnetic Materials and Applications,S - 7,Physical sciences and mathematics,Science,2160
S - 25_8,Solid Oxide Fuel Cells and Protonic Conduction Research,S - 7,Physical sciences and mathematics,Science,2161
S - 25_9,Materials Science in Nuclear and Fusion Energy,S - 7,Physical sciences and mathematics,Science,2162
S - 26_0,Advanced Mathematical Theories and Applications,S - 7,Physical sciences and mathematics,Science,2163
S - 26_1,Advanced Mathematical Methods and Their Applications,S - 7,Physical sciences and mathematics,Science,2164
S - 26_10,Advanced Mathematical Analysis in Differential Equations,S - 7,Physical sciences and mathematics,Science,2165
S - 26_11,Statistical Analysis and Probability in Interdisciplinary Research,S - 7,Physical sciences and mathematics,Science,2166
S - 26_2,Advanced Statistical Methods and Applications in Research,S - 7,Physical sciences and mathematics,Science,2167
S - 26_3,Granular Data Analysis and Simulation Optimization Techniques,S - 7,Physical sciences and mathematics,Science,2168
S - 26_4,Advanced Algebraic Structures and Geometric Theories,S - 7,Physical sciences and mathematics,Science,2169
S - 26_5,Advanced Mathematical Concepts and Their Applications,S - 7,Physical sciences and mathematics,Science,2170
S - 26_6,"Mathematics Education: Teaching, Learning, and Cognitive Development",S - 7,Physical sciences and mathematics,Science,2171
S - 26_7,Mathematical and Computational Methods in Physics,S - 7,Physical sciences and mathematics,Science,2172
S - 26_8,Advanced Mathematical Analysis and Operator Theory,S - 7,Physical sciences and mathematics,Science,2173
S - 26_9,Mathematical Modeling in Diverse Disciplines,S - 7,Physical sciences and mathematics,Science,2174
S - 27_0,Neurodevelopment and Health Impacts of Substance Use,S - 2,Medical and health sciences,Science,2175
S - 27_1,"Liver Disease: Epidemiology, Pathogenesis, and Treatment",S - 2,Medical and health sciences,Science,2176
S - 27_10,Medicinal Properties of Natural Compounds,S - 2,Medical and health sciences,Science,2177
S - 27_100,Molecular Mechanisms in Cancer Progression and Metastasis,S - 2,Medical and health sciences,Science,2178
S - 27_101,Health Challenges and Care in Aging Populations,S - 2,Medical and health sciences,Science,2179
S - 27_102,Interoception and its Impact on Psychological Disorders,S - 2,Medical and health sciences,Science,2180
S - 27_103,Diagnosis and Management of Endocrine Disorders,S - 2,Medical and health sciences,Science,2181
S - 27_104,"Improving Patient Care through Communication, Ethics, and Technology",S - 2,Medical and health sciences,Science,2182
S - 2020830663,Analysis of Parasitic Diseases,S - 2,Medical and health sciences,Science,2183
S - 27_106,Cellular Mechanisms in Aging and Disease,S - 2,Medical and health sciences,Science,2184
S - 27_11,Genetic and Clinical Aspects of Blood Disorders,S - 2,Medical and health sciences,Science,2185
S - 27_12,Diagnosis and Management of Ocular Diseases,S - 2,Medical and health sciences,Science,2186
S - 27_13,Molecular Mechanisms in Cancer Progression and Therapy,S - 2,Medical and health sciences,Science,2187
S - 27_14,Advancements in Surgical Techniques and Materials,S - 2,Medical and health sciences,Science,2188
S - 27_15,Pathophysiology and Management of Abdominal Conditions,S - 2,Medical and health sciences,Science,2189
S - 27_16,"Cancer Research: Treatment, Management, and Immunotherapy",S - 2,Medical and health sciences,Science,2190
S - 27_17,Global Maternal and Child Health Research,S - 2,Medical and health sciences,Science,2191
S - 27_18,Maternal and Neonatal Health: Outcomes and Management,S - 2,Medical and health sciences,Science,2192
S - 1578567585,Studies on Bone Health and Disorders,S - 2,Medical and health sciences,Science,2193
S - 3969021481,"Cancer Research: Diagnosis, Treatment, and Molecular Analysis",S - 2,Medical and health sciences,Science,2194
S - 27_20,Ethical and Legal Considerations in Healthcare,S - 2,Medical and health sciences,Science,2195
S - 27_21,"Infectious Diseases: Epidemiology, Pathogenesis, and Management",S - 2,Medical and health sciences,Science,2196
S - 3977039544,Studies on COVID-19 Impacts and Responses,S - 2,Medical and health sciences,Science,2197
S - 27_23,Pathophysiology and Management of Chronic Disorders,S - 2,Medical and health sciences,Science,2198
S - 27_24,Integrative Approaches in Medicine and Pharmacology,S - 2,Medical and health sciences,Science,2199
S - 27_25,Cancer Survivorship and Quality of Life Studies,S - 2,Medical and health sciences,Science,2200
S - 27_26,Inflammatory Skin Conditions: Pathogenesis and Treatment,S - 2,Medical and health sciences,Science,2201
S - 27_27,Coronary Procedures and Management Strategies,S - 2,Medical and health sciences,Science,2202
S - 27_28,Neurobiological Aspects and Treatment of Neuropsychiatric Disorders,S - 2,Medical and health sciences,Science,2203
S - 27_29,Management and Pathophysiology of Vascular Diseases,S - 2,Medical and health sciences,Science,2204
S - 27_3,Diagnosis and Treatment of Rheumatological Disorders,S - 2,Medical and health sciences,Science,2205
S - 27_30,"Cancer Research: Epidemiology, Diagnosis, Treatment, and Impact",S - 2,Medical and health sciences,Science,2206
S - 2024860811,Studies on Kidney Diseases and Treatments,S - 2,Medical and health sciences,Science,2207
S - 27_32,Medical Imaging and Diagnostics: Techniques and Applications,S - 2,Medical and health sciences,Science,2208
S - 27_33,Clinical and Genetic Aspects of Various Tumors,S - 2,Medical and health sciences,Science,2209
S - 27_34,Dietary Patterns and Health Outcomes,S - 2,Medical and health sciences,Science,2210
S - 27_35,Medical Imaging Techniques and Radiation Effects,S - 2,Medical and health sciences,Science,2211
S - 27_36,Trauma and Critical Care: Hemostasis and Fluid Management,S - 2,Medical and health sciences,Science,2212
S - 27_37,Diabetes Management and Related Health Complications,S - 2,Medical and health sciences,Science,2213
S - 27_38,Therapeutic Potential of Natural Compounds and Antioxidants,S - 2,Medical and health sciences,Science,2214
S - 27_39,Genetic and Pharmacological Aspects of Cardiovascular Diseases,S - 2,Medical and health sciences,Science,2215
S - 27_4,"Interdisciplinary Studies on Exercise, Health, and Disease",S - 2,Medical and health sciences,Science,2216
S - 27_40,Advancements and Ethical Considerations in Organ Transplantation,S - 2,Medical and health sciences,Science,2217
S - 27_41,Diagnosis and Management of Gastrointestinal Disorders,S - 2,Medical and health sciences,Science,2218
S - 27_42,Epidemiology and Management of Viral Diseases,S - 2,Medical and health sciences,Science,2219
S - 27_43,"Autoimmune Diseases: Pathogenesis, Diagnosis, and Treatment",S - 2,Medical and health sciences,Science,2220
S - 27_44,"Neuro-Oncology: Diagnosis, Treatment, and Impact",S - 2,Medical and health sciences,Science,2221
S - 27_45,Diagnosis and Management of Infectious Diseases,S - 2,Medical and health sciences,Science,2222
S - 27_46,"Cardiovascular Diseases: Diagnosis, Management, and Molecular Mechanisms",S - 2,Medical and health sciences,Science,2223
S - 27_47,"Uterine Conditions: Diagnosis, Management, and Reproductive Outcomes",S - 2,Medical and health sciences,Science,2224
S - 1318885856,Cancer Research and Treatment Advances,S - 2,Medical and health sciences,Science,2225
S - 3680146165,Research and Treatment of Digestive Tract Cancers,S - 2,Medical and health sciences,Science,2226
S - 27_5,Cardiac Surgery Techniques and Myocardial Injury Management,S - 2,Medical and health sciences,Science,2227
S - 27_50,Global Reproductive Health and Fertility Issues,S - 2,Medical and health sciences,Science,2228
S - 27_51,Diagnosis and Treatment of Physiological Disorders,S - 2,Medical and health sciences,Science,2229
S - 27_52,Biomechanics and Management of Musculoskeletal Injuries,S - 2,Medical and health sciences,Science,2230
S - 27_53,HIV/AIDS: Antiretroviral Therapy and Associated Health Impacts,S - 2,Medical and health sciences,Science,2231
S - 27_54,Physiological Responses and Health Impacts of Oxidative Stress,S - 2,Medical and health sciences,Science,2232
S - 27_55,"Disability Studies: Epidemiology, Intervention, and Outcomes",S - 2,Medical and health sciences,Science,2233
S - 27_56,Neurodegenerative and Genetic Disorders Research,S - 2,Medical and health sciences,Science,2234
S - 1118837902,Studies on Spinal Disorders and Treatments,S - 2,Medical and health sciences,Science,2235
S - 27_58,Molecular Classification and Treatment of Lymphoid Disorders,S - 2,Medical and health sciences,Science,2236
S - 27_59,"Trauma and Injury: Epidemiology, Management, and Outcomes",S - 2,Medical and health sciences,Science,2237
S - 27_6,Management and Impact of Critical Care Infections,S - 2,Medical and health sciences,Science,2238
S - 27_60,Diagnosis and Management of Gastrointestinal Disorders,S - 2,Medical and health sciences,Science,2239
S - 27_61,Dacryocystorhinostomy Techniques and Outcomes Analysis,S - 2,Medical and health sciences,Science,2240
S - 27_62,Cardiovascular Health: Risk Factors and Preventive Approaches,S - 2,Medical and health sciences,Science,2241
S - 27_63,Diagnosis and Management of Neonatal and Pulmonary Diseases,S - 2,Medical and health sciences,Science,2242
S - 27_64,Diagnosis and Management of Venous Disorders,S - 2,Medical and health sciences,Science,2243
S - 27_65,"Global Ocular Health: Disorders, Risk Factors, and Treatments",S - 2,Medical and health sciences,Science,2244
S - 27_66,Otorhinolaryngological Disorders and Treatments,S - 2,Medical and health sciences,Science,2245
S - 27_67,Advancements and Challenges in Medical Education and Training,S - 2,Medical and health sciences,Science,2246
S - 27_68,Advancements in Cancer Treatment Modalities and Therapeutics,S - 2,Medical and health sciences,Science,2247
S - 27_69,Management and Treatment of Spinal Disorders,S - 2,Medical and health sciences,Science,2248
S - 27_7,Thrombosis and Coagulation Disorders: Diagnosis and Treatment,S - 2,Medical and health sciences,Science,2249
S - 27_70,Stem Cells and Regenerative Medicine Research,S - 2,Medical and health sciences,Science,2250
S - 27_71,"Orthopedic Injuries: Epidemiology, Treatment, and Outcomes",S - 2,Medical and health sciences,Science,2251
S - 27_72,Advancements and Outcomes in Orthopedic Surgery,S - 2,Medical and health sciences,Science,2252
S - 27_73,COVID-19 Impact on Healthcare Systems and Practices,S - 2,Medical and health sciences,Science,2253
S - 27_74,Anesthesia and Perioperative Care Management,S - 2,Medical and health sciences,Science,2254
S - 27_75,Gender-Specific Health Factors and Biomedical Research,S - 2,Medical and health sciences,Science,2255
S - 27_76,"Metabolic Disorders, Obesity, and Cardiovascular Disease",S - 2,Medical and health sciences,Science,2256
S - 27_77,Therapeutic Potential of Medicinal Plants and Compounds,S - 2,Medical and health sciences,Science,2257
S - 27_78,"Cancer Therapies: Mechanisms, Developments, and Impacts",S - 2,Medical and health sciences,Science,2258
S - 27_79,Management of Complications in Cancer Therapy,S - 2,Medical and health sciences,Science,2259
S - 27_8,"Neurological Disorders: Diagnosis, Pathogenesis, and Treatment",S - 2,Medical and health sciences,Science,2260
S - 27_80,Palliative Care and End-of-Life Ethical Considerations,S - 2,Medical and health sciences,Science,2261
S - 2338888398,Analysis of Obesity and Associated Health Outcomes,S - 2,Medical and health sciences,Science,2262
S - 27_82,Cardiac Arrhythmia Management and Treatment Techniques,S - 2,Medical and health sciences,Science,2263
S - 27_83,Management and Complications of Upper Gastrointestinal Disorders,S - 2,Medical and health sciences,Science,2264
S - 2185987103,Analysis of Fungal Infections and Treatment,S - 2,Medical and health sciences,Science,2265
S - 1158833789,Studies on Genitourinary Health and Diseases,S - 2,Medical and health sciences,Science,2266
S - 2508980079,Studies on Thyroid and Related Disorders,S - 2,Medical and health sciences,Science,2267
S - 27_87,Interdisciplinary Studies on Allergies and Immune Disorders,S - 2,Medical and health sciences,Science,2268
S - 27_88,Comparative and Clinical Anatomy Studies,S - 2,Medical and health sciences,Science,2269
S - 27_89,Toxicology and Poisoning Management Studies,S - 2,Medical and health sciences,Science,2270
S - 27_9,Advancements and Applications in Medical Science,S - 2,Medical and health sciences,Science,2271
S - 27_90,Cardiovascular and Neurological Disease Management and Treatment,S - 2,Medical and health sciences,Science,2272
S - 27_91,Genomic Analysis and Treatment Strategies in Leukemia,S - 2,Medical and health sciences,Science,2273
S - 27_92,Advancements in Reconstructive and Surgical Techniques,S - 2,Medical and health sciences,Science,2274
S - 27_93,Genetic and Clinical Aspects of Bone and Tissue Disorders,S - 2,Medical and health sciences,Science,2275
S - 27_94,Alternative Therapies in Biomedical Applications,S - 2,Medical and health sciences,Science,2276
S - 27_95,Diagnosis and Management of Peripheral Nerve Disorders,S - 2,Medical and health sciences,Science,2277
S - 27_96,Health Impacts of Antioxidants and Phytochemicals,S - 2,Medical and health sciences,Science,2278
S - 915163410,Analysis of Pain Management Strategies,S - 2,Medical and health sciences,Science,2279
S - 27_98,Translational Medicine and Research Development,S - 2,Medical and health sciences,Science,2280
S - 27_99,Viral Infections and Associated Diseases in Immunocompromised Individuals,S - 2,Medical and health sciences,Science,2281
S - 28_0,"Interdisciplinary Neuroscience: Applications, Education, and Ethics",S - 11,Psychology and neuroscience,Science,2282
S - 28_1,"Neuroscience: Mechanisms, Pathways, and Implications",S - 11,Psychology and neuroscience,Science,2283
S - 28_2,Neurobiological Interactions in Health and Disease,S - 11,Psychology and neuroscience,Science,2284
S - 28_3,Neural Mechanisms in Cognitive Processes and Perception,S - 11,Psychology and neuroscience,Science,2285
S - 28_4,"Neurodegeneration, Oxidative Stress, and Neuroprotective Agents",S - 11,Psychology and neuroscience,Science,2286
S - 28_5,Neurological Study of Visual and Auditory Hallucinations,S - 11,Psychology and neuroscience,Science,2287
S - 28_6,"Neurological Functions, Disorders, and Brain Stimulation Techniques",S - 11,Psychology and neuroscience,Science,2288
S - 28_7,Neural Mechanisms in Sensory Perception and Dysfunction,S - 11,Psychology and neuroscience,Science,2289
S - 28_8,Molecular Mechanisms in Neurodegenerative Diseases,S - 11,Psychology and neuroscience,Science,2290
S - 29_0,Comprehensive Analysis of Nutrition and Health,S - 2,Medical and health sciences,Science,2291
S - 29_1,"Nursing Professionalism, Advocacy, and Healthcare Outcomes",S - 2,Medical and health sciences,Science,2292
S - 29_2,Nutritional Components and Human Health,S - 2,Medical and health sciences,Science,2293
S - 30_0,Pharmaceutical Research and Clinical Pharmacy Practices,S - 9,Chemistry and pharmaceuticals,Science,2294
S - 30_1,Pharmacological Properties of Bioactive Plant Compounds,S - 9,Chemistry and pharmaceuticals,Science,2295
S - 30_2,Advancements in Drug Delivery Systems,S - 9,Chemistry and pharmaceuticals,Science,2296
S - 31_0,Semiconductor Physics and Quantum Computing Applications,S - 7,Physical sciences and mathematics,Science,2297
S - 31_1,Complex Systems and Nonlinear Dynamics Analysis,S - 7,Physical sciences and mathematics,Science,2298
S - 31_10,Black Hole Astrophysics and Gravitational Wave Research,S - 7,Physical sciences and mathematics,Science,2299
S - 31_11,Advancements in Radiation Detection and Imaging Technologies,S - 7,Physical sciences and mathematics,Science,2300
S - 31_12,Stellar and Planetary Formation and Evolution,S - 7,Physical sciences and mathematics,Science,2301
S - 31_13,Origins and Development of Early Life and Prebiotic Chemistry,S - 7,Physical sciences and mathematics,Science,2302
S - 31_14,Advanced Studies in Electromagnetic and Quantum Physics,S - 7,Physical sciences and mathematics,Science,2303
S - 31_15,Advancements in Photonic and Optical Technologies,S - 7,Physical sciences and mathematics,Science,2304
S - 31_2,Interdisciplinary Studies in Space Exploration and Astrobiology,S - 7,Physical sciences and mathematics,Science,2305
S - 31_3,Quantum Phenomena in Condensed Matter Physics,S - 7,Physical sciences and mathematics,Science,2306
S - 31_4,Quantum Gravity and Cosmological Theories Exploration,S - 7,Physical sciences and mathematics,Science,2307
S - 31_5,"Astronomy: Historical, Cultural, and Technological Perspectives",S - 7,Physical sciences and mathematics,Science,2308
S - 31_6,Interdisciplinary Studies in Particle and Astrophysics,S - 7,Physical sciences and mathematics,Science,2309
S - 31_7,Quantum Mechanics and Coherence in Various Systems,S - 7,Physical sciences and mathematics,Science,2310
S - 31_8,Advancements in Applied and Theoretical Physics,S - 7,Physical sciences and mathematics,Science,2311
S - 31_9,Advancements in Spectroscopy and Imaging Techniques,S - 7,Physical sciences and mathematics,Science,2312
S - 32_0,"Mental Health: Impact, Challenges, and Treatment",S - 11,Psychology and neuroscience,Science,2313
S - 32_1,Social Cognition and Intelligence Across Species and Systems,S - 11,Psychology and neuroscience,Science,2314
S - 32_10,"Stress, Coping Strategies, and Well-being Across Contexts",S - 11,Psychology and neuroscience,Science,2315
S - 32_11,Interdisciplinary Approaches to Enhancing Education,S - 11,Psychology and neuroscience,Science,2316
S - 32_12,Emotion and Deception Detection in Communication,S - 11,Psychology and neuroscience,Science,2317
S - 32_13,Interdisciplinary Exploration of Consciousness and Perception,S - 11,Psychology and neuroscience,Science,2318
S - 32_14,Emotion Regulation and Mental Health Interventions,S - 11,Psychology and neuroscience,Science,2319
S - 32_15,Cognitive Influences in Design and Consumer Behavior,S - 11,Psychology and neuroscience,Science,2320
S - 32_16,Interdisciplinary Studies in Psychology and Behavior,S - 11,Psychology and neuroscience,Science,2321
S - 32_17,Interdisciplinary Perspectives on Educational Psychology,S - 11,Psychology and neuroscience,Science,2322
S - 32_18,"Trauma, Mental Health, and Resilience: Interdisciplinary Perspectives",S - 11,Psychology and neuroscience,Science,2323
S - 32_19,Language and Cognitive Development Across Modalities,S - 11,Psychology and neuroscience,Science,2324
S - 32_2,Psychology of Motivation and Learning Across Domains,S - 11,Psychology and neuroscience,Science,2325
S - 32_20,"Psychology of Time, Behavior, and Identity Formation",S - 11,Psychology and neuroscience,Science,2326
S - 32_21,Childrens Perceptions of Scientists: Media and Cultural Influences,S - 11,Psychology and neuroscience,Science,2327
S - 32_3,Psychological Factors Influencing Emotional Well-being and Social Interactions,S - 11,Psychology and neuroscience,Science,2328
S - 32_4,Cognitive Abilities Enhancement and Assessment Research,S - 11,Psychology and neuroscience,Science,2329
S - 32_5,Interdisciplinary Perspectives on Mental Health and Psychopathology,S - 11,Psychology and neuroscience,Science,2330
S - 32_6,Interdisciplinary Communication and Knowledge Exchange,S - 11,Psychology and neuroscience,Science,2331
S - 32_7,Effects of Sleep Patterns on Health and Performance,S - 11,Psychology and neuroscience,Science,2332
S - 32_8,Psychological Approaches in Coaching and Development,S - 11,Psychology and neuroscience,Science,2333
S - 32_9,"Collective Memory, Trauma, and Societal Impact Studies",S - 11,Psychology and neuroscience,Science,2334
S - 33_0,Youth Participation and Engagement in Research and Policy,S - 1,Social sciences,Science,2335
S - 33_1,Territorial Development and Sustainability Across Regions,S - 1,Social sciences,Science,2336
S - 33_10,"Governance, Democracy, and Political Dynamics in Public Administration",S - 1,Social sciences,Science,2337
S - 33_100,Qualitative Research Methods in Social Sciences and Education,S - 1,Social sciences,Science,2338
S - 33_101,"Youth Behavior, Public Policy, and Social Change",S - 1,Social sciences,Science,2339
S - 33_102,Transnational Experiences and Diasporic Identities,S - 1,Social sciences,Science,2340
S - 33_103,Geography Education and Spatial Analysis Techniques,S - 1,Social sciences,Science,2341
S - 33_104,"Technology, Aging, and Societal Impact",S - 1,Social sciences,Science,2342
S - 33_106,Legal Aspects of Digital Technologies and Intellectual Property,S - 1,Social sciences,Science,2344
S - 33_107,"Global Human Rights, Justice, and Governance",S - 1,Social sciences,Science,2345
S - 33_11,Impact of Social Media on Behavior and Communication,S - 1,Social sciences,Science,2348
S - 33_110,"Nationalism, Identity, and Extremism in Historical Context",S - 1,Social sciences,Science,2349
S - 33_111,Survey Methodology and Data Quality Analysis,S - 1,Social sciences,Science,2350
S - 33_112,Global Impact and Cultural Aspects of War,S - 1,Social sciences,Science,2351
S - 33_113,Comprehensive Analysis of Podcasting Evolution and Impact,S - 1,Social sciences,Science,2352
S - 33_114,"Race, Power Dynamics, and Social Structures in Education",S - 1,Social sciences,Science,2353
S - 33_13,Interdisciplinary Analysis of Religion in Society,S - 1,Social sciences,Science,2358
S - 33_14,"Educational Leadership, Teacher Motivation, and Organizational Culture",S - 1,Social sciences,Science,2359
S - 33_15,Global Security Studies and Countermeasures,S - 1,Social sciences,Science,2360
S - 33_16,"Migration, Social Integration, and Policy Implications",S - 1,Social sciences,Science,2361
S - 33_17,Gender Inequality and Labor Market Dynamics,S - 1,Social sciences,Science,2362
S - 33_18,Intersectionality in Feminism and Social Justice Studies,S - 1,Social sciences,Science,2363
S - 33_19,"Cultural, Social, and Historical Analysis Across Societies",S - 1,Social sciences,Science,2364
S - 33_2,Education Technology and Digital Communication Studies,S - 1,Social sciences,Science,2365
S - 33_20,Pedagogical Strategies and Learning Environment Impact,S - 1,Social sciences,Science,2366
S - 33_21,Research Methods in Social Sciences and Education,S - 1,Social sciences,Science,2367
S - 33_22,Perception and Communication in Societal Risk Management,S - 1,Social sciences,Science,2368
S - 33_23,Conflict Resolution and Peacebuilding Studies,S - 1,Social sciences,Science,2369
S - 33_24,Workplace Learning and Skill Development in Education,S - 1,Social sciences,Science,2370
S - 33_25,"Resilience, Adaptation, and Management in Disaster Contexts",S - 1,Social sciences,Science,2371
S - 33_27,Advancements and Innovations in Educational Research,S - 1,Social sciences,Science,2373
S - 33_28,"Violence, Abuse, and Harassment: Prevalence, Impact, and Interventions",S - 1,Social sciences,Science,2374
S - 33_29,"Urban Governance, Neoliberalism, and Environmental Justice",S - 1,Social sciences,Science,2375
S - 33_3,Impacts and Dynamics of Globalization,S - 1,Social sciences,Science,2376
S - 33_30,Impact of Media on Politics and Public Opinion,S - 1,Social sciences,Science,2377
S - 33_31,"Urban Studies: Governance, Development, and Social Dynamics",S - 1,Social sciences,Science,2378
S - 33_32,Communication Strategies and Linguistic Patterns in Crises,S - 1,Social sciences,Science,2379
S - 33_33,Pedagogical Strategies in Contemporary Education,S - 1,Social sciences,Science,2380
S - 33_34,Transnational Cultural Exchanges and Archaeological Studies,S - 1,Social sciences,Science,2381
S - 33_35,"Global Governance, Policy, and Sociopolitical Dynamics",S - 1,Social sciences,Science,2382
S - 33_36,Citizenship Education in Diverse Global Contexts,S - 1,Social sciences,Science,2383
S - 33_37,Factors Influencing Higher Education Outcomes and Engagement,S - 1,Social sciences,Science,2384
S - 33_38,Sustainable Development and Community Participation in Territorial Governance,S - 1,Social sciences,Science,2385
S - 33_39,Impact of Digital Transformation on Society and Economy,S - 1,Social sciences,Science,2386
S - 33_4,Social Determinants and Impacts on Community Well-being,S - 1,Social sciences,Science,2387
S - 33_40,"Higher Education: Teaching, Learning, and Institutional Impact",S - 1,Social sciences,Science,2388
S - 33_41,"Neoliberalism, Power Dynamics, and Cultural Anthropology",S - 1,Social sciences,Science,2389
S - 33_42,"International Relations, Diplomacy, and Cultural Exchange",S - 1,Social sciences,Science,2390
S - 33_43,"Gender Dynamics, Identity, and Media Influence",S - 1,Social sciences,Science,2391
S - 33_45,Intercultural Communication and Education in Multilingual Contexts,S - 1,Social sciences,Science,2393
S - 33_46,Intersectionality in Health Outcomes and Healthcare Disparities,S - 1,Social sciences,Science,2394
S - 33_47,"Political Theory, Biopolitics and Human Rights",S - 1,Social sciences,Science,2395
S - 33_48,"Globalization, Sustainability, and Economic Development Studies",S - 1,Social sciences,Science,2396
S - 33_49,Ethics and Integrity in Sports and Academia,S - 1,Social sciences,Science,2397
S - 33_5,Qualitative Research Methods in Social Sciences,S - 1,Social sciences,Science,2398
S - 33_50,"Globalization, Identity, and Sociocultural Impact",S - 1,Social sciences,Science,2399
S - 33_51,"Critical Theories in Politics, Education, and Social Change",S - 1,Social sciences,Science,2400
S - 33_52,Global Trends and Reforms in Higher Education,S - 1,Social sciences,Science,2401
S - 33_53,"Intersection of Politics, Economics, and Social Welfare",S - 1,Social sciences,Science,2402
S - 33_54,"Economic, Environmental, and Policy Aspects of Logistics",S - 1,Social sciences,Science,2403
S - 33_55,"Generational Impact on Education, Workplaces, and Consumer Behavior",S - 1,Social sciences,Science,2404
S - 33_56,"Criminology, Social Impact, and Justice System Analysis",S - 1,Social sciences,Science,2405
S - 490447809,Studies in Global Sociocultural Dynamics,S - 1,Social sciences,Science,2406
S - 33_58,"Social Identity, Power Dynamics, and Justice Perception",S - 1,Social sciences,Science,2407
S - 33_59,European Legal Systems and Governance Analysis,S - 1,Social sciences,Science,2408
S - 2884038005,"Studies in Education, Health, and Social Sciences",S - 1,Social sciences,Science,2409
S - 33_61,Ethnic Conflict and Socio-Political Dynamics in Regions,S - 1,Social sciences,Science,2411
S - 33_62,Complex Dynamics and Impacts of Family Relationships,S - 1,Social sciences,Science,2412
S - 33_63,Urban Mobility and Spatial Network Analysis,S - 1,Social sciences,Science,2413
S - 33_64,Decolonization and Postcolonial Studies Across Cultures,S - 1,Social sciences,Science,2414
S - 33_65,Impact of Technology on Education and Pedagogy,S - 1,Social sciences,Science,2415
S - 33_66,Impact and Spread of Misinformation in Digital Media,S - 1,Social sciences,Science,2416
S - 940322883,Exploration of Sociomateriality and Posthumanism,S - 1,Social sciences,Science,2417
S - 33_68,Influences and Inequalities in Educational Achievement,S - 1,Social sciences,Science,2418
S - 33_69,"Global Security, Digital Sovereignty, and Hybrid Warfare",S - 1,Social sciences,Science,2419
S - 33_7,Globalization and Interdisciplinary Knowledge Integration,S - 1,Social sciences,Science,2420
S - 4216827806,"Legal, Ethical, and Societal Studies",S - 1,Social sciences,Science,2421
S - 33_71,"Intersections of Diversity, Spirituality, and Workplace Dynamics",S - 1,Social sciences,Science,2422
S - 33_72,"Ancient Mediterranean Civilizations: Society, Economy, and Technology",S - 1,Social sciences,Science,2423
S - 33_73,Lifestyle Migration and Mobility in Retirement,S - 1,Social sciences,Science,2424
S - 33_74,"Intersections of Religion, Culture, and Environment",S - 1,Social sciences,Science,2425
S - 33_75,Technological and Psychological Aspects of Legal Proceedings,S - 1,Social sciences,Science,2426
S - 33_76,Media Influence on Society and Communication Studies,S - 1,Social sciences,Science,2427
S - 33_77,Multimedia Interaction and Engagement in Television Viewing,S - 1,Social sciences,Science,2428
S - 33_78,Global Legal Systems and Regulatory Challenges,S - 1,Social sciences,Science,2429
S - 33_79,"Innovation, Education, and Social Impact in a Global Context",S - 1,Social sciences,Science,2430
S - 259614356,"Perspectives on Law, Ethics, and Rights",S - 1,Social sciences,Science,2431
S - 33_80,Responsibility to Protect in International Relations,S - 1,Social sciences,Science,2432
S - 33_81,Vaccine Hesitancy and Its Global Health Implications,S - 1,Social sciences,Science,2433
S - 33_82,Cultural Heritage in Sustainable Tourism and Urban Development,S - 1,Social sciences,Science,2434
S - 33_83,Urban Mobility and Transportation Infrastructure Analysis,S - 1,Social sciences,Science,2435
S - 33_84,Advanced Techniques in Latent Fingerprint Detection,S - 1,Social sciences,Science,2436
S - 33_85,"Global Development: Economic, Social, and Environmental Perspectives",S - 1,Social sciences,Science,2437
S - 33_86,Interdisciplinary Exploration of Human Society and Culture,S - 1,Social sciences,Science,2438
S - 33_88,Online Collaboration and Knowledge Sharing Dynamics,S - 1,Social sciences,Science,2440
S - 33_89,Impacts and Sustainability in Diverse Tourism Contexts,S - 1,Social sciences,Science,2441
S - 33_90,Impact of Educational Technology on Distance Learning,S - 1,Social sciences,Science,2443
S - 33_91,Personalisation in Social Care Services,S - 1,Social sciences,Science,2444
S - 33_92,Impact of Adversity on Child Development and Mental Health,S - 1,Social sciences,Science,2445
S - 33_94,"Internet Privacy, Trust, and Online Security Mechanisms",S - 1,Social sciences,Science,2447
S - 33_96,Social Behavior and Its Impact Across Disciplines,S - 1,Social sciences,Science,2449
S - 33_97,"Cultural Identity, Globalization, and Social Dynamics",S - 1,Social sciences,Science,2450
S - 304242710,Perspectives on Disability Studies,S - 1,Social sciences,Science,2451
S - 33_99,Human Evolution: Cultural and Biological Perspectives,S - 1,Social sciences,Science,2452
S - 34_0,"Animal Health, Welfare, and Disease Management Studies",S - 2,Medical and health sciences,Science,2453
T - IPC4+C01B,Basic Inorganic Chemistry,T - 32,Materials,Technology,2454
T - IPC4+C01D,Alkali Metal Compounds,T - 32,Materials,Technology,2455
T - IPC4+C01F,Alkaline Earth and Rare Earth Compounds,T - 32,Materials,Technology,2456
T - IPC4+C01G,Other Metal Compounds,T - 32,Materials,Technology,2457
T - IPC4+C02F,Water Treatment,T - 33,Processing and environmental,Technology,2458
T - IPC4+C03B,Glass Manufacturing,T - 34,Chemicals,Technology,2459
T - IPC4+C03C,Glass Composition and Treatment,T - 32,Materials,Technology,2460
T - IPC4+C04B,Cement and Ceramics,T - 32,Materials,Technology,2461
T - IPC4+C05F,Organic Fertilizers,T - 34,Chemicals,Technology,2462
T - IPC4+C05G,Fertilizer Mixtures,T - 34,Chemicals,Technology,2463
T - IPC4+C06B,Explosives,T - 34,Chemicals,Technology,2464
T - IPC4+C07B,General Organic Chemistry,T - 31,Biopharma,Technology,2465
T - IPC4+C07C,Basic Organic Compounds,T - 31,Biopharma,Technology,2466
T - IPC4+C07D,Heterocyclic Compounds,T - 31,Biopharma,Technology,2467
T - IPC4+C07F,Organometallic Compounds,T - 31,Biopharma,Technology,2468
T - IPC4+C07H,Sugar Chemistry,T - 31,Biopharma,Technology,2469
T - IPC4+C07J,Steroids,T - 31,Biopharma,Technology,2470
T - IPC4+C07K,Peptides,T - 31,Biopharma,Technology,2471
T - IPC4+C08B,Polysaccharides,T - 34,Chemicals,Technology,2472
T - IPC4+C08C,Rubber Treatment,T - 34,Chemicals,Technology,2473
T - IPC4+C08F,Addition Polymers,T - 34,Chemicals,Technology,2474
T - IPC4+C08G,Condensation Polymers,T - 34,Chemicals,Technology,2475
T - IPC4+C08J,Polymer Processing,T - 34,Chemicals,Technology,2476
T - IPC4+C08K,Polymer Additives,T - 34,Chemicals,Technology,2477
T - IPC4+C08L,Polymer Compositions,T - 34,Chemicals,Technology,2478
T - IPC4+C09B,Organic Dyes,T - 34,Chemicals,Technology,2479
T - IPC4+C09C,Pigment Treatment,T - 34,Chemicals,Technology,2480
T - IPC4+C09D,Paints and Coatings,T - 34,Chemicals,Technology,2481
T - IPC4+C09G,Polishing Compounds,T - 34,Chemicals,Technology,2482
T - IPC4+C09J,Adhesives,T - 34,Chemicals,Technology,2483
T - IPC4+C09K,Specialty Materials,T - 34,Chemicals,Technology,2484
T - IPC4+C10B,Coal Distillation,T - 34,Chemicals,Technology,2485
T - IPC4+C10G,Oil Refining,T - 34,Chemicals,Technology,2486
T - IPC4+C10J,Producer Gas,T - 34,Chemicals,Technology,2487
T - IPC4+C10L,Fuels,T - 34,Chemicals,Technology,2488
T - IPC4+C10M,Lubricants,T - 34,Chemicals,Technology,2489
T - IPC4+C10N,Lubricant Index,T - 34,Chemicals,Technology,2490
T - IPC4+C11B,Fats and Oils Production,T - 34,Chemicals,Technology,2491
T - IPC4+C11C,Fatty Acids,T - 34,Chemicals,Technology,2492
T - IPC4+C11D,Detergents and Soaps,T - 34,Chemicals,Technology,2493
T - IPC4+C12G,Wine and Alcoholic Beverages,T - 31,Biopharma,Technology,2494
T - IPC4+C12M,Microbiology Equipment,T - 31,Biopharma,Technology,2495
T - IPC4+C12N,Microorganisms and Enzymes,T - 31,Biopharma,Technology,2496
T - IPC4+C12P,Fermentation Processes,T - 31,Biopharma,Technology,2497
T - IPC4+C12Q,Biochemical Testing,T - 31,Biopharma,Technology,2498
T - IPC4+C12R,Microbiology Index,T - 31,Biopharma,Technology,2499
T - IPC4+C13K,Sugar Production,T - 31,Biopharma,Technology,2500
T - IPC4+C14C,Leather Chemistry,T - 33,Processing and environmental,Technology,2501
T - IPC4+C21B,Iron and Steel Manufacturing,T - 32,Materials,Technology,2502
T - IPC4+C21C,Steel Processing,T - 32,Materials,Technology,2503
T - IPC4+C21D,Metal Heat Treatment,T - 32,Materials,Technology,2504
T - IPC4+C22B,Metal Production,T - 32,Materials,Technology,2505
T - IPC4+C22C,Alloys,T - 32,Materials,Technology,2506
T - IPC4+C22F,Non-ferrous Heat Treatment,T - 32,Materials,Technology,2507
T - IPC4+C23C,Metal Coating,T - 32,Materials,Technology,2508
T - IPC4+C23F,Metal Surface Treatment,T - 32,Materials,Technology,2509
T - IPC4+C23G,Metal Cleaning,T - 32,Materials,Technology,2510
T - IPC4+C25B,Electrolytic Production,T - 32,Materials,Technology,2511
T - IPC4+C25C,Electrolytic Metal Production,T - 32,Materials,Technology,2512
T - IPC4+C25D,Electroplating,T - 32,Materials,Technology,2513
T - IPC4+C30B,Crystal Growth,T - 32,Materials,Technology,2514
T - IPC4+C40B,Combinatorial Chemistry,T - 31,Biopharma,Technology,2515
T - IPC4+E01B,Railway Tracks,T - 51,Civil engineering,Technology,2517
T - IPC4+E01C,Road Construction,T - 51,Civil engineering,Technology,2518
T - IPC4+E01D,Bridges,T - 51,Civil engineering,Technology,2519
T - IPC4+E01F,Road Equipment and Signs,T - 51,Civil engineering,Technology,2520
T - IPC4+E01H,Street Cleaning,T - 51,Civil engineering,Technology,2521
T - IPC4+E02B,Water Engineering,T - 51,Civil engineering,Technology,2522
T - IPC4+E02D,Foundations and Excavations,T - 51,Civil engineering,Technology,2523
T - IPC4+E02F,Dredging and Earthmoving,T - 51,Civil engineering,Technology,2524
T - IPC4+E03B,Water Supply Systems,T - 51,Civil engineering,Technology,2525
T - IPC4+E03C,Plumbing,T - 51,Civil engineering,Technology,2526
T - IPC4+E03D,Toilets and Water Closets,T - 51,Civil engineering,Technology,2527
T - IPC4+E03F,Sewers and Cesspools,T - 51,Civil engineering,Technology,2528
T - IPC4+E04B,Building Construction,T - 51,Civil engineering,Technology,2529
T - IPC4+E04C,Building Materials,T - 51,Civil engineering,Technology,2530
T - IPC4+E04D,Roofs and Gutters,T - 51,Civil engineering,Technology,2531
T - IPC4+E04F,Building Finishing,T - 51,Civil engineering,Technology,2532
T - IPC4+E04G,Scaffolding and Construction Aids,T - 51,Civil engineering,Technology,2533
T - IPC4+E04H,Special Purpose Buildings,T - 51,Civil engineering,Technology,2534
T - IPC4+E05B,Locks,T - 51,Civil engineering,Technology,2535
T - IPC4+E05C,Bolts and Fasteners,T - 51,Civil engineering,Technology,2536
T - IPC4+E05D,Hinges,T - 51,Civil engineering,Technology,2537
T - IPC4+E05F,Door and Window Mechanisms,T - 51,Civil engineering,Technology,2538
T - IPC4+E06B,Doors and Windows,T - 51,Civil engineering,Technology,2539
T - IPC4+E21B,Drilling and Wells,T - 51,Civil engineering,Technology,2540
T - IPC4+E21C,Mining and Quarrying,T - 51,Civil engineering,Technology,2541
T - IPC4+E21D,Tunnels and Shafts,T - 51,Civil engineering,Technology,2542
T - IPC4+A01B,Plowing and Tilling,T - 34,Chemicals,Technology,2544
T - IPC4+A01C,Planting and Sowing,T - 34,Chemicals,Technology,2545
T - IPC4+A01D,Harvesting and Mowing,T - 34,Chemicals,Technology,2546
T - IPC4+A01F,Threshing and Baling,T - 34,Chemicals,Technology,2547
T - IPC4+A01G,Horticulture and Gardening,T - 34,Chemicals,Technology,2548
T - IPC4+A01H,Plant Breeding,T - 31,Biopharma,Technology,2549
T - IPC4+A01K,Animal Husbandry,T - 34,Chemicals,Technology,2550
T - IPC4+A01M,Pest Control and Trapping,T - 34,Chemicals,Technology,2551
T - IPC4+A01N,Pesticides and Preservation,T - 34,Chemicals,Technology,2552
T - IPC4+A01P,Biocidal Activity,T - 34,Chemicals,Technology,2553
T - IPC4+A21B,Baking Ovens,T - 34,Chemicals,Technology,2554
T - IPC4+A21C,Dough Processing,T - 34,Chemicals,Technology,2555
T - IPC4+A21D,Baking Methods,T - 31,Biopharma,Technology,2556
T - IPC4+A22C,Meat Processing,T - 34,Chemicals,Technology,2557
T - IPC4+A23B,Food Preservation,T - 31,Biopharma,Technology,2558
T - IPC4+A23C,Dairy Products,T - 31,Biopharma,Technology,2559
T - IPC4+A23D,Edible Oils and Fats,T - 31,Biopharma,Technology,2560
T - IPC4+A23F,Coffee and Tea,T - 31,Biopharma,Technology,2561
T - IPC4+A23G,Chocolate and Confectionery,T - 31,Biopharma,Technology,2562
T - IPC4+A23J,Food Proteins,T - 31,Biopharma,Technology,2563
T - IPC4+A23K,Animal Feed,T - 31,Biopharma,Technology,2564
T - IPC4+A23L,General Food Products,T - 31,Biopharma,Technology,2565
T - IPC4+A23N,Fruit and Vegetable Processing,T - 34,Chemicals,Technology,2566
T - IPC4+A23P,Food Shaping,T - 34,Chemicals,Technology,2567
T - IPC4+A24B,Tobacco Preparation,T - 52,Consumer,Technology,2568
T - IPC4+A24C,Cigarette Manufacturing,T - 52,Consumer,Technology,2569
T - IPC4+A24D,Cigarettes and Filters,T - 52,Consumer,Technology,2570
T - IPC4+A24F,Smoking Accessories,T - 52,Consumer,Technology,2571
T - IPC4+A41B,Shirts and Underwear,T - 52,Consumer,Technology,2572
T - IPC4+A41D,Outerwear and Protective Clothing,T - 52,Consumer,Technology,2573
T - IPC4+A42B,Hats and Headwear,T - 52,Consumer,Technology,2574
T - IPC4+A43B,Footwear Design,T - 52,Consumer,Technology,2575
T - IPC4+A43C,Shoe Fasteners,T - 52,Consumer,Technology,2576
T - IPC4+A44B,Buttons and Fasteners,T - 52,Consumer,Technology,2577
T - IPC4+A44C,Jewelry and Coins,T - 52,Consumer,Technology,2578
T - IPC4+A45C,Bags and Luggage,T - 52,Consumer,Technology,2579
T - IPC4+A45D,Beauty and Grooming Tools,T - 52,Consumer,Technology,2580
T - IPC4+A45F,Travel Equipment,T - 52,Consumer,Technology,2581
T - IPC4+A46B,Brushes,T - 52,Consumer,Technology,2582
T - IPC4+A47B,Furniture,T - 52,Consumer,Technology,2583
T - IPC4+A47C,Chairs and Beds,T - 52,Consumer,Technology,2584
T - IPC4+A47D,Childrens Furniture,T - 52,Consumer,Technology,2585
T - IPC4+A47F,Commercial Furniture,T - 52,Consumer,Technology,2586
T - IPC4+A47G,Household Equipment,T - 52,Consumer,Technology,2587
T - IPC4+A47J,Kitchen Equipment,T - 52,Consumer,Technology,2588
T - IPC4+A47K,Bathroom Equipment,T - 52,Consumer,Technology,2589
T - IPC4+A47L,Cleaning Equipment,T - 52,Consumer,Technology,2590
T - IPC4+A61B,Medical Diagnosis and Surgery,T - 21,Instruments,Technology,2591
T - IPC4+A61C,Dentistry,T - 21,Instruments,Technology,2592
T - IPC4+A61D,Veterinary Equipment,T - 21,Instruments,Technology,2593
T - IPC4+A61F,Medical Implants and Prosthetics,T - 21,Instruments,Technology,2594
T - IPC4+A61G,Medical Transport and Furniture,T - 21,Instruments,Technology,2595
T - IPC4+A61H,Physical Therapy,T - 21,Instruments,Technology,2596
T - IPC4+A61J,Medical Containers,T - 21,Instruments,Technology,2597
T - IPC4+A61K,Pharmaceuticals,T - 31,Biopharma,Technology,2598
T - IPC4+A61L,Medical Sterilization,T - 21,Instruments,Technology,2599
T - IPC4+A61M,Medical Delivery Devices,T - 21,Instruments,Technology,2600
T - IPC4+A61N,Medical Therapy Devices,T - 21,Instruments,Technology,2601
T - IPC4+A61P,Drug Therapy,T - 31,Biopharma,Technology,2602
T - IPC4+A61Q,Cosmetic Applications,T - 31,Biopharma,Technology,2603
T - IPC4+A62B,Life-Saving Equipment,T - 52,Consumer,Technology,2604
T - 1197027848,Fire-Fighting Non-Chemicals,T - 33,Processing and environmental,Technology,2605
T - IPC4+A62D,Fire-Fighting Chemicals,T - 41,Machines,Technology,2606
T - IPC4+A63B,Sports Equipment,T - 52,Consumer,Technology,2607
T - IPC4+A63C,Skating and Skiing,T - 52,Consumer,Technology,2608
T - IPC4+A63F,Games,T - 52,Consumer,Technology,2609
T - IPC4+A63H,Toys,T - 52,Consumer,Technology,2610
T - IPC4+H01B,Cables and Conductors,T - 11,Electronics,Technology,2612
T - IPC4+H01C,Resistors,T - 11,Electronics,Technology,2613
T - IPC4+H01F,Magnets and Transformers,T - 11,Electronics,Technology,2614
T - IPC4+H01G,Capacitors,T - 11,Electronics,Technology,2615
T - IPC4+H01H,Switches and Relays,T - 11,Electronics,Technology,2616
T - IPC4+H01J,Discharge Tubes and Lamps,T - 11,Electronics,Technology,2617
T - IPC4+H01K,Incandescent Lamps,T - 11,Electronics,Technology,2618
T - IPC4+H01L,Legacy Semiconductors,T - 14,Semiconductors and optics,Technology,2619
T - IPC4+H01M,Batteries and Fuel Cells,T - 11,Electronics,Technology,2620
T - IPC4+H01P,Waveguides,T - 13,ICTs,Technology,2621
T - IPC4+H01Q,Antennas,T - 13,ICTs,Technology,2622
T - IPC4+H01R,Electrical Connectors,T - 11,Electronics,Technology,2623
T - IPC4+H01S,Lasers and Masers,T - 14,Semiconductors and optics,Technology,2624
T - IPC4+H01T,Spark Gaps and Surge Protection,T - 11,Electronics,Technology,2625
T - IPC4+H02B,Power Distribution Panels,T - 11,Electronics,Technology,2626
T - IPC4+H02G,Cable Installation,T - 11,Electronics,Technology,2627
T - IPC4+H02H,Electrical Protection,T - 11,Electronics,Technology,2628
T - IPC4+H02J,Power Supply Systems,T - 11,Electronics,Technology,2629
T - IPC4+H02K,Motors and Generators,T - 11,Electronics,Technology,2630
T - IPC4+H02M,Power Converters,T - 11,Electronics,Technology,2631
T - IPC4+H02N,Other Electric Machines,T - 11,Electronics,Technology,2632
T - IPC4+H02P,Motor Control,T - 11,Electronics,Technology,2633
T - IPC4+H02S,Solar Power Systems,T - 11,Electronics,Technology,2634
T - IPC4+H03B,Signal Generators,T - 13,ICTs,Technology,2635
T - IPC4+H03D,Demodulation,T - 13,ICTs,Technology,2636
T - IPC4+H03F,Amplifiers,T - 13,ICTs,Technology,2637
T - IPC4+H03G,Gain Control,T - 13,ICTs,Technology,2638
T - IPC4+H03H,Resonant Circuits,T - 13,ICTs,Technology,2639
T - IPC4+H03K,Pulse Circuits,T - 13,ICTs,Technology,2640
T - IPC4+H03L,Oscillator Control,T - 13,ICTs,Technology,2641
T - IPC4+H03M,Coding and Conversion,T - 13,ICTs,Technology,2642
T - IPC4+H04B,Transmission Systems,T - 13,ICTs,Technology,2643
T - IPC4+H04H,Broadcasting,T - 13,ICTs,Technology,2644
T - IPC4+H04J,Multiplex Communication,T - 13,ICTs,Technology,2645
T - IPC4+H04K,Secure Communication,T - 13,ICTs,Technology,2646
T - IPC4+H04L,Digital Networks,T - 13,ICTs,Technology,2647
T - IPC4+H04M,Telephony,T - 13,ICTs,Technology,2648
T - IPC4+H04N,Television and Video,T - 12,Audio-visual,Technology,2649
T - IPC4+H04Q,Switching Systems,T - 13,ICTs,Technology,2650
T - IPC4+H04R,Audio Transducers,T - 12,Audio-visual,Technology,2651
T - IPC4+H04S,Stereo Systems,T - 12,Audio-visual,Technology,2652
T - IPC4+H04W,Wireless Networks,T - 13,ICTs,Technology,2653
T - IPC4+H05B,Electric Heating and Lighting,T - 11,Electronics,Technology,2654
T - IPC4+H05G,X-ray Equipment,T - 11,Electronics,Technology,2655
T - IPC4+H05H,Plasma and Particle Acceleration,T - 33,Processing and environmental,Technology,2656
T - IPC4+H05K,Electronic Assembly,T - 12,Audio-visual,Technology,2657
T - IPC4+H10B,Electronic Memory,T - 14,Semiconductors and optics,Technology,2658
T - IPC4+H10D,Inorganic Semiconductors,T - 14,Semiconductors and optics,Technology,2659
T - IPC4+H10F,Light-Sensitive Semiconductors,T - 14,Semiconductors and optics,Technology,2660
T - IPC4+H10H,Light-Emitting Semiconductors,T - 14,Semiconductors and optics,Technology,2661
T - IPC4+H10K,Organic Semiconductors,T - 14,Semiconductors and optics,Technology,2662
T - IPC4+H10N,Other Electric Solid-State Devices,T - 14,Semiconductors and optics,Technology,2663
T - IPC4+B01D,Separation Processes,T - 33,Processing and environmental,Technology,2665
T - IPC4+B01F,Mixing and Dissolving,T - 33,Processing and environmental,Technology,2666
T - IPC4+B01J,Chemical Processes and Catalysis,T - 33,Processing and environmental,Technology,2667
T - IPC4+B01L,Laboratory Equipment,T - 33,Processing and environmental,Technology,2668
T - IPC4+B02C,Crushing and Grinding,T - 33,Processing and environmental,Technology,2669
T - IPC4+B03B,Liquid Separation,T - 33,Processing and environmental,Technology,2670
T - IPC4+B03C,Magnetic Separation,T - 33,Processing and environmental,Technology,2671
T - IPC4+B04B,Centrifuges,T - 33,Processing and environmental,Technology,2672
T - IPC4+B05B,Spraying and Atomizing,T - 33,Processing and environmental,Technology,2673
T - IPC4+B05C,Fluid Application Equipment,T - 32,Materials,Technology,2674
T - IPC4+B05D,Surface Coating Processes,T - 32,Materials,Technology,2675
T - IPC4+B06B,Mechanical Vibration,T - 33,Processing and environmental,Technology,2676
T - IPC4+B07B,Sieving and Screening,T - 33,Processing and environmental,Technology,2677
T - IPC4+B07C,Sorting and Postal Processing,T - 33,Processing and environmental,Technology,2678
T - IPC4+B08B,Cleaning Equipment,T - 33,Processing and environmental,Technology,2679
T - IPC4+B09B,Waste Disposal,T - 33,Processing and environmental,Technology,2680
T - IPC4+B21B,Metal Rolling,T - 41,Machines,Technology,2681
T - IPC4+B21C,Metal Sheet and Wire Manufacturing,T - 41,Machines,Technology,2682
T - IPC4+B21D,Sheet Metal Working,T - 41,Machines,Technology,2683
T - IPC4+B21F,Wire Working,T - 41,Machines,Technology,2684
T - IPC4+B21J,Forging and Hammering,T - 41,Machines,Technology,2685
T - IPC4+B21K,Forged Metal Products,T - 41,Machines,Technology,2686
T - IPC4+B22C,Foundry Molding,T - 32,Materials,Technology,2687
T - IPC4+B22D,Metal Casting,T - 32,Materials,Technology,2688
T - IPC4+B22F,Powder Metallurgy,T - 32,Materials,Technology,2689
T - IPC4+B23B,Turning and Boring,T - 41,Machines,Technology,2690
T - IPC4+B23C,Milling,T - 41,Machines,Technology,2691
T - IPC4+B23D,Cutting and Shearing,T - 41,Machines,Technology,2692
T - IPC4+B23H,Electrical Discharge Machining,T - 41,Machines,Technology,2693
T - IPC4+B23K,Welding and Soldering,T - 41,Machines,Technology,2694
T - IPC4+B23P,General Metalworking,T - 41,Machines,Technology,2695
T - IPC4+B23Q,Machine Tools,T - 41,Machines,Technology,2696
T - IPC4+B24B,Grinding and Polishing,T - 41,Machines,Technology,2697
T - IPC4+B24C,Abrasive Blasting,T - 41,Machines,Technology,2698
T - IPC4+B24D,Grinding Tools,T - 41,Machines,Technology,2699
T - IPC4+B25B,Hand Tools and Fastening,T - 41,Machines,Technology,2700
T - IPC4+B25C,Nailing and Stapling Tools,T - 41,Machines,Technology,2701
T - IPC4+B25D,Percussive Tools,T - 41,Machines,Technology,2702
T - IPC4+B25F,Multi-Purpose Tools,T - 41,Machines,Technology,2703
T - IPC4+B25G,Tool Handles,T - 41,Machines,Technology,2704
T - IPC4+B25H,Workshop Equipment,T - 41,Machines,Technology,2705
T - IPC4+B25J,Manipulators and Robots,T - 41,Machines,Technology,2706
T - IPC4+B26B,Hand Cutting Tools,T - 41,Machines,Technology,2707
T - IPC4+B26D,Cutting Machines,T - 41,Machines,Technology,2708
T - IPC4+B26F,Perforating and Punching,T - 41,Machines,Technology,2709
T - IPC4+B27B,Wood Saws,T - 41,Machines,Technology,2710
T - IPC4+B27N,Particle Board Manufacturing,T - 41,Machines,Technology,2711
T - IPC4+B28B,Ceramic and Cement Shaping,T - 34,Chemicals,Technology,2712
T - IPC4+B28D,Stone Working,T - 34,Chemicals,Technology,2713
T - IPC4+B29B,Plastic Material Preparation,T - 34,Chemicals,Technology,2714
T - IPC4+B29C,Plastic Shaping,T - 34,Chemicals,Technology,2715
T - IPC4+B29D,Specific Plastic Articles,T - 34,Chemicals,Technology,2716
T - IPC4+B29K,Plastic Materials Index,T - 34,Chemicals,Technology,2717
T - IPC4+B29L,Plastic Articles Index,T - 34,Chemicals,Technology,2718
T - IPC4+B30B,Presses,T - 41,Machines,Technology,2719
T - IPC4+B31B,Paper Container Manufacturing,T - 41,Machines,Technology,2720
T - IPC4+B31F,Paper Working,T - 41,Machines,Technology,2721
T - IPC4+B32B,Layered Products,T - 32,Materials,Technology,2722
T - IPC4+B33Y,3D Printing,T - 34,Chemicals,Technology,2723
T - IPC4+B41C,Printing Surface Manufacturing,T - 41,Machines,Technology,2724
T - IPC4+B41F,Printing Machines,T - 41,Machines,Technology,2725
T - IPC4+B41J,Typewriters and Selective Printing,T - 41,Machines,Technology,2726
T - IPC4+B41M,Printing Processes,T - 41,Machines,Technology,2727
T - IPC4+B41N,Printing Plates,T - 41,Machines,Technology,2728
T - IPC4+B42D,Books and Printed Matter,T - 52,Consumer,Technology,2729
T - IPC4+B43K,Writing Implements,T - 52,Consumer,Technology,2730
T - IPC4+B44C,Decorative Effects,T - 52,Consumer,Technology,2731
T - IPC4+B44F,Special Designs,T - 52,Consumer,Technology,2732
T - IPC4+B60B,Vehicle Wheels,T - 42,Engines and transport,Technology,2733
T - IPC4+B60C,Vehicle Tires,T - 42,Engines and transport,Technology,2734
T - IPC4+B60D,Vehicle Connections,T - 42,Engines and transport,Technology,2735
T - IPC4+B60G,Vehicle Suspension,T - 42,Engines and transport,Technology,2736
T - IPC4+B60H,Vehicle Climate Control,T - 42,Engines and transport,Technology,2737
T - IPC4+B60J,Vehicle Windows and Doors,T - 42,Engines and transport,Technology,2738
T - IPC4+B60K,Vehicle Propulsion Systems,T - 42,Engines and transport,Technology,2739
T - IPC4+B60L,Electric Vehicle Systems,T - 42,Engines and transport,Technology,2740
T - IPC4+B60N,Vehicle Seating,T - 42,Engines and transport,Technology,2741
T - IPC4+B60P,Cargo Vehicles,T - 42,Engines and transport,Technology,2742
T - IPC4+B60Q,Vehicle Lighting,T - 42,Engines and transport,Technology,2743
T - IPC4+B60R,Vehicle Accessories,T - 42,Engines and transport,Technology,2744
T - IPC4+B60S,Vehicle Servicing,T - 42,Engines and transport,Technology,2745
T - IPC4+B60T,Vehicle Braking,T - 42,Engines and transport,Technology,2746
T - IPC4+B60W,Vehicle Control Systems,T - 42,Engines and transport,Technology,2747
T - IPC4+B61B,Railway Systems,T - 42,Engines and transport,Technology,2748
T - IPC4+B61C,Locomotives,T - 42,Engines and transport,Technology,2749
T - IPC4+B61D,Railway Car Bodies,T - 42,Engines and transport,Technology,2750
T - IPC4+B61F,Railway Suspension,T - 42,Engines and transport,Technology,2751
T - IPC4+B61L,Railway Traffic Control,T - 42,Engines and transport,Technology,2752
T - IPC4+B62B,Hand-Propelled Vehicles,T - 42,Engines and transport,Technology,2753
T - IPC4+B62D,Motor Vehicles,T - 42,Engines and transport,Technology,2754
T - IPC4+B62J,Bicycle Accessories,T - 42,Engines and transport,Technology,2755
T - IPC4+B62K,Bicycle Frames,T - 42,Engines and transport,Technology,2756
T - IPC4+B62M,Vehicle Propulsion,T - 42,Engines and transport,Technology,2757
T - IPC4+B63B,Ships and Watercraft,T - 42,Engines and transport,Technology,2758
T - IPC4+B63C,Marine Safety and Underwater,T - 42,Engines and transport,Technology,2759
T - IPC4+B63H,Marine Propulsion,T - 42,Engines and transport,Technology,2760
T - IPC4+B64C,Airplanes and Helicopters,T - 42,Engines and transport,Technology,2761
T - IPC4+B64D,Aircraft Equipment,T - 42,Engines and transport,Technology,2762
T - IPC4+B64F,Aircraft Ground Support,T - 42,Engines and transport,Technology,2763
T - IPC4+B64G,Spacecraft,T - 42,Engines and transport,Technology,2764
T - IPC4+B65B,Packaging Machines,T - 41,Machines,Technology,2765
T - IPC4+B65C,Labeling Machines,T - 41,Machines,Technology,2766
T - IPC4+B65D,Containers,T - 41,Machines,Technology,2767
T - IPC4+B65F,Refuse Collection,T - 33,Processing and environmental,Technology,2768
T - IPC4+B65G,Transport and Storage Systems,T - 41,Machines,Technology,2769
T - IPC4+B65H,Material Handling,T - 41,Machines,Technology,2770
T - IPC4+B66B,Elevators and Escalators,T - 41,Machines,Technology,2771
T - IPC4+B66C,Cranes,T - 41,Machines,Technology,2772
T - IPC4+B66D,Winches and Hoists,T - 41,Machines,Technology,2773
T - IPC4+B66F,Lifting Equipment,T - 41,Machines,Technology,2774
T - IPC4+B67B,Container Closure,T - 41,Machines,Technology,2775
T - IPC4+B67C,Container Filling,T - 41,Machines,Technology,2776
T - IPC4+B67D,Liquid Dispensing,T - 41,Machines,Technology,2777
T - IPC4+B68G,Leather Working and Upholstering,T - 52,Consumer,Technology,2778
T - IPC4+B81B,Microstructural Devices,T - 32,Materials,Technology,2779
T - IPC4+B81C,Microstructure Manufacturing,T - 32,Materials,Technology,2780
T - IPC4+B82B,Nanostructures,T - 32,Materials,Technology,2781
T - IPC4+B82Y,Nanotechnology Applications,T - 32,Materials,Technology,2782
T - IPC4+F01B,Positive Displacement Engines,T - 42,Engines and transport,Technology,2784
T - IPC4+F01C,Rotary Piston Engines,T - 42,Engines and transport,Technology,2785
T - IPC4+F01D,Turbines,T - 42,Engines and transport,Technology,2786
T - IPC4+F01K,Steam Plants,T - 42,Engines and transport,Technology,2787
T - IPC4+F01L,Engine Valves,T - 42,Engines and transport,Technology,2788
T - IPC4+F01M,Engine Lubrication,T - 42,Engines and transport,Technology,2789
T - IPC4+F01N,Engine Exhaust Systems,T - 33,Processing and environmental,Technology,2790
T - IPC4+F01P,Engine Cooling,T - 42,Engines and transport,Technology,2791
T - IPC4+F02B,Internal Combustion Engines,T - 42,Engines and transport,Technology,2792
T - IPC4+F02C,Gas Turbines,T - 42,Engines and transport,Technology,2793
T - IPC4+F02D,Engine Control,T - 42,Engines and transport,Technology,2794
T - IPC4+F02F,Engine Components,T - 42,Engines and transport,Technology,2795
T - IPC4+F02G,Hot Gas Engines,T - 42,Engines and transport,Technology,2796
T - IPC4+F02K,Jet Engines,T - 42,Engines and transport,Technology,2797
T - IPC4+F02M,Fuel Supply Systems,T - 42,Engines and transport,Technology,2798
T - IPC4+F02N,Engine Starting,T - 42,Engines and transport,Technology,2799
T - IPC4+F02P,Engine Ignition,T - 42,Engines and transport,Technology,2800
T - IPC4+F03B,Liquid Engines,T - 42,Engines and transport,Technology,2801
T - IPC4+F03C,Hydraulic Engines,T - 42,Engines and transport,Technology,2802
T - IPC4+F03D,Wind Turbines,T - 42,Engines and transport,Technology,2803
T - IPC4+F03G,Mechanical Power Sources,T - 42,Engines and transport,Technology,2804
T - IPC4+F04B,Positive Displacement Pumps,T - 42,Engines and transport,Technology,2805
T - IPC4+F04C,Rotary Pumps,T - 42,Engines and transport,Technology,2806
T - IPC4+F04D,Centrifugal Pumps,T - 42,Engines and transport,Technology,2807
T - IPC4+F04F,Jet Pumps,T - 42,Engines and transport,Technology,2808
T - IPC4+F15B,Hydraulic Systems,T - 42,Engines and transport,Technology,2809
T - IPC4+F15C,Fluidic Controls,T - 42,Engines and transport,Technology,2810
T - IPC4+F15D,Fluid Flow Control,T - 42,Engines and transport,Technology,2811
T - IPC4+F16B,Fasteners and Connectors,T - 42,Engines and transport,Technology,2812
T - IPC4+F16C,Shafts and Bearings,T - 42,Engines and transport,Technology,2813
T - IPC4+F16D,Couplings and Clutches,T - 42,Engines and transport,Technology,2814
T - IPC4+F16F,Springs and Dampers,T - 42,Engines and transport,Technology,2815
T - IPC4+F16G,Power Transmission Belts,T - 42,Engines and transport,Technology,2816
T - IPC4+F16H,Gears and Transmissions,T - 42,Engines and transport,Technology,2817
T - IPC4+F16J,Sealing Systems,T - 42,Engines and transport,Technology,2818
T - IPC4+F16K,Valves,T - 42,Engines and transport,Technology,2819
T - IPC4+F16L,Piping Systems,T - 42,Engines and transport,Technology,2820
T - IPC4+F16M,Machine Frames,T - 42,Engines and transport,Technology,2821
T - IPC4+F16N,Lubrication Systems,T - 42,Engines and transport,Technology,2822
T - IPC4+F17C,Pressure Vessels,T - 42,Engines and transport,Technology,2823
T - IPC4+F17D,Pipeline Systems,T - 42,Engines and transport,Technology,2824
T - IPC4+F21K,Non-Electric Lighting,T - 11,Electronics,Technology,2825
T - IPC4+F21L,Portable Lighting,T - 11,Electronics,Technology,2826
T - IPC4+F21S,Fixed Lighting,T - 11,Electronics,Technology,2827
T - IPC4+F21V,Lighting Components,T - 11,Electronics,Technology,2828
T - IPC4+F21W,Lighting Applications Index,T - 11,Electronics,Technology,2829
T - IPC4+F21Y,Light Source Index,T - 11,Electronics,Technology,2830
T - IPC4+F22B,Steam Boilers,T - 42,Engines and transport,Technology,2831
T - IPC4+F23C,Fluid Fuel Combustion,T - 42,Engines and transport,Technology,2832
T - IPC4+F23D,Burners,T - 42,Engines and transport,Technology,2833
T - IPC4+F23G,Waste Combustion,T - 33,Processing and environmental,Technology,2834
T - IPC4+F23J,Combustion Product Handling,T - 33,Processing and environmental,Technology,2835
T - IPC4+F23L,Combustion Air Supply,T - 42,Engines and transport,Technology,2836
T - IPC4+F23N,Combustion Control,T - 42,Engines and transport,Technology,2837
T - IPC4+F23R,High Pressure Combustion,T - 42,Engines and transport,Technology,2838
T - IPC4+F24C,Kitchen Stoves,T - 42,Engines and transport,Technology,2839
T - IPC4+F24D,Home Heating Systems,T - 42,Engines and transport,Technology,2840
T - IPC4+F24F,HVAC Systems,T - 42,Engines and transport,Technology,2841
T - IPC4+F24H,Water and Air Heaters,T - 42,Engines and transport,Technology,2842
T - IPC4+F24S,Solar Heating,T - 42,Engines and transport,Technology,2843
T - IPC4+F25B,Refrigeration Systems,T - 42,Engines and transport,Technology,2844
T - IPC4+F25C,Ice Making,T - 42,Engines and transport,Technology,2845
T - IPC4+F25D,Refrigerators,T - 52,Consumer,Technology,2846
T - IPC4+F25J,Gas Liquefaction,T - 33,Processing and environmental,Technology,2847
T - IPC4+F26B,Industrial Drying,T - 33,Processing and environmental,Technology,2848
T - IPC4+F27B,Industrial Furnaces,T - 42,Engines and transport,Technology,2849
T - IPC4+F27D,Furnace Components,T - 42,Engines and transport,Technology,2850
T - IPC4+F28D,Heat Exchangers,T - 42,Engines and transport,Technology,2851
T - IPC4+F28F,Heat Transfer Components,T - 42,Engines and transport,Technology,2852
T - IPC4+F41A,Weapon Components,T - 34,Chemicals,Technology,2853
T - IPC4+F41G,Weapon Sights,T - 34,Chemicals,Technology,2854
T - IPC4+F41H,Armor and Defense,T - 34,Chemicals,Technology,2855
T - IPC4+F42B,Explosive Charges,T - 34,Chemicals,Technology,2856
T - IPC4+G01B,Dimensional Measurement,T - 21,Instruments,Technology,2858
T - IPC4+G01C,Navigation and Surveying,T - 21,Instruments,Technology,2859
T - IPC4+G01D,General Measurement,T - 21,Instruments,Technology,2860
T - IPC4+G01F,Flow and Volume Measurement,T - 21,Instruments,Technology,2861
T - IPC4+G01G,Weighing,T - 21,Instruments,Technology,2862
T - IPC4+G01H,Vibration Measurement,T - 21,Instruments,Technology,2863
T - IPC4+G01J,Light Measurement,T - 21,Instruments,Technology,2864
T - IPC4+G01K,Temperature Measurement,T - 21,Instruments,Technology,2865
T - IPC4+G01L,Force and Pressure Measurement,T - 21,Instruments,Technology,2866
T - IPC4+G01M,Machine Testing,T - 21,Instruments,Technology,2867
T - IPC4+G01N,Material Analysis,T - 21,Instruments,Technology,2868
T - IPC4+G01P,Motion Measurement,T - 21,Instruments,Technology,2869
T - IPC4+G01Q,Scanning Probe Techniques,T - 21,Instruments,Technology,2870
T - IPC4+G01R,Electrical Measurement,T - 21,Instruments,Technology,2871
T - IPC4+G01S,Radar and Radio Navigation,T - 21,Instruments,Technology,2872
T - IPC4+G01T,Radiation Measurement,T - 33,Processing and environmental,Technology,2873
T - IPC4+G01V,Geophysical Measurement,T - 21,Instruments,Technology,2874
T - IPC4+G01W,Weather Measurement,T - 21,Instruments,Technology,2875
T - IPC4+G02B,Optical Systems,T - 14,Semiconductors and optics,Technology,2876
T - IPC4+G02C,Eyewear,T - 14,Semiconductors and optics,Technology,2877
T - IPC4+G02F,Optical Control Devices,T - 14,Semiconductors and optics,Technology,2878
T - IPC4+G03B,Photography Equipment,T - 14,Semiconductors and optics,Technology,2879
T - IPC4+G03C,Photographic Materials,T - 14,Semiconductors and optics,Technology,2880
T - IPC4+G03F,Photolithography,T - 14,Semiconductors and optics,Technology,2881
T - IPC4+G03G,Electrophotography,T - 14,Semiconductors and optics,Technology,2882
T - IPC4+G03H,Holography,T - 14,Semiconductors and optics,Technology,2883
T - IPC4+G04B,Mechanical Clocks,T - 21,Instruments,Technology,2884
T - IPC4+G04G,Digital Timepieces,T - 21,Instruments,Technology,2885
T - IPC4+G05B,General Control Systems,T - 21,Instruments,Technology,2886
T - IPC4+G05D,Process Control,T - 21,Instruments,Technology,2887
T - IPC4+G05F,Electrical Control,T - 21,Instruments,Technology,2888
T - IPC4+G05G,Mechanical Controls,T - 42,Engines and transport,Technology,2889
T - IPC4+G06F,Digital Computers,T - 13,ICTs,Technology,2890
T - IPC4+G06G,Analog Computers,T - 13,ICTs,Technology,2891
T - IPC4+G06K,Data Reading and Records,T - 13,ICTs,Technology,2892
T - IPC4+G06N,AI and Machine Learning,T - 13,ICTs,Technology,2893
T - IPC4+G06Q,Business Computing,T - 13,ICTs,Technology,2894
T - IPC4+G06T,Image Processing,T - 13,ICTs,Technology,2895
T - IPC4+G06V,Computer Vision,T - 13,ICTs,Technology,2896
T - IPC4+G07B,Ticketing and Fare Systems,T - 21,Instruments,Technology,2897
T - IPC4+G07C,Time Recording and Monitoring,T - 21,Instruments,Technology,2898
T - IPC4+G07D,Coin and Currency Handling,T - 21,Instruments,Technology,2899
T - IPC4+G07F,Vending Machines,T - 21,Instruments,Technology,2900
T - IPC4+G07G,Cash Registers,T - 21,Instruments,Technology,2901
T - IPC4+G08B,Alarm and Signaling Systems,T - 21,Instruments,Technology,2902
T - IPC4+G08C,Signal Transmission,T - 13,ICTs,Technology,2903
T - IPC4+G08G,Traffic Control,T - 21,Instruments,Technology,2904
T - IPC4+G09B,Educational Equipment,T - 21,Instruments,Technology,2905
T - IPC4+G09C,Cryptography,T - 21,Instruments,Technology,2906
T - IPC4+G09F,Signs and Displays,T - 12,Audio-visual,Technology,2907
T - IPC4+G09G,Display Control,T - 12,Audio-visual,Technology,2908
T - IPC4+G10D,Musical Instruments,T - 52,Consumer,Technology,2909
T - IPC4+G10H,Electronic Music,T - 52,Consumer,Technology,2910
T - IPC4+G10K,Acoustics and Sound,T - 52,Consumer,Technology,2911
T - IPC4+G10L,Speech Processing,T - 13,ICTs,Technology,2912
T - IPC4+G11B,Data Storage,T - 12,Audio-visual,Technology,2913
T - IPC4+G11C,Memory Systems,T - 13,ICTs,Technology,2914
T - IPC4+G12B,Instrument Construction,T - 21,Instruments,Technology,2915
T - IPC4+G16B,Bioinformatics,T - 13,ICTs,Technology,2916
T - IPC4+G16C,Computational Chemistry,T - 13,ICTs,Technology,2917
T - IPC4+G16H,Medical Informatics,T - 21,Instruments,Technology,2918
T - IPC4+G16Y,IoT Technology,T - 13,ICTs,Technology,2919
T - IPC4+G16Z,Specialized ICT,T - 13,ICTs,Technology,2920
T - IPC4+G21C,Nuclear Reactors,T - 42,Engines and transport,Technology,2921
T - IPC4+G21F,Radiation Protection,T - 42,Engines and transport,Technology,2922
T - IPC4+G21K,Particle Handling,T - 42,Engines and transport,Technology,2923
T - IPC4+D01D,Synthetic Fiber Manufacturing,T - 41,Machines,Technology,2925
T - IPC4+D01F,Synthetic Fiber Chemistry,T - 41,Machines,Technology,2926
T - IPC4+D01H,Spinning and Twisting,T - 41,Machines,Technology,2927
T - IPC4+D02G,Yarn Texturing,T - 41,Machines,Technology,2928
T - IPC4+D03D,Weaving,T - 41,Machines,Technology,2929
T - IPC4+D04B,Knitting,T - 41,Machines,Technology,2930
T - IPC4+D04H,Non-woven Fabrics,T - 41,Machines,Technology,2931
T - IPC4+D05B,Sewing,T - 41,Machines,Technology,2932
T - IPC4+D06B,Textile Wet Processing,T - 33,Processing and environmental,Technology,2933
T - IPC4+D06F,Laundry and Ironing,T - 52,Consumer,Technology,2934
T - IPC4+D06M,Textile Treatment,T - 41,Machines,Technology,2935
T - IPC4+D06N,Coated Textile Materials,T - 52,Consumer,Technology,2936
T - IPC4+D06P,Textile Dyeing and Printing,T - 41,Machines,Technology,2937
T - IPC4+D21C,Pulp Production,T - 41,Machines,Technology,2938
T - IPC4+D21F,Paper Manufacturing,T - 41,Machines,Technology,2939
T - IPC4+D21H,Paper Compositions,T - 41,Machines,Technology,2940
