Period,Field ID,Ubiquity Share,Capability Complexity Index,Complexity Outlook Index,Growth Outlook Index
2013,S - 11_17,0.2649422792391558,-3.27472484061546,-1.869409709010171,2.930690576434251
2013,T - IPC4+B23Q,0.12101537312573456,2.930212933079623,-2.50978481205498,-1.2903909087810383
2013,P - 8448,0.1190050974542369,1.9523456433744566,-1.914823277489722,2.907844355711555
2013,T - IPC4+B25B,0.13724380119248655,2.5437579638876344,-2.7927124581957123,-1.1809959303560342
2013,P - 8450,0.1310247249371491,1.1976818216226601,-1.036956372881894,2.9532838594486903
2013,S - 11_20,0.2322313169610775,-4.3470043034752335,-1.5984093158784236,3.8750518106357306
2013,P - 8447,0.09825345373440034,0.8627489543507781,0.5144606399952475,2.699995475579007
2013,S - 11_23,0.2531960348889395,-1.8467335242284701,-2.6523718357866044,3.1078845335331216
2013,P - 8446,0.084517378924468,0.8438926504367512,0.7865655852755359,2.4672396850926344
2013,S - 11_24,0.15584119274506716,-1.0959010544597796,-0.7729063561866678,4.132208901378268
2013,T - IPC4+B29B,0.14438709337966657,1.612814304991,-2.8533468163758684,-0.9670999684298893
2013,P - 8451,0.13823832279413859,1.5241052892530897,-2.4488318002766474,3.0039429585637665
2013,P - 8452,0.11477659053671649,-0.19579558613379697,0.420142794684315,2.5761342342804547
2013,S - 11_13,0.32796215633139947,-3.6456453592815334,-1.9723647293148117,3.218495676186102
2013,S - 11_27,0.2676391598860692,-2.475536313726269,-2.478129539699793,2.9977292777898135
2013,T - IPC4+B29C,0.1747004303000731,0.9858388956281571,-3.0204162110699304,-0.9661388195968011
2013,P - 6913,0.09512420934443867,-0.08838744423745704,0.8926036688137249,2.324044998648468
2013,P - 6914,0.13435142414933335,-0.010375681990786806,-0.8022788049170192,2.67413450478633
2013,S - 28_1,0.20509297651473546,0.575632265708226,-3.3819946086837556,2.7095787268341733
2013,P - 6903,0.12573359098482695,1.6438759777181748,-1.842281128544305,2.8814386842028408
2013,P - 6912,0.18912506499217588,-0.27773239074602935,-2.264198253052742,2.9162911711338837
2013,S - 28_7,0.18031051231472411,0.7563104548737234,-3.486699468120279,2.809557393334378
2013,S - 28_2,0.2140159086821058,0.008032432839953328,-3.0229839098468285,3.0391681620466753
2013,P - 6902,0.13245248860984782,1.1153879246762253,-1.219511732932807,2.9072989799730165
2013,S - 28_8,0.1698023086208981,0.8891721819915006,-3.4724566259503624,2.705817084352028
2013,P - 6910,0.18058035255023627,-0.3084501097665646,-1.4647698037971966,2.8857498032093836
2013,P - 6911,0.14985477802603656,0.0775849771014765,-1.0172567627836897,2.8516684602102638
2013,S - 28_3,0.1804943439118458,0.6647744550108886,-3.322503322911115,3.056720380419796
2013,P - 6909,0.10398384487805563,2.4484539079471404,-1.620182206887287,2.8472940985982427
2013,S - 28_6,0.17044898558776753,0.512995992757874,-3.279518177452074,2.9447065557464445
2013,S - 28_4,0.17287349879199532,0.8152658817965499,-3.1676577773186185,3.2489020519151026
2013,T - IPC4+G11B,0.10272164691662956,1.3623246557482749,0.6819567168048434,-2.310242568719639
2013,P - 6802,0.1673510975343741,-2.065316193282889,-1.3669125314000694,2.4860304119433487
2013,S - 27_93,0.13468225848124377,1.0001190561347306,-2.9076183852420954,2.75448204470009
2013,P - 7010,0.24747887017594056,-2.1316034227327356,-1.3667341116948672,2.634923983153057
2013,S - 30_2,0.20300014598353222,-0.1624513245800439,-2.9457817663266703,3.4227021918798397
2013,P - 6806,0.16790858387574922,1.939640567049721,-3.6932125786867003,3.027177082049798
2013,P - 7008,0.15685032648485897,1.08482930474944,-2.6211203988082823,3.303379435176801
2013,P - 7009,0.13015916863928506,1.6887262575912318,-1.6663573286292295,2.903627515356074
2013,P - 6805,0.14427753060288054,1.8774275615153482,-3.213153479527158,2.9595863882921747
2013,S - 30_1,0.22478546910307495,-2.020681315445437,-1.0124118868097853,3.9515041179603525
2013,S - 30_0,0.2760804994384554,-2.233090198598734,-2.4117557346946805,3.3804999575184604
2013,S - 27_95,0.1534883857154887,0.9236911720360494,-2.2112588508855837,3.6672455429651887
2013,P - 7007,0.16256273641135527,1.1083629327633917,-2.9819610404729255,3.032884614015254
2013,S - 27_94,0.1678554576683231,0.2280033167539321,-2.169512436690552,3.879010726281822
2013,T - IPC4+F41A,0.13099619687390082,2.3714998715971674,-2.600193760781359,-1.2147400373810164
2013,P - 2934,0.10592401783106475,3.247911890712408,-2.0555142195150937,2.8785277532994358
2013,P - 2935,0.06935332151583513,3.150598225234036,-0.10532580898028998,2.8341380188803784
2013,P - 6702,0.05117238645433021,0.9503703825861232,2.440039271015422,2.1288518335243043
2013,S - 31_10,0.1730493077858494,1.2564409062165698,-3.289611881550456,2.8891758843247652
2013,P - 6704,0.07926020705851358,-5.778530573250303,-1.6340944557992252,0.4932858881801887
2013,S - 31_1,0.2282294574083857,-0.3004959571106191,-3.228560439957794,3.4299385571128465
2013,P - 7019,0.17721498413235817,1.0409140873880562,-3.087242516956659,2.864238859809385
2013,S - 27_90,0.21336016011151865,0.06961569559919316,-3.467261247557301,3.034224341696251
2013,S - 27_91,0.21276756133679656,-0.4594683646985453,-3.315527979747155,2.970064495125459
2013,P - 6801,0.15846453361405075,-1.5665232146782664,-0.9481053968454257,2.7424110430052204
2013,S - 31_0,0.19530590820704335,0.664310065490514,-3.5467300247586344,3.131924723535835
2013,P - 6804,0.15013077983519876,1.5667681963942726,-2.7887655248866405,2.98608514263421
2013,P - 7018,0.10647719740827945,0.8521523937838436,-0.0002522589541888373,2.648226479695857
2013,T - IPC4+E05B,0.157921947559049,1.673641163380601,-3.0516321392316885,-1.0185719758360254
2013,E - 11_16,0.1722155640196813,2.0854922706124075,-3.3336028395750517,0.8138302849117318
2013,E - 11_15,0.1790509534738194,2.5269757648720885,-3.607539783837552,0.47539628746022733
2013,S - 27_92,0.18800215704412923,0.6216273938482194,-2.7421631273215277,3.241145807685022
2013,P - 7013,0.1499960930519744,0.576180222809448,-1.8348979277469453,3.0438835738447394
2013,P - 7106,0.1574074432132274,-0.885729356889734,-0.7727847193180968,2.6232776400072475
2013,P - 6406,0.18546955404264728,-1.3890426376331972,-1.1920572975000228,2.9182270351692066
2013,P - 6505,0.15706228619031487,-1.8106218482718353,0.2432452994626142,2.368806181958575
2013,S - 27_87,0.28181730947552913,-2.1747452510299383,-2.692442481289795,2.4691748578123978
2013,P - 7102,0.11174229150741176,-2.8062605377519754,0.6173387216438344,1.5026388529574293
2013,S - 27_88,0.14323951725968567,0.5166912052379519,-1.743032490865855,3.5332900544596932
2013,P - 6506,0.16969184133055143,0.22700634372650447,-1.6524530758364118,2.690113690768084
2013,S - 31_12,0.16377665764572258,1.6429642809905856,-3.294014484601324,3.0423666057742573
2013,P - 6601,0.09030468170262054,0.13997565869131823,0.9001093834935046,2.575131933231883
2013,S - 31_11,0.22177927569781436,0.8179667099551483,-4.261593245159839,3.058107451470206
2013,P - 7101,0.07385516860670444,-0.37316321838520555,3.032255425072275,1.9757133755452905
2013,P - 7020,0.1359885692468749,1.4074860555717152,-1.437321766514542,2.9613423136818935
2013,S - 27_9,0.26648780022493984,-2.7987817188443533,-1.858213843995067,2.3589014511311586
2013,T - IPC4+D21H,0.13853187251156798,1.705443858223191,-2.7972298694115896,-1.152085220694799
2013,T - IPC4+E04F,0.18272050977471163,2.3690082064220572,-4.5372026127078415,-0.4998359717667885
2013,P - 2930,0.10225716318648259,2.8909285989594866,-1.554184244595894,2.7503232758295173
2013,S - 31_3,0.189434791344009,0.9303399307572636,-3.5151078787511008,3.1588606608458147
2013,S - 27_8,0.21585495093203594,0.13260891769077504,-3.6222915467028463,2.390822115924069
2013,P - 7115,0.055016667982121736,2.815416659827353,2.4632041136859746,2.3854579983229005
2013,P - 6403,0.20787583396185746,-1.6473925237458074,-0.9527034741564131,2.8940747102792246
2013,P - 6404,0.157052620754725,-1.2328562776819527,0.3254580645011594,2.484790985560589
2013,P - 6405,0.18039446082699437,-2.7576045941417364,-1.6600756116916215,2.368130175935122
2013,P - 7113,0.14848154397981786,-0.6886850572244901,1.1606148590328176,2.352056525211185
2013,P - 7112,0.26991389226073353,-1.746445336628072,-1.3986394272615628,2.4463579743464003
2013,S - 27_82,0.17701566966953505,1.4210755504331736,-3.8373617994073297,2.674459381223124
2013,P - 7110,0.08172830011007587,2.1795334760230753,-0.6706665633172432,2.6836485976453237
2013,S - 31_15,0.17972156422186528,0.9497773091389944,-3.1759052825918594,3.5261374812227615
2013,S - 27_83,0.20578993289761832,-1.2291468276174764,-2.635425356697501,3.4320368847714624
2013,S - 31_14,0.20088933613312251,0.8686498123808155,-3.522424325829476,3.268319966879119
2013,P - 2929,0.09123252186495713,2.0917511764735774,-0.06371673458067614,2.5667401365385047
2013,P - 2936,0.13532633060277202,1.3926018962945879,-1.7903969429413498,2.816963374806095
2013,P - 7103,0.13783145068518554,-5.1359783458429185,1.1710848128318276,1.7035757263993172
2013,S - 31_5,0.16110237331469365,1.413018110060848,-3.135901634560656,3.0610790835460993
2013,S - 27_77,0.25146183019430784,-2.4826473220612875,-1.393281831888981,3.6784203688658184
2013,P - 7203,0.09593118536611679,-2.179264492116684,-0.7494245687194948,3.0607339393257575
2013,S - 31_4,0.22564054052143762,0.08526263919101171,-3.5992283170440316,3.163364049585917
2013,P - 6307,0.18367875733105907,-1.2528885147399822,-1.0735338261325624,2.8944225077775667
2013,P - 6402,0.14507323363383592,-1.7642860872667852,0.18992400229562223,2.0274732779288134
2013,P - 7201,0.09340003417982358,0.6858519319397494,1.9507677678720134,1.8768538031077933
2013,S - 27_78,0.1870454452320975,0.35839101655715966,-3.533091067333911,2.9208406537812195
2013,P - 7202,0.20406058329099244,-0.9159637838414251,-0.14834343542976552,2.354154876164746
2013,P - 7117,0.18830379830306423,-0.5507518295121913,-1.617064616761336,2.629919706519334
2013,S - 27_79,0.19907740561601253,-0.08102227167070848,-3.314410809312222,3.4582316393197003
2013,P - 6309,0.23217265843735413,-2.099223200848076,-1.6454651334896546,2.4561033765548363
2013,E - 12_10,0.1699070371951148,2.4669482957148965,-3.156482690430419,0.7348167525755656
2013,P - 2937,0.08612080059417948,3.0281126242891716,-1.4342227373861127,2.7845730330309615
2013,P - 2939,0.11721512105533467,1.1735025201496196,-1.6816289104575475,2.861098243497691
2013,S - 31_2,0.12887854666656426,1.4698515783051678,-2.3159147187946627,3.4559956169566224
2013,P - 7208,0.17447703536720108,0.9261275967841205,-2.8927566210372495,2.7579369103918965
2013,P - 6302,0.17294617604423362,-2.52370334576357,-1.0473657804712009,2.2461025870910674
2013,P - 6304,0.13885535508799549,-1.9786347208080675,-0.312912165999806,2.585523451611711
2013,S - 31_8,0.24721860256232547,0.16028396691127803,-4.077963772572789,3.077065839137712
2013,P - 7206,0.16674690692674804,-1.851286821345124,0.25329774162886143,2.077215987994797
2013,S - 27_74,0.2415656392526853,-0.8489405769423628,-2.5936430912118547,2.7377839789670406
2013,P - 7205,0.1261774543451261,1.357707623434679,-1.6722336367868136,2.888873067098374
2013,S - 27_75,0.24060092891849455,-1.2776861091219829,-2.824585819822158,3.5254509801101124
2013,P - 6305,0.23993469092462927,-5.296138999167551,-6.780346736815514,2.193672234107622
2013,S - 31_7,0.18142705936055184,1.3082610816278546,-3.790017795251489,2.933730063667031
2013,S - 31_6,0.2396009721358534,0.12954679394468696,-3.825300865990411,2.9252500873988527
2013,S - 27_76,0.2781777379873835,-2.002166076955059,-2.415291934365681,2.9138162669033365
2013,P - 7204,0.3758300506124355,-2.5310168786028404,-0.4959390569445704,2.3330533090389345
2013,P - 6306,0.19276997037529126,-1.894604098669177,-0.21733873882279858,2.373987503611615
2013,T - IPC4+C11D,0.1626934025407801,0.9617026795897886,-2.030803195460038,-1.4957257244540834
2013,P - 2926,0.08294273571984474,3.432350532742323,-0.5385334484356643,2.778808694484305
2013,S - 32_1,0.23404660758964213,-3.9408202673702752,-0.4686443774721004,3.061459717421227
2013,S - 27_7,0.20529352338249077,0.14661487004189128,-3.4312076099958566,3.0340452625232053
2013,S - 27_70,0.21481659166757341,0.28906062944921745,-3.108718586221714,3.381126373644504
2013,P - 6217,0.20451207143228423,-1.6322920891253776,-0.6598691477610918,2.495956886775838
2013,P - 7210,0.1814646264357256,-0.8535160560067095,-1.2577064160159606,2.7037361755728906
2013,P - 7211,0.14328199767566374,1.7909988973726878,-3.0444993138910745,2.928327174102483
2013,S - 32_0,0.2524412572896346,-3.384225034700122,-1.3758520155608727,3.277956349691099
2013,P - 7209,0.16077822772382297,0.25750426160748585,-1.6769799887293424,2.7313923994315963
2013,P - 6301,0.1373259342190876,-2.949239360283957,-0.7704988365708975,1.8365034325136833
2013,S - 31_9,0.20628518597983067,0.7220000535740159,-3.814343122859262,3.0231787744259355
2013,S - 27_72,0.18051672365317326,0.9763693654208163,-3.6088723854174427,3.1881333653704758
2013,S - 27_71,0.19724124983100869,-0.33672481379951213,-3.107846188465074,3.1700239054240487
2013,P - 3001,0.0861775564010141,2.1179816466025625,-0.567041768618834,2.8732482734328633
2013,P - 2925,0.09292971462510621,2.97740025622269,-1.2481315643610653,2.7259109024146957
2013,P - 6303,0.1528555730644889,-0.5458656515337839,-0.5334949603940833,2.774854234497648
2013,P - 7207,0.16560038500167032,-0.25692993352807775,0.04113768011364017,2.3918940034314566
2013,P - 6209,0.20702144938868894,-3.2726572822309232,-1.7126060892905948,1.9714477132901627
2013,P - 6210,0.17726282901550972,-2.537168188170803,-0.204330679146622,2.0539172075628955
2013,P - 6211,0.23282700038772133,-3.145159184586439,-2.612797469753822,1.7321950842218607
2013,P - 7216,0.19916310982834118,-0.928377173357162,-2.3825262233866717,2.976940573215439
2013,P - 7214,0.25202092091438466,-2.150022001943205,-1.311820838261528,2.6960738889380647
2013,P - 7215,0.2090119395129659,-1.4107704817137834,-2.302705162925559,2.880868210466666
2013,S - 27_68,0.24601273021470127,-0.8838439139257339,-2.7837774728439864,3.287808521989501
2013,P - 6212,0.2130842606503241,-2.1824340761178087,-1.0165801309409583,2.5502994295054195
2013,P - 6214,0.12452969128983125,-1.8766493766181884,0.5376788863797914,2.277643425437017
2013,S - 32_11,0.20732243400109124,-1.0812754740327735,-2.685411827697706,3.833410859248083
2013,S - 27_69,0.25481800228607393,-3.1876597833517004,-0.6812243025240914,2.9265797433837757
2013,P - 6215,0.10395530283657146,-0.6763754011994192,0.5157255666142089,2.564856012194239
2013,P - 7212,0.16930688258453047,0.9620921971953335,-3.2097670531843514,2.9566437742569134
2013,P - 7213,0.18732241207437528,-0.2499317985234402,-2.252713077544764,2.8117858532101634
2013,P - 2924,0.09353230802320864,2.299999439938502,-1.0225003440266978,2.6459613956477117
2013,P - 2941,0.1171974558254612,2.4338559086678986,-2.0526472011847416,2.8793655979638797
2013,P - 6207,0.21506246640996624,-4.008658380915592,-3.183786875750966,1.8985037818199764
2013,S - 27_63,0.2539407920721676,-1.6819102746998273,-2.6377203284082524,2.7369745608200056
2013,P - 7220,0.11246509427214861,2.6390338587653743,-2.331961457305606,2.8261093185658654
2013,P - 6206,0.24172993038430732,-3.559614447317774,-2.3522712166731896,1.8856524222476667
2013,S - 27_64,0.17023912105474556,0.6695991496691001,-3.0389940709398036,3.441850730991356
2013,P - 7219,0.10809701986474379,2.317907239924444,-1.6769426888614412,2.8116163504818323
2013,S - 32_16,0.18492268914692458,0.16025353068456036,-3.4079030074619268,3.1563839431712117
2013,P - 6208,0.2135272316998551,-3.5169231759950934,-3.150174024603904,1.7167848350099857
2013,S - 27_65,0.2065009228952244,-0.8508323113110474,-2.0573598899134007,3.415316096340866
2013,S - 32_14,0.2050704981864956,-1.206095861332518,-2.8124338548202346,3.144096140096694
2013,P - 7217,0.1894131128321234,-1.040416410800204,-1.9347630377083966,2.9400185688034064
2013,P - 7218,0.11543187636054017,2.098936625356941,-1.7162911062288262,2.5723259511080814
2013,P - 2923,0.14127678653320952,1.112675972307877,-1.906734285513976,2.524280599686202
2013,T - IPC4+C07K,0.22999373868130402,-0.7220863861755886,-3.1411045883871007,-1.0501225697705936
2013,E - 12_3,0.20150963771185948,0.4514716205811832,-2.3648715492341097,0.43990067092667184
2013,S - 27_66,0.17231534492334136,-0.6285977193117113,-1.8468578114992455,3.7597816830447095
2013,S - 32_2,0.19468802938307433,0.12428163909004802,-3.258545064097266,3.3699187150735472
2013,P - 6202,0.1863850428805265,-1.7177970787137153,-0.6719390989265405,2.38021761644967
2013,P - 7224,0.11699496727672991,2.5724327337638697,-1.8759515066465808,2.794017894626619
2013,S - 27_6,0.25822182309410174,-2.4008204672828417,-2.610812037277248,2.660472569810328
2013,S - 32_19,0.1824504936758997,0.2590936405507488,-3.3391255789972223,3.18784122355812
2013,S - 27_60,0.25053567454221787,-1.0820862413165384,-3.272823796428519,2.953875594933291
2013,P - 7223,0.11332314480844051,1.9366057283989335,-1.8600403824225689,2.861206058297315
2013,S - 32_18,0.20723817778628648,-1.760208264156341,-2.000286842907961,3.688824318423635
2013,P - 7222,0.13602799358685533,1.3713561285846125,-2.047554228677554,2.758051462411579
2013,P - 6203,0.2653730794163971,-3.5328206165017986,-2.322522430839136,1.7605768174584704
2013,P - 6204,0.2421042642851292,-3.0301967364661526,-2.0210482539542642,1.8942988885070136
2013,P - 6205,0.23785417093401123,-3.9447802266575502,-2.75436327166964,1.8167602613457334
2013,S - 27_62,0.24125257747304488,-1.013154608655749,-3.6172000222906973,2.990356638951358
2013,P - 7221,0.06920559413361861,2.490145817282259,-0.30462685310148413,2.6790505371887696
2013,P - 3003,0.17623297281770112,0.8091713649495442,-2.616884749387605,2.8602017134998916
2013,T - IPC4+C07D,0.28371114888450005,-1.9255868227885853,-0.6986277193748825,-1.4889186329281028
2013,P - 6116,0.1282360665339352,-1.6249345044693444,0.447671866802083,2.308863969334534
2013,S - 27_56,0.18653587891776566,0.6356613326144797,-3.5592516644314434,2.934682941918852
2013,P - 7228,0.13283671701602265,1.355872391806786,-1.599087633262573,2.7492216119564366
2013,S - 27_55,0.1679515703192698,-0.0027828860415340475,-2.524636373172611,3.09398232765281
2013,P - 6117,0.18526964750076544,-2.3527810024263007,-0.42135723369982986,2.6172477406446424
2013,P - 7227,0.07380382777069944,2.74687430969523,0.2352551328460237,2.6655140728219933
2013,S - 32_3,0.21652078998448282,-1.0318930400383644,-3.0102262686679206,3.4269258061101446
2013,S - 27_58,0.2069744599803366,-0.5951101978408377,-3.1049341812744915,2.410594663230255
2013,P - 7226,0.11756738095168102,2.7692268859759737,-2.560159552053076,2.922729642243233
2013,P - 7225,0.1008060465287982,3.0719479509401566,-1.8297488505781634,2.6607281742934865
2013,S - 27_59,0.21482669484745578,-0.7476478868563348,-2.890257436064804,3.1189156415266894
2013,P - 6201,0.1963251240590738,-2.2591662504810848,-0.8959505435106158,1.9361390119060704
2013,S - 32_20,0.17419321028417206,0.6694142110674215,-2.964533265271664,3.506889807355712
2013,P - 2922,0.11721227245550325,1.6082045579529534,-1.2549357410770756,2.694396654644909
2013,T - IPC4+C07C,0.2563133285579012,-0.9577661727601406,-2.5346450310389024,-1.208986883901602
2013,P - 3002,0.11332667291373533,1.6649668871084478,-2.0146485900877726,2.8750178813600518
2013,P - 6110,0.20830679236689864,-3.5677400921107036,-1.6941652605479458,1.904706647384002
2013,P - 6112,0.19965063182347548,-1.594423574423946,-0.8932511926363208,2.665402133003945
2013,S - 32_8,0.15859766249186918,0.417525306662357,-2.671106856708149,3.3889427055199097
2013,P - 7302,0.1332079094483835,2.2243076901962304,-2.166175008986596,2.8510425410555014
2013,S - 27_53,0.34412409966691443,-6.5681707761236305,-14.640668598929187,2.6561465215270927
2013,S - 32_7,0.19710951267872773,0.2678026831497295,-3.264668835128248,3.3538762788859104
2013,P - 6114,0.22380027203890157,-3.426706497467508,-2.9798559894455017,2.033553715506144
2013,P - 7301,0.16833926833891594,-0.28115619119323526,-1.9257666883615,2.8559105764492294
2013,S - 27_54,0.2537305671789295,-0.7603834645989753,-3.5731699672840382,3.1573945089295794
2013,S - 32_5,0.215589755870982,-0.5204686408730771,-2.9556621991133487,2.6682231458724397
2013,P - 3005,0.1725635229643222,0.9017584737098855,-3.247874801254267,2.8433177985414173
2013,T - IPC4+B65B,0.18581279273903437,0.429454645841738,-2.2098821029153823,-1.4008943250616381
2013,P - 2921,0.10773962821702181,2.816389247800823,-1.7675144281796453,2.776830059978497
2013,P - 3004,0.20754584814825025,0.6058867488545169,-3.6280278712840857,2.9115701895954063
2013,P - 7229,0.12227611616784487,1.8432374244032275,-1.716509614992575,2.728199664081068
2013,P - 6115,0.19259639530229625,-2.149655952946578,-1.0710265519496935,2.9158075126572855
2013,P - 6105,0.2156264139571887,-4.666693317645467,-4.129846805255909,1.931202775778183
2013,S - 27_5,0.17855173249312004,0.051134073794143683,-3.0035059896227763,3.311161295602496
2013,P - 6107,0.22196948198965755,-3.496812202420243,-2.5522377381925683,1.9390216333177548
2013,S - 33_1,0.1592957358924858,2.1178635338058154,-4.070969452595184,2.872202040372988
2013,P - 7306,0.21979133576731774,-1.3178867781243937,-2.539172016965857,3.0112723539571524
2013,P - 7307,0.18368319401191596,0.8325844424014466,-3.0818119982216996,2.8390512756179422
2013,P - 6109,0.2423094214232743,-3.7507275702200102,-3.0109769022661177,1.9195892188201251
2013,S - 27_50,0.2591798663671657,-3.617876049377251,-2.168027054959293,2.8139223745760935
2013,P - 6108,0.22884832264493749,-3.1547666915518047,-1.9790814253103044,2.1094630577132722
2013,P - 6111,0.18926412176749086,-3.3675944694025386,-2.1236064380500532,1.922763537279895
2013,P - 7304,0.18851677061421337,0.13961885149608366,-1.117116998645984,2.494480817496926
2013,P - 7305,0.13192954878360047,0.12795859679416954,-0.07854800229753613,2.481770352754131
2013,S - 27_51,0.20758752828177143,-0.7398295640086646,-3.1656619991124417,2.4385526919946248
2013,S - 3371536588,0.22035012098293946,-0.0986570496033121,-3.0356890089861674,3.690134701571769
2013,T - IPC4+B65D,0.22028435235334767,0.3979466752483329,-3.4358603716244995,-0.8655672537398288
2013,P - 7303,0.16167713957903587,-0.5078429237788192,-0.870065526356554,2.590565932352905
2013,S - 27_43,0.23308378348251982,-0.9463699762146356,-3.161914896651941,3.0816430200619185
2013,P - 7310,0.25292653667264237,-0.8693150689166427,-2.9711688818408573,2.7330190421740976
2013,P - 6102,0.2366676075317482,-3.1517208137229185,-1.4883176780498864,2.0507545308277915
2013,P - 6103,0.16568695646843776,-4.917863735720998,-5.33316180295142,1.8999422121183727
2013,P - 6104,0.1822720312541893,-3.5197340695700796,-3.541294645339964,1.9391157695899082
2013,S - 27_45,0.2534008715575409,-2.629700153181503,-2.3311405842055257,2.8031937884021314
2013,P - 7309,0.24478825720291125,-0.6316309262297368,-3.0653367768849824,2.874844927351615
2013,S - 27_46,0.24070882219278036,-1.4517092428619305,-3.0505341082258774,3.1625991954274406
2013,S - 33_10,0.20321663641695364,-1.3748812354794944,-2.6475110358389755,3.48008121841658
2013,P - 6106,0.23939208957661695,-3.793890080975845,-2.595985068015378,2.123101463126607
2013,P - 7308,0.2364704096993201,-0.13424176345987585,-3.4042201236678085,2.8512609432259004
2013,T - IPC4+B32B,0.20169289914878918,-0.19949854142580015,-2.275298993411499,-1.1974441323382454
2013,T - IPC4+B60T,0.09866429679725096,2.912390376038271,-1.3426366305608042,-1.8775058000351055
2013,T - IPC4+B60Q,0.11248529740491388,2.563782576723986,-2.006907149976653,-1.449926379227998
2013,T - IPC4+B44C,0.15794746510941954,1.5964836537716638,-2.9406397525525474,-0.9622873037825682
2013,S - 27_47,0.1835537452556561,-0.6130772660889284,-2.3616333658781046,2.4066114521179482
2013,S - 27_41,0.18818057741691402,-0.12554124505955053,-2.8302874637455404,3.5027234286696447
2013,P - 5911,0.15701488014990742,1.7230577016883306,-3.6548345603220582,2.92196685506844
2013,P - 6002,0.16936182883442383,-1.417012091652006,-0.3343834845981737,2.4926883792653323
2013,P - 7315,0.14960682976890907,1.1862127301861338,-2.618117636168028,2.8564490654632158
2013,S - 27_42,0.4294175754084922,-6.0966286076671095,-29.296861343998017,2.5704648968121306
2013,P - 6001,0.11876803579354123,-0.32799657704404017,0.33333640762392497,2.560189347566534
2013,P - 7314,0.21393053494492176,-1.142719565233106,-2.690140408156086,3.161813652727495
2013,P - 7312,0.18205564843315875,0.587368305440556,-2.5649939669150874,2.7381524407388578
2013,P - 6101,0.23673438527566124,-3.342026934074158,-1.9405185170289356,1.9872288702289154
2013,P - 2918,0.1358729831623294,1.5002014148004459,-1.9526334032455341,2.8202258833862617
2013,P - 2920,0.09620102384998767,2.747377994231318,-1.6784050973873759,2.7446260799989814
2013,S - 33_103,0.14831043844038908,1.8785079311812811,-3.206390613741261,3.3174556914739366
2013,P - 7311,0.2747837146545889,-2.019296472132197,-0.11621713906355152,2.1796199766381643
2013,S - 27_44,0.17581855384574427,0.27199729624915914,-3.0445568625858535,3.0705670080046494
2013,P - 7320,0.15144071257859582,1.4987043098253972,-2.894580162821677,3.030363851932568
2013,P - 7321,0.1875019159098385,0.15093952305892586,-2.6329005793773863,3.1569709828911376
2013,P - 5807,0.18089947177178822,-1.3923556898308795,-0.9212091188435049,2.8119676286857973
2013,S - 27_4,0.21420442612480084,0.05283006357015431,-3.6102238625266643,2.9345294213274093
2013,P - 5810,0.11470677938349023,-1.2020264581162394,0.7678700952184347,1.7609360522666715
2013,P - 5902,0.1051187938775231,1.5216110272007315,0.07490809903829049,2.6542546885522906
2013,P - 7318,0.1571670274803511,1.6262548047195713,-2.918955285584706,2.990093887480331
2013,S - 27_40,0.15807090469952462,1.0917025542627543,-2.8321124700777798,3.2546816464086032
2013,P - 7317,0.1877875123934558,-1.385276324930946,-1.332235663766085,2.9549873540279648
2013,P - 5903,0.13944222374625295,1.4956436972570948,-1.564531164071846,2.8208171636438277
2013,P - 5906,0.12921663079422144,1.1204179616496108,-2.21237781174178,2.9527775593521923
2013,P - 3102,0.23492961796683495,-1.9773435002605158,-1.1349451697669126,2.1732935434798626
2013,P - 3103,0.11575016063424237,-2.3050937418286743,-0.8769176620655683,2.6257857121305683
2013,T - IPC4+B05D,0.18958004179201116,0.14939884077902454,-2.8056853821215326,-0.9637893128417433
2013,P - 3006,0.15549757021394592,1.0729867989604578,-2.260704661300604,2.881073993877968
2013,S - 33_11,0.22736031377631008,-1.3388743126962577,-2.7713258703780674,3.652208561467767
2013,P - 5703,0.1367542738166596,1.0619487626387079,-2.043537550439089,2.921812487922187
2013,P - 7325,0.19851524163088768,0.2646515687918403,-3.135456167551772,2.989914021533526
2013,P - 7326,0.2141655352769087,0.6117719224092568,-3.4649998722983404,2.9402253739892945
2013,P - 5705,0.14469734139573695,-0.82524052250264,-0.47168285336641413,2.5388905933413675
2013,P - 5801,0.11278112496789901,0.24629961777354475,-0.5055032609295284,2.7561970334662793
2013,P - 5806,0.1877515814950087,-0.8070578466930939,-1.4557554899954535,2.8131754739293857
2013,S - 27_37,0.3055262948949624,-2.1129893619256994,-1.5235220677373453,2.5805482308488012
2013,P - 7324,0.1687187122315112,1.0113933421453376,-2.555380667731746,2.949808187517943
2013,P - 5804,0.13151799828209843,-1.788487380606049,0.4189073333261627,2.099409556142178
2013,S - 27_38,0.20622453616698308,-1.4313041518319949,-0.9926516113091176,4.01819259512289
2013,P - 7322,0.15072022161699386,1.9348856871593647,-2.9495270074116187,3.142281581645987
2013,P - 7323,0.14363978427929056,-0.057499849996459,-1.0390232898246525,2.933010974999494
2013,S - 33_13,0.17514630630912986,-0.22804630781392513,-2.625692856618691,3.655766851774268
2013,S - 27_39,0.2145910411835855,-0.8302920645067704,-2.959113841398889,2.5551179151024703
2013,T - IPC4+A61P,0.29793927945933635,-1.6084162706940492,-1.484410874550687,-1.3924091935511744
2013,P - 2917,0.10332622317386402,2.207711604518004,-1.220021183629599,2.645196944786859
2013,P - 5602,0.16821864037503406,0.3158894118157672,-2.6398783984389116,3.0174601076875365
2013,P - 5603,0.15018452541307206,1.5164565347432084,-2.7514684890879204,2.845014672326221
2013,P - 7407,0.16669521790097508,0.5434706673361958,-2.910526339167638,2.9879522395064897
2013,S - 27_32,0.18982569247739292,0.1266902168960839,-3.2245244863379843,2.925693854924035
2013,P - 5607,0.23557841307425592,-2.3953972333979667,-1.863415916110101,2.748528741739846
2013,P - 5608,0.19212918019148462,-0.9183952547035092,-1.1189668312886456,2.6932462655913776
2013,S - 27_33,0.1632423842779518,0.8552738970657342,-2.6912611502940766,3.198151439239525
2013,P - 7404,0.37714910577669875,-2.933566195290947,-1.1839426639269426,2.072130201928164
2013,P - 7403,0.17605117125208264,-2.976130060045147,1.254181555920828,2.0665799527249384
2013,S - 27_34,0.27280827537173713,-1.7981209411032746,-2.5008655571909695,2.854534399805374
2013,P - 7402,0.10424097645699187,-5.1153493636545155,-1.1705727896642406,2.208167535648681
2013,P - 5701,0.11642424039930234,-2.6046608185649003,-1.3975537080597902,2.066924004955077
2013,P - 2916,0.10179157770989526,2.400398894547312,-1.1431555229886345,2.6785795525431335
2013,T - IPC4+A61K,0.2994648348831729,-1.5258997231575806,-1.7419574258022863,-1.2874038106924934
2013,S - 27_35,0.19376147792997414,0.5627738415284204,-3.465363977594627,3.1046941093652425
2013,P - 5702,0.1499306104524901,-1.187526583851396,-0.2780252603729892,2.5070087760072632
2013,P - 5515,0.1579369392517428,-1.4250905249805663,-0.13839161499400626,2.4753610858723625
2013,P - 7412,0.13879409997209313,2.0924921354812853,-2.6896854044082503,2.8368936381422634
2013,S - 27_27,0.16508336117866101,0.8988673159280213,-3.3543705301653066,2.918755152308595
2013,S - 27_28,0.220183381198629,-0.6462879229734414,-3.474347601444887,3.0462106821063575
2013,P - 7411,0.1384599766499545,1.4963025778522308,-1.7802231933377985,2.893725799458787
2013,S - 33_28,0.2998686479462096,-5.405177990660417,-7.171469061591012,2.5304857101337497
2013,S - 27_29,0.18279374996380704,0.05415545956735762,-2.97048000805249,3.316468995385652
2013,S - 33_27,0.21500257776493936,-0.8919797141028553,-2.334907055325608,3.5896677770502614
2013,P - 7409,0.13906248782799793,-0.34491343431284466,-0.8319419969480955,2.7937411949264463
2013,P - 7410,0.08814646573569215,1.8140809566106562,0.2582218207169934,2.650929423749815
2013,P - 5516,0.11709393287636059,-0.0025826609701790687,0.13464535917309792,2.5583704551177653
2013,P - 5601,0.1904110727964934,-0.6716292146483055,-1.751094466808496,3.0536637821807653
2013,S - 27_3,0.21709195990820315,-0.28816401354306537,-3.253615549365173,3.166488805687364
2013,P - 3105,0.2163866329492072,-1.9803130446762391,-1.1529647874557831,2.7266851303856985
2013,P - 7408,0.14224541517408545,-0.2498627390554568,-0.6072722816470619,2.648361195303045
2013,S - 27_30,0.2795670613410308,-2.781251612752549,-1.9175094979592329,2.9262073920081946
2013,P - 5509,0.1482912345922956,-1.810156021640355,-0.3589297621424006,2.3836867948917
2013,S - 27_24,0.2382661423853381,-2.8925850433543308,-1.8415504836480727,3.3204985558627325
2013,P - 7502,0.09338632231001923,1.098308017224277,0.3425912139523873,2.40208692591274
2013,P - 7505,0.09253425136667484,3.0261113960371344,-1.316701350876518,2.78509305204493
2013,P - 5504,0.04893223621071741,1.0557180045572463,2.749453928945809,1.735243944398988
2013,P - 7501,0.05919456730774304,-5.073164314805541,0.7978307760081077,1.6035101626426722
2013,S - 27_25,0.21751636973421196,-1.6715115233061062,-2.800584543533826,3.4268464047206035
2013,P - 5510,0.12005991918716917,-1.061845996242679,-0.3004928013487298,2.5417693747200127
2013,P - 5512,0.15070155964870277,-0.35560691887815965,-1.113309258390425,2.73830026355288
2013,P - 7419,0.16544690500351772,1.0848318894077142,-3.0374086845572155,2.9623687656750435
2013,S - 27_26,0.2162025008531362,0.16344005843844894,-3.500285577246131,2.769149733826409
2013,P - 3104,0.08870227116384163,0.16570720898811075,1.3172501812983837,2.2805441824708814
2013,P - 2915,0.11357554029199426,1.5044853718082403,-1.4264606625834126,2.4937448407995464
2013,P - 7413,0.14176810355335337,-0.21687756476749956,-1.3249816726093144,2.795144904173453
2013,P - 5513,0.12580255724696696,-2.619756087610952,-1.6698676161798347,1.1330620141817678
2013,P - 5514,0.15828301085463226,-0.7276955474639084,-1.0622608585144682,2.6648611928080843
2013,S - 27_17,0.4002712946501818,-6.785701666366594,-16.261043776725522,2.4521712646445533
2013,P - 5407,0.14360488597328464,-0.7439063870752027,0.14837508997031268,2.394306915339951
2013,P - 7601,0.20629988572217514,-1.2996460330907207,-1.048517834398566,2.423392286899672
2013,S - 27_18,0.29826653693623933,-4.545297714461772,-2.19757779657023,2.6333070304006845
2013,P - 5404,0.1433746039383052,0.8134942467290526,-1.6463823374316673,2.8301425452286058
2013,P - 7508,0.13589643711693059,1.6202816647764597,-1.8088321185868712,2.7444026600486198
2013,P - 5501,0.10477566054520047,-0.5058431732359076,0.3511918041297354,2.484482712373826
2013,P - 5408,0.145131143045569,-0.7418304421135401,-0.507357256200393,2.721205575445527
2013,P - 7506,0.09312182984284231,2.56711956074814,-1.5363290714267257,2.766417907410414
2013,S - 27_21,0.4118191471680631,-6.189177994078357,-26.57414217247928,3.6933572127062924
2013,P - 7507,0.08643489857824681,3.079607318126976,-1.3062013449496401,2.699882393292119
2013,S - 27_23,0.22541908322587925,-0.4400927109320008,-3.278584150805052,3.213398809549309
2013,P - 5502,0.05458412734309058,1.5158770902847705,1.8962427262219383,2.2834907149563253
2013,P - 5503,0.12973227772033832,0.4403202496986563,-1.0074054761751166,2.7238052947771285
2013,P - 3204,0.1487730704765363,0.8570877964987053,-1.5279319721663414,2.7439307601106138
2013,P - 2914,0.10712368400760318,2.462730571083766,-1.5546369455047033,2.5824582743581916
2013,P - 5211,0.13991419295931995,-1.1931971916444166,-0.17185312479791132,2.614031465579531
2013,S - 33_46,0.15071030204357916,-1.3279559679191562,-1.396839375102296,3.660416333701438
2013,P - 5309,0.11842438398696907,2.11121958322885,-1.5567869923373363,2.863754437466313
2013,S - 27_14,0.2316057924650805,-1.0809718474376229,-2.7513423599334534,2.9587948121683003
2013,P - 7606,0.15181130619113034,1.1485697142359292,-2.59509175378998,2.975077057992987
2013,P - 7607,0.16942245881929804,0.8028443121581138,-2.912148836376429,2.953856279248483
2013,P - 5401,0.1792589959630784,-1.4269582991318355,-0.8531979252714474,2.745288786331315
2013,P - 7605,0.14710939490853892,0.03605271862325116,-0.6936485763032898,2.4381097877691476
2013,S - 27_15,0.2096719733912418,-0.16682067441712203,-3.0908588143974183,2.6441646798377696
2013,P - 7604,0.22699544379680542,-0.7264473423751242,-3.0427874687116248,2.9576183578298516
2013,S - 27_16,0.18777497720371275,0.7373349048100059,-3.3453483886853634,3.195642500184138
2013,P - 5403,0.09495961687523202,1.3603459370053494,0.41952415702531587,2.63418890339279
2013,P - 7602,0.3521424841615871,-2.6500721225772943,-0.9874013115276015,2.0750053180119097
2013,P - 5402,0.1728842505589188,0.1972587027450057,-1.6367307734913554,2.9855624579645816
2013,P - 3206,0.15223891951755317,1.8879596519527921,-2.95129912342097,2.6995233883796925
2013,T - IPC4+A01B,0.11970556068814524,2.6233063298609647,-2.8287357562252775,-1.2735322632641133
2013,P - 7615,0.16346615693436062,-0.7622970505852623,-0.6175183754440419,2.7772612555032947
2013,P - 5205,0.13836725420075474,-4.85896628960628,-7.3820588185514255,1.2207339487721127
2013,S - 27_106,0.15957916481320117,1.188334682814703,-3.052434040525029,3.2231627346524294
2013,P - 7614,0.1430160994887522,-2.22594539805489,0.3900533971910252,2.172354012564737
2013,P - 7612,0.2089076907526837,0.15872179550848758,-3.1793883624782344,2.8907823687534604
2013,S - 27_11,0.31044603159138584,-3.7616990337509106,-1.6018399049615646,2.6255654966689246
2013,P - 5201,0.16910638263155345,-9.298266510296354,-18.53327920141994,2.8435330118986317
2013,P - 5208,0.15942942918793945,-2.6614810986138853,-0.5478502677726957,1.7481881520732339
2013,S - 27_12,0.22702763998303632,-1.0691955525006944,-2.3534119151072757,3.1834982824425277
2013,P - 7610,0.21597742097449116,0.35510448406582906,-3.4196084949159644,3.115167275283962
2013,P - 5209,0.16769948869105228,-2.196219406760923,-2.073126314723035,1.5747411854838642
2013,S - 27_13,0.21028169006261846,-0.7581315299752105,-2.971679369852791,3.0665486985185324
2013,P - 7608,0.14899586559715036,1.3478767731993013,-2.6588228364061233,3.0064146145537674
2013,S - 4019419616,0.3374582823811063,-6.416999164524933,-7.045954537051986,2.541816745252196
2013,P - 2912,0.11965451589322869,1.801518143425996,-1.7771465154110415,2.5426323665579944
2013,P - 5210,0.12546138693241474,-1.4965426279630032,0.3737035918983015,2.2213679137296003
2013,S - 27_101,0.24981444514370546,-1.1004701158157406,-2.793413434433907,2.8605843488118596
2013,S - 33_58,0.1471884297385015,1.2142157821604438,-2.978191124140647,3.125189079217014
2013,P - 7901,0.13060518379780392,-0.14895410471027679,-0.413309629818325,2.409661453947661
2013,S - 27_102,0.15415715977989358,1.4935408923351412,-3.0997122568086724,3.2594682101755934
2013,P - 7907,0.16496858052782024,-0.30633182442274176,-2.208264026961903,3.0163710320449177
2013,P - 5007,0.08470058547987973,1.4839038635016684,1.134046333544641,2.5187991263594647
2013,P - 5101,0.13265950310960004,-1.5196108754592879,-0.12118435063719832,2.7291889041799102
2013,P - 5105,0.11334409992012631,-1.6044404581670846,0.9327347570956618,2.0781842250229996
2013,S - 27_103,0.18857450199586936,0.9289910571581533,-3.6916128704256015,2.8667877292997157
2013,P - 7801,0.23774933819647154,-3.503762150971734,-0.7686345084540682,2.2036196716899816
2013,P - 7616,0.1895231928638447,0.8770536820682394,-3.3143245171962086,3.086609413359508
2013,P - 5107,0.11969574084756225,0.8213573770319194,-0.10263454561435356,2.8624506941419527
2013,P - 2910,0.05666796617371956,3.240871824275667,0.6502852709517919,2.5513653179494407
2013,S - 3969021481,0.22670858560274398,-0.5502358705097103,-3.2205087592517083,2.9382271120562438
2013,P - 5111,0.1381377534817052,1.2041075872080425,-1.7729581331640696,2.9489787464514174
2013,P - 5112,0.12265257000733935,1.402091521100548,-1.5007378731146719,3.0227650368759202
2013,P - 4901,0.23702606326041045,-0.4670244954982089,-3.252997869548284,2.8228557810226413
2013,S - 33_62,0.20008336912482932,-2.2882646880628856,-2.57410663203924,3.59709586803681
2013,P - 4902,0.17971247682243635,1.2542078271037784,-3.585107971051727,2.8601619289444593
2013,P - 4907,0.22967286263345282,-2.5230952708339163,0.6210810170121209,2.105784701786095
2013,P - 8104,0.09601116077315723,1.9904652761016688,-0.5552521288998686,2.8773121035617444
2013,S - 27_1,0.29066658497846015,-3.202113438222706,-1.272228641654976,2.808971454127084
2013,P - 8102,0.08407036616174313,1.6740888430867904,1.3431010301530535,2.4516772858771207
2013,P - 4908,0.12967793116420243,0.10580747865749618,-0.6193830872646473,2.760422724778755
2013,P - 4909,0.11459594972037027,0.7572857953662585,-0.3423187775059547,2.6121417859674585
2013,P - 8001,0.07808350748309084,-1.8889113092104766,1.5208996259047867,1.96988626065312
2013,S - 27_100,0.1824182138615831,0.2964697896505004,-2.9389545275483715,3.319923591702595
2013,P - 8101,0.12274940626958114,1.540341958677668,-2.221020473554345,2.724261242877398
2013,P - 4911,0.2109380030721625,0.1299133681315894,-3.5076691138195506,2.8832862240976755
2013,P - 2909,0.110406112973514,1.4789566874287112,-0.26728957350671556,2.2664263866890435
2013,P - 3209,0.22785739080748177,-0.5433178758833677,-3.5832455292840644,2.663761327190439
2013,P - 3207,0.10739412905033098,1.249030359717701,-0.756412803487924,2.7070683490064122
2013,S - 26_7,0.21557452404612362,-0.45623692215839695,-2.5767125073874935,4.14735310323701
2013,S - 33_71,0.20703822547993928,-1.0929898094195054,-2.7899164617457,3.768669325414536
2013,P - 4821,0.25008606488579543,-0.965070186612442,-3.3284327150618678,2.891677868899939
2013,S - 26_8,0.2120318017558848,-0.19240683097185163,-2.954179203065454,3.9720999314589323
2013,P - 4820,0.2292663746023582,-2.0826053609786945,-1.6184970302440895,2.814952194565263
2013,P - 8108,0.10365358233524154,2.7951279418919532,-1.1612695136718099,2.5990972181884064
2013,P - 8111,0.06706344228671568,0.48584500988751284,2.71018843439464,1.9436908160727846
2013,S - 33_68,0.19813609293853182,-0.30678702998565544,-2.5367130446989696,3.7203037240966625
2013,P - 4823,0.20331416322508067,-0.011692885763200576,-3.1950009760154794,2.8461564087521984
2013,P - 8105,0.10266455902546746,-2.7056954176804697,0.4043053337918028,2.42613344286039
2013,S - 26_9,0.25388571176372715,-2.6593949750994326,-1.7238357010077194,3.6209949400487482
2013,S - 36_2,0.24539744856843565,-2.4012866188696997,-2.3863771924841837,3.822400981996823
2013,S - 36_4,0.2682825163727611,-2.8300939907604983,-1.6937834313933033,2.589447579079551
2013,S - 36_5,0.3365916910604267,-5.648954549551982,-6.281224299769657,3.11280809482149
2013,P - 3208,0.22621311956247475,-0.35163008036665877,-3.4136125195379803,2.819043636137121
2013,S - 27_0,0.24941030513693552,-2.6238183383628075,-2.3104589750925686,3.164938340181872
2013,S - 33_76,0.1467667287682151,1.6368123379203583,-3.100196650884794,3.387127089930268
2013,P - 8204,0.1344277694056149,1.4694427166055606,-1.7926452706735012,2.8534945991724823
2013,P - 4814,0.11094362061373368,1.9470742414766917,-0.8265777704186633,2.5822944083967228
2013,P - 8203,0.1467707981367654,0.6953025873277809,-1.764722790905223,2.790691382671064
2013,S - 26_4,0.17862542731046765,1.062442296886826,-3.286928514114498,3.16376344256892
2013,P - 4811,0.1577057631642641,1.1388477025283075,-3.176143800491384,2.87299798979115
2013,S - 26_5,0.20720605718556254,-0.49578869788533203,-3.225883206059683,3.464809142686941
2013,P - 4817,0.2108954451472888,-0.7273086367090902,-3.439212254700664,2.9621748350722537
2013,P - 8202,0.13204046074151343,2.1504438171685947,-2.7960888331398057,2.8126154382250546
2013,P - 4819,0.2855017935547857,-2.3209821390906047,-1.9140515189076948,2.725279979337015
2013,P - 8112,0.1359820185871709,0.7169920471887797,0.5254183847505253,2.218002787296933
2013,S - 26_6,0.1634229837931771,0.5830041561723849,-3.0251021786922387,3.106469805697536
2013,P - 8201,0.18079252124353942,-1.0234757325796158,-1.1053109170918753,2.6324502842331485
2013,P - 4818,0.24572761748089914,-0.8588107038161018,-2.9642487088438485,2.833242459628821
2013,P - 2907,0.09196462687078852,2.7777115388925564,-1.2362999270604718,2.5544994197917847
2013,S - 36_15,0.18293222634867443,-2.7918902415903153,-1.4242289716092285,4.198744502588694
2013,S - 33_84,0.10600479517773255,1.8734968413883817,-1.4497842641635417,3.8568402286151793
2013,P - 4806,0.0937287665441816,2.7220854166724844,-1.398170052240596,2.749647225929794
2013,P - 4808,0.20979040251413952,-0.4367554169699726,-2.7378480315494436,3.1742629659809256
2013,P - 8209,0.09087674433670859,3.4553828125673474,-1.9300745735940616,2.8102462033782216
2013,S - 26_10,0.2439523171159745,-1.237456277570307,-2.093409455676284,4.351362916901499
2013,P - 8208,0.16218433469328725,1.8501859450179572,-3.463156878032773,2.9421235985869605
2013,P - 4810,0.12064780080769875,1.9509128200840675,-2.173973122662829,2.8269458749652534
2013,S - 26_11,0.1678292876806169,1.2071130865700348,-3.3055170576651376,3.1396325114174033
2013,P - 8205,0.19449793720193936,0.13519969286103922,-2.3941373491566997,2.6104322893674423
2013,P - 8207,0.18668834304124884,0.30502202110284954,-3.2712515257166945,2.9576745258948116
2013,P - 4809,0.11423250018061942,-0.18902654903273125,0.07866301418117011,2.622875116373887
2013,S - 26_2,0.1942362114773523,-0.2921393658483538,-2.8234401697750044,3.728008771323546
2013,S - 33_77,0.11251033384495777,2.437667809327189,-2.166247688057502,4.160105022184252
2013,P - 3214,0.20334635979306637,0.38764434398517933,-3.304264010927046,3.0936154025819684
2013,S - 36_0,0.25417684284258474,-4.034367077037323,-1.04917521302107,3.2455841400828147
2013,P - 4813,0.15518479491848175,0.7959248369508267,-1.2988919258623004,2.6757793423525373
2013,S - 25_8,0.18011451375255363,0.6717859552760523,-2.9404330637543863,3.286302966356884
2013,P - 8301,0.16193647481888387,0.6749676692698597,-2.0877820419267943,2.853400352686208
2013,S - 33_89,0.24968887558446165,-1.300974345829527,-2.9061900033837422,3.71200670574037
2013,P - 4802,0.1471557680385456,1.4393087586819742,-2.446329535133629,2.69054161340261
2013,S - 25_9,0.20568162077531865,-0.26442783183419166,-3.0162258602550582,3.5462964697357786
2013,P - 8215,0.10658358147813966,0.10530646438420445,0.5322579415798443,2.637035840307601
2013,P - 4803,0.18556022007772968,-0.717523651630055,-1.9438276812752968,2.8114003748886423
2013,P - 8212,0.1414610774180992,0.7331303787345896,-1.1911007489076417,2.867866057472487
2013,P - 8211,0.1260382505312012,1.5156631235944265,-1.9709708912362978,2.8430951577145414
2013,S - 26_0,0.1971045691539162,0.8672878367401824,-3.1641929394824566,3.6055730019326697
2013,S - 3698807275,0.3017866472246756,-5.263988520439499,-2.6582169873013086,2.848717330870899
2013,P - 3212,0.17443292797137103,0.7255014201916616,-2.3979787451662924,2.747739653669412
2013,P - 2906,0.08533107796663877,2.1182298164321334,-0.06930417620041893,2.7181923324775115
2013,S - 26_1,0.24934714487470605,-1.5351361777678092,-2.3937956029778675,4.406987960969356
2013,P - 4804,0.14022258296415238,0.9242780485018639,-2.1482696770530514,2.858513084039682
2013,P - 4805,0.17451761409798117,1.1377397588507645,-3.2393624356333985,2.786031788511484
2013,P - 4421,0.21324346433036612,-1.583800217860908,-1.6954222556030385,3.039812279033734
2013,P - 4703,0.09679036727563382,1.7648287997204435,-0.8246912338525215,2.668800196060071
2013,S - 25_4,0.23816622768178952,-1.2337938107011757,-2.502845194171758,3.52811201251541
2013,P - 4602,0.13814364745338684,-3.510949941775873,-5.836669126223632,1.8658820983898952
2013,S - 33_96,0.1630910478729085,0.44509131508629984,-3.115619568289386,3.0147595666896216
2013,P - 4702,0.06355313162774154,2.7754623396949234,-0.1243203300105174,2.6268587585197882
2013,P - 8303,0.15482498239115233,0.8407518420671952,-1.9741064722942552,3.0751238198142317
2013,S - 25_6,0.21043572502868121,0.13833863474876015,-2.744740647213609,3.9151196928172562
2013,P - 8305,0.13118351966022387,0.9751791902536979,-1.7157512394393475,2.991787496436424
2013,P - 4705,0.06182392349794243,2.2422835452212326,0.7749379065540298,2.74754021236559
2013,P - 8302,0.1674462960461525,1.1339738839655833,-2.83791825063502,3.147202761718069
2013,S - 25_7,0.22306078434865476,-0.04142437157182994,-3.2643094877197516,3.302424440956156
2013,P - 4801,0.11239281706205077,2.6820520261268905,-2.007201071590398,2.5413257724609477
2013,P - 4707,0.2519695314099247,-1.0347120183345548,-3.0664395779602107,2.6421949047166775
2013,P - 2905,0.16986213730006028,0.10755114661525719,-0.43139886722224896,1.857327463561752
2013,S - 35_1,0.260510121012385,-1.8516773243233946,-2.3511601910583604,3.219880340129744
2013,P - 8311,0.19909908149003436,-0.045464244937910465,-2.851792203423388,2.919325600770218
2013,S - 25_17,0.14925618008158092,0.5769785572168322,-1.7245712374429174,4.329299757520142
2013,P - 4418,0.20969154894696318,-0.10515341014744588,-2.7096502461794687,3.114221416794708
2013,S - 35_0,0.2020003457955139,-0.5951656655613147,-2.479763786418949,3.7526719800804487
2013,P - 8309,0.19736829044526277,-0.25973687998029704,-2.958737525207456,3.2347771600970803
2013,S - 25_18,0.1852925711300299,0.13847618109650286,-2.3638950810881454,4.0069343943574935
2013,S - 34_0,0.28164052288480157,-3.0289577418333358,-2.3116621673882314,2.347697464904286
2013,P - 8308,0.15085010051854886,0.4856924359507146,-1.9038215816422606,2.922711730003199
2013,P - 4420,0.21228959961957902,-2.971694042574563,-1.1213340408810748,2.0077014641710647
2013,S - 33_99,0.21581814997744192,-1.790233485422469,-2.1439803779006428,3.214358605569228
2013,S - 25_2,0.19260503511471774,0.03586620422071057,-2.737777008512757,3.621269418831486
2013,P - 8306,0.13052402176157804,-0.4952398468497223,-0.029590851640274654,2.5808641150871283
2013,S - 25_3,0.20441860902878897,0.2131416530474647,-3.049561221358232,3.9183393856566515
2013,P - 8307,0.14347805751868753,1.4261637257444297,-2.396605535291254,2.8789850455197583
2013,P - 4410,0.18257766087624983,0.6878710715969868,-2.8319883261431515,3.2184744402746133
2013,P - 8404,0.13827804253003181,1.3861991827126852,-2.461772350636082,2.929675886129567
2013,S - 25_14,0.21057588916208175,0.39511406100617547,-3.1677944138928775,3.3812458422689082
2013,P - 8403,0.1348103732450818,1.9699607190474344,-2.7108722756586303,3.1526952834058237
2013,P - 4412,0.18060477174877032,-2.109089051862605,-0.16926132819998718,2.5521367182135632
2013,S - 3680146165,0.21924885036299405,-0.603639480154348,-3.234689133623051,3.0922346645260674
2013,P - 4414,0.12858107545827466,-0.03898528615332089,-0.5494386915064231,2.7960104161707497
2013,S - 25_15,0.20678635231009687,0.06003451138553411,-3.0150129002447477,3.664166277109724
2013,P - 4415,0.23604050304687868,-1.0059203642762393,-3.2078487281618897,3.0965853669944376
2013,P - 8401,0.05581255329429259,2.9651231186198213,0.6373822168964866,2.5807257619532393
2013,S - 25_16,0.18761136174160364,0.5437705275513921,-2.892808389786118,3.8860272106253704
2013,P - 8402,0.14795168582004414,1.2492219181615,-2.32027882251534,2.9185584555495896
2013,P - 2904,0.11419970644165718,0.26992309591263425,-0.32554418477101055,2.4696716758931334
2013,S - 33_85,0.2948637443782047,-6.356994552797238,-4.639354541044198,2.983052763672486
2013,S - 36_10,0.28007361585704854,-1.8375937166669316,-3.01743220354423,3.605219282621633
2013,P - 4408,0.22877179902449535,-2.766873423058318,-1.1122271681255302,2.8165312312137454
2013,P - 8408,0.11457590363904974,2.136392941341853,-1.6200465530177968,2.742181016048723
2013,S - 25_10,0.19135930752950384,0.34265489124094467,-3.017913289597496,3.6580297823051233
2013,P - 4407,0.25371651458023653,-3.2318532714665964,-0.5665686638136016,2.3425175500706987
2013,S - 25_11,0.22112137046171387,-0.2730624282942216,-2.938612793276743,3.7158090844048655
2013,P - 8407,0.13319580153794966,1.429212332783617,-1.4040974355899523,2.8627834537298353
2013,P - 4411,0.17769868977922995,0.36270465881900527,-2.987025802396949,3.104683881050253
2013,P - 8406,0.12400119647393935,1.9372158374136772,-1.7697506484363843,2.893402450715673
2013,P - 4409,0.24519261039729295,-2.342052764834609,-1.1289669586628808,2.4787494523938527
2013,S - 36_1,0.21458763229342967,-0.8375149093299069,-2.888620240721118,3.1859512163786214
2013,P - 3215,0.15176897196560457,1.443608882694064,-3.1114032772347953,2.9611609034564075
2013,P - 3301,0.228891820545207,-2.7446389983409345,-0.5325219654147677,1.7602177072872007
2013,S - 25_12,0.19804255376352267,0.8273205040481518,-3.4076853118498662,3.3853690096856943
2013,P - 8405,0.18462257223280018,-0.19564982842831657,-2.7214125082591463,2.6975286913582543
2013,P - 4303,0.09283415427542845,0.6476765087228171,0.5401787964637634,2.8160661443658697
2013,S - 24_4,0.22134518370902345,-1.5110587623138974,-2.6211787856702853,3.0840789810046934
2013,P - 8413,0.18240671856709606,1.1769873284615278,-3.1096728997549725,2.7667101462413153
2013,S - 24_5,0.25620078289461906,-2.120699990231484,-2.236752085671107,3.144331174378361
2013,P - 4302,0.1615395426498478,0.6077212664920555,-1.5013716162464448,2.8688809163934637
2013,P - 8412,0.1841570030252281,0.8144478794362436,-3.500199397332474,2.8495129297550856
2013,S - 2508980079,0.21358388438430215,-0.10322783890795505,-3.2086014052565512,3.228049774900139
2013,P - 8410,0.15828518968567323,0.8267390849849523,-2.480014223572438,2.848011486389997
2013,P - 8411,0.14565366476743855,0.9745312213347704,-2.0570263363635934,2.7724534785117783
2013,P - 4401,0.2213990182312093,-1.2347526490358902,-2.045756764714759,3.0289853099059427
2013,P - 4403,0.29012178662620347,-4.489578823902124,0.163408012395085,1.554914416772852
2013,P - 8409,0.1660912861133138,1.554833753232975,-2.89666382653586,2.950182313360336
2013,S - 25_0,0.20801316974271772,0.09027749183921602,-3.254417150206829,3.414679654510928
2013,P - 3302,0.13562984984098642,-0.18489551272421786,-0.3498348633901307,2.856911582514855
2013,P - 2903,0.08854996011125407,2.1907908103257334,-0.28192194559031075,2.358478522904986
2013,S - 33_83,0.20239855912728597,-0.23424760050414295,-3.2763888505648846,3.5043406956078598
2013,P - 8418,0.20534781490706808,0.47860667827251896,-3.1291166860928223,3.105153158699857
2013,S - 24_1,0.328974827827141,-4.058181105305161,-2.186909386884242,2.7612007763686393
2013,P - 8416,0.1487744252076861,1.7983587102723015,-2.968561646109333,3.0078961353577234
2013,P - 4201,0.14069624748071233,0.24841837610274387,-0.9875004287375551,2.771830011894227
2013,P - 4203,0.1660353601946518,-1.2565441649426519,-0.1677081770707352,2.5326852952983754
2013,S - 24_2,0.30414906889903087,-5.074037272583815,-1.4516238358822888,2.668887404898492
2013,P - 4202,0.13729365038294725,-0.14289550374473348,0.4217822360264209,2.5959656090231227
2013,P - 4205,0.17558399285708823,-0.6889615452763344,-1.0857853721517585,2.966355550783081
2013,P - 8415,0.15698091971651446,1.2220459478334005,-2.370680271809466,2.919436484866352
2013,S - 24_3,0.4178600338142033,-5.628274901244098,-26.964122254222033,2.25506179980795
2013,P - 4301,0.09867160996063985,1.293966107893837,-0.3955715206236586,2.7844578544312575
2013,P - 8414,0.16459617084087697,1.5122183430011402,-2.906925945792657,2.986968331815216
2013,P - 2902,0.11351188149711014,1.565921764622083,-0.7228463317353899,2.3516447942795584
2013,E - 16_8,0.2479921856899462,-0.3155227421466034,-3.273718521198625,0.283985429385343
2013,S - 33_64,0.13047362253752579,-4.677268455305752,-0.07413240592175298,4.017233598100068
2013,S - 36_14,0.2345096714007011,-2.666681603651645,-2.6997477900258957,2.7833382598274903
2013,P - 8422,0.16361524112968107,1.6975191717955116,-2.859505904078829,2.8978905757897406
2013,P - 4102,0.20432314863618672,-3.6414721085208033,-1.740455602512639,2.471975967665196
2013,P - 8421,0.18422005758908844,1.23246271286641,-3.449469829080103,2.9343751018446182
2013,S - 23_7,0.2718881287097469,-2.855136928695122,-2.5694081565442946,3.003485873212996
2013,S - 23_8,0.2763612115533882,-3.8548323031070755,-2.0564505460232887,2.9173937755567905
2013,S - 36_8,0.21182528322472172,-0.31890294518101253,-3.726483329051141,2.953870581650062
2013,P - 8420,0.15586510577500573,0.9259806789908619,-2.4353751939559554,2.7895127806118913
2013,P - 4107,0.20664726224055277,-3.4811490596961048,-0.2687446069953,2.4882607565421426
2013,S - 23_9,0.2116091249777659,-0.14894614022003375,-3.6019271875368317,3.1813865956494842
2013,P - 8419,0.1829193490153047,1.425967878362335,-3.7184518781803977,2.817935021905451
2013,S - 24_0,0.21338735141033027,-1.1275864869457128,-2.9745665151280263,2.9845891687956314
2013,P - 4106,0.16432163880619474,-8.11465942643701,-12.140889709237703,3.5860298161748316
2013,P - 3303,0.19416595896379776,-0.7211188509808878,-1.0555159184274,2.508310164459652
2013,P - 8417,0.17016461248871428,1.205848657150076,-3.1658288392098535,2.8409024744445195
2013,P - 8427,0.13946892163298358,1.3914445508736955,-1.9466144474727893,2.7580977614198177
2013,S - 23_30,0.2053902553277062,-0.2721736434366756,-3.736752210919238,2.798674446696795
2013,P - 4014,0.1626373352601198,0.11410765830173078,-2.1123377565165775,2.9161195473679014
2013,P - 4015,0.11194080910131589,-1.3769672980391232,1.17147632251334,1.9350300255345827
2013,P - 8426,0.2046685013143248,0.08489878311975774,-2.4233600138683173,2.6014648531825975
2013,S - 23_4,0.28338952418947816,-2.1899824971902135,-2.714127059055705,2.979356279526695
2013,P - 8425,0.18650229151421988,0.4190661418846006,-2.8287990925281035,2.8239977267738126
2013,P - 8424,0.17923210619336621,1.434946896732099,-3.3239789397958015,2.7755892553847064
2013,P - 4016,0.19014432600819892,0.8783435387437558,-3.3519594365484218,3.0228394864089125
2013,S - 3977039544,0.23585365037806658,-2.8600521729058177,-1.53901021151858,3.249064233146318
2013,P - 8423,0.1601615317233524,1.0472254590604382,-2.672613678728453,2.7772485337480832
2013,S - 23_6,0.3347092407863852,-3.4773867664782068,-0.14666795402486138,2.834061332031846
2013,P - 4101,0.2631536308969637,-2.9923914643949883,-1.315919470534709,2.6403477970693747
2013,P - 2901,0.12384625507626523,2.0458499471049056,-1.6984046518997404,2.281074765758383
2013,P - 4104,0.222968589591173,-2.7487962744709615,-0.1977400091620175,2.010226528769863
2013,P - 4105,0.22884266498172634,-6.394645414688449,-9.270804503866128,2.2832834560738777
2013,T - 1197027848,0.1326971743995835,1.7561697470334294,-2.450165902432269,-1.474426276800696
2013,S - 23_27,0.2371439974233131,-1.2697168913036307,-3.265449764418518,3.2751181710475206
2013,S - 23_26,0.3385875488968093,-5.172794780927678,-2.9688662303664812,2.473858816970033
2013,P - 8431,0.22860364517685797,-0.853912343565087,-3.2840343789696536,2.7774318047935544
2013,P - 4011,0.18607780075273458,0.172202498879306,-2.277692649211287,2.9653709096415652
2013,P - 4013,0.12150474669557497,-0.4261074160238547,0.6820340428858446,2.4266202504577024
2013,S - 23_28,0.2415427252152901,-3.278279986497227,-2.0823883681936457,3.1738668618349193
2013,P - 8430,0.2080960082908057,-1.6896995675287907,-0.5945930420848321,2.3946130287497858
2013,S - 915163410,0.21622455427593204,0.2642874954269814,-3.3921465572549363,3.0677430113964226
2013,P - 8429,0.19306928566023354,-1.228199666066475,-0.732515761800987,2.4198739875528057
2013,P - 4012,0.1822338950877357,0.06758684787743222,-2.624314626919419,2.839188521062183
2013,P - 8428,0.1793231069670163,1.5349655535410494,-3.8796937810567265,2.8863838725725355
2013,S - 23_3,0.20957850434685332,-0.06881049676498305,-3.1538178511429678,3.51376041338818
2013,S - 490447809,0.1782342653072305,-0.8436703552771246,-2.915136310016823,3.149049250925248
2013,S - 4216827806,0.09883026170172655,1.6293213847331767,-0.933636246165756,4.1271709864006025
2013,P - 3304,0.21839289976287712,-0.5255066101439476,-2.915927423159983,2.8124231070031884
2013,P - 8437,0.18368419279757067,-0.7057014525753141,-0.9956339518050833,2.6609142642926242
2013,S - 23_24,0.3451034072861531,-2.793148050438964,-0.5998796923252765,2.978780870896122
2013,P - 4005,0.13539550562910607,0.38190928865375845,-1.2735004361636484,2.9643794811712647
2013,P - 4008,0.15890028209007706,1.4748991325091412,-3.4001269887547485,3.0116097877263956
2013,P - 4010,0.1627136516074144,1.4597326603131842,-2.847800331175343,3.082887965509201
2013,P - 8433,0.15225841251878605,2.10577344016206,-3.045330566921921,3.008313199915209
2013,P - 8434,0.1616087864380173,1.50748496257109,-3.6230757549105834,2.9083314049644726
2013,T - IPC4+A01C,0.14687338006548947,1.7896188298702822,-2.4136922447687037,-1.3448725002567514
2013,P - 8432,0.18162633344495527,0.7315956486601045,-3.4182009602350747,2.954806599820989
2013,P - 4009,0.17135233058786098,1.3884170229171282,-2.6918580879223546,2.9399281476766284
2013,E - 18_0,0.16947120743920893,1.4044581020513123,-2.708828712443833,0.8795098232027182
2013,P - 3305,0.2293270239043279,-0.32393364989721496,-3.1065803737706905,2.8938033183512757
2013,P - 2849,0.14224618734007385,1.7574081349608381,-1.3762689559190855,2.2738877188926163
2013,P - 3306,0.19106082705090024,-0.5950115489576421,-2.297586890627267,3.0374859584085376
2013,P - 3924,0.23743440760025647,-1.9797138544841477,-1.8427994497892612,2.800075385316536
2013,P - 3925,0.22658055401385033,0.2685869136463791,-3.3417472013378062,3.1094052756182475
2013,T - IPC4+A01M,0.17198034875391796,0.1557818694716479,-2.41884284694894,-1.1028053549385757
2013,P - 3926,0.19115794883699797,0.5276053548507496,-3.195263244982902,2.9472167158376097
2013,T - IPC4+A01K,0.1945585737758666,0.8394743682503654,-3.70266918378018,-0.6906305034132443
2013,P - 8440,0.13078389956495926,1.8044619039575276,-2.5355581636262126,2.9999693949876534
2013,P - 8439,0.12263624327941551,2.3695554969872905,-2.397092941689763,2.845325599965377
2013,S - 23_21,0.17272555164211442,0.7452532453786755,-3.206305601759816,3.6191487610433737
2013,P - 8438,0.1965962864386738,0.5365425151458693,-3.298796539778036,2.8939188282555777
2013,P - 4001,0.11369364308798234,-7.525667654096795,-6.814677674430592,1.096752514120063
2013,P - 4002,0.12062396948697147,2.508970650985609,-1.5309184885403724,2.676912904163798
2013,T - IPC4+A01G,0.2159111602789193,0.5425492240403761,-3.3629074662128717,-0.8666674593051344
2013,S - 23_22,0.2289936712628195,-0.6727586730225344,-3.7027934306191943,3.2973581861361168
2013,S - 33_25,0.2561602529873787,-4.238357453402043,-1.0304426876975623,3.1219305379859157
2013,P - 8436,0.16065214119111748,1.810966779916637,-3.5440947233941715,2.7864840751208204
2013,S - 23_23,0.22378885586279457,-0.6037343328648531,-3.115619781728512,3.2080307344774273
2013,S - 23_17,0.22988234990019532,-1.515767214701932,-2.521840805838172,3.141407484648351
2013,P - 3920,0.22421986592722035,-0.04163116842338533,-3.3309529107635094,2.8979323101041206
2013,P - 8443,0.13266480040075326,1.9839480105883818,-2.407722183156444,2.9760730627969005
2013,S - 23_19,0.28970116748466007,-3.0221894995627325,-1.9248815406506845,2.982615838252059
2013,P - 8445,0.0866501928654066,0.9965462844527829,0.304606690203461,2.6197415038115976
2013,P - 3922,0.1901386123266178,-0.099418322223537,-2.7569964923678354,3.173873137785781
2013,T - IPC4+A01N,0.24053937508140874,-1.2142543766983322,-2.3097386713036103,-1.154355685479603
2013,P - 8442,0.15071880625000822,1.8370920232835852,-3.118533359538637,2.873617502667595
2013,S - 23_2,0.32015179590838555,-2.568750549658961,-1.6727308280030215,2.545817137644779
2013,P - 3923,0.29632966147716816,-2.231391738862793,-2.350013076798444,2.754718996247936
2013,P - 2843,0.08828740306259272,1.8562603026130664,-0.5388477031609629,2.8378370864657705
2013,E - 18_12,0.22313107090834405,0.15476290650340266,-2.883967872618892,0.4679570366900709
2013,P - 2844,0.08874371215060954,-2.0217900073394275,2.187310910143386,1.885373126623952
2013,P - 8441,0.15252984584344212,1.5075171912039553,-2.8534628579280734,2.854325418011649
2013,S - 23_20,0.21649867888508018,-0.39957365713086135,-2.9773466488847284,3.411506458764666
2013,P - 3916,0.17593673477593805,0.5859965526111861,-2.566723762859528,3.0733390355360646
2013,S - 23_13,0.2729006924232582,-1.9229172766971965,-2.689245803357725,3.5281296796083126
2013,P - 3917,0.2607213453100921,-1.1700849769260322,-3.2073358082145256,2.7791107495373524
2013,P - 3918,0.1316689795490501,1.512279233918565,-1.8458028586642357,2.7592207452757758
2013,P - 3919,0.15469129292672573,1.1432027866283068,-2.658949841259868,2.8080656925341154
2013,S - 23_15,0.2652161450091635,-1.8198579971883122,-1.7443487676427725,3.8471345612657424
2013,S - 23_16,0.2971653345029082,-2.9397269302636326,-1.9168183163672028,3.0198528166298706
2013,T - IPC4+A23B,0.16137437505822136,1.0923803596532975,-2.876931639439645,-0.8539000529179986
2013,P - 3307,0.21594705119087265,-0.14985705783357192,-3.2099411987517916,2.878215338570841
2013,P - 3401,0.283067071754302,-4.049125002884557,-2.619459293901406,1.8607779523994872
2013,S - 33_102,0.18065402365753994,-3.6691197680884886,0.15485598474970164,3.3782422928106204
2013,E - 18_14,0.21290094329793036,0.24398372475302613,-2.8802090999641865,0.4819591067811179
2013,P - 3921,0.20607710146231614,0.2120561837710216,-3.8398787176175735,2.935747130023821
2013,P - 3913,0.12979910062309868,1.7940697252268656,-1.4760549320806928,2.5892005296724565
2013,S - 23_1,0.327008150549007,-4.408013937831622,-2.0926937024259002,2.503609242219415
2013,P - 3912,0.13099785471929323,0.6252595743537165,-1.125725896928852,2.860938730674638
2013,P - 3914,0.09557422380660441,3.1741017512331755,-1.5101206370026972,2.733489610236953
2013,P - 8455,0.12516371568289617,1.861663177789379,-1.8871709729517367,2.831177633992213
2013,P - 8456,0.10554496039174445,2.5579530230309393,-1.1789265721174713,2.8006707097110106
2013,S - 23_10,0.33624708864677316,-3.810273566277888,-0.5939600215464177,2.3876235596164768
2013,T - IPC4+A23L,0.2316983257267412,0.19095057234251236,-3.4985860350391453,-0.9505043482532874
2013,P - 3915,0.28923008377208786,-2.331222972134504,-1.2044679340045232,2.3898503318087165
2013,T - IPC4+A23K,0.17643549716896975,1.2892020191990303,-3.411136609940647,-1.0926266502941044
2013,P - 8454,0.13728606616480923,1.420480953885015,-2.4751882454435634,2.997402306881853
2013,P - 2841,0.09996020312824465,0.8514405549506812,1.3274465198473975,2.244565321901271
2013,E - 18_4,0.18268573224776985,1.4850481863797356,-3.142791595560421,0.8228894717808619
2013,S - 23_12,0.3573079434100327,-2.762415740298081,-0.8257447988297871,3.0647549014623654
2013,P - 3908,0.10542884642047469,3.0953215823581477,-1.807377487541141,2.665338718989533
2013,T - IPC4+A43B,0.12658629209721323,2.7455632932775837,-2.7249088304811333,-1.097313414115485
2013,P - 8460,0.10248625017009426,2.5451732207380915,-1.5171722368813974,2.909124714841523
2013,P - 3910,0.09272015419798374,2.4175470565328165,-1.3144590058982573,2.7225996257612994
2013,S - 22_9,0.1618585005401152,0.8058862347240764,-2.310406007167033,4.0529107117545555
2013,S - 2338888398,0.25646324517025426,-1.9822230161271621,-2.734869154839113,3.374388310630772
2013,P - 8459,0.17582978497130575,-0.07834083100315077,-2.369022186707783,2.86437854534337
2013,P - 3909,0.14179843353780344,1.9456877735027571,-3.081439947119971,2.850223697919072
2013,P - 3911,0.09591112493275342,2.194897383570677,-1.1070210340833393,2.6512335236920226
2013,P - 8458,0.1193836853702635,2.501748827436617,-1.7097656136824795,2.8388103369840807
2013,T - IPC4+A41B,0.12878856615929765,1.56156332477383,-2.381393370588294,-1.0958225208783394
2013,T - IPC4+A24F,0.11405834602139722,1.3547386535650128,-1.1863867698185557,-1.5791153895277406
2013,S - 23_0,0.2782297240420948,-3.918521821268866,-2.23359813412761,2.9348391467395376
2013,P - 8457,0.09310837024252831,3.332311188167986,-1.3438802190768813,2.890843420328592
2013,E - 18_5,0.17834575968853905,1.532946544254237,-2.961555378542956,0.8053312477222135
2013,P - 3903,0.14578023584466307,1.7922111634511046,-2.1281527871824224,2.4922685232429935
2013,P - 8465,0.1579890801938321,1.613608134180452,-2.723919120681307,2.9786281543186695
2013,T - IPC4+A45D,0.1169670005607784,1.5005890243966775,-1.2922613284703819,-1.536290503671235
2013,P - 3904,0.15155547283682042,0.46802183356064664,-1.9818971189172467,2.690113550561056
2013,P - 3905,0.1378777908195906,0.8560304236433707,-1.7750761699705606,2.7763938395816994
2013,P - 8464,0.1465164711979849,1.4409017393646815,-1.3295069717012211,2.7873841652426656
2013,P - 3907,0.16172880091262243,0.6086726178471961,-2.3559662708889353,2.8717670638591595
2013,P - 8463,0.14870444580250794,1.634855702486392,-1.9222789701294496,2.946652034394059
2013,P - 8462,0.17693863738348742,1.420581077443615,-2.879365241671253,2.780568518617428
2013,P - 3906,0.12801704453915227,1.9284701229696162,-2.107831926340617,2.724916063203547
2013,P - 8461,0.13675630337980244,1.4313028065647448,-1.3107499990220195,2.763401256311686
2013,S - 22_85,0.20274378850463898,-0.21424586430383835,-2.5853933734100654,3.935240790498472
2013,S - 22_84,0.2223223600080258,-0.9491663152449096,-1.8552148457993307,4.110424272276618
2013,E - 18_8,0.2179217430918679,0.2129004192153832,-2.989820335219159,0.6308490367768946
2013,P - 2836,0.1904327944118717,-1.2216257298064452,-1.432268428737913,2.6311440718265953
2013,P - 8470,0.14492786473924507,1.0493833944312936,-1.8489811270610654,2.9017219264923435
2013,P - 8471,0.11163428359115636,1.665234610047751,-0.7134707476355462,2.9109347396228067
2013,S - 22_79,0.19984359150817932,0.19680832016992242,-3.307186593578277,3.5071966426046237
2013,P - 8468,0.18864950868229668,0.43724261452295377,-2.554126534442182,2.9728425742815148
2013,P - 3822,0.12924570712033157,2.3199427248743496,-2.9469649108031835,2.8074684749628966
2013,S - 22_8,0.18289817033254194,0.5821779295617817,-2.512531694563551,3.696756716606539
2013,T - IPC4+A47B,0.15305693681700322,2.048145770333572,-3.4340465657652532,-0.7150089433472966
2013,P - 3902,0.154377152363214,0.9497554309923172,-1.8855334720738912,2.5918547800505998
2013,P - 8467,0.16122168660380776,1.7135386802867343,-2.762796924364429,2.86434931027494
2013,T - IPC4+A46B,0.12588632435437053,1.2011849395656524,-2.020575778965815,-1.483274537321402
2013,P - 3901,0.15740068238287958,1.128870405070428,-2.2950633773182707,2.4414305489441475
2013,P - 8466,0.16236330862336068,1.9586946347166583,-3.5228339129810493,2.9672745187801244
2013,S - 22_81,0.19712848759655774,0.33701134400625227,-3.053683013546624,3.7647264424561944
2013,P - 3402,0.24281721098516,-0.7839183891325965,-3.2395691799532953,2.8090580828501532
2013,P - 3403,0.14364515124088056,1.5525507457108099,-2.758603828324325,2.849597038515834
2013,T - IPC4+A45C,0.1320018597550748,1.5391690101427706,-2.6248300856313938,-1.07886918763596
2013,P - 8475,0.11612060235237567,2.2994495602844083,-2.363486618966412,2.9731836313621445
2013,P - 3816,0.16309903859022942,1.156306312900856,-3.1754895130402434,3.0685073265644007
2013,P - 3817,0.08877382227603504,0.6510606349839494,0.9550551068943492,1.8720134480970407
2013,P - 8474,0.21505150203625534,-0.07288486078975452,-3.0471449708115355,2.8085539370908505
2013,T - IPC4+A47G,0.15849548741735364,1.8186405185661034,-3.197160993442829,-0.8825295842045116
2013,T - IPC4+A47F,0.1345398331443873,2.3174564388413543,-3.151005434196241,-0.8761540955068379
2013,P - 8473,0.1228334284852282,1.5139065647603929,-0.8494144571362454,2.8034258593874615
2013,S - 22_76,0.188448558047179,0.3105737428678388,-2.0384560131128544,4.297728088433581
2013,P - 3821,0.09803452422648919,2.6336865466509636,-2.228887014144825,2.725217591669791
2013,S - 22_77,0.21590595053770742,-0.36601548990269905,-3.0387248240929727,3.5059604424109994
2013,P - 8472,0.14697285564688387,0.972996299742647,-1.363890581945873,2.860467207062778
2013,P - 3818,0.06209421642139812,4.093590248236477,0.031043729568379586,2.5659347768317544
2013,P - 3404,0.11636596821716752,1.4942361172269323,-1.2776091535606464,2.638862998530641
2013,P - 2835,0.15524473323407817,0.2505911314763094,-1.5983950087014973,2.6320198274991733
2013,P - 3823,0.1857690498265699,0.6660555238023289,-3.12929711229184,2.7693498448949407
2013,T - IPC4+A47C,0.16735136202789028,1.7626885033250654,-3.575323593798966,-0.48980370577885307
2013,P - 8480,0.14864273175598675,1.4938957873752532,-2.5878765793272476,3.0486821103163773
2013,P - 3812,0.14028878503250775,0.9841225323715209,-1.62018723937044,2.6524870190263425
2013,T - IPC4+A61B,0.19747510539293708,0.47214500537334725,-2.3091968798527636,-1.3459878714988074
2013,P - 8478,0.11757987094064559,-0.5463582170635817,-0.2681477855333976,2.6820146229882407
2013,S - 22_72,0.22463838682584922,-1.2307870477646108,-1.8447925707793327,3.9120275302006102
2013,P - 8479,0.16996930248381278,1.2935783085491677,-3.2977402392958437,2.7645621418582977
2013,S - 22_71,0.15440525866363908,0.7793996816022944,-2.769172688502429,3.5620005708306266
2013,P - 3814,0.21724216813955782,-0.936735618321087,-1.9748151261072893,2.614624381959197
2013,T - IPC4+A47L,0.13277507416755738,1.3817655250869938,-2.174441438376049,-1.2781365557431394
2013,P - 3815,0.11133926043473152,1.6511971074538725,-1.571013062184626,2.5491807760841825
2013,P - 8477,0.14620471535301025,1.6448037944171394,-2.467083766767391,2.9585410320436996
2013,T - IPC4+A47K,0.147192639152313,1.4797116665050731,-2.7715508669466264,-1.209696619839124
2013,S - 22_74,0.20518835204844893,0.11476180382434223,-2.9463934791727677,3.6124495757934634
2013,P - 8476,0.14853008427666248,1.4753141356456894,-2.8224702205623284,2.858761235138998
2013,P - 2834,0.11479471709849927,0.5086496038710077,-0.5219496516209465,2.480040487637071
2013,P - 3809,0.1752286807355185,0.39077115915104504,-2.545485706321634,2.738454589933074
2013,P - 8484,0.16691525227016646,1.0840130572684388,-2.7501410693986528,2.709078172713361
2013,P - 8483,0.15429505004207153,1.8191025057724484,-2.7992881176976363,2.8029910037370285
2013,P - 3808,0.19471562481386856,-0.23329889043478919,-2.3334149026567,2.793486974880394
2013,S - 22_69,0.13898262606480682,2.0054595555843346,-2.6278845694225526,3.9911512614323286
2013,T - IPC4+A61F,0.19838578334167087,-0.005132467666576244,-2.137598657858598,-1.2218636921736166
2013,P - 8482,0.14827412775051865,1.9472400761956998,-2.4383325991283233,2.980731326281265
2013,T - IPC4+A61D,0.12748478600564683,1.9957039747888456,-2.267722274218326,-1.2858723176614122
2013,T - IPC4+A61C,0.1898374295836603,0.13806036885404335,-2.62174257394119,-1.1740225724923377
2013,P - 3811,0.10492394504917792,1.1478946970885726,-0.8497391125648541,2.6469478674421327
2013,P - 8481,0.16617308447527251,1.7484375717983884,-3.343246837583437,2.8818586145659553
2013,S - 22_70,0.18008612253087147,0.7674598071303722,-3.0761046087252613,3.693058852052882
2013,P - 3810,0.12004501556960313,2.6349578827745193,-2.4141028647238856,2.85643065525531
2013,S - 29_2,0.28995279633646437,-2.4958241993144927,-2.212892400215441,2.7218111444282993
2013,P - 3405,0.2017067432526764,-0.4602532309088747,-2.972764692273177,2.9423445071313132
2013,P - 3406,0.1542562104563637,-0.6343604995500421,-1.5830100440888881,2.906597336205764
2013,P - 8503,0.18650539516032213,1.1653356515871918,-2.912706744691607,3.1220585768296822
2013,S - 22_64,0.17246983214329822,0.8858088682139554,-3.273243256097951,3.421798539765353
2013,P - 8504,0.1830838201612154,1.1032240071289408,-3.0153085841423652,2.937831490721598
2013,S - 22_65,0.20301145470626783,0.4383121067236923,-3.5853740142526447,3.321642586426723
2013,P - 3802,0.1449714450895511,-1.384643516090671,-0.23424144762052693,2.569981615579074
2013,P - 3806,0.11503450578648738,0.14266169046427948,-0.6221183953357081,2.6326192446658494
2013,P - 8502,0.17935466933695682,0.0527202183561667,-2.588266618781873,2.7282152182013366
2013,T - IPC4+A61H,0.16878702053068195,1.8564647559989476,-3.5483836307051857,-0.8447901880264509
2013,S - 22_66,0.23439276696655947,-0.6465613657870625,-3.133432504489325,3.443764174254458
2013,P - 8501,0.1780766445735563,0.5716365178265106,-2.6954778191712934,2.91681071590618
2013,P - 3801,0.1153619522319699,2.2330750893024485,-1.5734389246614577,2.683147145552654
2013,P - 8485,0.18138858339097177,1.2297029012801974,-3.3296311789404323,2.6591892062597227
2013,S - 2884038005,0.14489211916872066,0.8462908794581199,-2.2689960364754027,3.724432683301353
2013,S - 29_0,0.35581567802737074,-6.486812867370279,-9.790375892478506,2.632298269638285
2013,T - IPC4+A61G,0.16858573434695018,1.7084818977263907,-2.970537366667734,-0.8954582458460169
2013,P - 8508,0.1180077721075858,2.4435842233743195,-1.9569711205323073,2.9060190593338056
2013,P - 3701,0.0955277375592097,2.4081200777067897,-1.0527556166594523,2.76227386386756
2013,T - IPC4+A61N,0.16946509485229946,1.1147250935542479,-2.9308138633933636,-0.9135124974973481
2013,S - 22_61,0.17513916239647181,0.6744663793907051,-2.7306795504452244,3.861493212841415
2013,P - 8507,0.20651867217186276,-0.8810558732503284,-1.179654856848775,2.82322282058693
2013,P - 8506,0.17788568751792067,-0.958052638392377,-0.7399173121193362,2.5457209884210075
2013,P - 3702,0.06251736791201858,2.323676621709756,1.5934011146062685,2.381749705939226
2013,T - IPC4+A61M,0.1904143231896138,0.28776636926524607,-2.681400940164096,-1.2702458807901498
2013,P - 3707,0.11156603175659224,2.503136579292283,-1.38244018769483,2.7690601289170163
2013,S - 22_63,0.19960337998420793,-0.06384139750029952,-2.7123703271007327,4.048204611649994
2013,P - 8505,0.12182091814332943,2.3082724257346934,-2.1620054699618314,2.920975717827712
2013,P - 3703,0.08475393055684487,1.9964341204546339,-0.25974846625291453,2.7763881111654682
2013,T - IPC4+A61L,0.20538089517428748,0.39826192158078944,-2.8883187534769874,-0.9524778867351268
2013,P - 2827,0.15246785656574813,0.4019464568220223,-1.6466009504557777,2.477915341807319
2013,P - 2833,0.1753805984965027,-0.22844651829713292,-1.8483665958381394,2.708996705192809
2013,T - IPC4+A62D,0.11425370774154951,2.3599041043964615,-1.9242822754560907,-1.5045398071978664
2013,P - 3505,0.1213377813293241,1.175703023462267,-1.7281104667614275,2.8226760564642213
2013,P - 3506,0.17696306029123585,0.7277522048880332,-2.8607891029908306,2.860777358486223
2013,P - 3507,0.13101043717524216,0.9456116710648588,-2.072543826900054,2.8159685350421793
2013,S - 22_59,0.18914570259991342,0.3880725153436561,-3.085230735411432,3.9264943110284305
2013,P - 8510,0.10289107799966692,2.015474571100084,-0.983550115557377,2.861080730321311
2013,P - 8511,0.1525392349463346,1.3249662154268096,-2.0692775675071022,2.9669918219908333
2013,T - IPC4+A61Q,0.19116866380592862,0.28812911154257626,-1.7778018256005759,-1.339080302836249
2013,S - 22_6,0.2029192838289034,-0.18708436532255057,-3.3673103145382797,3.609514425209129
2013,P - 3603,0.1581411718987521,-1.5930411402091362,-1.170537977396241,2.6477049313650323
2013,P - 8509,0.13714104431312144,1.5866844851241106,-2.074349834595337,3.0294055185567617
2013,S - 22_60,0.18779776741225152,0.3550213492143992,-2.7102481708937676,3.7403324565707985
2013,P - 3501,0.08944719568638228,1.9533521643940321,-0.059636726859302866,2.933602860901515
2013,S - 27_73,0.233374143932808,-3.727339495315915,-1.1450323017308413,3.1436343298966762
2013,P - 8517,0.13826044178132185,1.3603776538423713,-1.2329522116550702,2.70970470485473
2013,P - 8518,0.1338160829511714,1.2679038784096377,-1.093199112071011,2.6803023193853366
2013,S - 22_54,0.18723960088397099,0.5187334038238134,-3.099870394784672,3.589415295838675
2013,P - 8516,0.16351245248880367,1.2990550476283063,-2.562161249456927,3.085594454906669
2013,T - IPC4+A63F,0.1489138564641934,1.9052231201287761,-2.5334000235250826,-1.051211638607764
2013,P - 3503,0.1318680172735038,0.9007587847091753,-1.3069086532701033,2.7051688183795264
2013,T - IPC4+A63C,0.11480176784165473,3.321668421342381,-2.883647647365785,-1.2039843369293735
2013,P - 8515,0.17833152231086857,1.5673461908868143,-2.706726510291683,2.9696065096017707
2013,P - 8514,0.1450798459343491,1.7991759092969233,-3.1882056565219106,2.835353078103686
2013,P - 3504,0.12087815004409912,2.57819522372002,-2.7137834627671986,2.9508129233160134
2013,P - 2826,0.13469931344707756,-0.033300667159348984,-0.6795790840970896,2.5012629198986813
2013,P - 8512,0.14305249768146433,1.4218037473498293,-2.4197106314407217,3.0813101849750817
2013,P - 8513,0.08542318016231158,0.6253050341875895,0.7831242173797325,2.6508678015138183
2013,P - 8522,0.09198446212395262,1.1966732379269935,1.071820199778479,2.507609393917583
2013,S - 22_50,0.1985867693383421,0.13158857929788256,-2.806040560059256,3.8017396972644026
2013,T - IPC4+B01F,0.18665690594302337,1.1489695067399355,-3.632176217874797,-0.8476317211266102
2013,P - 8519,0.13073364900501558,1.9921345831840378,-2.183931126089117,2.699452943070947
2013,P - 8521,0.1253438450378382,1.4444197134066252,-1.043393035196617,2.7773805926171184
2013,S - 22_51,0.17339878677550555,1.6826114195729043,-3.4477497321824107,3.1722193099151133
2013,T - IPC4+B01D,0.23079616788677318,0.09319478135292468,-2.968176809211365,-0.8492109427865725
2013,T - IPC4+A63H,0.13114882704452077,2.058775996761682,-2.3228275016132387,-1.1758022445609226
2013,S - 22_53,0.21947153934875363,-0.433494025404301,-2.544912276331464,4.304674070795281
2013,P - 8526,0.15890932589688478,1.6246386648485807,-2.8186972279823737,2.51108724224499
2013,P - 8527,0.11814218099109615,1.084157214077544,-0.26123886789121054,2.697352877569958
2013,T - IPC4+B02C,0.17682477542829517,1.0409255664832051,-3.3339864190136184,-0.8650080702206869
2013,P - 8525,0.137711676633562,1.030537056152845,-0.5706441559316104,2.8632768305242284
2013,S - 22_48,0.172671255264484,0.6448370751123453,-3.2948119552944393,3.55594359332552
2013,P - 8524,0.14219323239503032,2.25920008973708,-3.1110310140321595,2.9438689780864897
2013,T - IPC4+B01L,0.12123404394512705,2.4213355903962066,-3.0053748124815125,-1.0382069063694697
2013,T - IPC4+B01J,0.236169882264363,-0.3483183613132845,-2.530153033027532,-0.7250472961643905
2013,P - 8523,0.1486430525890356,1.3075396683412839,-1.6555593812857576,2.6783137917117643
2013,S - 22_5,0.2051893164525009,0.02772161880490597,-3.144938237929831,3.958740106689814
2013,P - 2825,0.13907725936434773,0.5291723716127088,-1.0490786505104148,2.4069234755214537
2013,P - 8532,0.11588790696699589,1.1528359738558942,-0.3759316018733357,2.7184801168638235
2013,S - 22_42,0.19060077618130525,0.037117714272843806,-2.9847257448152824,3.4527247403127883
2013,P - 8531,0.16388428968631774,1.1449349852542259,-2.328249204840114,2.7679448436927023
2013,S - 22_44,0.21164600656155347,0.18426715589473555,-3.252934118793011,3.8853630523395775
2013,P - 8530,0.16289317486012597,2.061048780893698,-3.7754065657438947,2.9711753110317063
2013,S - 22_45,0.18804003543764908,-0.1725855692034182,-2.4048440488417047,3.767085569399725
2013,P - 8529,0.15030780470104324,1.0442616274893406,-1.0950406091624647,2.6117642409120303
2013,P - 8528,0.13695307609510238,1.1299877556761424,-0.8559541499409399,2.8352749270770223
2013,T - IPC4+B04B,0.11130576243561888,2.891985564491287,-2.639460972931979,-1.1072987351574535
2013,P - 2822,0.05981338587379867,-1.9866443836189909,2.6795209931680164,1.835843563837901
2013,T - IPC4+B09B,0.17896009677976857,1.1595363971272905,-3.467875230331289,-0.8258476661031662
2013,T - IPC4+B08B,0.16592499500948577,1.2740291842997493,-3.0192742018199628,-1.2776977457348335
2013,P - 8536,0.20308432691618009,0.6256224811398668,-2.801033402472545,3.0151722382995527
2013,T - IPC4+B07B,0.133098179045454,2.346076700792722,-2.9530096668490815,-0.9013077958536886
2013,P - 8534,0.1102450597568671,1.513025737659866,-0.09730124745279757,2.670141120448646
2013,P - 8535,0.1909407515663843,1.163227733384463,-3.1761993508397017,2.7392771272719103
2013,S - 22_40,0.23972268942764782,-1.1904481466835202,-3.2929927826846397,3.604932846590978
2013,P - 8533,0.16076470806070295,1.7659810935676454,-2.506745591037701,2.853560374072323
2013,S - 22_41,0.20461596784206382,-0.7434694271231054,-2.2052016621372355,3.831514601091439
2013,P - 2821,0.11815973253010371,0.8075987167946552,-1.1054433279639253,2.5764322013549297
2013,T - IPC4+B21C,0.11909063832145383,3.3869150044185723,-2.5876562451168956,-1.4211532344768236
2013,S - 22_36,0.191593315754193,1.0136920525676054,-3.7802415320698963,3.181968420359828
2013,P - 8540,0.09504559934146647,1.5501440156093385,0.22415163714976472,2.5341822112748362
2013,P - 8539,0.13541297371622094,0.6687270140123874,-0.720510951307174,2.732965881284385
2013,P - 8538,0.17643776092470473,1.144841037921617,-2.8375868063510428,3.0164694125864218
2013,T - IPC4+B21B,0.10581118718579624,3.633233019513865,-2.216455085392768,-1.436621862953426
2013,S - 22_38,0.20646679279815375,0.6143477741768848,-3.8227404616683014,3.408425595595184
2013,P - 8537,0.19742891314032604,1.0667409874493567,-3.4125547832335053,2.9600809632048755
2013,S - 22_39,0.15363532984839284,1.7349930740678594,-2.809963071861462,4.139948147949811
2013,T - IPC4+B22D,0.14970546470185978,0.7778927060485926,-2.334041053550445,-1.327953209646022
2013,P - 8544,0.23998906577495321,-1.2954459613558906,-2.2089958223985673,2.9126737962185145
2013,S - 22_33,0.23098093599987132,-1.4027124600365635,-2.036785491912182,3.983931842230671
2013,P - 8543,0.14997722662151458,1.834402103795471,-2.3047878892688396,2.7372386326553864
2013,S - 22_34,0.23166602281384743,-1.2853883465532014,-2.394388616693924,3.902590435449109
2013,T - IPC4+B21J,0.12014788627439199,3.4199873159457987,-1.9850986278617877,-1.570584610963243
2013,P - 8541,0.11349945770518867,1.9039516929861047,-0.845575488618547,2.761799329961894
2013,P - 8542,0.09832411136957643,1.7204385151292143,0.8192959807837373,2.3870444384083536
2013,T - IPC4+B21D,0.14247872088076255,2.202886504700091,-3.0102482933977894,-1.0874595467881363
2013,E - 21_14,0.21768722022191156,0.14785694125758927,-3.365881612073943,0.5805058268442428
2013,P - 2818,0.10867429684114793,0.9580400950340351,1.2343390389901236,2.6882566349832633
2013,S - 22_3,0.2250117390450379,-0.5462504356044223,-2.8501761592418458,4.152343710719733
2013,P - 8547,0.15156964267684925,1.503005503909195,-2.560963739411071,3.0319193382068077
2013,S - 22_30,0.1475109604695274,1.1218957305398356,-2.216459560127002,4.119196459781316
2013,P - 8548,0.13424455889175338,0.6248420978696594,-0.8598031198275125,2.6840302401380947
2013,T - IPC4+B23B,0.14872237415412973,1.4420140255596041,-2.2539362118892075,-1.577217590842195
2013,S - 22_31,0.17435386967149838,1.3413083414471256,-3.349356448003046,3.409701247056658
2013,P - 8546,0.15213511654886755,1.522117126016345,-2.6805057136848047,2.973033599421906
2013,T - IPC4+B22F,0.15465321102728669,0.3911339470589921,-2.20935185743512,-1.3775009980111812
2013,P - 8545,0.12240511672318098,1.770320733235016,-1.3925818844267437,2.736658307020109
2013,S - 22_25,0.16570975120191306,1.71709421749316,-3.090364807321531,3.5498067335884067
2013,S - 22_26,0.1947959926586702,0.7209944440351522,-3.5255462543997473,3.1072224617909763
2013,P - 8605,0.07614131419650813,2.96391307977501,0.2465946682805026,2.776995050556046
2013,T - IPC4+B23K,0.1462505805970562,1.891551734472548,-2.6038090321115885,-1.1414903141578894
2013,P - 8604,0.09787571853396052,2.02040413511051,-0.5776757588958829,2.7474756718052946
2013,P - 8602,0.10277430184784497,0.14974173606750046,0.8737651415822247,2.7006714085612162
2013,P - 8603,0.06385898848525222,2.969400107015883,0.793432815219588,2.7095955929079567
2013,S - 22_28,0.1758635252031624,1.3370182822313457,-3.3776015392675345,3.390510759059955
2013,T - IPC4+B23D,0.1156799976235837,3.0696022391731033,-2.432647593668349,-1.3063372439338021
2013,T - IPC4+B23C,0.11769471594195317,2.9020772341674808,-1.920255373893569,-1.6091215982156761
2013,P - 8601,0.0916202999484896,1.5638466211007727,0.06453220898500453,2.666245227079075
2013,P - 2815,0.14525766411367308,0.09766720984390567,-1.0262231605038015,2.436605121318682
2013,P - 8609,0.1359195112131273,-1.515907568966841,1.3894445218359952,2.3798098415150712
2013,S - 22_23,0.21666267427406868,-0.18293971441315798,-2.930697644515745,3.8445299753891327
2013,T - IPC4+B24C,0.08907935713752649,3.620901697686594,-1.4620602483343295,-1.6147310635341143
2013,P - 8607,0.14718685176662946,1.717406537517191,-2.864349480744225,3.145670908618357
2013,S - 22_24,0.10375930522777725,2.90600323613764,-2.20167754058044,3.9374802414479566
2013,T - IPC4+B24B,0.13222687918792483,2.5632729884660423,-1.8985146722358064,-1.6849963621361856
2013,P - 8606,0.09474061574313235,1.024612085235901,0.9000125653354082,2.695042554577285
2013,P - 2814,0.11912627820820605,-1.1833942694023636,0.200422563559095,2.1788580090518215
2013,P - 2932,0.12179201789801743,1.7382557101432112,-1.636445313995006,2.790903025572864
2013,P - 8705,0.20695432158786228,-1.032546508816021,-1.9082074017214412,2.6650967902028664
2013,P - 8706,0.10339958048748982,2.4591990944632816,-1.23749427648622,2.8192799319736563
2013,P - 8703,0.14742118789324607,0.871795747614929,-1.9739265192998419,2.9238454755512513
2013,P - 8704,0.1738108274267832,-0.325211284647231,-1.2473209322026986,2.637215206556997
2013,T - IPC4+B25F,0.08631359691353781,3.715076066890889,-1.4857107020566729,-1.7651478743320888
2013,S - 22_20,0.19646845398619006,0.36413323783733326,-2.681937413376478,3.9385508947017267
2013,P - 2933,0.10682785424227771,3.042795693244734,-1.8062642428028006,2.6602804177492776
2013,T - IPC4+B25C,0.06588130070610283,3.7504236280965015,0.3817076499829059,-2.1617044554612215
2013,S - 22_21,0.2507934449344064,-1.4065009709025849,-2.7992791661175542,3.580720228246223
2013,P - 8702,0.17996693501359848,-1.0840744792596446,-0.9889679744283796,2.683700138832501
2013,P - 8701,0.14121730148006345,1.3906205899447153,-2.073511026797316,2.8452817999308375
2013,P - 8710,0.11502161920798,0.2733660183488638,-0.38899515612882707,2.555388006648965
2013,P - 8711,0.11344435044223215,0.24396920290042273,1.4629638561202993,2.2177173617188513
2013,P - 8709,0.16195454150786884,0.22384406785594252,-2.3425802751415565,2.6640438347254127
2013,S - 22_16,0.20840980859540234,-0.023037054417843966,-3.207205097230946,3.6911957036865437
2013,T - IPC4+B26D,0.13120508087605165,2.5188722317362204,-2.999014341087073,-1.0384603182269136
2013,P - 8707,0.13306841442794423,1.7243731338172252,-1.958511216592715,2.861673614651327
2013,S - 22_17,0.149169531196181,0.8238963455981599,-2.055252906239203,3.7907275781116314
2013,P - 8708,0.16027504278786955,1.4034675287303133,-2.8132030516632356,3.0326192322469683
2013,P - 2931,0.0671815202513563,3.067624944639577,0.2641373457255662,2.7189309768214365
2013,S - 22_18,0.20253641124340985,0.5981290164678563,-3.5532790267566705,3.3592258971238773
2013,T - IPC4+B25J,0.13260515519642868,1.7241996916194666,-2.2709020323370517,-1.1963485398901144
2013,P - 8715,0.10568362182133431,1.604452250592484,-0.5454301613461906,2.8462558394397477
2013,S - 22_12,0.25244598766562704,-0.8564216956080035,-3.034885759767455,4.004692245516058
2013,T - IPC4+B28D,0.10556679470091261,3.450373202478672,-2.0945221827805236,-1.6161275331513514
2013,P - 8713,0.10378319216564008,1.0057778364301406,-0.9338219794282725,2.7637998169961473
2013,P - 8712,0.13445176143356202,-0.4725536593782542,-0.7132319650611172,2.8457642199737747
2013,T - IPC4+B28B,0.15444616274909287,1.6308239132148474,-3.031469369944981,-1.3379683199488754
2013,P - 2811,0.17694975650825265,-0.1554927511647777,-2.3348756960868924,2.6009283362296487
2013,S - 22_15,0.2173285703116068,-0.6602640417224985,-2.65029728336638,3.799008727762702
2013,P - 8902,0.15835962903722398,-0.8209114280370404,1.8694345936592853,2.510033974023866
2013,T - IPC4+B30B,0.12416820321624436,3.033990190942949,-3.2460491069265838,-0.8859843520283696
2013,T - IPC4+B29D,0.1569715090739635,1.7023334602366793,-3.058412603415538,-0.9678433912127324
2013,P - 8802,0.10869039727241497,-0.07426069026170588,0.17305281507570294,2.713692626392762
2013,S - 22_1,0.21433059122439654,-0.26156278292591584,-3.180275206244995,3.4831748422440474
2013,P - 8716,0.20117632946503164,-0.19462621128636462,-2.9271248673950865,3.0414372429859893
2013,S - 22_10,0.20207769161653857,0.25006222520215976,-3.0712121960158583,3.7566680832267965
2013,P - 2809,0.0883920900802832,-0.6807900793648604,0.651562967900216,2.3294666782320164
2013,P - 8714,0.13845860721495623,0.9368809569564917,-1.7065140258819649,2.8803221590813557
2013,S - 22_11,0.18610648261495266,0.42405613422727734,-3.2082632094711294,3.756828930952439
2013,S - 21_3,0.1599718089631677,1.2172123030064836,-2.6706420350164097,3.575585261901065
2013,P - 8904,0.14518856774897748,-2.2479246162545485,1.1455771385522728,2.32455092529394
2013,S - 2282278658,0.2827042497652308,-3.6485848567825223,-2.06475768167684,2.6504679519542704
2013,P - 2807,0.1294962569036479,-0.6840116270180715,-0.13888986881941306,2.3561782191205065
2013,E - 25_0,0.1736042256461823,1.6565641322348144,-3.145782542651981,0.9416501230750645
2013,P - 8805,0.0935025045435888,1.1820798215423551,0.6290337825602289,2.4943899143045036
2013,P - 8901,0.1891875771713644,-1.253999437231629,2.3077873934526,2.6968933846210588
2013,S - 22_0,0.16464714072417563,1.413049217993185,-3.0785128881011894,3.4973039139304674
2013,T - IPC4+B42D,0.1420249033343526,0.9953180398499728,-2.571306122615654,-1.2136088031553174
2013,P - 8907,0.21320554535876657,-0.8544156744527753,-0.7150051798435507,2.4076458643202736
2013,S - 2185987103,0.23891327919175503,-2.503241827680732,-2.26536184959825,3.3096337493813897
2013,P - 8906,0.1795807550745847,-1.2612596928682485,0.9278439005145459,2.2888882457583777
2013,S - 21_0,0.2645318640781118,-1.6855609647857326,-2.840479996445999,3.690591096954518
2013,T - IPC4+B41M,0.14472052695665533,0.20053491732682996,-1.9703266748973933,-1.4296973237989732
2013,P - 8905,0.16774395060340616,-3.1514508259848397,-0.7200075515352422,2.820153579513139
2013,S - 21_1,0.2164675773022765,-1.074826358247438,-1.6483982152149284,4.0750581785401865
2013,T - IPC4+B41F,0.10552778119403038,2.948073993079702,-2.2248981827925687,-1.275998427704824
2013,E - 25_10,0.16130165931598106,1.4940897834469655,-2.612948211903546,0.5980196901839531
2013,P - 8903,0.20859399227008282,0.7442278131147709,-2.2015997892495847,2.402843888418617
2013,T - IPC4+B44F,0.1068165978039876,2.6458094697489805,-2.0005424430802816,-1.5469112147835355
2013,S - 20_6,0.29136239230739525,-4.57273652197544,-2.012401533586679,2.8897512508720853
2013,P - 9003,0.13276967307740592,1.9031315104299356,-2.279048485691252,2.7733273004361916
2013,S - 20_7,0.20604297866929838,-1.338146359381474,-2.788967463835821,3.3630172574908137
2013,P - 9004,0.1349180701617726,1.5438885889032818,-0.6613564326627216,2.693652239852101
2013,P - 9001,0.11270648538973797,1.8470107070953978,-1.0845068154461452,2.889063069130741
2013,S - 20_9,0.14042496127563792,1.981591701563506,-3.0724337178362044,3.2940210125605502
2013,P - 9002,0.10924935090442614,1.6865323146753366,-0.512180833598992,2.7118139814826274
2013,P - 2804,0.16488621585689694,0.3503593734577192,-1.2014096908491916,2.5098858989973625
2013,S - 20_3,0.2032822662998173,0.10756778546927434,-3.6137414445686367,3.285811720109361
2013,T - IPC4+B60H,0.07971665994616368,3.9774447138874343,-1.6282521661036513,-1.599533878721874
2013,P - 9010,0.05934875738925942,3.582458188982002,0.09154904295790023,2.7599854792236833
2013,T - IPC4+B60G,0.10873689140405414,3.017721243007167,-2.463918196998743,-1.2504660938207288
2013,T - IPC4+B60D,0.09645773621212238,3.386469920685461,-2.189324193495209,-1.519087197079846
2013,P - 9005,0.13950321197052748,2.2061040782152728,-2.225468163548397,2.6274458921245265
2013,S - 20_5,0.24671185623327588,-0.8880692691255536,-3.268737012905138,3.1751403457084626
2013,P - 9006,0.14530249333834638,0.1930959875344864,0.15163315889820242,2.5435978817491858
2013,P - 2803,0.1103673813054195,2.068399238821201,-0.5238720896194204,2.4674677782314847
2013,E - 25_13,0.2605035739156969,-1.0256151055443279,-2.4840008018290063,0.39116606893880757
2013,E - 25_11,0.17646424436867506,1.7361163082552604,-3.152843148681323,0.9368433035218068
2013,T - IPC4+B60B,0.11655444172699116,2.8620029177403286,-2.652743732797662,-1.3143099962434623
2013,S - 20_1,0.19369447647721028,0.1539580298172942,-3.399302145688325,3.199053299021815
2013,P - 9017,0.13470473275809222,0.9677358686552378,-1.7852640455776008,2.794084005020399
2013,T - IPC4+B60K,0.12251512700829754,1.931190214482802,-2.1981820067198425,-1.370187037615202
2013,T - IPC4+B60J,0.103371154361492,2.5357598797395706,-1.8831301111777015,-1.3879066913119757
2013,P - 9015,0.21716388527590094,-2.329491814323268,0.060784425436939016,2.1216498506764543
2013,P - 9013,0.05155539966681147,2.729458644160216,1.841939089037669,2.3866548241886356
2013,P - 9014,0.1552189725263637,1.221262778294862,-2.4420929884644544,2.6256841117001657
2013,P - 9012,0.08577246596425796,2.8918791980461407,-0.7490560672992983,2.851207735990673
2013,E - 25_15,0.22425669599375517,-0.2993514134728695,-2.8598726681884505,0.7522206580348657
2013,P - 9011,0.09334147308089662,2.5543456053194027,-0.3546816675307531,2.687305608039411
2013,S - 19_7,0.3223558610071727,-2.6151264767057962,-0.010827967472508401,2.8096317647594264
2013,P - 9021,0.1394084953860799,1.4053004424843583,-2.0948334706744416,2.797446947776013
2013,P - 9022,0.1189473701254956,2.5893954285847496,-2.4231321900123635,2.689506368325135
2013,S - 2024860811,0.24431982451879034,-0.9984955411074468,-3.114023242670675,2.9963393023171716
2013,P - 9020,0.1412004747348279,1.7334477716255883,-2.0152963555914836,2.771062907318319
2013,T - IPC4+B60P,0.13934966573913726,2.3473975865606738,-3.2320929468988595,-0.8944352203128452
2013,P - 2716,0.22439316366089485,-1.7230412536924165,-2.2249869148208474,2.890431444803794
2013,E - 25_16,0.19847542279949634,0.6672744473817235,-3.2364873284665823,0.9617116377610049
2013,T - IPC4+B60N,0.11308760841740763,2.9007665050706377,-2.338733901239028,-1.2365957964958174
2013,P - 9018,0.18098341146677102,0.853820978833161,-2.716842427564719,2.831462140640021
2013,P - 9019,0.13927385435772208,2.1900001931882795,-2.5910757971386507,2.8951227337646293
2013,P - 9026,0.15875037851328394,1.4492742936931788,-2.7459624575063044,2.7668606754112077
2013,S - 19_5,0.23267063872541532,-1.4054116915529073,-2.2908562218318997,3.1515686770268188
2013,P - 9025,0.16665865027744817,1.5169007576992948,-3.168496137675926,2.755162667637182
2013,T - IPC4+B60S,0.11765158869570914,2.3608833496504027,-2.3814952817130437,-1.2520602534488692
2013,S - 19_6,0.26409322532953194,-2.053295174832558,-2.4197388823509183,3.1007996806072753
2013,P - 9023,0.1630363364343613,1.723605072767349,-2.4871522014208067,2.585360928583553
2013,P - 9024,0.1451644037849435,1.447001479052819,-2.128384995065176,2.6087468774239335
2013,T - IPC4+B60R,0.12205943959402812,2.0823232973966905,-2.207073110675897,-1.334812507255998
2013,E - 25_18,0.19012740401059286,1.4518709142170811,-3.2529460460490225,0.9335358342766287
2013,S - 2020830663,0.3491768418345972,-6.065063780708911,-6.9705904987935075,2.503398713625266
2013,P - 9031,0.16520529307877374,1.680209895865885,-3.1914872676787103,2.7516938826430004
2013,P - 9029,0.13019650438375444,1.944471203607543,-2.2691971056251057,2.866778825758252
2013,S - 19_2,0.2930581294527736,-2.5271090848658724,-1.2639783890213008,2.7604579951210773
2013,S - 19_1,0.2738006326294567,-2.1435163469655127,-2.1565523349909337,2.880653894317185
2013,T - IPC4+B61D,0.11941460276878942,3.3828622305053937,-2.5650938902320837,-1.4348247188650796
2013,S - 19_3,0.31692908645391316,-2.089268994979074,0.6462073720126082,2.8208724461022947
2013,P - 9028,0.16808335330034993,1.1039619905427234,-2.4091420973805886,2.9669851514590646
2013,S - 19_4,0.23731332354619708,-2.071314175220786,-1.7634766102950274,2.644474556481913
2013,P - 9027,0.14009492309271696,1.9817125081646303,-2.8898016207996715,2.7797184151725904
2013,E - 25_2,0.19680298233649782,0.8323258949428309,-2.966933960105951,1.0435938703393894
2013,P - 2715,0.20593607920169424,-0.7329437988566175,-2.2465939349933906,2.7377629221307744
2013,P - 9101,0.13501776715389718,0.9725293330056607,0.18723266454718013,2.441675714912876
2013,P - 9102,0.12306764155428668,1.1122092650040967,0.6586994705591604,2.4923395684439864
2013,T - IPC4+B62D,0.12573748216279274,2.6217022666688887,-2.379479670076826,-1.34600154702663
2013,S - 18_8,0.19411940038359263,-0.3746365133660182,-2.170306160026778,4.557808084042576
2013,P - 9033,0.1961011866111566,0.607361094934917,-2.854542767470485,2.860395087815391
2013,T - IPC4+B61L,0.10681971279226744,3.2759189600571363,-2.254056391630135,-1.347225574922713
2013,S - 19_0,0.30477769739167526,-1.80188994013334,-1.9501945992395262,2.9201816833029204
2013,P - 9032,0.15885262525070776,1.9556625506176664,-3.2547091961987102,2.8190226321817162
2013,T - IPC4+B61F,0.0880913270150004,3.517779542773894,-1.5898929846654815,-1.5973102197251454
2013,P - 9030,0.158466978062827,1.2873318268949872,-2.3097784431513224,2.7037541901380484
2013,P - 2712,0.1595809130645087,-1.3781635071747371,-0.3092050216463794,2.2888287056270396
2013,T - IPC4+B63B,0.2031024124580479,1.5339764796459816,-3.9466745689882576,-0.6767590558919152
2013,P - 2714,0.19133825109368602,-2.7816324138035022,-0.4479684511515729,1.9252884880698327
2013,P - 9111,0.063388221617295,1.9983103925393455,1.773592012936793,2.531333151331564
2013,S - 18_4,0.13027954779428272,2.2383481323117307,-2.9307282156245473,3.2158464286467043
2013,T - IPC4+B62M,0.10881117532896178,2.5728490344505097,-1.9741017769632148,-1.3547357724837403
2013,P - 9105,0.0839875112280576,1.9798965502470796,0.06470602103464478,2.7357832118571337
2013,S - 18_5,0.21803996742412543,-0.6326546808322461,-3.2958798742318645,3.5079676540947164
2013,P - 9108,0.04385560381128341,3.227731984877855,2.0589542939026177,2.54280777559478
2013,P - 2713,0.18966692461586335,-0.7337376947493713,-1.0378707457758294,2.4119589869951965
2013,E - 25_3,0.19699159194826638,0.5037894253985289,-2.7690798862373405,0.9560722726306874
2013,T - IPC4+B62K,0.1243990120253665,2.19458413586478,-2.2793397649425655,-1.224912826510379
2013,T - IPC4+B64D,0.10999974034685399,2.168643601793044,-1.7653658725669672,-1.5389920315260903
2013,P - 2710,0.29564614034764714,-1.9947966089936413,-0.23383451707230316,1.5650269629489635
2013,P - 2708,0.09682721899232793,-0.6286290384855899,1.1200181964260019,2.1436730809031332
2013,P - 9207,0.1052237248845004,0.48462112484738823,0.5081127836356005,2.4906556302702425
2013,P - 9209,0.13716533150519164,1.4588404920295868,-1.623625826026874,2.689411530409897
2013,P - 2709,0.19229078919212764,-5.615774250354842,-3.402224930962331,3.404340945582049
2013,S - 18_1,0.260446555955553,-1.5864796315648844,-2.56865355083421,3.6629168153736864
2013,T - IPC4+B64C,0.12235539329922483,2.3848338635195154,-2.330300357326659,-1.2435652328715652
2013,S - 18_2,0.1977973720302818,-0.0377731812655415,-2.9614229581507634,3.73533926771972
2013,T - IPC4+B63H,0.12009244413158865,2.8341507485959982,-2.8252053032477047,-1.1844442766467143
2013,T - IPC4+B63C,0.1287888377977747,2.4308740850154433,-3.0568849818989,-1.1214547621802382
2013,P - 2711,0.18110468501747778,-3.3669922023818204,-0.44620619406997725,2.285501823702116
2013,P - 9113,0.09792318370228231,-0.05692410117066029,0.6280622679945317,2.5719564829103385
2013,P - 9114,0.07402179262225864,2.1009373799198157,0.7724869264067725,2.629865253901522
2013,E - 25_4,0.1904849892958819,1.5592460040216265,-3.3069499881674527,0.9839923004675547
2013,T - IPC4+B65F,0.13012444530913578,2.9947218556770254,-3.4253177331323488,-0.7783617201394377
2013,S - 17_6,0.1869518338658538,1.4301970443168064,-4.073891965643484,2.7845717988206493
2013,S - 17_5,0.19621933270736422,0.6552066831396494,-3.513956206154447,3.4159184799408853
2013,P - 9401,0.17500626961155163,0.41986083938799823,-2.1593484488628154,3.2415966568819345
2013,P - 9402,0.14981168303559014,1.4162258994167738,-2.9378602349214766,3.026009183045083
2013,P - 2703,0.10931041483339504,1.1783453495357974,-0.05571113293191898,2.8068345917813318
2013,P - 9306,0.14079890298714182,1.1738837150132235,-2.002563343057875,2.7417183435493917
2013,T - IPC4+B65C,0.1001921889778139,2.5658704342855816,-1.8728878665688191,-1.5280848465639525
2013,P - 2704,0.10887834776754894,-0.02125201374089923,1.3744996799231273,2.3568527392500185
2013,P - 9303,0.1359883156760567,1.7097372547239993,-1.4436348347103398,2.5307827535192042
2013,S - 17_9,0.1967115291847267,-0.24026561588464207,-2.6066143810915046,4.0443677434394525
2013,P - 9305,0.15864791859805236,1.931199432280485,-3.001756053012061,2.552268712748305
2013,P - 2707,0.18763550437906135,0.30857602078350405,-1.793819719967386,2.1154004541727147
2013,E - 25_5,0.21819370734393484,-0.16284217355813185,-2.7120657806576536,0.7864753189757583
2013,S - 23_29,0.26194790509085725,-3.197236039316171,-2.3027429588851445,3.027099701299584
2013,P - 9503,0.1555826747354579,0.6577404499570638,-1.5346503922078283,2.827785831699546
2013,P - 2614,0.08531769600900041,-3.8986914505175694,1.5115854013286512,1.746780130376046
2013,P - 9406,0.240872763741714,-0.48870315955890264,-3.1284003390640995,2.8548414535389175
2013,P - 9405,0.15563579508470787,1.2519073124802171,-2.102727097849571,2.8914963866635723
2013,S - 17_44,0.15376070409548503,1.0154734075874647,-2.7629495787960336,3.6386508339093724
2013,T - IPC4+B65G,0.16720945212130262,1.2540004201763972,-3.1048723169277537,-1.0493163280214435
2013,S - 17_45,0.17015757258087086,1.4517069566778336,-3.384343255942991,3.4963877126679934
2013,P - 2616,0.1470067693387874,-4.053158577751955,-0.5704571183473817,2.1327359248316444
2013,P - 2620,0.18670470537516168,-0.6348895075408697,-2.4034799721638285,2.7641503220529895
2013,T - IPC4+B65H,0.1169929607810817,2.8936571753197806,-2.462322575991886,-1.3199572809878208
2013,P - 9403,0.2058543660794821,-0.3453913820496928,-1.8308399406169606,3.0732548474972172
2013,P - 9404,0.19814887801327233,-1.9793316441435203,-1.4208121197110501,2.972660545892213
2013,P - 2701,0.08756543024405489,-1.693426214829398,0.9209745593583162,1.590943435390522
2013,P - 9506,0.16327284610865933,0.5280615787030071,-1.9306766055388118,2.792195817029077
2013,P - 9507,0.15697536336151832,-0.7190719667839034,-0.31306729190423604,2.6325825063479917
2013,P - 2610,0.06708494355801353,-5.777864518596055,-2.8487668006544,2.144390630579389
2013,T - IPC4+B67D,0.18200643055919422,0.31074874975293454,-2.855699481957487,-0.9733251437350432
2013,P - 2612,0.027718278960282467,-10.952130921295584,-2.385820720304289,1.0322852687652195
2013,S - 17_41,0.1922738773066319,1.0426851224219351,-3.721025117769218,2.841518558062568
2013,P - 9505,0.1076123725726469,0.19008508997460927,0.7010892006084622,2.484747628879126
2013,P - 2613,0.07771862066036929,-1.2871023642830932,1.8430639668678361,1.8374700655454137
2013,T - IPC4+B66C,0.12655164238196964,2.8905958905543137,-3.34800980043653,-0.8262364031757181
2013,S - 17_42,0.1881673581762123,0.07644581194977491,-2.6155988162638693,3.8770977046769346
2013,P - 9504,0.134784788576127,1.8160051072279266,-1.738320152354548,2.8286430462372096
2013,E - 25_7,0.2043766243335668,0.9116933285049408,-3.072423430716304,0.9067564313242199
2013,P - 2615,0.11774534403075301,-7.296237679707437,-1.5995521166501137,1.8594366034141165
2013,S - 17_43,0.2065444610063033,-0.40590960782065677,-2.8153959790046605,3.9484065135614483
2013,T - IPC4+C01B,0.21641731120001367,-0.3707093174177416,-2.9714568280480576,-0.7759905287852087
2013,P - 9609,0.1307009737929786,-0.2145322764996763,-0.3340789909063595,2.7125542418893525
2013,P - 2603,0.14109524348872524,-6.493951350400575,-4.165502585189947,3.2756282134991954
2013,P - 2606,0.08793972354835926,-5.105985340540004,-0.4798251858898997,2.176933492189645
2013,S - 17_36,0.18139878942346305,0.4841073739770863,-2.3880293505787766,4.192285819531318
2013,P - 2604,0.05218626582805625,-4.339138468807542,-1.5679956558548345,1.8163226562853143
2013,P - 9607,0.14743411627296413,-0.3587405011396178,-0.5188954193055078,2.7176329525444682
2013,P - 9608,0.13507444931389778,0.5426439867556524,-1.355469148564542,2.9836273366020403
2013,S - 17_37,0.23269999570104605,-1.258778961441214,-2.441592073477298,3.823647535757043
2013,P - 2605,0.04634651775441559,-8.634359058053352,-3.012883355315996,1.2406026547647129
2013,P - 2608,0.14301781405049913,-3.335156938531102,0.11886828866448929,2.418327802604901
2013,P - 2607,0.1379453306984422,-3.9877239265021767,-3.3370610588235654,2.082351253372979
2013,P - 9603,0.19291819281986405,-0.976876511964445,-1.6021365201839382,3.0027741691815315
2013,P - 9606,0.15507545692349722,-0.7225666483783824,-0.05125150486226197,2.479867224710872
2013,E - 25_8,0.210302327200535,0.4178985349265722,-3.1606148784806978,0.8330462247740194
2013,P - 2530,0.21170216251435373,-1.9300754694606932,-1.6323445257472755,2.6956878055839564
2013,P - 9706,0.15515212473033982,-4.027430803302959,2.2870753598035707,1.3421355286216128
2013,P - 2601,0.11599542035248361,-2.870729875666374,-2.762838429970364,2.6380447272960956
2013,T - IPC4+C02F,0.22677811409747595,0.3045608537318953,-3.640847127665783,-0.5604237796312299
2013,P - 9701,0.11497387444382429,1.2034222515510942,0.03751767609831079,2.3509986342618845
2013,S - 17_32,0.12593515173451186,2.0451707742047707,-2.521125855371187,3.4673755323999673
2013,P - 9703,0.12573997216113786,0.12685998534867662,0.16232021929938467,2.3219024010243943
2013,T - IPC4+C01F,0.14490341828001735,1.2857036292331103,-2.2629801340752884,-1.2904732660416094
2013,T - IPC4+C01D,0.16069279980311701,0.5767191750025342,-2.242633734945824,-1.1071227549594274
2013,S - 17_34,0.1656082668048377,1.2288884180974908,-3.3083067948476708,2.909319212414232
2013,P - 9612,0.13447237729732384,1.3832786615656794,-2.3041304350000797,2.9775719501321896
2013,P - 9613,0.1224838621362852,0.6658879761726053,-0.37802220796304414,2.715904120129605
2013,P - 2602,0.08100999319288756,-6.002046908028548,-5.17910961863527,1.471616204832043
2013,E - 25_9,0.19487436539901465,0.8118450046473752,-2.9952044463130933,1.0245539211991608
2013,T - IPC4+C05G,0.14455050342204637,1.9119824978521927,-2.768081886034523,-1.0293793199820207
2013,T - IPC4+C04B,0.18947200295203587,0.9485465010137072,-3.0006530215355665,-1.0945913597918075
2013,P - 2519,0.11917443360182167,0.9915737874461584,-0.9717085232996155,2.5379257425789628
2013,S - 17_27,0.1700045360998308,0.4642267480869349,-2.5867319087169545,4.1206362123447065
2013,P - 2517,0.25466074463656163,-1.577476611954159,-1.1866013831436484,2.4068431806593504
2013,P - 2520,0.21930197721117306,-2.047437950256937,-0.7944208559258551,2.4911165688674304
2013,S - 17_28,0.29935435701434004,-2.6896764101770505,-1.8951471244487053,3.1734300844200702
2013,S - 17_29,0.17253264540412042,1.1376416286635396,-2.894523497012141,4.050193066661951
2013,T - IPC4+C03B,0.1326819747722381,1.269337958621341,-2.114489786677093,-1.3107639205385582
2013,P - 2529,0.1203331487561561,-1.795574911897779,0.5969038343172162,2.152476003307933
2013,T - IPC4+C03C,0.1587239903559605,0.4407015072834919,-2.008086678215878,-1.4424577711323876
2013,S - 1118837902,0.16730803204836292,1.3125087525903887,-3.1708750957120477,3.2311028386242713
2013,S - 17_30,0.20888015072127072,0.5527932033321753,-3.8210427864501235,3.005747838582705
2013,P - 2523,0.3365718516388921,-4.086957088904237,-1.890279770599001,2.625340186369441
2013,S - 17_22,0.1728778619861628,1.168669928746609,-2.8997526377954794,3.9253779922402487
2013,S - 17_23,0.20275938157909384,0.6841945147262424,-3.5041027852115043,3.7563235991687876
2013,P - 2508,0.184198673996824,-0.8091157775254799,-1.2268272537990463,2.8058231192031484
2013,P - 2510,0.08256372798672856,-4.478207395216586,-3.3732660442856375,1.087399847868072
2013,T - IPC4+C07B,0.22528577476509554,-0.7231614138720867,-2.4620574699637965,-1.2499882222861574
2013,S - 11_30,0.29432843923767854,-3.128896155861686,-2.2873318669381515,2.745899481537597
2013,T - IPC4+C06B,0.09905599291030802,1.1699482699151236,-0.7556329440314559,-1.696186619640959
2013,P - 2516,0.16997240747082754,-2.5613516258033857,1.6893090333692247,1.935362762496919
2013,S - 17_25,0.17348577755276856,1.0501099763259265,-2.8570001232527167,3.6838306027624856
2013,S - 11_21,0.25662119838411,-1.4922058405311884,-3.09759415701306,3.427545608794548
2013,P - 2515,0.14600701238408487,-4.150533413208183,-4.2628352609570115,2.396900623720111
2013,T - IPC4+C05F,0.1683997369544316,1.0070344300263283,-3.1730972233305037,-1.009314403919473
2013,T - IPC4+C07H,0.23576615481774657,-0.16341882168110317,-3.1464567990239827,-0.7262719007469806
2013,S - 1318885856,0.18740860743645588,0.35300310430466786,-3.3407812084602564,3.1309601056848178
2013,S - 17_2,0.1680383024789523,0.21420699710873364,-1.993847071793782,4.1665473105729305
2013,P - 2505,0.2216189809336452,-1.607542428261503,-1.0908845519924217,2.4669913329140893
2013,T - IPC4+C07F,0.2315947032462955,-0.30659493219632267,-2.3416168767511247,-1.3608673126588209
2013,P - 2507,0.10111488944712216,0.5024790308503555,0.2455467868595964,2.6357410482359276
2013,S - 11_6,0.27840470355497987,-4.239442570009166,-2.0222040289483303,2.799414943805829
2013,S - 17_20,0.1462651635408216,1.1537981346460005,-3.0143187002820158,3.394899159748684
2013,S - 17_21,0.17829085246601045,0.9038328073586926,-3.3129276070849785,3.564902220403832
2013,P - 2503,0.14528422623664702,-0.45383477911722037,0.3890923528534786,2.0870271317079676
2013,S - 11_35,0.21631635648499492,-1.6545631554016327,-2.5145567491150627,3.089047986880713
2013,S - 11_33,0.27211591811953756,-1.8870931732570981,-2.75295454810542,2.9293055338328964
2013,E - 28_0,0.2113014581152921,1.0906137299216918,-3.4895786384874157,0.6396845009169115
2013,P - 2309,0.22960900660864833,-0.974619036067868,-2.7492967620801223,2.908153221204111
2013,S - 17_15,0.17726873762748882,1.041106376509035,-3.3414548212269857,3.259628638043924
2013,P - 2304,0.10061230496660087,-1.5348902091529681,1.8061148188986345,1.962375885486828
2013,S - 17_16,0.20275036697176893,0.8515724778902151,-3.6986451247576504,3.1798280087494915
2013,S - 13_16,0.23599192120963047,-0.636531353663286,-3.287898403778545,3.2204804642029043
2013,P - 2401,0.22420170554666516,-6.641237803666719,-7.664491526698353,2.027122739416481
2013,T - IPC4+C08B,0.18653638196577188,0.8153640639452213,-3.438947653056444,-0.5362453456955343
2013,S - 17_17,0.1522874295274905,1.5141210753521133,-2.8591701290936498,3.927065066211157
2013,P - 2402,0.2997818136741813,-3.4422512637559444,-2.2413376335013036,2.5913009239609224
2013,S - 13_13,0.22188151538441658,-0.3225073883716825,-3.3505769710383446,3.1311794512612563
2013,P - 2403,0.19901717478154973,-2.250567748067832,-0.9581595782678617,2.8787727729879973
2013,T - IPC4+C07J,0.14833696794611334,1.2018817620946025,-2.7056498970047493,-1.1335135153321074
2013,P - 2501,0.2557631467211297,-2.8148123778668364,-1.6763034207486123,2.5609596171811595
2013,E - 28_1,0.18691769824428783,1.3883533256829974,-3.142557370342238,0.8312063139708404
2013,S - 17_10,0.17041462946151242,1.3219903959074422,-3.0303182337012906,3.5416969536964986
2013,S - 17_11,0.2016558113723277,-0.11507676564610352,-2.68146121944574,4.146380781800484
2013,T - IPC4+C08L,0.19248881517859454,-0.19272540431980317,-2.541090654246034,-0.8503509662226041
2013,P - 2208,0.2636771809114694,-1.7357488106898007,-0.4990513747175414,2.5750858558472958
2013,P - 2301,0.2297729485197139,-2.3830813688375048,-0.44300682295813837,2.7013093613830845
2013,P - 2302,0.3020759496605879,-5.008861301684025,-1.4718231673501774,1.6939866342765644
2013,T - IPC4+C08K,0.19608635560839147,-0.13217947386561255,-2.254354367730655,-1.1178190327053674
2013,S - 17_13,0.19765585510771125,-0.18315505712578653,-2.384542164347129,4.254195112274715
2013,T - IPC4+C08J,0.18804724762099742,-0.11197649260709631,-2.761420522069183,-0.9672806778030054
2013,S - 17_14,0.25640994592414984,-2.3132025085068815,-2.6994325180174044,3.2806191605526216
2013,P - 2303,0.10944568933358857,1.1618469611731306,-0.7044958704384707,2.9536559509832525
2013,T - IPC4+C08F,0.1906425367267438,0.21320830296216448,-2.579923721148718,-0.9084021576841993
2013,T - IPC4+C08G,0.18403206393481691,-0.15121945708927045,-2.2896540084501935,-0.9522731246160526
2013,P - 2306,0.2089020916399333,-2.8022153310203053,-0.08192829144634321,2.574090896882129
2013,P - 2202,0.3227180271669013,-2.707308864230842,-1.8576791597713482,2.538308150205642
2013,S - 14_18,0.22650646860121965,-0.45233149315992033,-3.680806819396647,3.959269428252343
2013,S - 16_8,0.204798616773164,0.2935849508249662,-3.5792957723742713,2.958572682745018
2013,P - 2201,0.2320262121126054,-1.477998484700429,-1.1391056467509109,2.904671169167442
2013,S - 16_9,0.20312900989256905,-0.36397207908648105,-2.4467765037654012,3.806438168329087
2013,T - IPC4+C09J,0.1470977691038309,0.6496902573841608,-1.9134457919654235,-1.2576779071362714
2013,T - IPC4+C09D,0.20158707693222402,-0.5311499084847815,-2.026348446491651,-1.1395930705848991
2013,P - 2203,0.2608060187864992,-1.8441777814385147,-0.9161754309056575,2.659844662022432
2013,S - 14_12,0.24877616975319805,-1.2485050802355888,-3.014208782098593,3.644484032611063
2013,P - 2207,0.19725516774726484,-3.7054427257131954,-1.2780648285732483,1.987804179805008
2013,S - 17_0,0.15475694385713065,1.8215198130153676,-3.06260109449193,3.5069065072012773
2013,T - IPC4+C09B,0.1420473147844216,0.3023191027950254,-1.6763922614332103,-1.5147953950565727
2013,P - 2204,0.1550545214895367,-0.3589769237955645,-1.0108245792234458,2.9219916942199657
2013,E - 28_13,0.13504037470242822,3.110777103647067,-2.282147918094334,0.5916442992833081
2013,S - 16_3,0.20488777957660714,0.06754331924202875,-2.750581607127115,3.6884295596012007
2013,T - IPC4+C11C,0.15408575960238333,1.7933074106796578,-2.900292122933808,-1.2157128851378938
2013,T - IPC4+C10L,0.21772224015712405,-0.08228523641691068,-2.689776696525132,-1.0829855295494473
2013,P - 2009,0.2800639053073512,-2.7145772872713074,-1.8189613072720923,2.114985142934153
2013,S - 16_4,0.20412162928685187,-0.3279466281450664,-2.497709694456428,3.7866991470569924
2013,P - 2102,0.2220821438147395,-1.5139753226881782,-2.3326715692456315,2.822617338114444
2013,S - 16_5,0.19112228024518568,-0.01047898171720952,-1.9739549255547337,4.002497169459992
2013,P - 2103,0.26571586005427794,-1.670915657917124,-2.170183901378664,2.6653323125888146
2013,P - 2104,0.2431295748239184,-2.0700861782722044,-2.387148293733521,3.0712193200026054
2013,P - 2105,0.21761910340041127,-0.5696212215270917,-2.647724302920475,3.0438128475058996
2013,S - 16_7,0.21446170012408483,0.015972986570307327,-3.1688404913081096,3.7092998616517288
2013,S - 16_6,0.18028320090991096,1.334870781467974,-3.6807542016849353,3.1249177118420794
2013,P - 2106,0.26109864730724497,-0.5322985193279958,-3.419457649055735,2.909939684333008
2013,T - IPC4+C09K,0.19713710606671195,-0.2525061406275266,-2.084701552681798,-1.45102579533996
2013,T - IPC4+C12N,0.23616830230016278,-0.5199789551077605,-2.9459753788232472,-1.0360876625408864
2013,S - 16_13,0.225774314911551,0.1680868702872312,-3.4208668269453018,3.553433093669099
2013,P - 2005,0.2337549732053257,-2.3027233057873224,-1.775821673518451,2.80233396035505
2013,S - 16_14,0.2711977203031926,-1.8736303417833682,-2.128737280151769,3.36474743348688
2013,T - IPC4+C12M,0.191850804018974,1.1450997159286458,-3.0413492632445243,-0.8476746258508083
2013,P - 2007,0.2511314639269104,-1.5218957436719052,-1.9573695519628251,2.879124936661996
2013,T - IPC4+C12G,0.12203216001236507,2.816586659026887,-2.855206494122986,-1.1544248795093837
2013,S - 16_2,0.16279957000446776,1.1304063580116857,-2.6083942959539725,3.605789722556453
2013,P - 2008,0.2542643408573794,-3.141697901798921,-1.5623266571297347,2.2441075693965065
2013,P - 2101,0.21027783261530758,-1.0946777928309233,-1.723903132691719,2.9450542594723284
2013,S - 16_1,0.17439567345533272,0.16044985216344673,-2.024408433770525,4.125360793122817
2013,T - IPC4+C12R,0.1906835990496829,1.1817442360389419,-3.88472122412009,-0.7858109916867411
2013,S - 16_10,0.2296142783506024,-0.8793769673048826,-2.3062056232548294,3.9685074374225895
2013,P - 2003,0.07971045970860928,0.49942193135032986,0.34373303653069603,2.7680474344213764
2013,T - IPC4+C12Q,0.20340710581152763,-0.20435775471226522,-3.1073087599589484,-0.6706092404762377
2013,T - IPC4+C12P,0.22899115405634102,-0.3823909726921327,-3.207562452297381,-0.7131461715951835
2013,S - 16_11,0.22882917288859075,-2.417664101821562,-2.054868541704933,3.264702693684027
2013,P - 2002,0.13203951311112283,-2.5164269527826337,-0.9345429102372232,2.5721646042254918
2013,P - 2004,0.10378525343373812,0.3106390075549927,-0.6452937554898444,2.7557504494266487
2013,S - 16_12,0.2021918836871595,0.3544586472021669,-3.1493570573286624,3.412790366190468
2013,T - IPC4+C22B,0.2062420773366074,-0.8140793678528531,-2.1794845468252677,-1.2107682512554527
2013,S - 15_0,0.22588320421617594,-0.2013589819068473,-3.026600829352768,3.735064127239577
2013,T - IPC4+C21D,0.10810300261754521,2.897275347041988,-2.039770853672158,-1.4371695689381885
2013,P - 1901,0.20367234631503014,-0.3445370320617478,-2.829832331009224,3.050458848295159
2013,T - IPC4+C21C,0.1251747894636867,1.341229485707333,-1.5244965430588133,-1.6744829392515321
2013,S - 15_1,0.19152825539080368,0.31966012193951254,-2.829040602822025,3.9362273767024196
2013,P - 1902,0.23432764888940597,-2.6701329320669256,-1.3527393778608645,2.5637602696519126
2013,P - 1904,0.21922565195637847,-1.8239941190134057,-2.106115688024139,2.7387668945370827
2013,S - 16_0,0.16910925140433983,1.1533365945111358,-3.255451153816064,3.323121564381047
2013,P - 1905,0.2783935197279152,-1.929742205365116,-2.585896288101625,2.749343007283654
2013,P - 2001,0.2180668313678845,-2.5420054064030833,-1.6649752740560766,2.9305422559905767
2013,S - 22_56,0.23188803612425063,-0.03894029609613504,-3.527198334639502,3.6789571587309116
2013,E - 28_7,0.190046426029807,1.6397012410184963,-3.6196762801471136,0.787820296197092
2013,S - 14_6,0.20444757190728793,-0.5790830108861846,-3.2239554708781486,3.333529822787783
2013,S - 14_7,0.22843801751946144,-0.911814735569936,-3.430613722803334,3.457892286888136
2013,P - 1801,0.14488449056785388,-10.036763506336886,-5.282556684405748,1.099429415443437
2013,P - 1803,0.1086832318792582,-1.9085596583916498,1.277510621616522,2.284586057184692
2013,P - 1804,0.11011693335087544,-3.2497933451471526,0.15369954605828431,1.5789760301998073
2013,T - IPC4+C23C,0.17315589753891972,0.671104701614204,-2.334999113575855,-1.369289461133477
2013,T - IPC4+C22F,0.08529907624809539,2.9941424908921057,-1.289267593472188,-1.6224406438924264
2013,P - 1805,0.13589932088377826,-1.7175824173000094,0.3293168469804357,2.436792654077284
2013,T - IPC4+C22C,0.14414284151974396,1.0725469020468912,-2.2555177236417285,-1.3568015712411017
2013,P - 1806,0.2269174770152527,-0.22680793364015658,-3.466719091458109,3.00857704667901
2013,S - 1578567585,0.2254419266695353,-0.5076199131636512,-3.5217275605914162,2.566043347891479
2013,S - 14_17,0.20556942292485225,-0.5389944432952708,-3.113280303026614,3.8376701331955627
2013,T - IPC4+C40B,0.15304767125291233,0.6731009659308248,-2.5556731395844907,-0.9284943329845473
2013,P - 1701,0.2830012724486793,-5.435748771941034,-6.1285589819617945,2.5009850152089235
2013,P - 1605,0.1501339270393779,-2.0675441827194065,0.3607501015282006,2.1678847896974838
2013,T - IPC4+C25D,0.1385607304930952,0.6969799537455715,-2.1179790132985508,-1.2204044908753209
2013,P - 1702,0.16161080739402092,0.5139480866890273,-2.069088784158714,2.86558590835414
2013,P - 1704,0.2784687344834781,-2.1276930488636174,-2.4348684139776577,2.609653892595786
2013,T - IPC4+C25B,0.15312955706089074,2.376987778577357,-3.4255862573002944,-0.8543094347977026
2013,S - 22_22,0.19203979270182456,0.542864133289091,-2.9188228515049923,3.970532040505177
2013,P - 1515,0.22635810771349732,-3.482084900364537,-0.49989374852929114,2.059359232183861
2013,P - 1517,0.2259275647175642,-2.054146691389059,-1.8982157786302032,2.6257527230640862
2013,S - 22_2,0.22355296130371638,-0.7481163076231496,-2.685569180734779,4.148892974707743
2013,T - IPC4+D03D,0.13468105790092152,0.8232453564997652,-2.544499698944704,-1.054842689008859
2013,T - IPC4+D01H,0.07863050345410146,2.113919960618872,-0.14011763604640895,-2.0904937689744054
2013,P - 1520,0.13208024810857022,0.39985479423763814,-1.4162788247893476,2.8534789147244966
2013,P - 1601,0.20275367778529438,-0.2898043902165772,-2.6925588188796445,3.281811051887955
2013,P - 1518,0.19148391169182066,-0.3422366453807095,-2.773861772999699,2.7579439526000913
2013,S - 14_16,0.143913053971006,-0.04673452648258245,-2.2045888906085502,3.8192019811597437
2013,P - 1602,0.20685470038325066,-0.7013530341259784,-2.3659244153109893,3.102489733865751
2013,P - 1604,0.2357379972971069,-3.758318386777787,-3.319796445874878,2.727575060988068
2013,S - 13_8,0.3310619517527122,-3.024531761461175,-1.3832926779065575,2.361716554436148
2013,P - 1511,0.10415817665143548,-7.477410831304469,-10.974640163925253,2.169457356535456
2013,P - 1513,0.12635117672852356,-6.85758232786279,-10.987640025784291,1.3719813670803132
2013,S - 13_9,0.2929513462561928,-2.5184145564091946,-2.129622684533605,2.983379435675193
2013,P - 1512,0.17178440626079455,-2.5326376539797675,-0.8015831691739181,2.813092881497527
2013,S - 14_0,0.17507211968470107,0.15082340020134896,-2.6609051782225692,3.4239037472243767
2013,T - IPC4+D05B,0.052560192293346256,4.4668610484697755,-0.2674003248091915,-2.058683947214034
2013,P - 1514,0.12003806575918745,1.8861548209675132,-1.8776462852618028,2.988688967653722
2013,T - IPC4+D04H,0.14105505330299953,0.2596372936284661,-1.9774659797534415,-1.2369358490588758
2013,P - 1516,0.17770749970698296,-3.9622916032145397,-0.9169428519981703,2.496638902159944
2013,S - 13_4,0.20739461471716245,-3.2448507695564808,-1.4150751606541838,3.55753589120484
2013,S - 13_5,0.21056282118456363,0.022186580272242525,-3.062404682798971,2.6973343752213914
2013,P - 1214,0.09706764138596484,-0.7051567721108769,0.42873217241012584,2.603111888737976
2013,P - 1302,0.15601747125256826,-2.2876088309636806,0.45751325047454117,2.2851906259710955
2013,T - IPC4+E01C,0.14315372674065,2.3690869137002433,-3.194369571731976,-0.8776821837979344
2013,T - IPC4+E01B,0.09566622445662329,2.7414006282637664,-2.1522576337976935,-1.449132360595225
2013,S - 13_6,0.20633225060257587,-0.309208800032366,-3.16062642159726,3.2745286732566985
2013,P - 1502,0.11342537644023903,0.6211865068013822,0.058060965829406126,2.640888653805143
2013,T - IPC4+D06N,0.11865962988928072,1.6291614476702845,-2.0973576923029964,-1.3952655621079928
2013,S - 13_7,0.2246835632847521,-0.6007483439513072,-3.622244522621729,2.7217392084146663
2013,P - 1504,0.163858505366695,-1.2328326524966002,-0.6891576090024479,2.827988731485188
2013,P - 1509,0.08168563624092458,-1.182602365381369,-0.45813787098880254,2.685903171595243
2013,P - 1507,0.1591737116110392,-1.6142219081128042,0.23152465789580776,2.1049008981597432
2013,T - IPC4+E02D,0.15635053279233957,1.71697427932669,-3.5083428283830838,-0.7168083200585208
2013,S - 13_34,0.17115169507009648,0.5829031421671073,-3.0637690524919474,3.1419722071201868
2013,S - 13_35,0.171916227321923,0.3731226763667867,-2.393701858768333,3.7110539325060765
2013,P - 1208,0.13084140211676099,-3.1165006568093685,1.1852998675193256,2.057316511506515
2013,T - IPC4+E02B,0.1893564554458328,1.523244593404464,-3.676347922158835,-0.7951819390921513
2013,S - 13_36,0.19052411249538348,0.749990826479506,-3.66924222663681,3.1139892160985667
2013,P - 1209,0.19025428774271563,-2.096962808670709,-0.999045905100222,2.5384380528363266
2013,T - IPC4+E01H,0.11237910002384219,3.0310391089965414,-2.649288141573887,-1.2391575399239814
2013,S - 13_37,0.15833121910976503,1.880422638392869,-3.6072727399677245,3.2348970689918977
2013,P - 1211,0.2908510277871085,-5.715603191086175,-11.171856217564958,2.996599632813972
2013,T - IPC4+E01F,0.14226789132670098,2.429443878022143,-3.4683796668013147,-0.984736714462194
2013,P - 1212,0.2469658064238131,-4.6056165576585535,-13.39403239231667,4.939902814459191
2013,T - IPC4+E01D,0.09178282669688019,3.722511611264168,-1.9018130070443127,-1.560587062986625
2013,P - 1108,0.144342895372827,-0.07217330634605724,-0.502519237623687,2.6558825490281324
2013,S - 13_31,0.2001212857203621,-2.9496386447661886,-1.8810379117812792,3.3129240255788446
2013,S - 22_68,0.19892034747407558,-1.9989572716444117,-0.9841827470112323,4.322557900445467
2013,T - IPC4+E03F,0.12961120479037858,2.608406627068745,-3.007755522654183,-1.1839135244224086
2013,T - IPC4+E03D,0.12149832691530399,2.7598407504758087,-2.3302198975958075,-1.2511781951933818
2013,S - 13_32,0.17795348690297122,0.7891608310282743,-3.469268746889438,3.143641213139889
2013,P - 1205,0.1173981202251836,1.1241708922764488,-1.1572980638893928,3.143438249834719
2013,S - 13_33,0.18057909092066093,0.31705490174260914,-3.068622542985721,3.307336165287015
2013,P - 1201,0.05880906675759748,-2.3914685469890706,-0.362669258316039,1.5647682202385917
2013,P - 1202,0.1652789252121875,-8.682724735657734,-14.466874735113915,2.4969214977241956
2013,P - 1207,0.258662022451478,-8.169493524394454,-15.36285262634426,2.9564390695150533
2013,P - 1206,0.1432518145470733,0.13203635102383643,-0.3488829095056116,2.9397748407237096
2013,T - IPC4+E02F,0.12241195857653848,2.536020544206684,-2.442091009748139,-1.2481859375259676
2013,S - 13_29,0.25401926411739445,-2.197505890642112,-2.6866538387093644,3.1638146350252843
2013,P - 1101,0.31804159230766443,-4.340267491497624,-4.508964302105161,2.3257918672102056
2013,T - IPC4+E04D,0.14354023559961937,2.4242816226985444,-3.4400812813215187,-1.0260669882426858
2013,S - 13_3,0.30720888290586457,-2.673975301557271,-2.2931163488504676,2.526371460360772
2013,P - 1104,0.23536349224561198,-1.4750087392849494,-2.090664301975574,2.69270358560684
2013,T - IPC4+E04C,0.2152289114858778,1.3543752181030264,-4.441384784518348,-0.458926880562099
2013,S - 13_30,0.20760178280073077,-0.04469903921609961,-3.209356329563638,3.267477596073866
2013,P - 1107,0.1270718331712997,1.1130037266391997,-1.6427160957586433,2.8640243360287863
2013,T - IPC4+E04B,0.21256149305058797,1.139769437752645,-4.540352282234807,-0.3206463211135286
2013,E - 29_4,0.3368524924288717,-2.461212467448964,-1.7422101055884267,0.22956573956411222
2013,P - 1005,0.15372224766385092,-2.3507081236577276,0.2592450096451523,2.4042102538218764
2013,S - 13_25,0.23096940196629406,-1.2156700279284536,-2.9972342318109826,3.119696564478559
2013,P - 1001,0.1555908562036981,0.5160966329503454,-0.9626134725198154,2.9947359782181304
2013,T - IPC4+E04H,0.17149911657590436,2.221185188472174,-3.8423460400814395,-0.5993692026706259
2013,S - 13_26,0.2571257173583124,-2.2676769146464975,-1.5674193683981004,3.8384879230150375
2013,P - 1007,0.08053447240054024,-3.5712238905303835,1.0339424508136252,1.5219747041396885
2013,S - 13_27,0.2541011192876445,-3.066098428353397,-1.1669011044360142,3.8106103335468826
2013,P - 1006,0.1658914119771194,-6.035968430806047,-12.911910639277727,1.6221341439312367
2013,S - 13_28,0.23075389475236874,-0.4436137750491023,-3.412201724348828,2.92850608554806
2013,P - 1103,0.23250663295785798,-2.9936089036487865,-1.0646541685121869,2.4973007397742455
2013,P - 0902,0.17308522970704313,-6.586937762409916,-8.902132356193757,2.3993280766324183
2013,S - 13_21,0.19650488938686203,0.5183837782544324,-3.3900173427522335,3.139748813649622
2013,S - 23_18,0.27072374148592276,-3.1849005954593212,-2.2754022553306696,3.005312736059614
2013,S - 13_22,0.26878302103018953,-3.5322378550578777,-2.1981141129009005,2.4773341524802035
2013,P - 0904,0.18630502911427443,-5.40319030096013,-8.614972984656472,1.7649355861268043
2013,T - IPC4+E05F,0.1003887632354351,3.6072274917243137,-2.3086304466361467,-1.4335857632401348
2013,S - 13_23,0.16333406559294944,0.9527092864505844,-2.9059898537119926,3.0100150142436197
2013,S - 13_24,0.18920653778168073,0.3870123011632306,-3.1238661716586305,2.8304108181731413
2013,P - 0910,0.25659025271671715,-4.682078573382583,-6.748955293133683,1.769790076073968
2013,P - 1003,0.13507428166154947,1.3197235751552474,-1.8682531128351483,2.9395849284467297
2013,P - 0809,0.18024833787098518,-2.0208314798188063,-0.7143589107628096,2.7172794381543346
2013,P - 0810,0.2209134989101053,-2.7568037311677287,-1.7231423323667188,2.3144908933068615
2013,T - IPC4+E21D,0.11364287297855191,3.098327535020132,-2.2206267553115024,-1.2897550786300152
2013,S - 13_2,0.16565792856575892,1.3297646133769951,-3.289679509529098,3.4867878028042845
2013,P - 0811,0.21484109705426316,-1.0295674203062426,-1.7972678399698252,3.050196691955501
2013,P - 0901,0.23828540553348257,-5.5407332431142695,-3.228819121072706,1.6895807101036358
2013,P - 0813,0.2131588305925055,-2.583320259193471,-0.9078289771045766,2.48980617660407
2013,T - IPC4+E21C,0.14757127604825115,1.4983062386778643,-2.5539328596498665,-1.109830865788326
2013,S - 13_20,0.2981123507531263,-4.020326178179208,-1.91198350981571,2.686179232651328
2013,T - IPC4+E21B,0.19878198618616524,0.0799460575450936,-1.4346190998699964,-1.7167331879273686
2013,T - IPC4+E06B,0.15427773247129112,2.284168546026337,-3.7649663541657525,-0.6989510096886687
2013,P - 0804,0.23893289369991338,-5.78774150700062,-10.32648279367645,2.0674083809944053
2013,P - 0805,0.18495918027000455,-3.0398126385696216,-2.103222347049018,2.5435074454367887
2013,P - 0806,0.1515009015639109,-2.2139200068011777,-0.4047881946343116,2.4547132875231834
2013,P - 0807,0.19652236335425333,-4.604530775649395,-7.257588983887649,2.0335800506255186
2013,S - 13_17,0.25461598669981517,-1.5045072031292883,-3.4810332886983564,2.8042480676252444
2013,P - 0808,0.1615221020863947,-0.5572491417946847,-0.9154506653476625,2.882059122555208
2013,S - 13_18,0.24987575801483755,-1.80205472610826,-2.4418434488649297,3.120483459640061
2013,E - 30_10,0.21649699383818571,1.0059735831126397,-3.654440252116514,0.7715424355802348
2013,E - 30_1,0.3516681255827407,-2.4314813820681698,-1.4559881714647744,0.3897303464657641
2013,T - IPC4+F01C,0.14622129513785098,1.8710420101012912,-2.8382925322181682,-1.0818590357704452
2013,S - 13_19,0.1921761837327743,0.28184640983306103,-3.073098450287215,3.199919775141063
2013,P - 0714,0.15031689234648293,-7.731982269668548,-14.998722144247386,2.3225666296744794
2013,P - 0801,0.17959886262494631,-9.017779322300077,-9.374730588250582,0.9824096581869712
2013,S - 13_12,0.21105088772696412,0.16384729138464177,-3.4742120807062107,3.38340052937772
2013,P - 0802,0.18568174425867898,-3.6679543375729673,-2.5211639458200414,1.7675624101998255
2013,P - 0803,0.18462735132815233,-4.682254434354469,-9.670197012921305,2.268866427215089
2013,S - 13_14,0.20751663908213058,0.3034194696613238,-3.6040573966060956,3.1117098084486945
2013,S - 13_15,0.2801281923588444,-2.17401298050728,-2.763568902932199,2.6906590908368817
2013,T - IPC4+F01N,0.11495628496480069,1.9193686899857492,-1.4413522099473635,-1.679340947030515
2013,E - 30_11,0.3497604521250556,-2.41096361274696,-1.5256595839422842,0.2839170316473312
2013,S - 13_0,0.21089225606654735,-0.5409885643418741,-2.8539137754933126,3.0782976054688955
2013,S - 13_1,0.18764906862601943,-0.13367476325572844,-3.2283452727721547,3.1447693550899865
2013,T - IPC4+F02M,0.12736083730457207,2.3150026776401758,-2.29822548808712,-1.2517515090288376
2013,S - 13_10,0.20044223542194095,-0.11053235582900117,-3.404878063180538,3.2087450743521564
2013,P - 0710,0.19343254993141476,-2.3711780080237297,-1.0235531362877535,2.6660273210475043
2013,P - 0712,0.1569114777092251,-2.810485803731496,-0.8011861244736477,2.1727832672996725
2013,S - 13_11,0.23987122067655067,-1.2305143042003657,-3.2382235468771072,3.000615358452069
2013,P - 0713,0.21929672547237283,-6.795262183642971,-17.3618609854294,2.530085666859416
2013,E - 30_13,0.3448967926351285,-2.4026430648367842,-1.5787077749345992,0.3633120080029451
2013,E - 30_12,0.3410063109297153,-2.331547022069477,-1.4172492459930899,0.4351548817058785
2013,T - IPC4+F02C,0.13183597321475926,1.3158036961308925,-1.507850613755587,-1.752705449904134
2013,S - 11_9,0.25947717947972554,-2.68755665054426,-2.1936726622674905,3.161502683933622
2013,P - 0706,0.18100767390218034,-1.5269185038451694,-0.574443151379155,2.608675697401279
2013,P - 0707,0.14569139002533738,-1.846133754599214,-1.333542159994745,2.5850903414170228
2013,T - IPC4+F03B,0.2050906822743343,0.562074018191585,-3.5076371604384478,-0.8077314221466287
2013,E - 30_14,0.34148477371273667,-2.4241762858824427,-1.454989138389716,0.2848335846432312
2013,S - 17_26,0.179758357438368,0.42770816946216517,-2.931152346141356,3.7524812606387723
2013,P - 0708,0.21512175607044343,-6.998828359099082,-7.96295115479229,2.159131425744973
2013,P - 0709,0.24419409590189856,-3.4283078178930504,-2.750835005079987,2.4614582574125166
2013,S - 11_4,0.3167405204152581,-3.9630395115242987,-1.3677816678309886,2.3329617588131772
2013,P - 0702,0.1495775000369281,-2.470573016874082,-0.9985368975523625,2.502712455954382
2013,T - IPC4+F04D,0.1363032916861877,1.8820390402545553,-2.631976029680616,-1.1129882531160638
2013,T - IPC4+F04C,0.11301147056357426,2.5208331655180083,-2.131653830045848,-1.4553253809980953
2013,T - IPC4+F04B,0.14978921066578982,1.924776917854607,-2.697629163915145,-1.1502004262452001
2013,P - 0703,0.17497217229025033,-4.016643854810954,-1.5845933398627723,1.949105723811211
2013,S - 11_7,0.2437019475275639,-0.37560686358504836,-3.677032007374548,2.8235771623609467
2013,P - 0704,0.1601822184467155,-2.139193352895697,-0.44565891835649063,2.4031354838972967
2013,T - IPC4+F03C,0.10700390620081827,2.6439656907001425,-1.5342201215503224,-1.5942881209260145
2013,S - 11_8,0.15560427243515643,-0.6846509750243527,-2.102789939434165,3.3311056221176565
2013,P - 0705,0.1268435487322904,-0.11278860611350904,-0.8833838803255799,2.7138510981096564
2013,T - IPC4+F16C,0.12126805655759355,2.6402247567848254,-2.3979264085403913,-1.2980603025607649
2013,S - 11_32,0.19108927861025116,0.27032245623994255,-2.7026716401227624,3.517669921356448
2013,P - 0511,0.24380329482546237,-1.159227281165168,-2.751243436180132,2.4553255986217164
2013,T - IPC4+F16B,0.16395826718117332,1.966640217314014,-3.027563682750583,-1.4032235369037975
2013,P - 0603,0.12262736081964587,-4.516513932550698,-3.521719228295256,1.8423786572196954
2013,P - 0604,0.2049362738750269,-3.4812955849459217,-1.0191510482173267,2.055157928998792
2013,P - 0602,0.16429033453096714,-2.644230363963798,-0.6623171267734567,2.597526966083031
2013,P - 0701,0.1882080303150869,-1.5229064828333105,-1.2421055519120945,2.6287349184936635
2013,T - IPC4+F15B,0.1162325669013554,2.222450319070206,-2.337013918934136,-1.2436829498442015
2013,E - 30_17,0.3515891298755288,-2.4017852297987767,-1.1238566980535605,0.40929163828583076
2013,P - 0405,0.15970511196310597,-0.11324609642401678,-1.7504978377173703,3.029008885686926
2013,P - 0407,0.19040454830931072,-0.9041118574580127,-1.8231032345541593,2.84498082381573
2013,T - IPC4+F16H,0.13797049470945463,2.06094378597883,-2.1996959179466975,-1.3684454928266534
2013,S - 27_36,0.22390578805760575,-2.3005318531311767,-2.414110956705598,3.2587601889982154
2013,S - 11_3,0.26383639504476775,-1.1246174768018586,-3.7146034297141024,2.7741519827706935
2013,P - 0504,0.18043911178613886,-0.9818575638728247,-1.0171234052060933,2.7515309234106238
2013,P - 0406,0.19501625075324625,0.3427136786192383,-3.195691365083877,2.9840113944552855
2013,P - 0409,0.2016810224074849,-1.5407533059140786,-1.1154696394854022,2.737978490619585
2013,S - 11_31,0.3098296733232648,-3.0119172925456295,-1.2626797455906689,2.719123121450123
2013,T - IPC4+F16D,0.1292057373646796,1.9239903602593618,-2.2716170322349596,-1.3843932849642282
2013,E - 30_20,0.3361574606882504,-2.219080507647539,-1.6286804210091124,0.41899216719617016
2013,P - 0601,0.0992356908234341,-0.6952904075154819,0.5987861418922417,2.3326586170115675
2013,P - 0306,0.24079309369686394,-4.767989053196934,-8.416928313391677,3.154233881319558
2013,P - 0307,0.24858330632568293,-3.9255847111025335,-11.50784676959726,2.9718374784711936
2013,P - 0402,0.20085103247539715,-1.9331598666545555,-0.8566063217553934,2.7066969490809165
2013,S - 11_25,0.23974921619494605,-1.938727902043946,-2.9545912633125053,3.6460793325121625
2013,T - IPC4+F16L,0.1756643012980136,1.4501507961812505,-3.3348146572321062,-0.9779762357277346
2013,P - 0401,0.21826648376636412,-0.870221943926347,-2.8385610469174836,2.969181321235864
2013,S - 11_26,0.2525664423814862,-1.6265033054439026,-3.0272460485923576,2.8782622752342992
2013,P - 0403,0.20168600896914993,-0.3302949151264042,-3.1333732706218047,3.0098044463370517
2013,P - 0404,0.15356010335270606,1.6517119163928042,-3.1018099923522393,2.823921283192438
2013,T - IPC4+F16K,0.15271149853085572,1.9197723164901266,-3.2571510034127438,-0.9194926882006095
2013,T - IPC4+F21W,0.11872719427688633,3.016880349888106,-2.907678443991071,-0.9853310492528329
2013,S - 27_67,0.22610844179133938,-2.6233807440073913,-1.4824199534941012,3.868821890424711
2013,P - 0208,0.15216422156628678,0.5043065653473064,-2.31316825513311,2.913817772639777
2013,P - 0301,0.2507339890449205,-2.755042721081646,0.2677726016012445,2.0163464020369717
2013,P - 0302,0.27253704610013163,-3.00801464947101,-7.011909012044495,2.827383214286064
2013,T - IPC4+F21V,0.14622638090540094,1.79519264939297,-2.564834425580267,-1.1254572752733474
2013,P - 0305,0.24716528700782164,-3.611949515968365,-0.91796920423531,2.19568060072704
2013,T - IPC4+F21S,0.1241856195544242,2.4791946652302372,-2.418566660876165,-1.240814802588181
2013,P - 0303,0.3269332858367501,-4.031367756108497,-9.347935512620626,3.1953117727246947
2013,P - 0304,0.24124668059958504,-3.2391324145513143,-3.22587774181453,2.3473270098586196
2013,E - 30_4,0.26088429389208634,-0.445272522563054,-2.8384417865065905,0.7319679563231917
2013,P - 0202,0.13035884783119184,-1.7648362118104854,0.9518193338850109,2.0588244088597456
2013,S - 11_15,0.3378473142232997,-5.253035846464348,-3.099291262030998,2.4929169814169834
2013,P - 0207,0.16782686001509642,0.6853047128732275,-1.7431671288770885,2.937284671173762
2013,P - 0204,0.12093020597432723,-2.6561569082321985,0.783508610568941,2.6444361866835115
2013,T - IPC4+F23D,0.14263068588428482,1.6896640029014924,-2.674266006430212,-1.0266531958363052
2013,S - 11_16,0.2727673392056886,-2.781496959545689,-2.1441586784987834,3.4143376433019488
2013,P - 0206,0.15551139886466997,0.08914453790567611,-1.8440047396548254,2.8756409883960745
2013,E - 30_7,0.3141819851245619,-1.1214148748962571,-2.48155426723132,0.43773511399119197
2013,P - 0210,0.14398158187188095,0.41508609452330175,-1.9714247415544595,2.982255260179942
2013,T - IPC4+F21Y,0.11721446841816827,2.321986510202368,-2.0018449245962864,-1.3142906585507497
2013,P - 0104,0.16247927873885565,-4.01835460470355,-2.150651420699218,2.264026320940627
2013,S - 11_10,0.3686046968419247,-5.398168431053671,-5.693584300381329,2.374849525804312
2013,P - 0103,0.10056903060857367,1.5810464662623567,-1.227899688095485,3.1489207228516007
2013,S - 11_11,0.185766833305347,-1.2619579147338764,-2.8472262320241195,3.2044569485194505
2013,T - IPC4+F23N,0.11402491214345944,2.551135888150967,-2.533384375673247,-1.2249045524323636
2013,P - 0105,0.16259433357715056,-0.519231074388992,-1.9876295311038843,3.010062898594661
2013,S - 11_12,0.2894726455333484,-4.041952073862113,-1.8464784121151159,2.9057523224674338
2013,P - 0201,0.1529029831998217,-0.3707214196727064,-1.2451423686536045,2.9516779149440726
2013,P - 0203,0.11087504655708363,2.399967140299586,-2.0797308279218822,2.9686053991139
2013,S - 27_89,0.15387787925153168,0.20113247439459675,-2.2255097778960025,3.518907252289151
2013,T - IPC4+F25D,0.12647127176170472,2.2341471627905096,-2.5526423958827134,-1.1118450355632419
2013,T - IPC4+F24S,0.17446947955053868,1.5664535609690422,-3.5011788654609157,-0.4802889228096418
2013,E - 9_19,0.19073899704590017,1.300798795656377,-2.6794221609515367,0.6842341531146338
2013,T - IPC4+F24H,0.1612117687245346,1.824794063112605,-3.6368834813595106,-0.5552984463758172
2013,S - 1158833789,0.2855384953221221,-3.882752083592042,-1.8439806554443021,2.889776985497506
2013,P - 0101,0.14177220478213073,0.2066691462222453,-1.4905882818834084,2.753906785545023
2013,P - 0102,0.2056870231222505,-2.2922279945859794,-0.7933614116501809,2.9743788321319413
2013,T - IPC4+F24D,0.1374361083582862,2.9624566274751407,-3.8835498503103327,-0.5810662221861207
2013,S - 11_1,0.29095222540125915,-3.719342925546343,-1.389545102017906,2.7037557177238356
2013,T - IPC4+F28D,0.15089770766247038,2.066681263426167,-3.211904506477158,-0.8236642562673344
2013,E - 3_3,0.2860285592158937,-2.245125325647478,-1.855702032685631,0.26313022991069795
2013,T - IPC4+F27B,0.15706513630081312,1.5315587665142734,-2.8695310564412218,-1.2002010839209452
2013,T - IPC4+F27D,0.1656635162274927,0.9742812080400626,-2.5836245164254636,-1.4020567355339018
2013,T - IPC4+F26B,0.12992165799410002,2.007045650583084,-2.8579887052757584,-1.060216955530209
2013,S - 1077290770,0.31036579521783986,-4.824055713414911,-2.7576997793024534,2.5632343877193593
2013,T - IPC4+F25B,0.1412174007796656,1.6524183796926843,-2.427894110418271,-1.4629061822523164
2013,S - 33_31,0.16664648855742875,-4.916044353593136,-0.4253619661920931,3.842071991378042
2013,S - 33_35,0.18555580067399183,-1.2979854947727323,-2.6810406608618673,3.537718537913688
2013,S - 33_23,0.196509615730488,-3.1192942686504126,-0.58563606128419,3.385821171428908
2013,T - IPC4+G01B,0.1415550336073616,2.0143899407606,-3.1010763376808845,-1.0290399623578577
2013,T - IPC4+F41H,0.11008767472080656,1.6582201586891991,-1.9154565189707857,-1.3764549754906625
2013,T - IPC4+G01N,0.21547470603513263,-0.1447015212445995,-2.9574152950316166,-0.7874088406378601
2013,S - 33_74,0.130938751704959,2.1923019757569913,-2.4168333278288423,3.742237446092809
2013,T - IPC4+H10B,0.07708572128532942,1.50555521395508,1.330823780884056,-2.3450675005550585
2013,S - 33_45,0.22395373987820927,-2.0822352084111677,-2.7335805355500953,3.8370859328871587
2013,T - IPC4+H10N,0.14377713921453425,0.8599966049511026,-1.8424021966563198,-1.5280967640821908
2013,T - IPC4+G01K,0.13557872100501134,2.2235126909564564,-2.8028151338387097,-1.1695822811440495
2013,T - IPC4+G01L,0.1535963955194982,1.9361017595994132,-3.0108801955176046,-1.1487485306253356
2013,T - IPC4+G01J,0.15863339765634946,1.436003129946528,-3.1403602842564573,-0.8673123423381357
2013,E - 16_20,0.22824278274914847,0.038496058658865,-2.832890261932873,0.3898693883430277
2013,S - 33_32,0.14615456945990157,1.0145619774147774,-2.6976849725820027,3.7743878338597603
2013,T - IPC4+H04Q,0.16878403719935978,0.5637871493796219,-2.3596172808681866,-1.0519267613065069
2013,T - IPC4+H04R,0.13800216554481975,2.1888376382036583,-2.968876925503979,-1.0911623128809336
2013,T - IPC4+H04S,0.10746158185072349,3.089598213973236,-2.5717955164687267,-1.3027130128119682
2013,T - IPC4+H04W,0.20400685559895715,-0.16517323773557682,-1.192416049638309,-1.673869660607602
2013,T - IPC4+G01R,0.18438080502272025,1.0402895368091198,-2.976392445139358,-1.1720360891485875
2013,T - IPC4+H05B,0.1684788694968472,0.8201389005827271,-2.3438451699283123,-1.1766317543220937
2013,T - IPC4+G01Q,0.0896920062808793,2.4735829152247306,-0.4928137102592647,-1.9861266386738832
2013,T - IPC4+H05K,0.13544090172815418,0.8338634950743508,-1.6042207636478398,-1.450481202093757
2013,T - IPC4+G03B,0.11850327052010616,2.2995749161329875,-1.805374813675692,-1.4587929153459227
2013,T - IPC4+G02C,0.13681427818316985,1.56236751648049,-1.828831486599859,-1.439339767911139
2013,T - IPC4+H04J,0.1703813618709077,0.29342961289541597,-1.2462323571057285,-1.6157245965718225
2013,T - IPC4+G02F,0.12528985321366368,0.2161231306620965,1.260502340176288,-2.279858740665125
2013,T - IPC4+H04L,0.2179908382020047,0.10783140586550573,-1.558203770560856,-1.4889352554685897
2013,T - IPC4+G02B,0.16803710074013586,1.2056636098120752,-2.009738139893629,-1.447201178979331
2013,T - IPC4+H04N,0.16693683194900633,1.063227021938867,-1.7396129421042914,-1.4403712557990775
2013,T - IPC4+H04M,0.20410440683516903,-0.12288923192001293,-2.0170478468666446,-1.2392363030040057
2013,S - 11_5,0.23179751010353583,-4.653173449133769,-1.5495061694067738,2.7919161554737233
2013,T - IPC4+G05D,0.15307723523959557,1.9119698765595798,-3.2289097497804495,-0.9316680516355773
2013,T - IPC4+H03K,0.13488250630958132,2.1484844207982947,-2.4652727127246052,-1.3986946450761237
2013,T - IPC4+G05B,0.1732373005382742,1.81436919788179,-2.825118988413742,-1.1525190975494297
2013,T - IPC4+H03M,0.16757185432298355,1.290952079626672,-2.913502875672395,-0.8961109360562554
2013,T - IPC4+H03L,0.11283012496640094,2.2963491600993526,-1.8014721450674243,-1.3285705366282816
2013,T - IPC4+G03H,0.11247831858890893,2.638447506176742,-1.592833285303741,-1.7014846605082232
2013,T - IPC4+H04H,0.15493493451649265,1.2866337483615022,-1.9888591815601537,-1.3522860029361565
2013,T - IPC4+H04B,0.18679907024284825,0.09470227212410483,-1.7668744155925031,-1.46006727040686
2013,T - IPC4+G06K,0.1867117066253172,0.7813849802838544,-2.772678577230195,-1.1748852286038287
2013,T - IPC4+H02N,0.1423389300335913,1.3327291851097405,-2.0780169695721895,-1.2973968094477717
2013,T - IPC4+G06F,0.20930496327398684,0.45888047973962365,-1.5264389822248212,-1.4971386740707529
2013,T - IPC4+H03D,0.12118382619924854,2.601869977507304,-2.0393928221099142,-1.5544151415463165
2013,T - IPC4+G05G,0.11079175394493766,3.107822525117611,-2.384668980861769,-1.313014836933243
2013,T - IPC4+H03F,0.11242954811638997,2.278369013899066,-1.9044628417995835,-1.2831852811958169
2013,T - IPC4+H03H,0.11365576920510233,2.2939239839671757,-1.644432191928885,-1.4540723288471478
2013,T - IPC4+H03G,0.10999413085507165,2.921221035846301,-2.416474284074882,-1.2147752830254315
2013,T - IPC4+H02H,0.1562157809543523,1.5678711460200434,-2.515507401798295,-1.2381170678605915
2013,T - IPC4+H02J,0.16287433261800546,1.5672819067698132,-2.4511804095073577,-1.041119322273163
2013,T - IPC4+H02K,0.16001733835499724,1.7717578292015694,-2.8610853564485064,-1.2049414712318447
2013,T - IPC4+H02M,0.150105393898582,2.0069748099464615,-3.0353010829165514,-0.9759904901357997
2013,T - IPC4+G06Q,0.20719056635555744,0.5324171514699618,-2.1225863947938404,-1.1429802899922648
2013,T - IPC4+H02P,0.12497376676131104,2.459999552471234,-2.654057634292527,-1.3789812192676756
2013,T - IPC4+H01P,0.1184210899204448,2.5333749004079964,-2.161196770481435,-1.276931463651134
2013,T - IPC4+H01Q,0.15669352958547228,1.0063850289282545,-2.627082199938216,-0.9449840266615102
2013,T - IPC4+G08C,0.17013594695717574,0.47177670023771956,-2.6878271442323163,-1.1162848468262385
2013,T - IPC4+G08B,0.17766524449949272,1.074731833354659,-2.8791127847095037,-0.9895519738806348
2013,T - IPC4+H01R,0.13370380781465208,1.912750687957875,-2.013167053033393,-1.3307028748724663
2013,T - IPC4+H01S,0.13842100781351135,2.237194390088286,-2.1380843485417156,-1.2462985392312989
2013,T - IPC4+H01T,0.09628423467066537,2.316122140146832,-1.1020482003731402,-1.7757896664028885
2013,T - IPC4+H02G,0.14497869339910321,1.5614118957774705,-2.6466419492181235,-1.340944528234519
2013,T - IPC4+G07F,0.16646769237711576,1.574433539329204,-3.367885672404319,-0.6050115964909923
2013,T - IPC4+H02B,0.1245184205040312,2.0854300481428907,-2.461846778495046,-1.0628174589041028
2013,T - IPC4+G07C,0.1597503692255428,1.9246181438033145,-3.0522333413635914,-1.135274688901568
2013,T - IPC4+H01B,0.1716069099046574,-0.4955506284024527,-1.866389231589559,-1.101894661206877
2013,T - IPC4+G10L,0.14538178232566965,2.169564308303654,-2.9740670944590857,-0.9747701160060812
2013,T - IPC4+H01F,0.18205317300366586,0.905528315106814,-2.8543320175087574,-0.9018910370268003
2013,T - IPC4+G10H,0.08315070553061475,3.7832138869100778,-1.3690652447422824,-1.6651698061142828
2013,T - IPC4+G09F,0.1507883325031062,0.709442815881223,-1.6093339727981952,-1.5941153271770434
2013,T - IPC4+H01H,0.1462443630422126,1.6159363048310786,-2.436410532868242,-1.2640332759181865
2013,T - IPC4+H01J,0.14430670454684305,1.257206790928836,-1.945765763607622,-1.412503054332875
2013,T - IPC4+G09C,0.1072472094376253,2.3868922773034393,-1.262477533369434,-1.93391276623787
2013,T - IPC4+H01L,0.17775882160443407,0.23187706517783993,-0.22049813190872639,-1.8550963791697526
2013,T - IPC4+H01M,0.15690338983931984,0.5056745195492289,-1.125696951104685,-1.7877909667507308
2013,T - IPC4+G21C,0.08365334421689571,2.665825636415804,-0.7942322329615038,-1.8183790849356951
2013,T - IPC4+G21F,0.09517267901088604,3.3770770090584095,-1.6622653330441106,-1.4697628422577362
2013,T - IPC4+G16C,0.09784031945800807,2.6809914525600833,-1.4583639552476404,-1.5388472680507475
2013,T - IPC4+G16B,0.14174086798010554,0.6679148654989349,-2.7506842298408665,-1.0632134973751846
2013,T - IPC4+G11C,0.11991339186282272,0.10292566147658656,0.6698486053269668,-2.169149588359636
2013,T - IPC4+H01C,0.10006426948590876,3.3185101095880207,-2.065327292990907,-1.368759989402794
2013,E - 14_1,0.2146952052380422,1.0069708353306435,-2.9556542446379703,0.6729771414431326
2013,T - IPC4+G09G,0.118799204319114,1.5927668208124663,-0.7318811371492508,-1.7407729306381845
2013,T - IPC4+G21K,0.1116608903585811,2.350624455919085,-1.5425970876419555,-1.6698236843006602
2013,T - IPC4+G10K,0.12372684515881625,2.0144936897703887,-2.5556762043982912,-1.3165019395448005
2013,E - 34_8,0.23682529976848962,-0.4745807171422364,-0.6882122512861866,0.26916558999727114
2013,E - 34_7,0.22526430967675629,-0.6025010861874923,-0.8434462063705253,0.4747857800878033
2013,E - 16_11,0.2641982017460602,-0.5249120389883765,-2.6884594143654357,0.05930434112327931
2013,E - 16_10,0.24107064426831765,0.4627022107592028,-3.2868906943066496,0.2742258006299143
2013,T - IPC4+G07G,0.102382409918553,2.601734107249923,-1.4610419522649358,-1.4064692117201658
2013,E - 16_1,0.20868643631216346,1.0565087188120728,-2.8059854484418745,0.3578573792475817
2013,T - IPC4+G08G,0.13773743473214023,2.1873002918003848,-2.613140757024465,-1.261984044394651
2013,T - IPC4+G09B,0.14707188938331323,1.8936285347653885,-2.6921738529007566,-1.0870555978798324
2013,E - 16_15,0.25793924561575426,-0.22963382597834722,-3.24310810666643,0.15214317511398429
2013,E - 16_14,0.25630450525443066,-0.16592264695516096,-2.6583916329830193,0.19807062541238846
2013,T - IPC4+G07B,0.09749261826303009,3.1642127751191778,-2.216149063634743,-1.367747714021215
2013,E - 16_12,0.22927166398467408,0.8272281593818422,-2.9580574117531953,0.3505920180657105
2013,E - 16_13,0.21103514919672836,1.649255687217023,-3.0814328291793394,0.3110256479582766
2013,E - 16_2,0.22408861947342268,0.927465319562808,-2.9854006531855792,0.46163061469094424
2013,E - 16_19,0.20349864452953806,1.6401420901235106,-3.3805365353535373,0.2882385240620057
2013,T - IPC4+G06N,0.14175216938721355,1.2290550055202198,-2.3754016688163957,-1.13417972982754
2013,E - 16_16,0.268482174785515,-0.3985770207293957,-2.8670596477876638,0.1863360654088268
2013,T - IPC4+G06T,0.15735155021337408,0.9112234562621415,-2.7000654245070455,-1.0161063994612867
2013,E - 16_5,0.24068008506658725,0.045573771748848114,-3.053291241401889,0.44251198023404287
2013,E - 16_4,0.25584570285781405,-0.4251764913266895,-3.059297858240706,0.21711059980461483
2013,E - 16_21,0.26677890237599355,-0.5548104880029381,-3.1153713851149596,-0.0801220060923532
2013,E - 16_3,0.2553283286885589,-0.31156929464166205,-3.6264993247445787,0.19513192407469632
2013,T - IPC4+G03G,0.05649427536157523,1.088842858547533,2.6087083376479,-2.3552387089825886
2013,E - 16_6,0.24584059265401845,-0.3078240492673297,-3.2309881797718925,0.277094700004834
2013,T - IPC4+G04G,0.09167457050659168,3.3161559881357165,-1.4148219881518687,-1.833216539942212
2013,T - IPC4+G05F,0.15288474464413948,1.5900565293135267,-2.168308639942084,-1.224678256000753
2013,T - IPC4+G01V,0.17503884795663807,0.20747046176905232,-2.08914200039824,-1.2765595342013234
2013,T - IPC4+H03B,0.10772871285847334,3.0727419857841807,-2.0097749794544977,-1.3396757635315073
2013,T - IPC4+G03F,0.11063964421242595,1.2788088260620207,-0.3709641602396204,-1.9183782434320962
2013,E - 16_9,0.2185772173602334,0.5310552050303989,-3.218970754750214,0.24320592135485075
2013,T - IPC4+G03C,0.0771518886127078,2.9470822608166323,-0.6029470711034053,-1.8947978156442267
2013,E - 19_1,0.21434775895031496,0.1248814532898614,-3.872763653020092,0.7526737855807526
2013,T - IPC4+G01P,0.13227515229941436,2.1586265261054223,-2.5749431459001295,-1.33922807453437
2013,T - IPC4+G01S,0.17714730494199343,0.6889041151772182,-3.036851522454681,-1.0403672030757174
2013,E - 19_7,0.20844482930173078,0.000447555165442329,-3.7171610746157975,0.7369121022054372
2013,T - IPC4+G01M,0.1391220109903676,1.9602743526150281,-2.7924900943947586,-1.1902913509436812
2013,E - 19_12,0.20291635404951808,0.5425758879069962,-3.5362988574116687,0.7238079887626472
2013,E - 20_5,0.20048499183136623,0.9329113543993788,-3.8569162114124085,0.8019803868445683
2013,T - IPC4+G01D,0.17155754819201993,1.3021247043697004,-2.7105311348767387,-1.2203867674792255
2013,T - IPC4+G01F,0.1578713834328387,1.8258076830830148,-2.926298327916734,-1.077310360892265
2013,T - IPC4+G01G,0.15011376313634064,2.0842764060560204,-3.345941660127293,-0.9938151296491063
2013,T - IPC4+G01H,0.12439860653119043,2.7067526910515403,-2.8760232993798973,-1.1048407404995462
2013,T - IPC4+H05H,0.13684682836127218,1.687039896843228,-2.134836002547369,-1.2440053585761133
2013,T - IPC4+F42B,0.13808142575627808,1.240148515527291,-2.593866401091186,-1.6112462198715225
2013,T - IPC4+F28F,0.14578975218304718,1.7739674687131972,-2.9674641151449563,-1.026622472001344
2013,T - IPC4+H05G,0.08694815440113637,2.910133822339329,-0.6373906532219964,-1.9170308643885008
2013,T - IPC4+F41G,0.08803818799366266,3.1027272044392706,-1.0417469343959151,-1.7968027081231246
2013,T - IPC4+G01C,0.14330445175145315,2.314036019713193,-2.964352057117021,-1.1310691194849016
2013,E - 10_0,0.13977006413601784,2.1192796168469603,-2.6737094623771034,0.23887077042521782
2013,T - IPC4+F25J,0.12294002352999508,2.3895652599820374,-1.9989862160548941,-1.2093537023908578
2013,T - IPC4+F24C,0.11515277717089338,0.984385227329822,-1.8381290035357707,-1.3754093206994948
2013,T - IPC4+F24F,0.1398126236775193,2.694202045372115,-3.2205216706555144,-0.9466252415194285
2013,E - 10_14,0.14869568910425005,2.8504842155274717,-3.4330077918837407,0.6887142616292352
2013,E - 10_2,0.13452321005350584,2.318771255496332,-2.739707984046409,0.5416781644009913
2013,E - 10_10,0.19185463843854828,1.306012077093503,-3.5195763650916483,0.4670691215235264
2013,E - 10_1,0.13435347904379685,3.4285053347045076,-3.35923841774857,0.6588231180031803
2013,E - 10_9,0.14170414464641579,2.970251562140572,-3.636025591749693,0.8460374738423676
2013,E - 10_7,0.1376794312783398,3.1433803502506943,-3.188766462520458,0.678528415100608
2013,T - IPC4+F23G,0.1422911842509194,2.183199923244158,-2.7142951708820107,-0.9261981048062852
2013,E - 10_5,0.15403454269041736,2.2456461428683308,-3.173006400599571,0.6195354896354585
2013,T - IPC4+F23L,0.12679876997609285,1.9199084246896796,-2.6687838801802806,-1.1435144507963326
2013,E - 10_4,0.19486061699532561,1.4243078052313398,-3.1835795109927036,0.34003619090900566
2013,E - 10_3,0.1840376911236494,1.4851465984224201,-3.3782718445549142,0.421389706537246
2013,E - 11_11,0.16528569508738428,2.267480189948424,-3.2328316913464907,0.6787679779823643
2013,E - 11_10,0.15285876738558202,1.946756778121348,-3.007485761509186,0.630398231366518
2013,T - IPC4+F21K,0.1096171256351231,3.016071618190226,-2.137292969546624,-1.2143374097631936
2013,E - 11_1,0.1630175647345303,2.562674109099906,-3.518071986256222,0.7451192456128864
2013,E - 11_0,0.17159404127990108,2.1019904652180292,-3.4774170648934533,0.6938766404428959
2013,E - 10_8,0.13381361123695934,2.5692918357321135,-3.0844097002898367,0.6555604126018844
2013,E - 11_14,0.14778982540571323,2.85020204669162,-2.9954568805933692,0.5197108919100234
2013,E - 28_12,0.16440739897426873,1.6856522329982102,-3.0596456322054055,0.8081533243088093
2013,E - 11_12,0.16099421568172786,2.0836486383878454,-3.22919408657808,0.7016282808977239
2013,E - 11_13,0.16982521276986698,1.7071689562529948,-3.016951389338452,0.8057972039047151
2013,T - IPC4+F16J,0.13699014208409271,2.167064079047481,-2.9459819009677704,-0.9331061337715476
2013,T - IPC4+F16M,0.12406829298728309,2.5139826837766637,-2.5807592804891257,-1.1355528010469973
2013,E - 11_2,0.1549841213337367,2.8960247673787496,-3.26213889345934,0.7182622704614008
2013,E - 11_19,0.15831528414375115,1.7545109964540242,-2.7469373142829836,0.6289943877848962
2013,E - 29_0,0.3250803279457629,-2.3417845884914796,-2.093126413520051,0.3044900622362151
2013,T - IPC4+F16F,0.12918173488366252,2.0712360797250122,-2.5617285943588413,-1.2951127822897148
2013,E - 11_18,0.16595434879869825,2.377567121137322,-3.314293674278863,0.6786179016131236
2013,E - 28_5,0.16182245771322776,2.0824927818142003,-3.205135787230628,0.9164667472876418
2013,T - IPC4+F16G,0.1101017396835639,2.714395177561151,-2.6834478301074602,-1.1731228656171164
2013,E - 11_4,0.163826489245608,2.71049066069439,-3.823173514594032,0.7528207166458921
2013,E - 29_2,0.3000823748700992,-1.379021062769221,-2.721924427196644,0.2419779332494102
2013,E - 11_3,0.18248511369542392,0.7347848977780878,-2.8812786925222107,0.6117864728666554
2013,E - 11_21,0.16148781735141537,2.3231876019157083,-3.576932699992094,0.7677948334914533
2013,E - 11_20,0.17025138338267623,2.2912850276596965,-3.566435283019037,0.8051710733840562
2013,E - 29_16,0.24867052204324497,0.14704972546622228,-3.620009141226424,0.9432677970072176
2013,E - 29_10,0.21109869157461608,0.8063016921884338,-3.5594943482556674,0.5592234363157792
2013,E - 11_8,0.16872876202113432,2.2795551294696916,-3.5385871148049346,0.913307819481909
2013,T - IPC4+F03D,0.16639359881818175,1.4051411850080915,-3.3080397814175844,-1.1018172985226762
2013,E - 11_7,0.17751279431775555,1.301050398650597,-3.0355507676629347,0.7946759113393489
2013,E - 11_5,0.17518321255980707,2.197354914880321,-3.6313636901060775,0.687664179163759
2013,E - 29_21,0.2742731320660443,-0.8993322974425123,-3.2786674458356546,0.6109293458890214
2013,E - 29_3,0.33785579743919786,-2.414998582945958,-1.8522523455459117,0.2273973503497919
2013,E - 12_11,0.19956854086826517,0.518506151239878,-2.9926192871823547,0.6202819049007819
2013,T - IPC4+F02F,0.10227989554367709,3.254193745479387,-1.9847106785215218,-1.47973449890752
2013,T - IPC4+F02D,0.10010362867337409,2.5388310211286766,-1.8360272170931555,-1.68670127257066
2013,E - 12_0,0.14657057377519953,1.8899815186573372,-2.1585467245652805,0.6843408487061876
2013,T - IPC4+F02G,0.11678386319174242,2.627213844980077,-2.2938648357308016,-1.524640220842408
2013,E - 11_9,0.15312661760773,2.128137422525123,-3.00472039134117,0.6481337359435412
2013,E - 29_8,0.32763610081040345,-2.3471136783937756,-1.9122083780193069,0.3511035758685352
2013,E - 29_7,0.3354219649855868,-2.3910246112549296,-1.9710721588826676,0.14515466065684146
2013,T - IPC4+F01D,0.13317212301482304,1.408318298920071,-1.8870545843712776,-1.5573086789832784
2013,E - 12_2,0.165954214400516,2.073054501098001,-2.8563004999576673,0.8277397633572495
2013,E - 12_13,0.16325869525772957,1.6722398333735253,-2.87887770763485,0.8741161037344504
2013,T - IPC4+F02B,0.15293411546853897,1.2568368522644204,-2.612204042758076,-1.297684609541584
2013,E - 12_12,0.15318765809654766,1.7641088328977832,-2.5303821496371106,0.6978921374295353
2013,E - 12_6,0.16046793384350924,1.525434935220592,-2.429892907673352,0.8056771955512918
2013,E - 30_16,0.29041623001636313,-0.7773849438474849,-2.530157686980432,0.7531959176285672
2013,E - 12_7,0.157629032931999,1.1212921738037824,-1.7642927683698448,0.4928769495756601
2013,E - 30_15,0.3172054812191338,-1.4158360128994136,-2.2459197283035914,0.3664193555301649
2013,E - 12_4,0.16560378720020824,1.713447012060131,-3.113738920130594,0.8141812631772641
2013,E - 13_7,0.07232430091445281,3.3762741871477147,0.2693556431099219,0.06829664696845753
2013,E - 30_2,0.2503849492239732,-0.10650957915804525,-3.1176526926887966,0.7095082668431472
2013,E - 12_9,0.15681863548458563,1.7630577449064773,-2.5380816444385954,0.687967140274666
2013,T - IPC4+F01B,0.14199344077194878,1.8141285039187347,-2.396300120597144,-1.2330361354592414
2013,E - 14_10,0.1629972885185566,1.65249750341736,-2.649875095876243,0.8053766305324807
2013,T - IPC4+E05C,0.12948972912567785,2.157992330544109,-2.8924366062431184,-0.9333855506811604
2013,E - 30_8,0.31095213991662307,-1.5082330789572613,-2.4474902184646763,0.4479451142775599
2013,E - 14_0,0.1716715624416501,1.3895148192543558,-3.0298458176630545,0.80865123808735
2013,T - IPC4+E05D,0.1203607612597151,2.856939319798237,-2.8784756299854446,-1.3374395250910227
2013,E - 14_7,0.1565959007445972,1.3826277668020028,-2.1042812551519545,0.7627791523300945
2013,E - 31_9,0.18797288412151247,-0.14430776535881465,-2.819978872567307,0.5592237208075552
2013,E - 14_6,0.15036123940876128,2.109558412921536,-2.8547848835574685,0.7208861201112216
2013,T - IPC4+E04G,0.15772413723836962,2.4039108661874855,-3.887223574913499,-0.6323785976367413
2013,E - 31_6,0.25290712142034555,-0.9550943916596639,-3.529713039370911,0.6446359949886508
2013,E - 14_5,0.1621621064283023,1.8587770995900001,-2.758560571401886,0.8054000538302122
2013,E - 14_12,0.15539662359554018,2.1230819183958958,-2.8092217144699916,0.6248385029864358
2013,T - IPC4+E03C,0.12734529137846015,2.4426565005526166,-2.7098035417539292,-1.1858674186638938
2013,E - 33_12,0.19815353917010814,1.3622714057155414,-2.9078600478580374,0.4227800280841668
2013,E - 32_8,0.32688651700102583,-1.9841602058929704,-1.8894003858455188,0.3757753076157221
2013,E - 33_10,0.20493094043645196,1.0574072780589294,-2.838574406928756,0.541710319925024
2013,E - 15_4,0.0816768914915401,4.025553369075442,-1.28236421147355,0.530471433700605
2013,E - 15_2,0.08251696087486367,3.880039142358225,-1.3145699381621792,0.4399368697519757
2013,E - 32_2,0.33468662949102884,-1.855818603975741,-1.8734418796961807,0.20019980264131845
2013,E - 14_8,0.1619188707057035,1.4125469967361435,-2.3566602241622943,0.5496424231493166
2013,E - 34_1,0.2043695224072374,0.2505929321208952,-1.1726183815375057,-0.11479060142780755
2013,E - 33_14,0.20639435345559246,1.1363386188274098,-3.096200099678265,0.7587158889786686
2013,E - 33_9,0.21450304238317794,0.22365782259793726,-3.1214171124115193,0.6957378537140958
2013,T - IPC4+E03B,0.12919643508247447,2.53830496589146,-2.7567770735386024,-1.0696943120710418
2013,E - 35_12,0.26483496915076693,0.2571504765894863,-2.5428776512381877,0.27311086710706756
2013,E - 35_10,0.23251840813803357,1.3980458304584844,-3.6478952144222485,0.8017277628899474
2013,E - 35_1,0.3123135015689252,-0.7873382252128294,-2.5548022424614363,0.19977040460857054
2013,E - 35_0,0.3090680517208543,-0.609190734526738,-2.687352423339184,0.45912755858224097
2013,E - 35_18,0.26200667621597706,0.9295673750031241,-3.3974098174030956,0.501659809888999
2013,E - 35_17,0.2733247132017328,-0.1225876643485922,-3.002113761969339,0.5648023697992316
2013,T - IPC4+D06F,0.12048096530523404,2.073446730899309,-2.0577007075035394,-1.1486615513979994
2013,E - 16_18,0.19371204393265215,2.284874532856657,-3.553152591223939,0.5850300795139849
2013,T - IPC4+D06P,0.11105830644106375,2.3407279337958364,-1.7788305650084377,-1.435561472969812
2013,E - 35_4,0.26743855615940526,0.43882242592212933,-2.8469369896077414,0.4134044851056837
2013,E - 35_25,0.2640962769197794,0.4297943745029853,-2.8686130874799485,0.35358107057164834
2013,E - 35_21,0.3122664465375177,-0.5280490265060624,-2.563362602681554,0.10926854586279248
2013,T - IPC4+D02G,0.1299820762754511,1.8116627441168804,-2.694340159897138,-1.1382222489495328
2013,T - IPC4+D06M,0.15025069387503764,1.1944496818196282,-2.6749957737691217,-0.8622964833706274
2013,E - 36_12,0.2971454375673952,-1.4351796195563846,-2.3323588187455746,0.3564517226953981
2013,T - IPC4+C23F,0.14913721511798647,0.7982785653714103,-0.9975167962003662,-1.724093631137015
2013,E - 36_11,0.20039614684895257,1.747096334328375,-2.948737067807816,0.613644333764886
2013,E - 16_7,0.2115921374211461,0.8359724998510117,-3.2215881126638912,0.466902327974741
2013,E - 36_3,0.2692841993703755,-0.48163472585774614,-2.6000165943962825,0.2545629472326645
2013,E - 17_11,0.17204380829925026,1.4236536753209101,-3.0921877843014567,0.49262414043948527
2013,E - 17_10,0.17411072538641653,1.4319364145653695,-3.7003042844926126,0.5879307559041347
2013,E - 17_1,0.15522443902747154,2.106419013039999,-3.5241385352971037,0.6071902130304736
2013,E - 17_0,0.19934070293229778,0.7268462813807051,-3.819124686366404,0.6276176690184855
2013,E - 36_13,0.19053580180517155,1.1819948862338152,-2.8375624375705626,0.3427456129388362
2013,E - 17_4,0.17627203379218614,1.3615223836609551,-3.6070918103300094,0.682318609428745
2013,T - IPC4+C14C,0.10235428889742043,3.3994019968428284,-2.4075685552523423,-1.2966593787937488
2013,E - 36_6,0.28237751184745835,-1.0131482737971826,-2.6362799421632808,0.5159345803483258
2013,E - 17_2,0.1545442605371839,2.127507927472849,-3.4724905087979163,0.766492725345893
2013,T - IPC4+C21B,0.14738190452939517,0.3049034547160731,-1.30560010930832,-1.5598603496573547
2013,E - 17_13,0.1389167711069753,3.0313878439938056,-3.543090301571542,0.8190859764396826
2013,E - 37_6,0.1772630436974304,1.7478597397313655,-3.829343144343908,0.6122174922756736
2013,E - 37_19,0.15278413060478016,2.6553300231645407,-3.1241250212973464,0.5140255060277658
2013,E - 18_1,0.16104583406413261,2.0672816732726087,-2.8586862644427784,0.9571029037487143
2013,E - 37_0,0.20243518837728794,1.195989957079973,-3.7868849100618722,0.8275984135737869
2013,E - 17_6,0.13422478992912004,2.669061312212034,-3.126340243522016,0.728112008768256
2013,E - 18_9,0.21449814099437137,0.5160011451932249,-3.0234906151714336,0.6255948257043714
2013,T - IPC4+C11B,0.1401623762186313,1.7074675739672769,-2.5572097113287158,-1.3777426859920712
2013,E - 19_11,0.2010476557513152,1.1553438483087417,-4.2040132280577485,0.7421314073502475
2013,E - 19_0,0.1704818155674221,1.1896374980812274,-3.352788489808209,0.7090884650499515
2013,T - IPC4+C10J,0.14865466848381073,1.5673401517776433,-2.3707149201223694,-1.1473027702219405
2013,T - IPC4+C10G,0.19371273832190142,0.05354439082749926,-2.2175050623548045,-1.173224715093559
2013,E - 39_9,0.28230334851916833,-0.12762889406575856,-3.2685017093186177,0.13733970393735068
2013,E - 19_3,0.1678812036948378,2.35112572727831,-4.0163135221006465,0.9415420680858917
2013,E - 19_2,0.13831699785255583,2.9608360851011186,-3.455324789662285,0.8920776687912421
2013,E - 39_2,0.24302335038668194,0.5985146916034079,-3.817255776600986,0.5664532780584626
2013,E - 19_13,0.15630761302885418,2.148099161692128,-3.535083622875745,0.9896051920045149
2013,E - 39_0,0.23127226224835987,0.9738888237804866,-3.9388044582549053,0.6766378667092792
2013,E - 19_9,0.1500708019142566,2.4450549421591834,-3.6450563065402726,0.9929717037274808
2013,E - 19_8,0.17307212857180368,1.456678619058543,-3.8607069785880896,0.9918392914902124
2013,E - 3_11,0.2737716971014274,-1.4492469283532654,-2.4548958738207745,0.5397082581175466
2013,E - 3_10,0.17761595917738288,1.6304319741108546,-3.027749354043819,0.7193183266233896
2013,E - 19_4,0.1690369552535504,2.288879533490965,-3.9471103897568938,0.817667869876173
2013,E - 1_10,0.15569459637451488,2.55828591071696,-3.6788174681894796,0.6977841614445234
2013,E - 1_1,0.21666306832749108,0.7378464469253937,-3.8929455489665394,0.4585293686915887
2013,E - 3_14,0.21995582011427292,0.1468280098518931,-3.3263601834159853,0.8440157129056021
2013,E - 3_16,0.2760089408002336,-1.633013468510194,-2.413926061683135,0.559401699558524
2013,E - 3_13,0.20574779702359802,0.7250631784586928,-3.0576844857591725,0.8281985152084188
2013,E - 1_0,0.22403996538561838,0.5451392176312515,-3.469411202686765,0.24975407358417823
2013,E - 3_6,0.28885844601518446,-1.9719847021814583,-2.4002431700717146,0.5135847719884384
2013,E - 1_14,0.2150075500506241,0.7122603269771232,-3.9531703199138346,0.43044960107272506
2013,E - 3_2,0.2929045227963769,-2.191490449835883,-1.9012009280424391,0.19861494369642088
2013,E - 3_21,0.21305141683194506,1.021287752944076,-3.8090798184530072,0.8923219071400849
2013,E - 1_13,0.21139287177879074,0.6972157503124932,-3.6768390120835606,0.17346278832505171
2013,E - 1_11,0.12431118665607513,3.228439115578809,-2.792617326670435,0.2863509087897079
2013,E - 1_19,0.22386611786996158,0.4923113196237202,-3.7841739615897843,0.49097269625915757
2013,E - 3_9,0.21102062440958153,0.6373654081391132,-3.0224636335245516,0.5907217738427786
2013,E - 1_18,0.11586895103174687,2.859244918471987,-2.000049939506773,0.07217178868300304
2013,E - 1_17,0.1466834555308083,2.794088567412575,-3.4261506717008263,0.32183923149124577
2013,E - 3_7,0.21015436394560097,0.8078109919026681,-2.9358225514055514,0.6440334500927949
2013,E - 1_16,0.19991672800529078,1.3131270095759155,-3.831977142405794,0.3697451105152844
2013,E - 1_15,0.16789448983928437,1.8004755514555846,-3.412972075812239,0.407361477409001
2013,E - 1_21,0.23098108610805831,0.18081368113603533,-3.911877513513857,0.5666999841364126
2013,E - 41_18,0.27457343925342115,-0.43868834971074194,-2.7069757175690463,0.1771853365411804
2013,E - 1_2,0.1705429964367656,2.0806034702257237,-3.593592694898182,0.5817358278272339
2013,E - 1_20,0.21524330530309363,0.548097494748268,-3.659724565070172,0.37540813013833024
2013,T - IPC4+C01G,0.16523434427606698,0.7642182771454803,-2.530539471559097,-1.3178372681238397
2013,E - 40_12,0.17502482024071117,2.5057577377095557,-4.013508415440851,0.4181683945142848
2013,E - 41_10,0.2277508297847941,0.6414097955743839,-2.943678423675324,0.5075988288421109
2013,T - IPC4+B66B,0.13551229801691733,1.2329977761422768,-1.5725412694104435,-1.4629731147020295
2013,E - 1_8,0.16332121798913865,2.2774965820506123,-3.3854735966518903,0.5634066999998595
2013,T - IPC4+B66F,0.12117592342570327,2.723641011143069,-2.8596269458029564,-1.1890954847601396
2013,E - 1_6,0.1493909069986285,2.8124349124433037,-3.6114750621841543,0.5437433565847728
2013,E - 41_21,0.22644804668585772,1.7976808539873865,-3.685010047281232,0.4492489975015365
2013,E - 1_5,0.20332755123617471,0.979364729923018,-3.5865271093377245,0.3368926379872741
2013,E - 41_20,0.17513376019508267,1.8915665529404013,-2.598139843693946,0.5142366024841113
2013,E - 1_4,0.12912368501169957,2.334568896478378,-2.614046544103391,0.2939871811044198
2013,E - 20_1,0.18607040778036932,1.57021350289735,-3.678160668732132,0.9803755260266185
2013,E - 41_6,0.2784114261307433,-0.41834697481669486,-2.693542802862638,0.054395033539507566
2013,E - 20_0,0.17206727161103813,1.698314835556174,-3.5584084097837727,0.8102828400493848
2013,E - 41_3,0.262534389590398,-0.40268441712288777,-2.5335138567517403,0.20876343463135488
2013,T - IPC4+B66D,0.11317379768560933,3.3887313072132352,-3.01439705527356,-1.0520305858460184
2013,E - 1_9,0.18261273955422017,1.7436483243567094,-3.942540841298547,0.6644950576138614
2013,E - 20_4,0.18454399184279624,1.1805850571455923,-3.480254568935939,0.9119356494103276
2013,E - 20_13,0.15626797376093787,2.455187936185344,-3.6713194632007493,0.9384460336707231
2013,E - 20_12,0.16744479463015355,2.239724434589588,-3.772953245548784,0.9483705923322006
2013,E - 42_12,0.12819327210267753,2.347460845839345,-2.016048563975772,0.1538401139868305
2013,E - 42_0,0.19705843338019605,1.9599520712172949,-3.9217460401804276,0.6370048011335211
2013,E - 20_11,0.15485555646467794,2.0417049000092047,-3.3319111904047145,0.7885856792780642
2013,E - 20_10,0.1688406055438506,1.8734839725074073,-3.396139179119729,0.9108077687659937
2013,E - 20_7,0.16932998013375095,2.3141163663544493,-3.5691559392411856,0.8467236894563224
2013,E - 42_24,0.20354798392518417,1.735866651544825,-3.6073302543246686,0.7035309785401987
2013,E - 42_19,0.217891128562204,1.7542757512991565,-3.7645056247073563,0.7305834417418356
2013,E - 42_2,0.19811143851682417,1.5350615846278506,-3.552346680131228,0.6081612637068533
2013,E - 21_11,0.21858003812197518,0.27244876502313664,-3.170191641065432,0.3680769534706415
2013,T - IPC4+B62J,0.10434479254274318,2.076273322254546,-1.6895458305113098,-1.444907333297299
2013,E - 21_1,0.15219215530756566,2.68057508020854,-3.2168463839131283,0.7952789176570244
2013,E - 42_9,0.2159115872783249,1.7206558506748912,-4.075479959697074,0.7783007785393767
2013,E - 21_0,0.1487070057051833,2.5957953568004837,-3.1833354065836432,0.6802182272027527
2013,E - 42_3,0.18135280236858847,2.8087258370125143,-3.7449887855396105,0.6967962483540824
2013,E - 20_8,0.1901807843473783,0.8740050571675815,-3.549094450550302,1.065510363469262
2013,E - 21_4,0.1508796784744604,3.058635793918096,-3.6493539395460037,0.768455101087993
2013,E - 21_2,0.20936703173587143,0.6035860799433576,-3.4903864613419713,0.7255896782101794
2013,T - IPC4+B61B,0.10422203570393108,2.73462950299107,-1.8216167831982755,-1.406212335871438
2013,T - IPC4+B61C,0.08494893441123894,3.948295558574527,-1.0807127653528477,-1.776765759251963
2013,E - 21_13,0.17145446270723536,1.986326877508006,-3.697207570807954,0.885998630234207
2013,E - 43_3,0.28926610650483414,-0.7867576663705752,-2.9456026218678266,0.30852370645851335
2013,T - IPC4+B62B,0.12155642832445358,2.6415083379520037,-2.645401520870985,-1.1252192768345572
2013,E - 21_12,0.21209209018625447,0.0929227544754,-3.4559727873168287,0.6190052639879731
2013,E - 21_8,0.16579543215127837,2.267845882663517,-3.223450239354696,0.6563430190189812
2013,T - IPC4+B60L,0.10442831112405286,2.753304982217719,-2.078717553525353,-1.4542548861139182
2013,E - 21_5,0.1538069733317259,2.5250220949525644,-3.361255454250434,0.8381288361392394
2013,E - 21_6,0.2188414627117953,0.26062326872089536,-3.4992195720708823,0.6006330893707826
2013,E - 22_11,0.1575468736352342,1.972337716214567,-3.266943148566148,0.6606815349006422
2013,E - 22_10,0.14580447416797937,2.4884060715698726,-3.0401080503813005,0.8390929450647701
2013,E - 5_0,0.2888256980659881,-1.1923050889135753,-3.0590349662757372,0.5512125391260557
2013,E - 21_9,0.16177846714800362,2.122697182181106,-3.520646157693335,0.7854917548138416
2013,E - 21_7,0.15389825209220337,2.668927780117577,-3.590463731942266,0.8435573626793424
2013,E - 5_17,0.29353493357771654,-1.3294750906995616,-2.776578863640144,0.6119848905504214
2013,E - 24_1,0.19514129216317044,0.774222507679592,-3.5400687126123076,0.7561539920713866
2013,E - 5_16,0.20504423258096494,1.2603192110440753,-3.813230092397297,0.7813346170492795
2013,E - 23_2,0.08048092652683732,3.6879866226213,-1.155439068893015,0.3779915329799902
2013,E - 5_14,0.2918989895558567,-1.0177795211611576,-3.0817341650188954,0.5522991647333272
2013,E - 22_9,0.11462907502574514,3.4196728161992715,-2.443725297298858,0.6364921288767583
2013,E - 5_13,0.22596392580334082,-0.0027524753688657863,-3.4444822201235548,0.6880917093518019
2013,E - 22_4,0.11310102928937363,2.925073199897341,-2.39097414312519,0.6415735153318006
2013,E - 5_10,0.2851702406728246,-1.1139860973241156,-3.0937912639374345,0.5700706720039621
2013,E - 5_1,0.2138602592493968,1.2536286691961143,-4.062349821214883,0.7498104270429679
2013,E - 5_2,0.21919402685591424,0.5662864052969396,-3.265455341609741,0.5590835419449853
2013,T - IPC4+B31F,0.08270918632495493,3.4770880738727907,-1.8843972895699073,-1.7376208024729933
2013,E - 24_4,0.18072906138955072,1.5885546971522915,-3.7811456264442507,0.8383540036039014
2013,E - 5_18,0.2847718522263412,-1.308444549693313,-2.7047009839960494,0.6664478692691778
2013,E - 24_14,0.16419378604206125,1.1497101192418788,-2.9651182278059953,0.762140656665319
2013,E - 24_10,0.18180192561226013,1.1176300281038818,-2.4748477977971084,0.4770913977679104
2013,E - 5_6,0.28159792925431765,-1.1329316496075816,-2.940334649993941,0.5465780596998021
2013,E - 24_8,0.15291037762566265,1.9964868616115559,-3.248249804273181,0.7127135323467887
2013,E - 5_5,0.28835558404423756,-1.3421069987131953,-2.3060874557929116,0.29454205765937275
2013,E - 24_5,0.17760760964750558,0.4975026227107776,-3.050510533752561,0.7751547349867425
2013,E - 24_7,0.17355126047037123,1.4244519511028995,-3.436117772967905,0.6919454602826507
2013,E - 5_3,0.2307476346307265,0.5799192009231298,-3.7188384317050023,0.8754539986900919
2013,T - IPC4+B31B,0.10631479092166311,2.5372177601118766,-2.3666888241386115,-1.2943686341275245
2013,E - 5_20,0.22720774733577517,0.340986059359255,-3.553943261165008,0.754698857065635
2013,E - 6_14,0.2032886325720821,0.6812929289541586,-3.7791929437295018,0.6317870540311208
2013,E - 6_10,0.20194735074909395,0.3476501071376377,-3.7204206573452114,0.6798354631805469
2013,T - IPC4+B29K,0.15146198532586475,1.1225980324958758,-2.396498331903873,-1.0321457084177696
2013,E - 24_9,0.2034180152851537,-0.14008630516011944,-3.322341413283978,0.7135817800267751
2013,E - 6_0,0.20647955915969302,0.5284405654927545,-3.8904758251787315,0.7450799539628904
2013,T - IPC4+B29L,0.13994787432852637,1.8567045513374705,-2.616689205179408,-1.0967442804755514
2013,T - IPC4+B27N,0.1372060117439767,2.0448482340555754,-2.889066690992527,-0.9308257082677911
2013,E - 6_6,0.2012899080559638,0.34112056204414787,-3.547956537205218,0.7620630965584776
2013,E - 6_4,0.21385676078585458,0.6871302742745252,-3.5295483055596932,0.5202691935722212
2013,E - 7_16,0.15504539470757395,2.6064003079604694,-3.57623636096861,0.6018870793336406
2013,T - IPC4+B26B,0.1099856200604765,2.414285116862079,-2.152971280537216,-1.5099654116871757
2013,T - IPC4+B26F,0.09607535492820775,2.892004847437216,-2.021639317724895,-1.3994459014900198
2013,T - IPC4+B27B,0.09037691161999432,3.967864410010511,-1.929887943502432,-1.5249064665280758
2013,T - IPC4+B25D,0.10923327254804294,2.9747659205006256,-2.139072542454766,-1.6586960602243437
2013,E - 7_5,0.15353147853064342,2.67427844322984,-3.464227878545154,0.5732650758300888
2013,E - 7_2,0.20612456303661317,0.7351249093971466,-3.5900051757054503,0.7552985473265181
2013,T - IPC4+B25G,0.07944286682460228,3.7015954995174756,-1.725770799653603,-1.6812888543467062
2013,E - 7_20,0.1443903226292386,2.534275017089067,-3.1148669089882164,0.5418438780052692
2013,T - IPC4+B25H,0.0897732093914259,3.295470208293959,-1.960682871630106,-1.4108422459467624
2013,E - 9_10,0.1730732344505853,2.2237952788836646,-3.474254469316049,0.6474820897178641
2013,E - 26_4,0.12448108900109658,2.2639030186122606,-2.3485707419205117,0.470495430284408
2013,E - 26_10,0.1448071167645073,1.8893832994551218,-2.736792228192184,0.4848529298146414
2013,E - 8_6,0.20125042963286283,1.056338157412739,-3.263132322489344,0.4313929278414997
2013,E - 8_8,0.1844243599383943,1.0760505541803012,-3.3363063310294754,0.5553603125234468
2013,T - IPC4+B24D,0.11512586053903755,2.0289490359832802,-1.9191183971895263,-1.4523982802263207
2013,E - 8_12,0.18405190039267164,1.1421781140686713,-3.4068179553196147,0.6078358586249923
2013,E - 27_4,0.08662448881574016,2.7194372643001734,-0.8096228429118842,-0.013025853633817034
2013,E - 27_3,0.12183633341990292,2.87129776748547,-2.600387633034244,0.693427803349144
2013,E - 9_12,0.19040309311203116,2.1709659573279665,-3.0032956916989804,0.6126094851516326
2013,E - 9_11,0.17788192263307573,2.2550186264570558,-3.3326115801621716,0.6302706280068218
2013,E - 27_2,0.13296473884289364,2.8180615496746073,-2.3821365677319726,0.3162323269693661
2013,E - 26_8,0.12792629475650413,1.9914415968398331,-2.5258355910526387,0.5559043112770291
2013,E - 9_0,0.2167508734529979,1.748596554622322,-3.1932339668646677,0.6769718807366224
2013,E - 9_18,0.24876702399700137,0.4528614362165007,-3.056611870653272,0.6008857756932084
2013,E - 9_17,0.24157338951100382,0.4577684205675194,-2.9611359606010823,0.5364628206643905
2013,T - IPC4+B21K,0.11511435245286786,3.6789769374773353,-2.5309689040985894,-1.4457817009464038
2013,E - 27_7,0.09473664697816558,3.2054239872378623,-1.545463216070854,0.19684404211503911
2013,E - 9_14,0.2177560525386711,1.2995587621515075,-3.546706121631823,0.7042611402383879
2013,E - 9_21,0.22829956293179124,0.8315901811863007,-3.2441617494106696,0.64365420099905
2013,E - 28_10,0.15864231528958125,2.53566110684622,-3.165783886526184,0.8275650573923069
2013,E - 9_2,0.19208268280241478,2.1966326728989074,-2.8725656084465867,0.727011630621126
2013,T - IPC4+B21F,0.08358992700767506,3.258806782806682,-1.2542319914776725,-1.7037564567488919
2013,T - IPC4+B05C,0.12807658919099268,2.3242735549335083,-2.626194887698651,-1.1914668189119337
2013,E - 28_3,0.13222131997272374,3.260617218567746,-2.7358640879993965,0.6493962436941642
2013,E - 28_2,0.16271268642358058,2.0584453575618467,-3.3923084194987254,0.9247315872283297
2013,T - IPC4+B07C,0.10199301635196059,3.0926936985362317,-2.0472370856483018,-1.4827459220594725
2013,E - 28_14,0.14094105970310866,3.3247063902477723,-3.2212225312990266,0.7641483896343716
2013,E - 9_25,0.24916660466075738,0.2386160960349591,-3.0621834591978763,0.5067335264603092
2013,T - IPC4+B03B,0.1443130734319276,1.983487583698608,-2.3150622414059434,-1.1108839986681474
2013,T - IPC4+B03C,0.1358400538513066,2.308875912420426,-2.8151208808263783,-1.123194937081503
2013,E - 28_6,0.15962426204574562,2.043316431128205,-3.0105007575383804,0.7951598612052309
2013,T - IPC4+B05B,0.17531827463709343,0.9113782625355837,-3.025043445817525,-1.1794377705066226
2013,E - 39_13,0.20569095735130677,1.7829586823044923,-4.135309370922538,0.8283461135143264
2013,E - 29_1,0.22411043328222105,0.532820456164981,-2.9537665488769873,0.5562171649297153
2013,E - 28_9,0.16415338549892092,2.331620129444059,-3.1838716707870085,0.900678490933437
2013,E - 29_13,0.22079678056780036,0.3427004100815055,-3.534634217689953,0.794623645194739
2013,E - 29_11,0.1515707714121941,1.4563013813403054,-2.8021664224697687,0.7213255170103978
2013,E - 39_3,0.26942210658115073,-0.11950472641769475,-3.4554717917943725,0.07794260921052489
2013,E - 29_15,0.19135688913522098,1.324707793761976,-3.6157769456086117,0.6542037539731795
2013,E - 29_14,0.24298556622080075,0.46340269482850344,-3.6056251079253157,0.7422142719884202
2013,T - IPC4+A63B,0.15223003448638156,2.077154366027445,-3.2717132806130005,-0.9602990404575544
2013,E - 29_19,0.2096974012267487,0.8449781818318466,-3.4359667344180664,0.7035507855000382
2013,E - 29_18,0.2092100623477359,0.7671877867148513,-3.226502029118987,0.7189098974100154
2013,T - IPC4+A62B,0.13574666137047386,2.1718540065986036,-2.5760168829534633,-1.4016683724248853
2013,E - 29_17,0.22279685042809785,0.41172916423893174,-3.509373981672985,0.7167065062494475
2013,E - 29_20,0.17585896674121818,1.768422029524517,-3.153479475632522,0.8391387658029194
2013,E - 29_5,0.23293198918765387,0.4895651274589761,-3.586329901564707,0.6628620775229215
2013,T - IPC4+A61J,0.19075937192663825,0.601850036431251,-3.048039384039556,-1.1697947430217384
2013,T - IPC4+A47J,0.16555798625584855,1.2281161726470649,-3.0055683957618746,-0.8849270711448723
2013,E - 2_0,0.20399069326051297,0.030277573403970182,-2.973688714383608,0.29146874778192894
2013,E - 29_9,0.19094566832531346,1.4160326816474593,-3.550799990906732,0.6507663276814479
2013,E - 2_8,0.18902567215939955,0.1383583400258969,-2.931881585810861,0.35032981038670846
2013,E - 2_7,0.18997766167867444,-0.11775365495056678,-2.852501219180155,0.30823298443382285
2013,E - 2_3,0.18452796429687462,1.0245471056416455,-3.5499931870810273,0.43213434244974
2013,E - 2_11,0.1758289192464493,0.27669643841974506,-2.715107712274934,0.501454320585633
2013,E - 30_0,0.1811768508192094,1.8258058780512865,-3.2965384255118266,0.90361527251203
2013,E - 2_9,0.1991569126287784,0.030856698305272035,-3.1720216086502786,0.4157011473446712
2013,T - IPC4+A47D,0.1016713142615318,3.4753422282472686,-2.694678305905572,-1.157056247878993
2013,T - IPC4+A45F,0.12464023294472291,2.2487459707308872,-2.4074644008145696,-1.4207955565652095
2013,T - IPC4+A42B,0.09505331641076294,2.501446656879161,-1.77629501174332,-1.5282741916738414
2013,T - IPC4+A44B,0.10248203389721305,2.180258130081052,-1.9016488254666408,-1.4985564820057466
2013,T - IPC4+A44C,0.11101872753213765,2.8041950241982208,-2.4686178185690317,-1.2348197677821604
2013,E - 3_19,0.21091572302026218,0.7978614975643363,-3.1110579341276035,0.870861300712207
2013,T - IPC4+A41D,0.1842928495105433,0.5178968702739154,-2.7682206960677114,-0.881367150465421
2013,T - IPC4+A23J,0.15588288815875234,0.8612582235329279,-2.8868571104343443,-1.0378246340860622
2013,E - 30_19,0.23678018873705797,0.56483013593695,-3.29241819163993,0.7688632169311977
2013,T - IPC4+A23N,0.11516213824683372,3.000206405935747,-2.44923712235463,-1.1388967270231722
2013,E - 30_18,0.24930408680634547,0.14963656872496536,-3.0632459173740347,0.7560304325990044
2013,T - IPC4+A23P,0.13456602061648792,1.6960734984103585,-2.8299295406245015,-1.1974344963169612
2013,E - 30_6,0.23461036514834716,0.3227353656104325,-3.431641801847336,0.971135242891925
2013,T - IPC4+A23C,0.19559932114792017,1.1591656060073094,-3.48931358093141,-0.9984328765005432
2013,E - 30_3,0.24546839227559003,-0.17520700968993402,-3.220431982383601,0.6514875454335168
2013,T - IPC4+A23G,0.16676235381387483,1.1200128341687101,-2.889177979495062,-1.2777865253274334
2013,T - IPC4+A22C,0.10030587393767262,3.101136846366333,-2.1543115861410387,-1.3633871088287928
2013,T - IPC4+A21D,0.15233672898564332,1.1524759097071924,-2.667665277113849,-1.3183558315361763
2013,P - 7002,0.08289447458463206,1.6118063910341192,0.26508112761270436,2.5691315454178043
2013,T - IPC4+A21B,0.08541273332040633,2.9466122923456353,-1.5203460603517283,-1.5285420589823961
2013,E - 31_10,0.2599858038187387,-1.6623542058091838,-3.1580950445195737,0.5932068354542974
2013,P - 7004,0.061865633470018444,1.0736183091667932,1.800089104073399,2.284309699707353
2013,T - IPC4+A01P,0.20950374051229106,-0.17192149860102304,-2.7381229898832338,-0.890117587224568
2013,P - 7005,0.1610482712961979,0.380112945465192,-1.5624107219777958,2.708050340024135
2013,E - 30_9,0.2248791218664187,0.686528408176591,-3.0374528680633146,0.6201176877803176
2013,T - IPC4+A21C,0.10787158541269684,2.7077672877676306,-2.1398112828017637,-1.4701241456296508
2013,P - 7006,0.10388069180002266,1.9807807236644672,-0.4941891717279138,2.820739570536988
2013,E - 31_4,0.2731007276334269,-0.8405106073837296,-3.4217294363074937,0.6335972506456548
2013,E - 31_2,0.2730483856399228,-1.6519707767914635,-3.176293720473216,0.772914029001287
2013,E - 31_13,0.18875862094656762,1.5401075345378892,-3.788816438399688,0.8158006544691191
2013,P - 6907,0.08977603980664352,0.24351722582190746,0.6921658852925385,2.512060178102381
2013,T - IPC4+A01D,0.1114241255156354,2.5344482037555607,-2.526624491678562,-1.1613515639068517
2013,T - IPC4+A01H,0.16181276721832694,-0.5403879620852577,-1.6574225580847128,-1.5863518226076574
2013,E - 3_8,0.21175943973569378,0.12481081813752422,-2.7045121859066326,0.7847046361884671
2013,E - 31_3,0.16779146915455476,1.4064096361290912,-3.3190730789842573,0.695624598374622
2013,S - 940322883,0.14539918613386874,1.2736549851982544,-2.529577407604266,3.551595463876909
2013,P - 6815,0.13646792646221823,1.5769303338862988,-2.623902549981495,2.855872719397364
2013,E - 32_0,0.2770961853013217,-0.48851848870777353,-2.658386840804304,0.534173451323282
2013,E - 31_7,0.2585499387080307,-1.189252802278597,-3.2094017349413693,0.5285266348503149
2013,E - 32_7,0.34553205162368666,-2.0799747331509804,-1.6141494216537229,0.3598736831452337
2013,P - 6807,0.16735334541772762,0.6045600086704574,-2.1961869765071547,2.7272658851237668
2013,E - 32_4,0.22650625301418795,0.2377933100139097,-3.329783378523079,0.7213878770913303
2013,P - 6809,0.21497374381579598,-0.4358432110389722,-2.6880882211034938,2.8130054627783805
2013,E - 32_11,0.22745431420804696,0.47530247029957573,-3.286632949406827,0.3483182202537005
2013,P - 6810,0.22021418295265235,-0.2771496192742453,-3.0233348882725424,2.916913696726219
2013,E - 32_1,0.331841181472978,-2.2432690877133696,-1.687209025277838,0.2726969038192978
2013,P - 6813,0.14595649187741289,0.1799706239589734,-0.9662325305089008,2.7010180196998337
2013,E - 33_13,0.19141914732140192,0.9357620342844509,-2.5011266842063895,0.4472102386660951
2013,S - 36_6,0.18960594860569488,-0.6535083301431307,-3.0612392595999136,3.475794819224967
2013,S - 36_3,0.2516599367400232,-4.836786366078557,-1.4862271197325394,3.3293913718634465
2013,E - 34_0,0.22886357009628666,-0.54362002778405,-0.4767755247260539,0.245408098684226
2013,E - 34_6,0.18097302957178277,0.24209968978453503,-1.1169332468111226,0.8019886241982211
2013,S - 36_12,0.22997477259383178,-1.4215841774954443,-2.6194759029117756,3.050760410254836
2013,S - 36_13,0.28634570823917227,-6.280119651758997,-5.261620243257377,3.5547071766883693
2013,S - 36_11,0.19016426731356936,0.05209164180233311,-2.608629383450303,3.822429543076272
2013,E - 35_11,0.14369572082144697,2.899540161469028,-3.4743075274277566,0.6758064290194047
2013,S - 33_97,0.11386174405761586,1.0718881590860816,-0.8185230250493288,4.333225015660936
2013,E - 35_14,0.23792727860246182,0.9089922084349558,-3.1988162668127673,0.637602549897692
2013,E - 35_13,0.1996056438481198,1.0648270662948678,-3.5960504152917276,0.7782108795055892
2013,E - 35_19,0.25137434578507545,0.7132288375141671,-3.239467576687368,0.7392889189058428
2013,S - 33_91,0.08334446555774253,3.134024079592268,-1.2938488939167692,4.202882385808126
2013,S - 33_92,0.18802601029193952,-0.682452274912073,-2.680200791852013,3.24510087315557
2013,E - 35_16,0.23741339233194242,0.877432158946939,-3.0754039613213933,0.6371373899050737
2013,E - 35_20,0.16614803013726823,1.9474673367599296,-3.052225818514583,0.9135006548930893
2013,E - 35_2,0.24533867819840136,1.1167422778090348,-3.6068161295857517,0.680288374889284
2013,S - 33_88,0.1953960495913055,-0.6866737758057202,-2.8285470505740298,3.2620141750572347
2013,S - 33_90,0.13656512176518243,-0.4713508299851041,-0.6815486258464655,3.786826978305474
2013,S - 33_79,0.13940548588106805,0.2993597067296568,-1.8846122398757579,3.8130995309163556
2013,E - 35_24,0.1609726867159085,2.0988146728745622,-3.5147674205639876,0.7779030376070241
2013,E - 35_23,0.20628103315420782,1.5922145284435398,-4.108514596956878,1.1285692273505281
2013,S - 33_73,0.1256003771089246,1.4470531385528766,-2.4705485709303483,3.2453007755781744
2013,E - 35_26,0.18391000977629257,1.4490122423805747,-3.1717859604201157,0.2360917400672024
2013,S - 33_7,0.12352033980918563,0.10783731266424877,-1.5504146799735232,3.783278022582783
2013,E - 36_1,0.2249928927554392,1.040650059551393,-2.891834958931685,0.5920351044203593
2013,E - 36_0,0.20076652405461112,1.4604909563775803,-3.579249993403848,0.6096247015478147
2013,E - 35_9,0.20839174617298395,0.8977846025989445,-3.65231693659596,0.6640334087545523
2013,S - 33_66,0.11747264411788592,2.0495523326606184,-2.143770505155478,3.5035800590924584
2013,E - 36_10,0.20610715360854892,1.4089724311369671,-3.682465055695031,0.7695488758756073
2013,E - 36_17,0.21008630032831271,1.39523036962365,-3.2902864971601247,0.8693187122955879
2013,E - 36_15,0.22631688029519834,0.5546480046775762,-3.097989574720146,0.6901021205450362
2013,E - 36_14,0.23363344728470492,1.0959019219640602,-2.978450262754013,0.7155151181359949
2013,S - 33_65,0.16886071433650363,-0.8710013064873061,-1.5747045099326133,3.9517601938232296
2013,S - 33_52,0.18129119063472407,-0.06030320263009365,-3.3551007329079323,3.338127661610248
2013,S - 33_51,0.13454164550822323,-0.19937957595889924,-2.145454090793882,3.4089855936194904
2013,E - 36_19,0.1417523367776249,2.14750550398384,-2.6282131868714065,0.7224244000069856
2013,S - 33_53,0.16419909011872696,0.4882621631148572,-3.395816158144378,2.693498144594692
2013,E - 36_18,0.21736647945801885,0.9966101178087408,-2.944610344927905,0.681214364834822
2013,S - 33_56,0.13600141688129921,0.225807866392773,-1.4496969548938472,3.925319579146454
2013,E - 36_5,0.22208805533641912,1.1060264080722189,-3.110965695697225,0.6409843690351752
2013,S - 33_50,0.10679468045021608,1.3683960158211068,-0.954760950507864,4.263213218927598
2013,S - 33_49,0.14350896508183872,-0.27444040575224193,-1.6098777642560593,3.7443122779279383
2013,E - 36_21,0.21315080041614215,1.6690229681309545,-3.20274180908428,0.7720789142431821
2013,S - 33_43,0.15252783057688768,0.8681945056219537,-2.7905374510788223,3.5006270880606656
2013,E - 36_7,0.2357575932551309,0.4096773155691393,-2.7508278083432045,0.7366154133564866
2013,S - 33_48,0.18913439537430174,0.18566367689480823,-3.2686525669964523,3.10468189980113
2013,E - 36_4,0.20781044856909328,1.1983511150366908,-3.149637335331278,0.5842985215695264
2013,E - 36_9,0.17726877324409523,1.745852869226805,-3.003156834456205,0.5146169351098133
2013,S - 33_4,0.23153047414846917,-1.9230398748901338,-2.7140170285380485,3.317527307044977
2013,S - 33_40,0.18219918806376542,-0.7018055394125846,-1.891454371716783,3.997184917304225
2013,S - 33_41,0.156554322904806,-1.3137845063341418,-1.0054706434296858,3.5632567776368385
2013,E - 36_8,0.2563484778456542,-0.06835238584472077,-2.527351503028852,0.6419293288888035
2013,E - 37_11,0.1653597945735892,1.959008160371519,-3.474082163862178,0.763749499851801
2013,S - 33_36,0.13691585086983776,1.706857704956496,-2.385881492194236,3.979764307488607
2013,E - 37_10,0.16804817986895723,2.1078399878664316,-3.785634548873697,0.6319783328157794
2013,E - 37_1,0.16711031249910183,2.3844038502921734,-4.179069574141002,1.0347541334404333
2013,S - 33_39,0.18311918218030473,-0.22604676664457252,-2.440592063560386,3.922735412546997
2013,E - 37_14,0.16039600049129968,2.7828723255766175,-3.928828160007619,0.7316016916913503
2013,E - 37_13,0.17478489226219562,2.6266228932531477,-4.2283016121004025,0.9114626328057753
2013,S - 33_33,0.18085490838164536,-1.225789224229709,-1.7006212373825313,4.417487478410752
2013,E - 37_12,0.23171964128632663,0.16568845861061662,-4.082128444850583,0.7899651518573028
2013,S - 33_34,0.15924728043850964,-4.384587054049556,-0.6313343941770633,3.4744899318795675
2013,E - 37_16,0.14919249723611033,1.8300379299116125,-3.0224533739255572,0.6429949184704742
2013,S - 33_3,0.15233316799775096,0.9627852866178928,-3.187248781833169,3.1257595914417227
2013,S - 33_29,0.20041518126263083,-2.9382834339775172,-2.203894484479528,3.478419954554256
2013,S - 33_30,0.16895620026586144,1.2391116481932465,-3.2032565237675312,3.4957330012135293
2013,E - 37_15,0.17671150719554152,1.793201784358735,-4.02298356772339,0.986824971943939
2013,E - 37_21,0.17736613282060526,1.5740970779491592,-3.3968246973460343,0.612206888300795
2013,S - 33_24,0.16277691037616998,-0.20014315323549411,-2.447873063495933,3.971393058165606
2013,E - 37_20,0.17685887484627041,1.8609208427843669,-3.8644035396281926,0.7732868570454583
2013,E - 37_2,0.1638968179415978,2.5964662053330048,-3.762547064429846,0.7672710389412746
2013,E - 37_4,0.17549221951232516,1.5883230300620232,-3.726914592254903,0.8114396357320117
2013,S - 33_22,0.14491588588277496,0.4621659961697903,-2.5401265099723993,3.597092056957073
2013,E - 37_3,0.07652382614305568,4.100004152275453,-1.4604943728018671,0.3989594556737852
2013,S - 33_16,0.21801315119248948,-1.165098919950874,-3.0324208325020248,3.5101065916078524
2013,S - 33_17,0.23954827433530648,-3.386223657058423,-2.209359092735581,3.196488334474129
2013,E - 37_8,0.15491613051792774,2.723746018619564,-3.7375403570569397,0.7078497731124523
2013,S - 33_18,0.1363622915870554,1.5350504572120935,-2.278280982964878,3.439609847862
2013,E - 37_7,0.22334583988411613,0.671784931903622,-4.234256729019581,0.8847945085171792
2013,S - 33_21,0.196270489922824,-1.224609960580827,-2.709300929025951,3.4585930250702686
2013,S - 33_19,0.11662753289826114,2.2778588579240098,-1.9969939875619964,4.171907519615519
2013,E - 38_12,0.1947117537703543,1.765129676706766,-3.130923099548934,0.6671614083840969
2013,E - 38_11,0.21713672980973237,0.8627711887049221,-2.6941198584120807,0.754071637561513
2013,E - 38_1,0.21178092748925847,1.051916654320515,-3.1127918476332797,0.6812144964651654
2013,E - 38_0,0.2148401641564655,0.9973100730138527,-3.0009666965551673,0.8156060148733678
2013,E - 38_15,0.19969364194690878,1.2491108803175301,-2.922463260166115,0.8020478017292939
2013,E - 38_14,0.20130962251778453,1.5553395366823868,-3.185325533819305,0.6462033248998992
2013,S - 33_111,0.09303318288846418,1.1597364540706026,-1.4352589719198114,3.6720027444376604
2013,S - 33_114,0.08671991464332554,-0.5449970249276012,0.012770125309511215,4.8646691730708875
2013,E - 38_13,0.1493818867320617,1.8486791555383186,-2.5718863666035476,0.5390159370188515
2013,E - 38_19,0.2595603750619113,0.21372997818732392,-2.7510990298584272,0.4455007416425055
2013,S - 33_101,0.1319137717835605,0.7673489647487967,-1.7141239072148282,3.817674246575856
2013,E - 38_17,0.1873550636257832,1.109216029023201,-2.8932277332865337,0.554731941622655
2013,S - 33_104,0.17656203458727446,0.039344005346667286,-3.225454123018175,3.166430100224038
2013,E - 38_16,0.1952561331944257,1.0403380821208492,-2.5985699500342077,0.6607924971870762
2013,S - 33_107,0.14177911452049435,-0.15285105282823994,-2.1310790382087896,3.7119252776008786
2013,E - 38_21,0.21359803109783984,1.4912274721452279,-3.4630766916736864,0.6575194984012462
2013,E - 38_20,0.1456237123855199,2.1100378448939723,-2.095163588716906,0.20205236042989702
2013,S - 33_100,0.12696732234210437,1.0576543696056924,-1.884290968015863,3.5715750330362908
2013,E - 38_2,0.2178194271498413,0.9273401501228652,-2.828190143936616,0.7991467036465377
2013,E - 38_4,0.19845075987237634,0.8776798795676152,-2.5380900642263176,0.836957490314613
2013,E - 38_3,0.1648453731176381,2.0893412568515384,-2.9680606848487825,0.6582451245347857
2013,S - 33_0,0.13427074987770604,0.8815238138632199,-2.4968841520414506,3.6343890657373845
2013,S - 32_4,0.13758296103499099,2.3813468017570956,-3.328836254727634,3.031978659713659
2013,E - 38_8,0.19990301319548873,0.8571517019447028,-2.7558935208327937,0.5721807690005192
2013,E - 38_7,0.1789665550107441,1.889998456986559,-3.1724331061499123,0.82509132755905
2013,E - 38_6,0.21019053653658792,1.0631945094391797,-3.4161598999478278,0.9327694895807934
2013,E - 39_11,0.18702442321538057,1.620853443723741,-3.579327721375147,0.7402142805992268
2013,E - 38_9,0.13654639907498675,2.401526604830062,-2.5193056729645122,0.6915501182223228
2013,S - 32_17,0.19930691919677324,-0.17086110500425786,-3.343390973258961,3.1449256932475897
2013,E - 39_14,0.20192086324016922,1.7569651945222384,-3.8390210797785147,0.7948734323752407
2013,E - 39_7,0.2135817976586682,1.4195243541932505,-3.7997092154889813,0.5238986549473442
2013,S - 32_13,0.14884875349433663,1.4537821797202015,-3.2185145397426695,2.858319812717794
2013,S - 32_15,0.16911647919895995,0.38599455701689595,-3.2689802521982227,3.5983839176066295
2013,E - 39_6,0.2256412159042935,1.1506945977053122,-3.3346154183494354,0.35588249320318593
2013,E - 3_1,0.18673078808233137,1.9207821953798216,-3.382054080378199,0.6210702875369638
2013,E - 3_0,0.2181452318525519,-0.047952457264572784,-2.7367216443632096,0.7689952940423787
2013,S - 32_12,0.1392108500095374,2.27966400778165,-3.0374136294322813,3.4883924189568356
2013,S - 32_10,0.220650624180669,-1.0046028219465717,-2.7095477093929907,3.5900908841388226
2013,E - 3_12,0.17566079181127098,1.689774907307939,-3.3219641153361015,0.763863547585749
2013,E - 3_18,0.18187686158872393,1.9073912585794706,-3.4283977659051317,0.8068542086651352
2013,E - 3_17,0.21665765293072603,-0.15423943604258786,-2.648275625822832,0.7004338897892074
2013,S - 31_13,0.10049407090885355,2.7135209536906766,-2.1059877511101344,3.358320696833817
2013,E - 3_5,0.19786017129687894,0.43355486174261015,-2.650942746948577,0.6769150354896237
2013,E - 3_4,0.13179743705287278,1.3769173408699356,-1.9285785464699505,0.6217194504461356
2013,E - 40_14,0.16435323168787577,2.2849798575395743,-3.927280051477439,0.793860980052086
2013,S - 29_1,0.17470001605178098,0.2392294946443791,-1.7527613008675005,3.233498385284598
2013,E - 40_3,0.15509662434266838,2.0894479333072757,-3.4323716856386386,0.36255697057751735
2013,E - 40_16,0.14452120248177538,2.9750192974701015,-3.6589585169250753,0.6719402453350893
2013,E - 40_15,0.1653225189763464,2.225807739663107,-3.913091413694042,0.7112718430855975
2013,E - 40_9,0.13263656118806147,2.85198020559466,-2.889252069112639,0.4401771070654017
2013,E - 40_8,0.14883710099059408,2.0062544919918874,-3.3587817397598,0.7657954953758388
2013,E - 40_5,0.1212362135064104,3.250918505121164,-2.9753213344535956,0.6525231611864425
2013,S - 28_0,0.17954169919800278,0.5905493210562242,-3.3785533447344553,3.1822797431902523
2013,E - 41_1,0.1337915923182489,2.3615027523501437,-2.135730708967202,0.4421150154375878
2013,E - 41_0,0.20124156208102645,1.8962779378179506,-3.6966863644180656,0.6621435101875403
2013,E - 41_13,0.22835651192691642,1.3566886213237246,-3.5213378976175815,0.5206692414854538
2013,E - 41_12,0.22556889140256345,0.7859368304374601,-3.2008273000104266,0.5612123244846743
2013,S - 27_96,0.27479632262065673,-2.063036470005022,-2.4732665666173212,3.601668705862592
2013,E - 41_11,0.20431201032724303,1.6755092701662344,-3.443241152753223,0.4731434896421628
2013,S - 27_99,0.24045586988473017,-3.036902055468021,-2.0365027740771646,2.9897587834205805
2013,E - 41_16,0.24165742989041736,0.41786026509981444,-2.1034003939326436,0.5138524634376606
2013,E - 41_14,0.22177415943901807,1.0679954296850767,-3.3293381141521405,0.5239845439914076
2013,E - 41_2,0.2374696924428007,0.1325832622050536,-2.950855416002618,0.5201197442411494
2013,E - 41_19,0.2304271354861802,0.1060419362466334,-2.7951821413343074,0.2541153621921456
2013,E - 41_22,0.22285424984829963,0.8175777583486158,-3.3571120342318026,0.4301101785109375
2013,S - 27_80,0.18477699767776298,-0.4478159896792391,-2.570000407779606,3.490991817910981
2013,E - 41_26,0.24761142165062175,0.8340186000078516,-3.302005112374076,0.2143778884740359
2013,E - 41_24,0.22280593327195655,0.24688792433608625,-2.6941704033367193,0.3775755097422588
2013,E - 41_23,0.23026686069573277,0.514915442974528,-2.9638492837283805,0.6387640033059125
2013,E - 41_5,0.23087701135303887,0.6286048688315771,-2.997443496279279,0.5346052464936913
2013,E - 41_4,0.22941183810948731,0.8083986167758337,-2.907732388629019,0.29351250876891277
2013,E - 41_9,0.2360353974513851,0.36656046300524137,-3.014814621614331,0.5337920631598823
2013,E - 41_8,0.2766927880809904,-0.4209711777997711,-2.7198522478539764,0.08589201550950033
2013,E - 42_10,0.21376752033090735,1.7618861239355474,-3.706417707029317,0.8478627166384497
2013,E - 42_1,0.15699470144447072,2.0029165930023134,-1.927794407303554,0.5226981820034065
2013,E - 42_11,0.18281758579704585,2.2106390617957623,-3.787881558584698,0.8417281010086417
2013,E - 42_16,0.1826400583577947,2.7140402465746973,-3.7936814738388427,0.6630332849968912
2013,E - 42_14,0.2030495891256251,2.2021795294617217,-3.586192907699043,0.7286750943562964
2013,E - 42_13,0.14161867128488478,2.481437706408064,-3.28203837602839,0.6384766159860642
2013,E - 42_18,0.22211994674380386,1.648165207454099,-3.6869425407090732,0.7043307383586153
2013,E - 42_17,0.20649025829198586,1.777899440339744,-3.090923672997653,0.5058780583661436
2013,E - 42_23,0.18713731155903934,2.2149219676960072,-3.7805304281312333,0.80840728853827
2013,E - 42_20,0.24760212050790803,0.22321512074227037,-3.6219439184695084,0.48167535978861226
2013,E - 42_26,0.23985205039310148,0.6785283288267758,-3.6356907342465137,0.6438775606646675
2013,E - 42_25,0.200988939925999,1.8147221116863903,-3.4787178253062456,0.6924530176415165
2013,S - 27_52,0.18876238650671398,0.7255578658822865,-3.6293506900844994,3.0375275299618374
2013,E - 42_4,0.1890135131049302,1.9887915172729154,-3.8578229885991537,0.6298254598942332
2013,E - 42_7,0.20281785956749782,1.97038608831091,-4.066865106692849,0.5829041477276474
2013,E - 42_6,0.2020095973827577,2.220904366729035,-3.912667415640969,0.8440292257932448
2013,E - 42_5,0.19807866895571716,1.93137863004234,-3.4286097523622767,0.7490855710554265
2013,E - 42_8,0.14443369230550537,2.2994431550468324,-2.2497698084419877,0.605592429328924
2013,E - 43_11,0.2869999691164416,-0.3523122285888146,-3.267557387417098,0.18570347779000831
2013,E - 4_11,0.17169408628678903,2.0975899910913385,-3.343952501603126,0.42500387396221156
2013,E - 43_2,0.26207154927543413,0.04784417118211804,-3.090933491987992,0.25082856236570833
2013,E - 4_6,0.22526629388104566,-0.11263190638692444,-3.7616983736188763,0.6075928536696574
2013,E - 4_3,0.21104236227269943,-0.21457646116233836,-3.0661122574235438,0.545447562741868
2013,E - 43_7,0.2514041260487758,-0.07158026256901642,-2.6135889566569106,0.23075334435400496
2013,E - 43_5,0.2751703081080279,-0.7075194318798151,-3.0956032165646703,0.1380665156446032
2013,E - 4_8,0.14697963773906889,2.245515999617935,-2.952242067672123,0.620772454450925
2013,E - 44_12,0.20922103733975023,0.987796534712008,-4.000490027689905,0.5926258528122195
2013,E - 44_0,0.18866842093635208,2.116338913749932,-4.067523904142368,0.395659263155172
2013,S - 27_20,0.21109686975490222,-4.17229881891007,-1.6015524653492774,3.4664582388923875
2013,E - 44_15,0.2052391468777453,2.0193829541778108,-4.054942613751556,0.4765927943187537
2013,E - 44_4,0.21328307377313752,1.6961906683924695,-3.867177543173145,0.3362311447398937
2013,E - 44_2,0.23778785203834,0.8299303758459238,-3.968811841903556,0.47471879712214937
2013,E - 44_5,0.20159529449924513,2.0609114624975273,-4.291209455533548,0.6638603607028585
2013,S - 27_104,0.18419459230787236,-0.06074642623834654,-2.5723065152825955,3.4525272866071908
2013,E - 45_1,0.2198916041947017,0.9811265369309514,-3.1733228494493924,0.6601672004975908
2013,E - 45_6,0.17931449174027575,2.7782005933037177,-3.8344066652226427,0.8956459119585108
2013,S - 27_10,0.18845763965228618,-0.15660159661325643,-2.3872831251559736,3.9512821767073416
2013,E - 4_0,0.21913027022147066,-0.004608227955428149,-3.475279068247537,0.6136975258850267
2013,E - 4_7,0.23294026378337937,-0.4039908483718218,-3.0850010300084523,0.4006116110788545
2013,E - 5_15,0.2301276331895496,0.1776117231387641,-3.4237761542926073,0.7214029969586917
2013,E - 5_12,0.1778117357667089,1.9960876496654016,-3.7536341911537354,0.6265829535511452
2013,E - 5_19,0.187639476717251,1.7213696194434862,-3.5209073831170627,0.6173778388632225
2013,E - 5_21,0.18030379957079945,2.2144622227855537,-3.5368646101877843,0.5750157956766665
2013,E - 5_4,0.2442659054204804,0.6367276507583008,-4.054398318536298,0.8104192888710798
2013,E - 5_8,0.2379438556965907,0.47645271781614806,-3.707196472637739,0.7392044540225421
2013,E - 5_7,0.2381401330851693,-0.7572727470017127,-2.7641752367607975,0.6675144559581505
2013,E - 6_1,0.1835148267112162,1.4272129980556811,-3.880646293491999,0.7730198341615836
2013,E - 6_2,0.17636395713660608,1.6998136681589524,-3.541098336044978,0.6085442781544317
2013,E - 6_13,0.1626347570894597,1.6360953779003582,-3.37063366700645,0.6865779309297981
2013,E - 7_0,0.15472760600968385,2.72266219926662,-3.493743781809274,0.6805789747831907
2013,E - 7_10,0.19713240662661352,0.4602191913355361,-3.4630509760932338,0.6716364051979336
2013,E - 7_1,0.16088044929220371,2.152928242518478,-3.0606944296908534,0.6150312564050217
2013,E - 7_15,0.20044578318813835,1.035556704662642,-3.746901130896405,0.7625564846352595
2013,E - 7_14,0.16370929468659082,2.3917247059636044,-3.0531901438003968,0.49592920583166955
2013,E - 7_11,0.15562186125196464,2.1851945377383553,-3.140715054046577,0.6267487990847471
2013,E - 7_13,0.15447956204441002,2.3237271740828733,-3.324029870544618,0.7948514295033624
2013,E - 7_18,0.14180272373456754,2.865924502971755,-3.032964739025043,0.6362560334864731
2013,E - 7_17,0.1646612002709529,2.1668622036623337,-3.45733127859167,0.6363754621890636
2013,E - 7_19,0.197690319626144,0.8618891628026415,-3.531320374958973,0.6519598418063182
2013,E - 7_4,0.1575177717938553,2.5488701840418173,-3.428277230863804,0.6744596346043147
2013,E - 7_3,0.13102363609913856,3.0149380351522463,-2.7641398267483597,0.5713357512430327
2013,E - 7_7,0.15922637403205567,2.3154408255867827,-3.484378302660591,0.5948020996210273
2013,E - 7_6,0.16254803288434835,2.342206873606181,-3.5277107821793003,0.7052053128347404
2013,E - 7_9,0.16010929379978797,2.7524891960479136,-3.751540441888938,0.7148284722981234
2013,E - 7_8,0.1475323739742506,2.8323278783212453,-3.3423531418936796,0.6680864219609214
2013,E - 8_13,0.13242377867123856,2.854445585774526,-2.7639915598577445,0.5893794875885916
2013,E - 8_3,0.1376482736222238,2.637489853077534,-2.989109765011192,0.6204255175274166
2013,S - 22_82,0.2047015983299302,-0.38855986684171756,-2.855749941987089,3.966828173531759
2013,E - 8_5,0.14702316416532435,2.1178451475017073,-2.957766491107753,0.5334599347391753
2013,S - 22_83,0.17915812773824502,0.941544758159567,-3.563688639486026,3.291316518588598
2013,E - 9_1,0.13435257511602142,2.5216669228115314,-2.1841999485207495,0.8182689658111814
2013,S - 22_78,0.21627379338154282,-1.662040215397805,-2.8211863254513085,3.729599532436547
2013,E - 8_9,0.13569923618625285,2.740870992783187,-2.7023576117760877,0.4009543925670358
2013,S - 22_73,0.1743830892589574,0.8544340895281887,-3.5215511690797494,2.9497054060583463
2013,E - 9_13,0.22138433401024168,0.40920071402880615,-3.2764196633466964,0.577169381122201
2013,E - 9_16,0.20049847937288157,1.6081171952950117,-2.9570025120447,0.6324560225525451
2013,E - 9_15,0.22910237682258727,0.2662884485569205,-3.479842447097764,0.5956850255831622
2013,S - 22_7,0.17120670418605574,1.083725966540136,-2.9124396453121304,4.003282076546231
2013,S - 22_58,0.24482027088512676,-3.6746053487626282,-1.7879363078165598,3.39711878660867
2013,E - 9_23,0.1952215026999309,2.003324069776704,-2.911646171043223,0.6451114301726407
2013,E - 9_22,0.19480101475042308,2.1171559389120183,-3.313936165479659,0.8735456801906633
2013,E - 9_3,0.16951996884201023,2.141746300021801,-3.197597767865127,0.8396260624149846
2013,E - 9_26,0.1909672430794154,2.181801149451776,-3.3398423180546026,0.8068680788886323
2013,S - 22_57,0.17016246420622758,0.9298284233472229,-2.9486407296868338,3.313309701589224
2013,E - 9_24,0.1854627384145584,2.270466575231214,-3.6006147194215896,0.6765902612931888
2013,E - 9_6,0.1917183046705423,1.5764579291439127,-2.4700128252047593,0.7921223202464972
2013,E - 9_4,0.19568111655204257,1.712227335965147,-2.9747992307612834,0.7198865926932225
2013,S - 22_52,0.20646339126383226,-0.4534157843746914,-3.280185684506986,3.587261934433776
2013,S - 22_46,0.17508492984166754,0.5092655750470569,-2.541288471513251,4.227698777818907
2013,S - 22_47,0.17027199622041603,0.9185107067673519,-3.0193033371820084,3.789616448291416
2013,E - 9_8,0.23753533117907036,0.0943436956800663,-3.036087441867605,0.32145010208600644
2013,S - 22_49,0.18610312628647532,-0.35365890651357484,-2.6607207424816512,4.10863659427052
2013,E - 9_7,0.19884381809958518,1.5233907599752283,-2.564617578994049,0.7001096578969547
2013,E - 9_9,0.15444189035364245,2.4039538847746305,-2.5624080571584904,0.79554780063708
2013,S - 22_4,0.1740189470724468,0.8024353941604683,-3.1876244581721194,3.439010587587159
2013,S - 22_35,0.1710566003025075,0.7904032222199203,-2.398010171430231,4.055911680916106
2013,S - 22_32,0.13827865745476522,1.9526026072088205,-2.819051485113616,3.860555733829487
2013,S - 22_19,0.17175307223735378,0.8675633296917244,-2.9290239252657084,3.8255423983894437
2013,S - 20_4,0.22260183252988205,-1.4500196487798327,-3.141430881234813,3.5938836374672607
2013,S - 20_8,0.11733305852839769,2.1100175656991915,-2.4675181648577094,3.2203774961653893
2013,S - 20_11,0.24268828902869946,-4.88283505786805,-1.3879502677826343,3.009495625323482
2013,S - 20_15,0.2754634134224466,-3.5500381185057317,-2.0507686210275216,3.228614176225095
2013,S - 20_0,0.1543984345020869,1.3699487748619743,-3.037012320174903,3.4399410931800887
2013,S - 20_10,0.19707123930051124,-0.5823994290102237,-2.994670818515478,3.4453888233319905
2013,S - 18_3,0.17344408003351028,1.5916499203344767,-3.2481860602931953,3.563360177896044
2013,S - 18_7,0.16748497538184273,1.1020625397972337,-3.0046571783726534,3.99576803469412
2013,S - 18_0,0.16619155265023122,0.2981562529363501,-2.8090329448193443,3.2924282463784698
2013,S - 17_38,0.15622501537654404,1.612756300351579,-3.0302680866465126,3.7941753832948906
2013,S - 17_39,0.18373874471718513,0.8347739527376816,-3.29389989474932,2.7539997792270143
2013,S - 17_4,0.16787819749456465,0.8703381304514826,-2.391751722135321,4.331159206319773
2013,S - 17_33,0.20155561752513593,-1.2944528206606638,-2.861588855352851,3.540496765323504
2013,S - 17_35,0.1914251738856326,-0.19079128751724936,-2.355361965512439,3.9095564987919618
2013,S - 17_3,0.16549808771851315,0.6118437781342416,-2.2592439567980227,4.027094929898116
2013,S - 17_18,0.1275200503139611,1.853667592836095,-2.2953402332161996,3.546141117155905
2013,S - 17_1,0.1803596358313177,0.42802069033519624,-3.340474588305366,2.984901611878283
2013,S - 17_12,0.1894649766582037,0.9615400901631412,-3.229498295520209,3.5566005135037
2013,S - 14_9,0.23125947658353235,-0.8370910986672542,-3.327394486384086,3.789160715376345
2013,S - 14_8,0.14526776777731337,1.2757465954631835,-2.8087944520346593,3.7141220340635415
2013,S - 14_4,0.22102521987238277,0.06775673214353108,-3.4246104021161834,3.6180031356157833
2013,S - 14_5,0.08910914238447247,0.5974793589672586,-0.3264413179436217,5.122379854270445
2013,S - 14_2,0.17860289830182788,0.5101805622639599,-3.1742070711695836,3.712644630069225
2013,S - 14_15,0.26527420737318635,-1.6628090144373506,-3.3908517653330423,3.2119671947008728
2013,S - 14_13,0.16716121064612044,-1.495046765033229,-1.7088067602259607,3.774146713999101
2013,S - 14_14,0.22546687891610862,-0.6102115389493366,-3.6699503541688228,3.284150863348241
2013,S - 14_1,0.2909786019936084,-5.278039633261809,-2.8686203040824223,2.8501264548530445
2013,S - 14_10,0.19747823780584167,-0.4280150677639796,-3.2796575863418473,2.9619860215078497
2013,S - 11_29,0.17816724226159658,-1.2499523355568964,-2.088611709153281,3.3254229655517444
2013,S - 11_22,0.16954520677659085,-1.662495765396382,-1.1944654735166025,3.6395262214739215
2013,S - 11_18,0.17895231010163243,-0.04146128834451546,-2.1548686797844923,3.8109466741574147
2013,S - 20_13,0.09468374676627635,2.3422071485007208,-1.6301042701135267,3.7860449072580464
2013,T - IPC4+D06B,0.10356898006380753,2.350223892712701,-1.6266211444539336,-1.4569723869106108
2013,T - IPC4+G01T,0.10535820337689698,2.5274563482382852,-1.6961519833186196,-1.559609832621649
2013,T - IPC4+H10K,0.14616278885217182,0.6109000636266622,-1.982855202769933,-1.2214008395354985
2013,T - IPC4+H01G,0.12973165243055745,1.712210680173881,-2.0475768424037457,-1.2919968820585712
2013,T - IPC4+F17C,0.15685669125729196,0.8670309547298888,-2.885682377677231,-0.890448590372485
2013,T - IPC4+D01F,0.15621977877182194,0.7818021554264899,-2.874031312796243,-0.9031988984788063
2013,T - IPC4+B82B,0.1864711472429748,0.8210768287530248,-2.6348402618718,-0.9127467859971138
2013,S - 33_37,0.14123472525835473,-1.476511301156015,-0.9908002457539034,4.141505794536196
2013,S - 14_3,0.22283574586212923,-2.8965369015882443,-1.5546317555165743,4.466474113792774
2013,S - 20_14,0.11463394351564285,2.2961584238059647,-2.4788968334505226,3.3770628221196746
2013,S - 17_19,0.0959472343346858,1.3078833484228645,-1.3367176555464169,3.962721277231286
2013,S - 17_24,0.16650149300164785,0.19765584605301806,-2.2256080265000557,4.344707678919835
2013,S - 17_31,0.1140336959359088,2.8537806196353217,-2.6704955653576232,3.067011382516031
2013,S - 17_40,0.185336492803647,0.18721193605792164,-2.531464352861935,3.9544625955794377
2013,S - 17_8,0.18696937074805622,0.4521436973481414,-2.9469391204540116,3.670508781316945
2013,S - 20_2,0.1482721457957584,0.6124447450611159,-2.3011570943381807,3.2294573988055784
2013,S - 22_14,0.18205549897553877,1.2380714610207963,-3.152819722460351,3.8885605366698357
2013,S - 22_13,0.15440051465863877,1.2453872688142158,-2.740690372247269,3.5452831513148384
2013,S - 22_27,0.16237452028901628,0.9963722058181459,-2.462474875402921,4.205764020144086
2013,S - 22_29,0.1555467501744908,0.2817628935826402,-2.687309319240482,3.394976648310135
2013,S - 22_37,0.14639418510126645,1.787747556831862,-3.0525397911855534,3.631203682693178
2013,S - 22_43,0.1576197624858359,1.0792344203758553,-2.9673503893413145,3.4580188652138797
2013,S - 22_55,0.04669401031154715,3.6142653760281047,1.21256758361628,5.450314328128665
2013,S - 22_62,0.21406581178756764,-0.4076643312889004,-2.3059445173734865,4.253210707030983
2013,S - 22_67,0.1419101746439765,2.02651353555888,-2.9893655744083625,3.565562781933496
2013,S - 22_75,0.10765774485592366,2.059136632662262,-1.6656907131860923,3.750046961638187
2013,S - 22_80,0.13893738982472206,2.5260315417082575,-2.813678311498541,3.852498146144931
2013,S - 23_11,0.20056938282068565,1.0349438098319355,-3.898175221751715,3.2329827897638914
2013,S - 23_25,0.12002096575087563,1.0770207459109464,-0.9612179486011776,4.638158993239746
2013,S - 23_5,0.18041323024897893,0.02691660944728254,-2.8800085811340064,3.5783869551778813
2013,S - 259614356,0.07994492208974702,2.651817706345044,-0.9231471691170938,4.151182192670123
2013,S - 25_13,0.14891067472078642,-2.1763225412745784,0.18232914583040138,4.323643269107662
2013,S - 27_61,0.07042727267895557,1.3591901012652936,1.0444325269667083,5.11691937047599
2013,S - 27_98,0.1325831881784407,-1.131849094138992,-1.0051199011324932,4.144685528425127
2013,S - 32_9,0.10122972701021962,1.8219406136856162,-1.3197529833336799,4.4417438364584365
2013,S - 33_110,0.11853051786215935,2.291859811296491,-2.931305904189034,3.1126162209794246
2013,S - 33_112,0.13594129641289418,-1.7320511879643077,-1.615822645338056,3.8773590076772977
2013,S - 33_15,0.1592769503651621,0.4074229539492831,-1.7275851352481018,3.9021515546990804
2013,S - 33_20,0.1208427816799745,1.7799690309442433,-2.4064822836200683,3.5155779463650885
2013,T - IPC4+F23J,0.1266922718073685,2.453452611047955,-2.8398658065032474,-1.01687611028279
2013,T - IPC4+F23C,0.14744643013185063,1.1981164453911384,-2.503324890438714,-1.0655058334635434
2013,S - 33_42,0.10754685468119411,2.755643185485188,-2.241079437889724,3.8179170707932264
2013,S - 33_47,0.08786979710978672,2.7363111520846894,-1.4070821280137384,4.097754642657674
2013,S - 33_5,0.11080249805700729,1.0585338158721216,-1.7055402137415812,3.8978458153666486
2013,S - 33_54,0.13319075891088963,2.6493966482992994,-3.1682504580717272,3.4153574860211062
2013,S - 33_61,0.13291088649719826,0.16828407706030368,-1.319694641221676,4.1877367672836705
2013,S - 33_59,0.1595388439232246,1.2868494772336523,-3.6960072459821993,2.8843552367261833
2013,S - 33_63,0.1464083663463085,1.6022867294802596,-3.1223122952765956,3.435871731329431
2013,S - 33_72,0.1132286371747735,0.16715014427796218,-0.8887934113890978,3.999293220148895
2013,S - 33_75,0.1049947262643585,0.9014325987231803,-1.6675782877405518,3.6398201185578225
2013,S - 33_78,0.12268728612164034,1.3798724403198739,-2.384531956610798,3.628755109759936
2013,S - 33_81,0.2600931248922326,-7.026388201629587,-3.886031340540561,3.1228304661910347
2013,S - 33_80,0.10339620625179605,2.0452101248915198,-1.4575800748364671,4.169400037948094
2013,S - 33_86,0.04517878387884334,4.101880280227523,0.5357951794600743,4.901834106005763
2013,S - 33_94,0.1440910446946796,0.48320300515892156,-2.681957471364289,3.5821634519142016
2013,S - 36_9,0.15681494184014816,1.2819933600766533,-2.737213606955414,3.386836721694322
2013,T - IPC4+A01F,0.09883636031983571,3.2371324833227972,-2.0327408940510923,-1.4055666945850243
2013,T - IPC4+A23D,0.13991488432417462,2.273802106902732,-2.8369583829473104,-1.3256869185273783
2013,T - IPC4+A23F,0.13424757023032216,1.186585311631287,-1.8417445528089176,-1.1977006341110739
2013,T - IPC4+A24B,0.11722734758076328,0.7562921745670806,-0.7817675479487685,-1.8335566640860557
2013,T - IPC4+A24D,0.13038742466736794,1.3779161373742272,-1.0516984922179458,-1.6542330675570294
2013,T - IPC4+A24C,0.07887632414246956,2.309636116780477,0.2544308206812257,-2.2283810088869775
2013,T - IPC4+A43C,0.101219690252223,3.1281216289553924,-2.0615438188131114,-1.4061363992227325
2013,T - IPC4+B06B,0.11295282319445221,2.902669902053543,-2.4734460142258987,-1.2716797801559359
2013,T - IPC4+B22C,0.10543201262586917,1.6503657221110755,-1.0010637109079261,-1.6616324020572124
2013,T - IPC4+B23H,0.07438411706686528,3.3137264331086294,0.07471078788718633,-2.0770787250217624
2013,T - IPC4+B23P,0.16954926440792004,0.5865903430791714,-2.3150502499040684,-1.3922728909085762
2013,T - IPC4+B41J,0.08311145581799126,2.2031610788772444,-0.6356373993355026,-1.8032149454802
2013,T - IPC4+B41C,0.07353130546337916,3.675753954533615,-0.5931348162222643,-1.8797190198635478
2013,T - IPC4+B41N,0.07101125558356575,4.186475873240489,-0.9150801944995051,-1.8568909847663877
2013,T - IPC4+B43K,0.07820186818852,3.6651454635400427,-0.6081414937585898,-1.9218130028179718
2013,T - IPC4+B60C,0.11854883045546777,2.076915743010291,-1.8642998525727787,-1.4813714412160321
2013,T - IPC4+B60W,0.08740465339940111,2.4087615073863637,-0.8063093745419231,-1.8877880615626594
2013,T - IPC4+B64F,0.09932259602169281,2.7749994417873785,-2.0899634200554487,-1.2537408105007217
2013,T - IPC4+B64G,0.08111339077981039,2.0063005471012985,0.052980082324454295,-1.9410296780696126
2013,T - IPC4+B67C,0.1050460097867663,0.9343446107224019,-1.269588693851456,-1.6729551883659701
2013,T - IPC4+B67B,0.11549000859230624,1.5499071442664023,-1.7838877315795991,-1.5442676665140929
2013,T - IPC4+B68G,0.08963685036351797,3.357126970841625,-2.0332349368076224,-1.4370691227739025
2013,T - IPC4+B81C,0.11878080348737663,2.2604911884850853,-2.23722656963294,-1.2429290014135503
2013,T - IPC4+B81B,0.13179988032038392,1.9603865210478388,-2.6933229900263225,-1.1150596980639425
2013,T - IPC4+B82Y,0.2158084165641326,-0.1500220462770117,-2.8213508449477693,-0.7396120658666876
2013,T - IPC4+C08C,0.10151236404718014,2.3188404910223706,-1.451164757349162,-1.4731036124789745
2013,T - IPC4+C09C,0.1569897551009216,1.387087622983604,-2.878513469088429,-1.1192663314747733
2013,T - IPC4+C09G,0.057221247500175654,3.7693758930611025,0.49759392355831206,-2.240149898636008
2013,T - IPC4+C10B,0.14709163123047012,1.4246512787420818,-2.2834300173272646,-1.3851575891022945
2013,T - IPC4+C10N,0.09760170186037079,2.9587671088280394,-0.79248880031072,-1.8951371237285728
2013,T - IPC4+C10M,0.14632687490692856,2.422664267466903,-1.9746495229231555,-1.6866710162637075
2013,T - IPC4+C13K,0.14121804199696036,1.0093435316741854,-2.3423361608942854,-1.2568303800329768
2013,T - IPC4+C23G,0.09038365418719935,3.459226946526434,-0.7558448087853084,-2.0128476345791335
2013,T - IPC4+C30B,0.14128250641397877,0.6412511481108362,-1.7211514151796454,-1.48696807511294
2013,T - IPC4+C25C,0.13609603784667665,0.7754536469059339,-1.434132330216912,-1.8939190631062728
2013,T - IPC4+D01D,0.11690890090004229,2.8255991275187164,-2.698677575833528,-1.1552973190215616
2013,T - IPC4+D04B,0.10832063332034612,1.8391267477695026,-1.9068969104268687,-1.378533760029082
2013,T - IPC4+D21F,0.0852560292218681,3.195787946015391,-1.4973354030296773,-1.6275888300065098
2013,T - IPC4+D21C,0.1248257877212766,1.5390521942349855,-2.07788930705666,-1.3102123752749852
2013,T - IPC4+F01L,0.09422530916804478,3.153181914654829,-1.2566415606009889,-1.8288777155203
2013,T - IPC4+F01K,0.13607605746542398,2.8580954982332227,-2.891452199279315,-1.0927998731289987
2013,T - IPC4+F01P,0.09056702953075303,2.675327569536834,-1.3924000686103057,-1.7158627937106834
2013,T - IPC4+F01M,0.09104445115784761,2.934367918864488,-1.2293126640669516,-1.794824320166337
2013,T - IPC4+F02N,0.07191683018269214,3.7908914868443198,-0.9262604742272741,-1.8942437460626895
2013,T - IPC4+F02K,0.07153030363711277,3.3215885507750444,-0.5528598341330084,-1.982596935535759
2013,T - IPC4+F02P,0.07599456382180622,3.6114877929841245,-0.5517573663721761,-1.9595561641646764
2013,T - IPC4+F03G,0.18674006914096,1.2852316761042717,-3.050288762040529,-0.7344110826641891
2013,T - IPC4+F04F,0.12482477519582626,2.333641485238228,-1.9217129113814237,-1.4891292924540065
2013,T - IPC4+F15C,0.07765876062953501,3.2150130245121127,-0.654894379827324,-1.7323717362981594
2013,T - IPC4+F15D,0.14898993776686478,1.312286633877753,-2.633143771048504,-1.0800143659585493
2013,T - IPC4+F17D,0.11318808133493481,2.607460019771768,-1.9729039746950172,-1.3206906116425643
2013,T - IPC4+F16N,0.09951637814222675,3.4227573176342605,-2.0094911380078964,-1.4583713785110415
2013,T - IPC4+F21L,0.0958772819811701,2.6310884939489267,-1.3146087063482077,-1.7293860330345594
2013,T - IPC4+F22B,0.13621475324312676,2.771811638316579,-3.0151086515159804,-1.0291462103545022
2013,T - IPC4+F23R,0.0899478288138102,2.056075965733046,-0.43853680071934464,-1.9734886789403874
2013,T - IPC4+F25C,0.10500972995547897,2.0626692252614878,-1.5484438514594792,-1.4107171755048344
2013,T - IPC4+G01W,0.10519782923308682,3.131250108581489,-2.059661488878337,-1.352432750283477
2013,T - IPC4+G04B,0.08718849174600879,2.389544998961547,-0.34752747806222106,-2.1149892795223515
2013,T - IPC4+G06G,0.1587022410197979,0.8928472032742223,-2.0199142033916138,-1.1182861923321121
2013,T - IPC4+G06V,0.13772412175713192,1.7572033902003306,-2.1377380523281433,-1.3156572614123203
2013,T - IPC4+G07D,0.10216393608435724,2.571507111951624,-1.8573115168263334,-1.5097354830239573
2013,T - IPC4+G10D,0.11803949414367904,2.0492049480938768,-2.115587332220353,-1.4361307892754658
2013,T - IPC4+G12B,0.09603379580484818,2.3543630923746104,-1.3830341131334596,-1.5292148688538865
2013,T - IPC4+G16Z,0.10371389863995654,2.4020708264715545,-1.5575484193177533,-1.4494277863635208
2013,T - IPC4+G16H,0.13535987668636618,1.4766609523825067,-2.4122495299556865,-1.0909308609614647
2013,E - 44_7,0.15682250670895975,2.461171555616836,-3.5739757945982324,0.8298759845340314
2013,T - IPC4+H01K,0.07088073062987796,2.0759918432031044,0.18784847525614448,-2.0862758488179094
2013,T - IPC4+H02S,0.1279661866121183,2.6404476612024537,-2.8272905307674012,-0.9625133735210156
2013,T - IPC4+H04K,0.13747523631275435,0.8405026655776499,-1.5860401239761763,-1.405633419249643
2013,S - 14_11,0.1088809996785935,1.8024537174505846,-1.4234449842704469,4.219796955506107
2013,S - 11_28,0.12991947232263662,-5.4686481855416,0.780699597792704,4.086637048433578
2013,S - 33_14,0.13086949270795595,-0.22215066174707448,-0.7005330667037534,4.673584442611878
2013,S - 33_38,0.13814201134831233,-1.704794971787792,-1.105620557462057,3.648407007373454
2013,S - 304242710,0.1145359034224089,0.885256723788005,-1.5826840382898093,4.140131562977956
2013,S - 17_7,0.2525681799877585,-3.0952941943570305,-1.9273243238665516,3.8515307489918045
2013,S - 14_20,0.12146652889082246,0.35579174893890914,-1.2292313293235946,3.9535916467873866
2013,S - 14_21,0.2013999450653896,-1.7669412384653724,-2.0498431526705128,3.6948804031964766
2013,S - 26_3,0.0557817920320327,2.9555180195260444,1.1669097058441025,5.6288492059118305
2013,S - 28_5,0.0698365576119566,3.3330293222226763,-0.8870939359738278,4.20044042373772
2013,S - 32_6,0.05311132887102374,2.9843174660862473,1.176360158746879,5.27263812455326
2013,S - 33_113,0.05931309940205105,2.7145188654584222,0.037986097517297285,5.200346741349576
2013,S - 33_106,0.05740971571229622,4.170900654183257,-0.7649252321489378,4.355167976037723
2013,S - 21_2,0.11528858983429328,0.5459612905416303,-1.1176395452499601,4.344942774884846
2013,S - 18_6,0.10387760734698336,1.430221931559028,-1.4866603829320315,4.373899043470527
2013,E - 43_13,0.22635508659643602,0.8582005962419372,-3.269565997896006,0.34637915432595745
2013,E - 43_6,0.22462776302753962,1.2926344877506157,-3.9426736615801325,0.7808335843023936
2013,E - 44_14,0.12561483092189196,2.7515799231321822,-1.9906854286419424,0.2757191040931315
2013,E - 43_8,0.19625527887279468,1.9528254597125871,-3.9889341696186986,0.8370805622775803
2013,E - 43_10,0.2042428818113621,1.8132440295940746,-3.6961455516176316,0.6579404082151352
2013,E - 43_0,0.24081781166748878,0.6309732110525725,-2.9529987589722726,0.44895841761510574
2013,S - 33_69,0.08333384755269047,3.640449398789323,-1.8717991917932373,3.636048238030337
2013,E - 43_12,0.1610861374399295,1.4244190632251756,-2.221212226925651,0.5902491077522195
2013,E - 44_16,0.18942886654256647,2.0291939938329953,-3.898180504113281,0.5415420556095883
2013,E - 45_3,0.1753774629871811,2.061683473574998,-3.6876184602759396,0.6812814835272272
2013,E - 44_3,0.11439497017617992,2.5997128405429066,-2.0935973728938446,0.3461013707969631
2013,E - 44_6,0.17554721239888577,1.9206420489325857,-3.9217215887968964,0.7131842058350897
2013,E - 45_5,0.17200099730910762,2.455307590335111,-3.6474400586821454,1.0183750726858796
2013,E - 34_5,0.11746125230004938,2.5423130370481752,-1.8310239426873793,0.6362345641263318
2013,S - 33_82,0.07259616755332647,1.8239550800018534,-0.06368354857999353,5.195294145154794
2013,S - 32_21,0.05858884005315759,2.43875262832675,0.1888523268131516,5.300355795073957
2013,S - 14_19,0.05448300002921423,0.16818392426125106,0.5337077260656942,5.451567272888002
2013,T - IPC4+B33Y,0.10718941886525306,1.2753727041577467,-1.5644079110580362,-1.3513899055537193
2013,E - 45_2,0.1704738133158583,2.1777553286090474,-3.225782039792954,0.6030523933424217
2013,E - 36_20,0.06780236322573739,3.772342997477234,-0.3683258537450935,0.28045734102657005
2013,E - 45_11,0.15116513996904402,1.916181621437961,-3.397499847963519,0.7847474794551428
2013,S - 33_2,0.07720032348415226,2.8149794042303573,-1.0296919311887522,4.344595490010084
2013,S - 33_55,0.07397698089655627,0.7835605913061542,0.47375557716399475,5.217613847398485
2013,E - 45_7,0.1745872254636492,2.17685735818485,-3.363868913404006,1.0323626013871867
2013,E - 35_3,0.00503308355282355,8.091553714425741,2.824814912180024,-0.41735801180077653
2013,E - 42_22,0.15347862997739894,2.245422279097182,-3.398113512045997,0.9001520674072174
2013,T - IPC4+H10D,0.012030298054300387,6.256457599536845,3.7276460436073298,-2.603045830912373
2013,T - IPC4+G16Y,0.008963235345739375,4.227872012368543,3.078109567189618,-2.0105745262729804
2013,T - IPC4+H10F,0.011649168647897074,5.998561382951428,3.818281459650051,-2.376828594783184
2013,T - IPC4+H10H,0.01614485191645322,5.668551056973404,3.3461469450702954,-2.666035874000635
2023,S - 11_17,0.2497554448493543,-2.4943505901915737,-2.7862640672584185,15.969537536991679
2023,T - IPC4+B23Q,0.11680679369133803,3.391010938554386,-2.0539545846122307,-1.4884515943265682
2023,P - 8448,0.13288561800292906,1.7069504224203766,-1.6774383848596117,2.5897977137228714
2023,T - IPC4+B25B,0.14116046946106542,2.4882322184819277,-3.0170902180443884,-1.6366270679824537
2023,P - 8450,0.143786253301212,0.8000767877466671,-0.44467356518772144,1.7930832865994726
2023,S - 11_20,0.27518111504767995,-4.419104786071802,-3.866005989059749,17.353446045128518
2023,P - 8447,0.08832326845064878,1.5661551192423602,2.083998444440004,2.187993060692962
2023,S - 11_23,0.25252380925522194,-1.905023567445289,-2.3102825492467853,15.30882754670816
2023,P - 8446,0.08010554922915472,2.0980905680530197,1.910819256083491,2.4325366695414194
2023,S - 11_24,0.23349452614451013,-3.9900865571529325,-3.895313260661909,18.917886214115324
2023,T - IPC4+B29B,0.1515009512583408,1.9843979176472568,-3.231351379059301,-1.3484780033406158
2023,P - 8451,0.13996130499103795,1.8533043299604228,-2.0007681777668083,2.407203061735658
2023,P - 8452,0.1337689401033836,0.002694094701913596,1.2829615340220109,2.3079519786122464
2023,S - 11_13,0.3704730533985394,-3.732513666649646,-5.400950001309578,18.03453453380962
2023,S - 11_27,0.29336107940709455,-2.9209075129434128,-2.9653989830254446,15.50120891693727
2023,T - IPC4+B29C,0.19600670766472794,1.4802358918890848,-3.4572484301465725,-1.5315165547942737
2023,P - 6913,0.12487283326926896,0.4922989071995146,0.7239854130215092,2.589894484022582
2023,P - 6914,0.14284537014299784,1.0025055773591491,-1.4591434498863205,2.4191711668026894
2023,S - 28_1,0.20421093678645547,0.5130379238290842,-3.9906206684501004,17.034482318554353
2023,P - 6903,0.13863616037649484,1.3682873400846258,-1.7111880183107888,2.3047702516678674
2023,P - 6912,0.1836272829898488,0.4706653457550056,-2.116021069176533,2.5833150201962414
2023,S - 28_7,0.20297591028249426,0.4536210597452156,-3.8862533588026142,16.461633991896818
2023,S - 28_2,0.2107130320449548,0.32348361536156395,-3.7730327594886313,15.320594142010709
2023,P - 6902,0.1266218049658462,1.1346255151403415,-0.7183012473994151,2.0269262679872337
2023,S - 28_8,0.22113993058936157,-0.3087455813569614,-4.066855819534826,16.526294106970557
2023,P - 6910,0.13383556564184013,0.2572009662575707,0.15928458567505652,2.4022619070846942
2023,P - 6911,0.10330860693302768,0.6756039272513467,0.6472857863824252,2.4689928551925737
2023,S - 28_3,0.19931759311093422,0.7685188488121198,-4.195708482719264,17.105258893981542
2023,P - 6909,0.10514891158922082,2.1784812582688526,-0.6535991651126786,2.6265469006868085
2023,S - 28_6,0.2053751751851553,0.8003279131028904,-4.11523076926638,16.06470529726547
2023,S - 28_4,0.19750766325831537,0.3517708702090698,-3.432943077352059,15.543487808270514
2023,T - IPC4+G11B,0.10386206066832898,2.1176462922497747,-0.7683318740806963,-1.6604969991793979
2023,P - 6802,0.16256784784389003,-2.7655807949677134,-1.849104788084295,2.7140866499957768
2023,S - 27_93,0.14744959054754783,1.9862225303695542,-3.0996226598543584,17.746981975128065
2023,P - 7010,0.2500739027811734,-1.303237737429087,-0.7509754849138346,2.163040091169245
2023,S - 30_2,0.25132972931565956,-1.1481204912931848,-2.654983013121644,13.413232002827774
2023,P - 6806,0.1765163346800023,1.9949103324829205,-3.860754876499935,2.4079799423469685
2023,P - 7008,0.1604936710268613,1.1675378705875696,-2.5241888042826837,2.6169570394236232
2023,P - 7009,0.12890349128345654,1.395968202536831,-0.5432283574569403,2.5648958362902516
2023,P - 6805,0.15610013439867806,2.1837526480741816,-3.5520993774977945,2.619678237374525
2023,S - 30_1,0.2634019836448838,-3.8428353258667203,-4.480021299499554,19.059910188082277
2023,S - 30_0,0.32272630112764394,-2.918747134671183,-2.0198262680983614,14.59910674833565
2023,S - 27_95,0.18306690236575004,0.6824219030191414,-3.6825917515186344,16.786756646461495
2023,P - 7007,0.17199982529860577,1.2553540216360968,-2.7349820127653532,2.6071081694947926
2023,S - 27_94,0.21141060996019245,-0.19598892396100026,-3.0844223982349654,14.868049494003847
2023,T - IPC4+F41A,0.14204210902428827,2.6146927607962853,-3.404179894138214,-1.0803649469272236
2023,P - 2934,0.09976230815736298,3.6230820087578204,-1.337633948679584,2.771390820530705
2023,P - 2935,0.07738656231850345,2.9065128936582205,0.49695676074709916,2.52164044751731
2023,P - 6702,0.05067815787618489,0.3153492483570174,3.65551102187866,3.20669040810222
2023,S - 31_10,0.21010232748113428,0.5237457925300328,-3.997926612460061,16.877181148265183
2023,P - 6704,0.09721087750172504,-5.565750723165786,-5.906959807786649,0.6355434555012186
2023,S - 31_1,0.24579027989686233,-1.2761245333297613,-2.889222493847722,15.073250270098512
2023,P - 7019,0.19491191784134454,0.9492682433138938,-3.3735789850775157,2.5308054083832774
2023,S - 27_90,0.27753127114542436,-1.1796622669233707,-3.722935824560907,14.413507275507916
2023,S - 27_91,0.22823617153033043,-0.0687287411704534,-4.299465876898583,16.789050207121797
2023,P - 6801,0.15209764570403794,-0.5207748149829936,-1.0558472942448502,2.648769108361457
2023,S - 31_0,0.21480966384749128,0.13988874872693954,-3.7757968518542473,16.051411980292993
2023,P - 6804,0.14638744900267842,2.017388722764417,-2.474722540847733,2.3874663740802062
2023,P - 7018,0.09327274537928033,1.2176846889600157,1.058282388994323,2.554766954214567
2023,T - IPC4+E05B,0.14220944025923465,2.8209096730641012,-3.360095851637478,-1.2882302239659036
2023,E - 11_16,0.11640966065311537,2.205501643377155,-0.038637230926378364,0.3054905105743217
2023,E - 11_15,0.1959500906988783,1.066806382604384,-3.9861798432412634,0.46267754377128284
2023,S - 27_92,0.22034962558790297,-0.24661242058862037,-3.4469281879754172,16.506392858360343
2023,P - 7013,0.14850162778489556,1.0062334414189629,-1.4385491461866347,2.070111365578198
2023,P - 7106,0.14243195481486362,-0.07453968584387868,0.8962214220768925,2.2128365813260977
2023,P - 6406,0.16648317086662442,-1.0987585838931941,-0.4473558812002616,3.070690394709211
2023,P - 6505,0.18121853849735878,-1.4271246728101592,0.7769894975977963,2.8738468785963085
2023,S - 27_87,0.2994972516568457,-1.8002635043648887,-3.8720991058998573,13.849036526576162
2023,P - 7102,0.11486820801781024,-2.648842156597823,0.7692716881806517,1.011858167167156
2023,S - 27_88,0.186967356804714,0.6461258286169856,-2.9593561977619696,16.695238657574823
2023,P - 6506,0.17626403117590225,0.743271974958945,-1.4606264197659626,2.5070097446804915
2023,S - 31_12,0.19466378416409463,1.1783729294728553,-4.242278450047523,17.14513663135601
2023,P - 6601,0.10438903079013108,0.3574388199554522,1.2741023043421293,2.206490980999999
2023,S - 31_11,0.2803203121824704,-0.5518088434570918,-4.790458722336182,14.395012490520784
2023,P - 7101,0.0886180689041281,-0.39244582135249595,3.5986733708044945,1.170724865440099
2023,P - 7020,0.1503046391232186,1.3689880637270235,-1.5850325462004475,2.5089552684228784
2023,S - 27_9,0.30935057130446664,-3.0006722741780067,-3.0577553286560795,14.818050802354332
2023,T - IPC4+D21H,0.12221614212152833,2.997927759998949,-2.912665782558153,-1.6665796461407936
2023,T - IPC4+E04F,0.154241513243032,2.434289056708357,-4.2670605043033,-1.554961962245032
2023,P - 2930,0.10693549185981623,2.372889348492184,-0.7693523312477215,2.7301251097661603
2023,S - 31_3,0.20059130460989413,0.6671594249218016,-3.8073570034239657,16.490372078221174
2023,S - 27_8,0.2467988142551155,-0.8436543375293186,-4.031115707114798,15.23332060036224
2023,P - 7115,0.10623746151219637,1.2975985458531532,0.5773994232492431,2.1981903806708885
2023,P - 6403,0.19522385696117628,-0.8106718560058527,-0.4414072094601958,2.5167977843415845
2023,P - 6404,0.16326278961796226,-0.43230035769650454,-0.13495744118336234,2.487246309295652
2023,P - 6405,0.24112344386952198,-2.234957673913614,-0.9012937102268154,2.7780499701909136
2023,P - 7113,0.14343497575036138,0.11641895332888996,0.953340399018206,2.0787410040277923
2023,P - 7112,0.24587378793470344,-1.5824901394522088,-0.5625635148640181,2.5308032580269506
2023,S - 27_82,0.2127293321921278,0.7897047715448706,-4.374363966287613,15.643436955403757
2023,P - 7110,0.07599942125064826,2.4427929514925424,0.9053141771747566,2.29345679232837
2023,S - 31_15,0.22662122737520315,-0.8072961893981445,-2.653643307374806,15.260921793066245
2023,S - 27_83,0.2315524262491182,0.04756758066770034,-4.449523274013183,14.890516033461493
2023,S - 31_14,0.21859806697921902,0.8450197215328232,-4.344567955299648,15.767297798744723
2023,P - 2929,0.0903841614061981,2.317834033285991,0.8827157268238663,2.1665142032211735
2023,P - 2936,0.1291070703509283,2.1442565006438703,-1.5479892069684695,2.51908616043687
2023,P - 7103,0.13646735119074885,-4.910767206241169,1.2091346167275583,0.8216104509700137
2023,S - 31_5,0.18985854984326894,1.2761836017247803,-4.103857709008163,17.420033451763054
2023,S - 27_77,0.2966865336572327,-2.8452939401948742,-4.222276258122709,16.175075346934758
2023,P - 7203,0.1047602283314127,-2.245325902036688,-2.5377101143993706,2.642733467286429
2023,S - 31_4,0.25150372061212417,-0.2929505696471779,-4.089263981181582,15.580124277419579
2023,P - 6307,0.2027544196141295,-1.143433303336003,-0.34945726207644595,2.472618790708423
2023,P - 6402,0.1547322109126234,-1.4791903700643947,0.8311488371119291,3.1296178819808502
2023,P - 7201,0.09433287683480189,0.9915217753527471,1.6179540471026388,2.0329275416494865
2023,S - 27_78,0.21141314712303852,0.27340119711988475,-4.002721860531106,16.521836009880687
2023,P - 7202,0.18549795231900612,-1.8365913492302248,1.6089407985578408,1.4270837203584044
2023,P - 7117,0.15202213440203477,0.43038560599351666,-0.25626505596672033,2.5248537390642483
2023,S - 27_79,0.23793719387795675,-1.0787199882402967,-3.531629813575242,15.648555540685138
2023,P - 6309,0.23918370815957724,-1.3598119236399198,-1.0404206265304772,1.628225589386215
2023,E - 12_10,0.16313795757906938,2.9534180969234347,-3.532043512113593,0.7151107120709644
2023,P - 2937,0.08029090301831775,3.397709732148397,-0.30276183493454334,2.735616901381725
2023,P - 2939,0.13546693273868404,1.302558789735173,-1.9168683952633898,2.6226833330391317
2023,S - 31_2,0.17738462875956748,1.5397073079581378,-4.101284822749127,17.09428820301737
2023,P - 7208,0.16094198182699637,1.0296453522198126,-2.4328782941932516,2.444185878570917
2023,P - 6302,0.16166397755591297,-1.8748240117769737,-0.6408260929131003,3.8754692992952697
2023,P - 6304,0.15839793922783485,-1.8173879276367961,-0.804306375698306,4.132946527923479
2023,S - 31_8,0.2722578575499381,-0.4225482932160785,-4.375637137099129,14.498258385997781
2023,P - 7206,0.14562460527568993,-0.7087826703853637,0.44276478270043323,2.4524557674629497
2023,S - 27_74,0.25478750269368194,-1.4726649935810259,-3.6393760670802853,16.253954474847635
2023,P - 7205,0.13457126274575834,1.0675522095991723,-1.2687471043843455,2.6863279307150956
2023,S - 27_75,0.23295635544459675,-1.4231216178581043,-3.359897107831384,16.296064998595615
2023,P - 6305,0.2597657499097292,-4.319881839865424,-4.772333127384289,2.6183323001021623
2023,S - 31_7,0.19605869589971076,1.0241978064276087,-4.064374894514256,16.543487739278493
2023,S - 31_6,0.26530523165885306,-0.17070261991100483,-4.727532150695212,15.082665574852475
2023,S - 27_76,0.30750338063407184,-1.7583167783095874,-1.6443174878961833,13.393375196083326
2023,P - 7204,0.3741434029617039,-2.1923050625334746,-0.2762913165001542,1.9302300520554794
2023,P - 6306,0.19234641803356842,-1.097717247600928,0.27729677014277176,2.365690457294717
2023,T - IPC4+C11D,0.136795335994314,2.0317862198657966,-2.2802163778973705,-1.4601222217861012
2023,P - 2926,0.07965141556068624,3.907740430238252,1.1458425240180878,2.5735721777722484
2023,S - 32_1,0.25781021702712675,-2.4937802889389338,-2.470562204736716,16.497449174197044
2023,S - 27_7,0.271677489851433,-0.4405849473706401,-4.132498185063241,14.717920005353259
2023,S - 27_70,0.22461443110144544,-0.26992807259125895,-3.6019671216746016,16.101456492108532
2023,P - 6217,0.20944900358273566,-1.8890170411658467,-0.09930756694306381,3.5092490228109368
2023,P - 7210,0.18603351237308155,-0.40869529142617383,-0.9321658584130814,2.085418604057091
2023,P - 7211,0.14966320675920924,1.0535124238348816,-2.7043136217942787,2.583764768929056
2023,S - 32_0,0.4003623652574466,-3.631483486251684,-2.838920475726996,13.35499648782205
2023,P - 7209,0.15580588561769163,0.36212300149260795,-1.5803323478297695,2.158375283563831
2023,P - 6301,0.12935916486583918,-1.7756949236406094,0.7417508913173647,3.1433771006163385
2023,S - 31_9,0.21218900280130526,0.537341918359892,-4.346561603033724,15.788972571566187
2023,S - 27_72,0.23029191951049008,0.44831625997115526,-4.24356325825674,14.682038559207662
2023,S - 27_71,0.21804800147828343,-0.20359998204798838,-3.5090554393487494,15.604058526065513
2023,P - 3001,0.12064012676960446,2.4141263105543995,-0.8793619309616721,2.6040944600835756
2023,P - 2925,0.10185821647409316,3.0821007390372688,-1.0247002644625114,2.5279921484070815
2023,P - 6303,0.14583657533502972,-0.01982660619336485,-0.08263648408168404,2.7416033081790063
2023,P - 7207,0.16523929510144392,-0.6025511437597824,-0.34506775947392115,2.097960281962478
2023,P - 6209,0.19666132719235205,-2.4930912179968896,-0.8028058464147727,3.6922161392301045
2023,P - 6210,0.2155267496554664,-2.1613787281203196,-0.307926106523599,2.639667562135743
2023,P - 6211,0.24305188605580894,-2.4848349978160384,-1.4229594366929472,3.849474844737698
2023,P - 7216,0.20902720371024064,-0.860359019984434,-1.8670938322970987,2.610380681160722
2023,P - 7214,0.2840875970867075,-3.090474518335109,-1.7065958841381244,2.2273390885985824
2023,P - 7215,0.19309157324913667,-0.3396598578637192,-2.0495483985190943,2.4884747590460266
2023,S - 27_68,0.27725144170604127,-2.003769099057836,-3.253236838786626,15.258456930648986
2023,P - 6212,0.19066184292411206,-1.8412068669186503,-0.37263276892672215,3.5450075322247128
2023,P - 6214,0.13525328668629205,-1.4468115318604435,0.8885105441158314,2.64157764721962
2023,S - 32_11,0.3202247519347963,-2.4431744398101576,-3.1709456062348766,15.060334988861204
2023,S - 27_69,0.23991440799015448,-1.7696490564220582,-2.1165513876276134,15.469536386836285
2023,P - 6215,0.11300813237747398,0.9124917063380662,1.2100418875920522,2.3715801931764062
2023,P - 7212,0.16906520134086558,1.2494405208698562,-2.2114020179749425,2.1358791520441183
2023,P - 7213,0.1986902874774065,-0.9193342696029669,-1.4201565213165415,2.3222718733421606
2023,P - 2924,0.09583090092113654,3.2805419316423596,-0.44622606850938873,2.443519597455646
2023,P - 2941,0.1076168609525266,2.751705281486578,-1.3515100711126404,2.6648446319510186
2023,P - 6207,0.21837887899213898,-2.5952445553242662,-1.7429004099209995,3.2027759015893498
2023,S - 27_63,0.29263856992393394,-2.296153315567387,-3.0935929593348024,14.464806809443973
2023,P - 7220,0.10824217094162726,2.8127628432586587,-1.692114654347373,2.8011788391356176
2023,P - 6206,0.23058078024631573,-2.2545115976439027,-0.9144093083166868,3.827393911754229
2023,S - 27_64,0.2159593596763285,-0.16374891841825287,-4.1571257814589195,17.032506223456707
2023,P - 7219,0.10344331234842508,2.5917937275742347,-0.9341495683763921,2.3674953977190896
2023,S - 32_16,0.269105743212158,-0.9285318430548328,-4.523767124851312,15.589453344282513
2023,P - 6208,0.1946040005899386,-2.2166558126135585,-0.9520085046640888,3.3127679716650174
2023,S - 27_65,0.21669319115676128,-0.6247489763012045,-3.2638355723417423,16.232844265202964
2023,S - 32_14,0.3037001354802113,-1.9824683839988129,-3.135184576755738,14.347930791130743
2023,P - 7217,0.1818120916061268,-0.5414347890902157,-1.5067290018537538,2.736762735843357
2023,P - 7218,0.07955206831559258,2.5465375571921784,0.233386615627761,2.613022640464739
2023,P - 2923,0.1499165243876706,1.5591988058716126,-1.9470217956889253,2.5694860326888467
2023,T - IPC4+C07K,0.2275296055925308,0.1777764996683611,-2.7663525966832814,-1.6048430675321383
2023,E - 12_3,0.20862999777870933,0.4734763785706564,-2.4621415068431327,0.4439483899126875
2023,S - 27_66,0.1995515902008282,1.1101964800484823,-4.0830037013932605,17.10701229069567
2023,S - 32_2,0.2964787832569902,-1.841973526200336,-3.558242773648894,14.624237914803322
2023,P - 6202,0.17706788751614452,-1.3103786436947618,0.13863247635618267,2.389497625242265
2023,P - 7224,0.11954077724153933,1.9717183507696352,-0.7677855392013612,2.296948404110808
2023,S - 27_6,0.31312264897140735,-2.5164578397811694,-2.662849896475418,15.130176521189131
2023,S - 32_19,0.26646242103651047,-0.49435814330516964,-4.217023592891838,13.931821882839843
2023,S - 27_60,0.24346668584131834,-0.27729868153048887,-4.166191884623908,14.211914559152175
2023,P - 7223,0.12155297312966733,1.9981431360025703,-1.328966003375896,2.419711931712891
2023,S - 32_18,0.23898411132632164,-1.9740271866432366,-3.310670823241227,16.756598860281652
2023,P - 7222,0.12137205227625315,2.3770328545625254,-2.2931485473063913,2.7721572225592355
2023,P - 6203,0.23822609289178612,-2.8294396836927658,-1.1322520108184781,3.7653182724235403
2023,P - 6204,0.22070605937248086,-2.305346304408713,-1.0322585236815347,3.8977141576379424
2023,P - 6205,0.23175448232622217,-2.9616224311297534,-1.967966940487568,3.7429744238502263
2023,S - 27_62,0.29884827701853456,-1.6810809942902967,-3.0330055234012883,15.404328310221873
2023,P - 7221,0.06392852900677458,3.729765185761119,0.3255282529687876,2.7092446141732087
2023,P - 3003,0.16395042986682748,1.5129023505233519,-3.0741407305988395,2.6102973493498136
2023,T - IPC4+C07D,0.23642086622087152,-0.2133032805191168,-2.461694333661085,-1.61714108269016
2023,P - 6116,0.1412441226151285,-1.3715699305837545,1.211548914889191,2.659104374710031
2023,S - 27_56,0.2240594237122151,-0.09013587134608421,-3.901387296613101,15.483358414886842
2023,P - 7228,0.16893487502984567,0.6761685253026158,-2.1249356747957897,2.2102167946710827
2023,S - 27_55,0.20376078262592584,0.4527455429720778,-4.036961839510397,17.101071340060386
2023,P - 6117,0.18092634636398344,-1.7697727177109923,0.4855907402920809,2.9214358445592867
2023,P - 7227,0.11860359434211475,1.3716979353905752,-0.454571344367489,2.1933936119292303
2023,S - 32_3,0.31172657846200313,-1.7666930101264517,-3.376240180317656,14.359481446871493
2023,S - 27_58,0.2034371974918679,0.6642025776518451,-4.3604382766453185,17.222517568945513
2023,P - 7226,0.11787915601492384,2.7682934932080507,-2.3288666497813515,2.68822713756875
2023,P - 7225,0.10555406990961706,3.326921554638825,-1.7783448233069186,2.598883306507086
2023,S - 27_59,0.24565658912495345,-0.7410145259735961,-3.703346747546276,15.406108444924632
2023,P - 6201,0.19697741187108964,-1.5182912162217101,0.15222260596534654,2.903769453746852
2023,S - 32_20,0.25868568890894167,-0.6303857957184743,-4.389861122344694,15.444570733383125
2023,P - 2922,0.12765193775363154,1.9820285744195851,-1.4058933148748458,2.52107684001459
2023,T - IPC4+C07C,0.21342246086772076,0.29243841167414514,-3.0545829816269174,-1.3151414210356454
2023,P - 3002,0.11127628226459525,2.7241135223575466,-1.8264880578448779,2.461973425438147
2023,P - 6110,0.2174772032528978,-2.7473838795390355,-0.9157602460818498,3.927071236836197
2023,P - 6112,0.20147302563690211,-1.6394121021851784,-0.3758910194256035,2.608175789429895
2023,S - 32_8,0.21167553791847,0.48959547092752387,-4.557183634463681,16.67440933481911
2023,P - 7302,0.12682357242415263,1.9279134932415731,-2.0695364012543505,2.2592120747008604
2023,S - 27_53,0.34143297721408333,-5.52828150498375,-9.53227752881924,17.16686561479745
2023,S - 32_7,0.2181060012957338,-0.5937785217349058,-3.5829969648615516,16.15653089817219
2023,P - 6114,0.20159148522847214,-2.4147976645006093,-0.7223438264910222,3.899694998848559
2023,P - 7301,0.16508946147786982,-0.04112833065624099,-1.5758286231507384,2.648200740376455
2023,S - 27_54,0.27487972205111727,-1.1443998535203517,-3.8127077765692716,15.394280070127095
2023,S - 32_5,0.2513401382487643,-0.8965157757015361,-3.986271933309423,16.399511493839768
2023,P - 3005,0.175266308875769,1.4112791354787149,-3.277547632422988,2.66533900087873
2023,T - IPC4+B65B,0.1568636025764294,2.306425950482047,-2.900665737091546,-1.549718272137484
2023,P - 2921,0.10663978930456625,3.1697979737595654,-1.3672195153511193,2.672309028209913
2023,P - 3004,0.19284906373378446,0.9439023634580944,-3.5344580607333143,2.162640637234387
2023,P - 7229,0.13152362908883733,1.9084285805196861,-1.800751608262421,2.6932541425737946
2023,P - 6115,0.20201237505528835,-1.8359996101947789,-0.7341168333464179,2.9482128110745673
2023,P - 6105,0.22590587976527818,-3.2346117856644407,-2.499331476837565,3.599797902655946
2023,S - 27_5,0.20554089999300917,0.21954804899663333,-3.8963271768287324,16.184200346841497
2023,P - 6107,0.20853395964931443,-2.7896028320262904,-1.4859774420020784,3.9037061881397173
2023,S - 33_1,0.1941314304373373,1.0272224683495197,-4.177810825582011,15.13060477428553
2023,P - 7306,0.22765046737136307,-1.1584155873850117,-2.1791014616052955,2.4685385278690273
2023,P - 7307,0.18661162802191908,1.3511903780850458,-3.103396513105954,2.263369576290052
2023,P - 6109,0.24714865411788958,-2.6077224407049107,-1.5017568324174861,3.979091600789433
2023,S - 27_50,0.2968907499327284,-3.022449584251409,-2.6096331231350334,15.178109888015667
2023,P - 6108,0.1874121071878325,-2.5538501371418487,-0.8321282733924475,3.904590482482327
2023,P - 6111,0.18147337022420437,-2.7512784292339836,-1.4051444762152594,3.4272774208393684
2023,P - 7304,0.17614349741964463,0.7120630473836393,-0.7508395785112253,2.501256855288508
2023,P - 7305,0.1318210278875317,1.1825530271249751,-0.16087470024365225,2.5148974183831414
2023,S - 27_51,0.23063479724837369,-0.15333153450762915,-4.173500567014336,16.027346388239167
2023,S - 3371536588,0.24598815687665918,-0.8785966611176182,-2.399276930198043,14.902006614223282
2023,T - IPC4+B65D,0.20104489419433283,1.2781768309347519,-4.214922409066685,-1.3138771405771883
2023,P - 7303,0.1349870161575325,0.12103211812722733,-0.18437160385098053,2.6541868541533904
2023,S - 27_43,0.22747143558918678,0.24425010436786546,-4.5817071691020095,16.009979122533466
2023,P - 7310,0.25126372610510045,-0.5443496193738844,-3.4421778099139213,1.931906358548996
2023,P - 6102,0.23174459494254518,-2.524113330274083,-0.7132140973140351,3.561658506003939
2023,P - 6103,0.22727925153509368,-3.0511466055628347,-2.413150143088399,3.3929216325511993
2023,P - 6104,0.2166471361920485,-2.266974375655715,-0.8290641164405395,3.2188248547259666
2023,S - 27_45,0.26194067881680655,-0.5818928245711811,-3.748560698818779,14.476431440692526
2023,P - 7309,0.24952536958340837,-0.14020659496926816,-3.118753863571189,2.3204627464460255
2023,S - 27_46,0.27105929654023714,-1.3480767488514132,-3.899059275423995,14.709418739278581
2023,S - 33_10,0.2549467599426917,-1.3641539227771906,-3.3800034790975673,16.10915402597491
2023,P - 6106,0.2554412967660329,-2.8116082006149337,-1.1667700880021554,3.7230688100452642
2023,P - 7308,0.23079244230889356,-0.055160799678194865,-3.1950775001129044,2.0324243905794095
2023,T - IPC4+B32B,0.17037983489570357,0.9740062209162237,-1.9329665758461463,-1.547675617661701
2023,T - IPC4+B60T,0.11461099711336821,2.9581001198575225,-1.6722796854096305,-1.5326504672004215
2023,T - IPC4+B60Q,0.10375376301802282,3.2594702641629816,-2.0903715104034832,-1.5593835346630591
2023,T - IPC4+B44C,0.1020470329835729,4.06387807090082,-2.668770747227747,-1.5278729907550563
2023,S - 27_47,0.198923430080386,0.8121428536306026,-4.1006444391490895,16.64853495220306
2023,S - 27_41,0.2387919595348803,0.01601820921989403,-4.01480768443448,15.12855402138104
2023,P - 5911,0.17274043923913762,1.8082346551644246,-3.666444037059606,2.158279336392167
2023,P - 6002,0.16566250008877087,-1.1833520572894436,0.5991746306073727,3.548372809595249
2023,P - 7315,0.1562138179636841,1.5399417312056514,-2.2433503744091126,1.9763228438286653
2023,P - 6001,0.1017844376869269,-0.11120359601385078,1.1465179340422562,3.360913167775769
2023,P - 7314,0.21639541287177746,-0.5237510444297262,-2.1100522924050256,2.2769546993638583
2023,P - 7312,0.18534214235509427,0.8825082636576496,-2.002727340318103,2.3797795002928885
2023,P - 6101,0.24319800440725764,-2.442634123229469,-0.7557242799947137,3.4857434570010435
2023,P - 2918,0.14104283726091177,2.197330174249792,-1.5994262066634632,2.5700382650508127
2023,P - 2920,0.09315236964427576,2.9345464343288183,-0.5888857517643995,2.563770329619226
2023,S - 33_103,0.21170749197628355,0.5506230016943323,-4.152741068216211,15.74988552955558
2023,P - 7311,0.24817464079189566,-0.9808262069864073,1.0189169354406615,2.9180931243588373
2023,S - 27_44,0.20867747431954453,0.03226990971616494,-3.3519529774894643,15.804451850722955
2023,P - 7320,0.16141213092305934,1.699128122876379,-3.025388475290278,2.439274822239034
2023,P - 7321,0.17881149438664484,0.33555796080275907,-2.7188578582065226,2.6823035649552978
2023,P - 5807,0.18256060846734046,-0.8829353859102511,0.2839653797050585,2.7537108462517437
2023,S - 27_4,0.2673776275984258,-1.2145669590272345,-4.323831506726879,15.893851066961664
2023,P - 5810,0.11203209605860817,-1.1815870160428101,1.1551083981701908,3.6416576175796966
2023,P - 5902,0.08095908787201973,1.9872885690690585,1.3525546553920413,2.8167676462859683
2023,P - 7318,0.15789529497566726,1.9029573571875555,-2.83803018410748,2.473958084499038
2023,S - 27_40,0.22795781351316105,0.22578329840445896,-4.036944722041403,14.699696109497285
2023,P - 7317,0.1885713194150857,-1.6805000069184037,0.19018953328875726,2.6713728890928476
2023,P - 5903,0.1344637423795527,1.7011098770069673,-1.0945097605977685,2.5992345197684212
2023,P - 5906,0.13908629601339423,1.7937650844969368,-2.3835813444464677,2.794927857554093
2023,P - 3102,0.24420386760273824,-2.5427032906245666,-2.3781887843737133,2.3919863003442305
2023,P - 3103,0.11572208895959972,-2.4669400966745028,-2.6827040993620885,2.859058454725074
2023,T - IPC4+B05D,0.14764793353980452,1.8457307481475824,-2.4997812738484093,-1.5426704287772404
2023,P - 3006,0.1676796212276614,1.4736526413755533,-2.583781328459625,2.1586770731992257
2023,S - 33_11,0.3128898099890468,-2.0291496564094764,-2.9708387425084286,12.55687882932844
2023,P - 5703,0.14448830151165606,0.9008280485414767,-1.6354173206581648,2.474137457542404
2023,P - 7325,0.18409278460673625,0.585848958800116,-2.863205994970474,2.231462357715817
2023,P - 7326,0.21852126027362598,0.5778134189035871,-3.579570893186928,2.179876455104785
2023,P - 5705,0.12187626074704543,-0.8861625581477074,0.7836987798597348,2.9620764299793354
2023,P - 5801,0.11488172018302568,1.8863735177887138,-0.4385936038927676,2.621070819044267
2023,P - 5806,0.17044873958541942,-0.04160533627739154,-0.3122595760372674,2.509465210843487
2023,S - 27_37,0.3377078343009895,-2.1225586013553808,-1.974262887926432,13.065996994009398
2023,P - 7324,0.13393606076291525,1.2806471621429827,-1.2880362516405752,1.9186425320795317
2023,P - 5804,0.10351626558675994,-0.965385575668214,0.4016476085938923,3.3116185770956963
2023,S - 27_38,0.23579253167699935,-2.4755012577993383,-2.654741320105692,17.124710350209213
2023,P - 7322,0.150817953298771,1.9017233211168603,-2.5036699573342487,2.42340511003746
2023,P - 7323,0.1326318406560108,-0.0853755799750747,0.3493949680112442,2.61317621618471
2023,S - 33_13,0.21689708597947902,-1.9654632544178607,-2.2538678731163473,17.05285433516684
2023,S - 27_39,0.2537168420502729,-0.7365352511792909,-3.404212579026815,14.722722190324816
2023,T - IPC4+A61P,0.27631976942095515,-0.25451006625095235,-1.4552232106682568,-1.6380119947321778
2023,P - 2917,0.10646109238243096,2.4159560925886963,-0.7228795224132464,2.5543874287407395
2023,P - 5602,0.15319033591085102,1.104347278116305,-2.5607669960680135,2.7549066817409917
2023,P - 5603,0.1630926267865765,1.4159889147406157,-2.965631810825085,2.6864242902290942
2023,P - 7407,0.16040460591126474,0.9572221991031915,-2.467463002428079,2.739368740943005
2023,S - 27_32,0.2886975645106829,-1.7202056164576047,-2.7563951384143404,13.673204570890777
2023,P - 5607,0.22089925610371183,-1.8641257683605792,-1.2645404262153064,2.4693042552883675
2023,P - 5608,0.19995719553439018,-0.8910653605159151,-0.4731901267247508,2.6009012997816354
2023,S - 27_33,0.17971548034562676,0.9434862186367038,-3.631783806063297,17.634011285180566
2023,P - 7404,0.38456774752269196,-3.0664326650313734,-1.820258820956122,2.525861465414596
2023,P - 7403,0.16344640067301802,-3.4510138681765845,2.034462533873494,1.280620750451097
2023,S - 27_34,0.29689942878588904,-1.8343365301504937,-3.6580801584953115,15.76066568996911
2023,P - 7402,0.10618965503090039,-6.228066580093951,-2.2802326622967395,2.19112394700369
2023,P - 5701,0.15036361780545954,-2.1126155164501026,-0.21999825401672246,2.4396628137250214
2023,P - 2916,0.1160621913219269,2.3392197874085054,-0.4215051339666052,2.5975556666906865
2023,T - IPC4+A61K,0.2744414631998544,-0.19586568993828243,-1.6710752112415002,-1.6240733267280076
2023,S - 27_35,0.2348881610952489,-0.23909303040274024,-4.287631418035938,14.60213280055429
2023,P - 5702,0.15383137992755247,-1.1879031146004913,-0.35910787120230064,2.7618997370523313
2023,P - 5515,0.1381385211003675,-0.13350495340996982,0.7281495522395799,2.5887086715370033
2023,P - 7412,0.14337798232745327,2.2767390184492347,-2.630438163084871,2.3747638272223677
2023,S - 27_27,0.24474694991478532,-0.367155013646402,-4.375721749494312,16.103958129022782
2023,S - 27_28,0.28940867547253585,-1.2477843684177883,-3.318971735450734,14.388425019307027
2023,P - 7411,0.12375840554980506,1.3380662463640003,-0.8997298381031609,2.592763378001672
2023,S - 33_28,0.31097785972201875,-5.181129765455338,-2.9894849613370944,14.430531005246639
2023,S - 27_29,0.2060114543631453,0.5648160667388382,-4.1344408262469,16.98489467762661
2023,S - 33_27,0.29832368344565147,-2.2349387169186787,-2.684047502201367,15.280548315867023
2023,P - 7409,0.11819319859947222,0.6732884303613942,-0.34009207392058227,2.3237259483213504
2023,P - 7410,0.08485871561192933,2.0157265412498058,1.527174161904333,2.579212924242218
2023,P - 5516,0.09588642648610071,0.5849144379914578,1.6766232033810382,2.1347377337028095
2023,P - 5601,0.20102210156907913,-0.09244253211991638,-1.6073034435138187,2.222101319956522
2023,S - 27_3,0.22474032120127477,0.3660732645917205,-4.4360199819631,15.336697359231
2023,P - 3105,0.19571269189551205,-1.596378446187278,-0.5601369747462722,2.031353049224557
2023,P - 7408,0.14291686316799904,-0.4097162181885188,-0.3898054948192795,2.6899523856844323
2023,S - 27_30,0.4126574648524974,-3.8007581201209613,-3.0863932451551666,13.014074531134904
2023,P - 5509,0.16151688364360567,-1.2897113681777144,-1.0202732244269912,3.237968148985984
2023,S - 27_24,0.3073430523019585,-3.337768654282005,-2.617415795444271,13.23734133667107
2023,P - 7502,0.09313047859812115,1.2404100915559897,0.39655235395760263,2.374600440397078
2023,P - 7505,0.08670396382983213,3.437626637361301,-0.8925989012447668,2.5480192406155298
2023,P - 5504,0.05837178035080453,0.901059466663474,2.966013162217755,2.9285143581094335
2023,P - 7501,0.05893958041526177,-4.117482591916191,0.09151422783327211,0.9904861902890488
2023,S - 27_25,0.2500616820168006,-1.837388255025847,-3.586044080229102,16.976096624131554
2023,P - 5510,0.10419930270086716,-0.47931418858141367,0.4754992472105347,3.1936232914344225
2023,P - 5512,0.15011057264048025,0.21822729207269118,-0.5452398209261127,2.548392673451085
2023,P - 7419,0.15668420991434492,1.3407302912220322,-2.408155174095191,2.7162029592900057
2023,S - 27_26,0.2348647825747386,0.08962287954735099,-4.107935133921166,14.762608683934008
2023,P - 3104,0.09677714069459266,-0.29549892508095105,2.9382312498198244,1.761301216501507
2023,P - 2915,0.12300403904083315,2.2249031789302736,-1.2732585681191668,2.2174582749444913
2023,P - 7413,0.14088714950955603,0.15250474189921215,-1.0189591001282408,2.6507598494629994
2023,P - 5513,0.11688825801304402,-2.489279749342479,-1.4276491896078138,3.8640431118572627
2023,P - 5514,0.15964253852472177,-0.7465889877554114,0.4489878593669043,2.863184284923804
2023,S - 27_17,0.46346573829249443,-6.0653477793334885,-27.36288146402817,30.24244751348124
2023,P - 5407,0.13514167504176017,-0.3942790126246955,1.16341361396498,2.62496666661314
2023,P - 7601,0.20967257146595616,-1.7375052982066295,-1.2353504582452728,1.943252347091079
2023,S - 27_18,0.3748290312390174,-4.542651216731237,-2.72277679936795,10.33666381978272
2023,P - 5404,0.1323085958275368,1.1477756690328482,-1.2422577825656278,2.7777088079762935
2023,P - 7508,0.11418237363054043,2.5090143785059023,-1.5063722235256547,2.8236203105964286
2023,P - 5501,0.09109624277969382,0.5205843939922314,2.060605113018975,2.933815177772206
2023,P - 5408,0.13044590729353137,1.0519996184578115,0.39222909781366283,2.134642292606496
2023,P - 7506,0.07891505190568603,3.6645161687696777,-0.5133834096079115,2.6486994054530055
2023,S - 27_21,0.4580471790372143,-5.399407581707385,-28.19853487197761,31.070144748701544
2023,P - 7507,0.10454427163527591,2.938243324821874,-1.3384987046412715,2.644316761131589
2023,S - 27_23,0.23819822436636462,0.4751358811233269,-5.009097687923694,15.63615005484798
2023,P - 5502,0.08197476524466864,1.3483763805831515,1.9574236773955571,2.220082931109428
2023,P - 5503,0.13602033954557377,0.4832353958328869,-0.6106534282753087,2.8274295501468756
2023,P - 3204,0.15694878173470023,1.205693249598945,-1.5362231291878028,2.537232324306413
2023,P - 2914,0.1088999730281042,2.807337007364122,-1.368760708894481,2.756764418060897
2023,P - 5211,0.11878930020364878,-0.9031188618190589,0.8766407558967865,3.5217325566072457
2023,S - 33_46,0.23782789629942258,-2.647920813329626,-1.3925727837686666,15.037119812092511
2023,P - 5309,0.11513382409264693,1.6821137906005876,-0.34594777092836065,2.755842448431187
2023,S - 27_14,0.2348935103753845,-0.578500704662661,-3.8476798192642447,16.472921244722453
2023,P - 7606,0.15913879920706278,1.1300398130818432,-2.653879638915958,2.1456216805678903
2023,P - 7607,0.16651937037458583,0.9532413215889952,-2.422550666625929,2.3440230751072284
2023,P - 5401,0.1762633668830888,-0.7982207597098728,0.047700377176065734,2.557340363617235
2023,P - 7605,0.1486430040725142,-0.42517857255871977,-0.5558227457724079,2.3947842007436275
2023,S - 27_15,0.24219104035144265,-0.7167163495296541,-4.271925409143555,16.183129563230615
2023,P - 7604,0.22802376591189946,-0.24484028378256592,-3.189128791228881,2.153609633357242
2023,S - 27_16,0.2091170751625058,0.5945699265519712,-3.9850665721608665,16.914651705771984
2023,P - 5403,0.08282750118780961,2.083022487993536,1.426282363631402,2.408383213268173
2023,P - 7602,0.3693571800983138,-2.5990831533350436,-0.6134187768952466,1.808137689217272
2023,P - 5402,0.16602462087056422,0.6292872804387336,-0.851452168694981,2.3461211797211767
2023,P - 3206,0.1639537431520307,1.4940584892222533,-2.5035119221832183,2.226209061019712
2023,T - IPC4+A01B,0.13453431287685258,2.3841110913269596,-2.688807922322361,-1.5508736258653422
2023,P - 7615,0.15435243154552472,-0.5998162136091211,-0.3520135493250707,2.7167816791729003
2023,P - 5205,0.13024132502828337,-4.522468572603923,-5.499738372990484,3.3702361099214553
2023,S - 27_106,0.16763935997151372,0.49646385827144146,-1.692609242941204,16.03471108066897
2023,P - 7614,0.142228480761761,-1.5385872379753947,0.44743832239080444,2.927246696565957
2023,P - 7612,0.22162888943333595,-0.07382719335774013,-3.314977965409064,2.7796745805152168
2023,S - 27_11,0.2864032422793407,-2.6548839074941273,-2.765013699392435,15.460758042192852
2023,P - 5201,0.14440373072086712,-8.843646993567942,-14.161406706043557,7.775052924310764
2023,P - 5208,0.15935016925077555,-2.205243218585674,0.26219918832088607,3.6176682996922542
2023,S - 27_12,0.23657112534525854,-0.9330321774502204,-3.1968421754812346,16.086608616726846
2023,P - 7610,0.22679979422755717,0.4362746756484303,-3.0241708674147305,2.254449607216321
2023,P - 5209,0.15062646157550566,-2.2457297349832004,-3.5168215114999812,3.5207556100700756
2023,S - 27_13,0.23385671563919888,-0.926805485921042,-2.8575242350191576,14.573454494155394
2023,P - 7608,0.16898060514726512,0.4915352242977479,-2.2641698708613944,2.5852079069666307
2023,S - 4019419616,0.3840043729721414,-5.532235576487304,-8.83907063459726,19.43237576677491
2023,P - 2912,0.11764377447346372,2.312104889160147,-1.3554562338770877,2.5407603510082937
2023,P - 5210,0.11741615012987164,-0.9714409738056508,0.948154572404132,3.631342682127041
2023,S - 27_101,0.29957908375324604,-2.0727592685711134,-2.8622326471645527,14.224060670725295
2023,S - 33_58,0.20377282404218833,0.47622019580481334,-4.260259071613133,17.115295806094128
2023,P - 7901,0.1371571036531159,-0.10498606818268322,0.15067657228931797,1.9820140892404896
2023,S - 27_102,0.2048991634961653,0.2737958021456976,-4.136166504749997,16.998639847394248
2023,P - 7907,0.17164057039686562,0.34655025604061784,-2.95689161438567,2.4894834771160803
2023,P - 5007,0.09280528705902918,-0.05189800408935518,2.440190629884768,2.920717222503749
2023,P - 5101,0.09649932852417108,-1.8925945264210806,0.8749554234658402,1.3612921517928116
2023,P - 5105,0.08560518727014715,-1.097971580655843,1.970474076956411,2.106496768335777
2023,S - 27_103,0.22926119953879986,-0.09971283186443773,-4.395508580468181,15.382492193401724
2023,P - 7801,0.28066224732354067,-4.175575776562594,-1.9653109343042197,1.5769181259157101
2023,P - 7616,0.1931770502859327,0.5939633715507704,-3.3190290148058903,2.402543853158942
2023,P - 5107,0.11227927508518173,1.3775947369554233,0.14945520403230808,2.64013702661645
2023,P - 2910,0.0656119471184482,3.510193033081132,0.9021946284838002,2.592460166302202
2023,S - 3969021481,0.2664007015754881,-0.9943273214883144,-3.852631554480293,15.891692326879902
2023,P - 5111,0.12829060839758666,2.0677643641672234,-1.6352081194412162,2.558827557742517
2023,P - 5112,0.1328290909411522,1.7080211597378017,-0.3725406278552332,2.559399341283722
2023,P - 4901,0.22681264739778256,0.3201947450320052,-3.2095022248045493,2.6131033929635414
2023,S - 33_62,0.21488703731315606,-1.5656875722985792,-2.7120734638545883,16.52644864270412
2023,P - 4902,0.1562028352636626,1.6694914534209373,-3.148762405590044,2.6880979196893664
2023,P - 4907,0.20002407718818158,-3.4514076756497483,1.771980205819948,1.4394382093804177
2023,P - 8104,0.10499715246942412,2.700288987180397,-0.7928127585076132,2.6227701593028296
2023,S - 27_1,0.2980739733433799,-2.619249110330634,-2.053233967490921,14.760896029684144
2023,P - 8102,0.10006332629403732,2.1563418496520503,0.056145143154096314,2.594931374719283
2023,P - 4908,0.1415148198906456,0.8995698579179487,-1.096455602996161,2.540689385516656
2023,P - 4909,0.10073323210076965,1.8026951694353281,0.02350096688660458,2.6290360606313645
2023,P - 8001,0.10923098454675668,-2.5880243675225643,2.7928654029195075,2.7014744158325152
2023,S - 27_100,0.21038318342923135,-0.26293924943252145,-3.4571446427072363,15.21145542392547
2023,P - 8101,0.14004240073515395,1.6098162030259304,-1.7846033549971727,2.6954691485912945
2023,P - 4911,0.22110465506347277,0.6358838074393327,-3.8950995017885974,2.4502025159106435
2023,P - 2909,0.11018449154315078,1.5983770881177335,-0.1613007748237077,2.502393350598524
2023,P - 3209,0.266937562157005,-0.6624927017782759,-2.7644671467100514,2.162510185386531
2023,P - 3207,0.1307175507865361,1.2845089528284688,-0.679237899165384,1.6819035542694343
2023,S - 26_7,0.24598994508216715,-1.913960657055377,-1.9921598275465606,13.910672195278856
2023,S - 33_71,0.30208445259984007,-2.496751211704614,-2.8671876384259423,14.657595057045409
2023,P - 4821,0.24508669898925547,-0.6131277745448919,-2.703441036953686,2.5753271152898414
2023,S - 26_8,0.2352619163744912,-0.6837445400661593,-2.758932003554748,14.207985847700861
2023,P - 4820,0.2187717810720488,-1.7758304229529227,-0.7371305789302125,2.2543853344969493
2023,P - 8108,0.10779645878372564,3.0006245107730467,-1.4891786017363178,2.7238893905520007
2023,P - 8111,0.05956886544753952,1.4012949430560857,3.984550852557205,2.424254691926541
2023,S - 33_68,0.3583659968532553,-3.1839750641159448,-0.7648481544537011,14.407469350362463
2023,P - 4823,0.20253033259726044,0.24078369956832918,-2.1976769869179495,2.5582433481789555
2023,P - 8105,0.09780637135430433,-2.3612494026795425,2.543105151708758,1.6940913197038285
2023,S - 26_9,0.3966755682383442,-4.894569607410083,-6.440414862601662,17.210987371623382
2023,S - 36_2,0.31113480434440277,-2.2132455151152173,-2.999349667035937,14.721264087444867
2023,S - 36_4,0.31593214579656015,-3.3978734006858557,-2.767596535831577,15.28568633971566
2023,S - 36_5,0.38502418595236265,-5.3479477081511,-5.888330976871912,12.273010279926575
2023,P - 3208,0.23993832853631125,-0.35488264673027753,-2.736057030469957,2.090498977265592
2023,S - 27_0,0.27754830774584544,-2.4586444016042543,-3.1796584429239987,14.836598588975525
2023,S - 33_76,0.19599090720256665,0.4759353393643724,-3.884870359034036,16.61219658912576
2023,P - 8204,0.14347497141801385,1.7902877541665152,-1.1211154383911088,2.253714287751027
2023,P - 4814,0.12526340263917454,1.7049338563381764,0.16402564278822043,2.0862075159309668
2023,P - 8203,0.14217140917210644,1.4954252951072629,-1.2369164729505702,2.2028277145795983
2023,S - 26_4,0.1990543642757206,0.3606181921019254,-3.7555733038738985,16.110873884771827
2023,P - 4811,0.17269561514885803,1.4176564458957488,-3.422927144390735,2.613047474807808
2023,S - 26_5,0.23027507942687472,-1.185292236394228,-2.757168399107934,14.999264464704483
2023,P - 4817,0.18538225141680004,0.2605138667062583,-2.630143765111547,2.720678473721612
2023,P - 8202,0.13688816124898717,2.45786992201003,-1.8828967055592298,2.433486039911448
2023,P - 4819,0.2721580494007332,-1.541671488898703,-1.8144567871185184,2.216671202718393
2023,P - 8112,0.11384944470475704,1.7861755453858617,0.9687341581515015,1.695408206829179
2023,S - 26_6,0.22169930508681815,-1.2565620467046155,-3.3926499868605435,16.78908003276404
2023,P - 8201,0.15088285749160546,0.6387066753519531,-1.030066259302988,1.9777563381148768
2023,P - 4818,0.2455049538981348,-0.981184622888919,-2.536274701171756,2.4310318712041554
2023,P - 2907,0.10975056876764552,2.8039925341993492,-1.7198336202112283,2.808201756232037
2023,S - 36_15,0.2305632365195351,-2.5430571408333105,-2.517876119153913,17.550187799968963
2023,S - 33_84,0.10091791223023064,1.5205024139940257,0.16373503357564523,16.891734506966486
2023,P - 4806,0.1152899969203648,2.310359140668158,-1.94355279679303,2.7240683753509005
2023,P - 4808,0.20930179735636661,-0.5918167013733914,-2.3797347871269925,2.526623289461577
2023,P - 8209,0.10619879353036357,3.2480905017321744,-1.595864024512258,2.0645333641182924
2023,S - 26_10,0.25457427954294953,-3.3865989436446657,-3.688043218685065,17.319322673581638
2023,P - 8208,0.17221714068627,1.5398567691784528,-3.3642750752429182,2.0232632986369565
2023,P - 4810,0.13512873946458465,1.9574677766838833,-1.6940805795621963,2.4023544994905373
2023,S - 26_11,0.17687483312984292,0.7052675517001383,-3.5330531694727916,16.61234619604934
2023,P - 8205,0.18898377435375632,0.7348943826896637,-1.3635194775474881,1.9444204520798827
2023,P - 8207,0.18187286627799712,1.4428806161177485,-3.1849431970113655,2.083142932760025
2023,P - 4809,0.10971931182530859,0.025556187182412253,1.7343538713805233,2.160553113435953
2023,S - 26_2,0.2870342986389007,-2.4657944350039367,-2.8304478524529584,15.940217574902013
2023,S - 33_77,0.10995696241187147,1.656767445532969,-1.5587204973785533,17.082344909926103
2023,P - 3214,0.22256536659485238,0.2595365783473668,-3.408121498159917,2.07682335276091
2023,S - 36_0,0.3049040750648505,-4.219824583257989,-2.792578449291504,15.348648385884315
2023,P - 4813,0.18343718314686916,0.21390624417914644,-1.151774425071208,1.6687015745720877
2023,S - 25_8,0.20770788723058503,-0.1123363514470544,-2.927313932992955,15.460156573692727
2023,P - 8301,0.1599795147783974,1.2895821893301755,-2.3871704435138996,2.4627850888898584
2023,S - 33_89,0.33427127459991474,-2.5020972174476395,-2.7652311239904277,13.892040829523221
2023,P - 4802,0.15235332352318093,1.1460005752961482,-1.7855879458626598,1.8884644615654067
2023,S - 25_9,0.24862309610511382,-1.1133524824230734,-2.4870057990158627,13.974554805093076
2023,P - 8215,0.09514612627008777,1.48229929832183,1.322751901727944,2.440782042560689
2023,P - 4803,0.19290019089059482,-1.0315934965547215,-1.626711813673028,2.6255604509703843
2023,P - 8212,0.1442763474142554,0.44588203262118925,-0.7587042884429605,2.3311570671959116
2023,P - 8211,0.12388898023191396,2.1028626872366565,-2.012477359677577,2.5949793748747223
2023,S - 26_0,0.20736733055443968,-0.34875272678953645,-2.970150403720724,16.016609146331653
2023,S - 3698807275,0.33060731048911707,-4.539981008703307,-5.6071148243561835,19.032552398287443
2023,P - 3212,0.19336487532537575,1.2799891839143365,-3.13116541458312,2.079548703908352
2023,P - 2906,0.08264356085678294,1.988350693007688,1.628007596567272,2.234364393306333
2023,S - 26_1,0.26849098595610005,-2.5359332467970472,-2.4415669987653974,14.228677973152122
2023,P - 4804,0.15506549410115886,0.7342659359888238,-1.4217774306552033,2.7726603628486393
2023,P - 4805,0.1917339130196376,0.3485851110025554,-2.8644515164618145,2.649114531174835
2023,P - 4421,0.1847523843116663,-0.9288853093408691,-0.8033436189208257,2.6602537894176237
2023,P - 4703,0.10175549774826634,2.0328141020388806,0.0935836136490391,2.7369637808445817
2023,S - 25_4,0.2592486099833139,-1.9591885529579256,-2.090509994220185,14.626876737387002
2023,P - 4602,0.149147371296382,-2.7566749527398926,-0.7376178824832117,3.67696848252982
2023,S - 33_96,0.2217079401173019,-0.5780604819462279,-4.104913215944042,16.765760513082487
2023,P - 4702,0.08016051179767214,1.8062455630504723,1.4901299797926677,2.235269505446524
2023,P - 8303,0.1511027182589488,1.2567900459866448,-1.4487182331201214,2.006364197202692
2023,S - 25_6,0.21671616262719237,-1.057188089060545,-1.6867756314623341,15.364970010723983
2023,P - 8305,0.1273479376197243,0.9408300060313379,-1.077551607972216,2.6488676075025777
2023,P - 4705,0.07302222714208514,2.6323294817699168,1.391251172223002,2.4032182713901045
2023,P - 8302,0.17434534383449707,1.069961483526502,-2.5304621746129237,2.31849639391575
2023,S - 25_7,0.2310962277883135,-0.7820615373266129,-3.007345887686309,15.147335681232407
2023,P - 4801,0.11950554416156392,1.9344109408138286,-1.0326981274016778,2.616250657640447
2023,P - 4707,0.2684659628268967,-0.9924702956104289,-3.299362584124957,2.545452405673793
2023,P - 2905,0.1663169601370574,-0.02518723798247559,-0.5712702818433605,2.3539314211765974
2023,S - 35_1,0.3076401944548564,-2.084637748744813,-3.024204562375333,13.685622516706536
2023,P - 8311,0.19263310528021393,0.6186873591755093,-2.8560581909235108,1.8684341447272927
2023,S - 25_17,0.19160582234114895,-1.250385013648329,-1.294772094683931,15.827982290164323
2023,P - 4418,0.22680915974276122,-0.3267830863795649,-2.045908186553782,2.24225492848591
2023,S - 35_0,0.2484001008681879,-1.343456820968984,-3.087897278585715,15.479574500649628
2023,P - 8309,0.2120026130230971,-0.16310559251051848,-2.254825031571672,2.1391944532002403
2023,S - 25_18,0.2144638860334879,-0.8986504831207479,-2.1243353588772456,15.323110348608926
2023,S - 34_0,0.29690556842933163,-2.7042371483154395,-3.113554984751739,15.404865414429796
2023,P - 8308,0.149532825907931,1.1966484738838865,-1.7187807994256212,2.654792870090112
2023,P - 4420,0.18642975531237388,-1.0187423284849517,0.21100688450193728,3.6125682534119035
2023,S - 33_99,0.2373332088098768,-1.1453089318429865,-3.584192405874473,16.70295542086084
2023,S - 25_2,0.21412123815118667,-0.6148062878609776,-1.917974829585432,15.181255836942677
2023,P - 8306,0.13714315245711692,0.023897375935763528,1.2836266276112867,2.651234045047614
2023,S - 25_3,0.22456936899874957,-0.8193651309839435,-2.169866682084173,14.815203551109503
2023,P - 8307,0.15972309161427478,1.6077548826967818,-2.977514773803199,2.2703129864824305
2023,P - 4410,0.1760638000161031,1.3534818302282405,-2.9808133284295093,2.8759902427427715
2023,P - 8404,0.1588196089493006,2.2434546290657518,-3.3549078300010007,2.692300698030158
2023,S - 25_14,0.22504781343661345,-0.4161578956055089,-2.9540604013531526,15.68017459018191
2023,P - 8403,0.1449235545614817,1.5875403542554443,-2.4311579608648914,2.3272364946582833
2023,P - 4412,0.20562494633564676,-1.653330974017646,-0.296973885550091,2.5295361114520007
2023,S - 3680146165,0.3001755519218196,-1.323472803278271,-1.8987364654971008,13.171897596231391
2023,P - 4414,0.1354677244059902,0.5779693704393207,-0.306228021519781,2.289816283453445
2023,S - 25_15,0.21716163189742535,-0.8535364610411161,-2.5030959187922237,15.260495834499588
2023,P - 4415,0.23854716294492379,-0.28420840876621206,-3.6167682387027567,2.546268721610807
2023,P - 8401,0.06655508385606072,2.551888976215109,2.0945713685733867,1.8805566586003495
2023,S - 25_16,0.18481904247602043,-0.5249782805791808,-1.3525890520762056,15.600686060065017
2023,P - 8402,0.17899363518847003,0.24792833544980195,-2.24901348647657,1.7323277680469886
2023,P - 2904,0.11117908686072463,0.5148105126968471,0.38582887206606337,2.5917563900092504
2023,S - 33_85,0.3333805212123951,-5.661885865143425,-4.865653741168471,15.811048009314824
2023,S - 36_10,0.28735248122445584,-2.3169016352092164,-2.832673431952922,14.359483475266677
2023,P - 4408,0.21755638315028433,-2.1927170394601347,-0.7317497206096678,2.5874838405926157
2023,P - 8408,0.11893575065855153,2.2208886435875383,-0.6596147430065081,2.56045447877492
2023,S - 25_10,0.2142315088663931,-0.22807990219852942,-2.821194018378113,15.64508692334153
2023,P - 4407,0.25523295032254517,-2.646324931004669,0.162514023967538,2.2356318797740946
2023,S - 25_11,0.2429342458438047,-1.713259253292455,-1.8430755240556602,14.524401806657666
2023,P - 8407,0.1386667837845085,1.185522695300493,-1.2208407457956902,2.593172900286864
2023,P - 4411,0.19610096576691752,0.16441948324816252,-2.818118652171306,2.1437776432760107
2023,P - 8406,0.14294342153777517,1.135900127199117,-1.4292394519648293,2.7069633518219423
2023,P - 4409,0.24601974878353824,-1.922926071319061,-0.2665756558180572,2.488819942088868
2023,S - 36_1,0.22751429797259645,-0.1801723119259261,-4.335569156927053,15.626806841402603
2023,P - 3215,0.17727408217212015,1.0619706165201286,-3.105144078402025,2.450160105863075
2023,P - 3301,0.25618055816840185,-2.877904715727845,-2.006802999906186,3.5482497362589744
2023,S - 25_12,0.17700441455688673,0.9208386576328587,-2.7764030819953907,16.40739208682861
2023,P - 8405,0.20067785597467105,0.3657828198566916,-3.2506832570724615,2.265700132326656
2023,P - 4303,0.1002372647002562,0.48821898555600524,2.415409573672143,2.150995984042175
2023,S - 24_4,0.20151090192453075,-0.07490882394116205,-3.560058266051462,16.918779269701528
2023,P - 8413,0.18305202947772173,1.5303008854735778,-3.1695961390237364,1.9971229761172684
2023,S - 24_5,0.26047410610727106,-1.593698277418452,-1.825240655874606,15.971422969056148
2023,P - 4302,0.13053270679713047,-0.21505502462452913,0.38278977237794276,2.847842652569435
2023,P - 8412,0.19769709004349542,1.2661930403113275,-3.666480281079607,2.1199914691109707
2023,S - 2508980079,0.22178778666813884,0.4956952802633028,-4.198445049077435,14.575742853716644
2023,P - 8410,0.14784309441323065,1.0636800882988724,-1.896417235947701,2.400876288896534
2023,P - 8411,0.16094132705304287,1.5696317765507812,-1.8969301605061737,2.6942142746185365
2023,P - 4401,0.19785887946115832,-0.19692759433434498,-1.8822493788494625,2.67703854462813
2023,P - 4403,0.27389909128750606,-3.4111902998279304,0.4264157414886929,1.5910052636055716
2023,P - 8409,0.182195334144594,1.202609791631565,-2.5130503434608396,2.4640007760668174
2023,S - 25_0,0.23205996214184166,-0.5729360976748806,-3.0087673816968126,14.156183767019385
2023,P - 3302,0.16191694552305322,0.013708073611923388,0.6889818109812385,2.20801257862906
2023,P - 2903,0.0918366281532908,2.744027194618217,-0.18629669979195734,2.4866529826673185
2023,S - 33_83,0.22250219744525435,-0.8386288868952392,-3.506357426025022,16.842134403446966
2023,P - 8418,0.1830991972825083,1.2266298973778653,-3.0503320209661373,2.2057352893481283
2023,S - 24_1,0.42382747500039564,-5.0121822427532345,-22.61356592148269,25.530247140455348
2023,P - 8416,0.1641242599503286,1.8301424003643667,-3.443416440567229,2.1405685181696605
2023,P - 4201,0.1425492627512743,0.4591651648191432,-0.48992928601993807,2.590268463493511
2023,P - 4203,0.19587870659452758,-1.238812480695269,0.5206611885351682,2.551743559485269
2023,S - 24_2,0.32185914518740866,-3.5481391535439237,-0.9966502841526559,12.486817171425917
2023,P - 4202,0.14588679107905816,-0.5139443094445734,1.3071373630206584,2.5359664272139564
2023,P - 4205,0.17209607803225233,-0.7551852890905739,-1.1515233672684142,2.69953570540521
2023,P - 8415,0.15958024804407323,1.5457221077354633,-2.054370077028836,2.4571698957104027
2023,S - 24_3,0.44407878618247665,-5.079458180943168,-26.83701596739935,26.00114113548151
2023,P - 4301,0.10133465796810663,1.0919107403702006,0.8388972606160527,2.489507577585809
2023,P - 8414,0.16585417626296467,1.6035645442271274,-2.459043222247409,2.251938568253806
2023,P - 2902,0.11284054140376483,1.394726887322234,0.16610780800585923,2.6337687258297815
2023,E - 16_8,0.22022046141171822,0.9593283127550775,-3.264955219947478,0.2995999973404138
2023,S - 33_64,0.14346117819313203,-4.082557303742563,0.22720488396809801,15.467279425546097
2023,S - 36_14,0.2214341389109828,-1.3177025314470558,-3.244227302389906,16.383627239187653
2023,P - 8422,0.17695707666979532,1.4056000989327937,-3.1688565101592325,2.014177989231544
2023,P - 4102,0.17694831637854866,-4.28507204131587,-3.133029959679608,1.982888733514481
2023,P - 8421,0.1891381416435636,1.406789393829667,-3.6364957434256926,2.1682992006055817
2023,S - 23_7,0.31295874573943483,-3.0601893482688554,-2.5574637535665703,14.819387379362743
2023,S - 23_8,0.3354919267367002,-4.000897385752404,-3.846834215326816,16.5566739883596
2023,S - 36_8,0.2777056333923365,-1.7122108611871387,-3.624371886613306,15.846703546466243
2023,P - 8420,0.1266358934781566,2.1261433469821704,-1.8667532967364537,2.2128960475713706
2023,P - 4107,0.16148359000171777,-2.0264098014164023,-0.28203522032699047,2.5501872947190245
2023,S - 23_9,0.26426980823931395,-1.548522078731991,-3.014773857998085,14.845090160786775
2023,P - 8419,0.18485576449245175,1.798988475432594,-3.9314413325660644,2.268209065951631
2023,S - 24_0,0.22069807304220734,-0.038090917074272757,-3.938592968060563,14.973945775765026
2023,P - 4106,0.13628937700729993,-5.118934080321467,-3.2541135336911466,1.108549960028738
2023,P - 3303,0.17663221048980016,0.27308645714157775,-1.4313599002434547,2.6040263680970224
2023,P - 8417,0.1577591286093491,1.7535554107478168,-2.872327975304183,1.8634535987950256
2023,P - 8427,0.12771373608886136,2.4731480208010193,-1.7321265062932836,2.2413079152820594
2023,S - 23_30,0.2463151690765294,-0.6885497214410424,-3.885848697955373,17.28675583220321
2023,P - 4014,0.1756445540371756,0.5685706817068701,-1.9265092974642797,2.0444028921728616
2023,P - 4015,0.12678217163398672,-0.7031785386858531,2.022234573816408,2.853151178536823
2023,P - 8426,0.20494141893928,0.3173647072223448,-2.063673606918585,2.2672081278656484
2023,S - 23_4,0.3169949187280409,-3.242601766462044,-2.9213613372939897,15.283195261740858
2023,P - 8425,0.19624462894167388,0.8616115884049591,-2.396388060204318,2.011894043866884
2023,P - 8424,0.18548631117393596,1.5463059339145737,-3.5175023549110374,2.1243241793044216
2023,P - 4016,0.20232204778294127,1.226815167332026,-3.8572570005881355,1.9821919162305839
2023,S - 3977039544,0.42358162402604915,-3.8450451822780027,-0.9559922000470494,12.260693099253661
2023,P - 8423,0.16256204819915882,1.4728420105794549,-2.209353751724521,2.141478175321883
2023,S - 23_6,0.34515895469720215,-3.1149228619197546,-1.3360753177339613,13.035994496359255
2023,P - 4101,0.2112200231618585,-3.699777534046758,1.4813443332836653,1.966957359296666
2023,P - 2901,0.13830819974912945,1.771162832696979,-1.8674555062660358,2.721389331459672
2023,P - 4104,0.23827605021128836,-2.496335333489638,-1.038754239926534,2.52854197610059
2023,P - 4105,0.1645765231462276,-4.601467222087659,-5.649803407620106,2.685493862631492
2023,T - 1197027848,0.13204225033270683,2.4590493210522677,-2.523044878957816,-1.4443773617661915
2023,S - 23_27,0.2538485562939664,-0.6758248732857265,-3.2675208056353937,16.249136085854907
2023,S - 23_26,0.400503837681699,-4.255106771943812,-6.162951177814721,13.764781370612077
2023,P - 8431,0.23102514023860518,0.4954913771637529,-3.346283083842077,2.082641898848348
2023,P - 4011,0.17781688295708578,0.33161539318312505,-2.057373415912637,2.1438620252720533
2023,P - 4013,0.11992324071656855,0.08304006246354124,1.1311355298785384,2.133292899139897
2023,S - 23_28,0.30718906351933206,-3.4860037221128763,-2.7685363295994607,15.273395367528178
2023,P - 8430,0.23573928406924408,-1.4157202638589739,1.5395525929422715,1.5439741236532942
2023,S - 915163410,0.2151816039745233,-0.09333880717454439,-3.7690265626385844,14.939154652000333
2023,P - 8429,0.17253314450227908,-0.21598184960306985,0.7556729663615069,2.1410464926100152
2023,P - 4012,0.173900211265021,0.8146506826167716,-2.3189221650743503,2.361988939558165
2023,P - 8428,0.1833607631870583,1.816591056493622,-3.915755094217015,2.1200031087973796
2023,S - 23_3,0.23950729759465275,-1.0040661329204197,-3.1557032331731807,15.991212738203393
2023,S - 490447809,0.19630232676343737,-0.807087015189962,-3.3427862517762645,16.42158481859808
2023,S - 4216827806,0.1518936297596525,-1.3057003046976716,-0.069248104400841,15.6200668219075
2023,P - 3304,0.1981378282335949,0.6010898203086321,-3.297636311101281,2.316975903816035
2023,P - 8437,0.17100971475936838,0.5518717099586526,-0.9535284279630505,1.7277201383562244
2023,S - 23_24,0.4072087502065739,-2.7754455583960027,0.3325143164792672,17.75079946196209
2023,P - 4005,0.14492282887809835,1.9768449366234635,-2.473382324670719,2.436892242231547
2023,P - 4008,0.1759217911598939,1.5936948795260644,-3.5411605012369303,2.464805021494283
2023,P - 4010,0.17258326163343157,1.5153856486255428,-2.61003056175991,1.7817346956121716
2023,P - 8433,0.1611002124857615,2.230076237995712,-2.8167442858948992,1.9660984746003551
2023,P - 8434,0.16370167860982504,1.5617521871915863,-3.4711139962751716,2.296666238754544
2023,T - IPC4+A01C,0.1592543318115277,1.8870107350893766,-3.254226689147013,-1.5133812571958567
2023,P - 8432,0.1773518919883227,1.5959225369604826,-3.37725836674519,1.9077906294630502
2023,P - 4009,0.18910921728400984,1.0554437822736995,-2.8654865253901405,2.397457040984382
2023,E - 18_0,0.18564428150427764,1.2261082637376424,-2.624862078641149,0.4007499813703486
2023,P - 3305,0.23523108413504343,0.19462497889768637,-3.877096631049017,2.0817731843264955
2023,P - 2849,0.1305921163279068,2.461435036169582,-0.3020797693666592,2.1527244851019995
2023,P - 3306,0.2024583716459825,0.14122514008176829,-2.949604469788274,2.138110343032025
2023,P - 3924,0.18262953104914004,-1.0347050467744143,-0.08189258528713926,2.3735198177929693
2023,P - 3925,0.2265712643175665,-0.11355509792649932,-2.9539538477591454,2.326467706000724
2023,T - IPC4+A01M,0.1677458282127631,1.653059055876132,-3.305670388926413,-1.5584746145591697
2023,P - 3926,0.1926782725239723,1.0249467320064072,-3.2891740057169447,2.2755462156318496
2023,T - IPC4+A01K,0.1953457677888595,1.6496207079707825,-4.285634400442203,-1.306443165721551
2023,P - 8440,0.14730619007157802,1.7586488078778892,-2.37463379217057,2.2778859779239826
2023,P - 8439,0.11678168012243173,2.8898869607777784,-2.003416697397191,2.263320335569883
2023,S - 23_21,0.31298864684407834,-2.14554404036174,-3.257154014195842,14.773866973914577
2023,P - 8438,0.19204785453006545,0.9064916476402786,-3.291652070388228,1.9674500904333772
2023,P - 4001,0.11593467644519656,-5.284437716742155,-4.284661976575251,3.0486094177787466
2023,P - 4002,0.13019322822186552,1.6484147460600542,-0.6591847166868651,2.610929062775884
2023,T - IPC4+A01G,0.2053442849932135,1.3820936555599534,-4.116177791846275,-1.3011046060591214
2023,S - 23_22,0.32804484164577963,-2.1382659627624077,-3.1193469231871496,14.166162984246046
2023,S - 33_25,0.3700338622383231,-4.3618723160316595,-2.6567898332124935,12.10889525939148
2023,P - 8436,0.15925741916907338,1.9050907181426149,-3.47201947126373,2.1343940147683633
2023,S - 23_23,0.24379647367040252,-0.9983821835174707,-3.4593910125139806,16.60426079834561
2023,S - 23_17,0.23856124225979264,-1.4688091589634749,-2.3540841540322988,15.356035237586644
2023,P - 3920,0.22288919026901108,-0.0951138134823101,-3.481748732459298,2.246646917835346
2023,P - 8443,0.14956181254325057,1.6953439977350595,-2.0272168693200974,2.491623634117467
2023,S - 23_19,0.36540205386703334,-3.734876486152817,-3.7598236700460435,14.876860016106388
2023,P - 8445,0.08510054624462489,1.5238127108977426,1.1524136359271178,2.458336822905827
2023,P - 3922,0.18008433417814,0.6058671025489376,-2.7643813268148594,1.7233027664888318
2023,T - IPC4+A01N,0.24096635014478104,-0.20116438118644284,-3.7222957233529015,-1.3100572570099371
2023,P - 8442,0.18933822824360985,1.1237068406827895,-3.904822293701019,1.7930806774394628
2023,S - 23_2,0.38612996720245646,-2.979800841886472,-0.03170106637460008,12.592252127171541
2023,P - 3923,0.28118876168074586,-1.27718917507245,-2.244255979594035,2.3970267561333283
2023,P - 2843,0.0675343457641622,3.2722383864074263,0.772868476481779,2.5821280374883355
2023,E - 18_12,0.2231897252274707,0.028359425661558496,-2.529958104732061,0.34884393575805406
2023,P - 2844,0.07865940206523564,0.15284072771908194,2.6282108640506925,1.905693791695096
2023,P - 8441,0.15282608600169387,1.9038589960839771,-2.9947372917709303,2.348898578615694
2023,S - 23_20,0.26796756140938305,-1.6529785648564477,-3.327499986355663,15.350427533386686
2023,P - 3916,0.16722090098024867,1.4665726660150886,-2.9556861146802094,2.3082827314596486
2023,S - 23_13,0.3527664678478572,-2.6945133655510425,-2.7033857779350163,15.12432280526428
2023,P - 3917,0.26808233123310965,-0.743075808137845,-3.5034028041756917,1.964195129368062
2023,P - 3918,0.11171578217232365,1.199048494782094,-0.2716448088318934,2.594118129594184
2023,P - 3919,0.16840071966248604,1.4404315690201441,-2.5765643000455647,2.3063941033474777
2023,S - 23_15,0.2699285158940753,-2.5482942483443574,-2.8835684811741658,16.666793242250144
2023,S - 23_16,0.3074604950416531,-2.9635447600528138,-2.67439259740406,16.67132004629477
2023,T - IPC4+A23B,0.16455043716182735,0.8854241469282307,-2.0792732630848363,-1.65734154742243
2023,P - 3307,0.2211450337705572,0.3300034258263558,-3.435726364557119,2.0413810264415737
2023,P - 3401,0.2763830703705468,-2.841884038622458,-1.153321722051356,2.1431492371881555
2023,S - 33_102,0.20062233913943617,-1.7855474841668764,-2.0950709570502117,16.66653636561456
2023,E - 18_14,0.21042498780663546,0.7628269144106016,-2.916861948597781,0.4174490074115476
2023,P - 3921,0.21926031361637477,0.7880895842466336,-4.037946076015019,2.4296805353519617
2023,P - 3913,0.13433190941453216,2.2356188741412772,-1.9383194982871645,2.625310054349409
2023,S - 23_1,0.4020106017806123,-3.9189515344376114,-2.1877160336980173,11.395125689571875
2023,P - 3912,0.1292786153453108,1.3361131395696781,-0.3765187357283304,1.9053720016013311
2023,P - 3914,0.09969765555971498,3.2535049403772325,-1.586333972105313,2.268091536137125
2023,P - 8455,0.13160858299650607,1.5591311941547725,-1.371196659636337,2.511329888881146
2023,P - 8456,0.1124788792487242,3.0561292993976,-1.9150997968553163,2.357640281566077
2023,S - 23_10,0.3367477005367796,-3.517060108080922,-2.033910733414837,13.718891486164972
2023,T - IPC4+A23L,0.22807002245101712,0.8490703699125424,-3.9126627410547514,-1.4972923495888295
2023,P - 3915,0.3287366926660566,-2.2729723080733444,-1.5457962153578848,2.176124822735556
2023,T - IPC4+A23K,0.16759051197717853,2.44642940890226,-3.784626618991275,-1.4548180526850247
2023,P - 8454,0.12753168549843008,1.8434302885679774,-2.016010983718014,2.0327112954655724
2023,P - 2841,0.03861035177648725,3.0246427796744175,4.445723677931012,2.265822031717087
2023,E - 18_4,0.1934097003103558,1.0661024942553263,-3.1652192093246674,0.4228580334101436
2023,S - 23_12,0.4606656209924179,-3.4072986214156313,-3.1223462659801977,17.645390932922442
2023,P - 3908,0.11795774848216546,3.173897644568104,-1.6261277849258,2.537898909348775
2023,T - IPC4+A43B,0.1350223181023359,2.2879171199140194,-2.3721482535334295,-1.6598899808374272
2023,P - 8460,0.1278513809805498,2.6026709056546933,-1.5200023417268875,2.4925035077828923
2023,P - 3910,0.10951595969913847,2.6865436497749315,-0.8360238394552731,2.506484453575538
2023,S - 22_9,0.20454185829809365,-0.9947765219519668,-1.4785039092281695,15.886582636139318
2023,S - 2338888398,0.38805609669440566,-2.7808027876320036,-1.4329946211327493,13.17763983059903
2023,P - 8459,0.1732318775129114,0.7045443587412306,-1.6648433933410327,1.7538008664080198
2023,P - 3909,0.1527064773871887,2.1316809215882313,-2.8131905829377284,2.3596762003498313
2023,P - 3911,0.11458452257868254,2.172332440616252,-1.4263589247896642,2.4252776068798565
2023,P - 8458,0.11470909542216713,2.542489696411007,-1.1599640934770898,2.367137244238786
2023,T - IPC4+A41B,0.09456115734908398,2.3470591467654764,-0.6869759385008685,-1.6119061396537846
2023,T - IPC4+A24F,0.1255839281028173,2.1990172585606924,-0.7379888716002652,-1.6330034289449176
2023,S - 23_0,0.33114251328885813,-2.8580195559640478,-1.7963491362501887,13.317627788641946
2023,P - 8457,0.10633017524052518,3.4259776754275215,-1.3724563153712321,2.3455841029852267
2023,E - 18_5,0.18234812153193636,1.3747069394863822,-2.5030329863502088,0.352903123375269
2023,P - 3903,0.15684200740747833,1.7396076349958494,-2.554933013347485,2.5480614893255353
2023,P - 8465,0.15084214879523306,1.9636512024855812,-2.236281674893893,1.9311155274995029
2023,T - IPC4+A45D,0.1199299292525414,2.1950711691756872,-1.1928972467506098,-1.8981798782217143
2023,P - 3904,0.15594001745851305,0.8602612651103737,-1.271031050707895,2.275853503398634
2023,P - 3905,0.13841187575314343,1.1912645873423302,-1.2986212067045473,2.0777412233806296
2023,P - 8464,0.1392719752495711,1.989464850751989,-1.7983162042163445,2.2154941889144064
2023,P - 3907,0.18023677023093718,0.42213921458622333,-2.5397414821842332,2.180510890150817
2023,P - 8463,0.13631685105068697,1.9167398638409177,-2.4844548741215386,2.4522577448152236
2023,P - 8462,0.14916684361875185,2.195843766100319,-2.8787751379695385,2.459733728543343
2023,P - 3906,0.14848699031215448,1.3533675503179452,-1.8798228511111095,2.3990912075407973
2023,P - 8461,0.13341006023815713,2.131114720917651,-0.9107636134638785,2.3243498678974546
2023,S - 22_85,0.21108207859910172,-1.2230938163874758,-1.9981337030087383,15.729948278686075
2023,S - 22_84,0.2237801353801029,-1.9094890430099045,-1.74311322007866,15.618259642798696
2023,E - 18_8,0.19819141372975893,0.9955263956367704,-2.8211819735772057,0.4515163286156555
2023,P - 2836,0.14477693232232633,-1.6012460677604083,1.8943800490234866,2.7339398919454645
2023,P - 8470,0.1456176324679257,1.1452817690442594,-0.7655084394650112,2.5240467312338644
2023,P - 8471,0.11872018912272726,2.0562919204347145,-0.09685840902085864,2.4249847972633365
2023,S - 22_79,0.21418389375133337,0.09949782043042593,-3.5106929723119498,15.499127168868716
2023,P - 8468,0.172856711570908,1.1681090736453257,-1.7734512929433817,1.3768796911180854
2023,P - 3822,0.18721030171968733,1.1927104518581149,-0.3312303028021525,2.6897213998060736
2023,S - 22_8,0.19361821481617175,-1.5169404469344563,-1.0254747227103067,16.12869783393878
2023,T - IPC4+A47B,0.14856016363805433,2.442125820620638,-2.9308459719313658,-1.3827602935154222
2023,P - 3902,0.17701112580435813,0.7897151839352243,-2.2750729387067072,2.0513668738803594
2023,P - 8467,0.16655998799371224,1.823463214690116,-2.461779907423555,1.9492650690964595
2023,T - IPC4+A46B,0.1443300791736273,2.0124500951936812,-2.663841339800717,-1.7970337382518635
2023,P - 3901,0.17556186574422558,0.7322553353335542,-2.1547540987029947,2.043464301026298
2023,P - 8466,0.16601050710394682,2.4190147688236614,-3.690483765778272,2.248252384178846
2023,S - 22_81,0.20193212037929356,-0.2105865160055307,-2.3982998601015395,15.870587577053996
2023,P - 3402,0.2502273436391053,-0.7444733482316875,-3.4229431861593094,2.031754196273518
2023,P - 3403,0.15195532109069249,1.6482967559837152,-2.600212189099906,2.0615369717698737
2023,T - IPC4+A45C,0.14192186556500128,2.316454607693649,-2.7058256322867633,-1.6907337828558653
2023,P - 8475,0.11237386139578649,2.986688910362161,-1.9392806346306073,2.7312348597842004
2023,P - 3816,0.16510569233870026,1.157879855987394,-2.7271525977938658,1.7862121432860816
2023,P - 3817,0.07786438470888156,0.4765151809367964,1.0037065722026304,2.207222552989216
2023,P - 8474,0.23344969002341398,-0.4443774172259847,-1.4889288227405677,1.6987905898369018
2023,T - IPC4+A47G,0.16719411935161796,2.015713642792697,-3.8690840108189115,-1.4396643225771062
2023,T - IPC4+A47F,0.12454668960766077,3.3939982451659207,-3.0591961168999156,-1.3184080019550062
2023,P - 8473,0.1389123311709562,1.8837549929258552,-0.8393513265884683,2.5142917896019856
2023,S - 22_76,0.20516817481250219,-1.0740220650163468,-1.668862252859411,14.581818852559408
2023,P - 3821,0.12629916695914054,2.808961070948538,-2.364217242482453,2.5332304910547117
2023,S - 22_77,0.21439206793025423,-0.23924280086782534,-2.7767862809051107,15.24531218529587
2023,P - 8472,0.14440857205422702,1.35664375326843,-0.6671255049265056,2.1598377932689465
2023,P - 3818,0.06065597366531004,4.003975442051479,1.4325019427781034,2.547793405243188
2023,P - 3404,0.14094006377100626,1.8227140331229958,-1.7376284004492082,2.2101493587636556
2023,P - 2835,0.16960983048939926,0.6662776418196886,-1.975436262307478,2.2637760684520196
2023,P - 3823,0.20974750168761053,0.3854410059578371,-1.4988416961041968,1.916907067408694
2023,T - IPC4+A47C,0.1476843334320712,1.9603115089517282,-2.923758033508929,-1.4171230981256748
2023,P - 8480,0.14713407445002813,1.824784902623029,-2.4685232312494407,2.393626814900981
2023,P - 3812,0.1502208707797509,1.5677439913604758,-1.0409669694214172,2.043642217273755
2023,T - IPC4+A61B,0.1979080250919704,1.0817735660661472,-2.8950887479603655,-1.5746628162186198
2023,P - 8478,0.18325941788102765,-1.5515714910912672,0.20748037798277036,1.9224581356575652
2023,S - 22_72,0.23672535920348833,-2.0458092844450357,-2.0506903908928935,15.363333347031118
2023,P - 8479,0.14198402725352283,2.5814769609697996,-2.4680273278889717,2.4462487692789634
2023,S - 22_71,0.1718309547766801,0.07405232238590052,-2.017307176583597,16.249857878604065
2023,P - 3814,0.23624467145051398,-0.4418183541199602,-2.5396788113211706,1.8343753963128553
2023,T - IPC4+A47L,0.11050272649023732,2.708373940311469,-1.6418613523878192,-1.5932919307320088
2023,P - 3815,0.1281596389234952,1.5272730366470357,-1.172968276749229,2.2585989157564326
2023,P - 8477,0.13335146832370026,2.2764409715627316,-2.3674104537493106,2.376154981891632
2023,T - IPC4+A47K,0.14263439535428152,2.712264910059105,-3.1160393212828366,-1.6109716995089929
2023,S - 22_74,0.24676311303943047,-0.1880536376458446,-3.835131868316332,13.638588731789358
2023,P - 8476,0.14812431373547524,2.186577820538526,-2.861941331248277,2.693146391776231
2023,P - 2834,0.13332902954033543,0.4905354130812023,-0.5643024828789297,2.388841424313863
2023,P - 3809,0.18850826638662418,0.5554869619294819,-2.7900918119018496,2.4306532091414312
2023,P - 8484,0.18270313290058326,1.4069324138680261,-2.8336404086059837,1.6842416086164986
2023,P - 8483,0.15670070068392147,1.9201342667034245,-2.6574811354927865,2.260167016561417
2023,P - 3808,0.20439366693729888,0.14180324677548187,-1.4165379525193547,2.0346513771639376
2023,S - 22_69,0.17539005271158756,0.7169824488113535,-2.306323135084532,15.184187183238858
2023,T - IPC4+A61F,0.20863426005202018,0.6579926297328971,-3.016246911084746,-1.5700200949964165
2023,P - 8482,0.15026017245712883,1.9223343534059847,-2.3480264757641818,2.304515394393274
2023,T - IPC4+A61D,0.10739015817266497,3.844672431657425,-2.165735845528026,-1.4677643051461209
2023,T - IPC4+A61C,0.18388470359071055,1.0013878793715916,-3.1801991295417738,-1.3648313735590514
2023,P - 3811,0.11623766191696279,1.1543853662894379,0.6286350759332235,1.972910704501585
2023,P - 8481,0.1733450965069474,1.726268193054786,-3.342533481490913,2.2891528179496237
2023,S - 22_70,0.19339336621195383,-0.28896550245596636,-2.7049702370666115,16.269951066123706
2023,P - 3810,0.12272478061963751,2.085615553652512,-1.856008208857081,2.321138126207067
2023,S - 29_2,0.3286467085006589,-2.564663125179943,-2.339081084907012,13.803508057193476
2023,P - 3405,0.17738259123359668,0.3734541522819652,-2.738652931019909,2.3951073976901522
2023,P - 3406,0.15673381260787092,1.0713925422614867,-1.697676502353637,2.653275230323465
2023,P - 8503,0.1712460377253933,1.5876089181356188,-2.578588370886748,2.6355344324654895
2023,S - 22_64,0.20723625607934873,0.10888178267632942,-3.6119417828970346,15.758021038720866
2023,P - 8504,0.1931290882149397,1.0666522544292112,-2.8318300604985405,2.599821105797099
2023,S - 22_65,0.24759691961917715,-0.6221468674527387,-3.754101133435439,14.969829460908288
2023,P - 3802,0.15350735209903493,-0.2525517023195857,0.321876535292616,2.399440759384402
2023,P - 3806,0.11111687811888568,0.4156995098986394,0.12374589565001748,2.69517287013799
2023,P - 8502,0.18227474932704435,0.1564443096273339,-2.00799222251158,2.0888930447389678
2023,T - IPC4+A61H,0.17250940097987144,2.215057329771052,-3.545425531273489,-1.877091010853516
2023,S - 22_66,0.2614697945603803,-1.7709525268373387,-2.8956375976095243,14.914419687501896
2023,P - 8501,0.18041617722494188,1.0864301457666634,-2.582680334618209,2.2701738188950378
2023,P - 3801,0.09570868058136953,2.363611611242096,0.22334737059058518,2.43238989588864
2023,P - 8485,0.1900501364760468,1.5201301223715795,-2.8165660694778274,2.102001222953654
2023,S - 2884038005,0.2097901864257154,-0.1499319279540729,-3.2430857320015805,16.85747582777413
2023,S - 29_0,0.46117103320168845,-5.95003732467563,-20.14133120536296,23.228081907869147
2023,T - IPC4+A61G,0.15158960062272372,2.666080777558511,-3.7799725705202945,-1.627138997102726
2023,P - 8508,0.12382663248810884,2.341995375890485,-1.7047127088104554,2.4497045200029652
2023,P - 3701,0.09920653149514293,2.449337085464377,-0.43005058398853635,2.45437115071094
2023,T - IPC4+A61N,0.1653741380275842,2.033112965930411,-3.5344434049249016,-1.4538803295940874
2023,S - 22_61,0.1903583570725752,0.03613699637719862,-2.3311290322199136,15.956102925844558
2023,P - 8507,0.12384340655442577,1.571022720968395,-0.9647989314238857,2.4031375191680833
2023,P - 8506,0.16558041252873476,0.6983588056455033,-1.7527751392899213,2.0093115311913197
2023,P - 3702,0.08407059306971582,2.590685446665271,1.0514166758697019,2.364436665737885
2023,T - IPC4+A61M,0.19357929150401704,1.127417989648379,-2.552104348256064,-1.8347468813778474
2023,P - 3707,0.08431419760733269,2.4899598048498883,0.3310777325850951,2.574621149538827
2023,S - 22_63,0.24482556270076558,-1.1631496994473562,-2.588583561258796,15.12298378879822
2023,P - 8505,0.126970733916391,2.5333345114077246,-1.370320274266744,2.1222101836688303
2023,P - 3703,0.09855665930573577,1.806244082662951,-0.5299317357677916,2.7044125225806583
2023,T - IPC4+A61L,0.20160196666877178,1.1954283419809488,-3.989252970843007,-1.3245430685192998
2023,P - 2827,0.16799065516991035,0.5925105301211155,-1.286034087840195,1.9349744238233606
2023,P - 2833,0.17395259462270077,-0.07432672287962684,-1.3969768069201947,1.957456027931624
2023,T - IPC4+A62D,0.12194390776832736,1.8082715979527086,-1.785158250150473,-1.6321624036314473
2023,P - 3505,0.14130911787680447,1.0416209632138553,-1.6395310303224304,2.448742482375113
2023,P - 3506,0.1852859037971727,0.8060036913519484,-2.523337702116899,1.9439502829519533
2023,P - 3507,0.13021260878713678,2.0567227110041832,-1.6178745609152718,2.573959649306224
2023,S - 22_59,0.25218351526664207,-1.0309320809855753,-2.898247832616557,14.661700620648388
2023,P - 8510,0.11114558423946792,1.9357463668615396,-1.0634005268156437,2.3484151903765116
2023,P - 8511,0.15938999940389337,1.3528267859206424,-1.6699309948383714,2.00683703787339
2023,T - IPC4+A61Q,0.17953559004420325,1.0470248939214077,-2.5723141358559167,-1.6004380349449945
2023,S - 22_6,0.1961200073122651,0.05827640164147026,-3.0148926083793417,16.38531557376146
2023,P - 3603,0.16839455162449318,-1.0571611744867953,-0.10805139302401287,2.6710166501895274
2023,P - 8509,0.13886148855809172,1.3751559038900514,-0.9415022391374915,2.1845248080692645
2023,S - 22_60,0.2236430785659815,-1.2536810595033931,-1.9112862890546047,14.506761784891433
2023,P - 3501,0.08027732647853499,1.4271285397241782,1.1810743296283104,2.670373532355081
2023,S - 27_73,0.36055669785167443,-4.1563773716405334,-4.315587243017232,14.8231366715011
2023,P - 8517,0.11520289310623048,0.9572213107075769,1.928356471043,2.368938950654493
2023,P - 8518,0.15297349342186808,1.5887080647237142,-1.8299919001504772,2.2737997349062717
2023,S - 22_54,0.2088839728808593,-0.384409822759384,-2.9580938683832105,15.423264278081398
2023,P - 8516,0.16668115625622765,1.3311403092383394,-2.501157899672153,2.2199372087664115
2023,T - IPC4+A63F,0.14553398037345977,2.2346388435211124,-2.1098576318834015,-1.592083641865513
2023,P - 3503,0.14619161071891704,-0.22275854252977004,-0.7255468729615129,2.6689389630805436
2023,T - IPC4+A63C,0.11234832961514356,3.670241541612065,-3.0809768364008345,-1.3392064059551056
2023,P - 8515,0.16447886527246783,1.806990622141187,-2.786621468464595,2.180479225606093
2023,P - 8514,0.15842977677278755,1.6530551245944582,-2.7127149902169063,2.1467185290987034
2023,P - 3504,0.12582348068067134,3.003043105779652,-2.9168752372779365,2.6512093900720077
2023,P - 2826,0.11174687821552767,1.5123645895758726,-0.6056166615930163,2.4464529327128464
2023,P - 8512,0.157617210712788,1.1810504010975316,-2.3610977510717204,2.516495489430877
2023,P - 8513,0.10226269829111578,1.7026423002653592,0.9832984523675888,2.0156377050709438
2023,P - 8522,0.10880432953011827,2.1429729374775968,-0.49019663227364657,2.426527505462755
2023,S - 22_50,0.20975941693956857,-1.0705018529447805,-1.9492336555381722,15.245206477230576
2023,T - IPC4+B01F,0.17973457741071566,2.211126295030749,-3.5834492643760982,-1.334509424300046
2023,P - 8519,0.13901486943724436,2.0790564247587415,-1.5612271332063492,2.4042168257458596
2023,P - 8521,0.14995069703405192,1.860911071591455,-1.8227751278999307,2.515912865092975
2023,S - 22_51,0.17944370584323588,0.9559840663794199,-3.351038577024599,16.57460233577825
2023,T - IPC4+B01D,0.20545145664197362,1.0179001767169351,-4.0301403217420155,-1.2871391135132497
2023,T - IPC4+A63H,0.1389663998048085,2.3624380575485624,-2.5949398304095572,-1.8553986581594584
2023,S - 22_53,0.23410537540016713,-0.9659380696022948,-2.7483562713458967,14.307548994975956
2023,P - 8526,0.17204555198024354,1.7855647989835313,-3.4273613636389864,2.5772386881823204
2023,P - 8527,0.10498013739328371,1.7234203459371205,0.3189923985700569,2.623229449594495
2023,T - IPC4+B02C,0.1773704140436074,1.6051105062454132,-3.9523520342161578,-1.5668910043966846
2023,P - 8525,0.1341552118674922,1.6562427475328922,-0.4088851120298806,2.413337453559392
2023,S - 22_48,0.19190555355920938,0.1366881149867834,-3.299062213936578,15.93073309701387
2023,P - 8524,0.16000005417653934,-0.5595332244508262,1.1168130796307765,2.349304696527973
2023,T - IPC4+B01L,0.17980417203848476,1.9034118998992078,-2.9982406833078112,-1.6603546878300255
2023,T - IPC4+B01J,0.20609104473487955,0.7417241787644784,-3.680027751109594,-1.3575935285252387
2023,P - 8523,0.1319990112888098,2.1511242364787604,-1.4768464359205487,2.544768703948865
2023,S - 22_5,0.20637875666948824,0.03581794269528805,-2.902101743898005,15.740826337500797
2023,P - 2825,0.0952403004064795,0.9635690282112432,1.5312321842746566,2.225106929389557
2023,P - 8532,0.12101171210262877,1.7329594030830038,0.31865740466143755,2.6962650287645498
2023,S - 22_42,0.22059851354751034,-0.2215908578455788,-3.3056885976502186,14.717642047266754
2023,P - 8531,0.18073539873959502,1.5491074444161996,-3.34987050431791,2.476809440169089
2023,S - 22_44,0.22404534108712995,-0.9037574048944876,-2.425827264690912,15.191420466481878
2023,P - 8530,0.1726365564171317,1.8758055354295347,-3.9135700431844374,2.707481649778313
2023,S - 22_45,0.20792376210340816,-1.3726984178570403,-1.8753141897205423,15.83532387337452
2023,P - 8529,0.1332017144965515,1.8501151995153748,0.3457806931549935,2.544501519397002
2023,P - 8528,0.16915782940086668,0.7160333990361096,-0.856569270462731,2.2524110037048217
2023,T - IPC4+B04B,0.09245408959012216,3.7199097253894697,-1.2386256119557744,-1.6365700958540732
2023,P - 2822,0.044150712413193655,-7.066656464274422,0.7380195733457963,1.5850542411131963
2023,T - IPC4+B09B,0.1920102728568675,1.6122055396545276,-4.179149252636323,-1.2442073808375564
2023,T - IPC4+B08B,0.14155363395098153,2.7587820942396952,-2.894266973461474,-1.491770358198733
2023,P - 8536,0.20827272265154748,0.9487057670346302,-2.297221201043361,2.149476685594541
2023,T - IPC4+B07B,0.13814905887924162,3.099691040953925,-3.373370689163398,-1.2939631621682945
2023,P - 8534,0.11965099494738958,1.9640218526284032,0.216238605238601,2.529188484001288
2023,P - 8535,0.17959735882642056,1.4977962904730897,-2.875627614924887,2.0791662254661265
2023,S - 22_40,0.30095058044583173,-2.203764995143016,-3.002855522104593,13.5200978311459
2023,P - 8533,0.15665950323933628,1.9666702916497723,-1.712722812527326,2.7215453558613087
2023,S - 22_41,0.24254081984679382,-2.41081995788308,-2.025956227444732,15.337114882490473
2023,P - 2821,0.11533584032172318,0.9213350128053459,0.8545818627155375,2.3494046351209645
2023,T - IPC4+B21C,0.11935605694032576,3.6310388033932903,-2.136373871351081,-1.5052530869184124
2023,S - 22_36,0.1909015429313388,0.9208679298451488,-3.5208913676858407,16.093987738156294
2023,P - 8540,0.11238426484705838,2.8182507877419667,-1.3701733292310514,2.7466336679769956
2023,P - 8539,0.16841724723043772,1.4277983733866357,-2.6935141321066163,1.5374278678946136
2023,P - 8538,0.18690488570655697,1.1069745017065404,-2.845125017747831,2.2719994737523517
2023,T - IPC4+B21B,0.08803121948547306,2.9803236039206515,0.9261744598299007,-1.714041153538405
2023,S - 22_38,0.1951152519782909,0.6243622775735952,-3.7973073551665375,15.835824904634167
2023,P - 8537,0.19838340789841657,1.2943005499425857,-3.6552774839430557,2.4362583771867916
2023,S - 22_39,0.18141679260197296,0.8870206704182619,-3.3475783752593897,16.360495043285447
2023,T - IPC4+B22D,0.11669784607591871,2.524079796450973,-1.7836554604229335,-1.5169860781644273
2023,P - 8544,0.24958457775299894,-1.1767613854464134,-1.9906881188166827,2.47429338572309
2023,S - 22_33,0.24928086832428872,-2.8182682762449196,-3.313265683245446,17.515093270332816
2023,P - 8543,0.1534655582955788,1.932381363199514,-2.056395753019085,2.613688806690088
2023,S - 22_34,0.23075511234327797,-1.6684363480210216,-1.9936331863783057,14.795612716416024
2023,T - IPC4+B21J,0.0803852958180622,4.67181058205744,-1.1741713459829788,-1.6687074981415586
2023,P - 8541,0.11847337448044244,1.038352933765381,0.22737658286953494,2.566862758789075
2023,P - 8542,0.09748788411259493,2.3909000786795427,1.7986480932848359,2.3704208255112165
2023,T - IPC4+B21D,0.12722309255272468,3.27106996991463,-3.0940649721156497,-1.3688971530661997
2023,E - 21_14,0.14254324977853133,1.7523539687998526,-0.7156544764732341,0.2959976343395691
2023,P - 2818,0.10465536698155992,0.784981484153974,2.3581480480270147,1.9783427900475195
2023,S - 22_3,0.2453284773517523,-2.0766522396190688,-1.8593582445926673,14.977158270548893
2023,P - 8547,0.14413183502365912,1.8732209868768672,-2.456417151762126,2.7642723008636896
2023,S - 22_30,0.14789817315788278,0.28831922452552056,-1.522527073495399,16.90461576356145
2023,P - 8548,0.16322766182203893,-0.8416621652721004,2.0590598725169293,2.657588250821473
2023,T - IPC4+B23B,0.12039315361858977,3.2582315855303245,-2.24661403198007,-1.6764450856150006
2023,S - 22_31,0.1840335049611621,1.1169593941473888,-3.3595808389692694,15.537531921097202
2023,P - 8546,0.15832358095617322,1.7145057006150648,-2.6633550072616328,2.590436231200164
2023,T - IPC4+B22F,0.15196950839756473,2.7335160964229055,-3.006719090964591,-1.3314670352798652
2023,P - 8545,0.12063919299684336,2.0069355424763216,-0.6763667910875932,2.509423144135667
2023,S - 22_25,0.16360878539433812,-0.02952214700419136,-1.611961833487102,16.68761865809016
2023,S - 22_26,0.24383309682365784,-0.7448902676602976,-3.521119546940475,14.5970074124316
2023,P - 8605,0.08989563991346358,2.5334203250548453,0.3454982638892788,2.7534144629302792
2023,T - IPC4+B23K,0.13526248501165505,2.774547556540466,-2.5753042021453387,-1.7796230691392578
2023,P - 8604,0.1173665831873996,1.031751240952673,-1.2574507168287845,2.1248936157355542
2023,P - 8602,0.09635574892421424,1.6513109005445863,0.19207044358761483,2.4331144069714727
2023,P - 8603,0.07903487223843425,3.562709152842821,-0.11560401920355959,2.74580623974648
2023,S - 22_28,0.22140859123121295,-0.43232850895924324,-2.743546392333742,15.608108172698257
2023,T - IPC4+B23D,0.12734615736367594,3.611047847237765,-3.328950727352011,-1.3955120987936833
2023,T - IPC4+B23C,0.12483479936913222,3.270932380406102,-2.4751748844653076,-1.3532629812671788
2023,P - 8601,0.08680644528078754,2.4084077288707997,-0.21574542979901112,2.5688828859004884
2023,P - 2815,0.16089854113756588,0.25640107746086255,-1.2052618600687721,2.27259360013491
2023,P - 8609,0.16002062272585935,-0.9096613079872632,2.137080570396212,3.261572939525601
2023,S - 22_23,0.2160210507229678,-0.9278383851309042,-2.2251242232055666,15.257717244810385
2023,T - IPC4+B24C,0.10193783453803797,3.444430072567227,-2.0943632829005354,-1.557159021328758
2023,P - 8607,0.15864535886269057,1.560165995502335,-2.584271057508791,2.5587648061978086
2023,S - 22_24,0.1673588752911244,1.031404833324358,-2.6838951415335432,17.292085039319637
2023,T - IPC4+B24B,0.12360149000214327,2.549101038058665,-1.1619129213681239,-1.7999139911884356
2023,P - 8606,0.12764429333796837,0.00819821859773532,0.32447874013451716,2.257319573555961
2023,P - 2814,0.11852895469066971,-1.013507528451429,-0.18100923180369277,2.3069626784716086
2023,P - 2932,0.11679997978887309,2.423523594568364,-1.2483444013536185,2.8658574673537265
2023,P - 8705,0.20173082447447493,-0.1741577212368259,-1.7049959261212273,1.9482161141227878
2023,P - 8706,0.12665273077721714,2.1159855520573116,-1.7355448531898363,2.3258719637446266
2023,P - 8703,0.15585343890677503,1.7238199002150618,-2.2698047120540767,1.9682031928281298
2023,P - 8704,0.17019377924641618,0.36255827439755733,-1.1747392079680845,1.9870572842961582
2023,T - IPC4+B25F,0.08655546678362007,3.7397166217397837,-0.7385783457736904,-1.6363340615870572
2023,S - 22_20,0.20164849247329214,-1.1220057718670382,-1.814684807998259,15.708330699656704
2023,P - 2933,0.10760776237196337,3.104566486599839,-0.2133809051501671,2.4667566430756653
2023,T - IPC4+B25C,0.06958030661541854,3.8988355925952143,0.735635568395912,-2.1719223904383758
2023,S - 22_21,0.24119577725986807,-1.9145212884929814,-1.8759980940636054,15.871533865766006
2023,P - 8702,0.18582704029588978,0.33914756481306163,-1.7158479333237222,1.9338774336922395
2023,P - 8701,0.14934543912372572,1.5885217008794161,-2.133303644557352,1.930060902039187
2023,P - 8710,0.11969570856662684,1.5292298239229052,-1.1915612687320567,2.466811338079003
2023,P - 8711,0.14070877205862695,0.6651684758212963,0.38922470711925417,2.176000066450081
2023,P - 8709,0.1577887740567308,1.284102706539808,-2.641905709419498,2.03293485496791
2023,S - 22_16,0.21272383331025105,-0.021827031493739678,-2.9487756616134835,15.655423491346083
2023,T - IPC4+B26D,0.13105013666605667,3.229807180725697,-2.354577384817368,-1.5683963748376337
2023,P - 8707,0.14019557754185796,1.3015186123514075,-1.859671214292672,2.6468558641429656
2023,S - 22_17,0.1668478158441869,0.8918933254422599,-2.8388625462343997,16.196216238618398
2023,P - 8708,0.1663608025039096,1.4011314293644455,-2.8335797927981377,2.4546247691762346
2023,P - 2931,0.07598005979824421,3.409631630647022,0.5725236248386398,2.52446840338285
2023,S - 22_18,0.20612945383301576,-0.250350661198688,-3.2451513094154247,15.068554386566907
2023,T - IPC4+B25J,0.1511514954816971,2.5383585777689763,-3.107799119806324,-1.5952206316299988
2023,P - 8715,0.09378130374035958,1.859189327591308,0.056839258717042054,2.6137460857891495
2023,S - 22_12,0.25480394844432275,-1.7920834449996306,-2.4389520084903533,14.805396139314153
2023,T - IPC4+B28D,0.11276829321094706,2.110084828850311,-1.4986996048033707,-1.6144916283420456
2023,P - 8713,0.10371911704951903,2.353307520935786,-0.3514317990820987,2.3523218145243003
2023,P - 8712,0.14706337239134515,0.4446208501660507,-0.5863183826580438,2.549044002591915
2023,T - IPC4+B28B,0.13506281484122207,3.4111028551579925,-3.571204208901166,-1.2375446111737758
2023,P - 2811,0.2026476300257817,-0.18968151116241927,-2.322175819137101,2.4349423138249615
2023,S - 22_15,0.23362321328406696,-1.3975688079391468,-1.841899750067264,14.213179079166537
2023,P - 8902,0.13628331384026732,-0.509770525865992,3.0568564225070873,1.6624614614874138
2023,T - IPC4+B30B,0.10864512849239927,3.9003503157087054,-2.891894908281767,-1.4061351184388609
2023,T - IPC4+B29D,0.14475276218903174,2.2653974879944543,-2.9640147054317985,-1.4473077703616288
2023,P - 8802,0.170818806240016,-0.12734883265402322,1.3153231136341452,1.7419613885717995
2023,S - 22_1,0.2324490413766415,-0.23642382906433446,-3.207088193096469,15.962418801381219
2023,P - 8716,0.1803983508992931,0.7760140009456694,-2.7718793319770123,1.5322068384469776
2023,S - 22_10,0.23217053705888777,-1.02439293017717,-2.6585294500841408,15.000039869685015
2023,P - 2809,0.10385561676993064,-0.9327567234686711,0.8108467701087496,2.523627897519543
2023,P - 8714,0.15011820838623138,1.1319505354611188,-0.6347670753021051,2.420546352785328
2023,S - 22_11,0.24391528169991908,-1.1770031910193186,-2.9990098036470485,15.143749542501649
2023,S - 21_3,0.18079851686537052,0.16182195456070522,-2.00499409937996,16.476344981765493
2023,P - 8904,0.16490902844450672,-1.1687265527039037,3.211986891468232,1.235759102354822
2023,S - 2282278658,0.2900282559266941,-2.8258385603261624,-2.7596009992887,15.21515790897697
2023,P - 2807,0.14649326791857403,-0.41410570271354363,-0.4280249086649896,2.633088819086221
2023,E - 25_0,0.14750783264428857,1.0013752949232222,-1.0404226279201394,0.19092133520632093
2023,P - 8805,0.12430138069645995,1.5226472253148593,-1.1546603938013968,2.7151383666479387
2023,P - 8901,0.18818804700894917,0.1114558759577607,3.407562126272296,1.3456274371371046
2023,S - 22_0,0.15281810077316144,1.7996168915051975,-3.147851792664713,16.18964863826851
2023,T - IPC4+B42D,0.13060277327234449,3.068843166057177,-2.1990115131234105,-1.6486188982912504
2023,P - 8907,0.24489532966380936,-0.2756808664736254,-0.4467001465479898,1.8419657270545124
2023,S - 2185987103,0.30059578968783834,-3.2259244425923517,-2.345631188248814,14.791485209807563
2023,P - 8906,0.16586232172898446,1.081573605644275,-0.5654362177878368,2.302617752807579
2023,S - 21_0,0.3403988570312547,-3.004633639482287,-2.9071041914912494,13.513775343612654
2023,T - IPC4+B41M,0.10912946567495917,3.547515694211761,-2.224561066177349,-1.841968259773617
2023,P - 8905,0.16382742101701991,-2.4312930023711714,-0.13702621079114524,1.7517424338624308
2023,S - 21_1,0.23204922481796783,-2.115190940994705,-1.955804610610306,15.872463653356819
2023,T - IPC4+B41F,0.10544680748159518,3.619601750072832,-2.3877966533162027,-1.6945023118311306
2023,E - 25_10,0.18449624718326615,1.5156677436273505,-2.827483210900119,0.4544917986464596
2023,P - 8903,0.22407268197094327,0.9850343461957742,-0.5025991873192213,2.4891884422600343
2023,T - IPC4+B44F,0.09037337590214148,4.415638789037377,-2.030794134446499,-1.5673023839203835
2023,S - 20_6,0.37146583337243805,-3.9229242486726075,-2.2959829866941908,13.655198508947295
2023,P - 9003,0.13065050122005484,1.8483521986915221,-1.3310504852583416,2.5674063443930804
2023,S - 20_7,0.31660258514255507,-3.6171386261225753,-2.8845710765031884,14.669010810747722
2023,P - 9004,0.13264112505717335,2.2525631195712954,-0.4990823205937713,2.4704382156889397
2023,P - 9001,0.13967570024081377,2.059922381398484,-1.5929710990624175,2.571444320335431
2023,S - 20_9,0.16097379714340784,1.0434707352413988,-3.054027091851344,17.438797204642086
2023,P - 9002,0.1012628301523021,2.677276202972718,-0.502783320620113,2.668893622577834
2023,P - 2804,0.17775822692817286,0.4819850674330379,-0.9396186748057758,2.3839457037495997
2023,S - 20_3,0.25531612364568834,-1.2518859710711148,-3.4633149995164096,14.62303253898856
2023,T - IPC4+B60H,0.11954089945161483,2.578191220924798,-1.8871054761719346,-1.8074429316340475
2023,P - 9010,0.06415562541813842,3.6596950782694946,1.3456735718697332,2.473705119568602
2023,T - IPC4+B60G,0.13665833015435647,2.815320546221683,-3.0820344803585016,-1.6760191855423994
2023,T - IPC4+B60D,0.10140306413847529,3.7783575774715854,-2.3403581293350304,-1.859186740135043
2023,P - 9005,0.16582607244996106,1.9735830745514251,-2.8382113310340507,2.7499298853137075
2023,S - 20_5,0.32309131929852725,-2.371424245098208,-2.7799480135492716,13.982423095487704
2023,P - 9006,0.1578331847075759,1.5489694957461506,-1.0276519043567836,2.449434479413382
2023,P - 2803,0.1285124102465101,2.0652993785029063,-0.28804431727752106,2.8206903486540544
2023,E - 25_13,0.3013136064595391,-1.3056666090671405,-2.2957030641600986,0.10909105942683579
2023,E - 25_11,0.1880360491567327,0.9417281524191105,-1.1795261674808621,0.22748428898937592
2023,T - IPC4+B60B,0.13035726340731726,3.0685833418142154,-3.0866434812987995,-1.323462218459366
2023,S - 20_1,0.2846029458705445,-1.9604150881577778,-3.5361330877796613,14.988845156731069
2023,P - 9017,0.14099588272276242,1.4985656990470382,-1.4367615831802998,2.588181702833257
2023,T - IPC4+B60K,0.12796846860750993,2.6788691647670824,-1.6967363233496089,-1.7154262338198325
2023,T - IPC4+B60J,0.10557287499947643,2.9033025956543743,-1.470405190251171,-1.6262059659234536
2023,P - 9015,0.25464369652145236,-0.5262198409004583,-0.6834110921609888,1.8241651258573874
2023,P - 9013,0.1377587036324441,2.162261097140537,-2.193106508387858,2.711350480935066
2023,P - 9014,0.18072567728519012,1.1820867901221992,-2.620628286586334,2.5959133615812857
2023,P - 9012,0.07929291640645808,3.844254328437534,-0.44061215400867737,2.7364954347593384
2023,E - 25_15,0.22149091765667184,0.4745262686128262,-1.493650118009891,0.2973643539370729
2023,P - 9011,0.12639300237642584,2.282102110239906,-1.1741548581950931,2.0806387803393984
2023,S - 19_7,0.29703736944669595,-2.428251466840484,-0.9405052713288063,14.111822172522318
2023,P - 9021,0.15731551688568318,1.6293101542200843,-1.6397571247997549,2.395517536278084
2023,P - 9022,0.13812187309150056,2.4124852060983066,-2.197559926483448,2.211987033839888
2023,S - 2024860811,0.26312822960839527,-1.359816509989966,-3.4278125771792767,14.606233549179578
2023,P - 9020,0.16282457156202018,1.02351756259499,-1.8659757528568726,2.1215604338522547
2023,T - IPC4+B60P,0.1391319147318383,2.496458838377189,-3.1758676714105416,-1.28611970469189
2023,P - 2716,0.23434802463059867,-1.3312693640509394,-2.7236162830358905,2.3538216252334
2023,E - 25_16,0.19353045922360448,0.706369290053596,-1.3061895041167215,0.26084059264372
2023,T - IPC4+B60N,0.111790486625759,3.1644159762234074,-1.9805937523107378,-1.6214035845908221
2023,P - 9018,0.18352344071430488,1.418556480952274,-2.4241302560100557,2.2951160411624483
2023,P - 9019,0.14442984977199233,1.8982159365193014,-1.758538875129107,2.2293988401113345
2023,P - 9026,0.17391030921152173,1.7890890301637263,-2.81480891456425,2.0288790767561125
2023,S - 19_5,0.23078562879653763,-1.0855032984765784,-2.1649616528332496,16.165602581110015
2023,P - 9025,0.18107033120004162,1.510152606324776,-3.3660541089414178,2.2816222870933065
2023,T - IPC4+B60S,0.11807093118113941,3.0692787282046017,-2.258323958558558,-1.6977736266897454
2023,S - 19_6,0.28885653506842185,-2.401907089547932,-2.9597462759652613,14.582012238239672
2023,P - 9023,0.1807139366554961,1.3551801489190969,-2.691343381053291,1.9848972811276206
2023,P - 9024,0.1634608299812775,1.8599712332988192,-2.2999745115208636,1.9774464087761956
2023,T - IPC4+B60R,0.13085842601311992,2.90347295638592,-2.23159832400403,-1.8802666090524545
2023,E - 25_18,0.19374662352335717,0.5413963137536781,-1.3023513778172122,0.24225128669906365
2023,S - 2020830663,0.3443559385186906,-4.934312978316001,-3.1301447319555327,14.37570687660191
2023,P - 9031,0.17139296247576172,2.115870158219672,-2.968307956099281,2.417679885195509
2023,P - 9029,0.12887245084595467,2.080703194266533,-1.5742147322824764,2.6967031054538735
2023,S - 19_2,0.2601148273740675,-1.609516690053843,-2.980291605758965,15.955331673688187
2023,S - 19_1,0.2952040096653671,-2.9329886792167397,-1.9692030530029223,14.091886245434775
2023,T - IPC4+B61D,0.10464009224907514,3.3298809685826987,-1.6551654444369437,-1.4617325330979154
2023,S - 19_3,0.29338046971224724,-1.3155545021992847,-2.003080683015501,14.80704225431411
2023,P - 9028,0.16982013384227349,1.15884987927709,-2.1054387372461676,2.3832753360460823
2023,S - 19_4,0.24947887373300187,-1.2069128389772725,-3.1075362934182245,17.134869732091268
2023,P - 9027,0.1617543393510824,2.267317680317454,-3.1038501701750754,2.267002764182034
2023,E - 25_2,0.20852989281984805,0.1763700795653493,-0.536435633113813,0.10837250362203651
2023,P - 2715,0.2136735572708316,-0.906881783876892,0.3286022379457365,2.3248705972921253
2023,P - 9101,0.12387543490452876,1.238814917965374,-0.05443099664113981,2.4914604027501075
2023,P - 9102,0.1385100180055721,1.294673354911605,0.020258274335902715,2.462231542670936
2023,T - IPC4+B62D,0.15338991988040285,2.7106005754766413,-2.7860604992163522,-1.6036706582357267
2023,S - 18_8,0.2258337222840143,-2.3394587311937705,-2.035933171319746,15.655621494753776
2023,P - 9033,0.19003182553461478,1.5690138381520986,-3.1488663629364924,2.426570137292325
2023,T - IPC4+B61L,0.0976036984061094,3.9991781187149518,-2.0429721745342686,-1.4147182838053483
2023,S - 19_0,0.3296373776085561,-1.6051533858544003,-1.138192881096841,13.001490618290259
2023,P - 9032,0.174127943412915,1.7943962340726354,-3.4086991551167722,2.442246944482696
2023,T - IPC4+B61F,0.07808211406917605,4.029480861891083,-0.9226412226587095,-1.6047377727749594
2023,P - 9030,0.16541902723170496,1.8295210474161692,-1.759998538386533,2.536619186626553
2023,P - 2712,0.1498387107281006,-0.2534975899950067,-0.22659647140873634,2.001049336174331
2023,T - IPC4+B63B,0.16712864565589663,2.7506104263673095,-4.387460813081854,-1.3158852064145958
2023,P - 2714,0.21979119880386597,-2.1974245940095147,-2.1681464067204645,2.869662813899675
2023,P - 9111,0.0689613957390428,1.8957957979307822,2.236438050185625,2.402759705133019
2023,S - 18_4,0.1527771406614996,1.7150960951695968,-3.131807465523146,17.052809793640442
2023,T - IPC4+B62M,0.12114832396513364,3.1575089941139405,-2.5351263874314673,-1.4889523699421374
2023,P - 9105,0.10234911444333489,2.094104507084598,0.06970697760943927,2.5884709324532045
2023,S - 18_5,0.25068192421146485,-1.4974106179426607,-3.26585196211513,15.516664639140323
2023,P - 9108,0.08463044286665519,3.1401052930002082,1.82576964637062,2.549268794849676
2023,P - 2713,0.20954247474966262,-1.0927527726385786,-0.7045320539666285,2.3639203461846297
2023,E - 25_3,0.2009081885817953,0.8171518470296495,-1.350827006429703,0.23627682578766976
2023,T - IPC4+B62K,0.12881687620382126,3.339026186175741,-3.1150057980270183,-1.40808576232508
2023,T - IPC4+B64D,0.14220139215663508,2.3195098034345842,-2.385447325556981,-1.755790504987909
2023,P - 2710,0.29377144874666844,-2.016899556081974,0.15353946714069977,1.4540404779699925
2023,P - 2708,0.07725414799041369,1.9179924956911392,1.478446523700424,2.4143732514421505
2023,P - 9207,0.11496846153299962,1.8615203550395956,0.33934361352787623,2.334150354776
2023,P - 9209,0.14060786691953697,1.8555665441003042,-2.4705812927442663,2.598692960364447
2023,P - 2709,0.17813202153435834,-5.630390251533069,-4.21436974182506,1.6710865716259526
2023,S - 18_1,0.32008913777176273,-2.8801952985441805,-2.757834866135876,13.438249049345194
2023,T - IPC4+B64C,0.14590290435772085,2.7819729065190657,-3.1777990527665456,-1.5937212684685107
2023,S - 18_2,0.21634715862939569,-0.6929430468002301,-2.980810268883103,15.930317349319415
2023,T - IPC4+B63H,0.13392322197293235,3.2164926774166105,-2.701518461576353,-1.4055462038391073
2023,T - IPC4+B63C,0.15017832346086946,2.283687139209076,-3.181066087472487,-1.4053767104983919
2023,P - 2711,0.20382788604641552,-3.421186509367031,-0.796274709928946,1.8677670770399222
2023,P - 9113,0.11269404780875462,0.913428275145467,0.3157141614156293,2.5345312251689394
2023,P - 9114,0.08720192552828254,1.8383152415555444,1.7355455468269432,2.509580460959426
2023,E - 25_4,0.2150002416366644,0.47242699502883506,-1.447159092097853,0.3160691626639709
2023,T - IPC4+B65F,0.12437323275919654,3.2134411545956967,-3.103499404156069,-1.4181897071489917
2023,S - 17_6,0.22662462580537793,-0.14267238307553784,-3.9969415661075316,15.407894984893778
2023,S - 17_5,0.19917770540901472,-0.5868948859583857,-2.67203149410318,16.33716353933214
2023,P - 9401,0.18038897454726832,0.3204984579383739,-1.7936494095751256,2.5542268041609097
2023,P - 9402,0.16082930441293117,1.6787168587792938,-2.7727551186341204,2.5717335573638165
2023,P - 2703,0.10367603190355112,1.9038492450386841,-0.49236571627220277,2.728464293534946
2023,P - 9306,0.1679219147990599,0.833550803304525,-2.5769449202306376,2.6516365050660595
2023,T - IPC4+B65C,0.06420961537078722,4.780788448876723,-0.43759986934445255,-1.775678671918962
2023,P - 2704,0.09699764502468312,-1.0095749196100217,2.41508429604093,2.011614634523085
2023,P - 9303,0.12500066996129286,2.006258144653352,-1.3460031113205277,2.6474061893391907
2023,S - 17_9,0.19291001529625243,-0.6091635625930529,-2.361467426991938,15.712405363975867
2023,P - 9305,0.16091533090312968,2.3190968463348782,-3.558432886275063,2.5821657478256648
2023,P - 2707,0.174524130743925,1.3987561212001216,-2.7655660032988463,2.776033938453487
2023,E - 25_5,0.22386827653441776,0.7792320207911305,-2.0788369987984545,0.3149444884164286
2023,S - 23_29,0.3190786130958182,-3.566755485755233,-2.9382328923089625,16.36936778156948
2023,P - 9503,0.12450393836258798,0.878618847219443,0.4514345074201656,2.577337981843947
2023,P - 2614,0.09942801918843425,-4.249947876648485,-0.4033160347242054,1.0231996629311007
2023,P - 9406,0.23576542759216698,-0.10528005053003234,-3.176282919353904,2.2745153564773166
2023,P - 9405,0.13913733702252515,1.1750071070279928,-1.1548688696837375,2.384268255237644
2023,S - 17_44,0.15796877112307608,1.1956279537851555,-3.081120438586562,17.42654762821154
2023,T - IPC4+B65G,0.16097036933901354,2.566370703206052,-3.6075946232353897,-1.3615630950889723
2023,S - 17_45,0.18507905175813233,0.6276710707780114,-3.270310051149047,16.31780496750266
2023,P - 2616,0.17587543537229508,-4.682552017009055,-3.9278994995828573,1.2389521561925536
2023,P - 2620,0.24944419649794625,-1.7015623832187632,-2.740926304585145,2.29046730460797
2023,T - IPC4+B65H,0.12820406922605396,3.267828883262434,-2.658205999135714,-1.5008851346104142
2023,P - 9403,0.19940297553598893,0.13220978053003563,-1.8597252131298978,2.4510982241826422
2023,P - 9404,0.20945191737614852,-1.167511662306337,-0.9764917859787529,2.526016975736271
2023,P - 2701,0.08970459457057255,-3.717491005369625,-2.875500821903421,1.6009693291516855
2023,P - 9506,0.17116289279542127,1.0535368220093617,-1.5402758787073394,2.569723596920678
2023,P - 9507,0.1660215561023945,-0.3732922304323182,0.7778471312337445,2.9338515372270146
2023,P - 2610,0.05872291895932235,-9.37819077988422,-4.066003912476503,0.924952736973113
2023,T - IPC4+B67D,0.14699449113014573,2.6213611918642843,-3.11017406737138,-1.418266613082247
2023,P - 2612,0.0461491348199707,-9.182761208376261,-2.298676418933507,2.169113120793551
2023,S - 17_41,0.18572410889625474,0.6590969575520085,-3.2983205757085554,16.870724534980766
2023,P - 9505,0.0893506242336893,-0.12261049432066902,3.007034182791963,3.0167215227525808
2023,P - 2613,0.07310570716694824,-0.4560049243409484,2.037241610157345,1.5471154097473108
2023,T - IPC4+B66C,0.1315799838699782,2.862275327485228,-3.4567231850703277,-1.583555749781397
2023,S - 17_42,0.21487871526319913,-1.2522413994419832,-2.013104996200125,15.531765643051656
2023,P - 9504,0.1330988701206393,1.9720001080254357,-1.2726430238165047,2.5335763363088626
2023,E - 25_7,0.21447821358710845,0.5445101245846417,-1.7517480662599434,0.2893998603696241
2023,P - 2615,0.15007359828241076,-6.651076553526834,-4.094300136921218,1.381478795970487
2023,S - 17_43,0.19884243527914744,-0.13210482034266927,-2.8935819802692486,15.87388978755471
2023,T - IPC4+C01B,0.19215375818059804,1.2010977103181721,-3.5282711610997377,-1.3726561958431285
2023,P - 9609,0.13425873115041084,0.4882620618571896,-0.06717385674353116,2.526766770014306
2023,P - 2603,0.1595645650820279,-5.651976597788939,-5.2688051046762405,0.7975960979952847
2023,P - 2606,0.07037691648854866,-5.065752229237216,-0.6389185114635852,1.3868196909952313
2023,S - 17_36,0.19996835098936133,-0.5311967510416041,-2.3759909333831173,15.591271957007908
2023,P - 2604,0.08514637189625766,-4.776640152943572,-2.2850815852244186,1.3973346173076808
2023,P - 9607,0.14430707894419326,-0.06525427763874891,0.976569551621921,2.374506292727253
2023,P - 9608,0.14215273990724261,0.7554958478119517,-0.7787231264519159,2.3144949501878207
2023,S - 17_37,0.21481971787278212,-1.4663148658849792,-1.7364021255522195,15.513427347488498
2023,P - 2605,0.039230240729785704,-4.415522162368144,4.91487588002124,1.0551825634261585
2023,P - 2608,0.16710649686787477,-4.176536325985041,-1.6332619253700518,1.2317271896171276
2023,P - 2607,0.14282046465526857,-3.8661769185275845,-2.553236213462644,2.1922122009129428
2023,P - 9603,0.18693887286276928,-0.14959907793905225,-0.2219428894558848,1.8758052544678334
2023,P - 9606,0.15035887684032317,-0.3706730608967882,0.9740291624240621,2.072749852460465
2023,E - 25_8,0.2283337576196603,0.5105832870014797,-2.008290978561084,0.25554532427985543
2023,P - 2530,0.10656445380363179,-3.354362790658397,0.9129989516876149,1.0999005463757883
2023,P - 9706,0.13231550186854765,-1.033126647454973,2.388599063708869,1.6165897737014006
2023,P - 2601,0.09835715226180634,-2.30707037362248,-4.013084223990167,2.2763104351000174
2023,T - IPC4+C02F,0.2099041574431873,1.3685423373844863,-3.949290387380221,-1.5393169354818128
2023,P - 9701,0.13708240074008965,1.1828640870796128,0.6583714993838697,2.319224358744865
2023,S - 17_32,0.2309319116432679,0.20921844587734612,-4.319296154412881,15.42536902663206
2023,P - 9703,0.15431801724707617,-0.26360416299259226,-0.2974012413202017,2.3810732353560637
2023,T - IPC4+C01F,0.16798328809950086,0.8466499175097577,-2.890818572800047,-1.3534083138308675
2023,T - IPC4+C01D,0.10397253521867321,2.739731835109479,-1.1970775419524837,-1.7942709685720166
2023,S - 17_34,0.1321199063052809,1.6788482368999416,-2.4961437691125923,17.56833861677104
2023,P - 9612,0.1384540867235186,1.5651905140825908,-1.6757360387735232,2.681773310885488
2023,P - 9613,0.12073630550942899,0.915058845495771,0.3183519547490281,2.4184870233752114
2023,P - 2602,0.08567425686670546,-6.667445489535261,-5.459938643853282,1.8699986419561745
2023,E - 25_9,0.1967376048424333,0.6369975871087975,-1.515123234173911,0.2818782877986928
2023,T - IPC4+C05G,0.19249683388853336,0.7275378145723309,-3.015290062273065,-1.2114711608758153
2023,T - IPC4+C04B,0.18627238054755935,1.1055948252226904,-3.6346095610475886,-1.487731347170693
2023,P - 2519,0.12149572638730576,-0.32445212354008046,0.7776873406693404,2.3304761364930053
2023,S - 17_27,0.19042347477922136,-0.3438336619669609,-2.8158204893865637,16.00640351104768
2023,P - 2517,0.27039370774310656,-1.249110998610781,-1.0310983452500186,2.41677124721919
2023,P - 2520,0.21076318655518042,-2.7310319651153288,-0.9756370113797319,3.2776005357543263
2023,S - 17_28,0.3156276369399002,-2.804278116407088,-2.7358991011058977,14.080492430677495
2023,S - 17_29,0.20057291922795342,-1.0761243215614211,-1.814368499415427,16.085372186569845
2023,T - IPC4+C03B,0.12435403885319041,2.9317819446667914,-2.347359235010119,-1.7380395912182873
2023,P - 2529,0.1294918440532599,-2.8584949581802794,1.9396593008125822,2.392228030209286
2023,T - IPC4+C03C,0.13662244221180347,2.0112795420194347,-2.404255003512235,-1.622197747100386
2023,S - 1118837902,0.20907981781791718,0.2032299654760609,-3.7204038736473914,15.271359311212105
2023,S - 17_30,0.18748003461363819,0.674076273782003,-3.787453190222282,17.09545262198285
2023,P - 2523,0.3319070661853891,-4.349444807707949,-3.7787385140260286,4.692755857574517
2023,S - 17_22,0.21978348803802847,-1.0273845525740433,-2.536034671209908,15.549976330381188
2023,S - 17_23,0.22346980990884813,-1.1697525081819877,-2.69165438238195,14.675325061711357
2023,P - 2508,0.20043831369902326,-0.5917850982645827,-0.5192671873378101,2.004111554377924
2023,P - 2510,0.10348035378819742,-4.854090250255983,-2.0390862631391493,2.627561954837395
2023,T - IPC4+C07B,0.16803893472587836,1.337037415879014,-2.641142063619059,-1.815342373797599
2023,S - 11_30,0.32595154774466806,-3.03508169341527,-2.106547336180723,14.739951265419286
2023,T - IPC4+C06B,0.08512856987056773,4.306750925710276,-1.1930767520159995,-1.5487848536215034
2023,P - 2516,0.17603865940382712,-3.5749169095766993,1.6205727639674465,1.2614049528882274
2023,S - 17_25,0.15953667434877575,1.5283995457886321,-3.091375747311331,16.81288623790454
2023,S - 11_21,0.32412448748679307,-2.7077821931046833,-2.8085933437980586,14.534307682556056
2023,P - 2515,0.14506414699762565,-4.313222840684526,-4.9256159442908265,3.1173649676890163
2023,T - IPC4+C05F,0.19722525738139637,1.2645648793368083,-3.761950289328335,-1.2291987211283737
2023,T - IPC4+C07H,0.1814473292959672,1.103551060359737,-2.914000119990689,-1.4910866697918754
2023,S - 1318885856,0.218317028312618,0.5769555315482495,-4.154648791445914,15.514517217394998
2023,S - 17_2,0.18129280902548203,-0.8831151503504622,-1.4795597947836832,15.796003158284389
2023,P - 2505,0.22979472433795708,-1.8610692343848891,1.0310336588161757,2.1554541782791095
2023,T - IPC4+C07F,0.20074862040798025,0.6068355281884795,-2.291619884845949,-1.4536486776719637
2023,P - 2507,0.12329647254194279,0.34007264360409334,0.8279215673881525,2.6879064745938073
2023,S - 11_6,0.27896908852060687,-2.7189203892806315,-2.8643973760101384,16.318312725672442
2023,S - 17_20,0.20134721926221077,0.3374853829763697,-3.8077157266103994,17.127240422923087
2023,S - 17_21,0.21845545482388132,-0.923154341403133,-2.7614604422424445,15.590586755338968
2023,P - 2503,0.15442583531564372,-2.484020091138132,-2.1778528705443563,2.1855479613111917
2023,S - 11_35,0.244129768702245,-1.5269922843835189,-2.425939213940247,15.507226029173562
2023,S - 11_33,0.3068592242050921,-1.6706227129890956,-3.259265203782322,14.343397294416249
2023,E - 28_0,0.21833748030136862,1.225677401487679,-4.308762222663733,0.4277412462014871
2023,P - 2309,0.26374028198359867,-0.8411378430929369,-2.429640796221724,2.2250377204654677
2023,S - 17_15,0.22852820045940014,-1.060697097023807,-2.828184104320156,15.045922336022983
2023,P - 2304,0.1338538877037794,-2.738966070866908,0.7699841090250967,2.9340888856406377
2023,S - 17_16,0.22572545238718317,-0.19590428742091243,-3.9337752059677014,15.530317763966456
2023,S - 13_16,0.24904878236939793,-0.5161126695027088,-4.215207280081685,14.484697514411275
2023,P - 2401,0.2025971600040049,-5.538744642493834,-5.897261555385393,5.246817195086362
2023,T - IPC4+C08B,0.15369176519023178,2.5930014837457414,-3.6057778692093527,-1.2457411104246539
2023,S - 17_17,0.18213485370159033,0.12111102619862162,-2.6474992775952098,16.15448962368549
2023,P - 2402,0.24971706334977753,-2.875210737840913,-2.551798055256794,3.5067672968277463
2023,S - 13_13,0.23589682342317364,0.22038782546793012,-3.9331003131652245,15.381011047452859
2023,P - 2403,0.19060874526024477,-1.955024751249079,-0.6013811290746177,2.1401645601081922
2023,T - IPC4+C07J,0.11214802614384092,3.058432371564617,-1.8350306482710508,-1.5017753566750967
2023,P - 2501,0.25302358558888843,-2.598739478135951,-1.4450726761295725,2.2304160932601937
2023,E - 28_1,0.17291999879058037,1.5274480325850317,-1.0671129885998512,0.2617547810362548
2023,S - 17_10,0.22357167609485368,-0.787610594972114,-3.0619922641235284,15.43895933958829
2023,S - 17_11,0.29541445938333294,-2.460650722292387,-2.4279303708775544,13.583070847358059
2023,T - IPC4+C08L,0.15908096917929127,1.322758365640163,-2.687975601291692,-1.4313418796667465
2023,P - 2208,0.27323065566402244,-1.1059067319710396,0.5361497670119655,2.244426100263682
2023,P - 2301,0.2586667376743586,-2.12458945220544,-0.5019103850930575,1.4870921242645272
2023,P - 2302,0.29738920692780835,-5.1072025171995685,-4.135129464134471,3.646682315540932
2023,T - IPC4+C08K,0.15217406078815315,1.208594328484077,-2.116101706610067,-1.5241524122694547
2023,S - 17_13,0.22569699289480183,-1.3172741932968994,-2.3249552357701457,15.259917947563215
2023,T - IPC4+C08J,0.18332627111603975,1.0093898042447058,-2.4606155635469644,-1.4897061418463395
2023,S - 17_14,0.2906007958946116,-2.2067551376062284,-2.2294116399071258,13.72740554883582
2023,P - 2303,0.13263840667117757,1.0952526683759345,-0.26244502002129677,2.62492349425011
2023,T - IPC4+C08F,0.16017724457492125,1.4029514674693353,-1.5308486024454317,-1.3668916576668326
2023,T - IPC4+C08G,0.14365478440915055,1.7273885654218943,-1.5601989544636254,-1.5251681090034546
2023,P - 2306,0.18967787044427334,-1.9087337873121033,-0.11481467377845338,2.8595114962147794
2023,P - 2202,0.32803515133647326,-1.9683804272879397,-1.024500321859529,2.30934176237474
2023,S - 14_18,0.2869552459503074,-1.7676814072500282,-2.7574844171699424,13.022927300637754
2023,S - 16_8,0.23701001666375052,-0.32956048482700234,-3.59028854986977,14.432396682607376
2023,P - 2201,0.23506319091163141,-1.2411521921943083,-0.8017690629229463,2.4613793956295194
2023,S - 16_9,0.22086597106713568,-0.8651961250644211,-2.072995059103822,14.251924284316097
2023,T - IPC4+C09J,0.1219312598998543,2.3038877211102458,-1.3000605428528909,-1.6090103547482433
2023,T - IPC4+C09D,0.16597941095038599,1.424655905865916,-1.9806939410659132,-1.4615238959393033
2023,P - 2203,0.24443365163158226,-1.4363506438888523,0.4073744196306019,2.4232906675014614
2023,S - 14_12,0.31668150572353954,-2.3902218492525042,-2.9142931951919757,13.079919573388267
2023,P - 2207,0.17492702727773915,-1.6258525155713393,1.1108007421262078,2.784243147119724
2023,S - 17_0,0.14285264749769302,2.0529006127289535,-2.9445937429878466,16.997525665903993
2023,T - IPC4+C09B,0.13137220840658437,2.5765991849269096,-2.3659621166200853,-1.5266225960127122
2023,P - 2204,0.1645714192575906,0.1808939636571028,-0.8070732964003916,2.4839779040941514
2023,E - 28_13,0.1304365093420032,2.0015275451095875,-0.45742887444148217,0.30553168377256906
2023,S - 16_3,0.23965182931152845,-1.206713678142462,-2.6831807788634072,14.886870251371029
2023,T - IPC4+C11C,0.129058814141336,2.826424578444687,-2.684189301389648,-1.3221270243972807
2023,T - IPC4+C10L,0.1810781122042958,2.2024179467411926,-4.2851283908409945,-1.310973919216332
2023,P - 2009,0.2768558504975913,-2.481154735770846,-1.6066012580535567,3.122326457413675
2023,S - 16_4,0.20082145278364522,-0.7961328055511787,-1.8712816441474036,15.86215215957284
2023,P - 2102,0.22979673358027478,-0.8152282947953738,-2.281999123007991,2.1721494753619353
2023,S - 16_5,0.2042111969867982,-3.250337967458064,-2.4574737772450854,17.928181517443345
2023,P - 2103,0.26218368020744703,-1.2407338661051968,-1.7131401073048966,2.159198080735504
2023,P - 2104,0.22454063679208178,-1.2366804692955937,-2.6123034898175823,2.4429044892207292
2023,P - 2105,0.23515417439769948,-0.40515479748213773,-3.1654244166069576,2.61800151262622
2023,S - 16_7,0.24095600869523287,-0.914227682490818,-2.7936159464842776,15.08163147805788
2023,S - 16_6,0.1928023876840409,0.7999042794307558,-4.226816570646602,16.827863027066197
2023,P - 2106,0.2711920545884123,-0.22787360771173826,-3.819092952768773,1.9173799770876865
2023,T - IPC4+C09K,0.15584713285237572,1.1990705799734938,-1.5122776919105247,-1.565246269033069
2023,T - IPC4+C12N,0.22754056074310033,0.22461863255438125,-2.7340854302636326,-1.5229512406368177
2023,S - 16_13,0.25950515809489305,-1.1841785513012677,-2.9474753344160565,13.344993158705005
2023,P - 2005,0.2409409685382974,-1.992952857030806,-1.712685250057917,1.9489914715492418
2023,S - 16_14,0.28547231620584507,-2.276850317832548,-2.6804632756262317,13.35548026260256
2023,T - IPC4+C12M,0.1857930208871347,1.9493728203261782,-2.8943529374900705,-2.0086466644580883
2023,P - 2007,0.2502890101668025,-0.9858191960396069,-1.840286164524284,2.5217718489021093
2023,T - IPC4+C12G,0.12932471907396328,2.1250914438551383,-1.9402802903162029,-1.604464248209789
2023,S - 16_2,0.17280980267286605,0.2724151743840091,-1.9877226272111783,16.7745056495467
2023,P - 2008,0.3032256998892278,-2.6230422609959665,-3.239524283195498,4.291774673544143
2023,P - 2101,0.2140796428446991,-0.3697289845992532,-1.6554271430693754,2.310452353489754
2023,S - 16_1,0.21757769252576042,-1.6037371561687508,-1.4243501477904015,15.222900341112132
2023,T - IPC4+C12R,0.16978866384448849,2.2597291254114276,-3.456318799447018,-1.7117909076269708
2023,S - 16_10,0.2868513201555415,-2.7195977811859673,-2.5060788455447858,13.977031716764307
2023,P - 2003,0.0669712368104373,0.7942382194531459,1.5614070289366198,2.925391326812768
2023,T - IPC4+C12Q,0.20561089412682904,0.7241011513438864,-2.522529479278782,-1.6349405716123717
2023,T - IPC4+C12P,0.21818413139974172,0.6933981948838445,-3.4262704491818137,-1.8021830269000805
2023,S - 16_11,0.28972097375255473,-3.881643480866994,-3.463839787035385,16.564712418038056
2023,P - 2002,0.15109808190712082,-1.9735048432171616,-1.5530913103589978,2.511014673722996
2023,P - 2004,0.11271873775437141,0.7186406909533402,0.442820623648076,2.434948022087836
2023,S - 16_12,0.20308684830591897,-0.27435983653764817,-3.018375111494969,15.713977872215679
2023,T - IPC4+C22B,0.16402106443152778,1.7230920910020004,-3.119718570912094,-1.3745612723373986
2023,S - 15_0,0.25476567397129257,-1.0463917908961184,-2.6037279107372404,13.707019048773326
2023,T - IPC4+C21D,0.0937095023023222,3.986493033394212,-1.4971482963604164,-1.6946569108446823
2023,P - 1901,0.22344916969345446,-0.3839275401887567,-3.3439481283921304,2.424027852351903
2023,T - IPC4+C21C,0.10026529509821931,3.7508865655899513,-1.9027089625607188,-1.4665174911241965
2023,S - 15_1,0.21147391685033665,-0.5054674626006798,-2.6897310315553398,16.185350466300008
2023,P - 1902,0.2520402850887969,-2.3890180378879973,-1.239720698161604,2.676864956993777
2023,P - 1904,0.2508248781162982,-1.5834168277140441,-1.7954249069702197,2.1019337540942584
2023,S - 16_0,0.20422370632001105,0.888724033828862,-3.99384804791365,14.094497133526794
2023,P - 1905,0.2774019626725268,-1.499558871832443,-2.709663340247627,2.318740506048652
2023,P - 2001,0.21613888864459818,-2.2184073551468164,-2.0896873423745435,2.3357778387976538
2023,S - 22_56,0.26511701829844286,-1.8284771314913777,-3.2118719714197312,14.849015173588288
2023,E - 28_7,0.19527371314067404,1.555833706840259,-1.9284373384845424,0.1346867565118172
2023,S - 14_6,0.26904123545118497,-1.4767668484869323,-3.0788076275888057,14.227051678240793
2023,S - 14_7,0.2985679402473226,-1.8526269513215063,-3.089016179184417,14.308235609406323
2023,P - 1801,0.16500252274622101,-10.602652253034732,-8.393328512963993,4.5502589444617705
2023,P - 1803,0.11323988205953851,-1.7766922040046391,2.3508374449096014,2.873375875014386
2023,P - 1804,0.10449244939077194,-2.148779894412796,2.32299180160711,2.4867018032783306
2023,T - IPC4+C23C,0.16133425948692212,0.32162724269321025,-1.4560772937768731,-1.5840303814541614
2023,T - IPC4+C22F,0.09120518276154044,3.8567351533731444,-1.585250089352034,-1.6451028883568608
2023,P - 1805,0.14436150891066246,-1.0393418665404686,1.0483872898841562,2.8922688203575007
2023,T - IPC4+C22C,0.12937696128165468,2.610342026848315,-1.8156360353816865,-1.5499995271124871
2023,P - 1806,0.23741604738592986,0.0014917919850494141,-3.569534367568559,1.9330445915849623
2023,S - 1578567585,0.2270323033048915,-0.0044718184261605745,-3.9547605122607394,16.10512535374117
2023,S - 14_17,0.2943490781079264,-2.132581669136992,-2.9942257360374693,14.328264838627586
2023,T - IPC4+C40B,0.13696016138421424,1.8428140839635854,-1.6973587152980534,-1.8669766022524694
2023,P - 1701,0.2495972309584762,-4.322161732280193,-4.8060594257812035,1.520799407443064
2023,P - 1605,0.22276414691444027,-2.7950926483066016,-9.775845630572647,5.433952274153718
2023,T - IPC4+C25D,0.11803858201523379,1.8846145656831816,-2.01530275217072,-1.9048391987664413
2023,P - 1702,0.17149980158954,0.9983936663403782,-1.7228819947393084,2.555908430404638
2023,P - 1704,0.2553506041893362,-1.4283943149329785,-2.5961653522216777,1.9903151777985872
2023,T - IPC4+C25B,0.16818083465622027,2.2811787749612913,-3.7661411062322454,-1.2854752712328843
2023,S - 22_22,0.23558975925754336,-0.6852908808158424,-3.1589926528423056,14.816291102021264
2023,P - 1515,0.24633133600765675,-2.6093039441009034,0.27105432661348816,1.7524347712791375
2023,P - 1517,0.23450518132435316,-1.5305553145848458,-1.1784155326366272,2.2194442040860176
2023,S - 22_2,0.3010027797801237,-2.319620707349459,-2.7198580838571513,14.457814200309437
2023,T - IPC4+D03D,0.10292881707539646,3.397748348224881,-2.0845833057083545,-1.5405630068163783
2023,T - IPC4+D01H,0.05965860856006775,4.36069553713657,0.22773052354623535,-1.8535664220374617
2023,P - 1520,0.1368495776818106,0.7238742217333002,-0.2468307654645016,2.028023018902262
2023,P - 1601,0.20422009045711195,-0.09857315708857183,-2.6520560621496356,2.5422266033840843
2023,P - 1518,0.20161921834767657,0.45467678881894297,-2.4279683542889825,2.4991778644962332
2023,S - 14_16,0.22210700120974203,-0.27781686802431743,-3.584053241485947,15.142197637959871
2023,P - 1602,0.21675908710456684,-0.20774852794964657,-2.737940923394849,2.7112721273359726
2023,P - 1604,0.24301720583241201,-2.7060646190798763,-1.068104577106591,3.0671993877186905
2023,S - 13_8,0.3402414804443542,-2.7905896933348693,-2.8064333975659963,14.928068376462369
2023,P - 1511,0.14054868987507588,-6.205470170282802,-9.310799856805987,1.136644629102543
2023,P - 1513,0.1651172388125947,-4.3529351045572975,-10.348419381640069,1.735797614481606
2023,S - 13_9,0.3492991897934204,-3.29775449736108,-1.9448666050917045,13.854645308863532
2023,P - 1512,0.17758675417073302,-1.924140564563927,-0.44960853524479577,2.2707438370973034
2023,S - 14_0,0.19145675168990114,0.7664734538964287,-3.527922383886897,16.877946451500964
2023,T - IPC4+D05B,0.06254143605069042,4.5325508014679725,-0.03950132479575188,-1.813975057065044
2023,P - 1514,0.13878840458577635,1.333727171490336,-1.5995071089461266,2.75417369986204
2023,T - IPC4+D04H,0.14593068933879594,1.2215659162536463,-2.410522996744876,-1.7595340782042077
2023,P - 1516,0.18590021852204985,-2.342606333124112,-0.5902048914545251,2.0254750437757862
2023,S - 13_4,0.22561887316844045,-2.3896187643445517,-1.683741082838352,15.803620473548731
2023,S - 13_5,0.19735160702278687,0.11311511201162705,-3.4177135569711536,15.79718043727906
2023,P - 1214,0.11387643644228161,-1.0968696842458499,0.6460621373927256,2.4711607033549305
2023,P - 1302,0.19097646778881244,-1.403233126457053,0.9969467801726828,2.3646719259553906
2023,T - IPC4+E01C,0.15480746455678304,3.044907166327977,-3.822732618876427,-1.4918622080770905
2023,T - IPC4+E01B,0.11022357232874035,3.0294155066336144,-2.138228416599687,-1.404801964250363
2023,S - 13_6,0.2532066631660042,-1.282894518309972,-2.681601737852661,15.057026428995625
2023,P - 1502,0.12377507755911464,0.4043312845174408,-0.0706187390536949,2.473393238290495
2023,T - IPC4+D06N,0.11331266320905396,3.2111522259011656,-2.3856136563266643,-1.8556814424014625
2023,S - 13_7,0.2453957832717799,-0.6323348138581435,-3.7428093625425163,15.263166805855143
2023,P - 1504,0.188752987678443,-1.0383123058423576,1.4010577580610646,1.3695403285155185
2023,P - 1509,0.1038892426737517,-1.8556393361556973,-2.09123700826609,2.361361508988191
2023,P - 1507,0.17368298391842424,-2.80513498223496,-0.14310530695671025,2.778351057205281
2023,T - IPC4+E02D,0.1601730497612937,1.90657703321746,-3.1827773434321056,-1.5562660076292163
2023,S - 13_34,0.20984839056734167,-0.22977991344007817,-3.504024662237161,15.106131349810461
2023,S - 13_35,0.21218012181345428,-0.5976285757586222,-2.051836566087942,14.670959640328736
2023,P - 1208,0.13096398415800456,-5.18412878397519,-0.5657259780467502,1.4973098055193597
2023,T - IPC4+E02B,0.15951825349275905,2.5651833232806873,-3.671471550013303,-1.397966661430785
2023,S - 13_36,0.23361860630868125,-0.5132122566885762,-3.7239631331810905,16.633789013872576
2023,P - 1209,0.20217964736883826,-2.0190484866738045,-0.9080058798166558,2.381509752143677
2023,T - IPC4+E01H,0.09069717281600409,3.8584593389266977,-1.4064871686513216,-1.4862623478590116
2023,S - 13_37,0.18611079559429894,0.9863236347553407,-4.06698048972363,16.668078849832035
2023,P - 1211,0.3291617179063803,-4.599927423147249,-8.260540812549909,3.099699230997051
2023,T - IPC4+E01F,0.13493642499957884,3.20793788814844,-3.7864994004913917,-1.225823124685096
2023,P - 1212,0.2512876196992239,-4.4857416777496955,-7.012239756429838,1.9917115082837564
2023,T - IPC4+E01D,0.09569841152828755,2.7579056275687877,-0.9334107729906318,-1.704014416097312
2023,P - 1108,0.16915974898982933,-0.027390337550220377,-0.6797293017539614,2.7581252405028973
2023,S - 13_31,0.2440213076318885,-2.3359785996448674,-2.411424115466577,16.417150017927934
2023,S - 22_68,0.22135616603243113,-3.3873853039935833,-3.467682542016342,18.366385552679866
2023,T - IPC4+E03F,0.12376226574215915,3.3656621750524933,-2.968217094032758,-1.383986994625587
2023,T - IPC4+E03D,0.1216160936927143,2.622464049729576,-2.1932652728529796,-1.4739641887250816
2023,S - 13_32,0.18537533615496102,0.6094241703319325,-3.8579499796406003,17.052562846610854
2023,P - 1205,0.1203956983482514,1.3182966849997138,-0.46040271053520965,2.642919125242451
2023,S - 13_33,0.17014185349708816,1.1709823275476414,-3.5009656521301316,16.94498282734782
2023,P - 1201,0.0772466181930683,-5.23115436980967,-4.320102196889217,3.4944347525243433
2023,P - 1202,0.15260659197417983,-7.810829659548078,-12.653110000815134,3.944695207128474
2023,P - 1207,0.2871675687353823,-6.962149230167548,-10.534711372599954,3.662281572347406
2023,P - 1206,0.1273514083749486,-0.41749592232825194,0.10735275934068464,2.783107412887406
2023,T - IPC4+E02F,0.1279151112968746,1.6192555799119548,-1.528672216851891,-1.4489211011223841
2023,S - 13_29,0.2473432108045212,-1.2947328650235066,-3.2908065429609343,16.7681299466951
2023,P - 1101,0.2906180458017481,-3.176721675604099,-2.8095258577936715,3.0202301569558365
2023,T - IPC4+E04D,0.1138234476483953,3.4670930178348347,-2.992355280165762,-1.4455068768706745
2023,S - 13_3,0.3132956328743385,-2.642956590916356,-2.372131928370948,14.28045739231475
2023,P - 1104,0.23102174164051592,-1.5339291906589119,-1.2477434069362254,2.218862302307072
2023,T - IPC4+E04C,0.20289354175897395,1.6773115210950724,-5.113456430404184,-1.1583137583043652
2023,S - 13_30,0.1988533914735141,0.0893065844693623,-3.1060650897534545,16.963148576486063
2023,P - 1107,0.15338317511676558,0.4589273435118756,-1.2580138927675415,2.882078786189993
2023,T - IPC4+E04B,0.19915518497160492,1.7633986786442193,-4.95621869395384,-1.1942858679520676
2023,E - 29_4,0.33084703196757176,-1.5157565476403019,-3.1178728715079695,0.20588958201341795
2023,P - 1005,0.1361483661784772,-2.0851181167681374,0.25799143437366084,3.2563628012711447
2023,S - 13_25,0.2531712592815185,-1.4085018744314155,-3.1016472550791625,15.497924059039232
2023,P - 1001,0.14493661272476518,0.8691679707381967,-0.47013652143368945,2.338367203913097
2023,T - IPC4+E04H,0.18332367370897534,2.09833092948997,-4.306770596371885,-1.4509306484536248
2023,S - 13_26,0.264006912475954,-2.896154204362878,-2.5964362753158454,15.592799257057223
2023,P - 1007,0.07248059190107571,-5.3507068491397645,-6.6711419501066,2.1328464562951464
2023,S - 13_27,0.2392002274136812,-2.6065364410467495,-2.2621476156537477,16.697895657901316
2023,P - 1006,0.14940320683723532,-4.099706334805619,-2.9441826570894127,0.8811222967928665
2023,S - 13_28,0.2890040925411167,-1.4289778527490025,-2.500477481241497,13.59618694238099
2023,P - 1103,0.2415747373554236,-2.3428381098327664,-1.0018719157342104,2.355863587942882
2023,P - 0902,0.17406797188573,-5.44675230956431,-8.148873251146949,4.089649847168915
2023,S - 13_21,0.22514098437677596,0.12276884095468171,-3.7852804618457045,14.779487685598959
2023,S - 23_18,0.37252517288264353,-3.3995650990851742,-2.5418852822976494,14.763201668451721
2023,S - 13_22,0.29782043586207513,-3.334760868043559,-1.9633149639013325,14.765408445590896
2023,P - 0904,0.19209873259253676,-4.579348214881353,-8.363865002436905,3.606951361225837
2023,T - IPC4+E05F,0.11707968856739263,3.6470502035411942,-3.207720389448824,-1.447462196161802
2023,S - 13_23,0.20682673045469355,0.23542788439618895,-3.0874005684537718,17.400893644914458
2023,S - 13_24,0.19506006353418082,0.9289122146412266,-3.8948143239180544,16.734558557361314
2023,P - 0910,0.27408169245690084,-4.475577936947218,-9.653295559000563,5.437401435696082
2023,P - 1003,0.1345541937329451,0.8423526697684163,-0.9704778892820336,2.5945638986626283
2023,P - 0809,0.16833736792471837,-1.796965796159614,-1.3827599826229129,2.6533445642449482
2023,P - 0810,0.20171245494041662,-2.918496328636361,-2.7495098244470215,2.5971456814114577
2023,T - IPC4+E21D,0.10051851525393489,1.7276771947047591,-0.43149540626515986,-1.627966605513166
2023,S - 13_2,0.1909214683356447,0.7690379615684079,-3.7020578801164237,14.91238749864834
2023,P - 0811,0.21927270714410235,-1.252443670893216,-1.7354641074092774,3.002737949152639
2023,P - 0901,0.23285229106708552,-4.304777682882731,-2.2844673103760047,3.574640163514542
2023,P - 0813,0.23709414146483007,-2.6827490099510634,-1.707657371030906,3.2937003125637236
2023,T - IPC4+E21C,0.09837637107169096,1.9535983400084063,-0.3596169793077677,-1.5294429138925227
2023,S - 13_20,0.34941981691097135,-4.0751596354454085,-3.7332524305116843,15.499716973344425
2023,T - IPC4+E21B,0.17922536101325778,-0.025667024450071244,-1.7180738757687186,-1.357179226536306
2023,T - IPC4+E06B,0.1493548095854669,2.5748833112955825,-3.954394459836387,-1.263880791379031
2023,P - 0804,0.2468066753698149,-5.4978438971333174,-10.953842982768252,4.241440777257737
2023,P - 0805,0.19099382414642882,-2.4741470213971075,-2.696723152103565,2.6965992381412454
2023,P - 0806,0.1494206094454764,-2.467782315857607,-0.6910070617412007,2.4403212937245624
2023,P - 0807,0.20097116563510245,-3.8750515217893704,-6.983224520123522,3.9535618783054756
2023,S - 13_17,0.28592591638550563,-1.2542382376244965,-2.427707660529157,15.244674833010556
2023,P - 0808,0.16565461954397034,-0.7254522777292721,-0.6637338799697202,2.4190605650797314
2023,S - 13_18,0.24792930551064074,-2.4608635429784456,-2.2607452685502922,14.95240619277314
2023,E - 30_10,0.24216253106956853,0.28310853339670294,-3.8455037221319093,0.18876330094206653
2023,E - 30_1,0.3489093580791705,-2.020780870428353,-1.436270233626612,0.19265092910375936
2023,T - IPC4+F01C,0.11110933442468483,3.3350438040124875,-2.217023077914347,-1.3959802735268694
2023,S - 13_19,0.18465669644442873,0.39761688882022855,-3.31828404619177,16.8537051205777
2023,P - 0714,0.1458798507936554,-6.663227550235074,-14.190972853272788,6.005619723023957
2023,P - 0801,0.1840810444955934,-7.651505611540726,-13.58077539611131,1.5737112790409036
2023,S - 13_12,0.21800818941151068,-0.542131427245951,-3.1154749381756606,14.964947350237141
2023,P - 0802,0.1783119251150688,-3.675515217920039,-0.6015344812916301,2.1679519697206677
2023,P - 0803,0.19873752291570995,-4.633128127639604,-12.508700938949966,5.865749585703226
2023,S - 13_14,0.2109573568530339,-0.04624373120618482,-3.254955728625565,16.710027441490443
2023,S - 13_15,0.35974174921517255,-3.3338639059812483,-2.4151063910288184,14.168797007497103
2023,T - IPC4+F01N,0.11152219548951464,3.243423557288209,-1.7891366207074257,-1.592687394679652
2023,E - 30_11,0.34253067813383864,-1.8240497192879928,-1.3794742712857675,0.2199123883943523
2023,S - 13_0,0.23339224838501754,-1.2095998091321336,-2.8199562737406265,15.43999162272125
2023,S - 13_1,0.2006262841611318,0.36909140852940864,-3.447846348507533,15.42159585868528
2023,T - IPC4+F02M,0.13804848269314535,2.5885828384094776,-2.729892418460255,-1.661260256388324
2023,S - 13_10,0.2160281732923024,0.06737599189093912,-3.9106358318024745,16.597953069958496
2023,P - 0710,0.2037308750943966,-2.1198175761212807,-1.6447307611552244,3.0730397921073704
2023,P - 0712,0.1932992568742399,-2.710824957037195,-1.105875210823167,2.8394950072410405
2023,S - 13_11,0.2615903179462727,-1.5567771354335789,-3.689908365405263,16.744952805782862
2023,P - 0713,0.2229873845911446,-5.969838797557978,-8.543581890051419,3.178096603495175
2023,E - 30_13,0.33882530636302044,-1.965642030326732,-1.7472376715980558,0.2336019384966066
2023,E - 30_12,0.33401277814735536,-1.8843518682872942,-2.429443534425784,0.15241792757308392
2023,T - IPC4+F02C,0.10175660524644387,2.539688851382653,-1.3621481543869682,-1.5641729070241241
2023,S - 11_9,0.28906387057397565,-2.6378601961251835,-2.52971074736386,15.513127768975822
2023,P - 0706,0.19204987611716984,-1.9998104153060405,-0.6697672675874379,2.823628363970253
2023,P - 0707,0.14606893604928264,-1.519528556625482,-0.8683080610093898,3.4769165040255876
2023,T - IPC4+F03B,0.16975156341318798,2.1494610825517255,-4.056583371246209,-1.2832239970744783
2023,E - 30_14,0.312268112846088,-1.5173714166563914,-3.0196434875854847,0.12045483719160817
2023,S - 17_26,0.229643389141038,-1.4822225315417457,-2.282426990043724,15.74026773016436
2023,P - 0708,0.194840515604753,-6.029045023843236,-7.189898941101793,3.103272123714421
2023,P - 0709,0.2367412731409475,-2.865213129534079,-2.5292817709347366,3.6418654566511983
2023,S - 11_4,0.374872305079824,-3.7739278701606698,-1.6169406464145484,11.973890447444573
2023,P - 0702,0.16187330543836953,-2.823265363739727,-2.1257221041069845,3.815018700257272
2023,T - IPC4+F04D,0.1377242652416947,2.0652788205585857,-2.907124008948611,-1.5220752946398532
2023,T - IPC4+F04C,0.10947772683350208,3.342781426676102,-2.122389246579358,-1.5096938959619817
2023,T - IPC4+F04B,0.14625257738568487,2.408121442290937,-2.9207724264051187,-1.4790021771884576
2023,P - 0703,0.1824644704580898,-4.3333831592644465,-4.843864141968765,3.2630739416813017
2023,S - 11_7,0.2977055465775124,-1.9792774974823701,-3.730060490555358,15.110094348797798
2023,P - 0704,0.15209221620943908,-1.8739703388995768,-0.12202494743818468,3.1204568834404434
2023,T - IPC4+F03C,0.08322120748383795,3.4405739605595103,-0.6650371625431304,-1.7244502991063217
2023,S - 11_8,0.18436049378560607,-1.7715447509004323,-1.7193774768017718,17.35295822441719
2023,P - 0705,0.118583879045784,-0.07144069165104758,-0.42749900014686093,2.734515266894526
2023,T - IPC4+F16C,0.1423970382285399,2.105768595448502,-2.515990483695185,-1.5558837914675783
2023,S - 11_32,0.20288472712176966,-0.5102304192261441,-2.650650675828711,16.117354693489002
2023,P - 0511,0.2593354299603528,-1.3145015798776971,-0.8022135984822198,1.7634624507629606
2023,T - IPC4+F16B,0.17331943174180883,2.085443064761046,-3.922771539935969,-1.3330881125166871
2023,P - 0603,0.12101837273361239,-3.604233358060234,-0.833389112950178,2.5184478103607235
2023,P - 0604,0.20888716281081976,-1.5868249262338905,-0.37303175894766105,2.830492418103709
2023,P - 0602,0.17868443349765128,-1.787885558360957,-0.6363131180651163,2.6267138602073654
2023,P - 0701,0.18191262120215665,-1.7028951547693807,-0.9554406235782414,2.669388177678471
2023,T - IPC4+F15B,0.1346847245188764,2.3195339481996444,-2.945018236408033,-1.4082110481638754
2023,E - 30_17,0.3468363310187398,-1.8039251272169012,-2.030876905391646,0.10497103840161372
2023,P - 0405,0.1550404607015645,-0.19934754894867845,-0.8121939823856592,2.7345724575367174
2023,P - 0407,0.23115186473124344,-1.3052167654762836,-2.176607566870441,2.769513093156041
2023,T - IPC4+F16H,0.13386680232790815,2.1738938663913827,-2.386323360073012,-1.6300063554170439
2023,S - 27_36,0.2796894912364145,-2.615312106641355,-3.039418428013342,14.591061781721574
2023,S - 11_3,0.2962926922842234,-1.3333325879525326,-3.9154758875216658,15.126743447591883
2023,P - 0504,0.1902567699969853,-0.5454823112470616,-0.9673884373530731,2.3525475878913626
2023,P - 0406,0.19629938631905353,0.6208396901169333,-3.286846859270362,2.482374562848832
2023,P - 0409,0.21506551943426316,-1.586091909988988,-0.8675276622687836,2.5576874560219482
2023,S - 11_31,0.334816467749847,-3.5661287488006037,-2.630012936242613,15.50828914385292
2023,T - IPC4+F16D,0.15161135678262222,1.8393672327691526,-2.7353312911206036,-1.4176703401973658
2023,E - 30_20,0.34376735344514175,-1.7509924214742683,-1.8608079087418643,0.14993955727050184
2023,P - 0601,0.10439617936767498,-0.3230169758432338,0.967722847157436,2.6594653757141966
2023,P - 0306,0.21944131935757513,-3.8951155133015027,-10.06553452293003,6.0428989124462165
2023,P - 0307,0.23062314001959816,-2.6858061698264195,-8.816491291294236,4.163820685038819
2023,P - 0402,0.1989634949923617,-1.3948517751397522,-0.8396815354211724,2.566365563480139
2023,S - 11_25,0.26365568428348607,-2.7141163124598164,-2.539482277646101,15.536073103223014
2023,T - IPC4+F16L,0.1865894918625144,1.8526626325546602,-3.6836085437208443,-1.5381395039906345
2023,P - 0401,0.19873579843320185,-0.22941690380961308,-2.9308272350183437,2.8508035505460136
2023,S - 11_26,0.28545705819585765,-2.0680356989370656,-3.2874933527489367,15.499135512514064
2023,P - 0403,0.23356468878486436,-0.9970689782510049,-3.243168316255543,2.768938154143417
2023,P - 0404,0.1500032469399728,2.1155995546132216,-3.2643194070169206,2.8878850843971504
2023,T - IPC4+F16K,0.15170297699750004,1.7248779492111004,-3.248598051510299,-1.2685580635782692
2023,T - IPC4+F21W,0.0941973343816045,3.5344457870558834,-1.6504096390811045,-1.5732085676495637
2023,S - 27_67,0.2612990095918326,-2.3425521829673186,-2.9187252378587507,14.41029191622041
2023,P - 0208,0.1487562194281504,1.3216386774168076,-2.519651093401874,2.7136052443885084
2023,P - 0301,0.24074842874537572,-2.223794192489117,0.8602446560335338,2.0461879892251376
2023,P - 0302,0.2526117171010643,-2.104401410179444,-0.2416425323850212,1.8370132789877525
2023,T - IPC4+F21V,0.13228691467828682,2.8009669557475965,-2.5896319536387233,-1.4806009281198695
2023,P - 0305,0.25251418962752503,-3.45823141745219,-0.6757001181300132,2.1866521752208072
2023,T - IPC4+F21S,0.10399432118359546,3.2211689795195952,-2.1212911442740987,-1.5370243360258247
2023,P - 0303,0.33265507030174923,-3.526080267037587,-7.6791915936119155,4.314120603666635
2023,P - 0304,0.2560320350373966,-1.7843027115634773,-3.0294412032108107,2.6901451469611497
2023,E - 30_4,0.3065058619716823,-1.1303198907566838,-2.104868739544858,0.06487707077738787
2023,P - 0202,0.13516782598445193,-1.1806078542708902,1.2568284999746295,1.896228293780316
2023,S - 11_15,0.35166571463904595,-4.482146525751888,-2.4730918576636043,13.652688616222262
2023,P - 0207,0.17872139033234824,-0.054907324455098924,-1.2988723657233252,2.797736254312696
2023,P - 0204,0.1324961641692668,-3.015743793354446,0.828758729494143,1.6683062017682464
2023,T - IPC4+F23D,0.1187786750007219,3.419655098190672,-3.0340935288914106,-1.3669027619249314
2023,S - 11_16,0.29968447603006626,-2.7377737956176684,-2.8961106722111194,14.16875271793823
2023,P - 0206,0.1538535613193281,0.343113570001874,-1.2306055885774314,2.634006427288494
2023,E - 30_7,0.34129794860242135,-1.688193484139864,-1.7693620132763292,0.24635892126878844
2023,P - 0210,0.1544247697032152,0.2660312277672614,-1.0082066717310452,2.564664744609336
2023,T - IPC4+F21Y,0.10075477504562284,3.1349307030462534,-1.2533740242692781,-1.6954554797211463
2023,P - 0104,0.16724694900829867,-3.6061989472233087,-3.699642308346223,1.52506456892877
2023,S - 11_10,0.3763257090298265,-5.120872159429512,-12.059496641111807,20.45963495731258
2023,P - 0103,0.09700306021176101,2.228157862523475,-1.0441849089819455,2.7437126323791174
2023,S - 11_11,0.27295632213503057,-2.0376942540328766,-2.867768717042057,14.849241052112927
2023,T - IPC4+F23N,0.09081221974420788,4.176678884145229,-1.8953574613331146,-1.4849841907798824
2023,P - 0105,0.19060409022321495,-0.9711743000265572,-1.9196810890693459,2.7806718108625876
2023,S - 11_12,0.3060515562762771,-3.7714300951439235,-2.459804674148595,15.044524259233745
2023,P - 0201,0.150567614409398,0.3227405087833161,-1.0123768667669761,2.7449540797935597
2023,P - 0203,0.11467616580269892,2.197004474678117,-1.3680774391488197,2.6632272017623504
2023,S - 27_89,0.1570260608210896,-0.24756243665852523,-1.4560290888597793,17.707433616750652
2023,T - IPC4+F25D,0.1284431918207395,3.544537690651838,-1.8914233690661513,-1.558199672288376
2023,T - IPC4+F24S,0.1570844002635999,1.6691849916135713,-3.04115221734386,-1.2778483706061328
2023,E - 9_19,0.16812316957140885,1.7528470772256046,-1.2118036791751488,0.21709286682913187
2023,T - IPC4+F24H,0.1414605542988428,2.4296049389820116,-3.2097821150941552,-1.3225670555193765
2023,S - 1158833789,0.26613535690652224,-2.750300448062014,-3.16932492827965,15.711569320156801
2023,P - 0101,0.13181486428899258,1.3674536130968107,-1.306373329054475,2.655674356802114
2023,P - 0102,0.2174037250284094,-1.7281207113568575,-1.2366483667177313,1.6495907732236597
2023,T - IPC4+F24D,0.14844970852716058,2.8483864240827135,-3.9624456480445884,-1.2724178883514612
2023,S - 11_1,0.2910072438573426,-2.9854448859305758,-2.536600791654857,15.29833165542419
2023,T - IPC4+F28D,0.17726691094550778,2.225299260301454,-3.932781439903298,-1.3847102864649303
2023,E - 3_3,0.26782754057604413,-1.2905997036075454,-2.896378247974113,0.02922140078504434
2023,T - IPC4+F27B,0.13461814977749562,3.2570954043959226,-3.522402063465352,-1.2823787975190926
2023,T - IPC4+F27D,0.1435766718247857,3.014328443176213,-3.2787778271592374,-1.2755225987447634
2023,T - IPC4+F26B,0.13644376664521055,2.7156961553835566,-3.016942618963139,-1.5380307020876123
2023,S - 1077290770,0.37600959398915573,-4.250371727377774,-5.253918476611283,16.55389547471293
2023,T - IPC4+F25B,0.1278761608582928,2.8193088334583654,-1.6391628809510645,-1.6353132794788592
2023,S - 33_31,0.21303604555081476,-4.546369377929379,-1.9090490941986062,16.84182896083967
2023,S - 33_35,0.23101914463787543,-0.36566295317022796,-3.935119624727366,16.767352029977047
2023,S - 33_23,0.28532004234549563,-3.4334330770086527,-2.59565509453618,14.802611611018625
2023,T - IPC4+G01B,0.16252913926856985,1.8754205785995894,-3.269585131602729,-1.545301609863017
2023,T - IPC4+F41H,0.1350623376149741,2.705927586131243,-3.2222756223823175,-1.6234696679291545
2023,T - IPC4+G01N,0.22969305244568541,0.8299751787048494,-2.9391874082235385,-1.6293325096558613
2023,S - 33_74,0.21359220569564688,-1.1614299268598747,-3.2258739222942494,16.072252722838112
2023,T - IPC4+H10B,0.08169394403333953,1.308287600928384,2.749025902445427,-2.0500139718054893
2023,S - 33_45,0.24134689101947188,-1.0310957948953041,-3.8368397231857005,15.890340017242155
2023,T - IPC4+H10N,0.1516844862465583,1.710774012721802,-2.696601778226416,-1.6798418963417796
2023,T - IPC4+G01K,0.147259594855784,2.785532735776547,-3.4511508442378442,-1.5366967197203227
2023,T - IPC4+G01L,0.14878325998511557,2.839766511208608,-3.4497178755000504,-1.5457386261201007
2023,T - IPC4+G01J,0.15265433986375085,2.0877757403472774,-2.7666918164284087,-1.659852178469999
2023,E - 16_20,0.21443129166622243,0.9930797605751239,-3.0381153304637016,0.17488192916076667
2023,S - 33_32,0.21173126506478965,-0.11108961004549966,-3.8114530946091394,15.866830549170611
2023,T - IPC4+H04Q,0.12101072704658185,2.463527235981617,-1.790796435263168,-1.6306277129723605
2023,T - IPC4+H04R,0.14341088534286744,2.0118712989408802,-2.767871237280337,-1.572892382612508
2023,T - IPC4+H04S,0.13537590169796104,1.5743769457256218,-2.2136211342016505,-1.5091995224555395
2023,T - IPC4+H04W,0.14957286297304753,1.125886581916965,-1.0718305103367838,-1.9285034172059687
2023,T - IPC4+G01R,0.16505777693537368,2.0286578006478626,-3.0591289346085593,-1.6746224522885318
2023,T - IPC4+H05B,0.1387949331386024,2.5849128695334613,-2.1471173642346395,-1.4561804831333727
2023,T - IPC4+G01Q,0.0914911699881892,3.3912546293196284,-0.544080274433479,-1.7213980927840336
2023,T - IPC4+H05K,0.15814880685622523,1.1304793398188746,-0.9108772089350524,-1.8778360101135163
2023,T - IPC4+G03B,0.10887009399391631,3.1454582763476697,-0.9918605103081833,-2.0196699471742243
2023,T - IPC4+G02C,0.13211152749525767,2.297861258611416,-2.304493353175139,-1.763020081318714
2023,T - IPC4+H04J,0.1573830636712654,0.4752389080960154,-1.3994749872957843,-1.6587292875286372
2023,T - IPC4+G02F,0.11069052043800429,2.120348018955855,0.6396760148389408,-2.0621256448214687
2023,T - IPC4+H04L,0.17730508018518998,1.110114358568175,-2.1438304867344495,-2.183163878196093
2023,T - IPC4+G02B,0.1515095986217388,1.971568400942885,-2.1747739880205956,-1.912854882039918
2023,T - IPC4+H04N,0.1476237672093797,1.7094718413957195,-1.156534797261337,-1.9531329296318702
2023,T - IPC4+H04M,0.1308716179776916,1.7074032693154477,-0.9104657673263514,-1.9158412091360593
2023,S - 11_5,0.2918615219190314,-3.0230360090113284,-3.136088195127539,13.996957704980252
2023,T - IPC4+G05D,0.16357242200283106,2.518032286436384,-2.823830094184508,-1.8053233850115256
2023,T - IPC4+H03K,0.14617389634947012,2.373151352445103,-2.97094890131382,-1.8474842480216633
2023,T - IPC4+G05B,0.17718387306819655,1.8235435113038267,-2.7377351850663185,-1.5760329704595253
2023,T - IPC4+H03M,0.1435949646919284,1.5650952657920598,-2.593580910654826,-1.4537524472884047
2023,T - IPC4+H03L,0.12118722000818791,1.8148709643026937,-1.825497707058644,-1.5977888847328956
2023,T - IPC4+G03H,0.0982860312899451,3.0392274971122197,-1.3532496214066083,-1.6585425283722561
2023,T - IPC4+H04H,0.10605329892074315,2.680008544194428,-1.3785267430528403,-1.6483017400398072
2023,T - IPC4+H04B,0.1539814936297382,0.8303422827587135,-1.7701882991468698,-1.8177245528709554
2023,T - IPC4+G06K,0.1804544308369581,1.7523500822213356,-2.6955507125766762,-1.7319903737714317
2023,T - IPC4+H02N,0.13347434195304836,1.7128165466876453,-1.6781352700821646,-1.8391216459120339
2023,T - IPC4+G06F,0.1987836212956475,1.1204969124783477,-1.5657434583971075,-2.0678729283359383
2023,T - IPC4+H03D,0.07147954974416237,3.9517243426282547,-0.3375412900254088,-1.7916662374573336
2023,T - IPC4+G05G,0.10670110539057344,4.02093369571323,-2.3163017304245157,-1.4785588551037503
2023,T - IPC4+H03F,0.12635152044696368,1.4369593936418592,-1.804363249594102,-2.090334915808583
2023,T - IPC4+H03H,0.12407250262346212,1.6727414050699816,-1.536497772947843,-1.5835748363878972
2023,T - IPC4+H03G,0.10540688500484433,3.1431912391859003,-2.1125122268036334,-1.8967022570176206
2023,T - IPC4+H02H,0.13034575389861794,2.7779746460462804,-2.934581173106292,-1.7166191753741586
2023,T - IPC4+H02J,0.1626043683254952,1.9136772647304534,-2.787704008243104,-1.6481597967603856
2023,T - IPC4+H02K,0.1500995072403667,2.097495283174772,-2.415581502148477,-1.3995466133913275
2023,T - IPC4+H02M,0.15108910736360787,2.3845930717640833,-2.7866087747354022,-1.683676629990601
2023,T - IPC4+G06Q,0.20895078996257152,0.6219263131487014,-2.153825549545988,-1.895586474638366
2023,T - IPC4+H02P,0.1222241593576859,3.0345282892884633,-2.394713931963175,-1.8205968583716334
2023,T - IPC4+H01P,0.12256633367872222,2.1403175293270316,-2.1508075525533927,-1.8158963446257546
2023,T - IPC4+H01Q,0.14996192590581295,1.2378537168914205,-2.2719026985809245,-1.642333034290659
2023,T - IPC4+G08C,0.11970428795459072,3.391101101849468,-2.418879322958392,-1.5784323685659094
2023,T - IPC4+G08B,0.16309174813243682,2.1446758573781333,-3.1813335260695212,-1.531985876777878
2023,T - IPC4+H01R,0.14402436793702625,1.9315594664681344,-2.499336118021556,-1.750770209975942
2023,T - IPC4+H01S,0.12492182380204798,2.103358586739132,-1.7489491758421425,-1.9412129206831295
2023,T - IPC4+H01T,0.10609243857890362,3.055539817276466,-1.8649071594311966,-1.6856960458331105
2023,T - IPC4+H02G,0.15357504830289867,2.5863189136146594,-3.4024866961326334,-1.4956166229324246
2023,T - IPC4+G07F,0.17301171859029285,2.3199311625885657,-3.394531419569752,-1.278625789477738
2023,T - IPC4+H02B,0.13560903065770505,2.924584842074056,-2.9521309531282065,-1.656664063482799
2023,T - IPC4+G07C,0.15586655526064958,2.017323342846148,-2.624635518839894,-1.698975148882935
2023,T - IPC4+H01B,0.1469732884225717,1.6829785760617901,-2.529142997554559,-1.754594959892959
2023,T - IPC4+G10L,0.16010877872713308,1.8366189054190951,-2.887051930664404,-1.6566558326676477
2023,T - IPC4+H01F,0.14305029874302003,2.369713758221517,-2.3236323637719507,-1.4531757605864353
2023,T - IPC4+G10H,0.11958979609890406,2.717275648390169,-2.341839019719676,-1.4735205783018919
2023,T - IPC4+G09F,0.09821100586785203,1.6664232324131725,0.9093421676719966,-1.9183142210411086
2023,T - IPC4+H01H,0.13295056830443042,2.8377787668030443,-2.406630603817227,-1.4304738850833305
2023,T - IPC4+H01J,0.14887623414128487,0.7439976873443818,-0.8553378427994368,-1.5131808114790652
2023,T - IPC4+G09C,0.11497101181772179,3.728371733359345,-2.8200644381152116,-1.587194811050919
2023,T - IPC4+H01L,0.14657404657488446,0.7827344292583878,0.9038155078453952,-1.951300558194762
2023,T - IPC4+H01M,0.11918575705715644,2.4640727029243408,-0.8544851053869963,-1.7755504499978254
2023,T - IPC4+G21C,0.104576382224714,1.8757141826434267,-0.8555527811489599,-1.9024510143590914
2023,T - IPC4+G21F,0.1251864706790217,3.0288079147779023,-2.084214657610801,-1.3396444780289172
2023,T - IPC4+G16C,0.12209191116899776,2.877225602104248,-2.1233875730430607,-1.5783340962912344
2023,T - IPC4+G16B,0.1683315142979748,1.647930406434246,-2.436579022566157,-1.7848458918581043
2023,T - IPC4+G11C,0.09137979109085034,2.663172216999219,0.3574110023662774,-1.8967275891599145
2023,T - IPC4+H01C,0.08511519614146712,3.421534747811615,-0.7471167543443556,-1.7667472505449608
2023,E - 14_1,0.19168549817597463,0.8393268837123364,-2.9080784416550447,0.435783272808056
2023,T - IPC4+G09G,0.08934496783867096,3.0780794094401434,1.3806007408726977,-1.9367757783095711
2023,T - IPC4+G21K,0.12135401700419973,2.9189059164573665,-2.2283319550301806,-1.3970014927293672
2023,T - IPC4+G10K,0.13466014965646664,3.1207858432392372,-3.3773368313563745,-1.4415312706503798
2023,E - 34_8,0.19926501430633842,-0.2425518490416479,0.06925273440525759,0.09251041393430043
2023,E - 34_7,0.1992236502852539,0.18638387762609718,0.5239491656287403,0.09778439137955358
2023,E - 16_11,0.26029219297597406,0.30906302825983883,-3.689900869675124,0.3150778879677512
2023,E - 16_10,0.24598399834814666,0.7347608533486293,-4.146033145664278,0.3716516643491301
2023,T - IPC4+G07G,0.1092709545986165,2.3111951238491613,-0.42802860169594037,-1.7056903790102993
2023,E - 16_1,0.19114684922159053,1.9341561584483935,-3.2807501626283626,0.25419996970699976
2023,T - IPC4+G08G,0.1245225033340542,3.0364593648419977,-1.507015451297554,-1.9033925305441675
2023,T - IPC4+G09B,0.16862654336169225,1.4823501505031056,-2.9580357993442674,-1.510508076452087
2023,E - 16_15,0.2443277644291977,0.7507088690281891,-3.7687963091873713,0.3277189993883162
2023,E - 16_14,0.22038610716109608,1.2824266786360408,-4.226308273061899,0.31470261102574826
2023,T - IPC4+G07B,0.11771265356252471,3.3957886351907476,-2.4994277604787243,-1.5012343636998418
2023,E - 16_12,0.22438248633530372,1.5044216837604745,-4.221653606498972,0.40131300303995515
2023,E - 16_13,0.20705967033349673,2.088654483922803,-4.385684642470404,0.41366761896231563
2023,E - 16_2,0.21087830660848855,1.659117912757911,-3.677620533057584,0.37398210923504416
2023,E - 16_19,0.18559250632693255,2.1700637605592354,-3.3822370381445057,0.30124752597417226
2023,T - IPC4+G06N,0.19995754653517508,0.8735319227630706,-2.42531562548001,-1.9252040642381523
2023,E - 16_16,0.24089452722903204,0.7096504585398186,-3.310513897273201,0.28066955120101933
2023,T - IPC4+G06T,0.18123889368128074,1.2855982237822712,-2.213578675344428,-1.8088465928353719
2023,E - 16_5,0.21294853686929063,1.2838730156824325,-3.4997192371488213,0.3888892073225755
2023,E - 16_4,0.24092988027388412,0.8122139520862999,-4.370251774585142,0.26123907745196584
2023,E - 16_21,0.2046752625991323,0.10887388600296401,-2.4432497567982514,-0.10963833130213094
2023,E - 16_3,0.255509770946373,0.33818531481054265,-4.290035575171299,0.30651705990477784
2023,T - IPC4+G03G,0.025721288170693093,5.333889367018386,4.220507307435634,-2.1048218289707123
2023,E - 16_6,0.23348993341437138,0.654793573137517,-3.585409766517045,0.3457044181327297
2023,T - IPC4+G04G,0.07168891500970753,3.381221376763831,0.38102270445149566,-1.8855938293868046
2023,T - IPC4+G05F,0.12755600232182143,2.8973538351915438,-2.3478871902200944,-1.4634490947102623
2023,T - IPC4+G01V,0.14327313066053404,1.5964782783847622,-1.736514414262443,-1.687594995383743
2023,T - IPC4+H03B,0.08845479640681925,3.881408108573578,-1.2617311306103487,-1.705134617144433
2023,T - IPC4+G03F,0.13493041339215442,0.8599838429505848,-0.4391960543245338,-1.7069614381615734
2023,E - 16_9,0.22316563632805295,1.5489552779644948,-4.428534991570477,0.4046162497117257
2023,T - IPC4+G03C,0.04645901242068773,4.029002078230457,2.098452106086671,-1.8821413118762178
2023,E - 19_1,0.20571775143836946,1.4569003279357016,-4.722198532321682,0.8529944900282882
2023,T - IPC4+G01P,0.14018110107751602,3.3017751767420562,-3.620712661165661,-1.3627772600344215
2023,T - IPC4+G01S,0.15149593611857007,2.3749430039940354,-3.278151952832721,-1.799584909963415
2023,E - 19_7,0.21166725957569205,1.17943653664596,-4.4497159998554086,0.5358952074257245
2023,T - IPC4+G01M,0.14280706179329897,2.3464980700659934,-3.108136222987534,-1.5396009200148897
2023,E - 19_12,0.19371763095605324,1.2417698944005318,-3.7703083721972446,0.5922942456938932
2023,E - 20_5,0.1644902347987533,1.364190809363024,-2.313158513467107,0.4538957285589076
2023,T - IPC4+G01D,0.14909950689606688,2.885862469673558,-3.169663075795364,-1.317622211425131
2023,T - IPC4+G01F,0.13973237231818691,2.500576181461119,-3.224229074057747,-1.3802553744011585
2023,T - IPC4+G01G,0.14937781148724769,2.3481230549792667,-3.767306055973324,-1.2766239525597083
2023,T - IPC4+G01H,0.13896293641285634,2.9265763795861157,-3.646282963965089,-1.5929099697281583
2023,T - IPC4+H05H,0.14206968977592158,1.9217243696925275,-2.0582295491526477,-1.3741765983749779
2023,T - IPC4+F42B,0.13753733732380957,2.8769396476137494,-3.4162122667427304,-1.5791707435477216
2023,T - IPC4+F28F,0.16599660509593822,2.4047938219847182,-3.2790960335582726,-1.4713922663702044
2023,T - IPC4+H05G,0.10351758750230891,2.1463787101900227,-0.04678460302534738,-1.7034117799027597
2023,T - IPC4+F41G,0.09566905795307729,3.3100682456787553,-1.447026941512579,-1.8707444837710772
2023,T - IPC4+G01C,0.16254610811632658,2.786332863630942,-2.3967989080204175,-1.9723622415819095
2023,E - 10_0,0.16403971851860202,2.3120852029142656,-3.677355468526633,0.4583574478484842
2023,T - IPC4+F25J,0.09755644214516235,2.8981158944838503,-1.0697244784873663,-1.56308916400192
2023,T - IPC4+F24C,0.10086834569151337,3.1157739354756706,-1.842297463709568,-1.5051614076821112
2023,T - IPC4+F24F,0.15708896836028285,1.9974112883304143,-2.558983072640078,-1.4952278457841235
2023,E - 10_14,0.13486623844693302,3.199238548703881,-3.0443091280176446,0.4522897656556793
2023,E - 10_2,0.1468439935238662,2.812593619128475,-3.124883983267968,0.5779543786619192
2023,E - 10_10,0.16831882648372995,1.9583437785977948,-3.534380075338518,0.45799595284324185
2023,E - 10_1,0.1391949833500725,3.191404392088168,-3.0527606592058083,0.4761548356739586
2023,E - 10_9,0.15509460855489218,2.1319610801569073,-2.8600070852128776,0.40537111942153514
2023,E - 10_7,0.14397188923879858,3.1432417005543747,-3.1343218318490877,0.5397939621703157
2023,T - IPC4+F23G,0.1625653346572096,2.34525841774543,-3.519496329971965,-1.1551104977433895
2023,E - 10_5,0.163091325793415,2.135465529338592,-3.352311204827728,0.3917426717736489
2023,T - IPC4+F23L,0.11024308584731743,3.4730184966511213,-2.779996566690057,-1.4086592866365863
2023,E - 10_4,0.1794508583746977,1.0871766650078103,-3.2127673093034486,0.27324927940718235
2023,E - 10_3,0.16130288911109478,2.07337956469587,-3.1783662738083382,0.41428703021478597
2023,E - 11_11,0.16028092851869552,1.9370856065310262,-1.7950604578659808,0.3154330121186042
2023,E - 11_10,0.10499238094327397,2.181800018820291,2.2892395557408305,0.09507231791469602
2023,T - IPC4+F21K,0.08506478077677468,3.4879079292124,-0.9597499909160565,-1.7336004780175478
2023,E - 11_1,0.12653772373941297,2.638599366728771,-0.8428887820369121,0.4120447121752702
2023,E - 11_0,0.17975949961466844,2.4319338456925848,-3.6502680225169875,0.5334891583557302
2023,E - 10_8,0.14645199104553264,2.5835221262791537,-3.0432591595612193,0.3583127694759624
2023,E - 11_14,0.12351675535009392,2.5387350625713716,-0.7523684000978557,0.2854238185231204
2023,E - 28_12,0.1728688014092222,1.6015870070378564,-1.897266981734951,0.19281412346556603
2023,E - 11_12,0.11336090170367498,2.7325558002824137,-0.14263704418565687,0.183315145640023
2023,E - 11_13,0.16248872871643286,1.9722080025602413,-2.1985491127242893,0.30056936398604195
2023,T - IPC4+F16J,0.12247126010684449,2.276764709671662,-2.174785453196529,-1.53943930320703
2023,T - IPC4+F16M,0.1175420333309227,3.169611491995228,-2.002952425136428,-1.5310821664214314
2023,E - 11_2,0.12898875604653745,2.0821284543833896,-0.717578223478609,0.34168519241478323
2023,E - 11_19,0.14108340868900882,1.050520138754411,0.38510043622053497,0.13328943911175578
2023,E - 29_0,0.33247490177800265,-1.233947559604268,-3.0445559429106703,0.10991352843311974
2023,T - IPC4+F16F,0.13609902843430188,3.4035987628124067,-3.483991717092844,-1.554424408804258
2023,E - 11_18,0.16786927099830723,1.4265166667214757,-2.2587416209348277,0.41729341067431747
2023,E - 28_5,0.16921225657339564,1.6603627816376074,-2.1840618205256894,0.2821414879048526
2023,T - IPC4+F16G,0.10897446744575164,3.62038311711952,-2.657093160374321,-1.3821323860231234
2023,E - 11_4,0.15474558342335173,2.8025912110814475,-3.4826190979460065,0.4039223395695248
2023,E - 29_2,0.331621053335531,-1.1989376250723442,-3.2397496126827225,0.17708178597852828
2023,E - 11_3,0.1378244195743851,1.8712146249830865,-0.3604616056497996,0.15686297470549382
2023,E - 11_21,0.12928645010316273,2.461212600897127,-1.9145862696884537,0.3908747696486693
2023,E - 11_20,0.1395553362900962,2.222397706742312,-1.7608212155488878,0.3687893722707955
2023,E - 29_16,0.27880087921988767,-0.5565084078010684,-3.8789808148621434,0.4472998270663426
2023,E - 29_10,0.23223031757568108,0.6333339377232327,-4.000729843901762,0.1845314448380858
2023,E - 11_8,0.15926273399198262,2.3880169904742283,-2.391672994424127,0.34490632675927274
2023,T - IPC4+F03D,0.16406054337853074,1.433046035699512,-2.8305166223105696,-1.5721511163140247
2023,E - 11_7,0.16364457165629856,1.8470821873467929,-2.4033463213810773,0.3900168351960396
2023,E - 11_5,0.17398272880370028,1.908585180436054,-2.992272905621149,0.3912543268976517
2023,E - 29_21,0.2820390759367776,-0.40674379009240397,-3.851685804029277,0.31313934719773695
2023,E - 29_3,0.3211319517452903,-1.0347536081030346,-3.388586910541359,0.24979690730187554
2023,E - 12_11,0.19840018667476786,1.0681354437941124,-2.971736509858623,0.5329538606857059
2023,T - IPC4+F02F,0.07656452429799045,3.7742726470639676,-0.5668257834859676,-1.7165181013609914
2023,T - IPC4+F02D,0.11906771950160203,3.1057513317262666,-2.4305361138130355,-1.817819428451342
2023,E - 12_0,0.12817614657438184,2.7853579562280943,-1.7030692365137077,0.17314388253904786
2023,T - IPC4+F02G,0.10758539859532082,3.065814238038341,-1.4124611827168831,-1.4369716812999622
2023,E - 11_9,0.138218901571203,2.6385139446521477,-2.6620040388761197,0.39381692774524507
2023,E - 29_8,0.32871216732014386,-1.415810146797636,-2.7578317747146555,0.08402723545338227
2023,E - 29_7,0.31623127533738066,-1.3970617747651959,-3.4569033039548764,0.16077971774804292
2023,T - IPC4+F01D,0.10514414893886566,3.3188503022917937,-1.8968975175097886,-1.5343552282209316
2023,E - 12_2,0.17070097978180127,2.2468448599066497,-3.461014010543875,0.497027228137809
2023,E - 12_13,0.15599987106335025,1.7321971767164908,-1.7059012263931148,0.34798361037010167
2023,T - IPC4+F02B,0.1642405519293443,1.5350966935510133,-2.711080487342569,-1.238001632045144
2023,E - 12_12,0.1512934011597611,2.3446298138786306,-1.6856575232773063,0.4722966566191432
2023,E - 12_6,0.15409940769453656,1.733272470601079,-1.8648233994891301,0.2968100589372865
2023,E - 30_16,0.3260211429961285,-1.3935724490664705,-2.4206780704071886,0.1790313852420524
2023,E - 12_7,0.14153586524211806,1.4266452889399617,-0.5572376731192973,0.22497193080478636
2023,E - 30_15,0.28638168315538515,-1.082137167813861,-3.070708277795218,0.01739011641732059
2023,E - 12_4,0.14061009243508207,1.9979379327370532,-1.347683828785952,0.39523957432643025
2023,E - 13_7,0.02721230889594526,5.054007796380747,3.372597289496619,0.08173245731078484
2023,E - 30_2,0.2945187261122882,-0.5695244219637464,-3.0657425264083153,0.20266750932479632
2023,E - 12_9,0.15281517343203466,2.5102369235534705,-2.3660690175685306,0.3940984426364152
2023,T - IPC4+F01B,0.12497908950396408,1.591819356425345,-1.2646319148849567,-1.3702026727509486
2023,E - 14_10,0.16073686624158887,2.0128789755801604,-1.993230405701418,0.6046540469365286
2023,T - IPC4+E05C,0.12479694893210819,3.436301638573893,-3.0062183846627373,-1.372933993617828
2023,E - 30_8,0.3336020685063552,-1.8564070485786108,-2.283740650496928,0.12348050075378417
2023,E - 14_0,0.18059837981672,1.527564142844415,-1.9080815338293466,0.4317867506916368
2023,T - IPC4+E05D,0.12102557406253692,3.5243250297877324,-3.1211790931703622,-1.43526344825301
2023,E - 14_7,0.1489103271226848,2.1938104784189094,-2.4708596380418353,0.5691028794353677
2023,E - 31_9,0.24889961312689268,-0.33069647605396374,-3.249181245222766,0.31623710720406023
2023,E - 14_6,0.14506510878718543,2.2265132983714344,-1.9484833433092899,0.385249899370157
2023,T - IPC4+E04G,0.16692559234714777,2.1312322391474856,-3.976203285000355,-1.0412486557570555
2023,E - 31_6,0.25408194871836426,-0.6638583364905873,-3.1152293064289247,0.4662515025710766
2023,E - 14_5,0.14924152761286996,2.2191221049331467,-2.0476440945596264,0.46958027955293574
2023,E - 14_12,0.18756667616738815,1.5839317226181824,-3.6715496887200274,0.6661391710487065
2023,T - IPC4+E03C,0.13437959493558402,2.7096806624646685,-2.8957040895806316,-1.3509710731875653
2023,E - 33_12,0.22844148535552983,0.6771162739901667,-2.2049156514089976,0.6023386944927743
2023,E - 32_8,0.3114613662828907,-0.9098087959267187,-3.2907735555080952,0.1830035735469141
2023,E - 33_10,0.2440386428857353,0.08019153404464793,-2.283127962045451,0.7227110930673002
2023,E - 15_4,0.0979978522684082,1.7251149290890173,0.3360585041085657,0.21412555657879448
2023,E - 15_2,0.11459678805716104,1.5677655115334663,-0.06742903799700842,0.2610730259627513
2023,E - 32_2,0.325394309484402,-1.361078324563682,-2.5863954802526496,0.33517108657174666
2023,E - 14_8,0.19356364196982584,0.8154308632064563,-2.146620979912564,0.48638003722951023
2023,E - 34_1,0.19696628157759813,-0.6604528346339368,-0.8427308548150927,0.10532223016686972
2023,E - 33_14,0.2721614600615433,0.08940982404814779,-2.8130530007209176,0.423247625480283
2023,E - 33_9,0.2677713689742675,0.16598884482154905,-2.7336690253052214,0.7899226713016585
2023,T - IPC4+E03B,0.1367388604013978,2.145882947415873,-2.88337765770714,-1.3474410113513295
2023,E - 35_12,0.2577603452028963,1.1622339709930074,-3.9490446859213595,0.26848825919431435
2023,E - 35_10,0.24161740742380575,0.9808740278353981,-3.5123309435091827,0.1894533677939121
2023,E - 35_1,0.3177049616481217,0.0030485461832478757,-3.1817163235255066,0.28520098945807504
2023,E - 35_0,0.3189628229621255,0.034886566205003154,-3.2449717398688493,0.31919880635213455
2023,E - 35_18,0.2581198183714833,1.0626947384006735,-4.612949970036018,0.4109551446917011
2023,E - 35_17,0.290375389868686,0.10051333820848615,-3.356756879815473,0.172843747709307
2023,T - IPC4+D06F,0.09470855960427202,3.5655102896187088,-1.6838525921885592,-1.6454807393210673
2023,E - 16_18,0.19193627930287224,2.6018498659986564,-4.383137556719504,0.4176169712694536
2023,T - IPC4+D06P,0.099979953881203,3.8143725520780962,-1.992350676620045,-1.5878530278134322
2023,E - 35_4,0.2845100664388858,0.6916724934953326,-3.460230833385893,0.35272824782840634
2023,E - 35_25,0.27202051727835125,0.8060766096207421,-3.9190701192594735,0.3870173855147195
2023,E - 35_21,0.32558965947561164,-0.27919659742783254,-3.134394988168575,0.32668273227790556
2023,T - IPC4+D02G,0.09679050826180496,3.63729530546491,-1.577518511872066,-1.651993487241822
2023,T - IPC4+D06M,0.14055219295398605,2.6789233833366852,-2.8232324708618037,-1.3409491711936727
2023,E - 36_12,0.3174293002441489,-0.40251812198936,-2.564530562963297,0.1552104432635391
2023,T - IPC4+C23F,0.1277548587585814,1.8471165073680127,-1.5259029178195433,-1.5856999346716767
2023,E - 36_11,0.2585724275935225,1.2754575874264829,-3.8163986575266895,0.1349976051675882
2023,E - 16_7,0.2062164340132112,1.7257704959269036,-3.5764079575543293,0.4004799538339442
2023,E - 36_3,0.30799531271099,-0.4567253529784571,-3.103549210863191,0.20049006940226674
2023,E - 17_11,0.17834291753167117,1.0075164803814776,-3.488064090607569,0.48346284586189353
2023,E - 17_10,0.17099031177438853,2.063974066158831,-4.047263517145994,0.6945655939882641
2023,E - 17_1,0.14230793128413607,2.920789576233833,-3.534896960237843,0.7245024061643468
2023,E - 17_0,0.18559354824063395,1.4520082170309987,-4.091162816272919,0.6252304864102364
2023,E - 36_13,0.2308812921599819,1.5539637165692386,-4.324066954388874,0.2555436241864292
2023,E - 17_4,0.1731000154646276,2.0130105723492453,-3.747915903457326,0.7411848582339291
2023,T - IPC4+C14C,0.06021432419776342,4.724772657064409,0.03845445279832504,-1.80404508809016
2023,E - 36_6,0.302587042897709,-0.1971344987776946,-3.3027283913887553,0.31018640183672
2023,E - 17_2,0.17080938026091327,2.1186208276265774,-4.121348374624183,0.6278840707200285
2023,T - IPC4+C21B,0.11028871407360752,2.625958154121742,-1.6844073534323614,-1.4634096155197998
2023,E - 17_13,0.1437751457819269,1.9384677202183545,-2.800758176852775,0.5384191155351261
2023,E - 37_6,0.20868149059825414,0.34900570491364263,-3.494954105485984,0.3060569583499164
2023,E - 37_19,0.1572322917594646,2.328081757328614,-3.8643603791383323,0.462821288485848
2023,E - 18_1,0.15919083705809317,1.9905632452646367,-2.4684473679947305,0.3468727297372661
2023,E - 37_0,0.19993771559238802,2.074876257425967,-4.788884548057587,0.6219666208884178
2023,E - 17_6,0.13857101554321002,2.635973559449229,-3.217836907198428,0.5234610923582862
2023,E - 18_9,0.19750497059263755,1.052292922463627,-2.814656275942541,0.42094110281457536
2023,T - IPC4+C11B,0.1511310537322531,1.6248324056758383,-2.704786905489277,-1.3258568274047264
2023,E - 19_11,0.20607129016895645,2.004882921630249,-5.016796140443001,0.6710255146864988
2023,E - 19_0,0.19540948802821922,1.0043046881527793,-4.2350050492623925,0.7126674299931179
2023,T - IPC4+C10J,0.1572568957192115,2.23500685865798,-3.0923838132305237,-1.5965138063048383
2023,T - IPC4+C10G,0.16215765402462898,1.7131166657272712,-2.539469652984219,-1.1825818310328484
2023,E - 39_9,0.28447581350706097,0.4281314021146676,-4.679504579935508,0.555236705502543
2023,E - 19_3,0.18841836847125776,2.4621022752684616,-4.970807608266961,0.7928701801953346
2023,E - 19_2,0.158902426996112,3.046064944926232,-4.1773396882733556,0.6740451767445762
2023,E - 39_2,0.26393281957567755,0.7799562537820296,-5.028825093059893,0.49131658167473796
2023,E - 19_13,0.16098170125760727,2.6573200313756526,-3.5734559895143296,0.6154617534257615
2023,E - 39_0,0.2239776178355641,1.2250252165564226,-4.698169718548032,0.4691003038951926
2023,E - 19_9,0.18253506737639488,2.148304106818478,-4.268655695319856,0.7826056278814107
2023,E - 19_8,0.18860813348914113,2.1847472479174876,-4.479259442053613,0.7211540684662519
2023,E - 3_11,0.2689133796729159,-0.7748040448450609,-2.166670995553719,0.11856264738441193
2023,E - 3_10,0.20838143049602995,0.7774849096051393,-3.092259962796307,0.21591660782041475
2023,E - 19_4,0.1952827609882035,1.9495045136955444,-4.8645790962056825,0.7135989254837912
2023,E - 1_10,0.1624757626268678,2.2021805223452757,-3.5141633287366503,0.4711383351179794
2023,E - 1_1,0.2249627256027589,0.5898070621027189,-4.0327893742750245,0.506542223455659
2023,E - 3_14,0.23365383879397583,0.09638029849867395,-3.1118040345986957,0.19236357362158468
2023,E - 3_16,0.2682563425663441,-0.5619532025538739,-2.5962733769605784,0.1881667397175935
2023,E - 3_13,0.2674880741873531,-0.36277051890615303,-3.26617896745026,0.20848088479686258
2023,E - 1_0,0.219144146338454,-0.0021327909751741037,-3.1544602018109433,0.3292096972581399
2023,E - 3_6,0.28313800048593873,-1.0402260153052796,-2.418206797478198,0.08925025900247943
2023,E - 1_14,0.191576007871565,1.6901365975502027,-3.9316811907887326,0.41855214792721956
2023,E - 3_2,0.3202953959914652,-1.7434923708134458,-1.9761595344741616,-0.16003067631685358
2023,E - 3_21,0.2427542759393184,0.32566160469119054,-3.6848749186404532,0.1414279564305227
2023,E - 1_13,0.20791789441271558,0.9644500132447286,-3.6456518453368125,0.5294503794337189
2023,E - 1_11,0.14671185511352716,3.2961292542234055,-3.7611263133389587,0.741130000368764
2023,E - 1_19,0.2046009765150577,0.9026479414091694,-3.7115964250780045,0.5309870683245772
2023,E - 3_9,0.24001600871546527,0.10707490791806457,-3.8575965366043614,0.11774904353028358
2023,E - 1_18,0.11395178799761466,3.077434377410265,-1.6981235083967763,0.48239098791726764
2023,E - 1_17,0.16418891038544692,2.0639410957225244,-3.135629910822916,0.827590035992481
2023,E - 3_7,0.2484601477402658,0.15826394881261,-2.9645607934400497,0.1920457065071938
2023,E - 1_16,0.19847262350748057,1.2800814990302272,-3.648012550226898,0.2893122460991373
2023,E - 1_15,0.1770694528535202,2.2282203320810003,-4.077970032490836,0.43774900547776074
2023,E - 1_21,0.21712227423287608,0.8741364335371987,-3.738607894761684,0.39721169184687083
2023,E - 41_18,0.2941550769290391,0.2318058337913047,-3.417210196702765,0.1152556488978658
2023,E - 1_2,0.15872332702157296,2.459659092352652,-3.675584571083997,0.3337727013122268
2023,E - 1_20,0.20322805128100505,0.935958838714899,-3.4780401542330006,0.3226781625375823
2023,T - IPC4+C01G,0.13756478207407932,1.5482812365709646,-0.8519648363630501,-1.6051356266519374
2023,E - 40_12,0.19275804484298628,2.0076511918612634,-4.434190217479017,0.39942892846199285
2023,E - 41_10,0.2426336023728045,1.0760398105487397,-3.683288199049035,0.1856525096875091
2023,T - IPC4+B66B,0.11216278898659741,2.5505765618553347,-1.562535372970644,-1.846909187249924
2023,E - 1_8,0.17999913714296042,2.287695178153871,-4.02335020148329,0.38009175756882746
2023,T - IPC4+B66F,0.12271074453133389,2.6990185148103185,-2.8425033879374553,-1.4807855060345778
2023,E - 1_6,0.19240807703033477,1.6412584959828163,-3.9580999639209358,0.6914378504757005
2023,E - 41_21,0.25551482552389704,1.230792335143568,-4.3967056199452355,0.34371491792368813
2023,E - 1_5,0.18144815955670102,2.0120122426399307,-3.869419941578731,0.2861910101703658
2023,E - 41_20,0.21068025438402083,2.144386907459342,-3.379283423329688,0.3505250085508194
2023,E - 1_4,0.14794422215627828,3.0541479456799183,-3.327193380937004,0.6691723110896644
2023,E - 20_1,0.15131668532185452,2.064199689732955,-2.578371595108074,0.5853091739768924
2023,E - 41_6,0.2758157205592271,0.05386028146183667,-4.1005834634131855,0.25605681339726066
2023,E - 20_0,0.17878321074005638,2.039833704172329,-3.37772100222046,0.6408090249561119
2023,E - 41_3,0.27606280474441036,0.32986893562318875,-3.4579151085800524,0.22915561549283628
2023,T - IPC4+B66D,0.10010028859697032,3.847807919658069,-2.4910113105944087,-1.5634569139661438
2023,E - 1_9,0.17292912393347473,2.13412800975821,-3.808928057986698,0.6828947759352562
2023,E - 20_4,0.17252050992703608,1.4815922462788,-3.0090952261456363,0.5817564578193197
2023,E - 20_13,0.14680726556409776,2.1414683797959073,-2.0873112497100466,0.621081127893576
2023,E - 20_12,0.13105321770665296,2.233984800408843,-1.2326478336180318,0.4315700302721759
2023,E - 42_12,0.15256402419942855,2.4665034609615537,-3.6792871312846667,0.6721591737857908
2023,E - 42_0,0.2411990156105172,1.3202048985289447,-4.866394481868404,0.6059283722391037
2023,E - 20_11,0.15253278658730746,2.692459527484517,-3.0800702518424883,0.6713019434276957
2023,E - 20_10,0.12968854664681795,2.592135797572848,-1.4106966613243672,0.5368088765726492
2023,E - 20_7,0.1553214180328942,2.479091006394415,-3.3639102737497586,0.7183638916447309
2023,E - 42_24,0.22384364173069987,1.6064885082194145,-4.839759185860206,0.5394306055890636
2023,E - 42_19,0.2300628021573279,2.024289594204657,-4.676792088625559,0.367716677051471
2023,E - 42_2,0.21674724088562866,1.8062075536899143,-4.851014351362934,0.4984734668992501
2023,E - 21_11,0.20135237275852794,0.5836885383632419,-2.912509969904451,0.4328132689373446
2023,T - IPC4+B62J,0.12200163612781283,3.310622784656093,-2.7276766806106023,-1.4838056591700284
2023,E - 21_1,0.13798821776960724,1.9703112691497153,-0.3781861420005107,0.26800731791998184
2023,E - 42_9,0.22609945826078498,1.811002479513676,-5.094949551289558,0.6005875012238898
2023,E - 21_0,0.1561286938102327,2.2384718384725213,-1.5646846561765406,0.4704856560704381
2023,E - 42_3,0.203080375925315,2.1974445954139488,-4.373768621341604,0.5081223385638134
2023,E - 20_8,0.14954120253397163,1.918862916815209,-2.386923834658202,0.5062995465603345
2023,E - 21_4,0.12339587329319619,2.1829732934870782,-0.3723905238711978,0.308608285727808
2023,E - 21_2,0.15252393305380166,1.9362069848626597,-1.7970357568197453,0.3870170716468973
2023,T - IPC4+B61B,0.10992879454915067,3.4914295830732494,-2.360552639235147,-1.89347518890371
2023,T - IPC4+B61C,0.08907291279810345,3.729028853881527,-0.608529502131173,-1.5857261751720073
2023,E - 21_13,0.14839066096468084,1.933895733247145,-0.45880696728970527,0.37785108861437106
2023,E - 43_3,0.3182865140550479,-0.9352973134593302,-2.4623902740111174,0.11060162643612798
2023,T - IPC4+B62B,0.10821461386154971,4.1086741612608995,-3.0214672634046997,-1.4743229909385072
2023,E - 21_12,0.18072671309963356,0.9098555521931943,-1.8119428916757012,0.509246596431185
2023,E - 21_8,0.11982980474846697,1.967933031398879,-0.5576057346963063,0.31053818875677586
2023,T - IPC4+B60L,0.1363042883921874,3.1957563822924056,-2.5059359683867766,-1.7003912230847866
2023,E - 21_5,0.13182383073254267,1.75103134943525,0.4611511951432678,0.19472392210303016
2023,E - 21_6,0.15751128035548706,1.7778538678608384,-1.553952372496601,0.3193067824499505
2023,E - 22_11,0.15194858306197628,2.1355738419946464,-2.7458116669499684,0.4867167316907976
2023,E - 22_10,0.15552432467552765,1.7771474178495479,-2.87775702960061,0.6670859187959405
2023,E - 5_0,0.25190233061067446,0.10488202319296898,-3.663147296747287,0.2559971893959586
2023,E - 21_9,0.13980166280378062,1.4241015569016486,0.05115320886924422,0.28181670072718057
2023,E - 21_7,0.13133847502919088,2.0146315601180174,0.11092393395287994,0.2759345677125257
2023,E - 5_17,0.25041667013745483,-0.17634885190346267,-3.601195517328912,0.3574625157875813
2023,E - 24_1,0.14034643067872002,1.949480417453221,-1.912487491430856,0.5872466326479877
2023,E - 5_16,0.22884076263925496,0.7753184387722178,-4.189360518152223,0.32102688466999063
2023,E - 23_2,0.11566404515345326,3.495852046988287,-2.049684667718071,0.6811324148004334
2023,E - 5_14,0.2814465110322281,-0.022305846051272983,-4.151881663124779,0.37026355117874826
2023,E - 22_9,0.12962742532471833,2.579246864082228,-1.8812244114180976,0.5697893912480718
2023,E - 5_13,0.2332270503246734,0.9630222228685862,-4.317100784514702,0.33231254012346295
2023,E - 22_4,0.09960523039991509,3.459160296504868,-0.5446808551619007,0.3401361411531757
2023,E - 5_10,0.2721989638133792,-0.4974701898922567,-3.7185587250101553,0.32639965285782685
2023,E - 5_1,0.2554975857558555,1.0430749138027737,-4.720472517059401,0.32810891263106934
2023,E - 5_2,0.22924832529775818,0.766817258440653,-3.8131100636888475,0.17426435059094542
2023,T - IPC4+B31F,0.08747960426762129,4.201415955733678,-1.4077292195697098,-1.9492406791504255
2023,E - 24_4,0.15124632741284064,2.19846299874833,-2.539331933212942,0.5938794084111682
2023,E - 5_18,0.24040330730458315,0.2544421553368113,-3.2836816702662506,0.383362012512411
2023,E - 24_14,0.19135517489517243,1.4649598608304122,-4.097169295611585,0.6205681733226018
2023,E - 24_10,0.20467264809976332,-0.011203851958554159,-3.354023456829595,0.5942934435055456
2023,E - 5_6,0.25749726756208136,-0.01430506175780042,-3.5526801741869485,0.19493851699223744
2023,E - 24_8,0.1602524534382228,2.026200988395851,-3.0296620881548417,0.6140522170974443
2023,E - 5_5,0.2819635473711942,-0.47002938991959814,-3.5479078920479545,0.24983639926477116
2023,E - 24_5,0.16201463338714575,1.5322900665850159,-2.797296766182294,0.6931454926887287
2023,E - 24_7,0.14326057083648153,2.3803818648467057,-2.4390076530424323,0.5535676564231393
2023,E - 5_3,0.2428030700721667,0.6192595642602456,-4.289314666564605,0.3935815513032358
2023,T - IPC4+B31B,0.09453612607022113,4.052989774147691,-2.2630758299223346,-1.502065749205761
2023,E - 5_20,0.2353099240948315,1.1762731913158875,-4.315977388546452,0.21795682512431508
2023,E - 6_14,0.20170722478039463,1.2527401762226482,-4.35416785427194,0.6378557493595169
2023,E - 6_10,0.16410074121456575,2.075495400699747,-3.506398185875087,0.5096157554479755
2023,T - IPC4+B29K,0.15649359186625897,1.8641592121494113,-2.904180352238591,-1.670445210459605
2023,E - 24_9,0.17270349333390872,0.7728630650741561,-2.364510823243807,0.5555388130240596
2023,E - 6_0,0.2038080523255745,1.3363689716479508,-4.050062467634269,0.6781034514410204
2023,T - IPC4+B29L,0.16442438198528564,2.2794115178740597,-3.254380132019363,-1.6424883559367445
2023,T - IPC4+B27N,0.12144325095628865,2.689232122896424,-2.7287731551376306,-1.4121777085701994
2023,E - 6_6,0.19972681860106403,0.9340763667281375,-3.6258361483068318,0.3693032822648271
2023,E - 6_4,0.21157162561496004,0.16941054470146497,-3.6438272462237236,0.4543875119354279
2023,E - 7_16,0.15610772838210535,2.9711322485783125,-3.178957426969453,0.548365422808374
2023,T - IPC4+B26B,0.10830277154842745,2.9066639325064036,-1.3671194283726964,-1.640576558630506
2023,T - IPC4+B26F,0.12211097265382392,3.3318861897890764,-2.6340388060087,-1.5933362586568598
2023,T - IPC4+B27B,0.10368179473023936,3.6189126208108613,-2.089346887122474,-1.4820161907646496
2023,T - IPC4+B25D,0.08141207360158563,4.163423842824656,-1.0881831414738725,-1.6353318251744524
2023,E - 7_5,0.16243523708311974,2.46523631887729,-3.061314956580438,0.5366150578620603
2023,E - 7_2,0.1821124379885615,1.7631793201685713,-3.2057464805803546,0.48026125868305275
2023,T - IPC4+B25G,0.0787921422662293,3.9421447884629397,-0.8727905184108572,-1.7375325661106704
2023,E - 7_20,0.14850553986835646,2.8635849495039283,-2.5671176340204536,0.5115310156813281
2023,T - IPC4+B25H,0.10415149042199043,3.871735356451061,-2.6083163145995187,-1.4531337658454477
2023,E - 9_10,0.1881104313186407,2.414094098393974,-4.0574315609415015,0.44704384344482173
2023,E - 26_4,0.11901619403728703,1.5446261767892817,-0.04785144022057768,0.3953463754100441
2023,E - 26_10,0.12390946597652386,2.4658506210049267,-0.9663685785219702,0.41088452646592905
2023,E - 8_6,0.18251912153908004,0.26330941004355257,-1.6755261335755653,0.31319439446370145
2023,E - 8_8,0.1746822480057585,1.2508325774295792,-2.194364061308343,0.4888480661357517
2023,T - IPC4+B24D,0.11602317699439281,3.335248034051715,-1.9406644676929095,-1.5465108776512801
2023,E - 8_12,0.16417036111355898,1.6304574145194446,-2.33642121640411,0.4454150898455903
2023,E - 27_4,0.07260786511666695,1.8157842418458083,1.1721820189030399,-0.28699205848944614
2023,E - 27_3,0.14143991638770276,3.0531514961988795,-3.2800612254886023,0.42595361263699166
2023,E - 9_12,0.22922318390154672,1.8075911838191812,-3.8894973761864295,0.4000576781592004
2023,E - 9_11,0.1843627654037351,2.3778974186354844,-3.4019694492069377,0.48044350526068097
2023,E - 27_2,0.1702402314485811,0.8047713458783146,-2.1714639121179338,0.4006232742078912
2023,E - 26_8,0.1166838451794752,2.4965368085514736,-0.48910778993906456,0.3882255471899603
2023,E - 9_0,0.2242031666695283,1.3739526619262439,-3.5381776361819313,0.2825362369364289
2023,E - 9_18,0.2540414368012343,0.7630616266108321,-3.354664681537901,0.3117324313167659
2023,E - 9_17,0.2187736169372202,0.8934756195731859,-2.356199053583733,0.12123433826042918
2023,T - IPC4+B21K,0.07624574645840212,4.146379300182719,-0.6551669501426687,-1.7342504633446962
2023,E - 27_7,0.0997034507373587,3.5851544525662615,-0.9754454985477021,0.40512772001110153
2023,E - 9_14,0.2466732824390154,1.4341049169315736,-4.150211308494277,0.33292060509819765
2023,E - 9_21,0.2247920505752181,1.0615244606777623,-3.0048237410298277,0.26013525567103846
2023,E - 28_10,0.14684626622471234,2.079313777784748,-0.3625669559979522,0.19221070834629564
2023,E - 9_2,0.1805625935098301,1.8208040892169848,-2.5767797834612307,0.22413007650925174
2023,T - IPC4+B21F,0.09357075726513292,3.9616828656296774,-1.7554156044715012,-1.6346838299025983
2023,T - IPC4+B05C,0.10488872172941328,3.364136173763145,-1.8982448108805636,-1.600125472085804
2023,E - 28_3,0.1823571858623723,1.9278087497640102,-1.8816850035103836,0.1175620316073114
2023,E - 28_2,0.1321328821429776,1.8607327231431694,-0.7805940744047289,0.22352353307668932
2023,T - IPC4+B07C,0.1442438321412747,2.284791212314589,-3.0798666938604935,-1.990532802632778
2023,E - 28_14,0.19685206315277495,1.948899369211146,-3.0288103976813034,0.04546882962102214
2023,E - 9_25,0.2593904926341025,0.5463788939624865,-2.9179772505225996,0.09434586690336118
2023,T - IPC4+B03B,0.13360570857430845,3.075110218143865,-2.693503907075197,-1.2344422849899352
2023,T - IPC4+B03C,0.1420723195172348,2.376184613915012,-3.1461402329951316,-1.3556035523826908
2023,E - 28_6,0.10459273677194904,2.0096110453467113,0.8121338152849996,0.18334397458684493
2023,T - IPC4+B05B,0.15072707297131577,1.9954788567087016,-3.1254662903341544,-1.2986586412412828
2023,E - 39_13,0.24934446736489324,1.0788222838234336,-4.904805970093922,0.45816291523478264
2023,E - 29_1,0.2553727105818926,0.06221236774182172,-4.270570381912202,0.22962533391810194
2023,E - 28_9,0.1381307877867786,2.2311029984129274,-0.7868640773965591,0.39914048913902245
2023,E - 29_13,0.271550649577954,-0.3930858188024827,-3.632161454124596,0.4306708167228292
2023,E - 29_11,0.21982986614991248,1.2540887651739292,-4.482961709542116,0.5417888095407655
2023,E - 39_3,0.2696786745596612,0.11730034787505146,-4.662812700982588,0.411664407981621
2023,E - 29_15,0.23966302525679842,0.4801538450237987,-4.307885422708412,0.4054343932411201
2023,E - 29_14,0.2720502342612094,-0.17197339829574057,-3.854421403642555,0.3941631304760225
2023,T - IPC4+A63B,0.18558197991682604,1.729328835852078,-3.8382473892815905,-1.3832335772314261
2023,E - 29_19,0.24156160337282614,0.13989530181431087,-4.435946326164248,0.29489431127613863
2023,E - 29_18,0.24491440627303113,0.2133587321116213,-3.933146822773285,0.2256825699767146
2023,T - IPC4+A62B,0.16575074419467953,1.6965238749535396,-3.4974775576428625,-1.2428330613712435
2023,E - 29_17,0.27913857110111123,-0.7842504233903458,-3.5628236687394526,0.1561331842020664
2023,E - 29_20,0.21961973918168812,0.4089348061994356,-3.0547350770703927,0.13903199663750893
2023,E - 29_5,0.27964305777874676,-0.46260909090974894,-3.738589942245446,0.20946356438410008
2023,T - IPC4+A61J,0.1601341398103815,1.5597504791590693,-3.3493605798348822,-1.2512627231205107
2023,T - IPC4+A47J,0.14984619698590887,2.023661907649146,-3.108526606468348,-1.7310651025588784
2023,E - 2_0,0.20932233612049378,-0.18214275938729477,-3.1584830117776215,0.3479023402034914
2023,E - 29_9,0.19822108032477417,1.4449011802688305,-3.682271855355805,0.4174167519493828
2023,E - 2_8,0.18201767967128715,1.1909032055152629,-3.3803239379242296,0.5076080129183013
2023,E - 2_7,0.16873971610086466,1.2179046125655808,-2.4511970309338698,0.24203966925738726
2023,E - 2_3,0.17977259674374937,1.4921332012798207,-3.288295988816974,0.45513650302224484
2023,E - 2_11,0.13961015946934618,2.1432623989773676,-2.197726282905589,0.3065870386705923
2023,E - 30_0,0.1956079372812,1.093946555542797,-2.8022458828590513,0.14672500221127519
2023,E - 2_9,0.1987074033732871,1.159189486105022,-3.72855609483589,0.3985155910999702
2023,T - IPC4+A47D,0.09972490942659838,3.9145048154523794,-2.457111210759733,-1.9530736902615495
2023,T - IPC4+A45F,0.12101410343576023,2.91966477887506,-2.2217115597137114,-1.416282054880206
2023,T - IPC4+A42B,0.13015927092220558,2.9228859793805184,-2.724744892100702,-1.5658104051665538
2023,T - IPC4+A44B,0.11336681546362937,2.1542010949258765,-1.652333661909158,-1.699424032059632
2023,T - IPC4+A44C,0.13199536632328454,1.7523116668368164,-1.2204758612800621,-1.6318234519039143
2023,E - 3_19,0.2594846651301079,-0.07854593289852989,-2.591999881472244,0.16237118251415672
2023,T - IPC4+A41D,0.18881195298852788,1.2341966812975134,-3.4760310386378244,-1.2005169129951847
2023,T - IPC4+A23J,0.14706535165178938,2.2649133848920893,-3.2413278975830964,-1.4662604756654856
2023,E - 30_19,0.3028271877527934,-1.1908717227733447,-2.37535110339247,0.08934172587274015
2023,T - IPC4+A23N,0.1373458551460484,2.1664591489547655,-2.6607812410198974,-1.4592646579227546
2023,E - 30_18,0.26359246355830895,-0.377561290371655,-3.1879569158017818,0.17184209530358602
2023,T - IPC4+A23P,0.16641701129147057,1.8399876527562173,-3.9002579037606457,-1.486102199976071
2023,E - 30_6,0.28930198565694665,-0.4699240084465228,-3.312211629058151,0.17792059886193234
2023,T - IPC4+A23C,0.1755534128399227,1.16652248034316,-3.178645730455589,-1.6439789105750608
2023,E - 30_3,0.32813277277761105,-1.353300749477776,-2.655932862978647,0.19134767452538115
2023,T - IPC4+A23G,0.1446094384038973,2.1703344391954538,-3.0697912066613324,-1.630071269093348
2023,T - IPC4+A22C,0.10592401370650074,2.4087028357896205,-1.373353842608875,-1.5742806408647865
2023,T - IPC4+A21D,0.14177678926171558,2.910287888036574,-3.5101522889154024,-1.6135514304203624
2023,P - 7002,0.07576874497408723,2.9553768563944103,0.9171970825714116,2.474497715887246
2023,T - IPC4+A21B,0.11332649222905677,3.2824057423212154,-2.4988925170077225,-1.403226292610734
2023,E - 31_10,0.23692314364451528,-0.18310483704148406,-3.359075649681363,0.48228452709511316
2023,P - 7004,0.08556664083582755,0.14735401386676875,2.540514535592163,2.3440409037466754
2023,T - IPC4+A01P,0.22266750036600036,0.10106244788871387,-3.724537925726839,-1.4078027829729398
2023,P - 7005,0.17267418255710962,-0.2612938896559451,-0.48396222199561223,2.3557537223747396
2023,E - 30_9,0.25505473664484707,0.0642846738711143,-3.4552667686343566,0.14177193289932763
2023,T - IPC4+A21C,0.09536324356440368,3.782481979606038,-1.739291247935184,-1.5637148752622134
2023,P - 7006,0.09625038343008632,2.6302734745304193,0.013201239612684407,2.6352853330176567
2023,E - 31_4,0.26032977037500027,-0.6210852456359336,-3.2297211398115873,0.3427699735572015
2023,E - 31_2,0.2550940376786714,-0.5390555906868736,-2.8670705715286045,0.4285316866658419
2023,E - 31_13,0.21053186806262947,0.9724795118823192,-3.7819927622567064,0.24754992264461212
2023,P - 6907,0.1554702270504208,-3.319466950625373,-1.3993460659229215,2.8569258804600084
2023,T - IPC4+A01D,0.12413554474939031,3.230633532607314,-2.252725901000787,-1.4665076070966518
2023,T - IPC4+A01H,0.16766347912061572,0.6265833166300137,-1.1814114725132563,-2.039321653747894
2023,E - 3_8,0.24091241321300003,-0.1330670512156724,-2.202404145222586,0.26639436579642334
2023,E - 31_3,0.22232561403122908,0.20319296305823287,-3.4765351135236897,0.3954583580947255
2023,S - 940322883,0.19415420981243567,-1.6017204008244608,-3.05993127307927,18.666601764294082
2023,P - 6815,0.15349966907015627,1.2859076271621142,-2.6474355464699837,2.503900161271297
2023,E - 32_0,0.31367139272070027,-0.7327911789809837,-3.3363053276864223,0.20260940903547717
2023,E - 31_7,0.25734391995021855,0.06414166268536912,-4.294707285033771,0.4546230310047905
2023,E - 32_7,0.34049971809747426,-1.0521985719089522,-2.3088850136033745,0.08417103965164194
2023,P - 6807,0.17194901950500807,0.6474513074623525,-2.222040834437392,2.633742950432708
2023,E - 32_4,0.26383487531838584,0.024294895268790303,-4.38727419611394,0.09604952679228712
2023,P - 6809,0.21962405991720746,-1.002785551332846,-1.552617069174791,2.077428117216758
2023,E - 32_11,0.25473999898264726,0.7771419986606801,-4.781398272079804,0.2895762291755955
2023,P - 6810,0.1935190608130771,0.04123387658137418,-2.371731802675581,2.5586089171786885
2023,E - 32_1,0.32405451963604887,-0.943440847933491,-2.9767122292360706,0.14426105994629912
2023,P - 6813,0.1553035843960335,0.46476462440908295,-0.259641554821944,2.365546591371803
2023,E - 33_13,0.21443733082386376,0.00850318654405856,-2.278945257124288,0.7445018210679272
2023,S - 36_6,0.24099987639011636,-0.9638456290291785,-3.7779852046920794,16.361844727175495
2023,S - 36_3,0.33666674990049117,-4.507827072471762,-3.4306240485433372,14.577914193656845
2023,E - 34_0,0.18851521964689294,0.3853021373281636,-0.2368672284721073,0.1667123281236522
2023,E - 34_6,0.16692449821239438,1.098115902661682,-0.24330505376518768,0.12366002619867493
2023,S - 36_12,0.2860024231722907,-2.8847999550314873,-2.835820531395935,13.979251183725141
2023,S - 36_13,0.3556451502451614,-5.114213917275922,-3.652214884160098,12.818296121588077
2023,S - 36_11,0.2925361503483256,-2.699159221958943,-2.471419050721085,14.222803587476994
2023,E - 35_11,0.19895832704934457,1.7615639589256702,-4.23170338112015,0.4559134661491294
2023,S - 33_97,0.15970266123629803,0.4684211327882195,-1.550590527414378,17.655945668284062
2023,E - 35_14,0.24789236240592263,1.2424244289673645,-4.428777275193076,0.365025547706118
2023,E - 35_13,0.2540760822938029,0.9710670956289986,-4.282728087607286,0.21697314293210332
2023,E - 35_19,0.27729260480679424,0.8102549806107218,-3.8248834685279864,0.19173040100604927
2023,S - 33_91,0.10554158862098792,2.989215710910748,-2.3756521003496043,18.42260018884221
2023,S - 33_92,0.20771468261819342,-1.5433569781951766,-3.5504723255894555,17.91502141963884
2023,E - 35_16,0.22749810315064994,1.266892841503387,-3.875545458407278,0.19768889516339055
2023,E - 35_20,0.22945145144694898,1.211110482242447,-4.271296956087454,0.3619154294101379
2023,E - 35_2,0.25547156777363095,1.3373030561551302,-3.893141994087084,0.3772638710491365
2023,S - 33_88,0.21891051153642455,-0.5257929307402671,-3.131083667349612,15.54587994927898
2023,S - 33_90,0.31972208551877024,-3.1513138288388993,-3.612704646393675,15.434123995108258
2023,S - 33_79,0.21813585717476064,-0.38687833713266845,-2.5960678827571027,15.630692398712325
2023,E - 35_24,0.23820586517704095,1.0393006326628165,-4.278515562547432,0.35650884914428554
2023,E - 35_23,0.22187558157179632,1.0825438370865583,-4.096238224667448,0.09926547723431908
2023,S - 33_73,0.14553121492659857,1.7083132061013373,-3.1647642852174545,17.931484612811463
2023,E - 35_26,0.24261902226156545,1.117380227308783,-5.0407073501074455,0.41139805422701986
2023,S - 33_7,0.1524053674581113,-1.228743570199414,-0.6296256885958422,17.855031976823895
2023,E - 36_1,0.2787011269021603,0.7029097335672612,-3.3052789345040834,0.14679128334994784
2023,E - 36_0,0.2330529584177776,0.9848124919278587,-4.456863803629163,0.37122629360783643
2023,E - 35_9,0.2781931156466171,0.3628034306730028,-4.7259908253777585,0.25522459442055623
2023,S - 33_66,0.2979385638799423,-2.5832324818531576,-3.299301800217252,13.574029522779176
2023,E - 36_10,0.2506839185036865,0.859720133031872,-4.247274557555899,0.3220731840628402
2023,E - 36_17,0.28150251956719186,1.1581496548005528,-3.003052119547624,0.20990638161027295
2023,E - 36_15,0.27067643283762866,0.6896902143411686,-3.729867063251705,0.2872438093277179
2023,E - 36_14,0.276731579362417,0.7954278873091312,-3.3794033458608355,0.24955630477496185
2023,S - 33_65,0.23474138521967766,-2.4256561484761683,-2.3347194254519614,16.00254190283648
2023,S - 33_52,0.2531001613446627,-0.5538853737189166,-3.9448979255175862,14.767192513975296
2023,S - 33_51,0.12481200469838302,2.4212911623802267,-2.509813909296047,19.14323532472515
2023,E - 36_19,0.2018729057269291,1.2007145459962354,-3.148329399903407,0.4426508419501466
2023,S - 33_53,0.16695893721379151,1.0196710443806487,-3.7616427774492864,18.203747960517024
2023,E - 36_18,0.2612780613029962,0.9407843358439296,-3.10296342184582,0.2651038712348013
2023,S - 33_56,0.19801190615664047,-1.2247500393615007,-1.968337031327926,15.80343775516674
2023,E - 36_5,0.26155679592699127,0.7542827241041715,-3.452823540714732,0.22458495042424986
2023,S - 33_50,0.11051609934159308,2.4496366985866675,-1.1795147245974582,17.016199637973106
2023,S - 33_49,0.22006918215926208,-0.5134018051707957,-3.347123581221374,15.37413976495493
2023,E - 36_21,0.2516783712829452,1.0378116389878236,-4.009671588999736,0.11545328565171309
2023,S - 33_43,0.2005444808901333,0.5574475958515389,-4.116518101034405,16.630486257763778
2023,E - 36_7,0.27289579262558616,0.6995398936171733,-3.6251295332455213,0.2883551655478482
2023,S - 33_48,0.2690940578242336,-1.0341756173607768,-3.4615587400513874,15.6538627878086
2023,E - 36_4,0.23082005253599985,1.3124069972742767,-4.16667913450221,0.2774297795193605
2023,E - 36_9,0.2487705300026573,1.3572402613584167,-3.631213902666364,0.17728592071135918
2023,S - 33_4,0.2846162499089937,-1.983778903651466,-2.3781507919033897,16.02759399758578
2023,S - 33_40,0.24467551659932488,-1.5541638728782636,-2.698065854968701,15.875320028501704
2023,S - 33_41,0.12809692671888806,-0.17331694917735163,-1.1236666389278416,17.787430832971353
2023,E - 36_8,0.2788234897527669,0.3110733200794805,-3.907384966868154,0.33268033997144475
2023,E - 37_11,0.1681116724310522,1.9013994015173048,-3.227913088594698,0.30038711915922034
2023,S - 33_36,0.18971810372385733,-0.15141773203143372,-3.31239214828371,17.182344325383287
2023,E - 37_10,0.2032176039721756,0.9606936022392739,-4.399038003086367,0.5626085702760841
2023,E - 37_1,0.19251113945076082,1.872671598777709,-4.605704305429813,0.48094783637786187
2023,S - 33_39,0.23378017422687858,-0.5901556698322503,-3.8963549728093394,15.64212470813489
2023,E - 37_14,0.1864527902760967,1.9979950047937194,-4.394855695606376,0.558000097953308
2023,E - 37_13,0.20563269857139546,2.0578581746932354,-4.832420823493777,0.6824974279553944
2023,S - 33_33,0.31092599517028363,-3.15923534453182,-2.892339124294684,15.59594918327396
2023,E - 37_12,0.23959903563074791,0.11173024645040994,-4.588345109359437,0.6204593314247578
2023,S - 33_34,0.17149471260950416,-3.5302961308381198,-0.7816759110056861,16.472832719063994
2023,E - 37_16,0.15392293060114726,2.1963467081895693,-2.864188681819534,0.3369414782034668
2023,S - 33_3,0.17237264765437854,2.1781608526018887,-4.296148052355292,17.369231136911512
2023,S - 33_29,0.22613524533763732,-2.1428530112937216,-3.0671663824059405,17.525031094823657
2023,S - 33_30,0.22587394554727924,-0.13999909377242606,-4.165949922680538,16.53372783815682
2023,E - 37_15,0.20320053110794553,1.571703300187926,-4.406788549239692,0.42028472028370684
2023,E - 37_21,0.18614346051873687,1.7451336822802912,-3.8744331546271327,0.2595447834392575
2023,S - 33_24,0.2337346141111973,-1.2013483724899283,-3.120089422507867,15.60400606854826
2023,E - 37_20,0.1901597508638213,1.9417457520865236,-4.223949198833086,0.46567136227201017
2023,E - 37_2,0.18844182830810088,1.8067097619953554,-4.218720179847915,0.3453245566959974
2023,E - 37_4,0.19699721198647793,1.5335712822229486,-4.558324685795996,0.5352254511089201
2023,S - 33_22,0.25044544879574104,-1.1886699457249903,-4.18176508859369,16.44645345258169
2023,E - 37_3,0.15181885888449054,2.783786872873116,-3.3795854749002037,0.47033713191415916
2023,S - 33_16,0.24674788531785555,-1.6216885129042866,-3.518868635796015,15.890184641009657
2023,S - 33_17,0.28245140771474964,-2.110072821819351,-3.4402005863755396,15.13275150706042
2023,E - 37_8,0.17554945577516767,2.450723219675633,-4.1786168898303755,0.5195651496805337
2023,S - 33_18,0.19529382923160563,-0.53267259428508,-3.7759575597372086,17.737407711976925
2023,E - 37_7,0.22264416405271276,1.1377695655241842,-4.152020406863629,0.44542865796105086
2023,S - 33_21,0.28655816003326584,-3.0638800441413676,-3.502398782853176,16.852090499075157
2023,S - 33_19,0.1322049646696645,2.2585082241478327,-2.0789759345406877,17.743038100244867
2023,E - 38_12,0.22614392267258265,1.9683135201471869,-4.43541151786232,0.33006775843408726
2023,E - 38_11,0.24947947744329335,1.1934967100798957,-4.099595333409087,0.31647414848447925
2023,E - 38_1,0.22161936362310086,1.8023721059012108,-4.3942190254277484,0.3947073895778142
2023,E - 38_0,0.22140877203318798,1.6077789935775424,-4.15050276335964,0.4365366959573228
2023,E - 38_15,0.2029461169962621,2.046333433657309,-4.056886475082868,0.36313049654171764
2023,E - 38_14,0.20939238306164068,1.8513848182163706,-3.833309445471052,0.3594421576932552
2023,S - 33_111,0.1047815527907239,0.9360954320955768,-0.30767525607756013,17.57525524716538
2023,S - 33_114,0.09843210800302248,0.8311882391195139,0.1701099216975446,18.342798164472367
2023,E - 38_13,0.1967472787153624,1.949513419641227,-4.270527378720751,0.39059460263930795
2023,E - 38_19,0.2622124567737689,0.688726556379451,-4.205559622967327,0.31961127291282226
2023,S - 33_101,0.20418784288213282,0.8467939031912981,-3.961817426461388,16.987051600336603
2023,E - 38_17,0.20180215971660304,1.571742932494852,-3.780414693250288,0.4210041856053495
2023,S - 33_104,0.2575529843892173,-0.8657261429757257,-4.315265566384092,15.630508933971125
2023,E - 38_16,0.2071763826439512,1.7567602742507005,-3.7647025554666516,0.2659908595814916
2023,S - 33_107,0.17077933461770034,0.7301341843541261,-3.303727320934068,17.62203096490869
2023,E - 38_21,0.22880572639287247,1.6608089123498306,-3.9457759922759044,0.3136555926336302
2023,E - 38_20,0.18676962656560547,2.1525225251161437,-3.036889907519138,0.31008240966903694
2023,S - 33_100,0.1859621714275705,-2.0765530138707726,-1.151404810910809,17.03759868319162
2023,E - 38_2,0.23902059778472698,1.2387239114422728,-3.717288855537315,0.3400787679646943
2023,E - 38_4,0.19665535082626398,2.0152699127199174,-3.883275518494754,0.31125426166358117
2023,E - 38_3,0.19792488102124867,2.376479490698358,-4.2280367265886305,0.46602347766401153
2023,S - 33_0,0.20321215989480063,-0.48863313543923975,-3.5547924550294963,16.654162765022072
2023,S - 32_4,0.1580005976809101,1.9991596050453118,-3.5823438283927596,17.50923433988002
2023,E - 38_8,0.20418441201699608,2.2677183099490836,-3.9816274057287973,0.2854488463496473
2023,E - 38_7,0.20524469809149082,1.981416339977036,-4.1277210655353525,0.20114674533165372
2023,E - 38_6,0.22468295928616178,1.5245333184396312,-4.39653665732982,0.43726418811276674
2023,E - 39_11,0.21194814307477094,1.791718572860001,-5.140196192580188,0.48965666478937486
2023,E - 38_9,0.24015793472900432,1.5640769354855841,-3.845277597338806,0.1974473494255485
2023,S - 32_17,0.27945131336366524,-1.648921148069333,-3.772733624105197,14.968580823704142
2023,E - 39_14,0.22330456194226644,1.5680770668336501,-4.622879767859337,0.3827124672542588
2023,E - 39_7,0.2507705201454022,1.0869693401063836,-4.5390064958910585,0.3824444922087321
2023,S - 32_13,0.16176269257629342,1.8772539159813886,-3.919610702410323,18.250695037240977
2023,S - 32_15,0.19581738089565798,0.8773157223018476,-4.150053743164222,16.52095077231292
2023,E - 39_6,0.23809062540099732,1.2708356319780243,-4.654294190929924,0.5005626268018348
2023,E - 3_1,0.21850318640739255,0.4401317320818785,-3.363517916366812,0.13028970699403855
2023,E - 3_0,0.23990966376397616,0.09362154626330271,-2.8520118538083463,0.20045196356101488
2023,S - 32_12,0.20438012144646933,-0.4185703869894711,-2.8367827288869902,15.801148949208015
2023,S - 32_10,0.2892930434361042,-1.8350954015496723,-3.4029405491428797,15.282691648828674
2023,E - 3_12,0.2019656512683455,0.8995269682258129,-2.4357131672225574,0.11792671406914006
2023,E - 3_18,0.2574433176386219,-0.3113265343032289,-3.352394178456713,0.2725103790860016
2023,E - 3_17,0.2511258683653538,-0.1804359300357993,-2.9296290027546577,0.26592700435307365
2023,S - 31_13,0.10664445354094401,3.275041667688579,-1.9273846916458313,17.580270769327797
2023,E - 3_5,0.23574225873904905,0.1251657006402782,-3.164335879702455,0.1991007231099779
2023,E - 3_4,0.20423445007587362,1.0137628189468848,-3.043757798696416,0.2503786274285232
2023,E - 40_14,0.1586319361318669,2.9798393509129943,-4.201787770950946,0.3924295082372966
2023,S - 29_1,0.20797230830020186,-1.5113735891516984,-2.346537006389419,16.451918236415924
2023,E - 40_3,0.16957727705530434,2.26775212769616,-4.221008335122465,0.5211703338746375
2023,E - 40_16,0.15700498571912389,2.290359510791069,-3.876748575348451,0.43518642877839353
2023,E - 40_15,0.17173556374515833,2.8497682694269404,-4.687052545918257,0.5081205782813601
2023,E - 40_9,0.13899315663949094,2.77929770828667,-3.038822187158642,0.4565324227092607
2023,E - 40_8,0.17088739892415525,0.4835768190322534,-2.714733548773611,0.2537325793029903
2023,E - 40_5,0.16492494557831286,2.9224403783646937,-4.523292638269472,0.3909455293236391
2023,S - 28_0,0.25086527074418263,-0.5922433962175295,-3.799174402275555,15.454035016722774
2023,E - 41_1,0.24000843321594206,1.3662287952987708,-3.1220363519178247,0.20983760489784287
2023,E - 41_0,0.242600506362293,1.4272953842474676,-4.087631488700815,0.377515735051245
2023,E - 41_13,0.24608090956269088,0.49985025227722746,-4.110688792611169,0.3428657918344118
2023,E - 41_12,0.24807245192021826,1.1658017717399782,-3.843938670327306,0.21489209999056058
2023,S - 27_96,0.29957092277895364,-2.7979712972877064,-2.8170489330970025,13.849526359959105
2023,E - 41_11,0.21588595828435678,1.850339158571121,-4.517854544206766,0.4108923039226536
2023,S - 27_99,0.2923161709415849,-2.5347701004252032,-2.0530244271632876,14.781454108119
2023,E - 41_16,0.23939283305377873,1.3100629086444897,-3.242473212897839,0.14722002559449227
2023,E - 41_14,0.2542150714523663,0.9446688983537803,-4.334820005149153,0.3232041933397076
2023,E - 41_2,0.26029249514366504,0.7979446201368129,-3.881195587610283,0.22245002539055317
2023,E - 41_19,0.26941743719553596,0.4584847153427989,-2.8548193982443024,0.21152525309708778
2023,E - 41_22,0.24018012112069342,1.0884533438925623,-4.037925683270272,0.24719228168863094
2023,S - 27_80,0.23283164558037361,-1.764377020181792,-3.095187561013082,16.750537546980908
2023,E - 41_26,0.2576810394635178,0.9227086488583346,-4.3018475385430754,0.21366921379138087
2023,E - 41_24,0.24723109374565166,1.1724712840595863,-2.9953020522127543,0.17730486197395634
2023,E - 41_23,0.2332715864199838,1.5408413466722224,-4.091938207156713,0.2140295032613696
2023,E - 41_5,0.24604656506243472,0.9126741432729615,-3.7168279845210317,0.0990847468277159
2023,E - 41_4,0.25249067474948866,1.0703431332635491,-3.9096319841445455,0.2954155448274155
2023,E - 41_9,0.23636096847192575,1.4297629820232372,-4.49364204287195,0.21899559056584667
2023,E - 41_8,0.294993868681541,-0.19123247677244842,-3.407473548508467,0.17266496084902522
2023,E - 42_10,0.2284434764764964,1.645682316141897,-4.716487631661509,0.49888238879085395
2023,E - 42_1,0.19477197542292077,2.5013128275757084,-3.15739939126109,0.4634456250793304
2023,E - 42_11,0.20883673649676876,1.5915996458772357,-5.015923080139072,0.537782310205325
2023,E - 42_16,0.16806095841970883,2.4386865168304395,-4.136802167052442,0.5175444161427981
2023,E - 42_14,0.24154298208854566,1.5676982590894062,-4.569164957960667,0.4069217914565508
2023,E - 42_13,0.17895557862037018,2.6181951477019907,-4.732705437526451,0.7862399800344032
2023,E - 42_18,0.23885877184263815,1.38746248857329,-4.616728524149853,0.45152855001329373
2023,E - 42_17,0.24099879359087598,1.2256542577845833,-4.434308250715647,0.5012926504738766
2023,E - 42_23,0.22338224449085312,1.4833251217781422,-4.831315825173025,0.5521912814653234
2023,E - 42_20,0.2631641767205743,0.746263900521276,-4.296815432158894,0.4294351317898318
2023,E - 42_26,0.2535479453649265,1.2557328662908174,-4.721974774786311,0.5413038546913352
2023,E - 42_25,0.2250048185079774,2.010696336686877,-4.262162347820522,0.42225982658046274
2023,S - 27_52,0.24581742876903726,-0.1868323190642884,-4.317196326226375,14.858796250561985
2023,E - 42_4,0.19519044588346215,1.9306988514137984,-4.641536811849083,0.6401766690957664
2023,E - 42_7,0.19536001850117105,2.3679870546994914,-4.94537416474459,0.5240184796225145
2023,E - 42_6,0.2369091603327101,1.7185833484861839,-4.9075707515108515,0.34694953979604815
2023,E - 42_5,0.21583203194284112,1.8035993557779506,-3.9812708953198452,0.22227516897287575
2023,E - 42_8,0.21627120882526354,1.7013757686801474,-4.27025061436072,0.37560317767909246
2023,E - 43_11,0.30707132817572996,-0.5426883769849945,-3.2695858163897746,0.16295098948872128
2023,E - 4_11,0.1909513529303901,1.371812535764891,-3.5075111020542664,0.29661335144678364
2023,E - 43_2,0.29313831737604373,-0.3226102222373054,-3.3140810095822366,0.0005332533539952923
2023,E - 4_6,0.2089000838946156,0.9918464660375111,-4.127290076255282,0.44739064223532093
2023,E - 4_3,0.2005354976514372,0.877575908271276,-3.376882454301416,0.5453920344981025
2023,E - 43_7,0.2809987206081899,-0.8501797039247326,-2.7725874909574895,0.3408133022945098
2023,E - 43_5,0.3165567359263901,-1.171999870588164,-2.8731983005707553,0.045735212736839406
2023,E - 4_8,0.16161543513004537,1.913821681744807,-3.3135045913571477,0.42984208742183044
2023,E - 44_12,0.20246406581732349,0.859941652699613,-4.047223128873655,0.34361903853319536
2023,E - 44_0,0.1955490847294926,1.247809684706084,-4.733274817299685,0.47615270230185297
2023,S - 27_20,0.22814793610509382,-1.902566176812275,-3.667790031450584,16.682941439370413
2023,E - 44_15,0.22986741194571123,1.2103154020335856,-4.5154526628133,0.23135206635328828
2023,E - 44_4,0.23802737741500607,0.8137612708217923,-4.319386016393249,0.3586027215453633
2023,E - 44_2,0.24708782540772045,0.8178131577169017,-4.881254111859192,0.30182087681342024
2023,E - 44_5,0.21166502112155272,1.3345921243510495,-4.72382737089552,0.3160720710132787
2023,S - 27_104,0.24370144897717505,-1.7117179607113497,-2.6960694948189547,14.016812129987633
2023,E - 45_1,0.21972123155653966,0.7291511255515349,-4.219872267056389,0.29068640533533585
2023,E - 45_6,0.18923229891993898,2.5803632536112993,-4.5145561475992535,0.5879687027792703
2023,S - 27_10,0.19318619156646086,-1.2956886750826215,-1.2958945701487576,15.626698295880168
2023,E - 4_0,0.1968907454652675,0.610889268719317,-3.1076020625572474,0.22237924973961945
2023,E - 4_7,0.24662801538910417,-0.7133525719591605,-3.3936088577255594,0.24795022847545262
2023,E - 5_15,0.23858119719894655,0.7731172876641529,-4.465160820766891,0.4422993420292888
2023,E - 5_12,0.19059126295563636,1.8030143279993898,-4.056305485255346,0.44382112359999876
2023,E - 5_19,0.20424675333890527,1.322100341932383,-3.4908578095122245,0.29964798446443675
2023,E - 5_21,0.18896336079251239,1.3358510970622834,-3.4119577079263506,0.28155036516093795
2023,E - 5_4,0.2792226491708914,0.2393128824710329,-4.160203897774904,0.3696561838539787
2023,E - 5_8,0.24115638549909102,0.8632548906413173,-3.8750959109292733,0.40680017088979464
2023,E - 5_7,0.2256214013695707,-0.02165474913385913,-2.942005369538031,0.07323202727090693
2023,E - 6_1,0.17552926523009818,1.8539851499271902,-3.6675106054317586,0.5513981253578024
2023,E - 6_2,0.20088553377136617,1.2457261109266313,-3.5029217246756095,0.47170644038557447
2023,E - 6_13,0.1765469978979421,1.2687556258098613,-3.2960583612269927,0.6325094633320966
2023,E - 7_0,0.16784992512740501,2.3321862722924247,-3.36085181553354,0.5289993098250222
2023,E - 7_10,0.17081696960431747,1.7037510677934793,-2.526902372483244,0.3629175078114761
2023,E - 7_1,0.1521820486970164,2.146248127197577,-1.134609795904002,0.232599867713021
2023,E - 7_15,0.17187618286422693,1.9224495395970045,-2.9157419468322057,0.5402173664462131
2023,E - 7_14,0.17592253299847296,1.4351339883552041,-2.5486034218278037,0.46049340025475904
2023,E - 7_11,0.16675908113652754,2.597932167883216,-3.0629059470541624,0.5952158775955744
2023,E - 7_13,0.15396545518483834,2.221367092478729,-1.7132975519162552,0.40032258662862275
2023,E - 7_18,0.1607429208319273,3.0273441294414787,-2.736204033983658,0.5995460639124127
2023,E - 7_17,0.1758405240283618,2.177796201703192,-2.7750287358163637,0.5446653180279654
2023,E - 7_19,0.19032768464616534,1.6599780337723196,-3.5999904533511664,0.5796552902570229
2023,E - 7_4,0.16017956890925858,2.8986351693076666,-3.3126177814868933,0.6026666614906612
2023,E - 7_3,0.13661865483913777,2.963644105008771,-1.4477707812716032,0.4808619780167087
2023,E - 7_7,0.13942004981503744,3.2556835963522213,-2.1020726532970992,0.5344891930313455
2023,E - 7_6,0.16478918444403115,2.2798667346773636,-2.6578415649304787,0.5012511252998086
2023,E - 7_9,0.15884413689193147,2.331749719564507,-2.221476588658134,0.4706963351981139
2023,E - 7_8,0.1501737346678788,3.206843828842259,-3.0988383315523707,0.6189569082037265
2023,E - 8_13,0.13563549352514176,1.9711548900726943,-1.209047317445938,0.33367141551471174
2023,E - 8_3,0.10922536020975414,2.370495410603407,0.1359045292867221,0.14071559924231614
2023,S - 22_82,0.2224196972094892,-1.1427027680963986,-2.8103595057347213,15.546284356498424
2023,E - 8_5,0.12741874272530326,2.119910968065368,-0.6547708226625025,0.2859638277065637
2023,S - 22_83,0.21748650449329318,-0.3010012833955864,-3.2930915450102636,14.134775787791053
2023,E - 9_1,0.22624662683068125,1.7973495047338655,-3.9121158555758373,0.3505005500235533
2023,S - 22_78,0.25075201248214973,-2.136858325884641,-2.602413153272322,14.74663031477968
2023,E - 8_9,0.12431392256218668,1.8226093028714248,0.16115738202491087,0.11643918214135492
2023,S - 22_73,0.21085173013496986,1.5707391193341715,-4.941550334565888,16.121064558188536
2023,E - 9_13,0.19895178991131723,0.8846016912451943,-2.735394644562271,0.35315077844063675
2023,E - 9_16,0.1970239797414164,1.8381054580776417,-2.690465471510735,0.21993817944603472
2023,E - 9_15,0.2286725743092384,0.4462602624926963,-2.508171645592701,0.20628064486868777
2023,S - 22_7,0.19265168884859885,-0.045871030417237155,-2.38803157715062,16.299049996405284
2023,S - 22_58,0.325272997155396,-3.571761008955115,-3.3066008795238844,16.10288332499399
2023,E - 9_23,0.24080189250397113,1.7200360716044485,-3.3173441245829425,0.19493251108978824
2023,E - 9_22,0.19129562805803335,2.0563170571592924,-3.113085765928682,0.42661203592002805
2023,E - 9_3,0.23813069003558265,1.6084706354204577,-4.502868264109767,0.4316208055188246
2023,E - 9_26,0.23823560312647044,1.646310927502808,-3.496431228878758,0.3623253094603194
2023,S - 22_57,0.2137829618553973,0.14456222943732797,-3.5386987465489885,14.92871191865883
2023,E - 9_24,0.17976463970033782,2.672184145551171,-3.9757281665040676,0.48173916356472235
2023,E - 9_6,0.17430335178781367,1.8015660877027844,-1.0164473324652732,0.18988011893890053
2023,E - 9_4,0.19449668951917098,1.66890229851547,-2.4179256937335576,0.3411487432255849
2023,S - 22_52,0.2647899494710154,-1.5766396694023381,-3.235917167511791,14.248486143396873
2023,S - 22_46,0.21866830107631713,-1.8301151629727812,-1.8679053560133518,15.291206356072523
2023,S - 22_47,0.1617707251580575,0.8283281673263614,-2.1299213371963557,16.558773650344378
2023,E - 9_8,0.2647205319988281,-0.8395709734456043,-3.5767756734929836,0.22925602152715982
2023,S - 22_49,0.29149049398756277,-1.772000953054696,-3.4856944846325506,13.593353366309731
2023,E - 9_7,0.19698979149658558,1.3427707447732917,-1.5650235088119404,0.18919675076080922
2023,E - 9_9,0.22566566714557554,1.539084142677622,-4.2239956765030495,0.24783269850617726
2023,S - 22_4,0.21527331929129676,-0.3870340335257963,-2.9760285304903626,15.162523057505052
2023,S - 22_35,0.18187213413833925,-0.8309596712456949,-1.7076404915474341,16.109881173978955
2023,S - 22_32,0.20008935959770727,-0.03483672459390428,-3.6015617378523253,16.205555675993867
2023,S - 22_19,0.20519205987157815,-1.3128546737282063,-2.1426906495689098,16.168219014635554
2023,S - 20_4,0.2937208614051666,-2.73031214096097,-2.559715743074069,14.335849302221357
2023,S - 20_8,0.14268294254127004,2.117166089361346,-3.0559379502351818,18.363772617830755
2023,S - 20_11,0.3874822354484024,-4.257546566655664,-4.308162840259706,14.746490368764674
2023,S - 20_15,0.3368577273327954,-4.195933071902218,-3.134276177843991,14.784134419646218
2023,S - 20_0,0.17984527730158512,2.0096312509922813,-4.421309324611535,17.33777404957926
2023,S - 20_10,0.26236544895237657,-1.6904572040259958,-3.306640820251064,15.564961700223801
2023,S - 18_3,0.23960249152299154,-1.049871709438612,-3.7559504169829268,16.168146461229167
2023,S - 18_7,0.2707673490557997,-1.993498950509761,-2.5249497187201957,14.172174797644479
2023,S - 18_0,0.2275963243560362,-0.7693903245469937,-3.9422465370608686,17.53310112942508
2023,S - 17_38,0.15246194839702845,0.48772287417451565,-1.8964398698047416,16.534864793850705
2023,S - 17_39,0.23551927057332267,-0.8428270235298051,-3.830412068988775,15.058525851930618
2023,S - 17_4,0.20190475344938136,-1.102790591650164,-1.3625125868666337,16.226678291371815
2023,S - 17_33,0.287215825724274,-2.8860116714361235,-2.6440471991659713,14.112555869084074
2023,S - 17_35,0.2270631146221548,-1.4502356097747449,-2.191204558230311,15.71344128710404
2023,S - 17_3,0.29248412939231705,-1.847939519341537,-2.6189331148101815,13.688031112598837
2023,S - 17_18,0.15608138651367245,-0.2114002070888422,-1.4608105696723663,16.42472207890866
2023,S - 17_1,0.2132621042079119,0.0449467603219181,-4.156343045849394,16.249745173309883
2023,S - 17_12,0.21868322696108233,-0.7897052606227973,-2.7177313134476826,15.375276156993161
2023,S - 14_9,0.30907206157025047,-2.3283792500658405,-2.702801450248572,12.96848400946196
2023,S - 14_8,0.18718687691743258,0.4216094713717489,-3.1432951144502814,17.027232379075787
2023,S - 14_4,0.2527267244628327,-1.0122694484934307,-3.2312265769258395,14.575487202708265
2023,S - 14_5,0.12375291826657848,0.5540660894048706,-1.0384628662759663,18.42721740831085
2023,S - 14_2,0.27588740648290155,-1.152995173234473,-3.6689297313870757,12.897522468269962
2023,S - 14_15,0.34951573991914964,-3.182827918715655,-3.1876115704062524,13.68200331800031
2023,S - 14_13,0.2403069923652772,-1.702549392594098,-2.8333514073036308,15.644521929223757
2023,S - 14_14,0.2955442419667283,-1.5360384438312078,-3.8006160386500936,14.997901494954014
2023,S - 14_1,0.4096783884680837,-4.084423566667826,-3.7381444102559978,14.629615476597083
2023,S - 14_10,0.28222250983830066,-1.4686676731341284,-3.653504878232353,13.957345676800507
2023,S - 11_29,0.21012559109350856,-1.8221408695185728,-1.919683777793771,15.589581409438496
2023,S - 11_22,0.20534993517254996,-1.2485816951279665,-1.3706658234890567,15.266256396806982
2023,S - 11_18,0.23056778257821625,-1.0375431730045614,-2.077915851079087,16.218940367985077
2023,S - 20_13,0.1169127381885489,2.21981334448147,-2.1125217676152594,17.772911970440884
2023,T - IPC4+D06B,0.10321235467124669,3.2092529884309626,-2.051347114132898,-1.6150911603888605
2023,T - IPC4+G01T,0.13684244849390248,2.5276144538367995,-2.989271975610454,-1.684737764885013
2023,T - IPC4+H10K,0.06541627377330417,2.648601213994454,2.234754078354035,-2.210926107473716
2023,T - IPC4+H01G,0.12707662842322387,2.452032043672988,-1.9696822451261542,-1.8137601842437727
2023,T - IPC4+F17C,0.14011880585187603,3.4300539349491093,-3.081498353813819,-1.4843738060600953
2023,T - IPC4+D01F,0.14064333028597653,2.6038023838337865,-3.141100107524501,-1.369074071210011
2023,T - IPC4+B82B,0.14269012077004972,1.8949604665891915,-1.9387742394484275,-1.5617490404322631
2023,S - 33_37,0.2040542067659988,-0.7758450098001715,-1.9312788684016864,15.844443532273148
2023,S - 14_3,0.2807885249201973,-3.9470342862530665,-3.6649546233080907,16.309206657250314
2023,S - 20_14,0.09897147810563568,2.234971999374592,-1.469342036160736,17.545609890970518
2023,S - 17_19,0.1733274193625137,-0.023265986574175203,-3.6858446834302225,18.217329103461648
2023,S - 17_24,0.25519257184678984,-3.220785822827238,-2.6060845108236963,15.666654598736084
2023,S - 17_31,0.25558536026025114,-0.07696325816219614,-4.244448653596319,14.763591653547437
2023,S - 17_40,0.30529782937543126,-2.582970693572944,-2.7105562986255363,12.349764139592395
2023,S - 17_8,0.26770689073728304,-1.8229168137785199,-2.5102590079155913,13.678589849630217
2023,S - 20_2,0.24027013299352007,-1.392729050084671,-2.101878218265719,14.793162207069985
2023,S - 22_14,0.24400571438204746,-1.7691606406021876,-2.42000241219292,14.977430075926643
2023,S - 22_13,0.1600864815180631,0.40218554931016565,-2.1897591872994764,17.43416336290525
2023,S - 22_27,0.18912045874029118,0.6461933550534905,-3.5566105691000005,16.804453675630608
2023,S - 22_29,0.24004525405551025,-0.4704262865841745,-3.876844906463689,16.52126653205209
2023,S - 22_37,0.19650062071409827,-0.09842074631189306,-2.959028689986035,16.065981006788743
2023,S - 22_43,0.1219852291194703,2.5011516129862827,-2.4283264097497663,17.130291770111164
2023,S - 22_55,0.08777645321639944,0.1474137787139443,1.6003327375192002,14.926001757119765
2023,S - 22_62,0.278134966737292,-2.2207751890393967,-2.6247218361352984,14.866730158275487
2023,S - 22_67,0.18973153140535354,0.8581247716339049,-3.7212567547794224,16.373377318186904
2023,S - 22_75,0.09098524369091152,1.1206846721687478,0.8016682077886162,15.542603045738034
2023,S - 22_80,0.14557792951620063,1.0160730918873366,-1.791603004459451,16.543064808558718
2023,S - 23_11,0.19663984508280383,-0.09090079125709441,-3.043051227247527,15.590832966169243
2023,S - 23_25,0.15402361587361557,0.4469631978681308,-0.916489886626566,16.282151622038196
2023,S - 23_5,0.2912405116856778,-2.3361731274058455,-2.8746646164336696,13.542825645762774
2023,S - 259614356,0.22810177482191898,-0.28078136755228544,-4.174448383988895,15.94833130288159
2023,S - 25_13,0.14306691050250822,-1.412941582330787,-0.3347485858945217,15.423638653834244
2023,S - 27_61,0.05582787794694689,2.7020614438513797,2.8402611823123896,14.152203479096174
2023,S - 27_98,0.19422162142426924,-1.5347914142472094,-1.8592413945976207,17.122550902778805
2023,S - 32_9,0.11030592948692156,2.714967453849893,-1.9480338474874004,18.267419825535566
2023,S - 33_110,0.1572099237608835,1.9735186590591072,-4.087799701155417,17.417602662504873
2023,S - 33_112,0.1496134038571977,-0.9722825959027417,-1.7460516660607286,18.281356211712403
2023,S - 33_15,0.24048807226804336,-1.6837508886478676,-3.4508410163082703,16.11409613178975
2023,S - 33_20,0.19962433751509026,-0.23162957442141774,-3.201188804918034,15.630698090669618
2023,T - IPC4+F23J,0.11409684313660337,3.4179750884754667,-2.669211552437007,-1.498091147924445
2023,T - IPC4+F23C,0.1323697044739499,3.252773874010054,-3.5209436186189826,-1.2901933687934335
2023,S - 33_42,0.1598981104506307,1.187161860116884,-2.598818582480593,15.605647296308463
2023,S - 33_47,0.07475596987587836,3.2882048500800383,-0.31581674254709224,18.95163323852751
2023,S - 33_5,0.1919245846351382,-0.33497119793650854,-3.607889001068776,16.881592299794796
2023,S - 33_54,0.19795505627857168,-0.04789510938956695,-2.816983061756602,18.170193951333594
2023,S - 33_61,0.19715800407754638,-1.0473479338038758,-1.8368786465645974,15.739263346549917
2023,S - 33_59,0.1704030329606632,1.693921287153138,-4.497981521090591,16.5141069238805
2023,S - 33_63,0.20601227056174848,-0.44644510411685273,-3.202291637420099,16.28749277918892
2023,S - 33_72,0.1089218782123637,2.6757250207934864,-1.457351771798207,16.779644153201154
2023,S - 33_75,0.15091339506787738,1.9292670466935797,-3.1754266365107218,16.577838822721002
2023,S - 33_78,0.1349260955990235,-0.015647946916555622,0.2691233423836955,14.829149787202047
2023,S - 33_81,0.42107078733376163,-5.079389440849439,-8.452251296820696,16.06078220295369
2023,S - 33_80,0.15631084733919204,-0.8382459535963231,-1.991645738381635,17.56330112692616
2023,S - 33_86,0.046720036649641215,3.3284970803613385,2.1890642885791407,16.81842085135372
2023,S - 33_94,0.20971710115507225,0.2947759588331176,-3.9053216983635353,15.8551924481924
2023,S - 36_9,0.21423835293213164,0.045390690564584474,-2.9378490493183214,14.44652650184402
2023,T - IPC4+A01F,0.09583635820284904,3.5024028250043875,-1.1783581547092044,-1.502246678386027
2023,T - IPC4+A23D,0.14845862605650947,1.5841581672092266,-2.88234884542077,-1.5558986470581673
2023,T - IPC4+A23F,0.128259799519803,1.251729261421307,-1.5860108016404366,-1.4723008741809813
2023,T - IPC4+A24B,0.13011601739573417,1.8566061998730417,-1.312489075362609,-1.5890324113512753
2023,T - IPC4+A24D,0.12052419819634158,2.005447721901589,-1.1030333243698671,-1.624963580941663
2023,T - IPC4+A24C,0.09181392037982349,2.94623388269172,-0.6331232510556519,-1.7007554014452853
2023,T - IPC4+A43C,0.07294440506266024,3.654524242827098,0.08570879680949306,-1.7139025832997292
2023,T - IPC4+B06B,0.13577134771632499,3.0347047233703535,-3.167428764398521,-1.7011421311501487
2023,T - IPC4+B22C,0.10211161611914418,3.5462963190703016,-2.013063772628378,-1.6545585750992362
2023,T - IPC4+B23H,0.07005542223759197,4.625312410647326,-0.4711549560147606,-1.751866880587418
2023,T - IPC4+B23P,0.14380990948711117,2.1174259609062602,-2.9950944599884712,-1.3475872629201198
2023,T - IPC4+B41J,0.07073072761996549,3.7132334975151977,-0.06512565530877232,-1.9108303226058734
2023,T - IPC4+B41C,0.051535644488447496,4.869458182187203,0.7790227910539341,-1.8049322337427747
2023,T - IPC4+B41N,0.061183791449580124,4.083834958622801,0.31173858411553546,-1.7755834892681677
2023,T - IPC4+B43K,0.057404845236443305,4.424956285608871,1.54335153900617,-1.9005773128054855
2023,T - IPC4+B60C,0.10944158335604635,2.3320906186346617,-1.7801256367829885,-1.5591043946208267
2023,T - IPC4+B60W,0.12076871911171701,2.9483941660908695,-1.1128116679091693,-1.9513462260802874
2023,T - IPC4+B64F,0.13587968273915624,2.9489401500996286,-2.786272376834635,-1.6784954361728772
2023,T - IPC4+B64G,0.12007219900923947,2.7467333263123153,-1.918490041724961,-1.4299715683410819
2023,T - IPC4+B67C,0.09220121632805102,3.2165537871173218,-1.07678470662852,-1.6242543710560946
2023,T - IPC4+B67B,0.09102714483726293,3.767543388329856,-1.6110240275063585,-1.6609906843088422
2023,T - IPC4+B68G,0.07173277520209756,2.9363839624232253,0.6088827996797235,-1.8473654448824368
2023,T - IPC4+B81C,0.132216506394765,2.4655604128893707,-2.5616889997984704,-1.7799729002380393
2023,T - IPC4+B81B,0.14814692696217832,1.9615908307145382,-2.5467457461931993,-1.6058387051562146
2023,T - IPC4+B82Y,0.19404050646777646,1.088735267915709,-2.953129746091394,-1.2904130879857503
2023,T - IPC4+C08C,0.07647964925720285,2.066381697442558,0.623960519852182,-1.8027879425960693
2023,T - IPC4+C09C,0.10522457892508198,3.1027582507704925,-1.7169326425535738,-1.5369258640145862
2023,T - IPC4+C09G,0.07137955936203218,3.3750633698007015,1.6187262925831978,-1.9165352132157245
2023,T - IPC4+C10B,0.16705218883994252,1.9307108300854554,-3.711805614577499,-1.176105164210477
2023,T - IPC4+C10N,0.07695311927380685,4.347245590770979,0.5003087399364252,-1.776481305838163
2023,T - IPC4+C10M,0.09453241202552226,3.9972246406342844,-0.5410001689022295,-1.6241893819715334
2023,T - IPC4+C13K,0.09200609760087837,3.5630275421753774,-1.14827842174753,-1.6366143365438328
2023,T - IPC4+C23G,0.08845695264231278,2.2972203367389032,0.035592267666744004,-1.8222616315513989
2023,T - IPC4+C30B,0.12323832262420527,2.1046747267732706,-1.9903458697441807,-1.5464757350077134
2023,T - IPC4+C25C,0.11643913052162949,2.716122377796086,-2.105480233554929,-1.4446282287322099
2023,T - IPC4+D01D,0.13351175358780998,2.640341912645503,-3.23024532590072,-1.745005153309491
2023,T - IPC4+D04B,0.12600203741268243,2.5908364812504026,-2.157388436113159,-1.4227324930906717
2023,T - IPC4+D21F,0.0798252568399847,3.7228424998785967,-1.0954856012369707,-1.892983125018754
2023,T - IPC4+D21C,0.11102900582754552,2.5712161193880285,-2.08594303522837,-1.3676523624976016
2023,T - IPC4+F01L,0.08213639209543545,3.5493834853427133,-0.838714709068306,-1.5883394076756994
2023,T - IPC4+F01K,0.1221215699897863,2.672700763448856,-2.0544981172734103,-1.363045796621585
2023,T - IPC4+F01P,0.0822106549883369,3.487345597009372,-0.8396490396912586,-1.6195408623251577
2023,T - IPC4+F01M,0.09856639755219021,3.5787984222656326,-0.7663171934928309,-1.6631292658903143
2023,T - IPC4+F02N,0.05283656497545301,4.782454735421694,1.2373406327896104,-1.8873732226481594
2023,T - IPC4+F02K,0.06689172590615255,4.017388179633445,0.3599748891709642,-1.716161895686224
2023,T - IPC4+F02P,0.08007250728785585,3.5486999782309776,0.016395645698917556,-1.7459694796902954
2023,T - IPC4+F03G,0.183192887995854,1.0642532870769528,-3.4184144859702963,-1.2105421017827145
2023,T - IPC4+F04F,0.10699308077345948,3.3586719082204053,-2.4681436381881428,-1.4755824491916802
2023,T - IPC4+F15C,0.05584955989428502,3.906722108167702,1.4101339591274218,-1.9272161253237845
2023,T - IPC4+F15D,0.10197575323315532,4.055240118464415,-2.2171610328733595,-1.4203742093291822
2023,T - IPC4+F17D,0.11920187366923972,2.8757489259369997,-2.4756220270962586,-1.56135869334301
2023,T - IPC4+F16N,0.11235018583256429,3.7444450297312213,-1.8663797090805854,-1.5066268043911077
2023,T - IPC4+F21L,0.07314282661143257,2.9027276396576527,0.9588872748082635,-1.8228321675464094
2023,T - IPC4+F22B,0.10933160421601325,3.594105112066434,-1.2026613216881483,-1.4793675573118379
2023,T - IPC4+F23R,0.07587295636857538,3.924011631959966,-0.4762310397679119,-1.8122724113780029
2023,T - IPC4+F25C,0.08038650147331682,3.8788415293979948,-0.1851343274862562,-1.8453869511282142
2023,T - IPC4+G01W,0.10791702035080768,3.0357823848108523,-1.9924036617107364,-1.965038863477825
2023,T - IPC4+G04B,0.07236954256482567,3.5377809557895623,-0.0481133666060505,-1.9056035017997164
2023,T - IPC4+G06G,0.10709333748328469,2.2579402647538602,-0.9349757917318201,-1.745478314587479
2023,T - IPC4+G06V,0.16319448534890538,1.4678268389275637,-1.6724378073658988,-1.698788271662816
2023,T - IPC4+G07D,0.10809168132121219,3.197280092003351,-1.3323013758407136,-1.5178162575835548
2023,T - IPC4+G10D,0.08957907378380069,3.414474157954765,-0.9425719483568566,-1.6886637616471956
2023,T - IPC4+G12B,0.07949959321648976,3.972106062464057,-0.7719827758194561,-1.6354826103871178
2023,T - IPC4+G16Z,0.09383970404083955,2.492392806186276,-0.9515628058568093,-1.7250279445621335
2023,T - IPC4+G16H,0.19687497822685773,0.7267533844742545,-3.033934379648712,-1.4271645475879775
2023,E - 44_7,0.19048339386695115,1.970026980334788,-4.435955631352716,0.5166041036678888
2023,T - IPC4+H01K,0.04785815273440751,4.5604450183992356,2.001958249599656,-1.9912430703045911
2023,T - IPC4+H02S,0.16112911909943634,1.6295687897098439,-3.1567462843195693,-1.453743174068396
2023,T - IPC4+H04K,0.0984429460091877,2.671564698307591,-1.4609924222427142,-2.0244063682541444
2023,S - 14_11,0.18191338001885016,-0.35761195679423446,-1.5639055632355565,15.265008205282657
2023,S - 11_28,0.15458524749200483,-2.381531461169,0.9545528737269017,13.865947400510807
2023,S - 33_14,0.22108217360712057,-1.250257942783883,-2.027012224574971,15.910158150295707
2023,S - 33_38,0.19121885235863825,-1.426518748716075,-1.9329331079371812,17.62443119896132
2023,S - 304242710,0.22422590023734154,-1.1220522581467844,-3.189691090408073,16.907017357091902
2023,S - 17_7,0.3311903144276078,-3.370872904551054,-3.097656889850205,13.890796253365531
2023,S - 14_20,0.13974111816278925,-0.48931955652231224,-2.0949467287416095,18.147523756438687
2023,S - 14_21,0.19442473311634945,-1.0818590591582562,-2.502189305964191,17.20173603268958
2023,S - 26_3,0.030935604470538468,3.6530565775326376,4.268506043271668,12.479725657393132
2023,S - 28_5,0.04013496075856605,3.9162704916310433,2.212952384862351,16.95203563790812
2023,S - 32_6,0.06205776004603264,2.1125999525834938,1.3038934891110259,18.688577801463627
2023,S - 33_113,0.11463804440031715,1.8696002714856716,-1.9121703664818623,17.999062116363184
2023,S - 33_106,0.07517293467826658,4.1582935173688895,-1.1605917317723309,18.469840703771293
2023,S - 21_2,0.16960073851883323,-2.495527318653489,-1.1422104404360043,16.55627178923329
2023,S - 18_6,0.21237034346612008,-0.4918754029185153,-3.048994741552443,15.269382802642259
2023,E - 43_13,0.27230400967272683,-0.08317031423013023,-3.5648360192664845,0.3983037102905409
2023,E - 43_6,0.28166345502409346,-0.01791913736363407,-3.27291297716378,0.04230338323121306
2023,E - 44_14,0.17651993073994623,2.287910753638452,-4.465341570852325,0.5079392805567696
2023,E - 43_8,0.2060107848337164,0.9910703277444712,-3.9603336227605097,0.29290406593359064
2023,E - 43_10,0.24609614632553584,0.3055590641782311,-4.038747186272611,0.21835770611393263
2023,E - 43_0,0.27447539889264033,-0.006798346360660671,-3.0238841246712624,0.422153247264608
2023,S - 33_69,0.19452751389362039,0.5965502683696783,-4.058849879070715,16.265471627912536
2023,E - 43_12,0.20828403805069023,1.1968878429991852,-4.183285421036956,0.3279726809020618
2023,E - 44_16,0.19693455262951134,2.2078334868219534,-5.115775933440449,0.42261708547457894
2023,E - 45_3,0.18321256811186326,1.6885343524510976,-3.887784854437388,0.5233061030435007
2023,E - 44_3,0.14623385375690637,3.2128028698085336,-3.7418122939917615,0.3514260282458659
2023,E - 44_6,0.17277018734874122,2.26148416667614,-4.433675263258045,0.516518869952096
2023,E - 45_5,0.19357342028075628,2.2166402153794778,-4.701013625561854,0.41170943313338565
2023,E - 34_5,0.16143445704792544,0.8718590345348994,-0.30657843313522226,0.22287549699216364
2023,S - 33_82,0.09418417170078681,1.502368102005853,0.6953633025557658,17.68017337803841
2023,S - 32_21,0.0698731509917553,1.910479541763924,1.7210724519286527,16.492005672753653
2023,S - 14_19,0.1421726845919475,0.28767720604820524,-0.4076415702140843,15.969841409104655
2023,T - IPC4+B33Y,0.16853047252117898,2.0378324536813697,-3.0243483373544566,-1.3499596380655294
2023,E - 45_2,0.17570380804072416,2.3510823955004705,-2.901311730906829,0.18314936798316775
2023,E - 36_20,0.24236606321261703,1.6892532178978146,-3.34734873072581,0.18340465399770106
2023,E - 45_11,0.16353589610193078,2.7045361326581485,-3.8740328491947476,0.44614218654984555
2023,S - 33_2,0.05181144844120659,-0.3687796442826263,3.0182388462071983,13.374725069721608
2023,S - 33_55,0.14519083868508625,0.3335281636944548,-1.32525103243759,15.084755419151527
2023,E - 45_7,0.1717588110707392,2.2464420212162217,-3.6123623128744238,0.37084975785731694
2023,E - 35_3,0.010057309039644602,6.163911244604097,5.613290487120907,-0.35246079897754184
2023,E - 42_22,0.21048752113744257,1.986448529338192,-4.0034656250006675,0.4448770789015014
2023,T - IPC4+H10D,0.06248538655362699,4.658170730277876,0.9182868641964864,-2.0554726703871826
2023,T - IPC4+G16Y,0.1170880993224011,2.263148569809839,-1.075380599371219,-1.9194869795875216
2023,T - IPC4+H10F,0.0563136691786647,3.9179690836376535,1.328733543226983,-2.0043335535437876
2023,T - IPC4+H10H,0.055083122819268714,4.160421703909778,1.8644786085627678,-1.9624849350671425
