nam,ma_qg,ten_qg,chau_luc_nguon,tieu_vung,nhom,asean_hien_nay,asean_thoi_diem,viet_nam,nhom_thu_nhap_hien_hanh,bac_thu_nhap,gdp_ppp_usd,dan_so,gdp_dau_nguoi,gdp_ppp_ty_usd,dan_so_trieu,ln_gdp_dau_nguoi,tang_truong_gdp_dau_nguoi,do_da_dang,eci,coi,goi,hang_eci_the_gioi,hang_eci_chau_a,sang_che,sang_che_tren_trieu_dan,ln_sang_che,bai_bao_kh,bai_bao_kh_tren_trieu_dan,ln_bai_bao_kh,nhan_hieu,nhan_hieu_tren_trieu_dan,ln_nhan_hieu,xuat_khau_ty_usd,xuat_khau_ty_usd_tren_trieu_dan,ln_xuat_khau_ty_usd,so_nang_luc_cong_nghe,so_nang_luc_khoa_hoc,so_nang_luc_san_xuat,so_nang_luc_khoi_nghiep,so_nang_luc_tong,so_nang_luc_tuong_doi,so_nang_luc_tuyet_doi,flag_dan_so_lap_lai,ty_le_bat_thuong_sang_che,ty_le_bat_thuong_nhan_hieu
2001,AE,United Arab Emirates (the),West and Central Asia,Tay A,Chau A khac,0,0,0,High income,4,327844000000.0,3454198.0,94911.75665089262,327.844,3.454198,11.460702861549743,,0.2114721884886837,-0.3302867777706631,200.44321739247164,210.50358669775466,62,11,59.266666666666666,17.1578660709857,4.0987791592899665,69.83333333333333,20.216945679817233,4.260329699696362,248.50951536080018,71.94420104487357,5.519497052182987,33.93249027375455,9.82355101640223,3.5534173495427286,14,55,176,146,391,391,23,0,0.35306524184476934,0.22607310870874087
2002,AE,United Arab Emirates (the),West and Central Asia,Tay A,Chau A khac,0,0,0,High income,4,335822000000.0,3633655.0,92419.89126650714,335.822,3.633655,11.434097507908819,-2.625454919722059,0.22087820431424993,-0.26964304203839784,209.06413004646978,229.64254558502816,59,12,43.844444444444434,12.066210040426082,3.8031997111432343,61.510714285714286,16.928055714071448,4.135337970621586,278.2809026964304,76.5842939674874,5.632218095018821,33.371034974166406,9.18387545712689,3.537214203127782,11,53,178,182,424,424,19,0,0.07464492452621643,0.158121497221306
2003,AE,United Arab Emirates (the),West and Central Asia,Tay A,Chau A khac,0,0,0,High income,4,365376000000.0,3813443.0,95812.62916477314,365.376,3.813443,11.470149783712655,3.6710039925090587,0.26568563477580254,0.030351534362908772,240.21655300340942,297.67039274130303,39,8,55.011111111111106,14.425575814588315,4.025550083752366,117.4095238095238,30.788325355728094,4.774149156795414,425.2072232778692,111.50218405725987,6.054925667615384,44.20618672090387,11.592198105728569,3.811233951828026,13,125,164,267,569,569,25,0,0.19208240759442538,0.15959311255220815
2004,AE,United Arab Emirates (the),West and Central Asia,Tay A,Chau A khac,0,0,0,High income,4,400330000000.0,3993339.0,100249.44038059379,400.33,3.993339,11.51541676291477,4.630716487479414,0.25310502279732905,-0.047358454825036284,221.91372716690148,312.0233085786863,52,10,83.58055555555555,20.929992558997757,4.4377044004261235,108.44007936507936,27.155240104854446,4.695377179066589,476.6632340755834,119.36458038638426,6.168905952970076,56.186556679967374,14.070069352981896,4.046318847686007,11,85,158,249,503,503,21,0,0.18320211442894851,0.11804874829166229
2005,AE,United Arab Emirates (the),West and Central Asia,Tay A,Chau A khac,0,0,0,High income,4,419766000000.0,4280993.0,98053.41891472376,419.766,4.280993,11.493267700111161,-2.190557331325649,0.2886516360568639,-0.008639682554526256,243.68530756060275,353.7082733145482,46,9,89.73333333333332,20.960868969730463,4.5079248015492555,140.18412698412698,32.7457033880053,4.950064903613509,617.856691924373,144.32555529158142,6.4278737304112425,90.27095980429407,21.086453494386483,4.513832662571817,17,91,226,279,613,613,36,0,0.20773050754672714,0.12131398093305718
2006,AE,United Arab Emirates (the),West and Central Asia,Tay A,Chau A khac,0,0,0,High income,4,461060000000.0,4898954.0,94113.96800214903,461.06,4.898954,11.452261752412594,-4.017657880956538,0.2716554506241982,0.09438451185654978,228.27499235784978,375.8656748670994,42,8,128.2891156462585,26.187042304593696,4.862051103164628,166.84166666666667,34.056589767257805,5.123021074690835,891.2552965990818,181.92767202939277,6.793752298580257,96.27328739021657,19.651804730196808,4.577524412858183,30,109,115,259,513,513,43,0,0.17125876041749516,0.13369772456262763
2007,AE,United Arab Emirates (the),West and Central Asia,Tay A,Chau A khac,0,0,0,High income,4,475742000000.0,5872624.0,81010.12426472391,475.742,5.872624,11.302329416766378,-13.923378235551498,0.29722538747907296,0.05181001232412011,220.1232081866135,423.0879145816299,46,10,131.9092403628118,22.461720750862273,4.889666491991521,185.71666666666667,31.624137126209114,5.229592316336623,1338.814295070627,227.97548337346763,7.200286297572873,115.61913091607343,19.68781432560188,4.758913333494534,30,119,215,229,593,593,52,0,0.13182464580238168,0.24570191893891183
2008,AE,United Arab Emirates (the),West and Central Asia,Tay A,Chau A khac,0,0,0,High income,4,490927000000.0,6988685.0,70245.97617434467,490.927,6.988685,11.159758306898492,-13.287410910769971,0.2989980171838151,-0.0009431135408071166,235.80153871512934,457.3713272240256,54,12,127.02217841682128,18.1754047316228,4.852203517791715,219.04358974358973,31.342604473315042,5.393825661924311,1570.237858919083,224.6828779547344,7.359619032854131,146.58066746330422,20.973998322045453,4.994374924341935,27,134,177,241,579,579,57,0,0.03467710882982772,0.07168602000310272
2009,AE,United Arab Emirates (the),West and Central Asia,Tay A,Chau A khac,0,0,0,High income,4,465188000000.0,7992644.0,58202.016754405675,465.188,7.992644,10.971675285256712,-17.145408286514364,0.2835521152610303,0.14994619491618838,236.40489209739195,403.0731028464953,40,7,156.17922335600906,19.54037028998277,5.057386704313778,233.04672105672105,29.1576505918093,5.45552075806333,1434.4188854283047,179.4673809353081,7.269211991819205,72.2101504906332,9.03457610405683,4.293334079258586,28,138,127,269,562,562,52,0,0.19178965281152235,0.043896002508501376
2010,AE,United Arab Emirates (the),West and Central Asia,Tay A,Chau A khac,0,0,0,High income,4,472644000000.0,8481771.0,55724.68297010141,472.644,8.481771,10.92817846905173,-4.256439763518582,0.3174501622923112,0.198069745304136,240.13513024866285,470.7343233149145,42,8,169.23652082044939,19.95296982439745,5.137188769034489,302.8167485313265,35.70206605805868,5.716424718764928,1302.1079623682494,153.5184058103254,7.172507430460064,117.19011318851355,13.816703279128092,4.7722944567063506,41,161,168,320,690,690,38,0,0.2221930256003637,0.034530258905333074
2011,AE,United Arab Emirates (the),West and Central Asia,Tay A,Chau A khac,0,0,0,High income,4,502025000000.0,8575205.0,58543.789915226516,502.025,8.575205,10.977530298758879,5.058991446640748,0.32013058868488486,0.17846104751264022,241.74134734686942,513.4215403041002,44,8,216.8797619047619,25.291495877330266,5.383943359733355,379.4736832611832,44.2524328294406,5.941417011338696,1560.49041391997,181.97703890693808,7.353396037684098,159.5301455048755,18.603653849077133,5.078481747393924,48,170,154,290,662,662,51,0,0.17726062069768558,0.056394117563216946
2012,AE,United Arab Emirates (the),West and Central Asia,Tay A,Chau A khac,0,0,0,High income,4,511184000000.0,8664969.0,58994.32531149275,511.184,8.664969,10.985196537101013,0.7695699183783988,0.3451221142904299,0.13709580549158068,269.01110187747173,522.9555090804456,46,10,216.2484903984904,24.956637513474128,5.38104181543777,390.0231029317986,45.01148277989207,5.968766645021904,1205.0884579835833,139.0759110602223,7.095137722842374,219.61168857749368,25.344774871957846,5.39640409080781,38,191,235,288,752,752,59,0,0.09746050376744707,0.0043012056907476785
2013,AE,United Arab Emirates (the),West and Central Asia,Tay A,Chau A khac,0,0,0,High income,4,537027000000.0,8751847.0,61361.56173662542,537.027,8.751847,11.024538887748294,4.012651068782547,0.3571907943096173,0.12487358015357833,296.78787904921404,542.7999287843382,44,8,260.28440170940166,29.740510969787483,5.565609475794127,445.83052682611503,50.94130722647631,6.102179388106676,1544.7169036453447,176.50181769006528,7.343243097014465,165.7979694863098,18.94434049021993,5.116783316507084,59,199,205,316,779,779,50,0,0.09289254252152333,0.013652139383225313
2014,AE,United Arab Emirates (the),West and Central Asia,Tay A,Chau A khac,0,0,0,High income,4,559398000000.0,8835951.0,63309.31441335517,559.398,8.835951,11.055787744437604,3.1742227896510267,0.3764483515701523,0.1577241486588376,324.1510655549883,570.859684921983,44,7,298.6233988233988,33.79640729372524,5.702526348805013,541.1963140789379,61.24935664298477,6.2956281389576105,1648.3234905394024,186.54737792676787,7.408120477085598,160.70130682560554,18.187211181411662,5.085750848341409,68,212,213,371,864,864,68,0,0.08691653586951811,0.0
2015,AE,United Arab Emirates (the),West and Central Asia,Tay A,Chau A khac,0,0,0,High income,4,597363000000.0,8916899.0,66992.23575370765,597.363,8.916899,11.112332007384982,5.817345163945675,0.38189769208627183,0.058816633128623855,359.59374815115353,544.601942424054,51,9,380.9944444444444,42.72723560561182,5.945406065161669,642.8457464669152,72.09297161119747,6.4674591732941735,1907.1407608476181,213.87937228487368,7.553884623316212,111.64582736289582,12.520701127476695,4.724248625472263,63,239,244,321,867,867,67,0,0.054241829530183125,0.0028838983010124304
2016,AE,United Arab Emirates (the),West and Central Asia,Tay A,Chau A khac,0,0,0,High income,4,630585000000.0,8994263.0,70109.69103305074,630.585,8.994263,11.157816309302852,4.65345758992759,0.38541745969877544,0.13032885179943574,349.4270148627814,557.041487408171,46,7,473.7920329670329,52.677137967505836,6.162876882828583,721.6336931445848,80.23266532728526,6.582902445283001,2189.167388350114,243.39597233815755,7.691733252926272,110.06696702674597,12.237463706225398,4.710133325943364,76,238,246,344,904,904,69,0,0.03402154969385225,0.007344719724120986
2017,AE,United Arab Emirates (the),West and Central Asia,Tay A,Chau A khac,0,0,0,High income,4,635221000000.0,9068296.0,70048.55156911508,635.221,9.068296,11.156943874450953,-0.08720543912658085,0.40777757477842924,0.14828193961328948,368.25754330366135,576.2274869007317,48,8,479.8910256410256,52.91964726791291,6.175640686518773,832.701739277613,91.82560199596628,6.725875711629593,2999.1052231654276,330.7242312299276,8.00640264142363,157.005773409,17.31370186956844,5.062631572922668,80,270,297,353,1000,1000,91,0,0.03351248598233092,0.001667163913216327
2018,AE,United Arab Emirates (the),West and Central Asia,Tay A,Chau A khac,0,0,0,High income,4,643567000000.0,9140169.0,70410.8425128682,643.567,9.140169,11.162102543254232,0.5171997645028403,0.42678356180988086,0.13221897140712352,424.24951125850964,604.3154480606042,47,9,485.98669524919524,53.170427729421114,6.18823680289255,1009.9411355616091,110.49479889940865,6.91863699335072,2902.026070475207,317.50245214013074,7.9735089445131395,185.14091495172755,20.255743077806063,5.226503994141034,74,290,315,440,1119,1119,122,0,0.05518882635965788,0.0
2019,AE,United Arab Emirates (the),West and Central Asia,Tay A,Chau A khac,0,0,0,High income,4,650700000000.0,9211657.0,70638.75695762446,650.7,9.211657,11.165334238260394,0.32369225622403963,0.4190839890394563,0.08885144428167041,405.9792632624255,601.9203510743693,52,9,559.9365231990232,60.78564618711087,6.3296077497429675,1169.9934338216026,127.0122665033666,7.065607756256294,2771.328962331126,300.8502121096265,7.927443026548304,184.01274132580355,19.976073938250583,5.220424694738126,74,309,321,320,1024,1024,107,0,0.10914635181972092,0.009698370343393901
2020,AE,United Arab Emirates (the),West and Central Asia,Tay A,Chau A khac,0,0,0,High income,4,618444000000.0,9287289.0,66590.36883637411,618.444,9.287289,11.106315234004693,-5.731114611315913,0.4340663540220847,0.07631946087468341,444.69410436877087,600.5499797143129,54,10,582.9223679098678,62.765610923690204,6.369768042330845,1535.6988653629487,165.35491308205752,7.337391800701509,2680.0818354173693,288.57525973590026,7.893975661983969,146.51459992058523,15.775820039689219,4.993927153393871,84,327,342,343,1096,1096,125,0,0.13675554007937693,0.0
2021,AE,United Arab Emirates (the),West and Central Asia,Tay A,Chau A khac,0,0,0,High income,4,645376000000.0,9365145.0,68912.54753663718,645.376,9.365145,11.140593552709232,3.4872591049452506,0.4403704609190768,0.08022931208679149,498.4931192262901,632.0196709285784,50,9,652.3452700077698,69.65671861009838,6.482105733809607,1744.9052614727082,186.3190865141659,7.4650284746024935,2980.7825034058237,318.2847145885967,8.000276556181062,192.83121702277268,20.590307680529524,5.266987765033788,88,332,340,332,1092,1092,170,0,0.12316530623377143,0.008342148980567341
2022,AE,United Arab Emirates (the),West and Central Asia,Tay A,Chau A khac,0,0,0,High income,4,693842000000.0,9441129.0,73491.42247712112,693.842,9.441129,11.204923977399288,6.644472021658454,0.4417786760000237,0.056003902935758396,467.5697214275798,606.7276482458254,54,9,600.1236624486623,63.564819678733585,6.398800674515147,2095.259089177881,221.92886986057292,7.647909649050681,2783.997582443237,294.87973127400727,7.932002284297538,231.69718110496018,24.541257841616208,5.449737956375656,95,365,336,315,1111,1111,182,0,0.0977195407560277,0.04660076348448737
2023,AE,United Arab Emirates (the),West and Central Asia,Tay A,Chau A khac,0,0,0,High income,4,718950000000.0,9441129.0,76150.85017904108,718.95,9.441129,11.240471522792056,3.6186912870653565,0.44733936247693296,0.06620627926926777,477.85357408770204,561.3947698779484,53,9,602.7964188589189,63.84791679670078,6.403237086249716,2489.9757177656425,263.73707188680953,7.820429767228174,2920.531886963623,309.3413814135601,7.979863376521141,213.88319315010366,22.65440850878149,5.370094592819504,96,382,342,322,1142,1142,193,1,0.12723612696666053,0.0
2001,AF,Afghanistan,West and Central Asia,Nam A,Chau A khac,0,0,0,Low income,1,29495629513.0,19688632.0,1498.1045667875758,29.495629513,19.688632,7.31195596590503,,0.00950064801096714,-1.0172980174210555,-1.5261727245711032,10.584450700248011,101,27,1.5,0.07618609561090887,0.9162907318741551,0.5,0.025395365203636295,0.4054651081081644,17.0,0.863442416923634,2.8903717578961645,0.07125818794173008,0.003619255413059175,0.06883383425348244,0,0,6,6,12,12,0,0,0.75,0.0
2002,AF,Afghanistan,West and Central Asia,Nam A,Chau A khac,0,0,0,Low income,1,37931379899.0,21000256.0,1806.2341668120616,37.931379899,21.000256,7.4989993860435336,20.56796346901313,0.007886932429815727,-0.9766220481686065,-1.4679312355539516,8.660022555360495,93,24,1.9166666666666665,0.09126872866057759,1.0704414117014134,,,,28.0,1.3333170795632205,3.367295829986474,0.06144956385661777,0.002926134036490687,0.05963548700184033,0,0,6,3,9,9,1,0,0.0,0.0
2003,AF,Afghanistan,West and Central Asia,Nam A,Chau A khac,0,0,0,Low income,1,41281584746.0,22645130.0,1822.9784834973348,41.281584746,22.64513,7.508226971809961,0.927029119088485,0.01055648598156404,-1.7677611730747733,-2.1201962497514746,10.53063090829127,144,41,7.249999999999999,0.3201571375390646,2.1102132003465894,2.833333333333333,0.12511888133710572,1.3437347467010947,3.0,0.13247881553340607,1.3862943611198906,0.1690133066117201,0.0074635608897683555,0.1561600653265325,1,3,10,0,14,14,0,0,0.25862068965517243,0.0
2004,AF,Afghanistan,West and Central Asia,Nam A,Chau A khac,0,0,0,Low income,1,41865355064.0,23553551.0,1777.454068985182,41.865355064,23.553551,7.4829373211101595,-2.4972546261114115,0.011822258521601273,-1.8726737066193326,-2.925760936500491,12.858110796322707,153,43,5.749999999999999,0.24412454835366434,1.9095425048844383,2.583333333333333,0.10967914491251587,1.276293465905562,6.0,0.2547386591516498,1.9459101490553132,0.16744481002115338,0.007109111064448558,0.1548174375130728,1,3,10,1,15,15,0,0,0.48447204968944096,0.0
2005,AF,Afghanistan,West and Central Asia,Nam A,Chau A khac,0,0,0,Low income,1,46566715049.0,24411191.0,1907.5970135582488,46.566715049,24.411191,7.553599620873593,7.321873844389715,0.012953073374191434,-1.474289932329701,-1.619037580528824,16.06257973324378,131,36,4.166666666666667,0.17068674226778477,1.6422277352570913,3.607142857142857,0.14776595116325367,1.5276078941864681,3.7142857142857144,0.15215503882156814,1.550597412411167,0.19717942389825327,0.008077419241783543,0.17996830999459593,2,4,9,2,17,17,0,0,0.0,0.0
2006,AF,Afghanistan,West and Central Asia,Nam A,Chau A khac,0,0,0,Low income,1,49061481754.0,25442944.0,1928.2942160309751,49.061481754,25.442944,7.564391065203856,1.0849881985356857,0.011401732940819932,-1.8758227377001664,-5.557853951750822,13.940715204301343,155,42,6.583333333333327,0.2587488827288747,2.025952856728849,1.6666666666666665,0.06550604626047467,0.9808292530117262,2.833333333333333,0.11136027864280694,1.3437347467010947,0.1916805642218178,0.007533741544288971,0.1753645496939003,1,0,12,0,13,13,0,0,0.33211400300007815,0.0
2007,AF,Afghanistan,West and Central Asia,Nam A,Chau A khac,0,0,0,Low income,1,55844878996.0,25903301.0,2155.898161242075,55.844878996,25.903301,7.675962695867858,11.80338266426888,0.014368828170961039,-1.5234921472156462,-3.40643573282576,19.847401141355974,137,38,13.549999999999997,0.5230993532445922,2.6775909936175015,4.924242424242424,0.19010096142736496,1.7790528179589402,4.88235294117647,0.18848381297721362,1.7719568419318752,0.26410803723940807,0.01019592202705779,0.23436676457163141,1,2,12,0,15,15,0,0,0.41516750926345003,0.0
2008,AF,Afghanistan,West and Central Asia,Nam A,Chau A khac,0,0,0,Low income,1,58036781460.0,26427199.0,2196.1003684121047,58.03678146,26.427199,7.694438506690669,1.8647544625608914,0.019043058691407568,-1.3453649018590483,1.9482423405146938,30.635656509479297,131,35,9.399999999999997,0.35569414677658406,2.3418058061473266,6.916666666666666,0.26172530303596175,2.0689702418125404,9.928571428571429,0.37569518542511554,2.391380591777177,0.4466327547531071,0.016900495385572534,0.36923861775454664,1,3,13,0,17,17,0,0,0.0,0.0
2009,AF,Afghanistan,West and Central Asia,Nam A,Chau A khac,0,0,0,Low income,1,70451155677.0,27385307.0,2572.589588898894,70.451155677,27.385307,7.852668292718481,17.14353432575628,0.029415788007200554,-0.7954115990571357,12.276860163966973,46.471476078500174,101,26,13.76666666666666,0.5027026597389126,2.6923723883829798,5.7555555555555555,0.21016947356316126,1.910365211635902,32.93333333333333,1.2025913506587065,3.5243978154483124,1.0779155626996217,0.03936109106608232,0.7313652579244205,0,2,27,4,33,33,0,0,0.08852905569007267,0.0
2010,AF,Afghanistan,West and Central Asia,Nam A,Chau A khac,0,0,0,Low income,1,80569661677.0,28189672.0,2858.126964974974,80.569661677,28.189672,7.957921781916994,11.09921991864602,0.019118574087051934,-1.9988050038232257,-3.137025393821143,28.547601137230238,162,42,11.39999999999999,0.404403428319421,2.5176964726109903,13.059523809523808,0.46327335094653843,2.6433000173540484,8.0,0.283791879522401,2.1972245773362196,0.4457900141571972,0.015813948248748592,0.3686558947661817,0,3,15,0,18,18,0,0,0.12183235867446408,0.0
2011,AF,Afghanistan,West and Central Asia,Nam A,Chau A khac,0,0,0,Low income,1,80913174278.0,29249157.0,2766.3420958764727,80.913174278,29.249157,7.925281183491223,-3.2113643033805817,0.01754604533038209,-1.363133952881565,0.6681222272754674,29.745676256029103,139,38,9.9,0.33847129337778864,2.388762789235098,9.049999999999999,0.30941062677464515,2.3075726345050844,15.261904761904763,0.5217895600172259,2.7888252412874217,0.4773442556380643,0.016319932080027615,0.3902460540063555,2,1,13,0,16,16,0,0,0.0,0.0
2012,AF,Afghanistan,West and Central Asia,Nam A,Chau A khac,0,0,0,Low income,1,91231454558.0,30466479.0,2994.4863191443947,91.231454558,30.466479,8.004527983033,8.24714425623625,0.02626764237500215,-0.41018039551519153,12.942227657107303,51.71120962065418,80,19,6.3333333333333295,0.20787874218524988,1.9924301646902056,6.316666666666666,0.20733169286370987,1.9901548508530706,23.51038352774832,0.7716803614801803,3.1990968452245445,0.3619082331979695,0.011878899205844217,0.3088868289507915,0,0,8,14,22,22,0,0,0.0,0.0
2013,AF,Afghanistan,West and Central Asia,Nam A,Chau A khac,0,0,0,Low income,1,96341095376.0,31541209.0,3054.451570832304,96.341095376,31.541209,8.024355336941149,2.002522145602681,0.01888866443797112,-1.89800685483756,-3.6994750747580083,31.79101469406679,155,41,5.849999999999993,0.18547164758332485,1.9242486522741329,11.244345238095237,0.3564969636419212,2.5050642171978406,9.583333333333334,0.30383532011513364,2.359280436670591,0.5477109568373312,0.01736493223317252,0.43677703734379225,1,3,15,1,20,20,0,0,0.0,0.0
2014,AF,Afghanistan,West and Central Asia,Nam A,Chau A khac,0,0,0,Low income,1,98965950295.0,32716210.0,3024.9821203311753,98.965950295,32.71621,8.014660459813152,-0.9648033310640569,0.025253461965879725,-1.1542639214575159,3.4507722830391097,47.92277436956306,123,33,3.4999999999999964,0.10698060686124697,1.5040773967762733,13.41561884533845,0.4100602987124258,2.668312260820169,24.849633876761537,0.7595511178330724,3.252296437479341,0.5556958650740139,0.01698533739311534,0.44192294718750796,0,4,13,18,35,35,0,0,0.0,0.0
2015,AF,Afghanistan,West and Central Asia,Nam A,Chau A khac,0,0,0,Low income,1,100402000000.0,33753499.0,2974.5656887305227,100.402,33.753499,7.997853320341257,-1.6666687469588437,0.018490247853812553,-1.7832396680079496,-1.6600085983664137,28.998439545325233,153,41,6.433333333333328,0.19059752392880303,2.0059743897979625,8.826923076923077,0.2615113495914328,2.285125871622277,23.12962962962963,0.685251316600677,3.1834405305605706,0.7221513309882154,0.021394858381592243,0.5435742830897724,2,0,18,0,20,20,0,0,0.0,0.0
2016,AF,Afghanistan,West and Central Asia,Nam A,Chau A khac,0,0,0,Low income,1,102672000000.0,34636207.0,2964.296870035452,102.672,34.636207,7.994395139981903,-0.3452207740435975,0.023005439539010103,-1.8572822588880156,-2.3721663250382345,37.615725146264154,155,42,9.55,0.2757230316818467,2.3561258599220753,8.584027777777777,0.24783394376231144,2.2600979397179937,85.22768440709618,2.460652934863687,4.456991290922769,0.6376827562221686,0.01841087149704841,0.4932822891529212,1,1,18,0,20,20,0,0,0.26178010471204183,0.0
2017,AF,Afghanistan,West and Central Asia,Nam A,Chau A khac,0,0,0,Low income,1,105389000000.0,35643418.0,2956.759085225777,105.389,35.643418,7.991849043833287,-0.2542857594956205,0.02147913819747252,-2.3952791646413276,-11.236779332669421,33.26625429188493,173,46,3.8499999999999996,0.10801433240773935,1.5789787049493917,17.468855218855218,0.4901004504914545,2.9160858117193595,28.40714285714286,0.79698144709755,3.3812375991606003,0.750007205,0.021041955207550523,0.5596199050698044,0,3,21,0,24,24,0,0,0.3305785123966941,0.0
2018,AF,Afghanistan,West and Central Asia,Nam A,Chau A khac,0,0,0,Low income,1,106643000000.0,36686784.0,2906.850597752041,106.643,36.686784,7.974825505276015,-1.6879456876658372,0.021558603824045026,-2.223080568983399,-6.12225161836315,35.72062003500608,172,45,3.6666666666666665,0.09994516463112892,1.5404450409471488,21.996918767507,0.59958700025347,3.135360240324689,14.005952380952381,0.38177105905364667,2.708446947784661,0.822248792363464,0.022412670251049097,0.6000713385627008,0,1,20,0,21,21,1,0,0.0,0.0
2019,AF,Afghanistan,West and Central Asia,Nam A,Chau A khac,0,0,0,Low income,1,110814000000.0,37769499.0,2933.954723625008,110.814,37.769499,7.984106526963207,0.9324223919153996,0.019895536677426568,-2.5446708620529557,-11.941057760930317,28.86590364002648,180,46,6.1166666666666645,0.16194725449407374,1.9624394510065235,22.514652014652015,0.5961067160210946,3.1576237168461785,21.0,0.5560041979905531,3.091042453358316,0.9370038562870434,0.02480847988709205,0.6611423752783461,0,3,21,0,24,24,0,0,0.3919990091652218,0.19727891156462582
2020,AF,Afghanistan,West and Central Asia,Nam A,Chau A khac,0,0,0,Low income,1,108209000000.0,38972230.0,2776.5668015404817,108.209,38.97223,7.928970480014233,-5.364360970440185,0.021265969818865197,-2.5217135342724735,-11.349440978579741,34.92585456442499,180,46,2.6666666666666665,0.06842479033575102,1.2992829841302609,35.32888714607464,0.9065143859120877,3.5926132139465685,9.0,0.23093366738315974,2.302585092994046,0.8447346130358394,0.02167529579487341,0.6123354259733701,0,5,16,0,21,21,1,0,0.0,0.0
2021,AF,Afghanistan,West and Central Asia,Nam A,Chau A khac,0,0,0,Low income,1,85767546198.0,40099462.0,2138.8702471369816,85.767546198,40.099462,7.668033046717461,-22.967088493952183,0.022923146335709608,-2.674280779823524,-12.635821272795633,38.543347275671046,187,46,2.333333333333333,0.05818864435970071,1.203972804325936,52.282932263814615,1.3038312649634705,3.97561605969927,10.666666666666666,0.26600523135863186,2.456735772821304,1.0050649377976872,0.025064299810249005,0.6956764481630759,0,4,16,0,20,20,1,0,0.0,0.0
2022,AF,Afghanistan,West and Central Asia,Nam A,Chau A khac,0,0,0,Low income,1,80415503801.0,41128771.0,1955.2129043924022,80.415503801,41.128771,7.578254368992527,-8.586651901414633,0.02972465889789089,-2.3209101780424928,-7.206180372160072,52.59535717510116,176,46,3.8000000000000034,0.0923927437559465,1.568615917913846,70.85796007666251,1.722831933797937,4.274691393816013,6.0,0.14588327961465222,1.9459101490553132,0.9709524713881952,0.02360762181267695,0.6785169139215392,0,9,17,0,26,26,1,0,0.0,0.0
2023,AF,Afghanistan,West and Central Asia,Nam A,Chau A khac,0,0,0,Low income,1,82238478028.0,41128771.0,1999.536480873693,82.238478028,41.128771,7.600670673118532,2.266943737007754,0.03317807484772374,-1.993675240594039,2.2944485645180794,52.82730752284481,163,46,3.0,0.07294163980732611,1.3862943611198906,73.2531545392273,1.7810684043835712,4.30748026215713,14.734591194968553,0.35825508121719835,2.7558615495604095,0.9594768078385566,0.023328603906947683,0.6726775028327505,0,5,17,0,22,22,0,1,0.0,0.0
2001,AM,Armenia,West and Central Asia,Tay A,Chau A khac,0,0,0,Upper middle income,3,16200693305.0,3133133.0,5170.764632398305,16.200693305,3.133133,8.550775854516033,,0.05296947046537541,-0.6114023743251407,40.83385110367284,59.87791105986798,81,19,27.666666666666668,8.830351812919103,3.355735007585398,22.446403596403595,7.164203880398182,3.154717118371803,3.5,1.1170926992247057,1.5040773967762742,0.32901657517645433,0.10501200401529534,0.28443925156940253,6,13,13,2,34,34,0,0,0.43373493975903615,0.0
2002,AM,Armenia,West and Central Asia,Tay A,Chau A khac,0,0,0,Upper middle income,3,18339184821.0,3105037.0,5906.269336243015,18.339184821,3.105037,8.683769665097945,14.224292848997223,0.06305930970063464,-0.41399994278137037,55.48383504780661,75.615728651682,66,16,47.0,15.136695633578602,3.871201010907891,25.122756410256407,8.090968452310362,3.2628068275639124,17.133333333333333,5.517915996921562,2.8977518651937872,0.48594606052465045,0.1565025023935787,0.396051647201131,12,21,14,5,52,52,5,0,0.4199594731509625,0.0
2003,AM,Armenia,West and Central Asia,Tay A,Chau A khac,0,0,0,Upper middle income,3,20906670696.0,3084102.0,6778.851897894428,20.906670696,3.084102,8.82156303000164,14.773836274226927,0.06895723024567635,-0.4895128054986982,58.877505979931016,86.89991273203316,75,18,24.808205128205127,8.04389904361306,3.25069246959232,28.923423798423798,9.378231912700617,3.3986415783249626,4.68937048503612,1.5204978580592081,1.7385996066989173,0.7384864176067164,0.2394494143211594,0.5530148597270149,9,21,16,9,55,55,0,0,0.08061848850669753,0.0
2004,AM,Armenia,West and Central Asia,Tay A,Chau A khac,0,0,0,Upper middle income,3,23101871119.0,3065745.0,7535.483583598766,23.101871119,3.065745,8.927378287315625,11.161649451868904,0.06946036141001145,-0.2900568039636857,62.14800795965253,98.5847683933038,67,13,23.257948717948715,7.586393753540726,3.1887443458581006,32.45642135642136,10.586797452632673,3.510243736952419,6.491534391534391,2.117441075997642,2.0137736352312827,0.7412559508823449,0.24178656440191368,0.5546066636981963,9,21,14,6,50,50,0,0,0.06142293311830056,0.0
2005,AM,Armenia,West and Central Asia,Tay A,Chau A khac,0,0,0,Upper middle income,3,26313031204.0,3047246.0,8635.020344271516,26.313031204,3.047246,9.063581346602499,14.59145585647521,0.062163308726352576,-0.5300204685743071,51.0638047467081,88.80550764972604,84,21,24.22974358974359,7.951357911288945,3.2280235996898528,35.473578219166455,11.641192807921138,3.596588114051221,51.333333333333336,16.845812032679127,3.9576335166801986,1.0177323798510625,0.3339843189066661,0.7019742966113311,9,22,12,10,53,53,0,0,0.23387233322045373,0.6412337662337663
2006,AM,Armenia,West and Central Asia,Tay A,Chau A khac,0,0,0,Upper middle income,3,29786351323.0,3026486.0,9841.89298182777,29.786351323,3.026486,9.19440334774638,13.976488640897022,0.07468968678717426,-0.5292305275575601,57.64150778858029,114.06094796511171,84,20,46.06923076923077,15.22202011482319,3.851619513006958,43.52003968253968,14.379726085810304,3.7959394177488086,20.963043478260868,6.926529142464518,3.0893611989445917,1.0833405036637231,0.35795325128341027,0.7339726168328647,11,17,15,2,45,45,0,0,0.12300328379807426,0.2862179819558229
2007,AM,Armenia,West and Central Asia,Tay A,Chau A khac,0,0,0,Upper middle income,3,33867081455.0,3004393.0,11272.520424258744,33.867081455,3.004393,9.330123222159532,14.536100372890747,0.09128437000760019,-0.3285546360744712,74.39774856955191,156.7301997766896,77,19,44.7426923076923,14.892423297382301,3.8230320479837756,49.01743208482338,16.315253059377845,3.9123715863632196,30.901075268817205,10.285297319231274,3.462639716709147,1.2496301456399048,0.4159343153974546,0.8107658229889048,20,20,20,11,71,71,0,0,0.20419789612867983,0.27715916208504415
2008,AM,Armenia,West and Central Asia,Tay A,Chau A khac,0,0,0,Upper middle income,3,36203910075.0,2983421.0,12135.032258269952,36.203910075,2.983421,9.403851776440643,7.651455056626566,0.07620624682076423,-0.5729118934342772,49.5359171294587,140.97463748704726,88,21,35.89487179487179,12.031447051848128,3.6080725656397252,45.22767677865294,15.159669647244872,3.8335786831932106,21.18235294117647,7.10002139864822,3.0992970602080954,1.0106180251186296,0.3387446911175559,0.6984421499935755,2,16,18,1,37,37,0,0,0.162511607971998,0.18883643432379893
2009,AM,Armenia,West and Central Asia,Tay A,Chau A khac,0,0,0,Upper middle income,3,31099158754.0,2964296.0,10491.246067869066,31.099158754,2.964296,9.258296480595973,-13.545791683253706,0.07224036259224413,-0.684185646454582,46.432728463203254,118.67294871062472,97,25,24.31,8.200935399163916,3.2311995745570328,45.81212439521263,15.45463894132456,3.8461422376449845,10.316666666666666,3.4803092088869216,2.4262765653365954,0.6090887184205741,0.20547499926477453,0.47566800534694464,4,10,14,4,32,32,0,0,0.0,0.0
2010,AM,Armenia,West and Central Asia,Tay A,Chau A khac,0,0,0,Upper middle income,3,31783340247.0,2946293.0,10787.569412478664,31.783340247,2.946293,9.28614976989971,2.8244818841598907,0.07842826555375107,-0.4728794551672923,61.14686299888685,139.99916457158037,83,19,37.743205128205126,12.810404507700058,3.6569553888932886,50.27765190274734,17.06471552650987,3.937255021836017,18.443939393939395,6.260049286998746,2.96753542222399,0.80328899700541,0.2726439620925041,0.5896122181239476,7,9,14,5,35,35,0,0,0.08978805264093499,0.0
2011,AM,Armenia,West and Central Asia,Tay A,Chau A khac,0,0,0,Upper middle income,3,33277157238.0,2928976.0,11361.36220918164,33.277157238,2.928976,9.337973597866254,5.319018351244464,0.09535134407890412,-0.3558429235172668,77.55524039572558,182.07837912639252,82,19,43.080000000000005,14.708212016759443,3.7860061648446592,59.87648380972825,20.442804519302396,4.10884695580349,49.830635300372144,17.012988600921325,3.92849922991252,1.1129102502677888,0.3799656433742676,0.7480662627047543,11,17,13,14,55,55,0,0,0.10415922672190081,0.16738516458060887
2012,AM,Armenia,West and Central Asia,Tay A,Chau A khac,0,0,0,Upper middle income,3,35673112560.0,2914421.0,12240.205708097767,35.67311256,2.914421,9.412481362142232,7.735370836129962,0.10694069818353583,-0.31440073156166237,88.05108734161516,201.69723200930878,77,16,46.055,15.802452699867315,3.851317130310751,73.59993910023503,25.25370874703244,4.312139690858645,69.68962904911182,23.911997974593174,4.258298872596762,1.1761845578997647,0.4035740059173897,0.7775731406083785,15,15,17,10,57,57,0,0,0.19948974052763002,0.0
2013,AM,Armenia,West and Central Asia,Tay A,Chau A khac,0,0,0,Upper middle income,3,36850325274.0,2901385.0,12700.942920019232,36.850325274,2.901385,9.449431515361415,3.764129647074932,0.10379346777786887,-0.33135552904911636,101.42867226656682,192.57744418943759,76,17,55.66666666666666,19.186239215638967,4.037186148382152,57.60994548068331,19.85601548249657,4.070904400282878,65.19888551165147,22.471642168016817,4.1926636276298215,1.130336077453449,0.3895850007680639,0.7562797501169252,19,13,18,21,71,71,0,0,0.0,0.0
2014,AM,Armenia,West and Central Asia,Tay A,Chau A khac,0,0,0,Upper middle income,3,38176936984.0,2889930.0,13210.332770689947,38.176936984,2.88993,9.488754588015889,4.01064593297098,0.10862146895548741,-0.20975438336141133,108.70802625440444,212.7199087032941,71,15,78.125,27.03352676362403,4.3710288804643405,67.79710797088937,23.45977514019003,4.2311617087489495,49.20912698412698,17.02779201715162,3.9161968226046144,1.3035648780486282,0.45107143704125297,0.834457869984675,15,16,19,8,58,58,0,0,0.144,0.04470715362842421
2015,AM,Armenia,West and Central Asia,Tay A,Chau A khac,0,0,0,Upper middle income,3,39398598967.0,2878595.0,13686.74612684313,39.398598967,2.878595,9.524183207551124,3.60636907807661,0.11898719233011963,-0.3982424749420259,122.08954064275497,218.99468308171285,79,18,60.41666666666667,20.98824831790046,4.1176812424013365,73.59632832958134,25.566753339591482,4.3120912878963376,99.48109215346057,34.55890535259756,4.609969572022487,1.1212935891461258,0.3895280819796206,0.7520260861571203,15,15,18,12,60,60,0,0,0.16367816091954027,0.26504199035122344
2016,AM,Armenia,West and Central Asia,Tay A,Chau A khac,0,0,0,Upper middle income,3,39477396165.0,2865835.0,13775.181113008948,39.477396165,2.865835,9.530623781884515,0.6461359430958824,0.12067722130419048,-0.36027050803637867,123.54193942895131,224.93916224960756,78,15,62.67857142857143,21.870963062622735,4.153848107687937,78.6883589551263,27.45739337928607,4.378123514339374,66.08043532265607,23.05800414980488,4.205892426538245,1.3468814018597506,0.4699786979570528,0.8530873837897048,15,7,21,9,52,52,1,0,0.09572649572649572,0.0
2017,AM,Armenia,West and Central Asia,Tay A,Chau A khac,0,0,0,Upper middle income,3,42438200878.0,2851923.0,14880.556339704824,42.438200878,2.851923,9.607810696109176,8.024397048776265,0.12431025257261609,-0.4327347323839906,122.44763554094071,233.37843736796844,85,17,75.85238095238093,26.596924584703345,4.341886451318353,66.18858431241769,23.208405105052865,4.207503356795182,117.53517954503282,41.21260621167991,4.775209790314625,1.643538514,0.576291335355127,0.9721183659082123,15,10,15,17,57,57,2,0,0.09928324399034881,0.0
2018,AM,Armenia,West and Central Asia,Tay A,Chau A khac,0,0,0,Upper middle income,3,44644987324.0,2836557.0,15739.14690379922,44.644987324,2.836557,9.663906321252195,5.769882150195382,0.12661705440770546,-0.5876575232898358,129.30459271212573,239.30744215756343,88,22,66.76785714285714,23.53834495229856,4.216087999094581,71.61068748762895,25.245636695341908,4.285112121569739,203.92140818959285,71.89046727761608,5.322626530946633,1.7083145002149676,0.6022493114768952,0.9963264857567328,17,10,22,36,85,85,1,0,0.029954533297673173,0.0
2019,AM,Armenia,West and Central Asia,Tay A,Chau A khac,0,0,0,Upper middle income,3,48038006360.0,2820602.0,17031.118307368426,48.03800636,2.820602,9.742797438404365,8.208649499658339,0.13691470354807475,-0.4908030500521294,140.50576805935617,263.6406207353312,87,21,96.79545454545452,34.317303379014305,4.582878098920339,79.76010357715542,28.27768808827173,4.391483075974218,156.26927026431295,55.402807721299546,5.057959433473512,1.9427591466750873,0.6887746469282399,1.0793476265122617,18,22,23,32,95,95,0,0,0.18434078431075507,0.04557085034931563
2020,AM,Armenia,West and Central Asia,Tay A,Chau A khac,0,0,0,Upper middle income,3,44579269902.0,2805608.0,15889.343736544806,44.579269902,2.805608,9.673403958271633,-6.704049318532634,0.13154954503550276,-0.479894420462306,136.5949533905512,255.707546508816,88,19,80.18333333333334,28.579663778166207,4.396709971584442,67.75019132189497,24.14813164272948,4.230479519406735,135.6336715219383,48.34377130445105,4.917303413993583,2.1255744907552208,0.7576163493813893,1.1396181033340773,18,15,26,31,90,90,0,0,0.11639991685720222,0.014745600982102047
2021,AM,Armenia,West and Central Asia,Tay A,Chau A khac,0,0,0,Upper middle income,3,47164867557.0,2790974.0,16899.07091825291,47.164867557,2.790974,9.735013924148664,6.354744402600931,0.14957930267678893,-0.39943176024546223,180.95288748580228,295.88011909403923,79,17,69.99166666666666,25.077864095712343,4.2625624992607944,48.85791462062663,17.505686051044055,3.909177252524117,134.0215754676224,48.01964313090068,4.9054345839475335,2.117489670143166,0.7586920086475782,1.137028085059962,14,12,26,22,74,74,0,0,0.07710668503620045,0.0
2022,AM,Armenia,West and Central Asia,Tay A,Chau A khac,0,0,0,Upper middle income,3,53107640869.0,2780469.0,19100.245630862995,53.107640869,2.780469,9.857456474206636,13.025418517136146,0.1853797967092962,-0.0418592042572944,205.66200883495395,352.00218442661367,62,12,67.80555555555554,24.386373505892546,4.231284491033249,73.03556917193357,26.267356036673515,4.3045456422075885,118.70443440810034,42.69223444249885,4.785025657893617,3.924080008853702,1.4113014778635193,1.5941374569419648,17,14,45,19,95,95,0,0,0.0,0.15645330526599316
2023,AM,Armenia,West and Central Asia,Tay A,Chau A khac,0,0,0,Upper middle income,3,57515575061.0,2780469.0,20685.566018178946,57.515575061,2.780469,9.93719144222328,8.299999999760853,0.19988668759994474,0.03261228420060007,229.4319961443947,348.8247148442953,56,10,77.60277777777779,27.90995971463008,4.364407039494889,98.25295103876373,35.3368266428303,4.597671652513319,73.30353922161285,26.36373188178428,4.308158584796681,5.400615342102923,1.9423397067555592,1.8563941329473617,28,21,45,32,126,126,1,1,0.22247164964708013,0.0
2001,AZ,Azerbaijan,West and Central Asia,Tay A,Chau A khac,0,0,0,Upper middle income,3,50037872023.0,8111200.0,6168.985109848111,50.037872023,8.1112,8.727289615500794,,0.02502082704402141,-0.9131068565232682,14.158070676609903,27.037482592764114,98,25,27.5,3.3903738041226945,3.349904087274605,5.75,0.7088963408620179,1.9095425048844386,,,,2.1111673023645965,0.2602780479293565,1.1349979941502126,3,5,16,0,24,24,0,0,0.33388429752066107,
2002,AZ,Azerbaijan,West and Central Asia,Tay A,Chau A khac,0,0,0,Upper middle income,3,54760904902.0,8171950.0,6701.081737161877,54.760904902,8.17195,8.810024245654617,8.625351137001957,0.027460560324356773,-1.1327584807477415,13.562367493497973,29.845733440150273,104,29,24.25,2.9674679849974606,3.228826155721369,8.049999999999999,0.9850770012053425,2.2027647577118348,0.5,0.06118490690716413,0.4054651081081644,1.9777290494579916,0.24201433555736285,1.0911609460587122,3,8,19,1,31,31,0,0,0.0907216494845361,0.0
2003,AZ,Azerbaijan,West and Central Asia,Tay A,Chau A khac,0,0,0,Upper middle income,3,60351062364.0,8234100.0,7329.406050934528,60.351062364,8.2341,8.89964976171145,9.376460971788813,0.03175375328134949,-0.9227809568645791,16.714804891966015,37.59537111634321,93,24,23.166666666666664,2.8135031960586665,3.1849742731925192,10.116666666666667,1.228630532379576,2.408445483693523,1.0,0.12144618112483453,0.6931471805599453,2.5432831046997886,0.30887202058510205,1.2650537280536989,3,10,23,0,36,36,0,0,0.2343268242548818,0.0
2004,AZ,Azerbaijan,West and Central Asia,Tay A,Chau A khac,0,0,0,Upper middle income,3,65935829773.0,8306500.0,7937.859480286523,65.935829773,8.3065,8.979398931030433,8.301538011724908,0.031068180461079148,-1.2416481101738268,11.569771775706398,37.99208729166713,119,32,28.666666666666664,3.4511125825157003,3.39002408106403,7.230555555555555,0.8704695787101132,2.1078535161234093,2.1,0.252814061277313,1.1314021114911006,3.198692984431132,0.38508312579680154,1.4347732826753012,3,2,25,0,30,30,0,0,0.17940199335548174,0.0
2005,AZ,Azerbaijan,West and Central Asia,Tay A,Chau A khac,0,0,0,Upper middle income,3,84372501916.0,8391850.0,10054.100337351121,84.372501916,8.39185,9.215735824046677,26.660094731082484,0.0688398083052999,-0.23821733977054638,54.39206106096397,103.06687429673987,63,13,34.0,4.051550015789129,3.5553480614894135,12.826984126984126,1.5285049335943952,2.6266220544333136,6.9191091501208115,0.824503434894667,2.069278718454515,5.5589787681611,0.6624258975268981,1.8808349152520978,5,3,28,74,110,110,2,0,0.23529411764705882,0.0
2006,AZ,Azerbaijan,West and Central Asia,Tay A,Chau A khac,0,0,0,Upper middle income,3,113453000000.0,8484550.0,13371.71682646693,113.453,8.48455,9.500897070712929,32.99764651035775,0.0630605016864696,-0.5306225078194738,42.22532863699909,99.83529204730823,85,21,33.5,3.9483531831387637,3.5409593240373143,21.079761904761902,2.4844879109395195,3.0946614380519275,5.223809523809524,0.6156849242222067,1.8283821829067533,8.84124996978316,1.0420411182423535,2.2865827324461128,6,8,28,26,68,68,0,0,0.19423714759535657,0.0
2007,AZ,Azerbaijan,West and Central Asia,Tay A,Chau A khac,0,0,0,Upper middle income,3,142341000000.0,8581300.0,16587.34690548052,142.341,8.5813,9.716395449086523,24.04799713264061,0.08245933264267082,-0.17770955290902443,63.274266297482505,146.90840643328812,64,14,43.416666666666664,5.059450976736236,3.7936147743778443,25.2,2.936617994942491,3.265759410767051,13.24290992745422,1.5432288729509769,2.656259233945527,8.56601889644729,0.9982192554097036,2.2582171206322035,6,15,29,98,148,148,1,0,0.12476007677543184,0.0
2008,AZ,Azerbaijan,West and Central Asia,Tay A,Chau A khac,0,0,0,Upper middle income,3,157417000000.0,8763400.0,17963.005226282035,157.417,8.7634,9.796069656715853,8.293419849722872,0.04008792169586271,-0.9627591306800551,18.525725113375824,72.13501643668495,112,28,39.23809523809524,4.477496775006874,3.694814189633751,21.712433862433862,2.47762670452494,3.122912521772375,17.694444444444446,2.0191300687455147,2.928226391188618,25.70753540213322,2.9335115825060156,3.2849457503872737,5,9,25,6,45,45,0,0,0.12742718446601942,0.0
2009,AZ,Azerbaijan,West and Central Asia,Tay A,Chau A khac,0,0,0,Upper middle income,3,172166000000.0,8947243.0,19242.352085441293,172.166,8.947243,9.864868966510866,7.122120397133869,0.05885945571688431,-0.49282649472977336,43.9852956570602,100.84487573984995,84,20,51.61904761904762,5.769268546640302,3.9630781762284304,36.056060606060605,4.029851497948654,3.6124319174754396,14.1938123752495,1.5863895029172115,2.720888264396749,15.113615549221755,1.6891924751816572,2.7796646008863144,4,12,24,2,42,42,1,0,0.22601476014760147,0.0
2010,AZ,Azerbaijan,West and Central Asia,Tay A,Chau A khac,0,0,0,Upper middle income,3,180411000000.0,9054332.0,19925.379365368975,180.411,9.054332,9.899749543144365,3.549603899226317,0.06022641867357274,-0.3903366986253592,48.33672328030112,112.69222268821177,78,18,37.89285714285714,4.185052761800334,3.6608106127577567,34.031727778631804,3.7586127589127285,3.5562541588201215,22.19096684679422,2.4508673689891443,3.143762842799984,22.84541156749879,2.5231471043362212,3.1715918117186077,2,12,18,9,41,41,1,0,0.15834118755890672,0.0
2011,AZ,Azerbaijan,West and Central Asia,Tay A,Chau A khac,0,0,0,Upper middle income,3,177573000000.0,9173082.0,19358.052179191247,177.573,9.173082,9.87086374519002,-2.847259145106984,0.05178073665596528,-0.6422760395447913,37.676752121859565,104.32652823109446,96,24,45.08333333333333,4.914742213503959,3.8304513517343346,41.257007443114254,4.49761677079898,3.7437701966922483,9.898974358974359,1.0791328758398058,2.3886686893008986,26.177185783017208,2.853695822518234,3.302377863370354,5,20,20,0,45,45,1,0,0.0,0.0
2012,AZ,Azerbaijan,West and Central Asia,Tay A,Chau A khac,0,0,0,Upper middle income,3,181485000000.0,9295784.0,19523.366721946208,181.485,9.295784,9.879367320604432,0.8539833513449446,0.0555377332803378,-0.443300198575147,42.19775822428332,110.66502455193634,85,21,42.89285714285714,4.61422695953963,3.7817515993908306,38.30215074237655,4.120378737541293,3.6712792436469113,13.227900669548266,1.4230000040392792,2.6552048727256192,22.496624691487714,2.420089009328069,3.1568567806848566,3,11,27,6,47,47,0,0,0.10652234249236751,0.0
2013,AZ,Azerbaijan,West and Central Asia,Tay A,Chau A khac,0,0,0,Upper middle income,3,192090000000.0,9416801.0,20398.64705646854,192.09,9.416801,9.923223856871642,4.483244857242941,0.06853485371362396,-0.4446155296626063,66.98085655108932,137.28639818806772,83,19,43.12619047619047,4.5797071081984715,3.7870534945198964,27.53662208310041,2.924201337917241,3.3511882477594157,23.02980623164838,2.445608251852023,3.1792949861140514,22.150593607167927,2.352241871434676,3.1420204219818104,9,11,25,8,53,53,0,0,0.04637553138629714,0.0
2014,AZ,Azerbaijan,West and Central Asia,Tay A,Chau A khac,0,0,0,Upper middle income,3,197464000000.0,9535079.0,20709.21488956725,197.464,9.535079,9.938334043944685,1.5224923115684241,0.060413221371133766,-0.8001188476122633,50.795833041613484,120.24576867287635,105,26,50.48461538461538,5.294619518581375,3.94128303264506,41.75384409276719,4.378972014051188,3.7554591116388294,36.603240740740745,3.838797847478846,3.6270902365950293,20.132670323047186,2.111431937065984,3.0508201995564623,8,16,26,11,61,61,0,0,0.08170806033825995,0.0
2015,AZ,Azerbaijan,West and Central Asia,Tay A,Chau A khac,0,0,0,Upper middle income,3,199536000000.0,9649341.0,20678.717852338308,199.536,9.649341,9.936860327296953,-0.14726312606040404,0.09307399854577286,-0.11464963482058309,104.09499887432588,189.6941649451657,65,13,68.9742673992674,7.148080620144672,4.248127565882866,57.86315264150945,5.996591129022122,4.075215303068359,16.867890933226363,1.7480873495118852,2.883005299443168,11.09092417783055,1.149397060154735,2.4924551032131013,16,20,26,35,97,97,0,0,0.08118969887108189,0.0
2016,AZ,Azerbaijan,West and Central Asia,Tay A,Chau A khac,0,0,0,Upper middle income,3,193423000000.0,9757812.0,19822.37411419691,193.423,9.757812,9.894566584474196,-4.1411839179601895,0.06799881744244296,-0.6621905968481225,63.61092717748065,132.16432767009854,97,26,48.1136393018746,4.930781542201736,3.894136782413927,57.900470393538356,5.933755476487798,4.075849076933602,6.043932538050185,0.6193942390005244,1.952166613366375,10.245194260535131,1.0499479043596178,2.4199408605430883,4,15,25,3,47,47,0,0,0.06051848806558487,0.0
2017,AZ,Azerbaijan,West and Central Asia,Tay A,Chau A khac,0,0,0,Upper middle income,3,193720000000.0,9854033.0,19658.95588131276,193.72,9.854033,9.88628828350715,-0.8244130190596666,0.06597445693148185,-0.5394475754893407,58.47411549283889,137.44780656097373,95,25,54.66960784313717,5.54794243566438,4.019434357858358,74.1613190720669,7.525986473971308,4.319636724578421,29.157503607503607,2.95894113684251,3.406433768079499,13.365494997,1.3563477001751467,2.6648291503826456,6,25,28,11,70,70,1,0,0.24801391603751474,0.0
2018,AZ,Azerbaijan,West and Central Asia,Tay A,Chau A khac,0,0,0,Upper middle income,3,196627000000.0,9939771.0,19781.844068641018,196.627,9.939771,9.89251982978166,0.625100275264745,0.07053018391354444,-0.4713281988746105,67.63800831220806,151.51989572927556,81,18,56.5527149321267,5.689539017762753,4.052701309244173,76.05415269698806,7.65149948595275,4.344508456446007,10.974314574314574,1.1040812282611514,2.4827639036057563,15.414231884492706,1.550763280612069,2.7981487563462295,16,26,25,0,67,67,0,0,0.06251258519594238,0.0
2019,AZ,Azerbaijan,West and Central Asia,Tay A,Chau A khac,0,0,0,Upper middle income,3,201503000000.0,10024283.0,20101.48755776348,201.503,10.024283,9.90854909915765,1.6158427293903044,0.07416771889768525,-0.6185667233984568,63.05561828439432,158.6142703676519,93,23,57.46153846153846,5.732234261696169,4.06836907581884,95.16840134761217,9.493786373310906,4.566100835394087,38.93332255300561,3.8839009785543372,3.6872111270550794,13.991082543901953,1.395719029869962,2.707455527245554,5,20,32,2,59,59,0,0,0.1705477996642655,0.15410963171281683
2020,AZ,Azerbaijan,West and Central Asia,Tay A,Chau A khac,0,0,0,Upper middle income,3,193042000000.0,10093121.0,19126.09588253227,193.042,10.093121,9.858808958100534,-4.852335790713658,0.08380252042431362,-0.647508390762215,76.5086300640508,180.57191384275987,91,22,56.51666666666667,5.599523345322688,4.052074760875903,104.34875435718685,10.338601346123449,4.6572763163282485,37.695885122768196,3.7348095918763082,3.6557332668055094,9.46601150765492,0.9378676335748795,2.3481330074769216,4,34,25,4,67,67,2,0,0.041285756414037235,0.05305618885155203
2021,AZ,Azerbaijan,West and Central Asia,Tay A,Chau A khac,0,0,0,Upper middle income,3,203884000000.0,10137750.0,20111.365934255628,203.884,10.13775,9.909040403595561,5.151443649423504,0.0822542277858012,-0.923882280222718,79.75075362541726,174.70872719025752,104,27,30.941176470588236,3.0520753096681448,3.4638959758777195,82.95942500816638,8.183218663723842,4.430333646526962,22.25031816735901,2.1947984678413857,3.1463188165573235,16.15346928953327,1.5933978732493175,2.8422004440887814,5,27,30,1,63,63,2,0,0.08079847908745245,0.10112214949360712
2022,AZ,Azerbaijan,West and Central Asia,Tay A,Chau A khac,0,0,0,Upper middle income,3,213497000000.0,10175016.0,20982.473147953773,213.497,10.175016,9.95144275622085,4.331417450936992,0.08064637793220512,-0.9211618320138946,72.39012233363846,162.38191798872293,108,29,19.416666666666668,1.908268907554216,3.0163515607567266,97.47717536073046,9.580051310064816,4.589824799100214,14.374821710081827,1.4127566688919042,2.7327312175331073,26.413468654651965,2.5959142132702264,3.31103444935871,4,35,29,3,71,71,2,0,0.060085836909871224,0.0
2023,AZ,Azerbaijan,West and Central Asia,Tay A,Chau A khac,0,0,0,Upper middle income,3,216388000000.0,10175016.0,21266.600465296564,216.388,10.175016,9.964893067742837,1.3541173880663226,0.0785922366343694,-1.2124356020710476,59.19100907744436,144.6977107115454,124,30,19.333333333333332,1.9000789122428243,3.0122615755052013,158.65476436498005,15.592581315349289,5.07301376127724,14.898737373737374,1.464247070838746,2.76623969561624,20.362264400731984,2.001202199655704,3.0616260197434206,6,43,29,1,79,79,2,1,0.06034482758620688,0.0
2001,BD,Bangladesh,West and Central Asia,Nam A,Chau A khac,0,0,0,Lower middle income,2,383543000000.0,131670484.0,2912.90035813949,383.543,131.670484,7.976904550449061,,0.03390030965971877,-1.5671619209162524,8.437310330883806,32.65473588529818,141,39,29.65,0.22518334481097527,3.4226326623822203,84.74166666666666,0.6435889357455895,4.451338899593764,2.5,0.018986791299407696,1.252762968495368,6.856106910924074,0.05207018841765688,2.0612911797839133,0,12,29,0,41,41,22,0,0.20802459672611442,0.0
2002,BD,Bangladesh,West and Central Asia,Nam A,Chau A khac,0,0,0,Lower middle income,2,398244000000.0,134139826.0,2968.8721975828416,398.244,134.139826,7.995937428226911,1.9215157596088162,0.03316964688763053,-1.4977494855864255,8.286012747374299,34.39582642646564,124,35,26.409523809523808,0.19688055812390728,3.3108905372897897,90.50384615384615,0.6746978049147474,4.516381005866316,2.0,0.01490981507609828,1.0986122886681098,6.663301108042807,0.04967429365863951,2.0364428449710585,0,6,25,0,31,31,14,0,0.09466282005048687,0.0
2003,BD,Bangladesh,West and Central Asia,Nam A,Chau A khac,0,0,0,Lower middle income,2,417119000000.0,136503206.0,3055.7450789837126,417.119,136.503206,8.024778730244135,2.9261239830936425,0.03330223020660281,-1.7666528281110854,4.476534101378899,35.0624048080648,142,40,39.46666666666667,0.2891262983718248,3.7004785899572883,120.39999999999999,0.8820305656410735,4.799090878625398,1.0,0.007325835262799615,0.6931471805599453,8.024479167086618,0.058786012447844024,2.1999407925355543,0,7,31,0,38,38,15,0,0.14870897683397682,0.0
2004,BD,Bangladesh,West and Central Asia,Nam A,Chau A khac,0,0,0,Lower middle income,2,438974000000.0,138789725.0,3162.871026655612,438.974,138.789725,8.059235446835858,3.505722660200683,0.035295488232051135,-1.611886737570957,7.829180678866163,41.373424940025814,139,37,62.028282828282826,0.4469227302545835,4.1435835594331785,118.09051226551226,0.8508591847524177,4.779883811269622,3.0,0.021615432986843947,1.3862943611198906,9.826624988796988,0.07080225131072915,2.3820083770610294,1,2,31,0,34,34,15,0,0.03224335591453882,0.0
2005,BD,Bangladesh,West and Central Asia,Nam A,Chau A khac,0,0,0,Lower middle income,2,467666000000.0,140912590.0,3318.837585768596,467.666,140.91259,8.10736987583405,4.931170376488647,0.04121095105139729,-1.5031039332232776,11.328530338608132,52.10520589006629,133,37,75.99137529137529,0.5392802395540051,4.343693406377266,158.2111111111111,1.1227606497837497,5.070231064386338,3.9166666666666665,0.027795008711901943,1.5926307941177191,10.751012709807153,0.07629561496107022,2.4639394249448836,0,3,30,0,33,33,16,0,0.013707695941448387,0.0
2006,BD,Bangladesh,West and Central Asia,Nam A,Chau A khac,0,0,0,Lower middle income,2,498868000000.0,142628831.0,3497.665910197357,498.868,142.628831,8.159851142211505,5.388281885066903,0.03939699169680474,-1.595818658594451,7.5362999293232065,51.629093470777455,138,38,106.59724719724719,0.7473751726763237,4.67839506373171,170.48326719576718,1.1952931675908303,5.144485694474369,3.8,0.026642579717981424,1.5686159179138452,12.272974447723072,0.08604834213163448,2.5857299715102204,0,6,31,0,37,37,13,0,0.010553743455666391,0.0
2007,BD,Bangladesh,West and Central Asia,Nam A,Chau A khac,0,0,0,Lower middle income,2,534081000000.0,144135934.0,3705.3979890954884,534.081,144.135934,8.217545951420101,5.9391629798744905,0.04114541844713755,-1.6535946912501749,5.186461725732521,60.39399058889309,146,40,109.04758852258851,0.7565607374673724,4.7009128951707195,210.12959956709958,1.4578571334411279,5.352472160880468,2.0,0.013875790335531457,1.0986122886681098,13.718405719878605,0.09517686075339551,2.689098800361631,0,4,31,0,35,35,13,0,0.010316596774324482,0.0
2008,BD,Bangladesh,West and Central Asia,Nam A,Chau A khac,0,0,0,Lower middle income,2,566199000000.0,145421318.0,3893.5075529985224,566.199,145.421318,8.267065714914613,5.076635882477842,0.04536273402008141,-1.4809560505306096,10.959192129564405,73.73307047626419,140,38,111.19440466940466,0.76463620464095,4.72023312258844,242.6602564102564,1.6686704518126867,5.495774863253773,8.0,0.055012567002040234,2.1972245773362196,16.63747410673096,0.11440876988015579,2.8700258490973987,0,4,33,0,37,36,16,0,0.09142802764231515,0.0
2009,BD,Bangladesh,West and Central Asia,Nam A,Chau A khac,0,0,0,Lower middle income,2,594765000000.0,146706810.0,4054.1062817738316,594.765,146.70681,8.307485543188731,4.124782772069535,0.04738692221288717,-1.5884195000398529,12.013776334343623,70.29249547573052,143,40,96.56274281274281,0.6582021844299035,4.58049568706428,307.45642135642134,2.09572017383802,5.731580573582644,6.869022869022869,0.04682143159559443,2.062933895765788,16.461275707434393,0.11220525964291905,2.859985612314787,0,4,31,0,35,35,17,0,0.04025879844298488,0.0
2010,BD,Bangladesh,West and Central Asia,Nam A,Chau A khac,0,0,0,Lower middle income,2,627904000000.0,148391139.0,4231.41168826799,627.904,148.391139,8.350290948815097,4.373477017395322,0.04980560035077823,-1.5505362612001856,16.485189610116358,78.35853944078455,142,39,86.43068783068783,0.5824518122385179,4.470846340377773,318.55687218187217,2.1467378330580247,5.7669352616759415,15.733997155049787,0.10603057070038249,2.8174424078632208,19.105520854246315,0.12875108974159377,3.000994446715794,0,5,34,0,39,39,14,0,0.0,0.19066992134526714
2011,BD,Bangladesh,West and Central Asia,Nam A,Chau A khac,0,0,0,Lower middle income,2,668494000000.0,150211005.0,4450.366336341335,668.494,150.211005,8.400741694545285,5.174505914430849,0.04936630017154388,-1.5663449408399188,14.121009294669754,84.42074495654477,146,40,77.42699805068227,0.5154548966014991,4.362168230968426,394.5779872904873,2.626824760878787,5.980347954344181,6.103070175438596,0.04062998030962243,1.9605271096569432,24.407420584111428,0.16248756596836184,3.235041280338052,0,8,34,0,42,42,21,0,0.0,0.0
2012,BD,Bangladesh,West and Central Asia,Nam A,Chau A khac,0,0,0,Lower middle income,2,712089000000.0,152090649.0,4682.003822601875,712.089,152.090649,8.451481464496887,5.2049082874146,0.05224361830971351,-1.4984911811861539,16.528448517834878,88.8872165780754,140,40,106.3183932052353,0.6990462195031812,4.675800053447907,490.6448772323772,3.2260029164079453,6.197756661630291,9.533333333333333,0.06268191631777002,2.354544831924757,23.47845248169145,0.1543714399015514,3.1977932400287545,0,7,37,0,44,44,19,0,0.024020736928522336,0.4195804195804196
2013,BD,Bangladesh,West and Central Asia,Nam A,Chau A khac,0,0,0,Lower middle income,2,754912000000.0,154030139.0,4901.066797063658,754.912,154.030139,8.497208174088993,4.678829466227241,0.055391969016352,-1.5989864804173581,22.063191600624133,96.12220773940173,143,39,107.48349427490294,0.697808201516347,4.686598034909514,529.9794011544011,3.4407513009801356,6.274723227936572,11.45187969924812,0.07434830464736594,2.5218715913736913,24.16341595179239,0.15687459680726765,3.225391191765584,0,8,38,0,46,46,22,0,0.021967197168639346,0.0
2014,BD,Bangladesh,West and Central Asia,Nam A,Chau A khac,0,0,0,Lower middle income,2,800667000000.0,155961299.0,5133.754368126929,800.667,155.961299,8.54359251613516,4.747692302473405,0.05675406211659005,-1.610274822714048,19.763611310169384,101.40426223579902,148,39,118.01635154061624,0.75670279933111,4.779260891576266,592.8309143836531,3.8011411688976318,6.386594622920683,22.47222222222222,0.14408845249629668,3.1558176889010636,27.254666260508184,0.17475275235113413,3.341258621315293,0,9,34,0,43,42,20,0,0.009414891213008847,0.0
2015,BD,Bangladesh,West and Central Asia,Nam A,Chau A khac,0,0,0,Lower middle income,2,853132000000.0,157830000.0,5405.38554140531,853.132,157.83,8.59515105803918,5.2910823892317715,0.061883142186232636,-1.4681365548752203,30.386929835836103,108.46575995298744,141,38,113.0833800186741,0.7164885004034347,4.73692958472176,683.4773185003949,4.3304651745574025,6.52865550831448,80.87545660127329,0.512421317881729,4.405199270749311,30.228537178454257,0.19152592776059213,3.441332329930713,0,8,39,0,47,47,23,0,0.034414134650237856,0.0
2016,BD,Bangladesh,West and Central Asia,Nam A,Chau A khac,0,0,0,Lower middle income,2,913820000000.0,159784568.0,5719.075449138492,913.82,159.784568,8.65156243654354,5.803284619206428,0.05800837907060489,-1.5656307448402038,27.815134222981612,99.42965209440754,143,41,90.13154761904761,0.5640816803976189,4.51230404090578,747.9464350538186,4.680967908326532,6.6186674656779285,34.328198653198655,0.21484051359201756,3.564681473747931,30.052085291817953,0.1880787717360662,3.4356659652811903,0,10,38,0,48,47,27,0,0.0574963436125362,0.0
2017,BD,Bangladesh,West and Central Asia,Nam A,Chau A khac,0,0,0,Lower middle income,2,974043000000.0,161793964.0,6020.267851277814,974.043,161.793964,8.7028870308808,5.2664526778483545,0.05962608571609934,-1.6488955664568694,24.914325142545056,103.78706910573119,145,40,91.21323529411764,0.5637616697129545,4.524103670087998,832.0698790620206,5.142774541712945,6.7251175270782015,32.28636363636363,0.19955233704740452,3.505147812708708,31.485903102,0.19460493039159363,3.4808062445309504,0,14,35,0,49,49,27,0,0.047077791213220456,0.0619456567647473
2018,BD,Bangladesh,West and Central Asia,Nam A,Chau A khac,0,0,0,Lower middle income,2,1045340000000.0,163683958.0,6386.3313960186615,1045.34,163.683958,8.761915266074634,6.080519235753767,0.06278270605692225,-1.6502215354572847,32.80689464479127,112.85988805392576,146,39,116.07464985994395,0.7091388262980783,4.762811764332218,944.8794718062557,5.772584456970766,6.852115152696129,78.26721611721612,0.47816057892011704,4.372824627236745,34.52471302614164,0.21092300948723175,3.5702285958686684,0,12,35,0,47,47,28,0,0.02632405576275611,0.025553483300143443
2019,BD,Bangladesh,West and Central Asia,Nam A,Chau A khac,0,0,0,Lower middle income,2,1127730000000.0,165516222.0,6813.410712093223,1127.73,165.516222,8.826648112545886,6.687396716381011,0.06691837986646491,-1.5158368587836684,35.67888153572197,123.007830464839,141,39,133.3002450980392,0.8053606074819615,4.900077928531542,1145.2802933919204,6.919444387704308,7.0442774514804904,83.00378787878788,0.5014843069508188,4.430861891621713,35.46837745199104,0.2142894335274946,3.596445513893702,0,11,38,0,49,49,31,0,0.02699199249813833,0.024095285903345046
2020,BD,Bangladesh,West and Central Asia,Nam A,Chau A khac,0,0,0,Lower middle income,2,1166610000000.0,167420951.0,6968.1243179654375,1166.61,167.420951,8.849101359642622,2.2707218515039873,0.07106560050097228,-1.642709309440481,34.85028025485263,130.80895155491106,150,40,141.59761904761902,0.8457580619501978,4.96002681112004,1690.9656223624477,10.100083724661483,7.43364622220707,38.788324642250785,0.23168142583451687,3.683573518557443,30.652992123289668,0.18308934419617331,3.4548326819824164,0,16,36,0,52,52,33,0,0.016478619831514524,0.0
2021,BD,Bangladesh,West and Central Asia,Nam A,Chau A khac,0,0,0,Lower middle income,2,1247560000000.0,169356251.0,7366.48333104634,1247.56,169.356251,8.904695711339764,5.716875803346966,0.07504389521428581,-1.6328119748766186,48.84264651151319,141.257525426115,149,39,131.92142857142855,0.7789581299330284,4.889758191031922,2160.974404783141,12.759932934410203,7.678777159453378,23.399509803921568,0.1381673818696044,3.194563042094135,37.48852884640728,0.22135899103250273,3.6503602448558405,0,26,39,0,65,64,43,0,0.01743462017434621,0.0
2022,BD,Bangladesh,West and Central Asia,Nam A,Chau A khac,0,0,0,Lower middle income,2,1336140000000.0,171186372.0,7805.177388770177,1336.14,171.186372,8.962542560272325,5.955271165481935,0.07874395100341364,-1.5366364117375073,48.621874017639826,141.79526036350845,135,37,125.57817460317457,0.7335757697065662,4.8408600983486805,2165.6511482738083,12.65083851577746,7.680938004854804,34.21964285714286,0.19989700381723643,3.5616039626743086,43.688475607022596,0.25521000939854366,3.7997156519814577,0,24,36,0,60,56,48,0,0.027871085171129094,0.0
2023,BD,Bangladesh,West and Central Asia,Nam A,Chau A khac,0,0,0,Lower middle income,2,1413300000000.0,171186372.0,8255.914203263797,1413.3,171.186372,9.01868509562081,5.774843953477937,0.07879913561608314,-1.5897758748095763,47.45386211617454,131.848612707535,139,39,144.1940476190476,0.8423220022388676,4.978071107191227,2551.742017014315,14.90622172315396,7.8449233612206175,23.453174603174602,0.13700374819074151,3.196760048112955,35.531515142785324,0.20756041925338148,3.598175316617885,0,26,36,0,62,58,46,1,0.028951286433350123,0.0
2001,BH,Bahrain,West and Central Asia,Tay A,Chau A khac,0,0,0,High income,4,37880642522.0,730257.0,51873.02897746958,37.880642522,0.730257,10.856554261196104,,0.06827033622244841,-0.8695690406224333,38.883726805744196,72.61070225460867,92,22,9.416666666666666,12.895003631141728,2.3434070875143007,19.166666666666668,26.2464675678106,3.004031076368686,11.0,15.063190082395648,2.4849066497880004,3.347299276494841,4.583727751318838,1.469554796311513,1,20,35,4,60,60,5,0,0.5422365245374094,0.36363636363636365
2002,BH,Bahrain,West and Central Asia,Tay A,Chau A khac,0,0,0,High income,4,39149095032.0,748324.0,52315.701530353166,39.149095032,0.748324,10.865051825461512,0.8533771048454764,0.08120617176822645,-0.9202900342783952,54.116530864576525,90.1825312812281,90,23,8.041666666666664,10.746236478673227,2.2018435231925135,19.166666666666668,25.61279160720045,3.004031076368686,18.833333333333332,25.167351753162176,2.987364023883474,3.09340344853007,4.133775541784133,1.409376763023909,2,19,39,1,61,61,4,0,0.29015544041450764,0.21238938053097348
2003,BH,Bahrain,West and Central Asia,Tay A,Chau A khac,0,0,0,High income,4,41614094816.0,778256.0,53470.95919080611,41.614094816,0.778256,10.886893966641166,2.2082427008699668,0.08114667874650511,-0.7222940184810225,50.61553897521211,100.32977623875507,84,22,8.399999999999997,10.793363623280769,2.240709689275958,23.166666666666664,29.767411580079905,3.1849742731925192,30.988888888888887,39.818374530859884,3.4653886202819106,3.293118413705898,4.231407677815396,1.4570133718356746,0,17,34,8,59,59,4,0,0.7034632034632036,0.13266403728935103
2004,BH,Bahrain,West and Central Asia,Tay A,Chau A khac,0,0,0,High income,4,44519158861.0,833451.0,53415.44837188989,44.519158861,0.833451,10.885855278464197,-0.10381489271238387,0.09309648873250692,-0.7142420800419316,71.23674923632363,126.32456795242852,93,20,4.92628205128205,5.910703870151995,1.7793970435776423,33.89285714285714,40.665686576483964,3.5522821418675785,33.39111111111111,40.063676342233805,3.537798133056038,3.6800712953748316,4.41546209120252,1.5433133438679696,1,20,32,20,73,73,4,0,0.0,0.05989617995474511
2005,BH,Bahrain,West and Central Asia,Tay A,Chau A khac,0,0,0,High income,4,47532659557.0,901921.0,52701.57758495478,47.532659557,0.901921,10.872400669279788,-1.3364500508635468,0.1034989981413734,-0.6271304675282394,85.25559913059324,145.65536924298453,89,22,5.405448717948716,5.99326184660155,1.8571489903418956,36.470238095238095,40.436177997006496,3.6235469670751885,47.05,52.166431428029725,3.8722421354163012,5.082927547504001,5.635668254208518,1.805486084615655,1,20,32,15,68,68,4,0,0.3915801956715089,0.19553666312433582
2006,BH,Bahrain,West and Central Asia,Tay A,Chau A khac,0,0,0,High income,4,50606596423.0,970981.0,52119.03881023419,50.606596423,0.970981,10.861285589208295,-1.105353580320323,0.10963578032754293,-0.5437334188131668,94.15177579312751,164.8791088768669,86,22,7.283333333333331,7.501004997351474,2.1142454638745276,45.916666666666664,47.28894454852017,3.8483729783516902,106.64532507739938,109.83255602056,4.678841795811183,5.7077066709276245,5.878288731630819,1.903257114759122,1,27,32,25,85,85,4,0,0.0,0.3193653683805932
2007,BH,Bahrain,West and Central Asia,Tay A,Chau A khac,0,0,0,High income,4,54803887940.0,1040532.0,52669.1038238132,54.80388794,1.040532,10.871784297406027,1.0554013008217566,0.11169969465941089,-0.4621648954978611,92.90086101529783,185.1750443163704,85,22,10.166666666666666,9.770642965969971,2.412933150162911,40.82142857142857,39.23130530481385,3.7334088534225134,48.059999999999995,46.187911568313126,3.893044038830343,6.293562094847853,6.048408020942992,1.9869920542321442,2,16,35,7,60,60,6,0,0.0,0.27639595804389816
2008,BH,Bahrain,West and Central Asia,Tay A,Chau A khac,0,0,0,High income,4,58226396743.0,1110343.0,52440.00884681581,58.226396743,1.110343,10.867425106581203,-0.43497033434204413,0.11433176445395972,-0.5279474827046405,86.42978543005319,201.57474829250395,84,19,9.266666666666667,8.345769430407241,2.328902401311419,43.0,38.72677181735734,3.784189633918261,95.36956521739131,85.8919858254533,4.568190438255958,8.09012610833753,7.2861504132844805,2.2071887813976128,1,17,45,10,73,73,7,0,0.0,0.161233948788086
2009,BH,Bahrain,West and Central Asia,Tay A,Chau A khac,0,0,0,High income,4,59705280669.0,1179453.0,50621.16139345951,59.705280669,1.179453,10.832124977207306,-3.4684346806069244,0.1289693489514125,-0.43479384837253215,116.59362340043762,202.6069776182924,79,18,12.68333333333333,10.753572489394092,2.6161785472303274,47.614285714285714,40.36980338706647,3.883917432451547,110.53268283440697,93.71520767203693,4.714317667540113,5.468490286335762,4.636463077660375,1.8669427406874017,3,26,48,8,85,85,4,0,0.0,0.24427164262763515
2010,BH,Bahrain,West and Central Asia,Tay A,Chau A khac,0,0,0,High income,4,62293086037.0,1213645.0,51327.271184736885,62.293086037,1.213645,10.845977491950208,1.3948905395295919,0.11143820612091053,-0.8451543994304228,98.37535276888829,181.63761311533466,108,27,8.5,7.003695479320559,2.2512917986064953,49.4004329004329,40.704186891910645,3.919999764334739,97.12349191319127,80.02627779391112,4.586226806946926,7.858223163172221,6.474894358047222,2.1813461985876117,3,10,47,30,90,90,9,0,0.0,0.3080270908443665
2011,BH,Bahrain,West and Central Asia,Tay A,Chau A khac,0,0,0,High income,4,63494195104.0,1212077.0,52384.62168987614,63.494195104,1.212077,10.866368348034849,2.060016986552138,0.11698138409513265,-0.6500329091678853,98.49564307223073,215.05127067206627,97,25,10.100000000000001,8.332803939023677,2.4069451083182885,68.01349206349207,56.11317768053685,4.234302022634421,108.01451215451216,89.11522300523164,4.691481012399151,10.419342617655673,8.596271208558262,2.4353086384427614,0,16,46,24,86,86,5,0,0.14851485148514862,0.0
2012,BH,Bahrain,West and Central Asia,Tay A,Chau A khac,0,0,0,High income,4,65908897751.0,1224939.0,53805.86114982052,65.908897751,1.224939,10.893137683521198,2.713085279795102,0.12827058183914397,-0.6138899022017478,111.11495882572714,231.90833241276718,95,26,13.433333333333335,10.966532483114127,2.6695403463403347,64.2063492063492,52.41595639158293,4.177556844656916,62.25617715617715,50.82389992985541,4.147192785387209,10.719219734952295,8.750819212183051,2.461230206416603,1,19,43,15,78,78,5,0,0.3411910669975186,0.032125326214341075
2013,BH,Bahrain,West and Central Asia,Tay A,Chau A khac,0,0,0,High income,4,69397206738.0,1261673.0,55004.114963227395,69.397206738,1.261673,10.915163278929143,2.226994955197137,0.1568387565084559,-0.6509280468149969,171.6357220043815,271.6424830855407,92,23,23.85267580716497,18.905592659242902,3.212965425102479,91.64266240295652,72.63582751073892,4.528749752649162,107.14862914862914,84.92583193000812,4.683506476855295,10.86923436893099,8.614937760363414,2.473949705187525,4,24,62,11,101,101,6,0,0.41924017585465845,0.344588843698656
2014,BH,Bahrain,West and Central Asia,Tay A,Chau A khac,0,0,0,High income,4,72387433087.0,1311134.0,55209.790217475864,72.387433087,1.311134,10.918895575551181,0.37392703143386274,0.16330539818759607,-0.556095786620234,183.8822623532792,292.37417911401695,87,20,24.48199911543565,18.672385214200567,3.237972285845887,104.37379302410086,79.60574054528436,4.657513962155361,86.94960697197538,66.3163391171119,4.4767640024069575,15.188100375710317,11.583942126213122,2.7842764276189516,3,28,60,14,105,105,6,0,0.04901560507137721,0.1403111575183102
2015,BH,Bahrain,West and Central Asia,Tay A,Chau A khac,0,0,0,High income,4,74202817291.0,1362142.0,54475.09678946835,74.202817291,1.362142,10.905498936579821,-1.3307303380677538,0.16456383107729916,-0.5885472039281581,176.44510270031049,284.8184028870885,93,25,17.266158042164232,12.675740152028373,2.90505006049113,97.62565998815998,71.67069218052156,4.591331471038806,106.20533011466294,77.96935276547008,4.674745968619513,12.002094625516674,8.811191950264124,2.5651104695220357,2,13,68,8,91,91,7,0,0.15180667326347572,0.08474150958603763
2016,BH,Bahrain,West and Central Asia,Tay A,Chau A khac,0,0,0,High income,4,77033649780.0,1409661.0,54646.932688071814,77.03364978,1.409661,10.908648365553265,0.31543936354545554,0.16715123075947744,-0.3885421300224056,181.06450607352198,293.75004513880634,81,18,24.11265664160401,17.10528747096217,3.223371967716582,54.92241654248233,38.96143579377051,4.023965311270857,102.86001291088003,72.96790711446229,4.643043962726583,7.394089385331735,5.245296128169634,2.127527813571849,1,13,68,13,95,95,6,0,0.35942396540882143,0.11212650093021127
2017,BH,Bahrain,West and Central Asia,Tay A,Chau A khac,0,0,0,High income,4,80849769947.0,1456834.0,55496.899404462005,80.849769947,1.456834,10.92408243158766,1.5553786362390243,0.1525761836654695,-0.47876005791410403,162.3558989704771,280.3815637774708,91,22,22.552255639097744,15.480319404336901,3.1592215967291413,65.15711376437183,44.72514628596795,4.192032424678765,150.90277222777223,103.58268150508036,5.023240659782606,7.59579706,5.213907047748748,2.151273369846387,2,19,62,12,95,95,2,0,0.1418926803247262,0.17280612338627313
2018,BH,Bahrain,West and Central Asia,Tay A,Chau A khac,0,0,0,High income,4,82509283149.0,1487340.0,55474.39263988059,82.509283149,1.48734,10.923676799383594,-0.040554994644625975,0.15203252481516932,-0.5926074092643581,174.06383166767418,293.8957731764956,89,23,15.061904761904763,10.126739522842634,2.7764503043441815,87.59421101774042,58.893199280420355,4.484066517076168,141.33333333333334,95.02422669553252,4.958171724560515,9.073920073303118,6.100770552330413,2.309949913333589,1,27,60,6,94,94,5,0,0.09958899778691115,0.2971698113207547
2019,BH,Bahrain,West and Central Asia,Tay A,Chau A khac,0,0,0,High income,4,84203097859.0,1494188.0,56353.75057154789,84.203097859,1.494188,10.939404075754297,1.5851600888643569,0.16414205408725882,-0.44093683288481156,193.3184366156162,320.4735750194907,81,18,12.890476190476189,8.627077844606026,2.631203439150253,90.84967532467532,60.802037845756566,4.52015327681194,182.9870526827626,122.46588292956615,5.214865389278642,9.314092914267963,6.2335481975949225,2.333511204146263,1,24,64,19,108,108,6,0,0.2957609900258588,0.2419179744897174
2020,BH,Bahrain,West and Central Asia,Tay A,Chau A khac,0,0,0,High income,4,79225547128.0,1477469.0,53622.47676804048,79.225547128,1.477469,10.889723601846644,-4.846658431437911,0.1779722364104749,-0.5416713466471429,216.7406774064121,333.11957424072034,90,21,19.116666666666667,12.938793752469032,3.0015486588754308,120.92825722799216,81.84825348483939,4.80343281625254,134.13896673472593,90.78969963818255,4.906303632207022,8.244960456382968,5.580462572401159,2.2240785875322624,1,27,64,13,105,105,7,0,0.13077593722755013,0.3920032295108818
2021,BH,Bahrain,West and Central Asia,Tay A,Chau A khac,0,0,0,High income,4,82671890844.0,1463265.0,56498.2356879991,82.671890844,1.463265,10.94196468988589,5.362972942108857,0.1700432850124177,-0.47620001570327,217.893733723977,334.66774738191174,81,18,18.03333333333333,12.324037910654141,2.9461918279938546,123.68633377137213,84.52763769472524,4.825801253828388,87.92928367928369,60.09115483475904,4.487841488496433,11.829862359657442,8.084565925965181,2.551775450562006,2,45,62,5,114,114,8,0,0.0,0.11372775464058534
2022,BH,Bahrain,West and Central Asia,Tay A,Chau A khac,0,0,0,High income,4,87781147011.0,1472233.0,59624.493548915154,87.781147011,1.472233,10.995821734216038,5.533372543136084,0.16949476751883485,-0.7416136946997361,207.88390604308424,312.0517369412815,100,25,18.583333333333336,12.62254910284808,2.9746788643561586,167.0287058566474,113.45263002299733,5.124134833001282,65.92365612648221,44.77800465448215,4.203552508913168,14.373137106740318,9.762814110769368,2.732621642562409,2,56,65,11,134,134,6,0,0.0,0.2199513930504713
2023,BH,Bahrain,West and Central Asia,Tay A,Chau A khac,0,0,0,High income,4,91185401848.0,1472233.0,61936.80066130836,91.185401848,1.472233,11.033869799970187,3.8781161478482318,0.1796153895979688,-0.6411140840572203,228.64785077122608,308.1227496334103,95,24,11.2,7.607491477232204,2.501435951739211,165.4689373210066,112.39317235859174,5.114808729378928,79.03616145672362,53.68454684599763,4.382478550753471,12.121828214594304,8.23363435991063,2.574277119432809,0,59,66,17,142,142,8,1,0.0,0.06326218161211888
2001,BN,Brunei Darussalam,East Asia,Dong Nam A,ASEAN khac,1,1,0,High income,4,33228083768.0,340748.0,97515.12486647023,33.228083768,0.340748,11.487762771790607,,0.04102021065181573,-0.9041182257515818,27.26705481771556,43.17964031176936,96,24,1.8333333333333333,5.380320158396625,1.041453874828161,12.116666666666665,35.55902504685769,2.5738836861953023,0.6666666666666666,1.9564800575987729,0.5108256237659906,4.086102435620243,11.99156689289517,1.6265118075010476,0,20,17,0,37,37,0,0,0.8181818181818182,0.0
2002,BN,Brunei Darussalam,East Asia,Dong Nam A,ASEAN khac,1,1,0,High income,4,34544394076.0,347463.0,99418.91388723404,34.544394076,0.347463,11.50709765509929,1.9523012695422448,0.03336720820577693,-1.1191716923265727,18.134886280475126,34.835312460296414,102,28,1.0000000000000002,2.8780042767143557,0.6931471805599454,8.0,23.02403421371484,2.1972245773362196,12.65,36.40675410043659,2.613739521630969,4.178781074454697,12.026549803733626,1.644569714768918,0,5,17,4,26,26,2,0,0.0,0.0
2003,BN,Brunei Darussalam,East Asia,Dong Nam A,ASEAN khac,1,1,0,High income,4,35782267886.0,354045.0,101067.00528463896,35.782267886,0.354045,11.52353899451831,1.6577242025338057,0.04409600324091882,-0.7111154821162193,32.09934021566573,52.96660502999821,83,21,1.0000000000000002,2.82449971048878,0.6931471805599454,14.583333333333332,41.190620777961364,2.746201967066586,8.916666666666666,25.18512241852495,2.294216843323529,4.690079770411947,13.247128953697825,1.7387242674445287,0,20,18,8,46,46,0,0,0.0,0.0
2004,BN,Brunei Darussalam,East Asia,Dong Nam A,ASEAN khac,1,1,0,High income,4,35819674111.0,360461.0,99371.84358640741,35.819674111,0.360461,11.506624088799684,-1.6772651900166635,0.03822717670786173,-1.0050274077913626,22.44052588715882,49.50583469055298,104,26,2.5,6.935563070623452,1.252762968495368,11.25,31.210033817805535,2.505525936990736,0.3333333333333333,0.9247417427497936,0.2876820724517809,5.7239583203021835,15.879549577630268,1.9056770168808432,0,15,14,0,29,29,0,0,0.6,0.0
2005,BN,Brunei Darussalam,East Asia,Dong Nam A,ASEAN khac,1,1,0,High income,4,35818268121.0,366717.0,97672.77797593239,35.818268121,0.366717,11.48937817050589,-1.7098058656802806,0.03181970647550103,-0.9841385967852628,18.325256618401184,44.099934734074445,105,27,4.666666666666666,12.725525859631993,1.7346010553881064,15.158333333333333,41.335234890483214,2.7824359124606057,1.1666666666666665,3.1813814649079983,0.7731898882334817,6.293281418985801,17.161139022695433,1.986953570805374,0,7,11,0,18,18,0,0,0.35714285714285704,0.0
2006,BN,Brunei Darussalam,East Asia,Dong Nam A,ASEAN khac,1,1,0,High income,4,37286248538.0,372808.0,100014.61486341494,37.286248538,0.372808,11.513071602925706,2.3976351814828156,0.03796876432010015,-0.7946587577289612,26.69549137864347,55.84897068313713,101,26,3.333333333333334,8.941152908020573,1.4663370687934272,17.333333333333332,46.49399512170697,2.908720896564361,3.0,8.047037617218516,1.3862943611198906,8.767468522466041,23.517383002687822,2.279057325261173,0,16,11,1,28,28,0,0,0.0,0.0
2007,BN,Brunei Darussalam,East Asia,Dong Nam A,ASEAN khac,1,1,0,High income,4,35882934535.0,378748.0,94740.92149661516,35.882934535,0.378748,11.458901303014937,-5.272922736343888,0.05012352129972873,-0.5044754804034848,41.65173290531447,87.12469957130607,88,23,10.666666666666668,28.162964996954884,2.456735772821304,20.483333333333334,54.081693720714924,3.0672774407170866,9.833333333333332,25.962733356567778,2.382627800667582,8.704600703473105,22.9825654616608,2.272600072392089,3,16,7,3,29,29,0,0,0.265625,0.0
2008,BN,Brunei Darussalam,East Asia,Dong Nam A,ASEAN khac,1,1,0,High income,4,34483245025.0,384568.0,89667.484099041,34.483245025,0.384568,11.403863486220494,-5.355064440401735,0.04754449668949359,-0.6905392517410632,36.68788805252423,85.83263306711468,97,24,10.666666666666666,27.736750500995054,2.456735772821304,15.757478632478632,40.97449250192068,2.8188446441471866,3.833333333333333,9.967894711295097,1.575536360758419,11.741712511511915,30.53221409870794,2.5448810611663313,0,13,5,0,18,18,0,0,0.0,0.0
2009,BN,Brunei Darussalam,East Asia,Dong Nam A,ASEAN khac,1,1,0,High income,4,33827975829.0,390311.0,86669.28636138875,33.827975829,0.390311,11.369854848119514,-3.3436844668694343,0.06114527951203765,-0.3730602133210929,58.732565320979695,101.1394682326102,77,17,5.733333333333333,14.689141052476955,1.9070703157390494,16.242857142857144,41.61516622092932,2.8473979790481727,9.556521739130435,24.4843771739214,2.3567438432561936,7.563754810506554,19.378789761258467,2.147538740063794,0,11,7,3,21,21,1,0,0.5523255813953489,0.0
2010,BN,Brunei Darussalam,East Asia,Dong Nam A,ASEAN khac,1,1,0,High income,4,34755323894.0,396053.0,87754.22454570474,34.755323894,0.396053,11.382295283140271,1.2518139122457805,0.06903387126923095,-0.5522647677257689,63.029290211879506,125.08098004118744,87,22,7.833333333333333,19.77849765898335,2.178532444324067,18.888095238095236,47.6908273339559,2.9901213234784922,12.165254237288135,30.716227972741365,2.5775811043674373,8.517825704840783,21.50678243780702,2.2531664303691126,0,8,7,0,15,15,0,0,0.0,0.0
2011,BN,Brunei Darussalam,East Asia,Dong Nam A,ASEAN khac,1,1,0,High income,4,36056704462.0,401506.0,89803.65041120183,36.056704462,0.401506,11.405380903922902,2.33541561800219,0.07168005059006104,-0.33656827309861415,71.27444374478956,141.5437319259341,81,18,5.833333333333333,14.528633029975476,1.9218125974762528,20.88392857142857,52.01398876088669,3.085752512233018,23.93970024791526,59.62476338564121,3.2164609212508437,11.678582642158997,29.086944260257624,2.539914163751798,0,5,6,1,12,12,0,0,0.0,0.0
2012,BN,Brunei Darussalam,East Asia,Dong Nam A,ASEAN khac,1,1,0,High income,4,36385950967.0,406634.0,89480.83772384995,36.385950967,0.406634,11.401779777695355,-0.35946499487911066,0.06385777966415736,-0.8003343678678774,53.08890245014898,119.72907611016782,102,28,8.0,19.673711494857784,2.1972245773362196,24.60787545787546,60.516030282454146,3.2428999392488103,13.4,32.95346675388679,2.667228206581955,13.72465290683257,33.75185770701066,2.689523157567648,0,9,3,4,16,16,0,0,0.24999999999999997,0.0
2013,BN,Brunei Darussalam,East Asia,Dong Nam A,ASEAN khac,1,1,0,High income,4,35612828399.0,411702.0,86501.47047864717,35.612828399,0.411702,11.367916692528622,-3.3296148326164676,0.06969591727045045,-0.6759332765670426,68.65696537421523,140.15021892477503,94,24,7.25,17.60982458185775,2.1102132003465894,34.61486631016043,84.07747912363901,3.5727631436723364,14.19047619047619,34.46783399273307,2.7206686650614214,11.570210703533641,28.103362877842812,2.531329784874846,0,11,4,1,16,16,0,0,0.41379310344827586,0.1446485340868951
2014,BN,Brunei Darussalam,East Asia,Dong Nam A,ASEAN khac,1,1,0,High income,4,34719698828.0,416656.0,83329.41042010675,34.719698828,0.416656,11.330556832109494,-3.6670591158602717,0.0940121539227612,-0.8676901822970025,101.6756422875526,178.071202163668,110,28,11.083333333333334,26.600680977433022,2.4918270926325743,47.154978354978354,113.17484532798844,3.8744245255262424,17.014646464646464,40.83619692179271,2.8911851195082687,9.982979330886494,23.959763764079945,2.3963467408856993,1,9,5,0,15,15,0,0,0.0,0.0
2015,BN,Brunei Darussalam,East Asia,Dong Nam A,ASEAN khac,1,1,0,High income,4,34583464463.0,421437.0,82060.81683145998,34.583464463,0.421437,11.315215920022434,-1.5223839725387989,0.09561323722075717,-0.6349254887119651,115.83282836431091,183.62309203215773,94,26,10.166666666666666,24.12381130908455,2.412933150162911,64.82759647759647,153.82511852921425,4.187039149763514,16.204451104451103,38.45047089944903,2.845168135482814,6.033708521333304,14.316988117638708,1.950714094656555,1,23,4,4,32,32,1,0,0.0,0.0
2016,BN,Brunei Darussalam,East Asia,Dong Nam A,ASEAN khac,1,1,0,High income,4,33726514653.0,425994.0,79171.3372793983,33.726514653,0.425994,11.279369609261908,-3.5211440290634832,0.11661191115354615,-0.4897480174784266,141.80235039648235,222.25787486087555,90,22,16.583333333333332,38.928560809150675,2.8669514836880663,69.78636363636363,163.8200623397598,4.2596663781429775,23.192926332926334,54.444255864933154,3.1860602901422834,4.670485531700049,10.963735479138318,1.735274745766607,1,13,3,11,28,28,0,0,0.18521177315147164,0.0
2017,BN,Brunei Darussalam,East Asia,Dong Nam A,ASEAN khac,1,1,0,High income,4,34174647795.0,430276.0,79424.94537227268,34.174647795,0.430276,11.282567771347397,0.3203281662142343,0.12614816096965722,-0.49298720504853244,157.92246806461546,239.88573406054783,92,23,14.833333333333332,34.47399653555702,2.762117422372486,70.44281695800683,163.71542209653066,4.268897366893977,71.40491800664215,165.95143118984595,4.282274225353189,4.890408737,11.365748349896345,1.773325390332169,1,22,5,25,53,53,1,0,0.0,0.0
2018,BN,Brunei Darussalam,East Asia,Dong Nam A,ASEAN khac,1,1,0,High income,4,34192545419.0,434274.0,78734.95861829168,34.192545419,0.434274,11.27384253677225,-0.8687280183158563,0.1063111896148486,-0.617695063594249,130.9975988866414,214.6324467930903,90,24,17.5,40.297139593896944,2.917770732084279,74.08962977034786,170.60572304662,4.31868246362085,19.06118326118326,43.89206644004306,2.998786766895038,6.2375734952794675,14.363221135226764,1.9792859976357362,1,12,4,0,17,17,1,0,0.39591836734693875,0.0
2019,BN,Brunei Darussalam,East Asia,Dong Nam A,ASEAN khac,1,1,0,High income,4,35515401717.0,438048.0,81076.506951293,35.515401717,0.438048,11.30314851812943,2.973962740430447,0.10184175660613512,-0.9635606039099723,114.30949929020382,196.59502329652267,116,31,7.0,15.979983928701877,2.0794415416798357,81.3829237135003,185.7854018589294,4.411378178952331,16.589073969508753,37.87044791782808,2.867277912082743,5.637214433788125,12.868942293511498,1.8926923624844367,1,21,7,1,30,30,0,0,0.22857142857142862,0.0
2020,BN,Brunei Darussalam,East Asia,Dong Nam A,ASEAN khac,1,1,0,High income,4,35917994866.0,441725.0,81313.02250495218,35.917994866,0.441725,11.306061461121406,0.2917189732918102,0.09367901985752862,-1.2818536688114732,102.2494060018421,179.5035045447917,131,36,6.083333333333333,13.771765993170714,1.957744606702316,116.38404915649944,263.47625594317606,4.765451030671685,8.0,18.110815552662856,2.1972245773362196,6.146277949833291,13.914263285603692,1.9665916547072748,1,24,9,0,34,34,2,0,0.0,0.0
2021,BN,Brunei Darussalam,East Asia,Dong Nam A,ASEAN khac,1,1,0,High income,4,35346624879.0,445373.0,79364.09454322557,35.346624879,0.445373,11.281801335174494,-2.396821445922659,0.12782979511474224,-0.6802387332292673,179.11822192177192,249.1277932770124,92,24,3.25,7.297254211638334,1.4469189829363254,126.75450362331168,284.6030262797962,4.850110481873869,7.051133786848072,15.83197406858537,2.0858129245997326,8.509027863764105,19.105396743323247,2.2522416488047865,0,31,11,1,43,43,3,0,0.46153846153846156,0.0
2022,BN,Brunei Darussalam,East Asia,Dong Nam A,ASEAN khac,1,1,0,High income,4,34771064638.0,449002.0,77440.77896757699,34.771064638,0.449002,11.257268780882008,-2.423407696790447,0.11344521024666909,-1.3910385904077214,128.59843696626766,204.42875649411585,130,36,3.6666666666666665,8.166259096099052,1.5404450409471488,153.3683785865062,341.5761590961871,5.039341814715036,8.20820668693009,18.281002505401066,2.220095117619672,11.821928593596983,26.329345066607683,2.551156876496133,1,44,8,6,59,59,1,0,0.4090909090909091,0.0
2023,BN,Brunei Darussalam,East Asia,Dong Nam A,ASEAN khac,1,1,0,High income,4,35163158529.0,449002.0,78314.03541409616,35.163158529,0.449002,11.268482117691667,1.1276441923250502,0.106815897461632,-1.3184928977770374,121.47722915422968,179.1839965214537,126,31,2.583333333333333,5.753500726797059,1.276293465905562,159.461533061166,355.14659859235815,5.078054244443935,5.069097569097569,11.28969930890635,1.8032099233594499,8.712546263972609,19.404248230459125,2.2734184790258043,0,46,8,0,54,54,1,1,0.0,0.0
2001,BT,Bhutan,West and Central Asia,Nam A,Chau A khac,0,0,0,Lower middle income,2,3387237867.0,603234.0,5615.130889505565,3.387237867,0.603234,8.633220177587509,,0.01206806379898938,-1.4098813551625327,-0.3994714900203992,12.469204196932282,124,33,,,,1.2,1.989277792697361,0.7884573603642702,,,,0.03702406412771414,0.06137595713722061,0.03635513450149647,0,0,2,0,2,2,0,0,,
2002,BT,Bhutan,West and Central Asia,Nam A,Chau A khac,0,0,0,Lower middle income,2,3740993528.0,619048.0,6043.139672529433,3.740993528,0.619048,8.706678969205399,7.622418630058947,0.011774144379454234,-1.2690875012209033,-0.09164729146721337,12.612843624810159,109,30,,,,0.5,0.8076918106511934,0.4054651081081644,,,,0.03876528253987499,0.06262080249007344,0.03803277951238676,0,0,2,0,2,2,0,0,,
2003,BT,Bhutan,West and Central Asia,Nam A,Chau A khac,0,0,0,Lower middle income,2,4032288249.0,634627.0,6353.792462344022,4.032288249,0.634627,8.756807151775416,5.1405859643909535,0.012223506209160259,-1.4173708227355841,-0.2704813342186155,12.108616064009682,121,33,,,,,,,,,,0.07011908575070569,0.11048865829960856,0.06776993737509276,0,0,3,0,3,3,0,0,,
2004,BT,Bhutan,West and Central Asia,Nam A,Chau A khac,0,0,0,Lower middle income,2,4240243732.0,649991.0,6523.542221353834,4.240243732,0.649991,8.783172792878288,2.671628952564009,0.01107380897845329,-1.0193210999947164,3.8049308443465315,13.212004939187262,105,27,0.25,0.38462071013290955,0.22314355131420976,1.0,1.5384828405316382,0.6931471805599453,,,,0.0649963252249136,0.09999573105614323,0.06297134866239659,0,1,1,0,2,2,0,0,0.0,
2005,BT,Bhutan,West and Central Asia,Nam A,Chau A khac,0,0,0,Lower middle income,2,4534307665.0,663323.0,6835.746182478219,4.534307665,0.663323,8.829920914008161,4.78580425374473,0.023284906950038337,-1.5926354143319663,3.0996168389643257,28.043366827030088,137,39,,,,3.5,5.27646410572225,1.5040773967762742,,,,0.1584033554090034,0.23880274829759168,0.14704263923438377,0,0,6,0,6,6,0,0,,
2006,BT,Bhutan,West and Central Asia,Nam A,Chau A khac,0,0,0,Lower middle income,2,4790079125.0,673260.0,7114.753772688115,4.790079125,0.67326,8.869925903134979,4.081596694228695,0.02467361408521071,-1.4344205488816753,4.696630004139504,33.9824513142276,134,35,,,,6.5625,9.747348721147848,2.0232018233569597,,,,0.23397509847498021,0.3475256193372252,0.21024074576174262,0,4,6,0,10,10,0,0,,
2007,BT,Bhutan,West and Central Asia,Nam A,Chau A khac,0,0,0,Lower middle income,2,5561511005.0,681614.0,8159.326253568735,5.561511005,0.681614,9.006916877584697,14.681779781199067,0.01644223918025244,-1.4306704502168577,-1.461121111248542,22.583936031314256,129,36,,,,1.0,1.4671060160149292,0.6931471805599453,,,,0.37344713214239217,0.5478865342296257,0.3173237344708389,0,1,9,0,10,10,0,0,,
2008,BT,Bhutan,West and Central Asia,Nam A,Chau A khac,0,0,0,Lower middle income,2,5813416798.0,689737.0,8428.454320994813,5.813416798,0.689737,9.039368679616759,3.298410420938458,0.014194191699110202,-1.9345020163840532,-2.7012344286506065,20.36072454706235,160,43,,,,3.2666666666666666,4.736104727840708,1.4508328822574619,1.0,1.4498279779104208,0.6931471805599453,0.19903180442310583,0.28856187854661386,0.18151440148432177,0,0,4,0,4,4,1,0,,0.0
2009,BT,Bhutan,West and Central Asia,Nam A,Chau A khac,0,0,0,Lower middle income,2,6259160088.0,697678.0,8971.416739527403,6.259160088,0.697678,9.10179888455762,6.442016505684811,0.021156831799612096,-1.8525504222384943,3.9752713854429222,26.321961357302598,156,44,0.25,0.3583314938983313,0.22314355131420976,4.666666666666666,6.68885455276885,1.7346010553881064,,,,0.17755212210445973,0.25449006863403995,0.16343781098563306,0,0,7,0,7,7,0,0,0.0,
2010,BT,Bhutan,West and Central Asia,Nam A,Chau A khac,0,0,0,Lower middle income,2,7005995173.0,705516.0,9930.313661206834,7.005995173,0.705516,9.203347343771656,10.688355579945362,0.024897384737971227,-1.8157176457696416,6.094975056870539,34.14347336353113,153,41,,,,4.271428571428571,6.054332674848722,1.6623014019911682,,,,0.2203055376559135,0.3122615754368625,0.1991012680916961,0,0,9,0,9,9,0,0,,
2011,BT,Bhutan,West and Central Asia,Nam A,Chau A khac,0,0,0,Lower middle income,2,7600752212.0,713331.0,10655.294964048948,7.600752212,0.713331,9.27381222730759,7.300688856126292,0.026435889231078803,-1.5322923465393077,3.5226183591384115,42.08190671249928,145,39,1.4999999999999998,2.102810616670241,0.916290731874155,6.183333333333333,8.668252653162883,1.971763527881647,,,,0.27216561661644967,0.381541832075782,0.2407206581849111,0,4,9,0,13,13,0,0,0.0,
2012,BT,Bhutan,West and Central Asia,Nam A,Chau A khac,0,0,0,Lower middle income,2,7993317392.0,721145.0,11084.20274979373,7.993317392,0.721145,9.313276197929765,4.025301854072749,0.024744732243539302,-2.0389735698392126,-0.5703939768568206,35.17362111132516,165,42,2.249999999999996,3.1200382724694697,1.1786549963416448,6.0928571428571425,8.448865544179245,1.9590882414358683,,,,0.20748469805117375,0.28771564394286,0.18853943404290668,0,2,4,0,6,6,0,0,0.705882352941176,
2013,BT,Bhutan,West and Central Asia,Nam A,Chau A khac,0,0,0,Lower middle income,2,8132108591.0,728889.0,11156.85459788802,8.132108591,0.728889,9.319809350141853,0.6554539801759018,0.024212094570937107,-2.406170683049485,7.519914411373307,34.29126135193224,178,45,2.250000000000001,3.086889773339975,1.1786549963416464,15.316666666666666,21.013716308884707,2.79218708030841,,,,0.13068009347369025,0.17928668627690944,0.12281930431517464,0,3,3,0,6,6,0,0,0.0,
2014,BT,Bhutan,West and Central Asia,Nam A,Chau A khac,0,0,0,Lower middle income,2,8610364851.0,736357.0,11693.193452360743,8.610364851,0.736357,9.366762195291562,4.807258620850474,0.020694364166585967,-1.9910146295573716,5.4218438618253115,33.634414024906455,165,44,0.3333333333333333,0.45267897681876224,0.2876820724517809,11.842857142857142,16.083037362118024,2.552787792422261,,,,0.14513199988937237,0.1970946156407454,0.13551991410771932,0,2,4,0,6,6,0,0,0.0,
2015,BT,Bhutan,West and Central Asia,Nam A,Chau A khac,0,0,0,Lower middle income,2,9183884144.0,743274.0,12355.987353250619,9.183884144,0.743274,9.42189603050692,5.668202647892251,0.02295712367466812,-2.4704590266559507,-0.032030918203477254,33.90120507488288,177,46,1.5,2.0180983056046626,0.9162907318741551,12.423232323232323,16.714202734432153,2.596986961202872,,,,0.20166036091126982,0.2713136217751056,0.18370423454707596,0,2,4,0,6,6,0,0,0.0,
2016,BT,Bhutan,West and Central Asia,Nam A,Chau A khac,0,0,0,Lower middle income,2,9962304965.0,749761.0,13287.307508659425,9.962304965,0.749761,9.494564535896874,7.537399713862558,0.02593196662975922,-2.3037355427488198,8.67826508791583,37.576470108798716,169,45,0.5357142857142859,0.7145134058910585,0.42899560551835864,17.147191230765085,22.87020961448393,2.8985157956094687,,,,0.11657594291139764,0.15548413816055734,0.11026680871432681,0,0,3,0,3,3,0,0,0.0,
2017,BT,Bhutan,West and Central Asia,Nam A,Chau A khac,0,0,0,Lower middle income,2,10170202851.0,756121.0,13450.49648270581,10.170202851,0.756121,9.506771297561038,1.2281568251508723,0.026398063062225665,-1.929657822453686,9.861475280254082,45.383746492700446,160,43,2.0952380952380905,2.771035449667567,1.1298648321722127,13.10952380952381,17.337864983942794,2.6468500168560967,,,,0.177183774,0.23433256581949183,0.16312495372799019,0,0,3,0,3,3,0,0,0.0,
2018,BT,Bhutan,West and Central Asia,Nam A,Chau A khac,0,0,0,Lower middle income,2,10526350322.0,762096.0,13812.367893283787,10.526350322,0.762096,9.533319693927224,2.690394447842559,0.02654543466133123,-2.138298718355054,6.747451407659214,43.42876035251992,168,44,2.214285714285714,2.9055207143007102,1.167605160155061,12.710096153846154,16.677815070340422,2.6181325069592685,,,,0.22912947122216057,0.3006569660805995,0.20630617183934916,0,4,3,0,7,7,0,0,0.6774193548387097,
2019,BT,Bhutan,West and Central Asia,Nam A,Chau A khac,0,0,0,Lower middle income,2,11132157416.0,767459.0,14505.214501360984,11.132157416,0.767459,9.582263484544127,5.016132016104868,0.03165646245373298,-1.9796062195247575,16.153460671975925,54.111983359397094,162,43,0.7428571428571429,0.967943750554939,0.5555258026838976,17.40074660633484,22.673193755412136,2.91239124022298,,,,0.18670621423635006,0.24327842169594735,0.17118158224417626,0,2,4,0,6,6,1,0,0.0,
2020,BT,Bhutan,West and Central Asia,Nam A,Chau A khac,0,0,0,Lower middle income,2,9994629330.0,772506.0,12937.931006361116,9.99462933,0.772506,9.467918663954151,-10.80496599931573,0.040761393892020374,-1.896988761068613,26.77767500384213,70.58807829251137,163,44,3.028571428571424,3.92045036358478,1.3934118288887534,26.906709566709566,34.830421468195155,3.3288671461771258,,,,0.14123221004459854,0.18282344738370776,0.1321085646737584,1,6,4,0,11,11,0,0,0.0,
2021,BT,Bhutan,West and Central Asia,Nam A,Chau A khac,0,0,0,Lower middle income,2,10436528612.0,777486.0,13423.429633459638,10.436528612,0.777486,9.50475693923606,3.7525213796535173,0.03553034455225239,-1.915778603950026,23.320226418312124,61.28813867463915,162,43,2.933333333333333,3.7728439268788545,1.3694872428035094,23.22636660724896,29.873678249189,3.1874415692816034,1.0,1.2861967932541551,0.6931471805599453,0.23622190717984817,0.30382785951110136,0.21205987947401603,0,0,4,0,4,4,1,0,0.0,0.0
2022,BT,Bhutan,West and Central Asia,Nam A,Chau A khac,0,0,0,Lower middle income,2,10980675421.0,782455.0,14033.619084803599,10.980675421,0.782455,9.549211093132602,4.54570454798664,0.03416537430533975,-2.375328763502957,8.946375458363205,48.37539344036242,181,47,0.28571428571428586,0.3651510766935937,0.2513144282809062,19.442681338269573,24.8483060856785,3.017624937664991,,,,0.2316504190906449,0.29605589981614905,0.20835507410835746,0,5,3,0,8,8,0,0,0.0,
2023,BT,Bhutan,West and Central Asia,Nam A,Chau A khac,0,0,0,Lower middle income,2,11516817216.0,782455.0,14718.82372277,11.516817216,0.782455,9.596882478951974,4.882593961157022,0.0355939105916241,-1.914295817799527,18.744221903730143,54.8424112147774,158,43,1.9999999999999984,2.556057536855153,1.0986122886681091,15.075773260555868,19.267271933281616,2.777313372267277,,,,0.26431021549745176,0.3377960591950358,0.23452668926625483,1,4,4,0,9,9,0,1,0.0,
2001,CN,China,East Asia,Dong A,Chau A khac,0,0,0,Upper middle income,3,5560730000000.0,1271850000.0,4372.1586665094155,5560.73,1271.85,8.383012140154243,,0.18329838854090866,-0.13737019512452606,164.289940165661,188.54969691762577,48,8,8002.414737728185,6.291948529880242,8.987623571806772,4114.320846065699,3.2349104423207917,8.322472079953986,1156.4907794320684,0.9092980928820761,7.054009819995243,355.16220982332567,0.2792485040085904,5.875386272648249,14,141,495,54,704,197,704,0,0.23306837133789826,0.0017293696029138802
2002,CN,China,East Asia,Dong A,Chau A khac,0,0,0,Upper middle income,3,6074730000000.0,1280400000.0,4744.400187441424,6074.73,1280.4,8.464720293663051,8.51390695821188,0.1927479423466133,-0.10582557153302943,175.57779175588888,206.54191007524062,47,7,7306.120484608539,5.706123465017603,8.896604560584871,5770.146104712281,4.506518357319807,8.660625971443395,1383.7562517438882,1.080721846098007,7.233279411612456,424.5891926725278,0.33160667968800983,6.053474544548369,21,178,511,74,784,221,784,0,0.03519283169639808,0.005960312039945567
2003,CN,China,East Asia,Dong A,Chau A khac,0,0,0,Upper middle income,3,6689380000000.0,1288400000.0,5192.005588326607,6689.38,1288.4,8.554875334717439,9.434393879125281,0.20467608677536617,-0.061905574501140315,181.8644467807139,230.78725467022963,46,9,9210.241943835797,7.148588903939612,9.128179967480289,8403.595147804552,6.522504771658298,9.036533876664105,1806.1402425163835,1.4018474406367458,7.499500898270427,560.1643875731401,0.4347752154401894,6.330013888576047,32,217,544,102,895,235,895,0,0.03801035300131024,0.011123670586575088
2004,CN,China,East Asia,Dong A,Chau A khac,0,0,0,Upper middle income,3,7367110000000.0,1296075000.0,5684.169511795228,7367.11,1296.075,8.645440311396378,9.479264132056642,0.22882335240624374,0.08736327848828386,193.6930437554514,280.9968513863155,43,9,12363.38092659652,9.539093745806777,9.422575112110676,11369.538811500097,8.772284637463184,9.338780974496004,3283.3330975720214,2.533289429679626,8.096918895870749,736.5989118965368,0.5683304684501567,6.603400197046796,52,252,566,221,1091,258,1091,0,0.021021354636561147,0.0
2005,CN,China,East Asia,Dong A,Chau A khac,0,0,0,Upper middle income,3,8211250000000.0,1303720000.0,6298.323259595619,8211.25,1303.72,8.748038727685085,10.804634635296505,0.2468965059615059,0.14226805762034667,203.35618237931715,309.70897437978726,40,8,16363.151658763538,12.551124212839825,9.70284834683594,15064.97677948986,11.555377519321526,9.620194287131953,4180.207453390484,3.2063690465671186,8.338355348252984,917.388288024311,0.7036697205107776,6.822620272897217,83,276,619,259,1237,290,1237,0,0.0076685010787881985,0.0
2006,CN,China,East Asia,Dong A,Chau A khac,0,0,0,Upper middle income,3,9252000000000.0,1311020000.0,7057.100578175771,9252.0,1311.02,8.861789563156002,12.047290799565435,0.2615886068366966,0.19517874976636895,213.75375691006633,344.1606090938624,38,6,22147.146280179302,16.89306515551197,10.005509082588706,20752.210777868728,15.829057358292573,9.94045624997125,5264.622189012607,4.015668860133794,8.568954592137317,1129.2059872586267,0.8613186581887589,7.030155184703059,129,295,642,278,1344,327,1344,0,0.007217124395572965,0.0
2007,CN,China,East Asia,Dong A,Chau A khac,0,0,0,Upper middle income,3,10561200000000.0,1317885000.0,8013.749302860265,10561.2,1317.885,8.988914008308516,13.555832371766808,0.27712137468392045,0.21537404523240627,206.3617281798781,394.6845148445665,37,7,28612.27276698689,21.710750761247674,10.261625971916624,26065.891792561582,19.778578398389527,10.168421274371282,6793.741004133539,5.155033257176111,8.823904210205187,1427.6914553977717,1.0833202103353265,7.26451423816993,179,339,657,318,1493,361,1493,0,0.004102079455576792,0.0013541876256987736
2008,CN,China,East Asia,Dong A,Chau A khac,0,0,0,Upper middle income,3,11582400000000.0,1324655000.0,8743.710626540495,11582.4,1324.655,9.076089935363251,9.108861484095732,0.28805158634633204,0.2427180167924315,210.68271817478845,436.233621317124,39,6,34128.19287485036,25.76383501730667,10.437908393067074,32277.881492858516,24.367009895299923,10.382168471624277,8191.927614808365,6.184197104006979,9.011026575098315,1634.74208230788,1.2340889381068127,7.399851853333352,218,384,662,340,1604,410,1604,0,0.00038084697585019834,0.0
2009,CN,China,East Asia,Dong A,Chau A khac,0,0,0,Upper middle income,3,12671500000000.0,1331260000.0,9518.426152667398,12671.5,1331.26,9.160984794020575,8.860260354172134,0.2939941200311792,0.26083195315229246,227.61346255103703,399.1068752885351,35,6,38085.60433859545,28.608689766533544,10.547617907128927,38642.61851875621,29.027101031170627,10.562136930907592,8040.821646630637,6.040008448109789,8.992410909473245,1366.9290618952864,1.026793460252157,7.221053241498258,251,419,664,372,1706,416,1706,0,0.00314953473450415,0.0
2010,CN,China,East Asia,Dong A,Chau A khac,0,0,0,Upper middle income,3,14014200000000.0,1337705000.0,10476.300828658037,14014.2,1337.705,9.256870921200228,10.063372459135046,0.30854025570411253,0.32336115631434126,228.69870940253003,443.3161049925009,32,5,45027.30046697783,33.66011225717018,10.715046470344362,46216.70814927878,34.54925274950664,10.74111829690616,9621.665908050143,7.19266647582998,9.171876626687638,1747.591567511966,1.3064102829188544,7.466565924312634,293,429,676,388,1786,473,1786,0,0.0005321110428793143,0.0
2011,CN,China,East Asia,Dong A,Chau A khac,0,0,0,Upper middle income,3,15340100000000.0,1345035000.0,11404.982026490017,15340.1,1345.035,9.341805558784763,8.86459078467432,0.32099415852362806,0.33476219596580686,229.45027682329518,494.79939316822515,34,6,54535.44675090038,40.545745464542094,10.906624504862164,56971.23242114719,42.35669140293538,10.95031927761414,11518.105359847897,8.563424267656899,9.351762271498783,2033.954808983868,1.512194707932409,7.618228890742585,335,461,686,415,1897,508,1897,0,0.003479250891952944,0.0
2012,CN,China,East Asia,Dong A,Chau A khac,0,0,0,Upper middle income,3,16545300000000.0,1354190000.0,12217.857169230314,16545.3,1354.19,9.410653862949069,7.127368906432774,0.3290403950851834,0.3716062887665669,231.52345280506108,494.47410718013265,27,6,69388.00230850848,51.23948803972004,11.147483665760376,65819.35585601677,48.60422529779187,11.094684428985554,12897.178822450145,9.523906410806568,9.464841403829164,2118.6327846699182,1.564501868031752,7.658998137884305,382,486,679,427,1974,530,1974,0,0.0017208140450270233,0.0
2013,CN,China,East Asia,Dong A,Chau A khac,0,0,0,Upper middle income,3,17832300000000.0,1363240000.0,13080.822158974208,17832.3,1363.24,9.47890247922651,7.063145179968222,0.33530419359103586,0.4063138220832305,251.7419754937252,512.1694866599398,24,5,77400.7996878621,56.77708964515573,11.256765311088664,82901.04444844778,60.81177521819179,11.325415002441101,14847.98242485007,10.89168629503981,9.605686618303878,2227.0720030195016,1.6336609863409977,7.708891917858689,389,500,691,451,2031,544,2031,0,0.003575826845856465,0.0
2014,CN,China,East Asia,Dong A,Chau A khac,0,0,0,Upper middle income,3,19162900000000.0,1371860000.0,13968.553642499963,19162.9,1371.86,9.544563913784426,6.786511373191617,0.3433126317492325,0.4411332056524943,260.56765136083004,525.752738588138,20,4,89010.2266839356,64.88287921794907,11.39651778327511,100176.05977917924,73.02207206214865,11.514694497101582,16313.583265389443,11.891580238063245,9.699814665666528,2315.78948032284,1.6880654588098205,7.747937661574579,400,518,695,468,2081,563,2081,0,0.007353606984918761,0.0
2015,CN,China,East Asia,Dong A,Chau A khac,0,0,0,Upper middle income,3,20500300000000.0,1379860000.0,14856.797066369052,20500.3,1379.86,9.606212754418337,6.358878997798079,0.35444537570660756,0.484410170774614,265.4948137248201,522.0661967309111,19,4,100318.79991246724,72.70215812652533,11.516118361371808,113235.32532408623,82.06290879080939,11.637232288364503,22183.898866651914,16.076920025692402,10.00716710516624,2211.279107946341,1.6025387415725807,7.701778533681575,418,534,702,499,2153,603,2153,0,0.007884047740231274,0.0
2016,CN,China,East Asia,Dong A,Chau A khac,0,0,0,Upper middle income,3,21889300000000.0,1387790000.0,15772.775419912234,21889.3,1387.79,9.666040658125299,6.16538241352611,0.36248160778131117,0.5086247522185305,267.6717484798331,536.5060319276108,17,4,115807.15139959655,83.44717241052072,11.659690233695411,129733.30186457591,93.48194025362332,11.773243806152296,33937.18118482997,24.454118551675663,10.432295948219386,2041.5870155316945,1.4711065907173957,7.621972428290197,431,545,696,511,2183,660,2183,0,0.012167606086224428,0.0
2017,CN,China,East Asia,Dong A,Chau A khac,0,0,0,Upper middle income,3,23397700000000.0,1396215000.0,16757.949169719563,23397.7,1396.215,9.726628001973713,6.246039289721983,0.37402049364624673,0.5421369815868914,267.79890421265014,556.066461653305,9,3,143826.7001743263,103.01185718125527,11.87637133558152,140812.90657948854,100.85331168873601,11.85519448614904,57096.86501094108,40.89403495231113,10.95252200459377,2172.483997464,1.5559809896498749,7.684086687836295,439,557,698,518,2212,727,2212,0,0.010215367381263177,0.0
2018,CN,China,East Asia,Dong A,Chau A khac,0,0,0,Upper middle income,3,24978700000000.0,1402760000.0,17806.82369043885,24978.7,1402.76,9.787337016214478,6.258967073456279,0.38843627950412674,0.5787588769819259,292.03209343234926,585.4046972423689,9,4,160715.65501147867,114.57102783903068,11.987398186750323,163949.1678415594,116.8761355054032,12.007317806008528,91262.82736872137,65.05947372944864,11.421509792772707,2303.262218331736,1.6419503110523084,7.742515825379726,457,572,705,525,2259,777,2259,0,0.017498003975345212,0.0
2019,CN,China,East Asia,Dong A,Chau A khac,0,0,0,Upper middle income,3,26494500000000.0,1407745000.0,18820.525024063307,26494.5,1407.745,9.842703309884328,5.69276897018276,0.3992931299472805,0.5562032098298884,286.427749805049,593.8205420973824,9,4,187558.74521743963,133.23346573238737,12.141852714796968,189853.33940978764,134.86344430972062,12.154012422442648,140097.84730726085,99.51933575133341,11.850103504648573,2261.2616029555843,1.6063005750015695,7.724120301162983,464,584,702,526,2276,805,2276,0,0.12087510678815239,0.0
2020,CN,China,East Asia,Dong A,Chau A khac,0,0,0,Upper middle income,3,27114500000000.0,1411100000.0,19215.15130040394,27114.5,1411.1,9.863454377045693,2.0967867572029952,0.40524618729086465,0.5974615466253845,299.175435174766,591.873825574502,10,4,214651.02436064134,152.11609691775308,12.276773504591889,202055.99000485573,143.1904117389666,12.216305065329424,142515.92640654815,100.99633364506283,11.867216053437181,2324.7010521649104,1.6474389144390267,7.751776800383946,465,597,705,527,2294,822,2294,0,0.1273548782671309,0.0
2021,CN,China,East Asia,Dong A,Chau A khac,0,0,0,Upper middle income,3,29438200000000.0,1412360000.0,20843.26942139398,29438.2,1412.36,9.944786365587268,8.473095504357598,0.41364056291045415,0.6865412604308034,328.9344113802164,604.0676498330726,7,4,243362.23541783594,172.30892649029707,12.402310402185465,205934.10388641452,145.80850766547803,12.235316368461845,249271.36957711965,176.49279898688695,12.426301431348147,2798.0576645207466,1.9811221392001663,7.93703809113273,469,599,715,527,2310,896,2310,0,0.13478781125171044,0.0
2022,CN,China,East Asia,Dong A,Chau A khac,0,0,0,Upper middle income,3,30360900000000.0,1412175000.0,21499.389240002125,30360.9,1412.175,9.975779806270493,3.147873806854351,0.4254649462355745,0.6170451830843124,306.39484616448374,581.3702587446173,10,4,250872.17178921195,177.64949230032536,12.432702798734615,254371.47982687358,180.12744867093213,12.446554927815416,188082.03958712178,133.18607083904033,12.144638844222886,2803.0095703393786,1.984888254174857,7.938805661251145,474,604,720,524,2322,948,2322,0,0.14800208328810013,0.0
2023,CN,China,East Asia,Dong A,Chau A khac,0,0,0,Upper middle income,3,32004900000000.0,1412175000.0,22663.550905518085,32004.9,1412.175,10.028513225990963,5.414859243303072,0.4260946659178911,0.6248251477018101,320.238493606578,548.4825252098925,12,4,252632.17575064074,178.8957995649553,12.439693817371323,283330.8572136939,200.6343811593421,12.554374129950796,84524.90347277872,59.85441143822736,11.344813316342135,2513.1103082480035,1.7796026046686875,7.829674265772327,471,607,719,521,2318,950,2318,1,0.2002486218460065,0.0
2001,CY,Cyprus,West and Central Asia,Tay A,Chau A khac,0,0,0,High income,4,26062393265.0,964830.0,27012.420079184933,26.062393265,0.96483,10.204052042150327,,0.23496691003349976,0.10078116494980126,218.4011115165011,239.36501751056778,35,5,84.3952380952381,87.47161478730771,4.447290339230956,54.46764705882352,56.45310268008201,4.015799914902158,142.34831872773748,147.53720212652746,4.96527746381789,1.2251572081754591,1.2698166601115837,0.7998275684819881,19,77,22,181,299,299,8,0,0.28177730082740526,0.0327834336813796
2002,CY,Cyprus,West and Central Asia,Tay A,Chau A khac,0,0,0,High income,4,27032689628.0,982194.0,27522.75989061224,27.032689628,0.982194,10.222768573741732,1.889278376136927,0.25139642001615375,0.08163360402390106,240.9216273426423,267.47265847431606,37,5,91.02083333333333,92.67093194759215,4.5220150006886355,83.28406120023767,84.79390140872137,4.434192774773581,133.7100818750889,136.13408539971624,4.90312492749805,1.1527272425967163,1.1736248058904009,0.7667355232209765,14,111,22,226,373,373,3,0,0.25811725468397484,0.0
2003,CY,Cyprus,West and Central Asia,Tay A,Chau A khac,0,0,0,High income,4,27741838073.0,1000350.0,27732.131826860597,27.741838073,1.00035,10.230347013651999,0.7607228965426982,0.25024270109561053,0.11669966398969582,224.70550267789028,284.5047670476845,33,6,122.89583333333327,122.85283484113886,4.8194411587987025,82.94285714285714,82.9138372998022,4.4301362952444086,193.1455901159384,193.07801281145439,5.268608342120787,1.357072402231597,1.356597593074021,0.857420341442155,18,101,26,210,355,355,5,0,0.25471367693704555,0.02070976612822971
2004,CY,Cyprus,West and Central Asia,Tay A,Chau A khac,0,0,0,High income,4,29136218386.0,1018684.0,28601.821944783664,29.136218386,1.018684,10.261225699141972,3.1360377318007338,0.2974497529698851,0.24213388783439393,242.78141645130154,351.3487189822815,33,5,124.24285714285712,121.96408026714577,4.8302547095392265,103.00915930474754,101.11983628362431,4.644478965501374,241.11151483887977,236.68921357249135,5.48939842513795,1.7274089720186883,1.6957260269315002,1.0033520640228575,20,102,28,312,462,462,35,0,0.23911712330893373,0.0166162509054319
2005,CY,Cyprus,West and Central Asia,Tay A,Chau A khac,0,0,0,High income,4,30550195458.0,1037062.0,29458.40794282309,30.550195458,1.037062,10.29073464724008,2.994865151223869,0.3104695151931079,0.277071363968468,236.2883388741642,388.39326444005394,30,5,121.43214285714284,117.09246202940889,4.807556940645574,109.67989135047958,105.76020657441849,4.70664217326374,312.19365423252066,301.0366344852291,5.746821702840255,2.006511735354115,1.9348040284516406,1.1007805148173637,15,105,38,354,512,512,28,0,0.276706292861527,0.0
2006,CY,Cyprus,West and Central Asia,Tay A,Chau A khac,0,0,0,High income,4,31990265557.0,1055438.0,30309.942940276927,31.990265557,1.055438,10.319231087512199,2.890634820139004,0.31085273036116057,0.28969719367663765,240.580011025951,405.8277373819736,32,5,158.70325369075368,150.36719702223502,5.07331742878145,149.53143196672607,141.6771349588759,5.014171912659997,348.96537815166033,330.6356016664743,5.8578342300239115,2.462974808090086,2.3336044448751,1.242127990802455,26,117,37,341,521,521,10,0,0.20862608775398492,0.01153409550631907
2007,CY,Cyprus,West and Central Asia,Tay A,Chau A khac,0,0,0,High income,4,33621201641.0,1073873.0,31308.359220317485,33.621201641,1.073873,10.351640408613775,3.2940223015524905,0.34129490303714455,0.3458611324400226,224.7312642797892,474.77186208117007,27,6,161.58263125763125,150.46717000765568,5.091186372574416,176.74074485456063,164.58253895438344,5.180325998998975,569.184332052483,530.0294653580852,6.34595969811522,3.125782745792708,2.910756435623866,1.4172557583409544,33,135,44,382,594,594,38,0,0.08586618830473164,0.014306186386919573
2008,CY,Cyprus,West and Central Asia,Tay A,Chau A khac,0,0,0,High income,4,34847363241.0,1092390.0,31900.11190234257,34.847363241,1.09239,10.370364796677208,1.890078869546974,0.3653175087978902,0.35659875659853485,225.05937965386335,541.1013255669747,25,5,134.0371128871129,122.70078716128205,4.905549650932434,199.84949827219563,182.94702283268396,5.3025558627797444,658.175254715867,602.509410298398,6.490989439534896,3.118404379426689,2.85466214394739,1.4154658017997115,25,123,45,456,649,649,51,0,0.0898775687201456,0.0
2009,CY,Cyprus,West and Central Asia,Tay A,Chau A khac,0,0,0,High income,4,34145160284.0,1110974.0,30734.436885111623,34.145160284,1.110974,10.333139027556596,-3.654140840632436,0.38338520716080227,0.417634035022347,238.69840677847364,494.7333618919306,22,5,136.3785672660672,122.75585861241326,4.922740379746546,237.32126927080486,213.6155024967325,5.473619634300566,623.3063751021705,561.0449705413183,6.436641233616026,2.144729416276993,1.9304946976949897,1.1457278502911425,29,151,34,489,703,703,30,0,0.018775721962311406,0.0
2010,CY,Cyprus,West and Central Asia,Tay A,Chau A khac,0,0,0,High income,4,34924581956.0,1129686.0,30915.300318849662,34.924581956,1.129686,10.339006496286409,0.588471604064611,0.3753074940313724,0.2871510330724885,259.3169010650464,528.7633442871459,36,6,150.96267436267428,133.63242030322965,5.023634927287188,282.9737241258913,250.48882975082572,5.648881713197422,731.9095840856763,647.8876290276027,6.5970223437813225,2.867056589062203,2.5379234486947726,1.3524936463588422,29,164,29,428,650,650,25,0,0.12243644603783836,0.0
2011,CY,Cyprus,West and Central Asia,Tay A,Chau A khac,0,0,0,High income,4,35070116834.0,1145086.0,30626.622658909462,35.070116834,1.145086,10.329624931224101,-0.9337695476443031,0.3822299014741793,0.3292799169154516,253.9199240206647,580.2856010474381,35,7,143.0780242905242,124.9495883195884,4.9703549881870925,307.5046458056907,268.542839407425,5.731736902569785,878.6002522471323,767.2788351679544,6.779467545455386,3.7441558701048225,3.269759537803119,1.5569135174172253,27,164,39,472,702,702,46,0,0.12479858057850532,0.002379818450497054
2012,CY,Cyprus,West and Central Asia,Tay A,Chau A khac,0,0,0,High income,4,33861116109.0,1156556.0,29277.5413460308,33.861116109,1.156556,10.284575994127088,-4.404930076370029,0.37295681438462686,0.2747107360025449,268.0435208211709,568.085037322678,36,7,154.49627825877826,133.58305024467322,5.046621797305716,338.5500088866889,292.7225390613934,5.827621237731759,1177.511372196809,1018.1187700351811,7.072007372051146,4.443049111257734,3.8416203895511623,1.6943394022402631,25,173,39,462,699,699,55,0,0.14116365458803593,0.0
2013,CY,Cyprus,West and Central Asia,Tay A,Chau A khac,0,0,0,High income,4,31630522700.0,1166968.0,27104.875797793942,31.6305227,1.166968,10.207468909422142,-7.42092897268305,0.37328928197731154,0.214620152589253,315.44888270569567,566.9551926550104,39,6,122.23253367003365,104.74368934712318,4.814073088235573,379.23120805162245,324.9713857206217,5.940779509935611,1263.284819297495,1082.5359558252626,7.1422618810461245,4.380634385161773,3.753859904609015,1.6828062826797907,27,160,37,493,717,717,125,0,0.07363015172618005,0.0
2014,CY,Cyprus,West and Central Asia,Tay A,Chau A khac,0,0,0,High income,4,31068746057.0,1176995.0,26396.6678337631,31.068746057,1.176995,10.180993062750128,-2.612843420918698,0.3844435380874326,0.1511175060426481,348.0229867106431,582.4975640468863,46,8,129.29937839937836,109.85550354876474,4.869834713585102,378.6000412756435,321.66665217409036,5.939118175470338,1317.2385509379317,1119.1539054438904,7.184051693326729,3.624597548782511,3.079535213643653,1.531389350698778,23,186,37,473,719,719,123,0,0.05877831814879428,0.0
2015,CY,Cyprus,West and Central Asia,Tay A,Chau A khac,0,0,0,High income,4,32130961751.0,1187280.0,27062.665715753654,32.130961751,1.18728,10.20591040817196,2.5230377037919194,0.3703094204755665,0.12607065639967982,366.70050053557367,549.1127938466848,47,7,116.51414141414138,98.13535258249225,4.766558678803215,409.67447631000437,345.05295828280134,6.017800872233182,1315.293523441808,1107.8208370744965,7.182575129144098,3.6379653057321732,3.0641173992084205,1.5342757583681412,26,169,28,485,708,708,83,0,0.03816213652233038,0.0
2016,CY,Cyprus,West and Central Asia,Tay A,Chau A khac,0,0,0,High income,4,34243119699.0,1197881.0,28586.411921551473,34.243119699,1.197881,10.26068677627049,5.630436490632995,0.38023463373425986,0.15563147500031668,366.67000238278973,554.8287052315818,43,6,145.79861111111106,121.7137688227053,4.989061655039685,471.83998958425315,393.8955452037833,6.158757042854118,1440.6156410247065,1202.636690142599,7.273519736562631,3.0057288146522394,2.5092048497740924,1.3877255401574824,28,193,31,461,713,713,88,0,0.38179005872085925,0.0
2017,CY,Cyprus,West and Central Asia,Tay A,Chau A khac,0,0,0,High income,4,36212384110.0,1208523.0,29964.16626741899,36.21238411,1.208523,10.307757488958366,4.819612722465605,0.3906207788788852,0.11752054954513153,389.06186007721845,572.5038849249025,50,10,125.97407407407407,104.23804435172029,4.843982924469928,527.1789370634392,436.21754576738647,6.269435122247482,1616.826483846511,1337.8533001411731,7.388838850734513,3.209352364,2.655598912060424,1.4373088030817172,19,216,33,464,732,732,71,0,0.12606499527270537,0.0
2018,CY,Cyprus,West and Central Asia,Tay A,Chau A khac,0,0,0,High income,4,38483503023.0,1218831.0,31574.10914474607,38.483503023,1.218831,10.360092732877554,5.372893952593039,0.36540728270393746,0.01486850275777633,432.3378576893801,568.083689390885,55,10,103.8378205128205,85.19460082063921,4.652414589540343,581.0124031521201,476.6964436842516,6.366491758762295,1741.7606945136251,1429.0420037836461,7.46322574092127,4.400975120865413,3.610816529006411,1.6865795152060348,13,239,36,456,744,744,55,0,0.1203679434609115,0.0
2019,CY,Cyprus,West and Central Asia,Tay A,Chau A khac,0,0,0,High income,4,40744638124.0,1228836.0,33157.09999056017,40.744638124,1.228836,10.409012150375364,5.013572476604655,0.37694709226863526,0.07957026993252117,413.92109397379045,576.8991551593422,53,10,144.20897435897436,117.3541256595464,4.978173907360718,647.5268769130086,526.9432836546199,6.47470344763633,1830.6325678836897,1489.7289531586719,7.512962961736285,3.3927982906680767,2.7609854290304616,1.4799664478611783,15,249,30,469,763,763,50,0,0.15757168962097706,0.0
2020,CY,Cyprus,West and Central Asia,Tay A,Chau A khac,0,0,0,High income,4,39432404009.0,1237537.0,31863.61620622252,39.432404009,1.237537,10.369220080043226,-3.90107634475243,0.37866512151529064,0.09502706495296015,429.1553453499157,569.4616940468587,53,9,147.54756077256076,119.22678737893149,5.000905181528504,771.397475304812,623.3328581729775,6.649499281912057,2116.1393297225677,1709.9604534834655,7.657821083670433,3.074496003788253,2.484366935120528,1.4047470589918554,20,283,32,476,811,811,97,0,0.17344043277965884,0.0
2021,CY,Cyprus,West and Central Asia,Tay A,Chau A khac,0,0,0,High income,4,43923040810.0,1244188.0,35302.57550305902,43.92304081,1.244188,10.471711200686507,10.792746418295485,0.3721334243816299,0.02648583902253351,478.40421353350297,589.0959741156681,54,10,163.87757335257334,131.71447832045746,5.105203218816046,777.1993288688491,624.663900366222,6.656982698135341,1589.6221420700263,1277.6382203252451,7.371880503003302,3.683304912914809,2.960408646374028,1.5440040386764655,16,317,39,402,774,774,68,0,0.09863646783733958,0.0
2022,CY,Cyprus,West and Central Asia,Tay A,Chau A khac,0,0,0,High income,4,47087637838.0,1251488.0,37625.321088176635,47.087637838,1.251488,10.53543253591979,6.579535776125867,0.3585508559911514,-0.02502699818574034,431.4261842140935,562.0653920110517,60,11,191.32153679653678,152.87524674350595,5.259168642145494,777.4697650478585,621.2362923558663,6.657330153073307,1376.1741762395143,1099.630341033645,7.227788980373315,3.3919713003069822,2.710350638845105,1.4797781696473962,15,298,30,370,713,713,70,0,0.3691615919783976,0.0
2023,CY,Cyprus,West and Central Asia,Tay A,Chau A khac,0,0,0,High income,4,48389097653.0,1251488.0,38665.25100760055,48.389097653,1.251488,10.562696568877762,2.76390975371823,0.36020157047774304,-0.011287959320745132,435.2651127138683,528.9193850102072,60,12,152.54999999999998,121.89489631542611,5.034026246886831,773.5053460458679,618.0685280608907,6.652224562410076,1375.6867250613657,1099.2408437486943,7.227434967443317,3.757694358764679,3.0025812143342,1.5597631724834287,18,330,27,340,715,715,73,1,0.2542734610027699,0.0
2001,GE,Georgia,West and Central Asia,Tay A,Chau A khac,0,0,0,Upper middle income,3,24383648565.0,4014373.0,6074.086430184739,24.383648565,4.014373,8.711786875037669,,0.0675120570430974,-0.44137158393106646,63.0133122977531,75.51970914675654,68,14,44.99166666666666,11.207644796999846,3.828460220657455,15.690909090909091,3.9086823996945705,2.8148642053880195,17.72222222222222,4.414692461866952,2.929711172456197,0.6699306241065554,0.16688300367368836,0.5127820831145877,10,16,18,8,52,52,1,0,0.17503241340989076,0.0
2002,GE,Georgia,West and Central Asia,Tay A,Chau A khac,0,0,0,Upper middle income,3,25718415556.0,3978515.0,6464.325396787495,25.718415556,3.978515,8.774053938783474,6.424652844310752,0.06621817461845025,-0.23366746088731577,63.42763319609499,78.28477542486905,56,10,56.56666666666666,14.218035288711157,4.052943696484523,16.14761904761905,4.058705081574168,2.841859332931407,13.1,3.2926858388117175,2.6461747973841225,0.6055847272780389,0.15221375997779044,0.4734880062960801,14,16,15,15,60,60,0,0,0.09944018856806129,0.0
2003,GE,Georgia,West and Central Asia,Tay A,Chau A khac,0,0,0,Upper middle income,3,28562108737.0,3951736.0,7227.73705961127,28.562108737,3.951736,8.885681273022097,11.809610685798066,0.0701781067261639,-0.2907681029832309,62.80230764415032,86.88077626938586,64,13,80.90833333333335,20.474124114903766,4.405600735784583,19.927777777777777,5.042790757727181,3.0410773568018308,7.902777777777778,1.99982432474684,2.1863633379046146,0.954146068612252,0.24144985105590355,0.6699533044665192,18,8,18,2,46,46,0,0,0.2868208455807591,0.0
2004,GE,Georgia,West and Central Asia,Tay A,Chau A khac,0,0,0,Upper middle income,3,30216621133.0,3927340.0,7693.915253835929,30.216621133,3.92734,8.948185068673457,6.449849937536767,0.07553784368017759,-0.3814006059761429,67.65123265358025,100.64323147124213,74,16,67.90833333333333,17.291177573964397,4.23277711894012,28.505073995771667,7.258112105336352,3.3845622484121614,8.254545454545454,2.101815848524817,2.2251148313180518,1.2277367982846565,0.31261281128821455,0.8009861814622304,18,18,23,6,65,65,0,0,0.1750726060457316,0.0
2005,GE,Georgia,West and Central Asia,Tay A,Chau A khac,0,0,0,Upper middle income,3,33114739064.0,3902469.0,8485.58670523712,33.114739064,3.902469,9.046124321446033,10.289578521241038,0.08039545287583812,-0.518562744269097,68.78168462443286,109.74779549812311,81,20,77.60357142857143,19.885762431058755,4.3644171364254225,26.310119047619047,6.741916219608419,3.307257294598011,21.785714285714285,5.5825464047797135,3.126133773169586,1.4283156505489063,0.36600307409204436,0.887197869092109,9,15,17,9,50,50,0,0,0.12068239184075165,0.0
2006,GE,Georgia,West and Central Asia,Tay A,Chau A khac,0,0,0,Upper middle income,3,36234637851.0,3880347.0,9337.989064122357,36.234637851,3.880347,9.141846204414579,10.045296671815906,0.08372551102586634,-0.3453715498588296,72.36477089180482,126.039836022522,71,15,85.04166666666666,21.915995313477545,4.4548316750471875,26.68634184443008,6.877308097556759,3.320939217383931,16.773809523809522,4.32276018711974,2.8777259986958765,1.7677682633784089,0.4555696342049845,1.018041314372976,19,14,19,9,61,61,1,0,0.1456724677469296,0.0
2007,GE,Georgia,West and Central Asia,Tay A,Chau A khac,0,0,0,Upper middle income,3,40791350035.0,3860158.0,10567.274716475336,40.791350035,3.860158,9.265517213687593,13.164350952990912,0.0860024634729516,-0.3324560462514157,69.00859332744984,142.44825179452698,78,20,72.76190476190474,18.849462835952504,4.300842402693445,28.106463675213675,7.281169235874199,3.3709602689357303,55.853479853479854,14.469221170086781,4.0404774294662245,1.6150349248782363,0.4183857046468658,0.9612774530216729,13,13,19,8,53,53,0,0,0.09591786649214656,0.0
2008,GE,Georgia,West and Central Asia,Tay A,Chau A khac,0,0,0,Upper middle income,3,41779159245.0,3848449.0,10856.103132716582,41.779159245,3.848449,9.292482701535588,2.7332346701551824,0.083740965704296,-0.42041141431477047,59.78446102561477,148.68467246219416,79,17,81.41428571428571,21.155090197190013,4.4117587922075305,25.274795751633985,6.567527788892092,3.2686101432459878,16.98548951048951,4.4135935049391355,2.889565294485811,2.0830413769551477,0.5412677618841116,1.1259165698178926,20,16,15,5,56,56,0,0,0.13681841558282226,0.0
2009,GE,Georgia,West and Central Asia,Tay A,Chau A khac,0,0,0,Upper middle income,3,40253905630.0,3814419.0,10553.089639601732,40.25390563,3.814419,9.264173952864308,-2.791181047291924,0.09515628286103435,-0.4968304268667651,76.81651962727528,151.29409497267264,86,21,59.30833333333335,15.548457925920921,4.099470292084082,36.67332251082251,9.61439278454268,3.628952218261095,49.99249084249084,13.106187558967916,3.9316783835011586,1.5199870451525048,0.3984845516846746,0.9242537606976199,15,16,19,13,63,63,0,0,0.0,0.0
2010,GE,Georgia,West and Central Asia,Tay A,Chau A khac,0,0,0,Upper middle income,3,42768329074.0,3786695.0,11294.368591608249,42.768329074,3.786695,9.33205952575551,7.024283667834852,0.10100222739139987,-0.3742550164810861,80.52552873379872,174.37259857662747,75,16,74.24761904761901,19.607499164210218,4.320784262565209,44.71229978946697,11.8077372984798,3.8223674036894133,54.22304778554778,14.319359701678582,4.011380398487555,1.9612511133477502,0.5179321580818498,1.085611852463012,9,18,20,14,61,61,0,0,0.209131139512104,0.0
2011,GE,Georgia,West and Central Asia,Tay A,Chau A khac,0,0,0,Upper middle income,3,46161712229.0,3756441.0,12288.682886008326,46.161712229,3.756441,9.416434027248934,8.803628873409153,0.12526402264556244,-0.24953077958912243,111.34132928361979,235.47131243878363,74,15,67.05714285714284,17.851243466127336,4.220347688425831,50.15892530789556,13.352778682773284,3.934936969998516,63.357452458352675,16.866351011064108,4.164452738655134,2.6776582533378317,0.7128178649252928,1.3022762054262584,6,19,21,28,74,74,0,0,0.08201959948870902,0.0
2012,GE,Georgia,West and Central Asia,Tay A,Chau A khac,0,0,0,Upper middle income,3,49198613273.0,3728874.0,13193.959697485085,49.198613273,3.728874,9.487514405168865,7.366752156225709,0.10372523451342726,-0.482802380766015,80.21831997595451,192.30267620385655,88,24,47.047619047619044,12.617111505408616,3.872192582630186,50.378552715968915,13.510392873550813,3.9392208230477324,41.77991846862814,11.204432884733606,3.756068797823274,2.5566813774958153,0.6856443466568769,1.2688279127651565,9,16,20,15,60,60,1,0,0.0,0.0
2013,GE,Georgia,West and Central Asia,Tay A,Chau A khac,0,0,0,Upper middle income,3,51723921667.0,3717668.0,13913.001824530862,51.723921667,3.717668,9.540579064980435,5.4497826545796935,0.10911515742974515,-0.6953150524054452,91.96478788257772,199.2435418767228,95,25,42.56666666666667,11.449830018889978,3.7742923319620667,55.43510567710711,14.911257723149864,4.033091405951368,42.06031746031746,11.313629259072476,3.762601864419896,2.8976383669111296,0.7794236513080591,1.3603708227721356,7,18,22,1,48,48,1,0,0.02936570086139389,0.0
2014,GE,Georgia,West and Central Asia,Tay A,Chau A khac,0,0,0,Upper middle income,3,53839683819.0,3719414.0,14475.313535680621,53.839683819,3.719414,9.58019996270268,4.0416275239633315,0.10816791391285194,-0.8376789092560725,95.13449485440579,199.3185655583996,107,27,51.32142857142854,13.79825654563556,3.957406011275963,57.451725805244294,15.446445543637868,4.0682012136625865,50.07440476190476,13.462982276752403,3.9332834864390986,2.9690318107111624,0.798252577075626,1.378522188561242,4,14,26,14,58,58,1,0,0.14010037746989737,0.039940564635958395
2015,GE,Georgia,West and Central Asia,Tay A,Chau A khac,0,0,0,Upper middle income,3,55643864277.0,3725276.0,14936.843411602254,55.643864277,3.725276,9.61158615199915,3.1883929476483885,0.13046977582045727,-0.4821685520868632,118.72961725057209,238.23046631131388,85,21,41.37936507936509,11.107731367921488,3.746661571117854,69.69302277204312,18.708150153718307,4.258346880225537,62.61754718511861,16.80883434814457,4.152889331429994,2.2536316955583744,0.6049569738076788,1.1797718172521339,6,26,24,27,83,83,2,0,0.08458322145076526,0.0
2016,GE,Georgia,West and Central Asia,Tay A,Chau A khac,0,0,0,Upper middle income,3,57563697329.0,3727505.0,15442.956435739188,57.563697329,3.727505,9.644908284247656,3.3883532831562535,0.12391716720962892,-0.6552240191050137,115.36345928157576,221.72297163897125,94,25,51.02037037037036,13.687539083212593,3.9516353797639097,65.37848538138604,17.539476239840333,4.195372988637504,60.933136308136305,16.346895928546388,4.126055356460115,1.9106381097963372,0.5125782822011875,1.068372338861634,10,17,23,17,67,67,1,0,0.17033345950626633,0.0
2017,GE,Georgia,West and Central Asia,Tay A,Chau A khac,0,0,0,Upper middle income,3,60533928054.0,3728004.0,16237.62422304268,60.533928054,3.728004,9.695086311329433,5.145826776176188,0.1284526515114025,-0.4778255065139156,124.24316618477695,242.1605339788168,90,21,80.18677248677244,21.509304305138205,4.396752333488713,69.7232073507267,18.70255701193633,4.25877377011103,72.36807007355787,19.41201513559478,4.295488828353203,2.353230531,0.6312306883254417,1.209924218774112,5,24,26,16,71,71,3,0,0.3578043557660471,0.0
2018,GE,Georgia,West and Central Asia,Tay A,Chau A khac,0,0,0,Upper middle income,3,64203516815.0,3726549.0,17228.679084858402,64.203516815,3.726549,9.754330662906927,6.103447451440114,0.14416553135908317,-0.4517041823652206,149.28439703513718,280.44214342532814,79,17,63.28915343915342,16.98331443894966,4.163390930220475,71.13469578096293,19.08862483250936,4.278535146031983,78.46356953725885,21.05528990421402,4.3752986718196905,2.858946339290183,0.7671833482640864,1.3503941771180872,9,25,27,15,76,76,4,0,0.1289134565096641,0.0
2019,GE,Georgia,West and Central Asia,Tay A,Chau A khac,0,0,0,Upper middle income,3,67658127813.0,3720161.0,18186.881646520138,67.658127813,3.720161,9.808455824519113,5.561671657717859,0.17792020719551693,-0.20619752816930478,190.2818667015567,344.0061744143573,72,14,77.82293447293443,20.91923829988391,4.367204001128828,85.8666580616721,23.081436008192146,4.464374276962831,98.34013367469443,26.434375736613127,4.598549655306389,3.00939515504769,0.8089421815474357,1.3886403957891673,9,35,33,23,100,100,2,0,0.1284317137695304,0.040675153170239266
2020,GE,Georgia,West and Central Asia,Tay A,Chau A khac,0,0,0,Upper middle income,3,63402112373.0,3722716.0,17031.1440284459,63.402112373,3.722716,9.742798948643303,-6.354787151184748,0.15987954770523705,-0.28998985165195446,177.9191319333462,310.8481160593933,79,15,69.39017094017093,18.639662800001645,4.254053636089473,95.80461659333994,25.73513977250479,4.572694685225258,120.79754391111449,32.448766951632756,4.802360190139103,2.5390839646524967,0.682051481942887,1.2638679266123967,9,28,28,20,85,85,3,0,0.28869434368193403,0.03311325603559696
2021,GE,Georgia,West and Central Asia,Tay A,Chau A khac,0,0,0,Upper middle income,3,70150781358.0,3708610.0,18915.653400600226,70.150781358,3.70861,9.847745080514919,11.065078006543573,0.15697402612157277,-0.664355675185805,178.6951808883716,306.28536341837275,91,23,72.07735042735041,19.435138886901132,4.291518475069167,75.78446005897874,20.434734323366094,4.341002276697476,78.66566985645933,21.211631812581892,4.377838750923106,3.2693636217840543,0.8815603748531267,1.4514647814227628,11,33,36,14,94,94,2,0,0.15654626736471386,0.0
2022,GE,Georgia,West and Central Asia,Tay A,Chau A khac,0,0,0,Upper middle income,3,77838277278.0,3712502.0,20966.528039042132,77.838277278,3.712502,9.950682542188172,10.842208804570452,0.1800313453000686,-0.3020002812485975,185.3026934893383,343.8739439345469,77,16,79.60299145299145,21.44187166848434,4.389535763625228,89.56073460273115,24.124090600552172,4.506020726201248,47.07673483641158,12.680595144840751,3.8727983768645604,4.2598957946609515,1.1474460605437926,1.6601112156524203,21,42,37,19,119,119,2,0,0.18958600641001555,0.04673221300595398
2023,GE,Georgia,West and Central Asia,Tay A,Chau A khac,0,0,0,Upper middle income,3,83934727816.0,3712502.0,22608.668713444466,83.934727816,3.712502,10.026088683107025,7.832201265485983,0.17416350477572437,-0.4436810120226737,187.8633704207055,303.7147005323609,84,19,56.11282051282051,15.114556305375865,4.045028618829353,89.93013243339342,24.223591646117207,4.510091436169109,65.3151221694967,17.593289423008176,4.194417958204993,4.181711981401017,1.1263864588897237,1.6451355000088104,16,36,37,18,107,107,2,1,0.18868237068177662,0.0
2001,ID,Indonesia,East Asia,Dong Nam A,ASEAN khac,1,1,0,Upper middle income,3,1356330000000.0,217112437.0,6247.1317568970035,1356.33,217.112437,8.739877718498462,,0.11046845669659175,-0.8760325499283879,72.7752962832087,107.97836586006841,95,23,134.28333333333333,0.6184967346358575,4.907371344539075,89.76825396825397,0.41346435611265314,4.508309598573576,317.298795986296,1.4614491936558014,5.762990551642803,74.08211954214842,0.34121545760249755,4.318582441769336,0,4,147,15,166,145,142,0,0.3285505865051133,0.012606414050725734
2002,ID,Indonesia,East Asia,Dong Nam A,ASEAN khac,1,1,0,Upper middle income,3,1417360000000.0,220115092.0,6439.176828456633,1417.36,220.115092,8.770155989260289,3.074131922183443,0.10408265697386576,-1.0149520696291134,62.02203182623308,105.51087417704403,97,25,108.95767761650114,0.49500321230359406,4.700095542816653,84.76019536019535,0.3850721665200283,4.45155497530725,260.7917277167277,1.1847971229375207,5.567549255255908,75.3328169082596,0.342242852245041,4.335102949469266,1,1,144,5,151,124,132,0,0.31530323097676716,0.0
2003,ID,Indonesia,East Asia,Dong Nam A,ASEAN khac,1,1,0,Upper middle income,3,1485110000000.0,223080121.0,6657.294219416351,1485.11,223.080121,8.803468407622145,3.387348985289429,0.10081335877854473,-1.0211639811433533,56.302527140478084,108.45786778052224,99,27,143.05690943043885,0.6412804009122751,4.970208425881367,96.58041125541125,0.4329404647194505,4.580676768924938,193.60158175158173,0.8678567184011063,5.270954297938715,82.11104065514742,0.36807869875212873,4.420177552905715,0,2,137,6,145,117,122,0,0.22604860719275235,0.03150800703595059
2004,ID,Indonesia,East Asia,Dong Nam A,ASEAN khac,1,1,0,Upper middle income,3,1559830000000.0,225938595.0,6903.778435906446,1559.83,225.938595,8.83982414011424,3.702468425854022,0.10378671362289348,-0.9356338854131149,61.45348796217439,125.37445753272115,103,25,125.6748599439776,0.5562345819844441,4.841623645728661,117.55420819490587,0.5202927290705064,4.7753703090969735,207.84617327117326,0.9199232794696863,5.341597967917638,94.55590941780922,0.41850268838667964,4.559711515114109,0,3,129,4,136,112,109,0,0.32098142669190927,0.0
2005,ID,Indonesia,East Asia,Dong Nam A,ASEAN khac,1,1,0,Upper middle income,3,1648620000000.0,228805144.0,7205.344998712092,1648.62,228.805144,8.8825783905228,4.3681379060081404,0.1038065959514907,-0.9962764526296092,60.970559570473796,131.6090831457373,106,28,144.6890056022409,0.6323678002721866,4.981474251206691,142.99527417027417,0.6249652943566433,4.969780480775484,276.5595757095757,1.2087122294312391,5.6260355973861955,105.53006488788154,0.4612224316420156,4.668427244727225,0,5,126,6,137,111,116,0,0.07991963187086117,0.015066072675213458
2006,ID,Indonesia,East Asia,Dong Nam A,ASEAN khac,1,1,0,Upper middle income,3,1739310000000.0,231797427.0,7503.577682076687,1739.31,231.797427,8.923135210061382,4.139047934802598,0.1060632053260701,-0.8763204167313342,63.71948293809163,143.13204131832705,105,27,171.60784313725492,0.7403354099234886,5.15102221873658,173.35489417989416,0.7478723833284576,5.161092843733666,302.5244422244422,1.305124246372425,5.715462141768989,118.39574018019624,0.5107724521040359,4.782443523439288,0,0,121,0,121,106,102,0,0.10877124808083447,0.18122502630490087
2007,ID,Indonesia,East Asia,Dong Nam A,ASEAN khac,1,1,0,Upper middle income,3,1849670000000.0,234858289.0,7875.685409596082,1849.67,234.858289,8.971535496045593,4.959070769777263,0.10759955622879379,-0.8850949774890837,57.22844808999076,160.6199773958295,104,28,189.02683823529412,0.8048548724430762,5.247165316055066,196.7033072319837,0.8375404081734739,5.286767458574758,346.45426277235873,1.4751630195703194,5.850633038421178,131.6671436071225,0.5606237879350408,4.887843311638427,0,1,119,2,122,104,100,0,0.007053672091122035,0.03175022270465658
2008,ID,Indonesia,East Asia,Dong Nam A,ASEAN khac,1,1,0,Upper middle income,3,1960900000000.0,237936543.0,8241.272968314077,1960.9,237.936543,9.016910097417599,4.641977678190989,0.1057076454039392,-0.9466698822230035,56.693431265714416,168.3382206345598,110,27,226.2525655716832,0.9508945650760472,5.426062022638231,212.7650543900544,0.8942092362418428,5.364877535231792,359.85930592704784,1.5124171402584756,5.888488148092635,154.66140119691096,0.6500111300554239,5.04768314314119,0,2,119,4,125,109,101,0,0.04958112680186608,0.029178069948616537
2009,ID,Indonesia,East Asia,Dong Nam A,ASEAN khac,1,1,0,Upper middle income,3,2051670000000.0,240981299.0,8513.81417775493,2051.67,240.981299,9.049445320657192,3.307028058513728,0.10872053194612864,-0.9353577881211559,62.069879824150796,157.78993124080642,108,29,228.20819486885662,0.9469954548998286,5.434630738428541,277.1852675102675,1.1502355936352866,5.628287321617895,362.9684695726913,1.5062101128963177,5.897067241831788,125.60237639738787,0.5212121310599619,4.841051280445341,0,3,116,4,123,105,96,0,0.03817785774523466,0.054491155807158596
2010,ID,Indonesia,East Asia,Dong Nam A,ASEAN khac,1,1,0,Upper middle income,3,2179360000000.0,244016173.0,8931.211293113756,2179.36,244.016173,9.097307307797688,4.902586627382699,0.10826448257268576,-0.883030967818143,62.36906888637007,169.8217468209136,111,28,259.1765422077922,1.0621285426347218,5.56136040908507,346.35643217893215,1.4193994927497373,5.850351434828188,355.420360489184,1.456544277863025,5.876110822161265,166.23175611384795,0.6812325350002434,5.119380611526963,0,3,117,0,120,103,97,0,0.0651319817541508,0.02532212838795397
2011,ID,Indonesia,East Asia,Dong Nam A,ASEAN khac,1,1,0,Upper middle income,3,2313830000000.0,247099697.0,9363.953206304417,2313.83,247.099697,9.144622831407416,4.845276849785418,0.11319544129403322,-0.7921567750783127,63.323010068293186,194.788448261592,103,27,305.64551608522197,1.2369319744055451,5.725692409709166,428.1892668634048,1.7328603477138411,6.061898003135852,330.198137556693,1.3362951940677328,5.80271679917613,214.68168781339975,0.8688059533047495,5.373803653237647,0,7,123,1,131,111,108,0,0.06151935023928422,0.012719635643853037
2012,ID,Indonesia,East Asia,Dong Nam A,ASEAN khac,1,1,0,Upper middle income,3,2453350000000.0,250222695.0,9804.66619944286,2453.35,250.222695,9.190613694138941,4.706484360064156,0.1180339877630354,-0.7636929880666958,68.83776166900992,201.66358250789153,99,27,332.30196812595995,1.3280248944883275,5.809048890264636,490.56624929065276,1.9605186063984035,6.197596720515365,412.64949262710996,1.649128959413973,6.025018979060098,192.95862789770987,0.7711475887417402,5.267644878061325,1,7,123,0,131,112,112,0,0.040288943558168894,0.01763152785993038
2013,ID,Indonesia,East Asia,Dong Nam A,ASEAN khac,1,1,0,Upper middle income,3,2589690000000.0,253275918.0,10224.777864589558,2589.69,253.275918,9.232569255940499,4.284813542867694,0.11956420850942844,-0.8249404650779331,79.95409750875949,207.73570525007972,101,28,326.5102438556065,1.2891483976601619,5.791519333534548,604.7253879892037,2.3876150277706376,6.406426728230171,475.6463069990147,1.8779768355198094,6.166774721084155,180.61328014042087,0.7131087770469393,5.20187959201998,0,7,124,0,131,111,110,0,0.050834809351483344,0.10749044308261221
2014,ID,Indonesia,East Asia,Dong Nam A,ASEAN khac,1,1,0,Upper middle income,3,2719350000000.0,256229761.0,10612.935786175127,2719.35,256.229761,9.269828893255921,3.7962479647585923,0.12476947570484148,-0.6872404935832378,85.95172585982124,223.7375107191521,95,24,343.3979735318438,1.3401955034093163,5.841797888482385,713.0253341051023,2.7827576754641794,6.570918443650035,607.8451179255527,2.3722658740081046,6.411563913403257,169.82551699235404,0.6627860726621606,5.1406426671066,0,13,119,0,132,115,109,0,0.07433320927627485,0.0
2015,ID,Indonesia,East Asia,Dong Nam A,ASEAN khac,1,1,0,Upper middle income,3,2851950000000.0,259091970.0,11007.48124305049,2851.95,259.09197,9.306330433613057,3.7175901637821473,0.12842519393403193,-0.6353659590672606,91.54452551701816,223.62773640259832,95,27,393.57584142910184,1.519058430985344,5.977811368777421,905.6722037285227,3.4955626132624746,6.8097809776568035,594.4263212632778,2.294267635015002,6.389277655302357,144.52577787242421,0.5578165076764988,4.980353238427308,0,19,122,1,142,126,117,0,0.1225842276268345,0.026916708476160206
2016,ID,Indonesia,East Asia,Dong Nam A,ASEAN khac,1,1,0,Upper middle income,3,2995490000000.0,261850182.0,11439.709444234795,2995.49,261.850182,9.344845866380025,3.926676699605469,0.1288010585464455,-0.6542462558730536,90.019424508156,223.997540581763,93,24,311.73452924666094,1.1905072086093142,5.745354681286281,1202.7033624362032,4.593097294223775,7.093158218798921,605.3994671174012,2.3120070511060447,6.407538955563596,136.2947114303255,0.5205064605619617,4.922129793680476,0,20,125,1,146,126,125,0,0.08553858654956352,0.01593404878996032
2017,ID,Indonesia,East Asia,Dong Nam A,ASEAN khac,1,1,0,Upper middle income,3,3147360000000.0,264498852.0,11899.333309771795,3147.36,264.498852,9.384237653141271,4.017793177156559,0.13210915656425423,-0.5844553058805985,97.02643457212594,236.21475659717547,97,26,371.65621250729936,1.405133556146018,5.920656312347467,1426.4106614193652,5.392880349512311,7.263617355627306,514.6924521988309,1.9459156374668534,6.24551056491884,153.975198965,0.5821393847297304,5.043265097439393,0,21,126,0,147,124,121,0,0.05473248120739313,0.01575914135997026
2018,ID,Indonesia,East Asia,Dong Nam A,ASEAN khac,1,1,0,Upper middle income,3,3310210000000.0,267066843.0,12394.687273103385,3310.21,267.066843,9.425023214066568,4.162871569660154,0.13360273769893993,-0.6988910685652192,105.41483683744227,246.18685137684187,96,26,312.87480503367595,1.1715224605162833,5.748994196318419,1808.9389341616488,6.773356489489969,7.501048385658493,577.3639838664743,2.1618707039064162,6.360203400348516,161.85813988200238,0.606058535997306,5.092879514396959,0,31,125,0,156,135,135,0,0.08692122380383081,0.014730699111888205
2019,ID,Indonesia,East Asia,Dong Nam A,ASEAN khac,1,1,0,Upper middle income,3,3476360000000.0,269582878.0,12895.32935396587,3476.36,269.582878,9.464620459204154,4.0391666996624,0.13916827967568116,-0.6784869239954625,107.21333212258476,258.4872921007595,97,25,324.6739912641122,1.2043568704096712,5.785896854209098,2419.696391487885,8.975705020434885,7.791810542831942,750.3739752416699,2.7834630329959973,6.621903497514337,148.85940415798203,0.5521841938269612,5.009697548937216,0,41,129,0,170,146,150,0,0.27723700794104805,0.0
2020,ID,Indonesia,East Asia,Dong Nam A,ASEAN khac,1,1,0,Upper middle income,3,3404560000000.0,271857970.0,12523.303988476042,3404.56,271.85797,9.435346506682578,-2.8849621074270138,0.14226712846643755,-0.7063259493627039,115.76120841051161,263.77311041581214,99,25,273.9374923687423,1.0076492970529511,5.616543771352602,3041.7013616206123,11.188567918831337,8.020501005620122,716.2559338469338,2.6346696175467423,6.575432727879792,136.6300691752335,0.5025788619521933,4.92456942760872,0,55,125,0,180,153,158,0,0.06051254100006475,0.004498702307310758
2021,ID,Indonesia,East Asia,Dong Nam A,ASEAN khac,1,1,0,Upper middle income,3,3530620000000.0,273753191.0,12897.091672622731,3530.62,273.753191,9.46475711319703,2.9847369710952476,0.1460973579680555,-0.6432499232779367,137.88658416273537,282.3247388520528,86,20,342.7599367107985,1.2520764980262769,5.839943555358038,3069.562632524029,11.212883478403104,8.029616091712866,794.0249890341469,2.900514094954045,6.678373546907688,189.2047816102546,0.6911509630960049,5.248101289701989,0,55,127,3,185,146,164,0,0.20747469839508237,0.0
2022,ID,Indonesia,East Asia,Dong Nam A,ASEAN khac,1,1,0,Upper middle income,3,3718000000000.0,275501339.0,13495.397203858962,3718.0,275.501339,9.510103958428285,4.639073261038229,0.14957929916651613,-0.6530818611567581,128.46340228245998,272.9769790180465,93,23,301.5517063826977,1.0945562278472183,5.712252193054732,3572.6762047058887,12.967908677590453,8.18135009416299,631.9949083640508,2.293981258523215,6.450462378453138,229.065208983988,0.8314486231371384,5.438362786061441,0,63,132,0,195,161,174,0,0.14103537968680047,0.003164582457123106
2023,ID,Indonesia,East Asia,Dong Nam A,ASEAN khac,1,1,0,Upper middle income,3,3905720000000.0,275501339.0,14176.773202543309,3905.72,275.501339,9.559360214426244,5.048951048951045,0.15445499220079165,-0.6354048551867459,135.1843475809036,264.76287495456563,93,23,344.5885300284007,1.2507689845688945,5.845248847803918,4157.378571811128,15.090230003604912,8.33288051088509,630.9362473671648,2.290138587555703,6.448788514639648,191.76331364848562,0.6960522019404256,5.261463082164352,0,71,131,1,203,162,182,1,0.21941178477366186,0.014033377704346891
2001,IL,Israel,West and Central Asia,Tay A,Chau A khac,0,0,0,High income,4,209848000000.0,6439000.0,32590.153750582387,209.848,6.439,10.391765489543166,,0.4116085085162383,0.4555935373147712,306.41322747519104,329.2143715020749,22,4,7956.045391035006,1235.6026387692198,8.981813027902549,2714.8133116883114,421.62033105890845,7.90684674982434,275.57827114465135,42.79830270921748,5.62249385918413,30.126205741544727,4.678708765576134,3.4380500927187163,285,523,240,150,1198,1198,80,0,0.25996841187673286,0.01455158635492021
2002,IL,Israel,West and Central Asia,Tay A,Chau A khac,0,0,0,High income,4,209567000000.0,6570000.0,31897.564687975646,209.567,6.57,10.370284943789002,-2.125148190178039,0.4050296649534671,0.4584640495562247,303.0384881724849,338.99881991269683,23,4,9204.504992690292,1400.9901054323122,9.127556952856605,2923.835301686617,445.02820421409695,7.980993450964966,261.0577411477411,39.734816004222395,5.568564865539737,29.307870501956778,4.460863090099966,3.411407431325301,306,518,232,133,1189,1189,88,0,0.17528331258985722,0.01915285092875425
2003,IL,Israel,West and Central Asia,Tay A,Chau A khac,0,0,0,High income,4,212604000000.0,6689700.0,31780.79734517243,212.604,6.6897,10.366617529303108,-0.3660697734935048,0.416540148581943,0.4746636928580568,283.9495615345356,365.2497071275691,20,4,8822.693663840078,1318.84743169949,9.085195844084124,3250.1335635554674,485.8414523155698,8.086759003297413,356.8179724669895,53.33841165777083,5.880024400296591,31.884851184380967,4.7662602484985825,3.4930121014087576,293,524,229,158,1204,1204,83,0,0.058479584100348446,0.02615712787336348
2004,IL,Israel,West and Central Asia,Tay A,Chau A khac,0,0,0,High income,4,222485000000.0,6809000.0,32675.135849610808,222.485,6.809,10.394369696084723,2.814084538927508,0.42213302255126167,0.4482386254554845,271.6417879661599,408.93103634600146,20,4,9373.579664122679,1376.645566767907,9.145757014006541,3382.0401448889306,496.70144586414017,8.126530035363842,347.50804118482137,51.036575295171296,5.853661303635451,39.76063906040912,5.839424153386565,3.70771688684813,313,524,233,160,1230,1230,85,0,0.14076454788124967,0.06426709798480722
2005,IL,Israel,West and Central Asia,Tay A,Chau A khac,0,0,0,High income,4,232248000000.0,6930100.0,33512.9363212652,232.248,6.9301,10.419686802116757,2.5640305690247667,0.43087082121103926,0.4334032307382086,264.5196088235075,436.16900752186496,21,4,8861.94674153025,1278.761741032633,9.089634577641053,3411.5995405308486,492.2872022814748,8.135229608454127,445.9165850815851,64.34489907527815,6.102371966643915,40.757576186816394,5.881239258714361,3.731880900386471,299,518,230,212,1259,1259,72,0,0.0369223251253697,0.05180341071138589
2006,IL,Israel,West and Central Asia,Tay A,Chau A khac,0,0,0,High income,4,245257000000.0,7053700.0,34769.978876334404,245.257,7.0537,10.456509617476108,3.750917386106689,0.4385806266075903,0.44303726087166445,256.0579120443905,470.39708024962806,21,4,9660.73561465532,1369.5983121844308,9.17592858132197,3739.6368625440605,530.1667015245985,8.227011160014575,466.86814848373774,66.1876956042556,6.148186522214058,43.069672168916114,6.105968806288347,3.785771839954344,312,520,233,194,1259,1259,77,0,0.038322920279136995,0.008567729482062388
2007,IL,Israel,West and Central Asia,Tay A,Chau A khac,0,0,0,High income,4,260766000000.0,7180100.0,36317.87858107826,260.766,7.1801,10.50006542189807,4.451828142459435,0.46022225925833127,0.3966177539986067,235.88265992251857,534.2330366601167,23,5,10981.49370710415,1529.434646746445,9.30405780285675,3923.1768022571346,546.3958443833839,8.274911876310686,657.4529163308152,91.56598324965046,6.489893017231112,48.21073459313674,6.714493474065367,3.896111782487192,312,524,251,225,1312,1312,79,0,0.035920652507674594,0.052711350150575896
2008,IL,Israel,West and Central Asia,Tay A,Chau A khac,0,0,0,High income,4,269168000000.0,7308800.0,36827.93345008756,269.168,7.3088,10.514011897359497,1.404418123901774,0.4603204416353902,0.4011715827016856,228.34727768647858,573.5912015150362,21,4,12047.367993175256,1648.3373458262993,9.396684493495467,4004.282928847325,547.8714602735504,8.295369500914244,782.057121340003,107.00212365094175,6.663205645232884,61.37002312793812,8.39673039732078,4.133084761356274,311,525,251,222,1309,1309,81,0,0.029812480520455795,0.0
2009,IL,Israel,West and Central Asia,Tay A,Chau A khac,0,0,0,High income,4,272500000000.0,7485600.0,36403.2275301913,272.5,7.4856,10.50241271810587,-1.1532168115592434,0.4573309400666171,0.43257521681328553,241.2857330989143,494.7571944059998,21,4,11728.190639037215,1566.766944404886,9.369835940037401,4150.0401813228045,554.4031448812126,8.33111422792014,711.6182738530583,95.06496123932061,6.568945896756855,48.70378332495429,6.506329930126414,3.9060810534438732,326,520,251,226,1323,1323,82,0,0.02892006760429881,0.0028690475521546952
2010,IL,Israel,West and Central Asia,Tay A,Chau A khac,0,0,0,High income,4,287581000000.0,7623600.0,37722.46707592213,287.581,7.6236,10.53801113959061,3.6239631352376955,0.4498778348091972,0.3753587903497431,266.8811573559971,536.3490851358603,27,4,11614.506840153905,1523.4937352633801,9.360096280942418,4179.878272631825,548.2814251314111,8.338276616517957,651.3715597082756,85.44146593581453,6.480614276461687,57.44102333049669,7.534632369287042,4.068018097517974,321,509,232,206,1268,1268,82,0,0.02547181453612756,0.013281376784374207
2011,IL,Israel,West and Central Asia,Tay A,Chau A khac,0,0,0,High income,4,303452000000.0,7765800.0,39075.43331015478,303.452,7.7658,10.573249244419614,3.5866324212294964,0.4433478388835082,0.3867718103586347,255.84333726859933,589.2183783460467,26,5,11659.855526584279,1501.4364941904607,9.363992829990215,4464.57485300149,574.9021160732301,8.404153231496382,810.0107205666407,104.30486499351525,6.698281272975812,65.74998309352604,8.46660783094157,4.200954043999818,308,494,231,188,1221,1221,89,0,0.036419584148922886,0.0024691031232289195
2012,IL,Israel,West and Central Asia,Tay A,Chau A khac,0,0,0,High income,4,310878000000.0,7910500.0,39299.41217369319,310.878,7.9105,10.578964840333102,0.5731961095878813,0.44993763541633486,0.4011795772320203,257.0461766118957,587.632953865975,23,5,11495.127381653052,1453.148016137166,9.349765508217049,4235.427241557583,535.4183985282325,8.351475561304232,932.4188329965575,117.87103634366444,6.838854010081566,62.421621233120796,7.890983026751886,4.149804832219615,301,508,230,223,1262,1262,73,0,0.035672309768503156,0.0
2013,IL,Israel,West and Central Asia,Tay A,Chau A khac,0,0,0,High income,4,323579000000.0,8059500.0,40148.76853402817,323.579,8.0595,10.600347047273843,2.161244439435994,0.45172992349414176,0.41753006841125234,280.8603202302685,595.4406172922752,22,4,12085.500889569548,1499.5348209652643,9.399844479846413,4535.631180415695,562.7683082592835,8.419939984848872,1091.656558259043,135.44966291445414,6.996367219457159,64.55687822546183,8.010035141815477,4.182918135680611,300,507,221,245,1273,1273,82,0,0.035589813600427796,0.006673998548896577
2014,IL,Israel,West and Central Asia,Tay A,Chau A khac,0,0,0,High income,4,335797000000.0,8215700.0,40872.597587545795,335.797,8.2157,10.618215131855642,1.8028673853449417,0.4479643489886877,0.43852655318283107,287.3974275536887,604.3150730124474,21,5,12834.484606346094,1562.1900271852787,9.45996884922248,4576.270463339063,557.0152833403196,8.428858130745033,1407.0341794470535,171.26163071278813,7.249949811598815,63.43667492848503,7.721396220466306,4.165682957481587,300,513,211,222,1246,1246,81,0,0.04181983343664725,0.005970004227829841
2015,IL,Israel,West and Central Asia,Tay A,Chau A khac,0,0,0,High income,4,343311000000.0,8380100.0,40967.410890084844,343.311,8.3801,10.620532173281255,0.23197278405406863,0.45439313661920455,0.48199338423897564,284.3864408749836,587.0899932818935,20,5,13631.317998222203,1626.6295149487717,9.520198576131394,4609.002810150949,549.993772168703,8.435983745567722,1392.821948035828,166.20588633021418,7.239804855785178,57.9742602013427,6.918086920364041,4.077101080939395,319,501,216,251,1287,1287,66,0,0.1276338455507006,0.05287981431492659
2016,IL,Israel,West and Central Asia,Tay A,Chau A khac,0,0,0,High income,4,358622000000.0,8546000.0,41963.72571963492,358.622,8.546,10.644560850742772,2.4319692357986034,0.44889086299387115,0.45751798973733454,288.6202561980848,584.345634504347,20,5,13628.031895920374,1594.6679026351949,9.519957494722696,4816.195273249327,563.561347209142,8.479947144162171,1631.1476030629806,190.86679183980584,7.397651974487623,53.44158965188532,6.253403890929713,3.9971283774283206,312,486,218,223,1239,1239,71,0,0.03853744141347448,0.0
2017,IL,Israel,West and Central Asia,Tay A,Chau A khac,0,0,0,High income,4,374211000000.0,8713300.0,42947.103852730885,374.211,8.7133,10.667724494469024,2.343400439860943,0.4514067867044268,0.4520029983912892,295.07529139929926,605.3189660716813,18,5,14989.802365619287,1720.3358504377545,9.61519211638991,4432.006840847549,508.6484845979765,8.396833377908209,1822.9098734385875,209.2100436618259,7.5087377579214865,51.591019709,5.920950697095245,3.962545377202207,313,490,218,210,1231,1231,80,0,0.12439848841758568,0.01758787506627174
2018,IL,Israel,West and Central Asia,Tay A,Chau A khac,0,0,0,High income,4,389194000000.0,8882800.0,43814.337821407666,389.194,8.8828,10.68771639031875,2.019307219528921,0.4553953059250417,0.5175069424339587,309.47916814727984,633.4234360606888,18,6,15256.11203410754,1717.4890838595422,9.632801036214481,4211.354032208792,474.10208855414874,8.345776922952549,2527.710327768076,284.56233707480476,7.835464699883586,52.11149835990365,5.866562160569151,3.9723934464239123,315,475,222,254,1266,1266,70,0,0.14952544972826523,0.05780246692968676
2019,IL,Israel,West and Central Asia,Tay A,Chau A khac,0,0,0,High income,4,403635000000.0,9054000.0,44580.84824387011,403.635,9.054,10.705059634212185,1.7494511170905502,0.45551319098030696,0.4821030954844182,298.25460756922945,638.5683679059813,17,6,15255.117756836302,1684.9036621202013,9.632735865973348,4062.533145604863,448.70036951677304,8.309808107070257,3240.489473944778,357.90694432789684,8.083788217330673,46.94172445899154,5.184639326153251,3.869986199552272,309,479,221,247,1256,1256,80,0,0.13542547938733257,0.004821802423872422
2020,IL,Israel,West and Central Asia,Tay A,Chau A khac,0,0,0,High income,4,395475000000.0,9215100.0,42915.9748673373,395.475,9.2151,10.666999410131927,-3.73450358644023,0.45242129935528547,0.5185424677005126,312.5749314755914,630.7375050280368,19,6,15919.473916981373,1727.542177185421,9.675361227609905,4124.197086643711,447.5477299913958,8.324869076207715,2847.0972132725137,308.9599910226166,7.954406405823095,40.35053079207304,4.3787404143279005,3.7220852579549795,311,470,220,237,1238,1238,72,0,0.13722061205100133,0.0018453771896075272
2021,IL,Israel,West and Central Asia,Tay A,Chau A khac,0,0,0,High income,4,432603000000.0,9364700.0,46195.07298685489,432.603,9.3647,10.740628426076643,7.64074014316114,0.4514628819690086,0.5606669061144606,354.5312835016569,675.4562990182098,18,6,16695.975807490497,1782.8628581257806,9.72298289263436,3814.5967374953607,407.3378471809413,8.246852350227014,2336.5653739852455,249.50776575707133,7.756865228252078,47.60868216797973,5.083844882161706,3.8838021603829347,314,453,227,263,1257,1257,86,0,0.1270592120587936,0.0008559572192019607
2022,IL,Israel,West and Central Asia,Tay A,Chau A khac,0,0,0,High income,4,459698000000.0,9550600.0,48132.89217431365,459.698,9.5506,10.781721051377156,4.194861187924048,0.4460779060141067,0.5306374345979687,324.13685551271345,645.3764946771929,19,5,17646.786417818876,1847.7149517118166,9.778365639075245,3486.0275398557164,365.00612944272785,8.156804944509595,1911.6641517196927,200.16168112157277,7.556252392981969,52.748906910853606,5.523098748859089,3.9843233302587233,318,445,214,238,1215,1215,94,0,0.12365419184660874,0.0010462088741899785
2023,IL,Israel,West and Central Asia,Tay A,Chau A khac,0,0,0,High income,4,468095000000.0,9550600.0,49012.10395158419,468.095,9.5506,10.799822566008576,1.8266340075440812,0.4442367315050745,0.5372513317196685,333.44657780622697,596.4774985654478,20,6,15873.813349302745,1662.0749847447016,9.672489066167536,3572.6010520692157,374.07084916855655,8.18132906443825,1651.638442469521,172.93556870453386,7.410128345807933,45.431131244142236,4.756887655659565,3.8379701662437915,316,439,219,233,1207,1207,91,1,0.12070443032312402,0.001937470040486208
2001,IN,India,West and Central Asia,Nam A,Chau A khac,0,0,0,Lower middle income,2,3437210000000.0,1078970907.0,3185.637330627303,3437.21,1078.970907,8.066407651795798,,0.10482323070530311,-0.35266890614996355,83.30893358040773,117.40995678406578,65,13,3020.943370116584,2.799837651337697,8.01365540345015,3324.5089524038053,3.081184979905863,8.109378009768305,380.60923883306236,0.3527520866075237,5.944397150059521,51.76350912977948,0.04797488865914295,3.965819836815878,1,99,123,4,227,38,227,0,0.03796444116074957,0.09020625310777639
2002,IN,India,West and Central Asia,Nam A,Chau A khac,0,0,0,Lower middle income,2,3567960000000.0,1098313039.0,3248.582028351937,3567.96,1098.313039,8.08597388114906,1.9758902596812344,0.1076703872495347,-0.36720485218218035,85.42895363609662,126.71372691099272,65,15,3890.943459393458,3.542654344644868,8.266663915809174,4259.234330375507,3.8779784807558015,8.35707944488098,513.8778762465605,0.4678792457152651,6.2439297390413175,59.9311238562502,0.05456652313880998,4.1097441091296885,5,124,134,1,264,37,264,0,0.0063669933448410885,0.06178510783905831
2003,IN,India,West and Central Asia,Nam A,Chau A khac,0,0,0,Lower middle income,2,3848420000000.0,1117415123.0,3444.037869890186,3848.42,1117.415123,8.14439986139024,6.016650952089608,0.11250116508040729,-0.369635924184004,87.04633674666046,139.57302449844005,67,15,4958.157486622785,4.437166979905627,8.508991143722875,5040.954102738507,4.511263539377126,8.525549004719226,570.1685525307735,0.5102566994081872,6.347684354416604,73.0168299776801,0.06534440824610184,4.304292499476215,2,131,143,4,280,42,280,0,0.01983215282115606,0.14935247025210532
2004,IN,India,West and Central Asia,Nam A,Chau A khac,0,0,0,Lower middle income,2,4153330000000.0,1136264583.0,3655.24901694485,4153.33,1136.264583,8.20391950035417,6.132660412976199,0.1187198800622268,-0.2987994744064647,91.63872545891158,161.68854540324327,68,14,6812.613704929142,5.9956226805400155,8.826677905232788,5919.367516128802,5.209497510254443,8.686153806378304,659.6186640379307,0.5805150260834371,6.493176765718235,92.50762785543981,0.08141380910702892,4.538043014308667,6,136,143,5,290,44,289,0,0.014427218591368727,0.019930401250302817
2005,IN,India,West and Central Asia,Nam A,Chau A khac,0,0,0,Lower middle income,2,4482410000000.0,1154638713.0,3882.0887863301705,4482.41,1154.638713,8.264128634752876,6.205863631554132,0.12475263133331344,-0.33344219599198244,96.52072930903812,176.47060211638748,69,15,8326.922185938407,7.211712280374932,9.027369266583815,7361.328985105881,6.375439262710638,8.90413159986065,786.7854000676745,0.6814126282180827,6.669225717828486,114.27690166400589,0.09897199910012534,4.747337074716672,7,157,153,10,327,54,327,0,0.006504637030654255,0.028425264794453065
2006,IN,India,West and Central Asia,Nam A,Chau A khac,0,0,0,Lower middle income,2,4843730000000.0,1172373788.0,4131.557741719145,4843.73,1172.373788,8.326409792013356,6.42615275228684,0.127879836872986,-0.34925561984669284,97.1683291578015,191.49430936333238,73,16,9536.055394644616,8.1339718545845,9.162940057955105,9253.856775694716,7.893264819133533,9.132903749544225,788.4446468337326,0.672519852374704,6.671329719564209,137.05480461180656,0.11690367527374856,4.927650741188188,9,176,164,8,357,58,357,0,0.00645144250796436,0.014092442831252078
2007,IN,India,West and Central Asia,Nam A,Chau A khac,0,0,0,Lower middle income,2,5214800000000.0,1189691809.0,4383.320083865518,5214.8,1189.691809,8.385561726240955,6.093642105111052,0.13258454678408269,-0.2850448328452113,96.04861262335291,219.45484258492206,72,17,10647.416700427648,8.94972682830974,9.273166493459081,10521.196870468713,8.843632267513337,9.261242292481494,1217.5436645708014,1.0234109837187266,7.105411707114064,159.55143025854602,0.13411156490407175,5.07861432898881,17,184,157,13,371,52,371,0,0.0032021143711203352,0.012319886700151881
2008,IN,India,West and Central Asia,Nam A,Chau A khac,0,0,0,Lower middle income,2,5375760000000.0,1206734806.0,4454.798165488565,5375.76,1206.734806,8.401737033713294,1.6306835972611067,0.13837748015972895,-0.2551775706722664,100.5454203876959,244.9257948696645,75,15,11802.528455604532,9.780548631663926,9.37615378741709,11874.543246631916,9.840226027782212,9.382236374941268,1276.0568847810725,1.0574459926376505,7.152313400679466,191.35701490393112,0.15857420698606345,5.2593530980104655,15,206,161,8,390,61,390,0,0.0038966228917097084,0.019223094359911996
2009,IN,India,West and Central Asia,Nam A,Chau A khac,0,0,0,Lower middle income,2,5798400000000.0,1223640160.0,4738.648002530417,5798.4,1223.64016,8.463507142469204,6.3717777213980975,0.1406031707025446,-0.23332598512352215,107.25419332956035,222.31375227216031,68,14,12750.943867150738,10.42050129112364,9.453438999134388,13343.90796549219,10.905091547087006,9.498890165261242,1426.1741725073275,1.1655176244847403,7.263451665044376,173.57420594434976,0.14185069403438816,5.1623499002145214,17,221,171,18,427,64,427,0,0.011387685723342776,0.029515817759966263
2010,IN,India,West and Central Asia,Nam A,Chau A khac,0,0,0,Lower middle income,2,6291120000000.0,1240613620.0,5070.974474711958,6291.12,1240.61362,8.531288282201588,7.013107367419558,0.14579077374353452,-0.25489405315374175,114.64274954676591,248.02731570068855,68,14,13152.030639509301,10.601230252098393,9.484407477935335,15637.801218106682,12.604892422595427,9.657510362703007,1424.3900071833195,1.1481334592984072,7.2622007445081325,231.39324843223733,0.18651516048343666,5.448430973059356,28,242,181,13,464,64,464,0,0.00640116875213286,0.011759419762514711
2011,IN,India,West and Central Asia,Nam A,Chau A khac,0,0,0,Lower middle income,2,6620860000000.0,1257621191.0,5264.5900429965,6620.86,1257.621191,8.568758556958409,3.8181136436412633,0.14955778615822776,-0.24664006327703758,117.51153354347315,275.2005982836408,73,14,14623.791998611547,11.628137394045826,9.59047344968176,19033.57567646227,15.134585686591116,9.854012376814115,2265.810691690737,1.8016638936316531,7.726129140929275,286.3997726170878,0.22773135079678203,5.660874182472336,33,267,194,30,524,70,524,0,0.004620889256833263,0.009620922118132362
2012,IN,India,West and Central Asia,Nam A,Chau A khac,0,0,0,Lower middle income,2,6982120000000.0,1274487215.0,5478.375865857548,6982.12,1274.487215,8.608563961170844,4.060825650526145,0.1509422793635646,-0.23058668419080036,119.12919751929034,273.67008430125185,70,14,16019.466701507874,12.569342801534399,9.681622352626716,20184.85606495554,15.837629304861672,9.912737443334244,2254.2286367396146,1.7687338171843603,7.721006637812407,282.6538294590892,0.22177847383042534,5.647754584330444,46,278,196,27,547,66,547,0,0.005768665019236487,0.09985430970746959
2013,IN,India,West and Central Asia,Nam A,Chau A khac,0,0,0,Lower middle income,2,7428010000000.0,1291132063.0,5753.098550384308,7428.01,1291.132063,8.657493866976317,5.014673897037492,0.1544015791305502,-0.2224077011494638,134.25811452143398,281.86023523554763,73,15,17911.003037116283,13.872324567247837,9.793226327836207,22366.63121907621,17.323271460787982,10.015370157910688,2454.06927213918,1.9007112769216237,7.805910256587839,323.5844371511024,0.2506207121827958,5.782545709233332,55,288,218,24,585,71,585,0,0.005224852355398719,0.01223256441061779
2014,IN,India,West and Central Asia,Nam A,Chau A khac,0,0,0,Lower middle income,2,7978440000000.0,1307246509.0,6103.240624527076,7978.44,1307.246509,8.716575159020591,6.086147683310217,0.15743168871937233,-0.1510919315629267,140.50439260854574,294.97269341445093,66,13,17968.499543049707,13.745303138575608,9.796431129809926,25476.141478671194,19.488398938743078,10.145536916527345,2784.2122179532466,2.1298295300731582,7.932079349800564,300.27539166631897,0.22970066441104486,5.708024768941883,45,303,207,30,585,64,585,0,0.005667636672558432,0.029692443737796278
2015,IN,India,West and Central Asia,Nam A,Chau A khac,0,0,0,Lower middle income,2,8616420000000.0,1322866505.0,6513.446343552255,8616.42,1322.866505,8.781623987374703,6.721113327511397,0.1586893558551269,-0.13162133215834823,141.54717955910849,288.73859777129843,66,14,18863.65757507859,14.259683425183246,9.845045480899381,26424.016660909212,19.97481723290682,10.182066441236223,2980.1190564705,2.252773840146856,8.000054031314132,245.39579863881147,0.1855030705753726,5.506939180535146,48,316,206,26,596,66,596,0,0.004692042413860214,0.0026990459469749674
2016,IN,India,West and Central Asia,Nam A,Chau A khac,0,0,0,Lower middle income,2,9327810000000.0,1338636340.0,6968.143416754994,9327.81,1338.63634,8.849104100518431,6.980898424884541,0.1616527711677524,-0.13382574120685486,149.33841635734728,293.90780753215114,65,12,17284.593393679,12.912090369277587,9.757628681745,29708.71120235219,22.193265127071175,10.299229247855797,3265.5640888960606,2.4394706697534154,8.091493974139173,242.4538457603458,0.1811200238000007,5.494927379424646,36,332,206,28,602,72,602,0,0.007883071152501765,0.010386158637031176
2017,IN,India,West and Central Asia,Nam A,Chau A khac,0,0,0,Lower middle income,2,9961680000000.0,1354195680.0,7356.15993103744,9961.68,1354.19568,8.903293327064462,5.568434675862943,0.16115512512767327,-0.10652904550542504,147.37182661894283,301.53662315244975,67,12,17861.832519667994,13.189993723556993,9.79047743758161,28771.39232533682,21.24611143740823,10.267171606558707,4024.176078300431,2.9716355898435824,8.300323935057426,264.026888822,0.19496952524763628,5.579831288091599,43,331,218,22,614,75,614,0,0.004354819755341633,0.0580139228027509
2018,IN,India,West and Central Asia,Nam A,Chau A khac,0,0,0,Lower middle income,2,10604600000000.0,1369003306.0,7746.219423665877,10604.6,1369.003306,8.954960187025135,5.302487932361011,0.16193058326293547,-0.06675739180004649,160.8231823721804,315.2505205127456,65,12,17457.848408562128,12.752232468722852,9.76760187123685,29902.05853124366,21.842210606936007,10.305716046162145,3671.377091360516,2.681788331167489,8.208594440193371,291.1175528864499,0.21264926944336385,5.677156299633602,39,344,224,26,633,75,633,0,0.006881641577283966,0.003731569833084931
2019,IN,India,West and Central Asia,Nam A,Chau A khac,0,0,0,Lower middle income,2,11015100000000.0,1383112050.0,7963.99684320587,11015.1,1383.11205,8.982686268801018,2.8114026679214588,0.16445736407587597,-0.06268878007714321,157.88290714732432,322.20783610735447,64,12,17961.45158980904,12.986259204240929,9.796038835313867,31294.567581520474,22.626198348514478,10.351231755686443,4877.29336979603,3.526318326701029,8.492550718377045,284.7372983319485,0.20586712286394188,5.655072851405082,41,356,230,28,655,72,655,0,0.007838589024951523,0.000615095253153792
2020,IN,India,West and Central Asia,Nam A,Chau A khac,0,0,0,Lower middle income,2,10378700000000.0,1396387127.0,7432.537724905566,10378.7,1396.387127,8.913622630527795,-6.673271333020359,0.16694131689817834,-0.06860930362063133,167.86030745736133,325.02848835287125,63,12,19305.55884510698,13.825362946866369,9.868200153695662,35160.83154454436,25.179859413402024,10.467716442152978,4002.255280398531,2.866150226547119,8.294863129229638,241.22054788886766,0.17274618422407417,5.489848666037616,54,388,220,26,688,77,688,0,0.007722220441975137,0.0023134015400661304
2021,IN,India,West and Central Asia,Nam A,Chau A khac,0,0,0,Lower middle income,2,11384400000000.0,1407563842.0,8088.01679916981,11384.4,1407.563842,8.998138837746842,8.819048063056712,0.17423255383449482,-0.02013387661654197,195.65826254875196,352.96515903912723,58,12,21665.95350290324,15.392519228199413,9.98354349871757,33215.16216345432,23.5976239033386,10.410791848602225,3819.8918413055944,2.7138320318586264,8.248239140661967,329.3330939222098,0.23397382349227028,5.800101520905439,72,414,250,46,782,76,782,0,0.004783556074882359,0.0
2022,IN,India,West and Central Asia,Nam A,Chau A khac,0,0,0,Lower middle income,2,12250600000000.0,1417173173.0,8644.391690019664,12250.6,1417.173173,9.064666030114688,6.879002661158706,0.17636740238164117,-0.015374283270715189,184.61042146539606,337.57810953536455,59,10,22662.9021244776,15.99162512828459,10.02852872295521,35903.846700037655,25.334833726800767,10.488627570936018,3385.3614453612354,2.3888128210857937,8.127511304001706,349.1340205967188,0.2463594620956876,5.858315997180466,88,421,242,42,793,76,793,0,0.003837031682304277,0.001536025054909649
2023,IN,India,West and Central Asia,Nam A,Chau A khac,0,0,0,Lower middle income,2,13376600000000.0,1417173173.0,9438.931144655531,13376.6,1417.173173,9.152598026527231,9.191386544332536,0.17922279680662329,0.011679976470167623,189.47459663084155,315.82232332336855,58,11,22902.22892371831,16.160501313496365,10.039033180638354,42480.73080223774,29.97568089177888,10.656829399017958,3441.3105319176907,2.4282921787411587,8.143898191155762,317.06170289706245,0.22372827043139523,5.762245398225455,93,439,246,50,828,86,829,1,0.0063513593385289245,0.0
2001,IQ,Iraq,West and Central Asia,Tay A,Chau A khac,0,0,0,Upper middle income,3,315719000000.0,25425663.0,12417.335980579935,315.719,25.425663,9.426848838163039,,0.008502946455601887,-0.44820080246051425,7.107069250958184,10.396202673382325,69,15,18.166666666666668,0.7145011977334345,2.953172659135195,8.533333333333333,0.33561891122891596,2.2547944291576973,,,,12.514588008465454,0.4922030158452684,2.6037696952434497,4,5,2,0,11,11,1,0,0.33027522935779813,
2002,IQ,Iraq,West and Central Asia,Tay A,Chau A khac,0,0,0,Upper middle income,3,289818000000.0,26255343.0,11038.438918889766,289.818,26.255343,9.309138907558365,-11.104612646760081,0.008969726193754454,-0.5985023947246008,7.178289716178822,11.29275747789502,76,18,11.333333333333332,0.4316581708086363,2.512305623976115,12.333333333333332,0.4697456564682218,2.5902671654458267,1.0,0.03808748565958556,0.6931471805599453,10.421309455713955,0.3969214744486086,2.4354808610270227,4,4,2,0,10,10,1,0,0.28235294117647064,0.0
2003,IQ,Iraq,West and Central Asia,Tay A,Chau A khac,0,0,0,Upper middle income,3,183580000000.0,27068823.0,6781.972012599144,183.58,27.068823,8.82202319595916,-38.560406390496496,0.015235239611017744,-0.9363485045456846,8.861302181969242,18.78940425539775,94,25,25.33333333333333,0.9358860314441204,3.2708355637989115,14.75,0.5449073275184518,2.7568403652716422,,,,9.79989307564904,0.36203617259786436,2.379536233678298,4,10,11,0,25,25,3,0,0.37969924812030076,
2004,IQ,Iraq,West and Central Asia,Tay A,Chau A khac,0,0,0,Upper middle income,3,281586000000.0,27858948.0,10107.560414700512,281.586,27.858948,9.221038978712052,49.03571403602503,0.01769630836544114,-1.1571959537569503,5.83262631025429,22.643904830776314,114,31,18.55701754385964,0.6661061840475685,2.9733341756730356,6.9111111111111105,0.248075092825153,2.068268241081711,12.0,0.4307413187317769,2.5649493574615367,18.716691639843695,0.6718377032701914,2.9814655683578692,2,0,14,0,16,16,2,0,0.0,1.0
2005,IQ,Iraq,West and Central Asia,Tay A,Chau A khac,0,0,0,Upper middle income,3,286303000000.0,28698684.0,9976.17172968628,286.303,28.698684,9.207954701494616,-1.2999050178630567,0.015005101640249433,-0.8021592822105932,8.162239079393897,22.993641209510255,98,24,38.254385964912274,1.332966555710787,3.6700631823144603,23.25,0.8101416775765746,3.188416617383492,11.0,0.3832928367028955,2.4849066497880004,18.301624399636886,0.637716502946159,2.9601892581533935,4,6,3,0,13,13,2,0,0.1745658670102605,0.45454545454545453
2006,IQ,Iraq,West and Central Asia,Tay A,Chau A khac,0,0,0,Upper middle income,3,302445000000.0,28905607.0,10463.194908863183,302.445,28.905607,9.25561913159932,4.881864430297034,0.015199834865684393,-0.6829517266919872,12.025912047752959,25.881936368162048,97,24,30.94736842105263,1.0706354798587219,3.4640898118930576,29.799999999999997,1.0309418515238236,3.4275146899795286,10.8,0.3736299327670234,2.468099531471619,28.117890628979332,0.9727486653014874,3.3713527835131414,0,6,3,0,9,9,1,0,0.0,0.20370370370370372
2007,IQ,Iraq,West and Central Asia,Tay A,Chau A khac,0,0,0,Upper middle income,3,308157000000.0,28660887.0,10751.830534763281,308.157,28.660887,9.282831301362984,2.7585802273032423,0.018249170098087412,-0.821084490955233,13.027276421633132,33.73143781470066,100,26,38.07105263157893,1.328327788026202,3.6653818508995637,41.19444444444444,1.437305288020027,3.742288564139663,17.0,0.5931428430669295,2.8903717578961645,34.06930306744343,1.1887037225136623,3.5573261913410916,0,9,3,1,13,13,2,0,0.09193336559065464,0.5915032679738562
2008,IQ,Iraq,West and Central Asia,Tay A,Chau A khac,0,0,0,Upper middle income,3,333513000000.0,29218381.0,11414.492815327447,333.513,29.218381,9.34263912655563,6.163250791775576,0.017269372272469996,-1.0254330467043755,8.26572637269488,33.38733110092022,116,30,28.964035087719278,0.9912950032282514,3.3999978320807887,30.201190476190476,1.0336366849412524,3.4404562503756604,3.0,0.1026750934625707,1.3862943611198906,55.24700284006131,1.8908303933767348,4.029752756821594,0,6,5,0,11,11,2,0,0.0,0.6666666666666666
2009,IQ,Iraq,West and Central Asia,Tay A,Chau A khac,0,0,0,Upper middle income,3,344783000000.0,30289040.0,11383.094346998123,344.783,30.28904,9.339884581703249,-0.27507545746721096,0.02080498490234806,-0.9872825402858602,13.02984927406251,35.67891233895082,115,31,24.86666666666666,0.8209790295983848,3.252955138521063,65.95681818181818,2.177580345293815,4.204047906859516,2.7777777777777777,0.09170900688096346,1.329135947279942,34.68045255392597,1.1449835502850525,3.5746029913176374,0,9,4,0,13,13,3,0,0.04524128686327079,0.72
2010,IQ,Iraq,West and Central Asia,Tay A,Chau A khac,0,0,0,Upper middle income,3,366858000000.0,31264875.0,11733.870677557483,366.858,31.264875,9.370234868252197,3.0815551542174857,0.019752855922823432,-1.2117783370700588,13.455250251663482,37.419079807678656,126,34,23.116666666666667,0.739381387792744,3.182903164409383,77.84307359307358,2.489793213408772,4.367459466723418,7.0,0.22389342672887705,2.0794415416798357,44.93844958419046,1.437346209898183,3.827302447979881,0,6,3,0,9,9,1,0,0.4167267483777938,0.8571428571428571
2011,IQ,Iraq,West and Central Asia,Tay A,Chau A khac,0,0,0,Upper middle income,3,394543000000.0,32378061.0,12185.504252401031,394.543,32.378061,9.408002348247864,3.8489735165341044,0.02677669785687725,-0.9254563291226595,19.666914797067612,55.18920953715091,113,29,19.683333333333334,0.6079219300171599,3.0293282229825067,121.5102564102564,3.7528577270348706,4.808194752277984,13.0,0.40150643980811573,2.6390573296152584,68.14784530810623,2.1047537500193796,4.236246897944979,0,13,5,1,19,19,3,0,0.3619813717188823,0.33333333333333337
2012,IQ,Iraq,West and Central Asia,Tay A,Chau A khac,0,0,0,Upper middle income,3,449528000000.0,33864447.0,13274.334584586602,449.528,33.864447,9.493587719398947,8.935455682689764,0.03206605151957305,-1.045881787344658,22.839911187617123,65.83202886942854,118,31,14.333333333333332,0.42325608722721303,2.730029107820985,174.00016226886936,5.13813682735966,5.164786901173766,14.200000000000001,0.4193188212995181,2.7212954278522306,79.53685410334407,2.3486830924285895,4.388714894607602,0,13,6,0,19,19,1,0,0.258139534883721,0.1408450704225352
2013,IQ,Iraq,West and Central Asia,Tay A,Chau A khac,0,0,0,Upper middle income,3,483820000000.0,35481800.0,13635.723103112017,483.82,35.4818,9.52044832673833,2.7224605212606168,0.037039397146035616,-0.8339667666025166,31.838684256668735,80.30108714176997,102,29,13.566666666666665,0.38235564899939306,2.6787358134334345,217.6490217914131,6.13410316814291,5.387467803993047,4.575757575757576,0.12896069465916543,1.7184281961425054,75.93338076833041,2.1400656327562415,4.342939862538397,0,20,5,0,25,25,1,0,0.0,0.0
2014,IQ,Iraq,West and Central Asia,Tay A,Chau A khac,0,0,0,Upper middle income,3,494772000000.0,36746488.0,13464.47040054549,494.772,36.746488,9.50780967291226,-1.2559121454104871,0.03926911043035808,-1.133158992486242,33.0815498076578,84.19274873733778,120,31,11.85,0.3224797972530055,2.553343811341229,259.8187125731703,7.070572637395179,5.563825578142539,7.330827067669173,0.19949735244546835,2.119962739085475,71.29677651382815,1.9402337582254976,4.280779543299804,0,24,4,0,28,28,1,0,0.0,0.0
2015,IQ,Iraq,West and Central Asia,Tay A,Chau A khac,0,0,0,Upper middle income,3,507669000000.0,37757813.0,13445.402677321379,507.669,37.757813,9.506392518222594,-0.14161510001416966,0.0445399206009693,-0.8231370135329147,43.53981911165346,94.90283873253118,105,29,15.9,0.4211048982100738,2.827313621929028,308.4965266014179,8.170402417147887,5.734946869449134,14.239628019039783,0.37713063569226807,2.723899141761126,44.240323781107286,1.1716866064543328,3.811988808187545,0,17,5,0,22,22,1,0,0.0,0.0
2016,IQ,Iraq,West and Central Asia,Tay A,Chau A khac,0,0,0,Upper middle income,3,577663000000.0,38697943.0,14927.485938981305,577.663,38.697943,9.61095948646668,11.0229741513044,0.0453859895600305,-0.9886124648031941,42.83907122753057,95.6406928784875,111,28,6.458333333333334,0.16689086893671154,2.0093319754928096,432.1783182388619,11.167992010295272,6.071149463640813,12.903571428571428,0.33344334164147765,2.632145744441206,38.43406780242693,0.9931811570043123,3.67463010773264,0,23,4,0,27,27,3,0,0.0,0.1549958483254913
2017,IQ,Iraq,West and Central Asia,Tay A,Chau A khac,0,0,0,Upper middle income,3,567151000000.0,39621162.0,14314.345450040057,567.151,39.621162,9.569017491725372,-4.107459832469895,0.050195656177586034,-1.0892825361798264,45.80711341572408,106.57277556745719,121,33,10.458333333333332,0.26395826890017343,2.4387172673186255,578.1503394479281,14.591958192642814,6.361562097492192,15.318181818181817,0.3866161678494391,2.792279935129963,54.013361503,1.363245265320588,4.00757609214638,0,35,5,0,40,40,2,0,0.10039840637450202,0.0
2018,IQ,Iraq,West and Central Asia,Tay A,Chau A khac,0,0,0,Upper middle income,3,582089000000.0,40590700.0,14340.452369631468,582.089,40.5907,9.570839659655451,0.18238290868786144,0.059466468358688386,-0.920130152787585,65.36661258617207,131.99271650225208,108,28,11.208333333333329,0.2761305750660454,2.5021187786691215,728.9413022541539,17.95833287561323,6.592964123038529,27.62080745341615,0.6804713260282811,3.3541339866379505,75.3503082486843,1.8563441440695603,4.335332068967353,2,51,4,0,57,57,2,0,0.15861214374225494,0.14783540778885906
2019,IQ,Iraq,West and Central Asia,Tay A,Chau A khac,0,0,0,Upper middle income,3,614185000000.0,41563520.0,14777.020810556949,614.185,41.56352,9.60082860520994,3.044314291298056,0.06715536064480977,-0.9691485390805689,72.82651960181458,147.66742876356625,117,32,23.375,0.5623922131715505,3.193558016883911,1095.1979112208269,26.349979771223104,6.999603027137502,29.254679144385026,0.7038547058667078,3.4096508549737616,68.45692656657182,1.647043526789161,4.240706798807058,1,68,6,0,75,75,5,0,0.11659851106217889,0.2050953958642751
2020,IQ,Iraq,West and Central Asia,Tay A,Chau A khac,0,0,0,Upper middle income,3,540256000000.0,42556984.0,12694.884581106593,540.256,42.556984,9.448954402416204,-14.090365413594352,0.07499330730217907,-1.101672187853882,80.34353936675014,158.93015331153183,123,33,18.75,0.440585733237111,2.9831534913471307,1356.2850959453108,31.869859385366944,7.213241730580043,39.41582584082584,0.9261893615587476,3.699221436994748,43.232681857547135,1.0158774845874212,3.7894639243976234,0,85,11,0,96,96,6,0,0.1822222222222222,0.050741040111062556
2021,IQ,Iraq,West and Central Asia,Tay A,Chau A khac,0,0,0,Upper middle income,3,548372000000.0,43533592.0,12596.525460154999,548.372,43.533592,9.441176297781025,-0.7747933454864131,0.07788926208172892,-1.0895066289131765,85.34815908386858,170.547313580567,119,31,33.75,0.7752633874089692,3.548179572010801,1270.8277573850648,29.191888355664858,7.148210323870391,24.050754330415348,0.5524642747241107,3.2209039400681196,62.09166042132021,1.4262930663134854,4.144588596332803,0,89,9,0,98,98,10,0,0.044444444444444446,0.0
2022,IQ,Iraq,West and Central Asia,Tay A,Chau A khac,0,0,0,Upper middle income,3,592017000000.0,44496122.0,13304.912279771257,592.017,44.496122,9.495888590362716,5.623668382658442,0.07815983486105796,-1.2919588454237112,75.85639043910916,157.97699836488914,126,33,27.259090909090904,0.6126172278359652,3.3414152079169757,1890.6183827483815,42.48950914752484,7.545188028817437,11.0,0.24721255483792498,2.4849066497880004,89.90268915404086,2.0204612247791136,4.509789584398661,0,106,9,0,115,115,16,0,0.32099383024845735,0.0
2023,IQ,Iraq,West and Central Asia,Tay A,Chau A khac,0,0,0,Upper middle income,3,595082000000.0,44496122.0,13373.794687096552,595.082,44.496122,9.501052450850846,0.5177216194805156,0.08141921883512074,-1.403165509244002,78.01932903192309,149.9577288318424,131,35,16.242424242424242,0.3650301085210132,2.8473728726598506,2357.9961459588026,52.99329559458693,7.765991445645765,28.0,0.6292683214056272,3.367295829986474,74.16218626843762,1.6667112308896856,4.319648262313239,0,112,7,0,119,119,15,1,0.0,0.21428571428571427
2001,IR,Iran (Islamic Republic of),West and Central Asia,Nam A,Chau A khac,0,0,0,Upper middle income,3,741846000000.0,66674851.0,11126.324076824709,741.846,66.674851,9.31706911809389,,0.08135052410946772,-0.5481281154391516,58.920866213647706,91.12586137600111,75,18,174.46812865497074,2.616700690564284,5.1674574233085,311.875,4.677550760480889,5.745803749751938,5.0,0.07499079375520463,1.791759469228055,26.283683094838505,0.3942068516184386,3.3062888346699855,3,38,46,0,87,87,19,0,0.12880676398191965,0.0
2002,IR,Iran (Islamic Republic of),West and Central Asia,Nam A,Chau A khac,0,0,0,Upper middle income,3,801778000000.0,67327117.0,11908.693491212463,801.778,67.327117,9.385023957861202,7.0316971623842095,0.09152030034598807,-0.5961770982427133,69.59697892811042,107.91175486467151,75,17,155.5392230576441,2.310201743194263,5.053306605145033,490.05,7.2786422742563,6.196545955603783,15.619047619047619,0.2319874712450203,2.810549484479004,23.229724962486642,0.3450277688629775,3.1875801836491378,4,53,47,0,104,104,22,0,0.033891313507943506,0.38414634146341464
2003,IR,Iran (Islamic Republic of),West and Central Asia,Nam A,Chau A khac,0,0,0,Upper middle income,3,871046000000.0,67954699.0,12818.03926465777,871.046,67.954699,9.458608775303182,7.635982688750209,0.09708556639948207,-0.630064219266618,71.70034530215563,120.63216469748191,80,19,140.16800334168752,2.062668298209775,4.949950694151456,786.9531135531136,11.58055476859832,6.669438587520536,9.333333333333332,0.137346400921198,2.3353749158170363,33.04881556910112,0.4863359864061957,3.5277952469420826,2,73,45,0,120,120,36,0,0.13696769730053138,0.0
2004,IR,Iran (Islamic Republic of),West and Central Asia,Nam A,Chau A khac,0,0,0,Upper middle income,3,908821000000.0,69061674.0,13159.556485700014,908.821,69.061674,9.484903502616865,2.6643483764625664,0.11664239547973836,-0.43339834319018694,96.03397131239231,163.15459140275615,76,17,191.96184210526312,2.779571229409573,5.262492460058671,1018.3817460317459,14.745975402098507,6.926951591165026,54.333156408808584,0.7867338461678266,4.013372302252152,39.687218202704145,0.5746634262399163,3.705913994051204,2,79,43,22,146,146,44,0,0.008334989821167864,0.0
2005,IR,Iran (Islamic Republic of),West and Central Asia,Nam A,Chau A khac,0,0,0,Upper middle income,3,937810000000.0,70182594.0,13362.430006505601,937.81,70.182594,9.500202317265744,1.5416440594030911,0.12103300630656075,-0.467060400234375,101.24649553203177,175.5457659212479,78,19,225.27476646160852,3.2098381325376564,5.421750041612861,1388.3718975468976,19.782282449504468,7.236607051731279,81.51702741702742,1.1614992090065441,4.413004664978209,52.16065347470853,0.7432135306185539,3.973318526371232,1,84,48,3,136,136,41,0,0.04319066649825086,0.0
2006,IR,Iran (Islamic Republic of),West and Central Asia,Nam A,Chau A khac,0,0,0,Upper middle income,3,984699000000.0,71275760.0,13815.341990039811,984.699,71.27576,9.533534992030473,3.3894432622936455,0.13437288865526684,-0.45467918083509784,113.89023879952526,208.44255411117507,79,18,316.9809580770107,4.447247676868134,5.761991500726309,2174.539393939394,30.50882086615974,7.685031909990073,68.9766563146998,0.9677435402260149,4.248161705213558,69.1580299525228,0.9702882151312422,4.250750268315687,1,121,52,3,177,177,63,0,0.05945805811288116,0.2178100581632247
2007,IR,Iran (Islamic Republic of),West and Central Asia,Nam A,Chau A khac,0,0,0,Upper middle income,3,1065010000000.0,72319418.0,14726.473600769299,1065.01,72.319418,9.597402078267773,6.595070982581319,0.13003098052121062,-0.32524891501946557,114.38360813079657,224.99883257171282,76,18,314.88199502023036,4.3540449263603085,5.7553687103629825,2969.376082251082,41.05918112132874,7.996443850800787,89.06009556319154,1.2314824707686605,4.500477175978698,69.2165213152298,0.957094556751408,4.251583629712948,0,132,33,7,172,171,72,0,0.032710147814724845,0.18601671783421772
2008,IR,Iran (Islamic Republic of),West and Central Asia,Nam A,Chau A khac,0,0,0,Upper middle income,3,1067680000000.0,73318394.0,14562.239320190238,1067.68,73.318394,9.586187109388367,-1.1152315553024317,0.13221045196082704,-0.3347208431409689,114.32996529437001,247.78586869062602,78,16,270.3570494320494,3.6874382359227535,5.603435479283993,3704.189558358308,50.52196803926595,8.217489699271159,91.25988455988455,1.2447065406245064,4.524609426881163,92.08998860436749,1.256028447709418,4.533566644713175,0,157,31,2,190,190,89,0,0.007397624749202899,0.09314059557485323
2009,IR,Iran (Islamic Republic of),West and Central Asia,Nam A,Chau A khac,0,0,0,Upper middle income,3,1078440000000.0,74322685.0,14510.240043130842,1078.44,74.322685,9.582609889030909,-0.35708297272178946,0.13785274446798615,-0.2754397443621181,128.30221268518886,231.71780701841178,71,16,276.59034707982073,3.7214794793786137,5.626146455260846,4985.9095639295865,67.08462650306008,8.514571671018265,105.19104965915311,1.4153289760609846,4.665239827093835,56.47715412306299,0.7598911977287013,4.051387549252055,1,182,31,6,220,220,108,0,0.0583594721836347,0.0
2010,IR,Iran (Islamic Republic of),West and Central Asia,Nam A,Chau A khac,0,0,0,Upper middle income,3,1140960000000.0,75373855.0,15137.344374916209,1140.96,75.373855,9.624920107043263,4.321805358983277,0.16139797667930048,-0.4946357544925598,144.4589944420486,276.3556783505131,85,21,324.9216417477653,4.310800366357343,5.786656989738039,6066.608028227586,80.48690130321165,8.710719741847301,141.32020663160367,1.8749234284435055,4.958079495236821,82.94174401575333,1.1004046962405376,4.430123034622575,0,175,64,5,244,244,143,0,0.024425713197747074,0.0
2011,IR,Iran (Islamic Republic of),West and Central Asia,Nam A,Chau A khac,0,0,0,Upper middle income,3,1171150000000.0,76342971.0,15340.6395462393,1171.15,76.342971,9.63826076546283,1.3430042039604073,0.16596838781905457,-0.47023763584718525,149.1071960665573,310.48138994772813,86,21,382.1766767252722,5.006049302499273,5.948496179748751,7744.1866526733165,101.43941938902687,8.954826852324722,87.9422864759939,1.1519369147422085,4.487987692824893,107.05623579302294,1.4023063864389418,4.682651793393334,1,194,57,6,258,258,154,0,0.011206409348488296,0.0
2012,IR,Iran (Islamic Republic of),West and Central Asia,Nam A,Chau A khac,0,0,0,Upper middle income,3,1127260000000.0,77324451.0,14578.312363317005,1127.26,77.324451,9.587290248747657,-4.969331171784008,0.1566808686700127,-0.3838179455002244,152.3944132283008,292.9201549645666,79,18,411.38339255937564,5.320223903812465,6.02195348110734,8733.936520032108,112.95180770222485,9.075085955230028,102.10574513766183,1.3204845791619242,4.635755113405038,65.76601280454774,0.8505202682208212,4.201194160713788,0,207,36,2,245,245,148,0,0.0426032332448448,0.0
2013,IR,Iran (Islamic Republic of),West and Central Asia,Nam A,Chau A khac,0,0,0,Upper middle income,3,1110110000000.0,78458928.0,14148.93152758855,1110.11,78.458928,9.557394389802559,-2.945339796730484,0.17819465569911355,-0.4758422085733237,181.82705252630424,324.64167908491515,86,20,358.55447351848466,4.569963962781707,5.884865691463828,9664.965214737747,123.18502764577343,9.17636625367496,144.64303130723792,1.8435509507246635,4.981158636790424,61.25048023621674,0.7806693488880798,4.131166249953079,1,204,80,4,289,285,173,0,0.018557023256218493,0.0
2014,IR,Iran (Islamic Republic of),West and Central Asia,Nam A,Chau A khac,0,0,0,Upper middle income,3,1165440000000.0,79961672.0,14574.982874295074,1165.44,79.961672,9.587061836212518,3.011190957252019,0.17583184257064494,-0.5622544353938227,189.09711140998462,322.2975196236197,89,21,385.8326425808241,4.8252197950641165,5.957992151385565,11062.237050212654,138.34424385488907,9.311382913104694,102.14616826225925,1.277439124362723,4.636147091587918,61.65512934935906,0.7710585310091947,4.137645551084977,1,209,75,1,286,283,180,0,0.02010390183979529,0.0
2015,IR,Iran (Islamic Republic of),West and Central Asia,Nam A,Chau A khac,0,0,0,Upper middle income,3,1148840000000.0,81790841.0,14046.07149106096,1148.84,81.790841,9.550098026486802,-3.628898831620031,0.18582888769004116,-0.5101244051981725,200.8120134253736,330.25260765560745,87,22,361.63927771119523,4.421513133862938,5.8934086148789975,12248.411391859547,149.7528481442017,9.413233165174333,161.0580163896947,1.9691448873804183,5.087954396982937,42.13534929012708,0.5151597510793058,3.764342830099259,4,224,85,2,315,312,182,0,0.006912965914052338,0.0
2016,IR,Iran (Islamic Republic of),West and Central Asia,Nam A,Chau A khac,0,0,0,Upper middle income,3,1250110000000.0,83306231.0,15006.20043655558,1250.11,83.306231,9.61621875711067,6.835569262947683,0.20372339026787953,-0.3651551060374667,225.44788793805975,360.51054139020357,79,16,396.8054878641957,4.763214985253573,5.985963161860651,14526.546971586882,174.37527538110425,9.583801917231721,208.09708529773994,2.497977435778363,5.342798667063117,45.09580369543006,0.5413256986194713,3.8307219197299736,3,235,92,3,333,328,198,0,0.03119980060627942,0.009911239251857027
2017,IR,Iran (Islamic Republic of),West and Central Asia,Nam A,Chau A khac,0,0,0,Upper middle income,3,1284590000000.0,84505076.0,15201.335361203628,1284.59,84.505076,9.629138555686309,1.3003619768578556,0.19470434697616185,-0.46582302453917845,216.50233818103757,351.24537115214787,89,20,502.42599949070535,5.94551266353166,6.221436729144045,14288.426753544916,169.0836507092771,9.567275154901985,162.02327872029235,1.9173200757821027,5.093893004844703,51.916119078,0.6143550368264269,3.9687080009188658,5,241,88,0,334,330,198,0,0.036587628379521835,0.025459304567716855
2018,IR,Iran (Islamic Republic of),West and Central Asia,Nam A,Chau A khac,0,0,0,Upper middle income,3,1260980000000.0,85617562.0,14728.053106674539,1260.98,85.617562,9.597509328737113,-3.1134255200828354,0.19572761906726027,-0.5038611847431703,230.04475225566972,363.2956697386994,85,20,616.1007484839721,7.195962301332197,6.425032298231766,15095.376217795723,176.31168028115215,9.622210008425427,139.18706404926576,1.6256835723641108,4.942977702506645,59.98394713534963,0.7006033077109767,4.110610667824611,1,247,83,0,331,323,209,0,0.03711117819688782,0.0
2019,IR,Iran (Islamic Republic of),West and Central Asia,Nam A,Chau A khac,0,0,0,Upper middle income,3,1222260000000.0,86564202.0,14119.693496394733,1222.26,86.564202,9.555325803757434,-4.130617983744955,0.1918755419354249,-0.6266488090180662,221.26199206249603,358.41885849127755,95,24,621.3703643578643,7.178144660281907,6.433535356624287,15597.63521628531,180.1857448681305,9.654938703274937,172.23271500954644,1.9896528938087645,5.154635864028082,33.27325945466524,0.38437666709692814,3.534365442384038,5,238,84,2,329,318,202,0,0.021400239712456522,0.0
2020,IR,Iran (Islamic Republic of),West and Central Asia,Nam A,Chau A khac,0,0,0,Upper middle income,3,1262970000000.0,87290193.0,14468.63566907224,1262.97,87.290193,9.57973852831585,2.4713154911372825,0.19028182530348425,-0.6862000664037706,223.92754010683632,352.6322109083044,95,24,710.8814849624059,8.143887194319824,6.567911443852535,15862.708171078008,181.72382974428763,9.671789274359602,115.9739663367839,1.3286024735537463,4.761951400096728,18.90215423826262,0.2165438474659189,2.9908279790505206,5,247,75,0,327,312,205,0,0.04690293382790877,0.0
2021,IR,Iran (Islamic Republic of),West and Central Asia,Nam A,Chau A khac,0,0,0,Upper middle income,3,1322580000000.0,87923432.0,15042.406442915013,1322.58,87.923432,9.618628587558131,3.9656176778937624,0.18713871330665355,-0.6605215252621607,238.32013795269478,363.4414930385084,90,22,891.0680223285486,10.134590996499643,6.793542387888361,13436.625551832582,152.82189566750057,9.505813928218561,127.0421964599885,1.4449185338896746,4.85235986943741,26.94258764300275,0.3064323927096334,3.330151963821078,3,251,72,0,326,299,184,0,0.018872513996179726,0.0
2022,IR,Iran (Islamic Republic of),West and Central Asia,Nam A,Chau A khac,0,0,0,Upper middle income,3,1372530000000.0,88550570.0,15499.95669141373,1372.53,88.55057,9.648592508801094,3.0417357105400056,0.1951910909688539,-0.6182383898649314,233.9966506727674,357.1066372385305,92,22,918.8143084985188,10.376153518814379,6.82417181108237,12667.668606566498,143.05575454304247,9.44688718543899,136.40852699040244,1.540459050578697,4.922958437472547,25.92427351828493,0.2927623562252048,3.2930282409991434,8,239,80,3,330,314,169,0,0.00604643996525715,0.0
2023,IR,Iran (Islamic Republic of),West and Central Asia,Nam A,Chau A khac,0,0,0,Upper middle income,3,1441770000000.0,88550570.0,16281.882770489225,1441.77,88.55057,9.697808282162617,5.044698476536036,0.19507839660752846,-0.6330961057092184,240.55485527651666,328.678568957138,92,22,808.5823593073593,9.131306092183928,6.696518508902725,13724.509274969269,154.9906372705367,9.527011371333725,171.42392071827445,1.935887264399026,5.149956099870619,8.999440660375056,0.10163052208896066,2.302529157467189,5,238,57,3,303,284,158,1,0.036012690033345396,0.012500339123492618
2001,JO,Jordan,West and Central Asia,Tay A,Chau A khac,0,0,0,Lower middle income,2,45859598177.0,5163310.0,8881.821578987123,45.859598177,5.16331,9.091761947718187,,0.1359047175367023,-0.6834922287569353,119.86145232654418,146.71649884924193,84,20,57.63939393939394,11.16326425091539,4.071406722248621,107.28333333333333,20.778015136285315,4.68475124865843,37.44642857142857,7.252407577973929,3.649265806629214,2.602003884010787,0.5039410540933601,1.2814903250460168,12,93,82,13,200,200,7,0,0.404752277187937,0.10681926561754888
2002,JO,Jordan,West and Central Asia,Tay A,Chau A khac,0,0,0,Lower middle income,2,48512029251.0,5275532.0,9195.665811713397,48.512029251,5.275532,9.126487544608707,3.533557051728864,0.13961922883405867,-0.6684964902332651,129.22070251879055,155.66398282748162,80,21,47.02626262626263,8.914032295939561,3.8717479993295822,122.92222222222222,23.300441021345755,4.819654128664272,79.29166666666667,15.030079746775618,4.385665838066421,3.2098973554213464,0.6084499829441554,1.4374382662619931,10,97,81,22,210,210,9,0,0.13797527543339042,0.5188799639666691
2003,JO,Jordan,West and Central Asia,Tay A,Chau A khac,0,0,0,Lower middle income,2,50530938633.0,5396117.0,9364.314864373771,50.530938633,5.396117,9.144661453032015,1.834005890531043,0.1362857275623724,-0.8727200952495207,111.7104320240276,152.61308538716455,90,23,84.39292929292925,15.63956624604864,4.447263302202052,169.6595238095238,31.441038770939137,5.139670482816979,47.77777777777778,8.85410338170536,3.887274835738952,3.3000015156098184,0.6115511423510309,1.4586153751668542,9,104,83,11,207,207,7,0,0.5798689928002477,0.28604651162790695
2004,JO,Jordan,West and Central Asia,Tay A,Chau A khac,0,0,0,Lower middle income,2,54860032404.0,5532423.0,9916.095064314497,54.860032404,5.532423,9.201914480071057,5.892371283242048,0.14996670591614783,-0.7147887689488656,134.90497368504623,186.8019718657827,94,21,71.80656565656565,12.979225496055825,4.287806138726172,168.96785714285713,30.541384334288455,5.135609343542959,59.02307692307692,10.668576304284203,4.094729103661178,4.487631728982257,0.8111512313831132,1.7024967833946723,5,119,91,7,222,222,10,0,0.511345516316072,0.06777010295842566
2005,JO,Jordan,West and Central Asia,Tay A,Chau A khac,0,0,0,Lower middle income,2,59329256957.0,5678534.0,10447.988328853891,59.329256957,5.678534,9.254164734445709,5.363938738884655,0.1670956521570957,-0.6400326856754355,154.2319234719746,219.27704211828208,90,23,83.16197691197686,14.644972965201383,4.432743238637196,197.96666666666667,34.862284291450344,5.293137306506495,100.0775017253278,17.6238271577361,4.6158875663986425,4.897382320010755,0.8624377911641905,1.7745085778845398,10,120,84,20,234,234,8,0,0.3458187247463676,0.12490319786666373
2006,JO,Jordan,West and Central Asia,Tay A,Chau A khac,0,0,0,Lower middle income,2,64130759056.0,6075548.0,10555.551376764697,64.130759056,6.075548,9.26440719736093,1.029509648414817,0.16545902048338385,-0.6141269844321587,146.93237248621168,235.06001388784443,93,23,84.02142857142857,13.82944033549378,4.442903325558576,222.401455026455,36.60599093718871,5.4089703997135095,163.49621212121212,26.910529242993736,5.102887543321539,5.157302887093711,0.8488621745879895,1.8176388386599243,9,122,87,22,240,240,8,0,0.12895425392237425,0.40775664342144896
2007,JO,Jordan,West and Central Asia,Tay A,Chau A khac,0,0,0,Lower middle income,2,69374198907.0,6473457.0,10716.715799147194,69.374198907,6.473457,9.27956002566651,1.5268214480700593,0.16893401404860878,-0.5624654193523763,146.52959093411556,263.6896441882577,92,24,135.91015512265508,20.994988477200835,4.9193249086715,244.3734126984127,37.75006348206417,5.502781183695061,194.225,30.003288814616365,5.274152739548739,5.662050643649782,0.8746564074882682,1.8964273416113693,14,122,81,18,235,235,8,0,0.11430140895801762,0.6218000760412912
2008,JO,Jordan,West and Central Asia,Tay A,Chau A khac,0,0,0,Lower middle income,2,74383284112.0,6632873.0,11214.338660185413,74.383284112,6.632873,9.32494847599446,4.6434268703646975,0.18207654896574918,-0.5229707040984278,157.5087704758751,307.5864238408105,82,18,231.9443903318903,34.96891774226497,5.450799756976461,285.19765512265514,42.997605279440016,5.656682673946421,145.87422402159245,21.992615269671596,4.989576601627224,7.893018401520599,1.1899848529469204,2.185266519629418,18,141,93,23,275,275,8,0,0.4827359604397828,0.23657040194034332
2009,JO,Jordan,West and Central Asia,Tay A,Chau A khac,0,0,0,Lower middle income,2,78120084648.0,6780493.0,11521.298620616524,78.120084648,6.780493,9.35195265538069,2.7372096539310053,0.18951553459073273,-0.5695620964920507,179.2279169541253,282.67028439862617,88,22,168.94494047619045,24.91632105160944,5.135474505038132,350.3416777666778,51.66905677311042,5.861759190910198,161.8125,23.864415168631545,5.092599231947686,6.049864876745942,0.8922455751736551,1.9530084502214837,21,165,97,28,311,311,9,0,0.083587711649048,0.2514484356894554
2010,JO,Jordan,West and Central Asia,Tay A,Chau A khac,0,0,0,Lower middle income,2,79928435101.0,6931258.0,11531.591393798932,79.928435101,6.931258,9.352845625750993,0.08933691870454119,0.18461836929316758,-0.6143704701662321,180.4004410037064,297.7972369419384,92,24,199.21398809523814,28.741389816284165,5.299386735045868,362.85810966810965,52.35097433512209,5.8967639830375225,165.5070707070707,23.878359557106474,5.115037775227947,6.606461509837982,0.9531403260184489,2.028998084741016,19,144,87,20,270,270,11,0,0.07233786353810136,0.28804958132949243
2011,JO,Jordan,West and Central Asia,Tay A,Chau A khac,0,0,0,Lower middle income,2,82116220150.0,7109980.0,11549.430539889001,82.11622015,7.10998,9.354391410828748,0.15469804193428693,0.18814918206522707,-0.6028001153053968,178.4498407100074,328.03645262187337,94,23,138.54851190476188,19.486484055477213,4.938412296398151,385.8442814925013,54.26798408610169,5.958022238651492,215.7605769230769,30.346158065574997,5.37879341226974,7.655842126707155,1.0767740734442508,2.1582344833411224,13,157,89,17,276,276,11,0,0.034026245749404445,0.5527722902617618
2012,JO,Jordan,West and Central Asia,Tay A,Chau A khac,0,0,0,Lower middle income,2,84111117114.0,7211863.0,11662.883378954924,84.111117114,7.211863,9.364166717408864,0.982324095322995,0.19597218449758264,-0.4788944532710295,187.8610788866512,341.0472318055106,86,22,139.10119047619045,19.287830408895793,4.942364950638697,372.79686147186146,51.6921718385196,5.92371249870976,224.75868725868725,31.16513545233558,5.419466673322747,7.410097235132405,1.0274872436057652,2.129433035764916,17,149,91,24,281,281,9,0,0.02516153879070564,0.2749642115811324
2013,JO,Jordan,West and Central Asia,Tay A,Chau A khac,0,0,0,Lower middle income,2,86306373008.0,7694814.0,11216.174037215194,86.306373008,7.694814,9.3251121260241,-3.8301792723555272,0.20098539589064376,-0.6015940322093406,213.93489842937242,351.0546251375019,88,21,147.48452380952378,19.166743186972912,5.000480736040926,418.57671539410666,54.397249289470366,6.039246382594648,226.19896557382683,29.39628762616313,5.425826133904532,7.461496871740621,0.9696786526276816,2.1355260931608737,18,169,94,30,311,311,10,0,0.04369573347755079,0.074565622454899
2014,JO,Jordan,West and Central Asia,Tay A,Chau A khac,0,0,0,Lower middle income,2,89227048075.0,8658026.0,10305.703410338569,89.227048075,8.658026,9.24045275012539,-8.117479488600033,0.19541475709741044,-0.6228389947631481,216.6379465518928,346.768050562056,92,23,183.41363636363636,21.184232567982168,5.217181258299593,418.51136859864454,48.33796625219704,6.03909062589439,301.8311718297332,34.86143051888886,5.713175461541322,7.55407083690606,0.8724934340583016,2.146407290914462,26,157,90,29,302,302,11,0,0.1290759284151024,0.2903166450645322
2015,JO,Jordan,West and Central Asia,Tay A,Chau A khac,0,0,0,Lower middle income,2,91454627021.0,9494246.0,9632.637180561784,91.454627021,9.494246,9.172912317827587,-6.531007180951587,0.1884467399533244,-0.6627505630514209,204.00467457804274,328.0918472998579,97,28,127.90821678321677,13.472182707633314,4.859100653322463,451.00078625078623,47.502538511303186,6.113683919323608,325.9976761678625,34.33634183987464,5.789953064351704,7.207363867945503,0.7591296736934668,2.105031783956392,18,147,94,46,305,305,13,0,0.038439021278825286,0.12762188282598158
2016,JO,Jordan,West and Central Asia,Tay A,Chau A khac,0,0,0,Lower middle income,2,93278397679.0,9964656.0,9360.925021295267,93.278397679,9.964656,9.144299391650026,-2.820745286813253,0.19155901360113473,-0.6921814029611489,216.44274799101066,334.2996026268014,101,27,118.16680194805191,11.85859320663472,4.780524208693716,510.29595046470047,51.21059376908751,6.236948581977727,255.29158890586217,25.619709190750005,5.546315815452913,6.556707474424589,0.6579963698119221,2.0224355760693786,15,176,86,34,311,311,13,0,0.11313178348101996,0.09985780280547175
2017,JO,Jordan,West and Central Asia,Tay A,Chau A khac,0,0,0,Lower middle income,2,95585730403.0,10215381.0,9357.040173342531,95.585730403,10.215381,9.143884298666562,-0.04150068442912991,0.19508084898487,-0.7054070243591914,217.2771053620972,348.2590542220919,102,27,148.47948717948714,14.534894702359816,5.007159173914898,548.7681646044362,53.719794161807194,6.309496670461427,312.28480179950765,30.57005918815046,5.7471126867256626,6.496788658,0.6359810425083509,2.0144747499141564,11,195,80,38,324,324,13,0,0.19629886509158265,0.18921982706162344
2018,JO,Jordan,West and Central Asia,Tay A,Chau A khac,0,0,0,Lower middle income,2,97420088352.0,10459865.0,9313.704178017593,97.420088352,10.459865,9.139242162034881,-0.4631378568663136,0.19362123809272197,-0.7718545623668349,234.0890984998008,356.6976188255569,103,27,105.85119047619045,10.119747288917251,4.671437123267811,704.8855320182108,67.38954393944958,6.559453088396245,259.47082929148144,24.80632678256186,5.562490875236017,6.8492165676059455,0.6548092702540563,2.06041372650896,17,198,89,41,345,345,11,0,0.1489999812555062,0.16189710370249658
2019,JO,Jordan,West and Central Asia,Tay A,Chau A khac,0,0,0,Lower middle income,2,99126148666.0,10698683.0,9265.266450646308,99.126148666,10.698683,9.134027897145254,-0.5200694207747047,0.19989578073440525,-0.7791564487786741,239.33284064189186,369.6064431736258,106,27,111.45952380952373,10.418060223816681,4.722593368545325,770.9948174488499,72.06446040590696,6.648977836853085,251.2066923073738,23.480150996844543,5.530248958893955,6.926060349408238,0.6473750413399703,2.070156108845771,8,198,91,51,348,348,15,0,0.11210670404297184,0.007961571332473983
2020,JO,Jordan,West and Central Asia,Tay A,Chau A khac,0,0,0,Lower middle income,2,98033033195.0,10928721.0,8970.220137836806,98.033033195,10.928721,9.101665496316564,-3.184434191732499,0.20055376440457345,-0.7927562584642129,243.72044635234488,363.6727650118897,101,26,130.6071428571429,11.950816829997114,4.8798212944482335,961.8129204713063,88.00782090340729,6.8698591255024075,297.1278719248231,27.187799187555722,5.697522494887017,6.477628486094597,0.5927160631234522,2.0119156944027043,11,213,88,35,347,347,20,0,0.10260700476486756,0.09169011413513388
2021,JO,Jordan,West and Central Asia,Tay A,Chau A khac,0,0,0,Lower middle income,2,101617000000.0,11148278.0,9115.040008869531,101.617,11.148278,9.117681076447017,1.6144516946899445,0.19240152955998627,-0.9275407315048739,245.96161636477083,360.7548066035912,107,29,119.35476190476189,10.706116397955082,4.79044373058186,993.7379648695076,89.13824761721116,6.902479350585452,309.75611633689726,27.785108725930343,5.739008412697194,7.876387785182143,0.7065116052167109,2.1833946932983084,13,216,87,59,375,375,24,0,0.158807382217038,0.10890201734375246
2022,JO,Jordan,West and Central Asia,Tay A,Chau A khac,0,0,0,Lower middle income,2,104307000000.0,11285869.0,9242.265704129652,104.307,11.285869,9.131542340652272,1.3957776941880828,0.21618021822099845,-0.7134710101752311,276.66323365787576,383.85091635723165,97,24,121.82420634920635,10.794401950723188,4.81075411639497,1319.9059877175582,116.95209183427153,7.1860731344784865,332.89206905128,29.496361250629434,5.810817794200548,9.923276320292734,0.8792655949039223,2.3908959546477964,14,245,91,72,422,422,25,0,0.10107087217612727,0.05162852919632817
2023,JO,Jordan,West and Central Asia,Tay A,Chau A khac,0,0,0,Lower middle income,2,107315000000.0,11285869.0,9508.793695904144,107.315,11.285869,9.159972301637263,2.8837949514414207,0.2235808965395745,-0.7519981657018969,287.54234073679356,362.66320174392285,99,26,128.83982683982686,11.416030687563966,4.866301589562708,1467.0960348640353,129.994069119891,7.291721625879452,303.75861378189654,26.914951235203645,5.719520033037884,9.41965787766845,0.8346417876787734,2.3436942025490053,18,273,97,65,453,453,28,1,0.12438176197836166,0.13374739425856694
2001,JP,Japan,East Asia,Dong A,Chau A khac,0,0,0,High income,4,4966730000000.0,127149000.0,39062.28126056831,4966.73,127.149,10.572912606733627,,0.47825496935800926,0.8383992357398409,190.21210682458667,329.22931800602663,3,1,185724.50778638414,1460.6839832510216,12.13202509809291,17036.580648354913,133.98910450223684,9.743176809572743,9926.572055015384,78.07039029025304,9.203071221101997,505.6916847369821,3.9771581745588414,6.22790270172353,466,370,469,475,1780,1385,1766,0,0.18377623834364176,0.0020574686808214034
2002,JP,Japan,East Asia,Dong A,Chau A khac,0,0,0,High income,4,4968810000000.0,127445000.0,38987.87712346503,4968.81,127.445,10.571006033802012,-0.19047565759654494,0.4832913725620628,0.8674683853433015,166.82821125090572,346.1069312349236,3,1,210932.01611350538,1655.0827110793314,12.259295902879671,18505.731535131534,145.20563015521626,9.825889811646826,11567.033782254788,90.76098538392867,9.356000864713678,525.9998203927864,4.127269178020216,6.267200207730652,464,376,463,508,1811,1400,1802,0,0.20878055343609292,0.0
2003,JP,Japan,East Asia,Dong A,Chau A khac,0,0,0,High income,4,5045090000000.0,127718000.0,39501.79301273117,5045.09,127.718,10.584101342586367,1.3181427848423244,0.48146343053920054,0.8400234457791781,159.10916103161168,369.61574177726555,3,1,211769.1825964816,1658.0997400247545,12.263256921296863,19674.988558152374,154.05024004566602,9.887154316402171,11889.080151102311,93.0885243356638,9.383459730713605,583.7881167800027,4.570914959363619,6.371249588085478,466,377,447,501,1791,1404,1784,0,0.2728141009865219,0.0
2004,JP,Japan,East Asia,Dong A,Chau A khac,0,0,0,High income,4,5155380000000.0,127761000.0,40351.750534200575,5155.38,127.761,10.605390056504273,2.1516935223559797,0.4884634463486031,0.8222129693695487,133.2464132064211,414.3023006313704,3,1,239852.72725939334,1877.3548051392315,12.387784546769414,21669.46922234742,169.60942089015757,9.983705747380771,13362.505149354036,104.58986035921788,9.500282774158478,685.2686339643686,5.363676191986355,6.531269145772937,467,380,453,519,1819,1449,1815,0,0.251986955786284,0.0
2005,JP,Japan,East Asia,Dong A,Chau A khac,0,0,0,High income,4,5248380000000.0,127773000.0,41075.81413913738,5248.38,127.773,10.62317476350362,1.7943796622233776,0.488926137016366,0.8081451630265034,125.64221262427414,432.91666952896907,4,1,247284.12934652594,1935.3394641005998,12.418297319661576,21907.96577115695,171.46005628072402,9.994651227968179,14126.788536863303,110.56160954867855,9.55589895506916,695.5861029153446,5.443920882466128,6.5461914078554155,468,389,437,508,1802,1458,1791,0,0.1788089125751581,0.0
2006,JP,Japan,East Asia,Dong A,Chau A khac,0,0,0,High income,4,5320410000000.0,127854000.0,41613.1681449153,5320.41,127.854,10.636171938105603,1.3082004995877083,0.4870606949426517,0.7943292322769645,127.8677607336532,466.1855024946611,2,1,266194.539947234,2082.019646997622,12.491986430284511,22746.164722926078,177.9073374546442,10.032195789048748,13911.176826118835,108.80517485662423,9.540519766283909,731.3195551338,5.719958351978038,6.59621696943,464,380,427,511,1782,1428,1772,0,0.17217156363226307,0.0
2007,JP,Japan,East Asia,Dong A,Chau A khac,0,0,0,High income,4,5399360000000.0,128001000.0,42182.17045179335,5399.36,128.001,10.64975290960301,1.3673611797509366,0.4810091340309036,0.747907497643639,118.37773163074026,516.2596966945154,3,1,262550.4898077428,2051.159676938015,12.47820249342714,23844.575914387693,186.2842939851071,10.07935398285784,16758.55458168435,130.9251848164026,9.726723797411102,777.7534626172699,6.076151456764165,6.657694516470294,461,378,416,495,1750,1407,1738,0,0.1776630688422513,0.0
2008,JP,Japan,East Asia,Dong A,Chau A khac,0,0,0,High income,4,5333260000000.0,128063000.0,41645.59630806712,5333.26,128.063,10.636950911106334,-1.2720401486676303,0.48734980821491025,0.7721265443993861,94.85334914250468,564.2912647276894,3,1,268255.4533509343,2094.7147368946094,12.499698717429798,24744.81059975308,193.22373050571267,10.116411484972428,16928.54279616497,132.18917873363088,9.736815469219994,834.0194815193455,6.512571792940549,6.727455055739581,467,388,411,513,1779,1434,1767,0,0.14792729541951963,0.0
2009,JP,Japan,East Asia,Dong A,Chau A khac,0,0,0,High income,4,5029620000000.0,128047000.0,39279.483314720375,5029.62,128.047,10.578457608479658,-5.68154427623938,0.4924111894756745,0.7990400086619844,105.98782584919002,502.42033025070526,2,1,273853.8676284056,2138.6980376612155,12.520353564851801,25756.297018660385,201.1472117164821,10.156473245312986,16696.614289785044,130.39441993787472,9.723021131300728,602.5471636681201,4.705671852273932,6.402824187721166,467,393,414,520,1794,1467,1781,0,0.15252299990789506,0.0
2010,JP,Japan,East Asia,Dong A,Chau A khac,0,0,0,High income,4,5235730000000.0,128070000.0,40881.78339970329,5235.73,128.07,10.618439849163392,4.079229026880893,0.48960944056955885,0.8117940897109979,103.51995006349554,548.7278343432131,3,1,251389.82661818643,1962.9095542920782,12.434764085284735,25342.35834422208,197.87895950825393,10.140271976436251,15964.06232141925,124.65106833309324,9.678158008769152,788.0614505429398,6.1533649609037235,6.670844201897908,465,390,423,518,1796,1449,1775,0,0.12873714994365557,0.0
2011,JP,Japan,East Asia,Dong A,Chau A khac,0,0,0,High income,4,5236980000000.0,127833000.0,40967.35584708174,5236.98,127.833,10.620530829700128,0.20931681610316666,0.48810727244138485,0.7866173092631233,102.13252007695368,604.0850275591234,2,1,252118.72564539383,1972.2507149593127,12.437659355435885,27494.06399751632,215.0779845385489,10.221761776544819,15787.689543870083,123.50245667292549,9.667049111017127,838.3751851215611,6.558362747659533,6.732657787824386,467,393,405,510,1775,1424,1756,0,0.15046941664665223,0.0
2012,JP,Japan,East Asia,Dong A,Chau A khac,0,0,0,High income,4,5308970000000.0,127629000.0,41596.89412280908,5308.97,127.629,10.635780782952724,1.53668271410341,0.4930796591663696,0.8207686389042771,97.1667861857786,595.5752435976248,2,1,278841.86689372716,2184.784546566432,12.53840370104844,26464.94073910724,207.35836478470597,10.183613930197534,17807.15084257452,139.52276396880427,9.787411543974427,780.2326273389962,6.113286379576712,6.6608729637972806,466,391,406,530,1793,1454,1773,0,0.19406016171054102,0.0
2013,JP,Japan,East Asia,Dong A,Chau A khac,0,0,0,High income,4,5415420000000.0,127445000.0,42492.21232688611,5415.42,127.445,10.657076098754738,2.1523679182242184,0.4768322901100992,0.9039497301740211,106.05335335135385,602.289159885868,2,1,282561.6284480264,2217.1260421988027,12.551655498619565,27021.231773838776,212.02269036712917,10.20441520521052,20180.829403802072,158.34932248265585,9.912537944100139,680.5160706649228,5.339684339636101,6.524319832171718,464,334,382,511,1691,1369,1654,0,0.18759321372354437,0.0
2014,JP,Japan,East Asia,Dong A,Chau A khac,0,0,0,High income,4,5431460000000.0,127276000.0,42674.65979446243,5431.46,127.276,10.661360575620611,0.42936683591048297,0.48710622162406014,0.8885728858993327,121.49692821673624,617.3086874161506,1,1,275487.1912055375,2164.4865583891506,12.526300043518662,27022.64123505797,212.31529302506343,10.204467363169714,20190.049556496582,158.63202454898476,9.912994693932811,651.3047132550979,5.117262588823485,6.480511804370148,466,387,384,522,1759,1431,1731,0,0.1909881841443079,0.0
2015,JP,Japan,East Asia,Dong A,Chau A khac,0,0,0,High income,4,5516230000000.0,127141000.0,43386.71239018098,5516.23,127.141,10.677908507085217,1.6685606848374945,0.48984261108304467,0.9030690395734852,123.50648897797495,597.1202338169282,2,1,286750.3006498224,2255.372386954817,12.566370570813318,26091.857064102816,205.21985090649605,10.169416880149882,22087.222581953698,173.7222656889099,10.002799830612537,577.3332604693957,4.540889724553021,6.360150277723324,470,383,374,524,1751,1443,1724,0,0.16290790429681165,0.0
2016,JP,Japan,East Asia,Dong A,Chau A khac,0,0,0,High income,4,5557810000000.0,127076000.0,43736.11067392741,5557.81,127.076,10.685929371071163,0.8053117290940381,0.489372074655923,0.8933601596442847,128.3601308462135,600.5143209393842,1,1,277667.63404975855,2185.0517332128693,12.534183717869064,26883.972906327435,211.55822426207496,10.199322781481598,21674.84111717927,170.56596931898446,9.98395360676337,606.7718124588008,4.77487340220656,6.409799503064402,466,373,393,523,1755,1444,1724,0,0.15102759822332834,0.0
2017,JP,Japan,East Asia,Dong A,Chau A khac,0,0,0,High income,4,5650920000000.0,126972000.0,44505.24525092146,5650.92,126.972,10.703362332015338,1.7585801872697315,0.4914115046428737,0.8980808495682968,128.83086027380716,608.131957894928,1,1,308813.1945395353,2432.1361760036493,12.640495062849425,24828.399576855325,195.54232095938733,10.11978369685081,23326.97660218506,183.71748576209762,10.057408631815129,640.60390934,5.045237606243896,6.463971149644714,469,378,391,523,1761,1468,1729,0,0.1496015664484824,0.0
2018,JP,Japan,East Asia,Dong A,Chau A khac,0,0,0,High income,4,5687280000000.0,126811000.0,44848.4752899985,5687.28,126.811,10.711044871145383,0.7712125551536664,0.4916782540457185,0.9458634252666499,137.45022021001856,633.9428323724561,1,1,297029.02200507873,2342.2969774316007,12.601588496868358,23437.88089415188,184.82529823242368,10.06215149912764,24788.079767273004,195.47263066510794,10.118158503213687,664.9242625101206,5.243427324996416,6.501175944119011,468,368,381,519,1736,1440,1693,0,0.17414392881015434,0.0
2019,JP,Japan,East Asia,Dong A,Chau A khac,0,0,0,High income,4,5664410000000.0,126633000.0,44730.91532223038,5664.41,126.633,10.708420159491174,-0.2621270110253704,0.4924374958132727,0.8976578630487285,145.4287357503145,636.5584205032302,1,1,314379.69400084065,2482.6048028621344,12.658359931802028,22288.967322798944,176.01231371600565,10.0118919603761,27963.071149447347,220.81977959495035,10.238675791951602,625.2026862590768,4.937122916294148,6.4396740986612535,468,351,390,524,1733,1454,1673,0,0.168234015807989,0.0
2020,JP,Japan,East Asia,Dong A,Chau A khac,0,0,0,High income,4,5428270000000.0,126261000.0,42992.4521427836,5428.27,126.261,10.668779847705059,-3.8864914051575328,0.49353885910057294,0.9466027488979258,137.18721354830066,636.6675931349157,2,2,312429.17303624825,2474.470921632557,12.652136276906747,21960.056217654957,173.92588540923134,9.997025991809949,28574.642740802174,226.3140854325736,10.26030998152648,556.4901902010964,4.407459074465563,6.323444907127617,468,357,381,522,1728,1455,1672,0,0.16560579736386666,0.0
2021,JP,Japan,East Asia,Dong A,Chau A khac,0,0,0,High income,4,5574650000000.0,125681593.0,44355.34167680386,5574.65,125.681593,10.699988424155856,3.170066991047449,0.493995951471093,1.001229900465389,177.10695192261954,672.4287483314208,2,2,321984.92454226286,2561.909957190492,12.682263110969453,18664.81024855497,148.50870205436505,9.83444880045498,22944.752938223904,182.56255662055383,10.040888141205503,627.1644572804599,4.990105888301876,6.442802006835431,466,355,361,497,1679,1450,1555,0,0.22088939623053624,0.0
2022,JP,Japan,East Asia,Dong A,Chau A khac,0,0,0,High income,4,5627160000000.0,125124989.0,44972.31164591751,5627.16,125.124989,10.713802282622334,1.3909710663694508,0.4913622496293436,0.9606985673506843,152.68429622152107,647.0323401307212,1,1,294757.2561436364,2355.7025538970192,12.59391082867276,17657.368399072522,141.11784176918107,9.778965080256274,19900.663392679606,159.04627486264638,9.898558594791178,555.7055404020241,4.441203510531571,6.322036447362005,462,319,357,501,1639,1420,1504,0,0.19716629957520232,0.0
2023,JP,Japan,East Asia,Dong A,Chau A khac,0,0,0,High income,4,5710170000000.0,125124989.0,45635.728287656435,5710.17,125.124989,10.72844620379496,1.4751668692555508,0.49120474315643714,0.9903631473421762,157.4807742873338,601.7963953229734,1,1,285985.03513828863,2285.594887351308,12.563698260422052,18539.298990522228,148.16623872408275,9.827701965770945,16464.818240514756,131.58697053323823,9.709041889325126,528.3721928144723,4.222755158959274,6.271691762562455,464,319,354,506,1643,1432,1525,1,0.2694673748236305,0.0
2001,KG,Kyrgyzstan,West and Central Asia,Trung A,Chau A khac,0,0,0,Lower middle income,2,18770956085.0,4945100.0,3795.8698681523124,18.770956085,4.9451,8.241668877833538,,0.02737049378823168,-1.5259202374951828,3.08708135135213,26.85704962049484,133,38,1.25,0.2527754747123415,0.8109302162163288,1.5,0.3033305696548098,0.9162907318741551,,,,0.30410410204901955,0.06149604700592901,0.2655162931776656,0,1,9,0,10,10,0,0,0.0,
2002,KG,Kyrgyzstan,West and Central Asia,Trung A,Chau A khac,0,0,0,Lower middle income,2,18767704089.0,4990700.0,3760.535413669425,18.767704089,4.9907,8.232316623498921,-0.930865801784897,0.03218405002520408,-1.6037782654068173,6.280994144151514,32.14438442597897,129,37,4.5,0.9016771194421623,1.7047480922384253,2.75,0.5510249063257658,1.3217558399823195,,,,0.33390043028298966,0.06690452847956993,0.2881073047399571,1,1,16,0,18,18,0,0,0.0,
2003,KG,Kyrgyzstan,West and Central Asia,Trung A,Chau A khac,0,0,0,Lower middle income,2,20087128713.0,5043300.0,3982.9335381595383,20.087128713,5.0433,8.289773896665206,5.914001598860197,0.03496322178709852,-1.5207025681824682,7.065671829360671,37.46100874063125,130,36,5.0,0.9914143517141554,1.791759469228055,1.6666666666666665,0.3304714505713851,0.9808292530117262,,,,0.37040280076511245,0.07344453051873027,0.3151047117830638,1,0,21,0,22,22,0,0,0.0,
2004,KG,Kyrgyzstan,West and Central Asia,Trung A,Chau A khac,0,0,0,Lower middle income,2,21498613569.0,5104700.0,4211.5332084157735,21.498613569,5.1047,8.34558204289963,5.739479910123424,0.035319663240032564,-1.517549139073701,2.8696776620681756,41.6781595838646,134,36,8.5,1.6651321331322113,2.2512917986064953,0.7,0.13712852861088798,0.5306282510621704,0.5,0.09794894900777715,0.4054651081081644,0.43471824645402624,0.08516039070935143,0.3609684859991142,3,0,16,0,19,19,0,0,0.7731092436974789,0.0
2005,KG,Kyrgyzstan,West and Central Asia,Trung A,Chau A khac,0,0,0,Lower middle income,2,21460880191.0,5162600.0,4156.990700615968,21.460880191,5.1626,8.33254670220803,-1.295074859930223,0.046540455866245944,-1.4067575563930514,16.69003181409089,59.58296118631082,126,34,19.2,3.7190562894665473,3.005682604407159,6.449999999999999,1.2493704722426682,2.008214032391468,2.9333333333333336,0.568189155335167,1.3694872428035094,0.4591805073252173,0.08894365384209842,0.3778749817818855,2,8,14,2,26,26,1,0,0.21875000000000003,0.0
2006,KG,Kyrgyzstan,West and Central Asia,Trung A,Chau A khac,0,0,0,Lower middle income,2,22126789572.0,5218400.0,4240.148239307067,22.126789572,5.2184,8.352353509715567,2.000426382449616,0.04254127771998253,-1.3170515400812008,14.037682575897442,56.96526764720265,125,33,20.683333333333334,3.963539271296438,3.0765439162904045,4.0625,0.7784953242373142,1.6218604324326575,5.0,0.958148091369002,1.791759469228055,0.6432123958388104,0.12325854588356784,0.49665310388255063,5,4,19,2,30,30,0,0,0.0,0.0
2007,KG,Kyrgyzstan,West and Central Asia,Trung A,Chau A khac,0,0,0,Lower middle income,2,24017053497.0,5268400.0,4558.699699529268,24.017053497,5.2684,8.424792708232408,7.512743476021955,0.03665327274805162,-1.484012862087084,1.683271515207834,53.42602074241974,135,37,3.7,0.7023005086933415,1.547562508716013,3.2291666666666665,0.6129311872042112,1.4420049681338964,2.0,0.3796218965909954,1.0986122886681098,0.9808412004623198,0.18617439838704727,0.6835216032021235,1,0,27,1,29,29,0,0,0.36036036036036034,0.0
2008,KG,Kyrgyzstan,West and Central Asia,Trung A,Chau A khac,0,0,0,Lower middle income,2,26034874118.0,5318700.0,4894.969469607235,26.034874118,5.3187,8.495963317888416,7.376440481760382,0.047394994746708496,-1.3498234845293529,10.538701714661446,77.76500675341653,133,36,10.166666666666666,1.9114946634829313,2.412933150162911,10.4,1.9553650328087693,2.4336133554004498,3.111111111111111,0.5849382576778369,1.413693335308005,0.76763500993781,0.14432756311463515,0.5696425005604303,3,5,24,3,35,35,0,0,0.0,0.0
2009,KG,Kyrgyzstan,West and Central Asia,Trung A,Chau A khac,0,0,0,Lower middle income,2,26786317277.0,5383300.0,4975.81730109784,26.786317277,5.3833,8.512344917727651,1.651651394203535,0.043303585346830785,-1.531995963434321,1.8374601835491382,61.79343390900848,140,37,8.58974358974359,1.5956278843355542,2.2606941512848855,3.624242424242424,0.6732380555128683,1.5313125573838764,1.0,0.18575966414652723,0.6931471805599453,0.5433368636486021,0.10093007330979178,0.43394686688871403,3,3,17,0,23,23,0,0,0.0,0.0
2010,KG,Kyrgyzstan,West and Central Asia,Trung A,Chau A khac,0,0,0,Lower middle income,2,26660001953.0,5447900.0,4893.629096165495,26.660001953,5.4479,8.495689453669526,-1.6517528670960457,0.0475510947591888,-1.4741329750949732,4.244336447608837,74.68522593026596,137,38,10.851282051282052,1.9918284203605154,2.472436051710634,8.996612466124661,1.651390896698666,2.302246282216622,2.9,0.5323152040235687,1.3609765531356006,0.958261874503712,0.1758956431842934,0.672057281081225,4,3,25,0,32,32,0,0,0.0,0.0
2011,KG,Kyrgyzstan,West and Central Asia,Trung A,Chau A khac,0,0,0,Lower middle income,2,28247944797.0,5514600.0,5122.392339788924,28.247944797,5.5146,8.541376862769484,4.674715617550196,0.0491418684222421,-1.3072904696942793,11.145575553968683,87.9628660477305,134,36,7.88974358974359,1.4307009737322,2.184898206561331,10.576190476190476,1.9178526957876323,2.4489504435986547,7.999999999999999,1.4506945200014507,2.197224577336219,1.0309812833284344,0.18695486224357785,0.7085190670601837,3,2,24,1,30,30,0,0,0.0,0.0
2012,KG,Kyrgyzstan,West and Central Asia,Trung A,Chau A khac,0,0,0,Lower middle income,2,28223044177.0,5607200.0,5033.357857219289,28.223044177,5.6072,8.52384260641826,-1.7381425838479125,0.053813208682070734,-1.237666548236939,17.031090918627406,92.67771667328452,130,37,8.5,1.515908118133828,2.2512917986064953,8.192857142857143,1.4611316063021016,2.218426784986822,10.722222222222221,1.9122239660119529,2.4614863755799017,1.0866972269563138,0.19380389979959942,0.7355825418428737,3,4,28,4,39,39,0,0,0.17647058823529413,0.0
2013,KG,Kyrgyzstan,West and Central Asia,Trung A,Chau A khac,0,0,0,Lower middle income,2,31303721942.0,5719600.0,5473.061392754738,31.303721942,5.7196,8.607593408467215,8.735789268485794,0.0643062060045504,-0.8963944207448269,32.27211817494359,117.72593313819216,106,30,9.011111111111111,1.5754792487431133,2.3036955872780727,17.79285714285714,3.110856903080135,2.9334768584309883,15.734119496855346,2.750912563265848,2.8174497188097454,1.0122125450325494,0.17697261085260324,0.6992348853422896,4,4,18,4,30,30,0,0,0.0,0.0
2014,KG,Kyrgyzstan,West and Central Asia,Trung A,Chau A khac,0,0,0,Lower middle income,2,32563395806.0,5835500.0,5580.223769342815,32.563395806,5.8355,8.626984156604054,1.957996976426002,0.045743461915849284,-1.5242264992377503,10.436490301960454,79.18958072706931,143,38,4.583333333333333,0.7854225573358466,1.7197859696029656,14.676190476190476,2.5149842303470957,2.7521430310794917,7.5,1.2852369120041127,2.1400661634962708,1.0712013729079182,0.1835663392867652,0.7281288123112468,0,0,18,0,18,18,0,0,0.0,0.0
2015,KG,Kyrgyzstan,West and Central Asia,Trung A,Chau A khac,0,0,0,Lower middle income,2,33825496187.0,5956900.0,5678.372339136128,33.825496187,5.9569,8.644419910637787,1.7588644084943539,0.044660299892836514,-1.165345847202762,21.33751519201501,80.11934594534884,124,34,4.4563492063492065,0.7480987101259391,1.6967799225892484,13.538660413660413,2.2727694629187014,2.676811336751029,7.642857142857142,1.2830259267164368,2.1567332159814825,0.6109196865396054,0.10255664633275788,0.47680524977993877,1,5,10,3,19,19,0,0,0.0,0.0
2016,KG,Kyrgyzstan,West and Central Asia,Trung A,Chau A khac,0,0,0,Lower middle income,2,35292120966.0,6079500.0,5805.102552183568,35.292120966,6.0795,8.66649256015744,2.2318052688091283,0.0503223311461074,-1.3412995818758557,21.805284577495804,89.18211613644291,136,36,6.571428571428572,1.0809159587842045,2.0243817644968085,23.257421255215373,3.825548360097931,3.1887226017084154,7.956521739130435,1.30874607107993,2.1923819528604316,0.6453732661890477,0.10615564868641297,0.49796726801467484,0,8,9,0,17,17,0,0,0.0,0.0
2017,KG,Kyrgyzstan,West and Central Asia,Trung A,Chau A khac,0,0,0,Lower middle income,2,36964945345.0,6198200.0,5963.819390306863,36.964945345,6.1982,8.693466392110665,2.7340918906522127,0.06810849135523538,-1.0030490246103463,42.21011026918933,126.58981178254326,117,31,11.523809523809526,1.8592187286324298,2.5276315944543417,20.996825396825397,3.3875682289737985,3.0908981428017483,12.683081509706897,2.0462523812892286,2.616160143385477,0.900560691,0.14529390645671325,0.6421489431651146,2,6,19,1,28,28,0,0,0.0,0.0
2018,KG,Kyrgyzstan,West and Central Asia,Trung A,Chau A khac,0,0,0,Lower middle income,2,38354054773.0,6322800.0,6065.99208784083,38.354054773,6.3228,8.71045338390228,1.7132091172987307,0.05481145786763431,-1.0867195836310708,31.962870483675765,103.5714088803606,118,31,12.761904761904761,2.0183945027368826,2.6219042503890093,14.51470473970474,2.295613452853916,2.741788267084695,14.231746031746031,2.2508613322809565,2.723381804574007,0.8695431622423668,0.1375250145888478,0.6256941027546989,5,4,14,2,25,25,2,0,0.0,0.14053089449029668
2019,KG,Kyrgyzstan,West and Central Asia,Trung A,Chau A khac,0,0,0,Lower middle income,2,40118581257.0,6456200.0,6213.96196787584,40.118581257,6.4562,8.734553969540931,2.4393351968198695,0.08334688792128488,-0.6845960129012584,68.09598081202104,162.19642532400502,98,26,14.05952380952381,2.1776778615166523,2.712010602318307,15.102629211760917,2.3392443251077903,2.7789825637359122,23.85754596142254,3.6952922712156595,3.213161366866562,1.0009231060393746,0.15503285307756492,0.6936086270968014,2,7,14,6,29,29,2,0,0.0,0.0
2020,KG,Kyrgyzstan,West and Central Asia,Trung A,Chau A khac,0,0,0,Lower middle income,2,37250512879.0,6579900.0,5661.258207419565,37.250512879,6.5799,8.641401444623325,-8.894546881901967,0.0842181370671656,-0.7949666566740059,68.80686587480476,164.78078622632802,102,27,16.666666666666664,2.5329665597754776,2.871679624884012,27.682807562787282,4.207177550234393,3.3562979036455163,15.132603905088915,2.2998227792350816,2.7808423115378718,0.790808007237505,0.12018541425211705,0.5826669186933643,0,8,13,5,26,26,0,0,0.42952380952380936,0.0
2021,KG,Kyrgyzstan,West and Central Asia,Trung A,Chau A khac,0,0,0,Lower middle income,2,39301901464.0,6691800.0,5873.143468722915,39.301901464,6.6918,8.678145283748398,3.7427238528999762,0.0945214965233453,-0.9028759692718222,87.45029510702851,185.8917610472524,102,26,17.77777777777778,2.6566510920496396,2.932674137586854,30.380937410075276,4.540024718323213,3.446200619710049,23.88833439014271,3.569792042521102,3.21439919530316,1.1044144910750122,0.16503997296318065,0.7440372769347313,2,6,15,20,43,43,0,0,0.23943452380952387,0.0
2022,KG,Kyrgyzstan,West and Central Asia,Trung A,Chau A khac,0,0,0,Lower middle income,2,42826301522.0,6803300.0,6294.930625137801,42.826301522,6.8033,8.7474999257883,7.181625285693927,0.09767932299562906,-0.7511157395999426,77.79035896168068,190.41298786855472,101,26,9.087301587301587,1.3357196635899617,2.311277364237976,31.666045825019882,4.654512637252492,3.486336184465324,9.680904328194483,1.422971841340891,2.3684575048719068,1.816041451817992,0.2669353772166437,1.0353321582932773,0,11,38,0,49,49,1,0,0.14672489082969442,0.0
2023,KG,Kyrgyzstan,West and Central Asia,Trung A,Chau A khac,0,0,0,Lower middle income,2,46686361488.0,6803300.0,6862.311156056619,46.686361488,6.8033,8.833799567196037,9.013292833650532,0.07709013257205109,-1.3443630076859578,37.24996994992395,127.01420213934527,128,33,8.277777777777777,1.2167297896282359,2.2276220545205905,27.60477102058125,4.057556042006269,3.3535735228145236,5.0,0.7349374568224244,1.791759469228055,1.6901741207429373,0.2484344539771783,0.989605920419643,0,8,26,0,34,34,1,1,0.453020134228188,0.0
2001,KH,Cambodia,East Asia,Dong Nam A,ASEAN khac,1,1,0,Lower middle income,2,25723063815.0,12338192.0,2084.8325115219473,25.723063815,12.338192,7.642443800800957,,0.02565942347169405,-2.3624200740767907,-5.441943045153953,18.898508431470457,173,44,4.583333333333333,0.3714752804408728,1.7197859696029656,6.916666666666666,0.5605899686653171,2.0689702418125404,0.8,0.06483932167695235,0.5877866649021191,2.0229158513835337,0.16395561451657858,1.1062218792813852,1,7,36,1,45,45,7,0,0.6545454545454545,0.0
2002,KH,Cambodia,East Asia,Dong Nam A,ASEAN khac,1,1,0,Lower middle income,2,27334632491.0,12561779.0,2176.0160317260797,27.334632491,12.561779,7.685250975469869,4.373661658680095,0.02646405836721837,-2.248918954155436,-2.0372362831524375,21.446053637671962,170,44,1.6666666666666665,0.13267759818626537,0.9808292530117262,10.696428571428571,0.8515058712168533,2.4592835449001025,,,,2.454842181594569,0.1954215387481796,1.239776777911391,1,11,37,0,49,49,7,0,0.0,
2003,KH,Cambodia,East Asia,Dong Nam A,ASEAN khac,1,1,0,Lower middle income,2,30145638983.0,12787710.0,2357.3915097386475,30.145638983,12.78771,7.76531099424982,8.335208719427278,0.031214812649545634,-2.127359362611457,-0.48399792387501134,28.806348473832458,161,43,0.6666666666666676,0.05213338953312732,0.5108256237659913,21.144444444444446,1.6534973380256859,3.0975866498825297,,,,2.7173904789342074,0.21250016452783238,1.3130219379724497,0,18,33,0,51,51,7,0,0.0,
2004,KH,Cambodia,East Asia,Dong Nam A,ASEAN khac,1,1,0,Lower middle income,2,32996721517.0,13016371.0,2535.016981077137,32.996721517,13.016371,7.837955614652606,7.534831215124815,0.03612555903023663,-1.7615535841701178,6.469789372873393,40.43533711870895,150,42,5.000000000000001,0.3841316446803799,1.7917594692280552,32.33158914728682,2.483917302855521,3.5065055703695553,2.0,0.15365265787215193,1.0986122886681098,3.4617886861801113,0.26595651631165945,1.4955497363456602,1,31,37,1,70,70,10,0,0.24999999999999994,0.0
2005,KH,Cambodia,East Asia,Dong Nam A,ASEAN khac,1,1,0,Lower middle income,2,37386385535.0,13246583.0,2822.341847327722,37.386385535,13.246583,7.945322261620517,11.334238326423351,0.04047401208639895,-1.868007411686473,9.214628913611778,46.27739348843882,157,45,1.9999999999999996,0.15098233257588012,1.0986122886681096,37.265079365079366,2.813184303082491,3.6445377143504003,1.75,0.13210954100389513,1.0116009116784799,3.5594777753898748,0.26870912864018404,1.517208094027225,0,24,33,0,57,57,8,0,0.0,0.0
2006,KH,Cambodia,East Asia,Dong Nam A,ASEAN khac,1,1,0,Lower middle income,2,41477712321.0,13477779.0,3077.48868125824,41.477712321,13.477779,8.03186918015038,9.04025266011268,0.04230527406505943,-1.6006997901182343,11.695759875920688,55.459508823824365,139,39,4.416666666666666,0.3276998878425493,1.6894806201076367,43.983333333333334,3.2633962415716518,3.806292050795904,1.0,0.07419620102095456,0.6931471805599453,4.246720565286539,0.31509053274182186,1.6576032271946595,1,23,36,0,60,60,8,0,0.0,0.0
2007,KH,Cambodia,East Asia,Dong Nam A,ASEAN khac,1,1,0,Lower middle income,2,45790754858.0,13714791.0,3338.7861949919616,45.790754858,13.714791,8.113362605246566,8.490608440739722,0.03697052461594938,-2.119139618577088,-1.494076081847766,47.25787496829808,167,43,4.25,0.30988441602938027,1.6582280766035324,28.243290043290042,2.059330692191375,3.375650147132208,1.0,0.07291398024220712,0.6931471805599453,4.545594209819246,0.3314373664038516,1.7130037764350354,1,22,36,0,59,59,4,0,0.0,0.0
2008,KH,Cambodia,East Asia,Dong Nam A,ASEAN khac,1,1,0,Lower middle income,2,49214239315.0,13943888.0,3529.4488391616455,49.214239315,13.943888,8.168897001521984,5.710537693478845,0.03931106029326129,-1.8616880280719303,3.962615695647158,57.07042797899252,158,42,8.333333333333332,0.5976334099451553,2.2335922215070942,38.87539682539683,2.787988316127957,3.68575951278958,4.5,0.32272204137038396,1.7047480922384253,4.97549726200023,0.35682280738343786,1.787667318120398,1,20,35,2,58,58,6,0,0.0,0.0
2009,KH,Cambodia,East Asia,Dong Nam A,ASEAN khac,1,1,0,Lower middle income,2,51219610561.0,14155740.0,3618.292689820525,51.219610561,14.15574,8.193757560919895,2.5172159934178984,0.04154233083594627,-2.2050341750102183,0.8068882883419689,51.22847723122687,170,45,3.9166666666666665,0.27668399297152013,1.5926307941177191,41.05715395715396,2.9003890970838655,3.7390295017262676,4.5,0.3178922472438742,1.7047480922384253,5.443208305853318,0.3845230490142739,1.8630266002024571,0,15,40,5,60,60,7,0,0.0,0.0
2010,KH,Cambodia,East Asia,Dong Nam A,ASEAN khac,1,1,0,Lower middle income,2,53819988410.0,14363532.0,3746.988443371728,53.81998841,14.363532,8.228707714554004,3.55680882072551,0.04589060856040396,-2.0668284404455135,5.253180113047547,62.69186430118357,164,43,8.666666666666666,0.603379911477669,2.268683541318364,42.57483766233766,2.96409251306278,3.7744798659220975,4.5,0.31329341557494356,1.7047480922384253,6.11599495253561,0.4258002107375547,1.9623450604913093,0,22,42,0,64,64,5,0,0.0,0.0
2011,KH,Cambodia,East Asia,Dong Nam A,ASEAN khac,1,1,0,Lower middle income,2,57741666976.0,14573885.0,3961.9955129328932,57.741666976,14.573885,8.284503094732083,5.738130042581369,0.03869873436982604,-2.3933130309642756,-3.0638907795383976,53.52676259532528,177,43,7.833333333333334,0.5374910899415861,2.178532444324067,37.44164169164169,2.569091336430999,3.6491412910892427,2.3125,0.15867423133913847,1.1977031913123406,7.7112045445112996,0.5291111151564115,2.164610075735603,0,11,43,0,54,54,6,0,0.0,0.0
2012,KH,Cambodia,East Asia,Dong Nam A,ASEAN khac,1,1,0,Lower middle income,2,62159052653.0,14786640.0,4203.730709140143,62.159052653,14.78664,8.34372767407937,6.10134957039119,0.04880217450181373,-2.205937049148478,4.460831579693406,69.86007869962971,172,44,30.0,2.028858483063089,3.4339872044851463,64.80434010434011,4.382627838666534,4.186685795188595,2.2,0.14878295542462655,1.1631508098056809,7.89678861778181,0.5340488858714224,2.1856903821607614,1,23,49,1,74,74,7,0,0.3254960317460317,0.0
2013,KH,Cambodia,East Asia,Dong Nam A,ASEAN khac,1,1,0,Lower middle income,2,67043200063.0,14999683.0,4469.641129282532,67.043200063,14.999683,8.40506340010782,6.325581692571847,0.05615968844595463,-2.113433891853518,14.718935790664085,83.72721080982895,162,42,22.999999999999996,1.533365738462606,3.1780538303479453,65.5539411976912,4.370355106684002,4.198012764690764,6.199999999999999,0.4133420686290503,1.9740810260220096,8.767345821603477,0.584502073917394,2.2790447629853916,1,18,56,3,78,78,9,0,0.0,0.0
2014,KH,Cambodia,East Asia,Dong Nam A,ASEAN khac,1,1,0,Lower middle income,2,72406871106.0,15210817.0,4760.2223539997885,72.406871106,15.210817,8.468049659159613,6.5012204853211575,0.05790586057570627,-2.143819101314779,12.626933665298159,87.512255441171,172,45,9.666666666666638,0.635512653045963,2.3671236141316143,73.01026751026751,4.799891255694385,4.3042038337180095,4.1,0.26954502180915063,1.62924053973028,10.01093609813841,0.6581458509518857,2.3988889696579263,0,30,52,1,83,83,8,0,0.22844827586206856,0.0
2015,KH,Cambodia,East Asia,Dong Nam A,ASEAN khac,1,1,0,Lower middle income,2,77625259450.0,15417523.0,5034.872297579838,77.62525945,15.417523,8.52414344188759,5.769687278353164,0.06329722351575132,-1.9773646254668351,20.194309397606293,95.74523906314694,161,42,16.583333333333336,1.0756159295713934,2.8669514836880663,78.38792596292596,5.084339810157959,4.374346290731778,11.233333333333334,0.7286081774182102,2.504164466392415,10.88457509844154,0.7059872781406935,2.4752413490953726,0,25,66,3,94,94,11,0,0.1249102656137832,0.0
2016,KH,Cambodia,East Asia,Dong Nam A,ASEAN khac,1,1,0,Lower middle income,2,83761925238.0,15624584.0,5360.905943991853,83.761925238,15.624584,8.586888259184143,6.47550974765998,0.0651317444440534,-1.9802359814456958,25.44451902127597,93.5895443038904,161,44,13.833333333333336,0.8853569050755742,2.696876900504085,85.67485696987985,5.48333683443219,4.462163841380858,18.375,1.176031310657615,2.9639835752394106,12.156200096733697,0.7780175201294125,2.5768931377530815,0,25,71,1,97,97,13,0,0.0,0.0
2017,KH,Cambodia,East Asia,Dong Nam A,ASEAN khac,1,1,0,Lower middle income,2,90525733498.0,15830689.0,5718.369775187928,90.525733498,15.830689,8.651439039414614,6.667974311257918,0.0650215103619335,-1.9290843177106325,21.192420253386626,96.71482183930063,159,42,6.999999999999999,0.4421791117240696,2.0794415416798357,68.81518383577207,4.346948123090036,4.245851519575137,14.419444444444444,0.9108538765712879,2.7356293392400057,12.181013497,0.769455675428909,2.5787774227037064,0,23,74,0,97,97,12,0,0.0,0.0
2018,KH,Cambodia,East Asia,Dong Nam A,ASEAN khac,1,1,0,Lower middle income,2,98470474432.0,16025238.0,6144.712136693383,98.470474432,16.025238,8.723347175775672,7.455662684763054,0.07064458912593381,-2.0012802693272915,30.771107352148697,109.70162198875931,164,42,15.416666666666657,0.9620241937540432,2.7982970789499877,80.07992627939436,4.997113071231413,4.3954354123504595,17.323809523809523,1.0810329009659339,2.9082012810681284,13.731465617291692,0.8568650036456051,2.6899857243226686,0,33,73,2,108,108,15,0,0.0,0.0
2019,KH,Cambodia,East Asia,Dong Nam A,ASEAN khac,1,1,0,Lower middle income,2,106286000000.0,16207746.0,6557.728631729545,106.286,16.207746,8.788399576818259,6.721494609484102,0.07274407593013361,-1.7568480588835453,30.791623355465454,115.75991760948187,155,42,18.833333333333336,1.1619958341729526,2.9873640238834747,70.34558659141457,4.3402448799120235,4.267535486248165,21.052380952380954,1.2989086176684255,3.0934205757632833,16.365325347302992,1.0097224714221824,2.8544754218283557,1,19,80,1,101,101,13,0,0.15929203539823006,0.09500113096584482
2020,KH,Cambodia,East Asia,Dong Nam A,ASEAN khac,1,1,0,Lower middle income,2,102507000000.0,16396860.0,6251.623786505465,102.507,16.39686,8.74059651482763,-4.667848616714521,0.07910137009654496,-1.608224640612292,40.09097985946485,127.52679585768949,146,39,10.999999999999993,0.670860152492611,2.484906649788,77.98322042540792,4.755985013314008,4.369235430228635,34.7066341991342,2.116663446485132,3.575336503429504,14.912088009413381,0.9094477850889365,2.7670790725452603,2,29,86,6,123,123,18,0,0.09740259740259745,0.0
2021,KH,Cambodia,East Asia,Dong Nam A,ASEAN khac,1,1,0,Lower middle income,2,105674000000.0,16589023.0,6370.115949564963,105.674,16.589023,8.759372950844027,1.8953821775915314,0.07595542117977096,-1.5970458405035612,42.597658771351945,127.95521544230505,146,38,12.16666666666666,0.7334167097523863,2.577688383238966,64.16577691915927,3.8679659989114046,4.176934437249666,32.20909090909091,1.9415905872872024,3.5028236610028665,16.122808484563624,0.9718962041684808,2.840411404254898,1,19,84,1,105,105,10,0,0.0,0.2173299463731301
2022,KH,Cambodia,East Asia,Dong Nam A,ASEAN khac,1,1,0,Lower middle income,2,111095000000.0,16767842.0,6625.4798918071865,111.095,16.767842,8.798678084730225,4.008780126830547,0.07503138057468231,-1.5605799848098685,39.96179388679662,120.57059555075978,136,38,10.750000000000002,0.6411081402126761,2.463853240590168,69.73523690390563,4.158867724535192,4.258943849080459,13.833333333333334,0.8249918703511956,2.6968769005040847,19.909922808673937,1.1873873101066872,3.04022382183516,0,23,92,0,115,115,13,0,0.21340629274965794,0.0
2023,KH,Cambodia,East Asia,Dong Nam A,ASEAN khac,1,1,0,Lower middle income,2,116658000000.0,16767842.0,6957.24589962143,116.658,16.767842,8.847538970939567,5.00742607678113,0.0840311690418716,-1.4747559692026764,48.19676846665823,129.06545912792478,136,36,18.750000000000014,1.1182118724639707,2.9831534913471316,76.0674151111651,4.536505956530667,4.344680559733021,11.25,0.6709271234783819,2.505525936990736,18.14484056957508,1.0821213946061203,2.952033257371736,1,31,88,0,120,120,12,1,0.6105750292454152,0.19555555555555557
2001,KP,Democratic People's Republic of Korea,East Asia,Dong A,Chau A khac,0,0,0,Low income,1,,23512522.0,,,23.512522,,,0.04142927756049728,-0.34008678807516146,28.74524939236895,47.150321325397144,63,12,33.08333333333333,1.4070516694607804,3.5288085062548014,0.5,0.021265264525855625,0.4054651081081644,47.291666666666664,2.0113396030705113,3.877259012991806,1.0258372159811957,0.043629399516614834,0.7059830551064529,4,0,16,9,29,29,2,0,0.254983807124865,0.6042542479546885
2002,KP,Democratic People's Republic of Korea,East Asia,Dong A,Chau A khac,0,0,0,Low income,1,,23638411.0,,,23.638411,,,0.04023752100678576,-0.2620649582606467,26.46480504772261,48.576249330689095,58,11,38.94047619047619,1.6473389937452305,3.6873902505624687,1.0,0.04230402796533151,0.6931471805599453,48.8,2.0644365647081773,3.9080149840306073,1.0371563211769388,0.04387589001548957,0.7115548751823876,7,1,16,10,34,34,1,0,0.20177315805564053,0.39959016393442626
2003,KP,Democratic People's Republic of Korea,East Asia,Dong A,Chau A khac,0,0,0,Low income,1,,23781707.0,,,23.781707,,,0.04200356226690673,0.03097733154968191,36.440899358221415,55.31985038829688,37,7,48.60714285714285,2.0438878864811025,3.90413483257914,1.8333333333333333,0.07709006478522896,1.041453874828161,67.71666666666667,2.8474266656580483,4.2299917704848,0.9973998100721423,0.04193979053194719,0.69184623973935,4,0,15,22,41,41,1,0,0.5220616648978148,0.28714414636147345
2004,KP,Democratic People's Republic of Korea,East Asia,Dong A,Chau A khac,0,0,0,Low income,1,,23948930.0,,,23.94893,,,0.04268797195935674,0.1375769956496586,35.90282229825615,62.03156541876624,41,7,80.66666666666666,3.3682785271269595,4.402645921876617,2.5,0.10438879732831487,1.252762968495368,31.57597141420671,1.3184710721609152,3.4835749434168273,1.2729395138777222,0.05315224997015408,0.8210739338158171,7,1,15,12,35,35,1,0,0.4101948630691945,0.0
2005,KP,Democratic People's Republic of Korea,East Asia,Dong A,Chau A khac,0,0,0,Low income,1,,24100982.0,,,24.100982,,,0.039052705617253165,-0.025449698632716775,31.828580418729807,57.23964140172562,49,11,58.716666666666654,2.43627693953162,4.089611155082853,,,,40.651709401709404,1.6867241924710539,3.729342409828498,1.8584843018231483,0.0771123891061015,1.050291519953494,5,0,22,9,36,36,1,0,0.3101119812103097,0.18346911957950066
2006,KP,Democratic People's Republic of Korea,East Asia,Dong A,Chau A khac,0,0,0,Low income,1,,24235761.0,,,24.235761,,,0.03892500417740017,-0.025540680097349607,31.894063327989333,62.30180497171011,52,10,85.38333333333333,3.5230308358517535,4.458794755967606,2.333333333333333,0.0962764624281174,1.203972804325936,29.133333333333333,1.2020804023167804,3.405631978730021,1.6894529989644336,0.06970909636237267,0.9893378268262484,4,0,16,1,21,21,0,0,0.29625659329934173,0.30892448512585813
2007,KP,Democratic People's Republic of Korea,East Asia,Dong A,Chau A khac,0,0,0,Low income,1,,24356506.0,,,24.356506,,,0.042474827477571024,0.41523649661436346,39.0966156723615,80.0880980789598,20,4,68.93333333333332,2.83018152658404,4.247542407294087,1.5833333333333333,0.06500658728855992,0.9490805546971459,44.13484848484848,1.8120352929458965,3.8096546418119144,2.4643805818487228,0.10117956088811436,1.2425338524044094,5,0,13,9,27,27,0,0,0.28283086594256795,0.0
2008,KP,Democratic People's Republic of Korea,East Asia,Dong A,Chau A khac,0,0,0,Low income,1,,24469047.0,,,24.469047,,,0.04019888772742811,0.12578550529305138,34.670267997214204,77.71239584289152,45,8,105.99761904761905,4.331906307900715,4.672806582322918,2.25,0.09195290687046373,1.1786549963416462,51.18846153846154,2.0919679274170973,3.954861427130425,1.8933946437832818,0.07737917393281732,1.062430430027317,7,0,12,0,19,19,0,0,0.33296554249703136,0.05860695769779848
2009,KP,Democratic People's Republic of Korea,East Asia,Dong A,Chau A khac,0,0,0,Low income,1,,24581509.0,,,24.581509,,,0.040030818618080104,0.0014969130594192366,33.9226435578305,67.23202663673274,51,11,136.6734432234432,5.560010299751866,4.924884527464807,1.3333333333333333,0.05424131339265353,0.8472978603872036,73.50555555555555,2.9902784062424947,4.31087369382073,1.276067350634013,0.05191167680690445,0.8224491074932251,3,0,20,3,26,26,0,0,0.1625065205052094,0.17685738039452803
2010,KP,Democratic People's Republic of Korea,East Asia,Dong A,Chau A khac,0,0,0,Low income,1,,24686435.0,,,24.686435,,,0.04424602248708633,0.25177173438176653,41.25568887615164,81.49267316185141,38,7,156.16010101010096,6.325745333828111,5.057265037411489,1.5454545454545454,0.06260339111153738,0.9343092373768334,68.07887022397892,2.7577440899821672,4.235248898541077,1.7847511085736363,0.07229683462086106,1.0241585008303928,6,0,17,8,31,31,0,0,0.06110944524965363,0.264399217272263
2011,KP,Democratic People's Republic of Korea,East Asia,Dong A,Chau A khac,0,0,0,Low income,1,,24783789.0,,,24.783789,,,0.04914813964385102,0.49656333902725763,48.19758899683556,101.26298676080022,9,3,183.87041847041849,7.418979336469436,5.219655138954687,0.8333333333333333,0.03362412960073753,0.6061358035703155,109.64234686881746,4.423954177015365,4.706302898888744,2.9390327041782554,0.11858689985531493,1.3709351866144328,2,0,20,11,33,33,0,0,0.06001897628513711,0.03724230144598121
2012,KP,Democratic People's Republic of Korea,East Asia,Dong A,Chau A khac,0,0,0,Low income,1,,24887770.0,,,24.88777,,,0.05753323132955454,0.6194367597325265,59.36093625565246,118.66005478696448,6,2,203.71789321789325,8.185461904296497,5.3216329007566365,3.0,0.12054113325541019,1.3862943611198906,74.97287028846627,3.012438249327532,4.330376306668812,2.6848566476057534,0.10787855431023967,1.3042316232850888,11,0,19,6,36,36,0,0,0.08033693638813826,0.0
2013,KP,Democratic People's Republic of Korea,East Asia,Dong A,Chau A khac,0,0,0,Low income,1,,25001819.0,,,25.001819,,,0.04606719435536525,0.143941874578325,44.027521936617255,91.2274856771575,43,7,208.8314574314573,8.352650558403662,5.346304624815047,1.2,0.04799650777409435,0.7884573603642702,74.9784632034632,2.9989203266955577,4.330449921225143,2.999578733656962,0.11997442000747872,1.38618903898795,11,0,19,8,38,38,0,0,0.12901058387149833,0.026674326393870677
2014,KP,Democratic People's Republic of Korea,East Asia,Dong A,Chau A khac,0,0,0,Low income,1,,25126131.0,,,25.126131,,,0.04800404951938914,0.21261514860988917,47.434058382231775,96.68127420507325,42,6,197.98488455988456,7.879640703930285,5.29322886485411,5.916666666666666,0.2354786205113181,1.9339339580085975,93.00017253278124,3.701332789070519,4.543296617723439,3.2888333081532464,0.13089294599925655,1.4560147398117138,7,0,21,4,32,32,0,0,0.19768948371945333,0.023041431908116257
2015,KP,Democratic People's Republic of Korea,East Asia,Dong A,Chau A khac,0,0,0,Low income,1,,25258015.0,,,25.258015,,,0.04981743302196221,0.04667232650327871,48.485102919040536,97.4262574988034,54,10,140.51975108225116,5.563372699012617,4.9524392909625545,7.726190476190476,0.30589064406646665,2.166328903043338,113.44960317460317,4.491627832773207,4.740134579154497,2.4264410931633935,0.09606618307746644,1.2315221403487282,4,1,25,6,36,36,0,0,0.15517027348183074,0.06228903820660177
2016,KP,Democratic People's Republic of Korea,East Asia,Dong A,Chau A khac,0,0,0,Low income,1,,25389611.0,,,25.389611,,,0.04329227575710832,-0.13032342762527685,39.156235641384775,82.35391357751067,63,11,142.96666666666658,5.630912055591029,4.969581791298546,7.449999999999999,0.2934271029201668,2.134166441369082,290.85627705627707,11.455720099700507,5.6762614792351185,2.7178773503904483,0.10704682912985349,1.3131529006944695,4,0,20,7,31,31,1,0,0.1628493823631536,0.7204679702972391
2017,KP,Democratic People's Republic of Korea,East Asia,Dong A,Chau A khac,0,0,0,Low income,1,,25516321.0,,,25.516321,,,0.04924960028745863,0.33081731847726004,55.16403976742492,101.56681825877656,33,6,156.05984848484843,6.116079527485503,5.056626933250278,2.9926634768740032,0.1172842854921759,1.3844585462610024,203.26276334776335,7.965990212607975,5.319407220638504,1.488811049,0.05834740239394229,0.911805106080346,5,0,19,14,38,38,0,0,0.15138156427266344,0.2412966312118168
2018,KP,Democratic People's Republic of Korea,East Asia,Dong A,Chau A khac,0,0,0,Low income,1,,25638149.0,,,25.638149,,,0.04020209578316672,0.7999608296385725,62.105117557564704,94.85676867540471,3,2,165.81125541125536,6.467364528198013,5.11686296613282,5.25,0.20477297327509877,1.8325814637483102,141.4106782106782,5.51563524381882,4.958714983600997,0.24501188846969332,0.009556535788511617,0.21914507884272103,4,0,6,5,15,15,0,0,0.11075859257017999,0.11365074246716245
2019,KP,Democratic People's Republic of Korea,East Asia,Dong A,Chau A khac,0,0,0,Low income,1,,25755441.0,,,25.755441,,,0.04156461893725844,0.7390261591894874,63.94409466167232,99.24662276046784,3,2,175.1883477633476,6.801993713225396,5.171553580573844,7.272712418300653,0.282375767446601,2.1129624381268366,185.26846486846486,7.193371873091393,5.227188992578969,0.3015643249960309,0.011708761849429443,0.263566867969957,5,0,5,6,16,16,0,0,0.0,0.0386826040349327
2020,KP,Democratic People's Republic of Korea,East Asia,Dong A,Chau A khac,0,0,0,Low income,1,,25867467.0,,,25.867467,,,0.04041109031653295,0.9985673125977715,67.26568072997856,100.177496032096,1,1,172.15270562770561,6.65518218802427,5.15417389664437,5.003562517857847,0.19343071039224083,1.7923530460028076,159.98664303532723,6.184859268799965,5.081321399029388,0.168828802100479,0.0065266847388064314,0.15600222360494095,7,1,2,2,12,12,0,0,0.06652188843136048,0.4572195340277828
2021,KP,Democratic People's Republic of Korea,East Asia,Dong A,Chau A khac,0,0,0,Low income,1,,25971909.0,,,25.971909,,,0.029854711351874345,1.105866056577475,57.471857223546515,77.2128757457077,1,1,169.53459595959595,6.527613967829471,5.13893818499429,4.411469316941116,0.16985541251284672,1.6885206487639908,75.37936507936509,2.902342106595441,4.335712569107217,0.18255899431353004,0.0070290941768481495,0.1676807296224128,3,0,3,3,9,9,0,0,0.0714982597081093,0.026532460148666004
2022,KP,Democratic People's Republic of Korea,East Asia,Dong A,Chau A khac,0,0,0,Low income,1,,26069416.0,,,26.069416,,,0.034107759857472164,0.7983781493125667,58.34187096104692,81.77155675079914,2,2,118.25992063492062,4.536347137002249,4.781305318215287,2.131045751633987,0.08174505142861609,1.1413670547044468,66.6387334887335,2.5562035409129797,4.2141807995607765,0.20390751179586025,0.007821713834934402,0.18557252649071945,2,1,5,7,15,15,1,0,0.042279751019244007,0.0
2023,KP,Democratic People's Republic of Korea,East Asia,Dong A,Chau A khac,0,0,0,Low income,1,,26069416.0,,,26.069416,,,0.02964369929863756,0.6359471210817731,52.050705910267226,63.178940979946326,11,3,83.09047619047617,3.1872780038676805,4.431893316695655,5.146464646464646,0.19741388324405296,1.8158770622929918,36.13051948051948,1.385935131056234,3.6144392589480927,0.23659922576558828,0.009075739393839443,0.21236505204282127,1,2,3,4,10,10,0,1,0.2531377156284027,0.0
2001,KR,Republic of Korea (the),East Asia,Dong A,Chau A khac,0,0,0,High income,4,1237710000000.0,47370164.0,26128.471921693155,1237.71,47.370164,10.170780876961292,,0.4036851140930426,0.5295629899722507,291.39936007901963,320.18490456968,14,2,24657.180017472376,520.5213141645947,10.112863970972551,3326.9574410067057,70.2331839300093,8.110114013700287,922.051210925553,19.464809345510247,6.827684716089997,192.7704252644238,4.069448129088677,5.26667408339669,282,296,307,106,991,982,488,0,0.27137916171881155,0.037617052148363764
2002,KR,Republic of Korea (the),East Asia,Dong A,Chau A khac,0,0,0,High income,4,1333320000000.0,47644736.0,27984.623526930656,1333.32,47.644736,10.239410478561421,7.103942437967192,0.40889653318671554,0.5644840488744997,276.6224176206613,340.6631233598949,10,2,29305.726544601286,615.0884442848269,10.285572343557941,4105.479167482844,86.16857836053165,8.320321290108287,1059.8891054639616,22.245670654234743,6.966862614267396,203.18643359782493,4.264614533656455,5.319033466686249,294,290,294,135,1013,1003,496,0,0.4881895924770212,0.02264387837961039
2003,KR,Republic of Korea (the),East Asia,Dong A,Chau A khac,0,0,0,High income,4,1375280000000.0,47892330.0,28716.080424569027,1375.28,47.89233,10.265212538380885,2.61378144656641,0.41143872576327234,0.5466492343283121,266.7559737785379,357.55989445035516,12,2,34093.00409315133,711.8677269022269,10.43687681476575,5092.230001942502,106.3266289600548,8.535667486269872,1056.9458545055952,22.069209297304916,6.964084433892762,239.99228259100997,5.011079698795402,5.4847649105339835,298,318,293,126,1035,1021,537,0,0.5216448466223182,0.01953066664187183
2004,KR,Republic of Korea (the),East Asia,Dong A,Chau A khac,0,0,0,High income,4,1446760000000.0,48082519.0,30089.105772515788,1446.76,48.082519,10.311918450754964,4.781381468663182,0.42751880411591336,0.5943469868382967,232.79182826872338,406.7981721391709,6,2,44726.211680028755,930.196932486602,10.708337357797737,5907.311766323052,122.85778468309975,8.684115412455833,1272.8631113895322,26.47247144829355,7.149809382470264,305.9747816315774,6.363534773034196,5.7267655996906015,273,329,293,180,1075,1066,583,0,0.62222546538511,0.0
2005,KR,Republic of Korea (the),East Asia,Dong A,Chau A khac,0,0,0,High income,4,1509100000000.0,48184561.0,31319.16050869489,1509.1,48.184561,10.351985346063998,4.088040187962871,0.4300829507909431,0.6114354628089183,215.44313022622913,428.9841055362696,5,2,55457.80695896457,1150.945568622376,10.92339580719956,6733.633735605639,139.74670715803842,8.815018705124515,1382.5275837095155,28.692335366706267,7.23239173665708,338.61226416677647,7.027401664337597,5.827804567350415,277,338,300,183,1098,1082,604,0,0.5266324410891375,0.0022025142938093293
2006,KR,Republic of Korea (the),East Asia,Dong A,Chau A khac,0,0,0,High income,4,1588540000000.0,48438292.0,32795.12828404437,1588.54,48.438292,10.398035255415394,4.712667106577495,0.42672703519310395,0.5847303582269657,227.2428919883771,453.2788570606626,5,2,68532.56529163987,1414.8427300376295,11.13507890849495,7728.19779769015,159.54728126437965,8.952760358407067,1429.8756183743646,29.51953009355418,7.266041856403736,383.3555090818203,7.914306909950919,5.951567929195267,276,339,304,154,1073,1059,635,0,0.4749765376019823,0.0
2007,KR,Republic of Korea (the),East Asia,Dong A,Chau A khac,0,0,0,High income,4,1680670000000.0,48683638.0,34522.276252239,1680.67,48.683638,10.449360083123034,5.26647724392324,0.43197974369721714,0.5676590042102954,199.496385443558,510.5714879227252,5,2,70617.90373959053,1450.5469730834523,11.165053145991605,9226.028981513207,189.50985095882126,9.129892388520107,1954.9498440734624,40.15619876381182,7.578631208176767,415.3284834847579,8.53117187924119,6.031474572433873,278,346,284,197,1105,1086,657,0,0.4561332647927895,0.0
2008,KR,Republic of Korea (the),East Asia,Dong A,Chau A khac,0,0,0,High income,4,1731310000000.0,49054708.0,35293.45236343064,1731.31,49.054708,10.471452740261611,2.2338507042727995,0.4403829617155712,0.5801808992286155,190.41392496649036,559.0181260185111,5,2,70809.10884936707,1443.4722320509393,11.167757049847959,10627.361153110542,216.6430417465851,9.271281287588629,2268.1180482990417,46.23650085327267,7.727146510001668,460.66912069185355,9.390925753586252,6.134848445517224,277,358,288,196,1119,1101,706,0,0.38596570745261766,0.0
2009,KR,Republic of Korea (the),East Asia,Dong A,Chau A khac,0,0,0,High income,4,1745030000000.0,49307835.0,35390.521607772884,1745.03,49.307835,10.474199312077259,0.2750347099589101,0.44336999493582613,0.6019640798063794,207.7972327347469,498.5533747227694,5,2,65707.18059488393,1332.5910698550024,11.092978711103225,12470.453615207112,252.9101838522643,9.431197600862573,2634.5078459248184,53.42980169226287,7.876831173306508,393.35832707956354,7.977602891701969,5.977259955582931,307,363,300,195,1165,1138,815,0,0.38663279954803037,0.0
2010,KR,Republic of Korea (the),East Asia,Dong A,Chau A khac,0,0,0,High income,4,1863780000000.0,49554112.0,37611.00592419051,1863.78,49.554112,10.5350519972963,6.274234499923104,0.4569946073839433,0.6035158188495446,205.27849865516964,546.5427305261757,5,2,67226.24894018302,1356.6230172822595,11.115833934503609,14296.662792183919,288.50608385806447,9.567851361784026,3507.723992652057,70.78573000464738,8.163007715508133,504.56479474029925,10.182097395677259,6.225676209752267,329,381,312,240,1262,1228,911,0,0.32240004968205005,0.0
2011,KR,Republic of Korea (the),East Asia,Dong A,Chau A khac,0,0,0,High income,4,1932470000000.0,49936638.0,38698.44021137346,1932.47,49.936638,10.563554573589947,2.8912661612263246,0.466321970387173,0.596226159218603,196.45353521275297,603.7380507078426,5,2,71418.35774175933,1430.1795355498168,11.176324228413511,16479.6558093612,330.0113197320412,9.709942596929046,4101.352480836384,82.13112946923627,8.319315863959748,592.8199114825775,11.871442196060084,6.386576094072243,340,383,319,249,1291,1255,978,0,0.3075536445548222,0.0
2012,KR,Republic of Korea (the),East Asia,Dong A,Chau A khac,0,0,0,High income,4,1978900000000.0,50199853.0,39420.43415943867,1978.9,50.199853,10.582039594330451,1.8656926328855405,0.4731691642373833,0.6130132943043494,196.52252839625308,598.2463411911037,7,3,74139.44285824525,1476.8856565824058,11.213716449956983,17261.289398624085,343.8513933222889,9.756279597708245,4703.829937649301,93.70206597316732,8.456344906339517,583.3179083070796,11.619912677972975,6.3704451982556645,354,383,328,252,1317,1273,1045,0,0.2849217863670698,0.0
2013,KR,Republic of Korea (the),East Asia,Dong A,Chau A khac,0,0,0,High income,4,2041530000000.0,50428893.0,40483.33958074392,2041.53,50.428893,10.608645800082755,2.6963310881007896,0.47184407208860535,0.6580463349997463,214.51515478410064,606.7363358322688,4,2,83166.89603729718,1649.1913879072692,11.328616687407937,18835.863430263053,373.5133236072236,9.843571049677,5055.527512651321,100.25061451678744,8.528435264373861,587.5004494273849,11.650076265354166,6.377577690382937,369,385,327,237,1318,1261,1063,0,0.37807867095706793,0.002816342152715971
2014,KR,Republic of Korea (the),East Asia,Dong A,Chau A khac,0,0,0,High income,4,2106900000000.0,50746659.0,41518.00417048145,2106.9,50.746659,10.633882447572695,2.5557787486229833,0.47560878802717554,0.668479220883161,222.1477538215554,615.8702505760476,4,2,93013.30975611866,1832.895240573742,11.440508628644235,20296.333142131647,399.95407662466306,9.918244784090994,6623.344910301399,130.5178516343588,8.798506764501388,598.3772190279641,11.791460380238314,6.395891147867286,362,393,331,272,1358,1296,1125,0,0.41978977518733374,0.0
2015,KR,Republic of Korea (the),East Asia,Dong A,Chau A khac,0,0,0,High income,4,2166090000000.0,51014947.0,42459.90885769224,2166.09,51.014947,10.656315588709777,2.2686656211679423,0.4776313098850382,0.6809645466718255,225.00012574884087,596.943957839186,3,2,97049.51357685139,1902.3740939464544,11.482986880462096,21232.36586045297,416.1989202978682,9.963329084780437,7447.74572977078,145.99144305238187,8.915800938779705,521.7636337606893,10.227661978374481,6.259129418811665,370,394,335,271,1370,1316,1129,0,0.36843815281450587,0.0
2016,KR,Republic of Korea (the),East Asia,Dong A,Chau A khac,0,0,0,High income,4,2229920000000.0,51217803.0,43537.98619593269,2229.92,51.217803,10.681389081902921,2.5390476975674092,0.4804354298703997,0.6865771856010754,227.31023280029012,599.4017002497648,3,2,100490.11511187283,1962.0153389217578,11.517824595726115,22016.834209264285,429.866822074822,9.999608049820198,9237.048885342714,180.34840122569713,9.131085982743459,486.5573617932651,9.499770261392607,6.189407948732847,380,408,338,277,1403,1333,1183,0,0.38232066278457877,0.0
2017,KR,Republic of Korea (the),East Asia,Dong A,Chau A khac,0,0,0,High income,4,2300380000000.0,51361911.0,44787.66376118677,2300.38,51.361911,10.70968801801036,2.870315497896936,0.47709608377422974,0.6944291357162959,228.7916028773638,608.3717820994231,3,2,97165.4940561767,1891.7811304991494,11.484181219665707,20945.739148288263,407.8068502608531,9.9497382639893,9768.402725750908,190.1876806287622,9.187010609672798,546.431291267,10.63884268766791,6.305236958412709,384,415,330,268,1397,1333,1135,0,0.2712469993731234,0.0
2018,KR,Republic of Korea (the),East Asia,Dong A,Chau A khac,0,0,0,High income,4,2367260000000.0,51585058.0,45890.42043918997,2367.26,51.585058,10.73401166923817,2.4621884362694857,0.4889529632704411,0.7395925639834017,236.01177028059308,633.7455615308064,4,3,97349.90981072269,1887.1726345780728,11.48607735652681,21281.50930639769,412.55181503135447,9.965640855037464,12048.907048710702,233.5735873110912,9.396812225089107,581.8738691114536,11.279891729722465,6.367970814936088,390,418,323,343,1474,1386,1194,0,0.25317422593123845,0.0
2019,KR,Republic of Korea (the),East Asia,Dong A,Chau A khac,0,0,0,High income,4,2420380000000.0,51764822.0,46757.23602410919,2420.38,51.764822,10.752724304003817,1.8888813321461084,0.48871732169118043,0.6807693752666576,251.33883973538025,633.2525327080843,4,3,104081.93646331338,2010.669262290004,11.552943326309851,21920.592576006795,423.4650430365006,9.995227392437686,15072.570176838284,291.17399798724864,9.62069816978952,499.9709943884413,9.658508907621497,6.216548203976607,378,416,340,349,1483,1411,1185,0,0.2723434348236454,0.0
2020,KR,Republic of Korea (the),East Asia,Dong A,Chau A khac,0,0,0,High income,4,2403210000000.0,51836239.0,46361.58113245832,2403.21,51.836239,10.744226402403996,-0.846189649548279,0.4920433137354543,0.6971750406181781,262.01018439050137,627.9594692207462,5,3,117113.28599629374,2259.293657402377,11.670905540405034,22486.187269905866,433.79280024358764,10.02070097132077,15739.676835814476,303.64233863136707,9.66400352205161,470.44659139528585,9.075631266290092,6.155805821840552,388,428,328,388,1532,1429,1247,0,0.30720285652728,0.0
2021,KR,Republic of Korea (the),East Asia,Dong A,Chau A khac,0,0,0,High income,4,2506660000000.0,51744876.0,48442.6709226243,2506.66,51.744876,10.788136334929442,4.488824020518534,0.497300956320987,0.7642070372514251,290.55684947729793,664.1674835895783,4,3,121668.65366364362,2351.3179094997467,11.70906489425524,20377.68055779058,393.81059793805633,9.922244562668622,15703.382020884404,303.4770441982392,9.66169506200303,577.8535443330142,11.167357794673508,6.36104949969253,394,431,328,430,1583,1486,1292,0,0.2891821201722264,0.0
2022,KR,Republic of Korea (the),East Asia,Dong A,Chau A khac,0,0,0,High income,4,2572150000000.0,51628117.0,49820.72075183373,2572.15,51.628117,10.816186255829825,2.8447024141392774,0.49377420168742425,0.7290772368928347,262.5890183356792,635.5879471883635,4,3,134622.5003021732,2607.542326251666,11.810237274579915,19988.08332246732,387.15499390511025,9.902941569637953,13541.174374252783,262.28294117821076,9.513564122513625,559.97243690055,10.846268844175547,6.3296717722310945,400,434,334,419,1587,1483,1276,0,0.3134751110124112,0.0
2023,KR,Republic of Korea (the),East Asia,Dong A,Chau A khac,0,0,0,High income,4,2607050000000.0,51628117.0,50496.70899289238,2607.05,51.628117,10.829663444682318,1.3568415527865918,0.49813997250224695,0.7441880044893159,269.92991022964344,586.6738879945439,4,2,142228.4096163651,2754.8633938434186,11.86519659364773,21591.26798927581,418.2075435615017,9.98009056612859,11929.923745939013,231.07415956965878,9.38688894260058,513.7329304556075,9.950642407810601,6.243648184514176,401,443,329,432,1605,1482,1314,1,0.41837126925922,0.0
2001,KW,Kuwait,West and Central Asia,Tay A,Chau A khac,0,0,0,High income,4,118679000000.0,1991674.0,59587.56302487254,118.679,1.991674,10.995202157198657,,0.0943555905088519,-0.26424499540305296,100.6453724966786,113.5718294176338,59,10,25.166666666666657,12.635936737973513,3.2644863361202527,95.53333333333333,47.96635058414848,4.569888371843452,62.43333333333334,31.3471649142045,4.149989485633994,16.519226843471237,8.294141934609398,2.863298954595635,4,77,33,20,134,134,6,0,0.0,0.784837159636946
2002,KW,Kuwait,West and Central Asia,Tay A,Chau A khac,0,0,0,High income,4,122257000000.0,2047364.0,59714.34488444654,122.257,2.047364,10.99732755333895,0.2127656395699118,0.11215810607061032,-0.20405231453239844,121.04020464688729,141.21278602388247,54,9,18.166666666666668,8.873198252321847,2.953172659135195,104.41666666666666,51.000538578712266,4.65792075137362,50.86875,24.84597267510809,3.948716489364621,14.75600189760223,7.2073172614162555,2.757221365545453,4,104,35,21,164,164,5,0,0.0,0.39378302002703036
2003,KW,Kuwait,West and Central Asia,Tay A,Chau A khac,0,0,0,High income,4,143439000000.0,2101506.0,68255.33688697535,143.439,2.101506,11.131010906136206,14.303082482201756,0.10576643691940339,-0.2663940088099192,108.96934026827512,139.09680049759658,62,11,21.25,10.111796016761312,3.1023420086122493,109.57499999999999,52.1411787546645,4.705694023754391,47.56969696969697,22.636003404081155,3.8829998172955094,18.65798396432772,8.878387196766376,2.9784835644114627,2,66,41,19,128,128,6,0,0.3058823529411765,0.6201426933367308
2004,KW,Kuwait,West and Central Asia,Tay A,Chau A khac,0,0,0,High income,4,158127000000.0,2153481.0,73428.55590553155,158.127,2.153481,11.2040681839787,7.579215420359864,0.10080158455948793,-0.5543249621948098,95.08373456680393,144.59748827113384,81,19,31.833333333333332,14.782268027130645,3.4914442595099335,128.78452380952382,59.80295336226501,4.865875566109969,36.0,16.71711986314251,3.6109179126442243,24.660051493432587,11.45125101797164,3.2449353659443463,5,82,36,5,128,128,6,0,0.2774869109947644,0.5833333333333334
2005,KW,Kuwait,West and Central Asia,Tay A,Chau A khac,0,0,0,High income,4,174903000000.0,2235403.0,78242.26772532737,174.903,2.235403,11.267565288508084,6.555640050975309,0.09852806799295385,-0.4417870314970117,102.36349664092273,149.75839128859195,76,18,25.25,11.295502421710985,3.2676659890376327,162.7736111111111,72.81622647509694,5.098485054112502,68.0,30.41957087827117,4.23410650459726,39.264617391309855,17.564894290340426,3.6954731029376116,7,82,22,5,116,116,6,0,0.09666823825239655,0.7205882352941176
2006,KW,Kuwait,West and Central Asia,Tay A,Chau A khac,0,0,0,High income,4,188047000000.0,2363409.0,79565.9997909799,188.047,2.363409,11.284342142278652,1.6918375503884198,0.1169238200755611,-0.4354869011510304,114.4029346170914,185.35129513532547,78,17,28.999999999999993,12.270411088389693,3.401197381662155,152.29166666666666,64.43728811503496,5.032342424756829,156.96666666666667,66.41536300600814,5.0623840403054325,45.08344448596498,19.075599900806413,3.8304537637234324,1,68,29,14,112,112,7,0,0.06465517241379302,0.7488851136122319
2007,KW,Kuwait,West and Central Asia,Tay A,Chau A khac,0,0,0,High income,4,199314000000.0,2506769.0,79510.31786335318,199.314,2.506769,11.283642076665846,-0.06998206240479421,0.13562497182318978,-0.08643273252949664,126.55437370049725,239.03549934269813,59,13,42.21666666666666,16.841067791514362,3.7662262233165635,169.7567821067821,67.71935591463837,5.140240217174734,282.2795454545454,112.606923675275,5.646434203222247,46.345550431594205,18.488161626218535,3.8574728433388232,7,83,32,51,173,173,6,0,0.03768438430894016,0.47023510793709583
2008,KW,Kuwait,West and Central Asia,Tay A,Chau A khac,0,0,0,High income,4,204256000000.0,2650930.0,77050.69541632559,204.256,2.65093,11.252218866227656,-3.093463229834792,0.14611537274265318,-0.08999784779779328,139.83012415233128,273.19656293845895,60,13,47.9,18.069130456104084,3.8897773964808264,164.74329004329005,62.14546971941547,5.110440145853114,291.59482989511685,109.99718208142684,5.678788818898531,67.68531038931604,25.532666041470748,4.22953535379318,8,70,30,63,171,171,5,0,0.16037876528481956,0.058808832977318926
2009,KW,Kuwait,West and Central Asia,Tay A,Chau A khac,0,0,0,High income,4,189803000000.0,2795550.0,67894.6897748207,189.803,2.79555,11.1257131039321,-11.883092802774243,0.14770584029574083,-0.048217300789298465,154.03725453323034,247.80433088217873,58,12,33.03333333333333,11.816398681237443,3.5273404365025103,175.66859894491472,62.83865391243752,5.17427565524229,275.3914506084648,98.51065107347922,5.621818160186715,48.583452413133145,17.37885296744224,3.9036571573641536,2,67,36,59,164,164,6,0,0.0454086781029263,0.22652651211020824
2010,KW,Kuwait,West and Central Asia,Tay A,Chau A khac,0,0,0,High income,4,185304000000.0,2943356.0,62956.70656216917,185.304,2.943356,11.050202571719403,-7.273003572192205,0.16102927616873636,-0.02749656846091846,167.8917538401494,288.82625524188614,56,11,40.78333333333333,13.856065434603673,3.7324975359361927,177.02161197424354,60.14277986565116,5.181904958507447,243.63095175325768,82.77318535483226,5.499750755530672,55.22146896204501,18.761396501831584,4.029298693953203,9,83,41,84,217,217,10,0,0.0860918131044817,0.15858229538373483
2011,KW,Kuwait,West and Central Asia,Tay A,Chau A khac,0,0,0,High income,4,203146000000.0,3143825.0,64617.46439448761,203.146,3.143825,11.076239999897513,2.6379363264157574,0.14553428910986482,-0.2506256060343566,143.06229220474438,285.33717089174866,75,16,54.56111111111112,17.355008981451295,4.017483516086306,210.9762635025793,67.10814485621155,5.356474303793033,169.75971603512437,53.997826226054045,5.14025739894111,75.34028719515233,23.964529576281226,4.335200809363352,9,68,30,17,124,124,6,0,0.07697790449037778,0.2146230229720986
2012,KW,Kuwait,West and Central Asia,Tay A,Chau A khac,0,0,0,High income,4,216606000000.0,3394663.0,63807.806548102126,216.606,3.394663,11.063630821535666,-1.2530015746865963,0.1305314634912581,-0.2937151292649863,136.27115369579332,255.7118411887483,74,15,62.65,18.455440201280656,4.153399325003416,182.18442342681473,53.66789676230446,5.210493423662401,161.7267061710731,47.6414613677626,5.092072144400092,99.61138021104732,29.343525472498246,4.611265374637925,11,61,22,51,145,145,8,0,0.05107741420590583,0.3529003591901571
2013,KW,Kuwait,West and Central Asia,Tay A,Chau A khac,0,0,0,High income,4,219096000000.0,3646518.0,60083.61949673634,219.096,3.646518,11.003492529242829,-5.8365696187319465,0.1667805295858745,-0.11477995161437071,189.27818351199082,321.0250501215642,66,13,125.86666666666666,34.51694648611817,4.8431366661939395,212.135085236401,58.17469850317509,5.361926167675496,199.67169367987927,54.756810107581884,5.301670207887787,83.77421601044011,22.97375633698781,4.439991440082655,26,57,33,29,145,145,6,0,0.19418697033898305,0.49398393995510137
2014,KW,Kuwait,West and Central Asia,Tay A,Chau A khac,0,0,0,High income,4,220193000000.0,3761584.0,58537.30768739978,220.193,3.761584,10.97741956819748,-2.5735996304625974,0.1514889053165399,-0.34223738375083906,179.17042219773893,291.7774785022715,79,17,112.08809523809524,29.7981103806522,4.728167118856038,206.7005895849936,54.9504117374472,5.336097569515465,271.288708039037,72.12086930373933,5.606862929995168,77.9468307463299,20.721810478333037,4.368774597354181,21,49,35,16,121,121,9,0,0.10854557427193748,0.3833726704501143
2015,KW,Kuwait,West and Central Asia,Tay A,Chau A khac,0,0,0,High income,4,221498000000.0,3908743.0,56667.322461466516,221.498,3.908743,10.944953000146734,-3.1945186750291565,0.16295627728132983,-0.33290416722344046,186.4075518251617,308.2970434799249,78,17,83.16111111111111,21.275666144105948,4.432732951268113,219.44728049728047,56.142673104187324,5.395658575584878,221.05906791087614,56.55502751418452,5.402943418152104,41.79847012543022,10.69358362149423,3.756502357215954,9,59,41,16,125,125,7,0,0.1294293921723944,0.24287787218544535
2016,KW,Kuwait,West and Central Asia,Tay A,Chau A khac,0,0,0,High income,4,227980000000.0,4048085.0,56317.9873940394,227.98,4.048085,10.938769255002345,-0.6164665141266568,0.16221662008393659,-0.3862054168518889,192.30427186314446,303.5555908684306,80,17,65.75,16.242247877700194,4.200954297280359,244.17252539127537,60.31803319131771,5.501962147993126,240.1201974467948,59.316985055105015,5.485295553751419,32.36072650515992,7.99408275892426,3.507379354986026,13,68,48,12,141,141,7,0,0.0202788339670469,0.3516805115423205
2017,KW,Kuwait,West and Central Asia,Tay A,Chau A khac,0,0,0,High income,4,217237000000.0,4124904.0,52664.74080366476,217.237,4.124904,10.871701455653382,-6.486820213964705,0.17529497234479088,-0.44553795929952195,207.94882934010744,328.1726033926076,87,19,72.75790043290043,17.638689393232042,4.300788113996412,251.4038949515942,60.94781719807157,5.531030562210409,412.61752980293653,100.03082006343337,6.024941705765448,40.565226603,9.834223197194408,3.72726391874252,7,71,52,39,169,169,7,0,0.10417239961940628,0.40541173739414327
2018,KW,Kuwait,West and Central Asia,Tay A,Chau A khac,0,0,0,High income,4,223196000000.0,4317185.0,51699.42914190613,223.196,4.317185,10.853202018692931,-1.8329372688974943,0.15213766809945972,-0.6664825334840131,188.07692465589594,298.70123862107124,93,25,50.875,11.784299259818608,3.9488369785508626,283.73333276200924,65.72183790178305,5.651553067732733,362.74843093035923,84.02429613981315,5.8964625048828845,51.15399971427814,11.848924638225636,3.954200874848589,9,71,44,14,138,138,4,0,0.0,0.4392671323727333
2019,KW,Kuwait,West and Central Asia,Tay A,Chau A khac,0,0,0,High income,4,228249000000.0,4441100.0,51394.699511382314,228.249,4.4411,10.847290323779134,-0.5894255228377498,0.15753554293224006,-0.44298380230781037,197.25553564815024,317.33103865207966,82,19,65.19242424242424,14.67934165914396,4.192566018968885,302.09719352349765,68.02305589234597,5.714053524778058,280.88907203973895,63.247635054319645,5.641513631989951,45.92762324863847,10.34149720759237,3.8486064839178034,9,71,37,13,130,130,5,0,0.04601761684523672,0.25878014718877645
2020,KW,Kuwait,West and Central Asia,Tay A,Chau A khac,0,0,0,High income,4,217253000000.0,4360444.0,49823.59594573396,217.253,4.360444,10.816243964969619,-3.056936961564294,0.1635139517974705,-0.648212311765075,209.3537971463924,319.4058257797857,92,23,55.33333333333333,12.689839230439222,4.0312864262549635,383.57551630265704,87.96707773397779,5.952140170968788,373.5529942279942,85.66856820727297,5.925733299562964,30.66364942463235,7.03223098946629,3.4551693170654776,6,96,49,12,163,163,6,0,0.11627894064738213,0.328651325958202
2021,KW,Kuwait,West and Central Asia,Tay A,Chau A khac,0,0,0,High income,4,220886000000.0,4250114.0,51971.78240395434,220.886,4.250114,10.858456204200095,4.311584536291013,0.17391327390334516,-0.6820923913569321,243.57658577991162,346.32806973143573,93,25,55.633333333333326,13.089844962590021,4.036597740009777,375.72831992748536,88.40429219721761,5.9315242908673795,487.8960652522572,114.79599494325498,6.19214992138747,41.995144551511096,9.880945440877843,3.7610871919111935,5,104,50,22,181,181,7,0,0.13521714760625442,0.5583585132652945
2022,KW,Kuwait,West and Central Asia,Tay A,Chau A khac,0,0,0,High income,4,235815000000.0,4268873.0,55240.57520568075,235.815,4.268873,10.91945302031624,6.289553004589066,0.18921365482548835,-0.452036441144106,253.3020391812753,364.58907001838986,83,20,56.768181818181816,13.298166007323669,4.056438136529708,379.56218520123014,88.9139089406572,5.941649594175099,396.10358412716425,92.78879557371799,5.984197163851106,61.48293211185332,14.402614486740019,4.13489343323718,9,145,41,46,241,241,6,0,0.30919656262732365,0.22078043870677955
2023,KW,Kuwait,West and Central Asia,Tay A,Chau A khac,0,0,0,High income,4,231884000000.0,4268873.0,54319.72326185389,231.884,4.268873,10.902642667629282,-1.6669847125924897,0.1880760573329334,-0.5873077834970835,259.4897583164879,328.29840585336086,90,21,34.3,8.034907573966242,3.563882963939251,427.5079851007283,100.14539788387434,6.060309372871739,290.9295345758005,68.15136795491469,5.67651245320005,45.83835025884426,10.737810719326683,3.8467023173330817,5,155,43,40,243,243,7,1,0.0631681243926142,0.3066205017740131
2001,KZ,Kazakhstan,West and Central Asia,Trung A,Chau A khac,0,0,0,Upper middle income,3,227590000000.0,14858335.0,15317.328623967625,227.59,14.858335,9.636740056286373,,0.04778242151089604,-0.980778778891698,30.327604333700588,48.43935957789819,100,26,28.25,1.9012897474717052,3.3758795736778655,11.75,0.7908019303643375,2.545531271604435,5.714285714285714,0.384584525405149,1.9042374526547452,11.117780819588955,0.7482521305105151,2.4946738631822094,8,6,56,2,72,72,16,0,0.07079646017699115,0.0
2002,KZ,Kazakhstan,West and Central Asia,Trung A,Chau A khac,0,0,0,Upper middle income,3,249894000000.0,14858948.0,16817.745105508144,249.894,14.858948,9.730189864225435,9.79554933092417,0.05039299916258956,-1.0750569613420073,30.699837311031573,53.774249490455084,100,27,54.666666666666664,3.6790401761057825,4.019381523748645,14.409523809523808,0.9697539697644684,2.7349857474609136,9.6,0.6460753479990643,2.3608540011180215,12.387524010637918,0.8336743631270477,2.5943232292839613,11,8,55,8,82,82,16,0,0.10975609756097561,0.0
2003,KZ,Kazakhstan,West and Central Asia,Trung A,Chau A khac,0,0,0,Upper middle income,3,273134000000.0,14909019.0,18320.051775371674,273.134,14.909019,9.815751464390704,8.93286621029532,0.06954945846527534,-0.4827001382099143,57.55558194149031,83.2587170228579,73,17,60.083333333333336,4.029999112170515,4.112239052098651,17.966666666666665,1.2050871131539014,2.9426830524641754,23.353570473899264,1.5664055746323258,3.192678470150903,15.2644906953936,1.0238427287129757,2.7889842465173547,18,16,60,38,132,132,19,0,0.23966712898751732,0.0
2004,KZ,Kazakhstan,West and Central Asia,Trung A,Chau A khac,0,0,0,Upper middle income,3,299355000000.0,15012984.0,19939.74016091671,299.355,15.012984,9.900470012383618,8.841068821227038,0.0677278149726162,-0.7766887723194139,47.73008197850739,86.53531649243638,97,23,71.72222222222221,4.777346210601585,4.286647008013735,19.767099567099567,1.316666930911241,3.0333699828357723,17.407142857142855,1.1594725510360135,2.9127387880430606,19.31462014861643,1.2865277248424718,3.011340831190374,29,18,69,8,124,124,18,0,0.20058446588268433,0.0
2005,KZ,Kazakhstan,West and Central Asia,Trung A,Chau A khac,0,0,0,Upper middle income,3,328393000000.0,15147029.0,21680.3572502568,328.393,15.147029,9.984161933750695,8.729387019555146,0.09136138879120183,-0.33883499264276906,74.2453045593568,130.23759609280108,71,16,70.19444444444444,4.634205456690183,4.265414787907961,23.66978021978022,1.5626681786758458,3.2055790216965643,33.612762738726225,2.2190993850164427,3.54422247933071,24.29597177355666,1.6040090616817766,3.230645164620378,22,14,65,71,172,172,16,0,0.12394143252869014,0.0
2006,KZ,Kazakhstan,West and Central Asia,Trung A,Chau A khac,0,0,0,Upper middle income,3,363531000000.0,15308085.0,23747.64707669183,363.531,15.308085,10.075238734099905,9.535312553074027,0.08051522411690538,-0.31138033055244224,61.39730324407575,121.70866474937468,69,13,71.30555555555556,4.658032376718287,4.280900966538455,23.622456709956708,1.5431359774888047,3.2036589009103813,34.4656238464378,2.251465408405937,3.568563884981161,31.420833944020362,2.0525646378381333,3.478801239111192,24,12,60,26,122,122,15,0,0.16411597751683454,0.0
2007,KZ,Kazakhstan,West and Central Asia,Trung A,Chau A khac,0,0,0,Upper middle income,3,395885000000.0,15484192.0,25567.042826645393,395.885,15.484192,10.149059411485604,7.661372699694913,0.09278536156915239,-0.23491869860797093,68.2310520400245,156.3997758154312,69,15,74.61111111111111,4.8185343549803,4.3256032447553014,31.115569561157795,2.009505537076639,3.4693409456033337,38.19257644529384,2.4665527555647615,3.6684873524668777,39.577575907692065,2.555998782997012,3.703215596479636,29,14,65,57,165,165,21,0,0.1313477289650037,0.0
2008,KZ,Kazakhstan,West and Central Asia,Trung A,Chau A khac,0,0,0,Upper middle income,3,408949000000.0,15776938.0,25920.68245435204,408.949,15.776938,10.162796479377011,1.3831854943274546,0.07583887375521528,-0.5750774530548908,54.19775782632565,132.0765808980992,89,22,61.63333333333333,3.9065459554530375,4.13729761775131,39.179193899782135,2.4833205213699983,3.693349296960107,56.418997315419595,3.5760422786360446,4.050375212252391,53.65844181452365,3.4010681803099976,4.001103673224286,12,9,61,25,107,107,20,0,0.32295449277601795,0.0
2009,KZ,Kazakhstan,West and Central Asia,Trung A,Chau A khac,0,0,0,Upper middle income,3,413857000000.0,16092822.0,25716.86929737991,413.857,16.092822,10.154902448445878,-0.7862954894457652,0.08008518604981327,-0.6695111358999766,57.08471727009999,128.6582581226549,93,24,81.7298611111111,5.078653148037746,4.4155806143793495,51.41160130718954,3.1946914784237057,3.9591279658140235,44.32726170178216,2.7544741190688717,3.813908655049188,35.35015327212643,2.1966410410881587,3.593198420535327,16,16,57,19,108,108,18,0,0.21529426890924372,0.0
2010,KZ,Kazakhstan,West and Central Asia,Trung A,Chau A khac,0,0,0,Upper middle income,3,444068000000.0,16321872.0,27206.928224899693,444.068,16.321872,10.21122693400067,5.794091459148154,0.07723613097264863,-0.48247852641610944,61.72884329334379,136.4911887362822,84,20,74.43333333333334,4.560342914914009,4.323249263971382,43.16422466422466,2.644563360393015,3.787915064608256,42.188315537509084,2.584771865476527,3.7655699849966937,46.68281814789176,2.8601387235417457,3.864571126461186,16,14,50,22,102,102,13,0,0.19984326018808776,0.0
2011,KZ,Kazakhstan,West and Central Asia,Trung A,Chau A khac,0,0,0,Upper middle income,3,476929000000.0,16557202.0,28804.927305954232,476.929,16.557202,10.268301738502624,5.873500557817679,0.09815940478732438,-0.3080184927034788,81.26489235507209,187.91718030430118,78,17,82.10000000000001,4.9585672748330305,4.420044701861403,60.96944444444444,3.6823519121433947,4.126641432022494,75.43555251031435,4.556056784854975,4.3364479349257845,67.70496413336046,4.089154926862671,4.229821454745329,11,21,57,27,116,116,15,0,0.15109332405312917,0.0
2012,KZ,Kazakhstan,West and Central Asia,Trung A,Chau A khac,0,0,0,Upper middle income,3,499822000000.0,16792090.0,29765.32403054057,499.822,16.79209,10.301099371822223,3.33414042113489,0.11280565299804796,-0.3633284082780535,91.23050294645914,207.9352325073172,78,17,105.86666666666666,6.304555696561098,4.671581951507343,91.79285714285714,5.466434323711767,4.530369666386428,76.89912136086743,4.579484826538413,4.3554146737484905,68.15821084491931,4.058947447573191,4.236396790684615,20,30,76,35,161,161,18,0,0.22711672510948328,0.0
2013,KZ,Kazakhstan,West and Central Asia,Trung A,Chau A khac,0,0,0,Upper middle income,3,529811000000.0,17035551.0,31100.314865072458,529.811,17.035551,10.344973222394932,4.48505392772518,0.13135773656212746,-0.2592493674172188,130.64000692946556,251.96228907981228,74,16,108.61319444444445,6.375678394226546,4.696957754534779,102.75437617937618,6.031761237389748,4.642026338263435,180.93877602653242,10.621245889054743,5.203670235024537,60.58094247397855,3.5561481089739067,4.1203524472506,23,35,58,60,176,176,19,0,0.08155156289143486,0.0
2014,KZ,Kazakhstan,West and Central Asia,Trung A,Chau A khac,0,0,0,Upper middle income,3,552063000000.0,17288285.0,31932.77991425986,552.063,17.288285,10.371388344689516,2.6767093928116825,0.1284333394933252,-0.2553095761269315,122.73178405418376,250.5386728343872,74,16,116.75833333333334,6.753609934897149,4.7686345018007,130.70679824561404,7.560425932682973,4.880578226594035,61.93748570589932,3.5826275252808086,4.142141943362955,50.95725145239461,2.947501817120357,3.950421293028276,26,36,69,32,163,163,13,0,0.08258817051908192,0.0
2015,KZ,Kazakhstan,West and Central Asia,Trung A,Chau A khac,0,0,0,Upper middle income,3,558688000000.0,17542806.0,31847.128674853953,558.688,17.542806,10.368702505440467,-0.26822356097991884,0.1342831266680187,-0.24442841436529442,130.99611890069755,257.08454246515873,72,16,120.66111111111111,6.878096418048009,4.8012394017713795,171.2087993025493,9.75948769555733,5.148707690006045,86.23505663988075,4.915693455190735,4.468606275810966,31.65375917285122,1.8043726398645246,3.4859599845573794,25,47,64,50,186,186,16,0,0.13260279018371013,0.0
2016,KZ,Kazakhstan,West and Central Asia,Trung A,Chau A khac,0,0,0,Upper middle income,3,564834000000.0,17794055.0,31742.848945897942,564.834,17.794055,10.365422748902283,-0.327438401184188,0.1333136664584842,-0.4862506942248572,126.18327178068364,248.36259206182643,89,21,106.16944444444445,5.966568297357991,4.674411174839531,163.5525086472667,9.191413011102119,5.103229720774606,119.18210967416928,6.697861149365296,4.789008173038354,25.29967867024762,1.4218051293113132,3.2695567212477727,15,36,69,49,169,169,17,0,0.3325920305591167,0.0
2017,KZ,Kazakhstan,West and Central Asia,Trung A,Chau A khac,0,0,0,Upper middle income,3,587992000000.0,18037776.0,32597.810284372088,587.992,18.037776,10.392000395907807,2.693398251465484,0.1370241346527147,-0.5036772186392023,132.7357034882349,260.67742959815536,93,24,107.08888888888889,5.936923093450594,4.682953933875683,203.59787355918934,11.287304685410737,5.321046460302174,111.42253383638783,6.177176933364059,4.722264396337789,34.188399588,1.8953777665273148,3.560716471129066,16,46,76,43,181,181,16,0,0.0901120564432455,0.036090335206785895
2018,KZ,Kazakhstan,West and Central Asia,Trung A,Chau A khac,0,0,0,Upper middle income,3,612099000000.0,18276452.0,33491.128365614946,612.099,18.276452,10.419035857833833,2.7404235850502223,0.16062710724835233,-0.30908995826047275,172.35116084201306,317.7321391862434,76,15,122.39444444444445,6.6968383384501795,4.815386089748299,225.96638833282375,12.363799512773253,5.424801937499706,110.87064016793684,6.0663109102322945,4.71734320526972,39.757567992510566,2.1753438792447555,3.707641540051113,22,61,73,58,214,214,16,0,0.2121494728442597,0.0
2019,KZ,Kazakhstan,West and Central Asia,Trung A,Chau A khac,0,0,0,Upper middle income,3,639644000000.0,18513673.0,34549.81623581663,639.644,18.513673,10.450157510391993,3.1610994369739798,0.1783809211744214,-0.21474346902991637,187.69633156233152,349.5363294146821,73,15,145.925,7.882012391598361,4.989922252498714,323.3321199737745,17.46450420582531,5.781768052422843,254.6181120941995,13.75297662944568,5.543684581081269,40.61865491561575,2.193981438238417,3.728548502221613,23,73,83,75,254,254,26,0,0.1326730680850948,0.0
2020,KZ,Kazakhstan,West and Central Asia,Trung A,Chau A khac,0,0,0,Upper middle income,3,623653000000.0,18755666.0,33251.44518994953,623.653,18.755666,10.411853509498837,-3.7579680221891287,0.1781672877548605,-0.27790065733552005,187.90682166199096,349.1401705812125,75,14,112.875,6.018181385827621,4.735101355580122,336.6738155521832,17.95051242393542,5.822080386784448,185.43523618010354,9.88689157612977,5.228083919687554,33.32699747343444,1.776902908882811,3.5359321429232917,20,73,74,86,253,253,18,0,0.13239024041724715,0.010785436690454583
2021,KZ,Kazakhstan,West and Central Asia,Trung A,Chau A khac,0,0,0,Upper middle income,3,650470000000.0,19000988.0,34233.483016777864,650.47,19.000988,10.44095947968624,2.9533688572584538,0.18915514820025625,-0.3452971219155065,224.88883656754481,383.7671244820843,76,14,106.26325757575758,5.592512219667608,4.675286163928552,400.4758797727283,21.07658190051635,5.995147456296367,174.91923935035996,9.205797053835305,5.170025022398822,39.81365489788467,2.0953465629200263,3.709016704287358,21,91,75,146,333,333,18,0,0.16828318242160573,0.0
2022,KZ,Kazakhstan,West and Central Asia,Trung A,Chau A khac,0,0,0,Upper middle income,3,671285000000.0,19621972.0,34210.88359518605,671.285,19.621972,10.440299106202438,-0.0660155485222913,0.18697756771541596,-0.3348759413533052,202.31078130249836,362.2388589058757,80,19,53.871428571428574,2.7454645522595067,4.004992786296546,504.09860634641774,25.690517056410933,6.224753670306505,131.47713146323997,6.700505507970349,4.886410037800173,53.575242042082905,2.730369916035091,3.9995803374620484,9,99,80,122,310,310,20,0,0.05568814638027048,0.0
2023,KZ,Kazakhstan,West and Central Asia,Trung A,Chau A khac,0,0,0,Upper middle income,3,705520000000.0,19621972.0,35955.61139318719,705.52,19.621972,10.49004043979161,5.09992030210713,0.21638464238055338,-0.21634804364662272,244.02047491877457,384.63835426100394,71,16,63.34761904761905,3.2284022751443664,4.164299933320617,685.3155611434644,34.9259269732657,6.53133752362441,124.93109403078667,6.366897987153721,4.835734884590489,55.258582817740354,2.8161584787574028,4.029958612871358,9,111,79,126,325,325,24,1,0.09997744869578291,0.0
2001,LA,Lao People's Democratic Republic (the),East Asia,Dong Nam A,ASEAN khac,1,1,0,Lower middle income,2,16650761036.0,5519707.0,3016.6023370443395,16.650761036,5.519707,8.011886423061803,,0.015512472229831435,-2.5741055568482025,-12.030817064037052,10.670858291508047,185,46,0.6666666666666667,0.12077935779320655,0.5108256237659907,2.583333333333333,0.4680200114486752,1.276293465905562,,,,0.39075121281993197,0.07079202081196193,0.32984404203467355,1,0,14,0,15,15,0,0,0.0,
2002,LA,Lao People's Democratic Republic (the),East Asia,Dong Nam A,ASEAN khac,1,1,0,Lower middle income,2,17636276903.0,5606101.0,3145.9078070480714,17.636276903,5.606101,8.053857778372576,4.286460579037588,0.02014880832165972,-2.5322374233847107,-9.261071478136833,15.346878686130271,181,45,1.6666666666666667,0.2972951551651793,0.9808292530117263,4.194444444444445,0.7481928071657012,1.6475896783984767,,,,0.39292648439979705,0.07008908408888763,0.3314069183869258,0,3,11,0,14,14,1,0,0.0,
2003,LA,Lao People's Democratic Republic (the),East Asia,Dong Nam A,ASEAN khac,1,1,0,Lower middle income,2,18706270229.0,5689065.0,3288.1097735743924,18.706270229,5.689065,8.098068141742365,4.520220402127895,0.01836717212806212,-2.7130289588406455,-14.49038587938325,14.405720032905988,186,47,2.333333333333333,0.4101435531732074,1.203972804325936,2.6666666666666665,0.46873548934080844,1.2992829841302609,,,,0.4170577678432395,0.07330866633501981,0.3485827275862711,1,2,11,0,14,14,0,0,0.0,
2004,LA,Lao People's Democratic Republic (the),East Asia,Dong Nam A,ASEAN khac,1,1,0,Lower middle income,2,19895557925.0,5768167.0,3449.199360039333,19.895557925,5.768167,8.145897413539283,4.899154759356628,0.02562181036413141,-2.247121408384568,-9.549897497669871,24.724706901066547,171,45,5.666666666666667,0.9824033643038884,1.8971199848858813,6.284523809523809,1.0895183529748373,1.985752071625181,,,,0.48458479289357703,0.08401018779337995,0.39513513241402104,0,7,14,0,21,21,0,0,0.2016806722689075,
2005,LA,Lao People's Democratic Republic (the),East Asia,Dong Nam A,ASEAN khac,1,1,0,Lower middle income,2,21309648307.0,5852970.0,3640.826504663444,21.309648307,5.85297,8.199965996576902,5.555699297761851,0.03936888667709016,-1.0114012994933081,17.61554151712655,50.5458632714735,108,29,11.095238095238097,1.8956594848834176,2.4928118292951136,10.209523809523809,1.744332161197445,2.4167637571027534,1.5,0.25628014495205,0.9162907318741551,0.6017876761678415,0.10281748858576782,0.47112030313820585,0,7,14,8,29,29,0,0,0.4920967235423428,0.0
2006,LA,Lao People's Democratic Republic (the),East Asia,Dong Nam A,ASEAN khac,1,1,0,Lower middle income,2,23146383623.0,5946593.0,3892.37730293632,23.146383623,5.946593,8.266775381807701,6.90916740884715,0.027232947454237995,-2.2871246145288935,-8.821067774498742,29.160078122609157,171,44,8.309523809523812,1.397358758119786,2.231037941701998,10.288888888888888,1.7302157536069624,2.423818957808162,,,,1.0157191583208136,0.17080690713502902,0.7009760341166007,0,6,14,0,20,20,0,0,0.0,
2007,LA,Lao People's Democratic Republic (the),East Asia,Dong Nam A,ASEAN khac,1,1,0,Lower middle income,2,24904774760.0,6041348.0,4122.387050042474,24.90477476,6.041348,8.324187655645426,5.909235647136257,0.02921500929506211,-2.175182577252708,-9.888066343045722,37.521954025230414,170,44,5.428571428571428,0.8985695623843267,1.8607523407150064,9.763131313131312,1.6160518005470488,2.376126526628745,,,,1.0806225609314684,0.17887109978294055,0.7326671570696102,0,6,11,0,17,17,0,0,0.0,
2008,LA,Lao People's Democratic Republic (the),East Asia,Dong Nam A,ASEAN khac,1,1,0,Lower middle income,2,26853549169.0,6135861.0,4376.492422008908,26.853549169,6.135861,8.384002865652407,6.164034790566686,0.032292768084246797,-2.3250624587512196,-11.936039798588547,43.61486012837652,177,46,7.142857142857144,1.1641165180986244,2.097141118779237,13.244444444444444,2.158530717114427,2.6563669671503503,,,,1.263481917601816,0.20591762388388785,0.816904299172687,2,12,17,0,31,31,0,0,0.0,
2009,LA,Lao People's Democratic Republic (the),East Asia,Dong Nam A,ASEAN khac,1,1,0,Lower middle income,2,28868041983.0,6229930.0,4633.766668806873,28.868041983,6.22993,8.441125351719194,5.878548892354085,0.0301057248481901,-2.675896552240503,-16.355137671064572,34.09860929091657,187,47,4.500000000000001,0.7223195124182776,1.7047480922384255,13.275,2.130842561633919,2.658509755542074,2.0,0.3210308944081233,1.0986122886681098,1.264827702321826,0.2030243842742737,0.8174986864264696,1,3,21,0,25,25,1,0,0.0,0.0
2010,LA,Lao People's Democratic Republic (the),East Asia,Dong Nam A,ASEAN khac,1,1,0,Lower middle income,2,31329592648.0,6323418.0,4954.5345014357745,31.329592648,6.323418,8.508058497131136,6.922399325546835,0.04091267413053013,-2.274083253886688,-7.191891500363732,54.46009388630812,175,46,9.178571428571427,1.4515205903787203,2.3202846700934465,19.88392857142857,3.144490617483862,3.0389798952890845,,,,2.176261072874219,0.34415897745083734,1.1557047417931003,1,8,27,0,36,36,1,0,0.0,
2011,LA,Lao People's Democratic Republic (the),East Asia,Dong Nam A,ASEAN khac,1,1,0,Lower middle income,2,33848069787.0,6416327.0,5275.303111421847,33.848069787,6.416327,8.570791418574315,6.4742431381417775,0.040668001156131145,-2.403513232052866,-11.022774903463235,57.64158198843712,178,44,8.535714285714285,1.330311607515372,2.2550441482250454,20.22151182151182,3.1515712683458657,3.0550153757711067,,,,3.074131877600035,0.4791108491820998,1.404657687825627,1,12,25,0,38,38,2,0,0.0,
2012,LA,Lao People's Democratic Republic (the),East Asia,Dong Nam A,ASEAN khac,1,1,0,Lower middle income,2,36564749186.0,6508803.0,5617.737882987087,36.564749186,6.508803,8.633684349934063,6.491281436014851,0.03804777831616658,-2.382001117051198,-14.585355721162504,52.093123188477286,176,45,13.726190476190474,2.1088655588731866,2.689627573549174,18.379401154401155,2.823775916155575,2.9642107057995006,1.0,0.15363808061174997,0.6931471805599453,3.1445063907961157,0.48311592635329653,1.4217836960427335,3,6,26,0,35,35,1,0,0.2029488291413703,0.0
2013,LA,Lao People's Democratic Republic (the),East Asia,Dong Nam A,ASEAN khac,1,1,0,Lower middle income,2,39499545733.0,6600742.0,5984.1068978305775,39.499545733,6.600742,8.69686238343703,6.52164665697581,0.044889064412106654,-2.1539025362264694,-5.860796272011077,65.4765787249632,164,43,16.517857142857142,2.5024242945500887,2.863220768830214,24.60833333333333,3.7281162228933247,3.2429178193484387,2.0,0.3029962389076864,1.0986122886681098,3.1097129597727986,0.47111566544682376,1.4133531865979152,3,6,35,0,44,44,2,0,0.0,0.0
2014,LA,Lao People's Democratic Republic (the),East Asia,Dong Nam A,ASEAN khac,1,1,0,Lower middle income,2,42506236713.0,6691454.0,6352.31695727117,42.506236713,6.691454,8.756574900496798,6.153133052721382,0.04990656338003563,-1.835732024553533,4.2472549724830335,77.97521642442962,158,41,21.36401098901099,3.1927307561272915,3.1074530145348285,22.593722943722945,3.3765042610653744,3.160980699692527,3.9544642857142858,0.5909723485679325,1.600289046036761,3.783935974286449,0.5654878557465162,1.5652636332574459,4,3,38,0,45,45,2,0,0.0,0.0
2015,LA,Lao People's Democratic Republic (the),East Asia,Dong Nam A,ASEAN khac,1,1,0,Lower middle income,2,45596468110.0,6787419.0,6717.791860204888,45.59646811,6.787419,8.812514787287522,5.753411005654829,0.05505702035937998,-2.0177676069462085,0.43026793647503986,81.46511310923185,163,43,20.745421245421245,3.0564521278885604,3.0794032179208872,22.442027417027415,3.3064155044837245,3.154530454868917,8.25,1.215484118484508,2.224623551524334,3.829206223057983,0.5641623455186696,1.5746821111065048,2,7,46,0,55,55,3,0,0.22170477619846385,0.0
2016,LA,Lao People's Democratic Republic (the),East Asia,Dong Nam A,ASEAN khac,1,1,0,Lower middle income,2,48798633404.0,6891363.0,7081.129437529266,48.798633404,6.891363,8.865188699039749,5.4085864058505795,0.054832197672296516,-1.9745734219356175,0.5371911425492172,83.51710254404827,160,43,6.8992673992674,1.0011470008570729,2.066770020902938,24.111310428701735,3.498772366032922,3.2233183593307406,2.9523809523809526,0.4284175644761352,1.374318170073175,3.9595753327438725,0.5745707101401961,1.601320118672959,1,7,40,0,48,48,3,0,0.0,0.0
2017,LA,Lao People's Democratic Republic (the),East Asia,Dong Nam A,ASEAN khac,1,1,0,Lower middle income,2,52162094276.0,6997917.0,7453.945835024908,52.162094276,6.997917,8.916498813447857,5.264928438106953,0.048748137223715855,-2.209350683320417,-10.294238832233129,69.09691445523738,169,44,5.166666666666667,0.7383149395265286,1.8191584434161694,23.63460798460798,3.377377580301107,3.204152282924641,6.0,0.857397994288872,1.9459101490553132,4.537112511,0.6483518611323913,1.711473157482678,0,4,41,0,45,45,2,0,0.0,0.0
2018,LA,Lao People's Democratic Republic (the),East Asia,Dong Nam A,ASEAN khac,1,1,0,Lower middle income,2,55421161066.0,7105006.0,7800.297574132942,55.421161066,7.105006,8.961917162479834,4.646555619985615,0.05555165352226878,-2.094909937645285,4.926626448613787,83.60282768370308,165,43,5.476190476190476,0.7707509995333538,1.8681324480126291,30.229285714285712,4.254646050163182,3.441356299252627,1.0,0.14074583469739504,0.6931471805599453,5.457704478751987,0.7681491723936598,1.865273910798484,0,16,45,0,61,61,2,0,0.0,0.0
2019,LA,Lao People's Democratic Republic (the),East Asia,Dong Nam A,ASEAN khac,1,1,0,Lower middle income,2,58445901222.0,7212053.0,8103.920093487943,58.445901222,7.212053,9.000103185747621,3.8924479030372217,0.053352119685196514,-2.1846166354120844,-4.158866006266771,75.96446592288727,168,44,6.249999999999998,0.8666048349894265,1.9810014688665831,24.01765155775199,3.3302100744062737,3.219581638033555,3.3333333333333335,0.4621892453276943,1.4663370687934272,5.514499755900231,0.7646227441617846,1.8740304241906254,0,9,49,1,59,59,3,0,0.6628571428571428,0.0
2020,LA,Lao People's Democratic Republic (the),East Asia,Dong Nam A,ASEAN khac,1,1,0,Lower middle income,2,58739902708.0,7319399.0,8025.235775232365,58.739902708,7.319399,8.99034632765789,-0.9709414375742131,0.06141185519460434,-1.7433278174070075,14.72701917014887,96.7453784604726,156,42,9.976190476190474,1.3629794572191616,2.39572842471328,22.746195344589935,3.1076588862815013,3.1674223216306316,3.8813559322033897,0.5302834197457181,1.5854230362302264,4.4798063610568075,0.6120456558054572,1.7010697647620328,1,6,50,0,57,57,4,0,0.40095465393794744,0.0
2021,LA,Lao People's Democratic Republic (the),East Asia,Dong Nam A,ASEAN khac,1,1,0,Lower middle income,2,60225053628.0,7425057.0,8111.056067044334,60.225053628,7.425057,9.000983356516475,1.0693803174833594,0.049917441664037006,-1.861532063807094,3.7278405778840193,80.65751088825124,159,42,2.3333333333333326,0.3142512351532564,1.2039728043259357,20.98474025974026,2.826205948282991,3.090348588132246,5.0,0.6733955038998354,1.791759469228055,5.553622751523653,0.7479569182463721,1.880017988583919,0,7,50,0,57,57,5,0,0.0,0.0
2022,LA,Lao People's Democratic Republic (the),East Asia,Dong Nam A,ASEAN khac,1,1,0,Lower middle income,2,61855602706.0,7529475.0,8215.128240149546,61.855602706,7.529475,9.013732640836386,1.2830902936063149,0.04462647971731028,-1.9319112830147527,0.11796475327683802,67.41680806821171,159,43,7.392857142857142,0.9818555932328805,2.127381003968955,19.857321173450206,2.6372783193317204,3.037705022028473,,,,5.866840205898793,0.7791831709247714,1.926704059511784,0,4,48,0,52,52,8,0,0.27053140096618367,
2023,LA,Lao People's Democratic Republic (the),East Asia,Dong Nam A,ASEAN khac,1,1,0,Lower middle income,2,64172516512.0,7529475.0,8522.840770704464,64.172516512,7.529475,9.050504988041606,3.745681400943246,0.05018640312447992,-1.9156686591399406,1.3297205712428177,70.91281997388502,160,44,5.476190476190475,0.7273004394317633,1.868132448012629,25.395159863866958,3.372766343452493,3.273180654853827,1.6666666666666665,0.22135230765314534,0.9808292530117262,5.485333939703469,0.7285147954808893,1.8695433106143269,0,11,42,0,53,53,7,1,0.0,0.0
2001,LB,Lebanon,West and Central Asia,Tay A,Chau A khac,0,0,0,Lower middle income,2,52021560996.0,4389200.0,11852.173743734622,52.021560996,4.3892,9.380266568030374,,0.13009604604705308,-0.710288826044111,102.1673149175513,134.89609511031776,86,21,42.65,9.717032716668186,3.776203282285611,81.69166666666666,18.611971809593243,4.415118831132196,144.18333333333334,32.84957015705216,4.977997311596791,1.0361908459813503,0.23607738220663227,0.7110808300425807,11,59,43,25,138,138,1,0,0.1830141982545265,0.6064038839440528
2002,LB,Lebanon,West and Central Asia,Tay A,Chau A khac,0,0,0,Lower middle income,2,53802336972.0,4446666.0,12099.477894674346,53.802336972,4.446666,9.400917581453411,2.0865721030326245,0.151149017853906,-0.6517169698943795,130.87465433267846,162.30754854834703,79,20,51.26666666666665,11.529237110830149,3.9563588192481975,89.97692307692307,20.23469338082129,4.510605881795534,189.17307692307693,42.54267735041871,5.2479345886885636,1.19660620987687,0.2691018866442566,0.7869135374084794,6,72,55,37,170,170,3,0,0.2145643693107933,0.6170038290806817
2003,LB,Lebanon,West and Central Asia,Tay A,Chau A khac,0,0,0,Lower middle income,2,55538591257.0,4504807.0,12328.739334892705,55.538591257,4.504807,9.419688347207925,1.894804405727868,0.15069923441378216,-0.6706964538667818,125.4363688914131,173.09517051586772,81,20,57.65,12.797440600673903,4.0715875750994845,94.45,20.966492016195147,4.558602550171757,128.0,28.414091880073887,4.859812404361672,1.5607008062341912,0.34645231332534143,0.940280973463341,7,84,60,18,169,169,2,0,0.13257341097757402,0.71640625
2004,LB,Lebanon,West and Central Asia,Tay A,Chau A khac,0,0,0,Lower middle income,2,59248260701.0,4574797.0,12951.014154507839,59.248260701,4.574797,9.468929377150783,5.047351580010906,0.16315093842120224,-0.5365273369144941,139.60140529243625,206.40331810288282,79,18,95.43333333333332,20.860670611905473,4.5688519233139795,118.56849390919157,25.917760702647914,4.7838893779601435,277.19444444444446,60.5916381523474,5.628320309643809,2.0431426562715345,0.446608375469236,1.1128907499578067,12,92,63,22,189,189,3,0,0.05763185469786938,0.791793535655646
2005,LB,Lebanon,West and Central Asia,Tay A,Chau A khac,0,0,0,Lower middle income,2,60839538229.0,4643044.0,13103.373181257813,60.839538229,4.643044,9.480624970795663,1.1764254515693073,0.1829606286927213,-0.41229187506602744,163.90630045231552,240.64007871092193,74,17,91.1595238095238,19.63356879872855,4.5235210299368775,125.81230158730158,27.09694364027168,4.842708052970135,207.28308080808083,44.64378989475026,5.338898119850757,2.074064464280081,0.44670359882010185,1.1230006157098187,13,73,60,52,198,198,3,0,0.06322057919893108,0.41164412947451157
2006,LB,Lebanon,West and Central Asia,Tay A,Chau A khac,0,0,0,Lower middle income,2,61782256000.0,4719864.0,13089.83818177812,61.782256,4.719864,9.479591496854894,-0.1032940090499257,0.19736704636978225,-0.47598399593734514,176.14411411006668,271.68473567865425,81,19,107.26904761904761,22.72714798965555,4.684619310932845,186.12539682539682,39.4344830328579,5.231778963380947,225.7875698862541,47.83772792738394,5.424013763853668,2.1396623908879646,0.45333136524441475,1.1441152753141097,13,116,56,44,229,229,2,0,0.07881173569363036,0.6186025053576683
2007,LB,Lebanon,West and Central Asia,Tay A,Chau A khac,0,0,0,Lower middle income,2,67534568644.0,4809608.0,14041.595207759136,67.534568644,4.809608,9.54977928991194,7.270960975712604,0.2015944872619567,-0.37370919640210815,169.3306994480816,308.40709172175906,79,21,109.4452380952381,22.755542259418668,4.704519815267516,182.16435857743906,37.875094722363876,5.2103838840630825,285.2106119392304,59.30017829711494,5.656727945188376,2.663780108351913,0.5538455750139955,1.2984954309148722,13,96,59,30,198,198,2,0,0.10801226967172103,0.6722043920587906
2008,LB,Lebanon,West and Central Asia,Tay A,Chau A khac,0,0,0,Lower middle income,2,73659365300.0,4887613.0,15070.621446501595,73.6593653,4.887613,9.620502528096225,7.328414069178102,0.20392354567613877,-0.5343470526360085,179.3545700771945,328.77712824277637,86,20,123.88571428571427,25.34687469849071,4.827399033373901,213.72920274170272,43.728749134127995,5.369377712131384,259.04077279893284,52.99944426838476,5.560838437178233,3.441760993288875,0.7041803418742186,1.4910509179212754,12,106,67,32,217,217,3,0,0.0,0.4996869192277941
2009,LB,Lebanon,West and Central Asia,Tay A,Chau A khac,0,0,0,Lower middle income,2,81196306155.0,4951135.0,16399.533875565907,81.196306155,4.951135,9.70500819118678,8.81790066708097,0.21422960276144123,-0.4419640548858482,202.05562625387665,311.3086446778618,80,19,121.53571428571429,24.54704108971262,4.808402532683246,217.48406911715733,43.92610363424898,5.386713101658606,306.82269083255926,61.9701726639567,5.729523938091663,2.7611430565358797,0.5576788062809598,1.3247229155996696,11,108,74,45,238,238,2,0,0.040222976161853614,0.2945351776700666
2010,LB,Lebanon,West and Central Asia,Tay A,Chau A khac,0,0,0,Lower middle income,2,87671821639.0,4995800.0,17549.105576484246,87.671821639,4.9958,9.772758263292395,7.009782775784346,0.22405223308484828,-0.3621299654876759,207.1740467198325,351.59202608836557,73,15,123.80357142857142,24.781530771562394,4.82674107274198,227.38328653577878,45.51488981460002,5.431025298816156,340.81452468692373,68.22020991371227,5.8342682644741215,3.2136090164915267,0.6432621434988444,1.4383195290393969,19,98,65,64,246,246,4,0,0.02120294244915621,0.35784614276987226
2011,LB,Lebanon,West and Central Asia,Tay A,Chau A khac,0,0,0,Lower middle income,2,88432234311.0,5045056.0,17528.49409620032,88.432234311,5.045056,9.771583069844246,-0.11745031787571136,0.2244389027168461,-0.40137224673716454,208.70757971333956,379.73203550604836,83,20,109.0095238095238,21.60719797947214,4.7005669421311564,269.02169954228776,53.3238282275336,5.598502324444126,341.2411772011466,67.6387293225579,5.835515685022974,3.359255299911648,0.665850943956152,1.4723012399999305,15,117,55,74,261,261,2,0,0.030022397661747646,0.34834827652115674
2012,LB,Lebanon,West and Central Asia,Tay A,Chau A khac,0,0,0,Lower middle income,2,90700336595.0,5178337.0,17515.340657628116,90.700336595,5.178337,9.770832384921645,-0.07504032291658636,0.22138638122223522,-0.44036188238340135,211.6940174858857,368.0059944256871,84,20,127.53333333333333,24.62824133178921,4.8561882740682805,291.5012204061117,56.29243913752846,5.678468838991794,246.11925654823727,47.5286286984098,5.509871040141238,3.1796935186297746,0.6140375797538427,1.4302379229465885,27,114,62,53,256,256,3,0,0.10114751296795207,0.1478020191800535
2013,LB,Lebanon,West and Central Asia,Tay A,Chau A khac,0,0,0,Lower middle income,2,94172230743.0,5678851.0,16582.972637070423,94.172230743,5.678851,9.716131703153666,-5.32315093826986,0.23705133258516417,-0.41636284726343864,251.4587553211567,395.87169947330483,81,18,139.48333333333332,24.56189347692576,4.9450888577753815,303.0577217478923,53.36602804826052,5.717217557553101,278.351120469479,49.01539421785833,5.6324694868850465,3.521860249553345,0.620171272243865,1.5089234688123985,29,118,64,45,256,256,3,0,0.0215539031407116,0.13540831520280622
2014,LB,Lebanon,West and Central Asia,Tay A,Chau A khac,0,0,0,Lower middle income,2,96511525557.0,6274342.0,15381.935756291257,96.511525557,6.274342,9.640949097057195,-7.242590982115638,0.24107054061086758,-0.4358129417923434,265.7632213044624,411.00014854806363,83,18,186.7043650793651,29.7568039930506,5.234868198939344,367.4273892644618,58.56030628621484,5.909243648155212,300.33518164510116,47.867199723110595,5.708223205483246,2.9792891114705826,0.4748369010599968,1.3811031881343538,28,135,68,66,297,297,2,0,0.13239877353789295,0.2580487263816209
2015,LB,Lebanon,West and Central Asia,Tay A,Chau A khac,0,0,0,Lower middle income,2,96957718407.0,6398940.0,15152.153076447037,96.957718407,6.39894,9.625897918097044,-1.493847611151533,0.243752392230347,-0.4174594174134226,271.12000775275857,406.8644975537747,80,19,158.47936507936507,24.766502745668046,5.071914541312384,383.76800950646856,59.97368462690205,5.952640579957414,370.5066963765778,57.9012612052274,5.91756688923514,2.7676733404944387,0.4325205956759149,1.3264576598813305,23,162,58,55,298,298,2,0,0.09323549389854154,0.19988857000071047
2016,LB,Lebanon,West and Central Asia,Tay A,Chau A khac,0,0,0,Lower middle income,2,98464974045.0,6258619.0,15732.699824833562,98.464974045,6.258619,9.663496616724117,3.8314472237542585,0.2519691721569459,-0.39852462485729134,289.4207092220681,419.61207353767475,83,20,129.0207264957265,20.61488748487909,4.867693872329752,468.0007335361914,74.77699689599118,6.150604332488109,437.5577849561076,69.91283299975723,6.083491581821426,2.3356534327026193,0.37318990542524144,1.2046685920203133,21,190,51,92,354,354,0,0,0.06864899227982743,0.12590717971614432
2017,LB,Lebanon,West and Central Asia,Tay A,Chau A khac,0,0,0,Lower middle income,2,99354140787.0,6109252.0,16262.897779793664,99.354140787,6.109252,9.696641582462815,3.370037951929916,0.24803351951306324,-0.4224420775280294,286.1055590134302,423.0816989845798,84,16,121.7329365079365,19.92599691548761,4.810010746893185,459.92320868783236,75.2830638984662,6.133231453606943,562.2130783186473,92.02649985933586,6.3336580260206805,2.470309566,0.40435548672734406,1.2442438020833513,23,177,54,90,344,344,2,0,0.01807234806872969,0.21317269814213025
2018,LB,Lebanon,West and Central Asia,Tay A,Chau A khac,0,0,0,Lower middle income,2,97481607577.0,5950839.0,16381.153578008076,97.481607577,5.950839,9.703886780935084,0.7271508424614437,0.24590089773564816,-0.5158445100273042,304.62993426119743,434.4242905504557,86,21,147.83015873015867,24.84190191167307,5.002805781500411,521.9198233178514,87.70525018704949,6.259428150817544,305.02392960726763,51.257298274624404,5.723663300225756,2.6732687032017894,0.44922551310862036,1.301081920492199,27,189,53,53,322,322,1,0,0.03805042251403907,0.03387712349859887
2019,LB,Lebanon,West and Central Asia,Tay A,Chau A khac,0,0,0,Lower middle income,2,90740827789.0,5781907.0,15693.92724390067,90.740827789,5.781907,9.661029116758531,-4.195225512261946,0.26174366326678417,-0.4674072086102878,322.1944342313177,458.2157452307412,86,20,173.1845238095238,29.95283801858518,5.16011521896501,609.6910046356022,105.44808220464324,6.41459111052441,364.08860907277005,62.97033298404316,5.90014008870287,2.815710010071685,0.48698638875922506,1.3391267575306156,24,217,55,74,370,370,3,0,0.10989746233602567,0.04241946619471849
2020,LB,Lebanon,West and Central Asia,Tay A,Chau A khac,0,0,0,Lower middle income,2,71322381663.0,5662923.0,12594.623247217029,71.322381663,5.662923,9.441025275454598,-19.74842847502153,0.2501410164200063,-0.511245878801122,312.5607337348271,439.38102369641064,89,20,151.8,26.805944562551886,5.02912987673242,617.92024355847,109.11683658041439,6.4279764171431255,271.2917553531391,47.9066650479159,5.606874121414277,2.5387768563464537,0.4483156236357891,1.2637811466335294,19,228,52,42,341,341,7,0,0.09233922277400536,0.17186128577399387
2021,LB,Lebanon,West and Central Asia,Tay A,Chau A khac,0,0,0,Lower middle income,2,66328931530.0,5592631.0,11860.058625358977,66.32893153,5.592631,9.38093161565577,-5.832366776198439,0.23399861585368514,-0.6474956734853818,318.30276867946793,430.2818100001772,87,21,116.56136363636364,20.841955000493265,4.766960440976159,500.6309475483181,89.51617718893274,6.2178646850796,304.0728176886036,54.37026288496481,5.7205504946320085,3.204353630623547,0.572959959386476,1.4361205671324715,19,200,50,66,335,335,7,0,0.042895860549456974,0.10093525261471263
2022,LB,Lebanon,West and Central Asia,Tay A,Chau A khac,0,0,0,Lower middle income,2,65916578511.0,5489739.0,12007.233588154191,65.916578511,5.489739,9.393264546172642,1.2409294712972807,0.23799756433032374,-0.5574066960212086,306.1261150396762,419.69604955123907,89,21,131.2926046176046,23.91600121929378,4.8850161709765505,504.4308255878666,91.88612165129646,6.225411185551325,149.87454623020022,27.300850956703083,5.016448671825436,2.9914331054693,0.5449135387801315,1.384150340717206,22,224,44,57,347,347,1,0,0.02284972568514144,0.14111802525503295
2023,LB,Lebanon,West and Central Asia,Tay A,Chau A khac,0,0,0,Lower middle income,2,65415227251.0,5489739.0,11915.908434080382,65.415227251,5.489739,9.385629629520365,-0.7605844710467435,0.25021288362598404,-0.5542868073145589,330.414217725561,401.2203079606221,87,20,138.93373015873013,25.307893537148146,4.9411689545319115,753.6295242614556,137.27966379848942,6.626226932475733,159.58556258538928,29.06979049193218,5.078826900743123,2.9374405920087363,0.5350783693011154,1.3705309162941173,21,268,40,72,401,401,5,1,0.15793290633699303,0.03759738602161825
2001,LK,Sri Lanka,West and Central Asia,Nam A,Chau A khac,0,0,0,Lower middle income,2,122111000000.0,18920275.0,6453.97595965175,122.111,18.920275,8.772451647729195,,0.07789252987277488,-1.334988152463281,43.667702725375214,73.08888817243295,118,31,39.300000000000004,2.077136828085216,3.6963514689526376,53.15,2.8091557865834402,3.9917579734469997,101.16558302808303,5.346940413291193,4.626594860075231,5.885697094527712,0.31107883445286666,1.9294463753527717,3,37,87,23,150,150,28,0,0.40521628498727735,0.3605592869075334
2002,LK,Sri Lanka,West and Central Asia,Nam A,Chau A khac,0,0,0,Lower middle income,2,126952000000.0,19110707.0,6642.977677382632,126.952,19.110707,8.801315587337848,2.9284540090087408,0.08060825702750171,-1.3454621836795848,45.33400471797019,81.23221874375112,112,31,40.10768472906404,2.098702299661862,3.716195080400539,69.36858974358974,3.629828542899524,4.253746995186336,83.0827380952381,4.347444502981396,4.431801291395712,5.3106451401848185,0.277888470593203,1.8422379122436454,7,34,83,18,142,142,15,0,0.08726507210883017,0.12813532121594223
2003,LK,Sri Lanka,West and Central Asia,Nam A,Chau A khac,0,0,0,Lower middle income,2,134493000000.0,19303180.0,6967.40122611922,134.493,19.30318,8.848997582882344,4.883706742552429,0.08142445954382979,-1.456271238858102,38.31503948289044,88.18456408278857,123,34,40.97160919540229,2.122531582640906,3.7369934181735562,97.82499999999999,5.067817841412658,4.593350609182749,30.333333333333332,1.5714163849341576,3.4446824936018943,5.5850988863038875,0.289335689057652,1.8848093519851323,14,49,81,4,148,148,12,0,0.08542500694341192,0.0
2004,LK,Sri Lanka,West and Central Asia,Nam A,Chau A khac,0,0,0,Lower middle income,2,141817000000.0,19490431.0,7276.237246882843,141.817,19.490431,8.892369145879766,4.432585561541447,0.09854019264103749,-1.0858099661610041,63.433005891056204,122.07978804043508,111,29,51.448160919540214,2.6396625564380907,3.959825270729764,92.01944444444445,4.7212626772822235,4.532808551346859,59.653174603174605,3.0606390696631904,4.1051719770239155,6.3717825875682585,0.32691850619251356,1.9976595477243253,7,41,82,29,159,159,11,0,0.21121584275210628,0.27156978832670325
2005,LK,Sri Lanka,West and Central Asia,Nam A,Chau A khac,0,0,0,Lower middle income,2,150669000000.0,19673866.0,7658.332124453831,150.669,19.673866,8.943549500704252,5.251270190986124,0.09706180293929641,-1.2936302171437932,61.815126808845946,121.03325149678659,123,33,80.46345503718729,4.089864952683285,4.400154515231788,112.94015151515151,5.740618113143167,4.735673323831526,66.48358585858585,3.379284267697353,4.211884395841872,6.9987866004529415,0.3557402800472943,2.079289855232646,9,56,87,7,159,159,13,0,0.08285334831303945,0.09776849302060583
2006,LK,Sri Lanka,West and Central Asia,Nam A,Chau A khac,0,0,0,Lower middle income,2,162222000000.0,19870706.0,8163.877015743678,162.222,19.870706,9.00747445960065,6.601240101295569,0.09893848368602605,-1.2198007686369357,61.92320037118973,131.54034648241696,121,31,104.99319182845551,5.283817888929337,4.66337486401592,108.41153381642512,5.45584710560486,4.695116312368818,50.65392385392385,2.5491758498124755,3.9445661627463577,7.444357660475228,0.37463981704903837,2.133498485848316,12,48,90,12,162,162,10,0,0.02645674190300153,0.0
2007,LK,Sri Lanka,West and Central Asia,Nam A,Chau A khac,0,0,0,Lower middle income,2,173248000000.0,20078655.0,8628.466398770237,173.248,20.078655,9.062822062465557,5.690793505715708,0.09863949565715893,-1.2472248571830278,55.236206118815,147.50746160931922,122,33,115.46333333333334,5.750551186488006,4.75757648813,126.21418067226891,6.285987815033871,4.845872127964778,45.857142857142854,2.283875232536385,3.8471034593288302,7.966606426521603,0.3967699244058729,2.193507279685325,14,53,88,4,159,159,11,0,0.07602221003300712,0.0
2008,LK,Sri Lanka,West and Central Asia,Nam A,Chau A khac,0,0,0,Lower middle income,2,183557000000.0,20285643.0,9048.61630464462,183.557,20.285643,9.110367130490008,4.869346259889995,0.10523308287581258,-1.1325397643254658,64.80464229283677,170.82245197145343,122,32,120.45499999999998,5.937943401646178,4.799543823806188,143.97259407259406,7.097265493265067,4.976544718160712,101.74776524644946,5.015752532293379,4.632277103713539,8.731372865657098,0.4304213016889382,2.2753549824068724,15,49,81,15,160,160,8,0,0.08399524352516317,0.019656451374196554
2009,LK,Sri Lanka,West and Central Asia,Nam A,Chau A khac,0,0,0,Lower middle income,2,190053000000.0,20482477.0,9278.80939400054,190.053,20.482477,9.13548851948906,2.5439590055085226,0.11149152729456799,-1.1490369823918278,68.82193734477833,164.52928715421805,120,33,155.25047619047623,7.5796729170244515,5.051460336230915,169.94967532467533,8.29732045224195,5.1413692168420635,95.95653275345227,4.684810960776486,4.574262762125637,8.033238843506968,0.39220055482093147,2.200910979034458,11,55,84,17,167,167,10,0,0.13669666427421975,0.0868448775107865
2010,LK,Sri Lanka,West and Central Asia,Nam A,Chau A khac,0,0,0,Lower middle income,2,205287000000.0,20668557.0,9932.33344737129,205.287,20.668557,9.203550719098255,7.043188685321011,0.10375343404129292,-1.191560679960492,61.407978337048256,160.4009790594606,124,32,120.68380952380951,5.839005089896189,4.801425955184576,149.65209235209235,7.240567996696255,5.014973154308884,95.9963029230831,4.6445575723105925,4.574672863581999,8.800479218445487,0.4257906934889304,2.282431284322344,11,35,84,12,142,142,11,0,0.034801685632664656,0.06250240704381596
2011,LK,Sri Lanka,West and Central Asia,Nam A,Chau A khac,0,0,0,Lower middle income,2,223084000000.0,20859743.0,10694.47499904481,223.084,20.859743,9.27748253186327,7.6733383520791065,0.10216226293790852,-1.300032965500103,56.79360700508913,171.2894993696056,133,35,129.5460173160173,6.210336211525583,4.871725787717074,180.80810994560994,8.66780141757307,5.20295178991019,85.43126984126984,4.095509222777569,4.459349529792102,10.412216742363206,0.4991536445277972,2.434684425666798,11,36,83,7,137,137,8,0,0.2393411711232617,0.4077351700150683
2012,LK,Sri Lanka,West and Central Asia,Nam A,Chau A khac,0,0,0,Lower middle income,2,242341000000.0,21017147.0,11530.632583004724,242.341,21.017147,9.352762475852204,7.818594031353543,0.11152053553346339,-1.1451228819551869,70.71938443311487,186.93837541760152,122,34,144.0952380952381,6.856079852095914,4.977390341262286,189.58349885408708,9.0204202717946,5.250090412729832,103.18393253088375,4.909511863379161,4.646157919069436,9.218373694666251,0.4386120387636938,2.3241874424326814,12,46,87,6,151,151,9,0,0.0,0.0
2013,LK,Sri Lanka,West and Central Asia,Nam A,Chau A khac,0,0,0,Lower middle income,2,252161000000.0,21131756.0,11932.799148352839,252.161,21.131756,9.38704611861423,3.487810078528364,0.10476714627154166,-1.4060559528990693,63.088413378294895,176.08233629384185,135,37,116.007215007215,5.489710131387803,4.762235599624775,196.66252515759095,9.306492331143279,5.286561158124914,87.73055555555555,4.151597981519168,4.485604312019525,9.862646123618761,0.4667215598939701,2.3853299426178336,11,51,83,4,149,149,9,0,0.03692299080765738,0.0
2014,LK,Sri Lanka,West and Central Asia,Nam A,Chau A khac,0,0,0,Lower middle income,2,268243000000.0,21239457.0,12629.465998118501,268.243,21.239457,9.443787934016688,5.838251705274278,0.11590491993689901,-1.1760433661184304,80.39983899569668,202.8639640192911,125,35,133.0751515151515,6.26546862827762,4.89840047494593,210.47008839539623,9.909391205029216,5.354083562458234,142.33703615225355,6.701538375121998,4.96519875330619,10.370704451852447,0.4882754042088951,2.4310402629102428,13,42,90,5,150,150,8,0,0.04948787197026971,0.26671858451313585
2015,LK,Sri Lanka,West and Central Asia,Nam A,Chau A khac,0,0,0,Lower middle income,2,279525000000.0,21336697.0,13100.668767991598,279.525,21.336697,9.48041855887791,3.7309793616237874,0.12364397849915312,-1.048567501636214,89.44798707266523,211.4556906521285,113,30,142.52415966386553,6.679766772892052,4.966503381055655,247.3217268794994,11.59137831312407,5.514725191221235,140.66573282573282,6.5926667480788055,4.9534702884162245,9.400519096095659,0.4405798655759914,2.341855717987831,22,43,92,25,182,182,8,0,0.1720867547006415,0.02843620773621887
2016,LK,Sri Lanka,West and Central Asia,Nam A,Chau A khac,0,0,0,Lower middle income,2,293652000000.0,21425494.0,13705.728325330561,293.652,21.425494,9.525569150362463,4.618539465842275,0.11792846167311193,-1.1819855489522224,88.51387551369878,197.23825236995566,127,33,107.43720821661996,5.014456526258856,4.686171279339817,265.3175074925075,12.383262084529182,5.584689234153085,134.27461546021917,6.26704875323851,4.907306900872525,9.698097000893373,0.452642865592428,2.3700658752668087,17,43,95,9,164,164,8,0,0.0,0.0
2017,LK,Sri Lanka,West and Central Asia,Nam A,Chau A khac,0,0,0,Lower middle income,2,312624000000.0,21506813.0,14536.044926786688,312.624,21.506813,9.584386700796788,6.058172041259247,0.12223218187321212,-1.170591144676979,94.2052683926072,207.07291139805946,128,35,117.31398268398266,5.454735793907849,4.77334196082114,263.8466263150257,12.26804856279848,5.579150889812467,137.5271978021978,6.394587510580847,4.931066680371627,10.40786971,0.4839336125719789,2.4343034426740418,15,32,96,18,161,161,8,0,0.14361518157579214,0.0
2018,LK,Sri Lanka,West and Central Asia,Nam A,Chau A khac,0,0,0,Lower middle income,2,319845000000.0,21670000.0,14759.806183664052,319.845,21.67,9.599662966880176,1.5393544668056203,0.1221367872643131,-1.1974754270298504,99.82110555254047,219.01961385411582,127,35,139.43441558441558,6.434444650872892,4.944740586798551,311.82000931512243,14.3894789716254,5.745627975023995,139.52012538468153,6.438399879311561,4.945350719687874,8.980856746019263,0.4144373209976586,2.3006689329333057,16,50,94,5,165,165,6,0,0.16039893969407315,0.12363807696157608
2019,LK,Sri Lanka,West and Central Asia,Nam A,Chau A khac,0,0,0,Lower middle income,2,319140000000.0,21803000.0,14637.435215337338,319.14,21.803,9.591337581958507,-0.8290824879675696,0.12683160103457772,-1.0656762408575273,100.67977827156243,227.5683876378445,118,33,138.65246880570407,6.359329853951477,4.939156970757687,297.03144155688057,13.623420701595219,5.697198989519902,167.63132160237424,7.688452121376611,5.12771480294234,10.441499649360466,0.478901969883065,2.4372470655911505,15,48,94,4,161,161,10,0,0.08209428837164336,0.033236202627120855
2020,LK,Sri Lanka,West and Central Asia,Nam A,Chau A khac,0,0,0,Lower middle income,2,304382000000.0,21919000.0,13886.673662119621,304.382,21.919,9.53868492989994,-5.129051245474048,0.1331583060045049,-0.9700015505203257,114.4853692152229,242.5622222152021,111,30,111.3061994165255,5.078069228364684,4.721229064285941,356.7673078356998,16.276623378607592,5.879882796960779,153.72021455474845,7.0131034515602195,5.0416184184332655,9.185737247802063,0.4190764746476601,2.3209884327048145,22,51,97,14,184,184,8,0,0.020888324389726747,0.0
2021,LK,Sri Lanka,West and Central Asia,Nam A,Chau A khac,0,0,0,Lower middle income,2,317188000000.0,22156000.0,14316.122043690197,317.188,22.156,9.569141596834923,3.092521593144615,0.1322108698372343,-1.1545532919144605,120.94520261813776,241.47626836889268,124,34,126.43705044955044,5.706673156235351,4.84762252071335,383.5113591815783,17.309593752553635,5.951973331244245,164.31191771191772,7.416136383459006,5.107834099698847,10.824459143326896,0.4885565599985059,2.47017019492409,22,68,99,14,203,203,11,0,0.09718856340310444,0.0
2022,LK,Sri Lanka,West and Central Asia,Nam A,Chau A khac,0,0,0,Lower middle income,2,293878000000.0,22181000.0,13249.087056489789,293.878,22.181,9.49168392764356,-7.453380069993898,0.1291881855716238,-1.0603532696515807,107.43800222085932,229.91156103837835,114,31,192.46591886374495,8.677062299433972,5.265101367054017,370.7662124704578,16.7154867891645,5.91826519560777,93.24325396825397,4.203744374385915,4.545879247832796,10.999610022959793,0.49590234989224075,2.484874151173242,24,68,101,9,202,202,11,0,0.13500955346090912,0.08579709158073481
2023,LK,Sri Lanka,West and Central Asia,Nam A,Chau A khac,0,0,0,Lower middle income,2,287031000000.0,22181000.0,12940.399440962987,287.031,22.181,9.468109436277302,-2.329878384908024,0.13708019457799128,-0.9994846882240543,120.03874171733467,227.53119659514184,111,27,145.24955461205462,6.548377197243344,4.985314440719668,387.6516767383532,17.476744814857454,5.962683509930021,103.39705942205941,4.661514783916839,4.648201508596487,9.011796172643841,0.4062844854895559,2.3037640150566454,25,63,103,12,203,203,10,1,0.12090389062218039,0.0
2001,MM,Myanmar,East Asia,Dong Nam A,ASEAN khac,1,1,0,Lower middle income,2,68579429990.0,46014826.0,1490.3768187670644,68.57942999,46.014826,7.306784265467455,,0.02109546844103507,-2.725637697860731,-16.516989764836207,14.131105427451871,191,47,,,,11.729761904761904,0.25491266455646067,2.5439427089192974,3.0,0.06519637822818238,1.3862943611198906,3.0579699973870893,0.0664561895200275,1.4006828479280629,0,2,31,0,33,33,6,0,,0.0
2002,MM,Myanmar,East Asia,Dong Nam A,ASEAN khac,1,1,0,Lower middle income,2,76826458557.0,46480230.0,1652.8846470208946,76.826458557,46.48023,7.410277311369609,10.903808097892131,0.021435901976108087,-2.6585610322300663,-16.5502463390242,15.795857794679796,184,47,,,,15.666666666666666,0.3370608679575524,2.8134107167600364,1.0,0.02151452348665228,0.6931471805599453,3.037234024482679,0.06534464275419204,1.3955598100897173,0,2,25,0,27,27,4,0,,0.0
2003,MM,Myanmar,East Asia,Dong Nam A,ASEAN khac,1,1,0,Lower middle income,2,87462311090.0,46924293.0,1863.902586449198,87.46231109,46.924293,7.5304277333912815,12.766646469167409,0.021122322695720275,-2.6232205815173155,-14.171421903597281,17.320557419160398,184,46,,,,15.125,0.3223277120019688,2.780370862681836,1.0,0.021310923107568186,0.6931471805599453,2.9266294558427415,0.062369175297808783,1.3677814130697012,0,2,25,0,27,27,3,0,,0.0
2004,MM,Myanmar,East Asia,Dong Nam A,ASEAN khac,1,1,0,Lower middle income,2,99326277632.0,47338446.0,2098.2158483191442,99.326277632,47.338446,7.64884266656175,12.571110935380014,0.023509024878686686,-2.608784832161345,-18.576542970661862,21.82143248721857,184,47,1.416666666666668,0.02992634499803116,0.8823891801984743,16.478968253968254,0.3481096158916635,2.8609983441128573,4.0,0.08449791528855849,1.6094379124341003,3.8388584291119114,0.08109388358696674,1.576678831155045,0,0,30,1,31,31,5,0,0.0,0.0
2005,MM,Myanmar,East Asia,Dong Nam A,ASEAN khac,1,1,0,Lower middle income,2,112804000000.0,47724471.0,2363.6511340272373,112.804,47.724471,7.767962793197247,12.6505233444276,0.020367331868143126,-2.569974088422711,-11.683262196502518,19.934935213689833,183,47,6.0500000000000025,0.12676934648474159,1.9530276168241776,14.999999999999998,0.3143041648382021,2.772588722239781,2.0,0.04190722197842696,1.0986122886681098,3.720113391811908,0.07794980884779022,1.5518328229978633,0,2,23,0,25,25,4,0,0.0,0.0
2006,MM,Myanmar,East Asia,Dong Nam A,ASEAN khac,1,1,0,Lower middle income,2,127554000000.0,48088274.0,2652.496947592671,127.554,48.088274,7.883256719721282,12.220323439749436,0.020905069796021088,-2.3978324708418746,-9.382180320793013,22.741052218210722,174,46,10.916666666666673,0.22701306906267157,2.4779379804719075,27.09285714285714,0.563398410657391,3.335515349822505,,,,4.391862449681108,0.0913291762079277,1.6848908632106399,0,3,14,0,17,17,4,0,0.0,
2007,MM,Myanmar,East Asia,Dong Nam A,ASEAN khac,1,1,0,Lower middle income,2,142850000000.0,48445647.0,2948.6653362272154,142.85,48.445647,7.9891079185597045,11.16564484280891,0.020798735146088633,-2.540400615770526,-11.141749442487994,24.438253202735982,182,47,8.500000000000002,0.17545436022353053,2.2512917986064953,25.124242424242425,0.5186068094878045,3.2628637117493993,2.0,0.04128337887612482,1.0986122886681098,4.567242659170652,0.09427560455887092,1.7168998971090745,0,4,16,0,20,20,5,0,0.0,0.0
2008,MM,Myanmar,East Asia,Dong Nam A,ASEAN khac,1,1,0,Lower middle income,2,157499000000.0,48729486.0,3232.108789327267,157.499,48.729486,8.080890079138628,9.61260166142537,0.02173334579590741,-2.552036959751919,-10.497048833793905,27.529459785331806,181,47,9.583333333333334,0.19666395277252327,2.359280436670591,21.18968253968254,0.4348431366520578,3.0996274303835136,,,,5.917172288436874,0.12142899041530777,1.9340070572794614,0,1,21,0,22,22,3,0,0.0,
2009,MM,Myanmar,East Asia,Dong Nam A,ASEAN khac,1,1,0,Lower middle income,2,174116000000.0,49015836.0,3552.2397292173086,174.116,49.015836,8.175333593168325,9.904708063885238,0.023253294432986158,-2.564499198522788,-13.903790494388954,27.06828032320721,184,46,13.833333333333332,0.28222171571924903,2.6968769005040847,27.72083333333333,0.5655485164699289,3.3576227595436605,2.25,0.045903532074817614,1.1786549963416462,5.407667512971275,0.11032490628072272,1.8574953221794828,0,0,24,0,24,24,5,0,0.0,0.0
2010,MM,Myanmar,East Asia,Dong Nam A,ASEAN khac,1,1,0,Lower middle income,2,190891000000.0,49390988.0,3864.8953529741093,190.891,49.390988,8.259689885098467,8.801647624882868,0.025456989673021204,-2.2056216001707987,-10.74868841474666,34.93071420788372,172,45,12.333333333333332,0.24970817213321045,2.5902671654458267,26.06055194805195,0.5276377939241051,3.2980770197279683,2.8461538461538463,0.05762496279997165,1.3470736479666094,7.34318691320317,0.14867463095095748,2.1214452672651896,0,1,24,0,25,25,3,0,0.0,0.0
2011,MM,Myanmar,East Asia,Dong Nam A,ASEAN khac,1,1,0,Lower middle income,2,201564000000.0,49794522.0,4047.9151501845927,201.564,49.794522,8.30595724982484,4.735439914812867,0.027007479974937423,-2.44628757147604,-13.962934584490169,38.78763513569723,181,45,14.816666666666668,0.2975561582189034,2.7610642363878273,30.817099567099568,0.6188853377706802,3.460003867501171,1.5,0.030123795545220818,0.9162907318741551,9.131783430608325,0.18338931801792022,2.3156773571190703,0,3,27,0,30,30,4,0,0.11248593925759283,0.0
2012,MM,Myanmar,East Asia,Dong Nam A,ASEAN khac,1,1,0,Lower middle income,2,216344000000.0,50218185.0,4308.0808276922,216.344,50.218185,8.368247800331515,6.427152444036355,0.027273804717931015,-2.4478017630811597,-17.713202036708307,38.735145078114385,179,46,24.416666666666664,0.4862116515494669,3.235405126819411,28.163888888888888,0.5608304818043283,3.3729312620647858,2.75,0.05476103925301164,1.3217558399823195,7.666827131915139,0.15267033509703984,2.159502764402945,0,2,27,0,29,29,6,0,0.0,0.0
2013,MM,Myanmar,East Asia,Dong Nam A,ASEAN khac,1,1,0,Lower middle income,2,234574000000.0,50648334.0,4631.425783916209,234.574,50.648334,8.440620044365371,7.505545256847523,0.030350942661517267,-2.5886461025835534,-17.78051723488049,41.91945073279879,183,46,30.966666666666644,0.6114054347111723,3.464693693221282,28.909523809523808,0.5707892348349268,3.398176951736912,0.75,0.014807989538214624,0.5596157879354227,10.707634068939525,0.21141137769584928,2.460241113552979,2,2,42,0,46,46,7,0,0.5657491974397862,0.0
2014,MM,Myanmar,East Asia,Dong Nam A,ASEAN khac,1,1,0,Lower middle income,2,253738000000.0,51072436.0,4968.198501438232,253.738,51.072436,8.51081257882118,7.2714695913200345,0.02734640161189874,-2.753010329052038,-22.490371972771555,37.066643482890655,188,47,27.71666666666665,0.5426932576050739,3.3574776743058283,28.678968253968254,0.5615351547744512,3.39043865536235,3.0,0.05874010004143918,1.3862943611198906,23.75396865479301,0.46510349838791726,3.2089858258486688,1,1,36,0,38,38,8,0,0.07636800962116666,0.0
2015,MM,Myanmar,East Asia,Dong Nam A,ASEAN khac,1,1,0,Lower middle income,2,271481000000.0,51483949.0,5273.11920070467,271.481,51.483949,8.570377345135888,6.137450006841871,0.03147272016303816,-2.6809227941195064,-21.65685922363329,41.29535463078914,187,47,15.03333333333335,0.29200039284735807,2.774669888443607,37.03823953823954,0.719413336732183,3.638591957380183,5.5,0.10682941201732601,1.8718021769015913,12.773943038072666,0.24811505889093055,2.6227786216466016,0,0,36,0,36,36,5,0,0.15352979042987003,0.0
2016,MM,Myanmar,East Asia,Dong Nam A,ASEAN khac,1,1,0,Lower middle income,2,287397000000.0,51892349.0,5538.330901150765,287.397,51.892349,8.619448452966248,5.029503228575871,0.03654936778523837,-2.346159622560029,-17.869812705006225,49.94133350433467,171,46,18.35000000000001,0.35361667670893077,2.962692419475791,43.79307359307359,0.8439215883843222,3.802053520170535,13.75,0.2649716242369371,2.691243082785829,11.093266376985177,0.21377460436383747,2.49264879993052,0,4,41,0,45,45,6,0,0.14450206557088918,0.0
2017,MM,Myanmar,East Asia,Dong Nam A,ASEAN khac,1,1,0,Lower middle income,2,305032000000.0,52288341.0,5833.652285889124,305.032,52.288341,8.671398547329725,5.332317443816792,0.04300354984582716,-2.2900898802211263,-13.866361843031795,60.212317905284515,172,45,21.683333333333326,0.41468772806032084,3.121630440429365,59.506583694083695,1.1380468868592273,4.102752180505991,17.05,0.3260765148391302,2.89314568477889,12.336155088,0.23592554003577967,2.5904787746550184,0,3,43,0,46,46,12,0,0.0,0.0
2018,MM,Myanmar,East Asia,Dong Nam A,ASEAN khac,1,1,0,Lower middle income,2,324154000000.0,52666014.0,6154.899058812387,324.154,52.666014,8.725003638616062,5.50678643806588,0.04568897414076422,-2.4196136319395274,-11.85661366872635,63.54489275092753,178,46,11.966666666666661,0.22721800565098133,2.5623819619562904,59.99027777777778,1.1390700229901163,4.110714470778691,6.0,0.11392546244338903,1.9459101490553132,15.410768946600182,0.29261316314160746,2.7979377624197896,0,4,61,0,65,65,13,0,0.0,0.0
2019,MM,Myanmar,East Asia,Dong Nam A,ASEAN khac,1,1,0,Lower middle income,2,345480000000.0,53040212.0,6513.548626087693,345.48,53.040212,8.781639690541194,5.82705847566749,0.04879380174367185,-2.2997366140714486,-8.573268951046712,67.77504868399723,172,45,17.316666666666666,0.3264818524229629,2.9078113921815207,74.04452613584576,1.3960073563779452,4.318081619188259,7.75,0.14611555474174953,2.169053700369523,17.446795427296212,0.32893525062260714,2.9148906658233136,0,2,65,0,67,67,16,0,0.0,0.0
2020,MM,Myanmar,East Asia,Dong Nam A,ASEAN khac,1,1,0,Lower middle income,2,314220000000.0,53423198.0,5881.714531578585,314.22,53.423198,8.679603585392606,-9.700305175868696,0.052693152714024596,-2.088703666717513,-0.8373149115535858,79.21448520307894,171,45,25.816666666666663,0.4832482448292718,3.2890235847702822,87.45268419166408,1.6369795793891648,4.482467767139839,4.666666666666667,0.08735281378450363,1.7346010553881064,15.95611686900024,0.2986739369103332,2.8306286459530874,0,4,69,0,73,73,15,0,0.07934057503204507,0.42857142857142855
2021,MM,Myanmar,East Asia,Dong Nam A,ASEAN khac,1,1,0,Lower middle income,2,276462000000.0,53798084.0,5138.881897727064,276.462,53.798084,8.544590805161125,-12.629525453221092,0.049161914231694734,-2.0798310397691795,-1.2354135132627022,78.24796754847634,169,44,18.033333333333328,0.3352040071414686,2.9461918279938546,69.64800466990869,1.2946186832584723,4.257709866267573,3.0,0.05576406773148278,1.3862943611198906,14.264996301016462,0.26515807330641106,2.72556238386886,0,2,64,0,66,66,9,0,0.08957770510450726,0.0
2022,MM,Myanmar,East Asia,Dong Nam A,ASEAN khac,1,1,0,Lower middle income,2,287624000000.0,54179306.0,5308.7427882520315,287.624,54.179306,8.577110323162142,3.305405609731893,0.04648737648354614,-1.9785286766515278,-1.9779872754877832,67.79480328847173,162,44,13.15,0.2427125958387138,2.649714624089247,36.441482571373875,0.6726088844950113,3.6227792494197755,15.959090909090909,0.2945606373970702,2.830804026868796,17.166978458656313,0.3168548976735936,2.899605575715624,0,3,67,0,70,70,7,0,0.2376425855513308,0.0
2023,MM,Myanmar,East Asia,Dong Nam A,ASEAN khac,1,1,0,Lower middle income,2,290381000000.0,54179306.0,5359.629375835859,290.381,54.179306,8.586650105374853,0.9585430979334175,0.047251601168165944,-1.9351574179730553,-4.3582905519355135,62.66731526786137,162,45,14.866666666666665,0.274397510124376,2.7642204725692645,35.76273178571861,0.6600810240300717,3.6044846088100804,37.1289046653144,0.685296793305444,3.640972647134136,12.683792228924592,0.23410769102366488,2.6162120834956,0,1,71,1,73,73,7,1,0.1121076233183857,0.0
2001,MN,Mongolia,East Asia,Dong A,Chau A khac,0,0,0,Upper middle income,3,14306004047.0,2472601.0,5785.811801823263,14.306004047,2.472601,8.6631639585334,,0.029999265034560237,-2.2530897012948805,0.9772915012502768,23.437319765158954,169,42,1.5,0.606648626284629,0.9162907318741551,9.416666666666666,3.8084052650090596,2.3434070875143007,,,,0.5804523100947547,0.23475373102848163,0.4577110782826744,0,11,18,0,29,29,2,0,0.0,
2002,MN,Mongolia,East Asia,Dong A,Chau A khac,0,0,0,Upper middle income,3,14983104138.0,2494617.0,6006.174149378442,14.983104138,2.494617,8.70054324402341,3.8086677393436297,0.033070624722493426,-1.819662775001437,6.9407843101942435,30.942099947112474,150,41,1.5,0.6012947077647591,0.9162907318741551,9.683766233766233,3.8818649250631396,2.368725414978975,1.0,0.4008631385098394,0.6931471805599453,0.5371447589915284,0.21532153392345535,0.42992664293970634,0,7,18,1,26,26,1,0,1.0,0.0
2003,MN,Mongolia,East Asia,Dong A,Chau A khac,0,0,0,Upper middle income,3,16032615830.0,2516454.0,6371.11420673694,16.03261583,2.516454,8.759529647985788,6.0760818498122315,0.040819716453079455,-1.8948355189157096,12.049656025828838,39.70228719739642,152,42,2.9999999999999996,1.1921537210694093,1.3862943611198906,17.336446886446886,6.889236555266612,2.9088907123146805,3.0,1.1921537210694095,1.3862943611198906,0.6108233650254005,0.24273178251038982,0.4767454551205312,1,11,23,2,37,37,1,0,0.0,0.0
2004,MN,Mongolia,East Asia,Dong A,Chau A khac,0,0,0,Upper middle income,3,17736146348.0,2537949.0,6988.377760151997,17.736146348,2.537949,8.8520037282004,9.688471017555301,0.04296641463459841,-1.7305331034445322,18.080376036374243,47.4807278114918,147,41,3.6666666666666665,1.4447361498070554,1.5404450409471488,16.53882783882784,6.5166115784154215,2.864417156822005,3.666666666666667,1.4447361498070557,1.540445040947149,0.8947049333458442,0.3525306983496691,0.639063118413725,1,16,20,1,38,38,3,0,0.0,0.0
2005,MN,Mongolia,East Asia,Dong A,Chau A khac,0,0,0,Upper middle income,3,19022667066.0,2559255.0,7432.8924104866455,19.022667066,2.559255,8.913670350045889,6.360770204342536,0.04385923976144665,-1.7875429472603561,15.068317861804358,50.496277694780304,153,44,11.666666666666668,4.558618295819162,2.538973871058276,18.951190476190476,7.404963739912779,2.993288814547514,2.0,0.7814774221404276,1.0986122886681098,0.8819287864445478,0.34460371727106043,0.6322972011510616,2,18,15,2,37,37,2,0,0.10714285714285716,0.0
2006,MN,Mongolia,East Asia,Dong A,Chau A khac,0,0,0,Upper middle income,3,20650291129.0,2581242.0,8000.137580668531,20.650291129,2.581242,8.987214018097662,7.63155362482566,0.042571617258943116,-1.9806317877430624,11.114393907821063,51.10529155498325,159,43,8.5,3.292988414104528,2.2512917986064953,23.695833333333333,9.180012309319828,3.206634538445847,1.5,0.5811156024890344,0.9162907318741551,1.4914525721989613,0.5778042400514796,0.912865902715859,0,13,11,0,24,24,2,0,0.2823529411764706,0.0
2007,MN,Mongolia,East Asia,Dong A,Chau A khac,0,0,0,Upper middle income,3,22766536342.0,2605643.0,8737.396620335172,22.766536342,2.605643,9.075367554750773,9.215579510134276,0.04130674895191318,-1.6739169274485426,16.426819771650365,59.19096714726337,147,41,4.666666666666667,1.7909846692991582,1.7346010553881064,21.608730158730157,8.29305095085173,3.118336121896685,1.0,0.3837824291355339,0.6931471805599453,1.7458359797362144,0.6700211731753791,1.0100855749486577,2,16,13,1,32,32,4,0,0.0,0.0
2008,MN,Mongolia,East Asia,Dong A,Chau A khac,0,0,0,Upper middle income,3,24792841843.0,2633887.0,9413.024113411091,24.792841843,2.633887,9.149849553257642,7.732594987201136,0.04082889632654037,-1.413863685846059,18.531987487669337,66.6458881148081,139,37,11.823529411764705,4.489004050577988,2.5512817187328727,26.190674603174603,9.94373509690226,3.3028740690454845,3.958333333333333,1.502848578292589,1.6010696627635836,1.6410731710029685,0.623061342799812,0.9711853387255809,4,13,12,0,29,29,1,0,0.0,0.0
2009,MN,Mongolia,East Asia,Dong A,Chau A khac,0,0,0,Upper middle income,3,24478320115.0,2666713.0,9179.210554341618,24.478320115,2.666713,9.124696483657562,-2.483936684453514,0.04605244536814985,-1.554380724075477,23.832232319482642,66.84212611438352,141,38,4.598039215686274,1.7242347473036184,1.7224163963717392,39.47870087428911,14.804255603917298,3.700775931437763,0.5,0.1874967422441035,0.4054651081081644,1.3155794129411351,0.49333370817974603,0.8396599425894508,6,18,13,0,37,37,2,0,0.0,0.0
2010,MN,Mongolia,East Asia,Dong A,Chau A khac,0,0,0,Upper middle income,3,26036404767.0,2702520.0,9634.121030371653,26.036404767,2.70252,9.173066349948254,4.955877995574132,0.05852460170904245,-1.473953447473127,38.974093917923966,95.20100168320899,136,37,13.398529411764706,4.957791029026503,2.667126077183919,49.41554458613282,18.284987562028338,3.9202995518523496,6.25,2.3126563355682848,1.9810014688665833,2.4394575582579034,0.9026603163928125,1.2353137723985403,5,21,12,3,41,41,2,0,0.14927011305015914,0.0
2011,MN,Mongolia,East Asia,Dong A,Chau A khac,0,0,0,Upper middle income,3,30538301607.0,2743938.0,11129.370126803156,30.538301607,2.743938,9.317342850287513,15.520347852364713,0.06090996548618374,-1.1591450364339886,40.97160761595567,106.82828432665512,126,33,21.00735294117647,7.6559138512519125,3.091376622116647,37.243650793650794,13.573065715643281,3.6439775541714394,9.166666666666666,3.3406974453018496,2.3191143949452564,3.496272042129054,1.2741804086422703,1.5032486183518612,5,12,14,16,47,47,2,0,0.0,0.0
2012,MN,Mongolia,East Asia,Dong A,Chau A khac,0,0,0,Upper middle income,3,34300565350.0,2792349.0,12283.767304874857,34.30056535,2.792349,9.416033938437208,10.372529306861079,0.053730418589032616,-1.5916629754912057,30.809444725080635,91.63689793771849,144,41,8.059523809523808,2.886288142894677,2.2038165590183723,52.09170274170274,18.65515476099253,3.972020658820058,3.0,1.0743642718012683,1.3862943611198906,3.560652067825263,1.2751457886622564,1.5174656106332527,2,13,12,0,27,27,1,0,0.41875923190546527,0.0
2013,MN,Mongolia,East Asia,Dong A,Chau A khac,0,0,0,Upper middle income,3,38296209460.0,2845153.0,13460.158191844164,38.29620946,2.845153,9.507489355866964,9.576792345312924,0.06534324357546922,-1.302321050177016,57.37006021603351,115.02171111252781,131,35,13.285714285714285,4.669595724980093,2.659260036932778,56.57154859029859,19.883482044831542,4.05302849758421,13.6875,4.810813337630701,2.686996791904378,3.7230214822507235,1.308548778308486,1.5524487393369883,2,9,13,5,29,29,3,0,0.0,0.0
2014,MN,Mongolia,East Asia,Dong A,Chau A khac,0,0,0,Upper middle income,3,41315951926.0,2902823.0,14233.024860971544,41.315951926,2.902823,9.56332023778248,5.741883996546782,0.07160519580933462,-1.1358452163571437,61.73005066017815,134.8371938076275,121,32,33.46666666666666,11.529006993077656,3.539992673406219,79.92326649958228,27.53294517081554,4.393501378508821,15.691666666666666,5.405657412341939,2.8149095928837724,5.243882803356699,1.8064769375730791,1.831602232995406,3,18,14,2,37,37,3,0,0.0,0.0
2015,MN,Mongolia,East Asia,Dong A,Chau A khac,0,0,0,Upper middle income,3,42299203745.0,2964749.0,14267.381064973797,42.299203745,2.964749,9.565731166295782,0.24138371384752055,0.07138701404258327,-1.367200645277462,54.658293599281784,126.00445811899955,135,37,53.38141025641024,18.00537254803366,3.996022372233457,67.32339623018382,22.70795815436107,4.224252258873936,11.766233766233766,3.9687116063564796,2.5468036982934827,3.9525691960087177,1.333188474305487,1.5999064714280895,1,14,19,1,35,35,3,0,0.4583368357850494,0.0
2016,MN,Mongolia,East Asia,Dong A,Chau A khac,0,0,0,Upper middle income,3,42929370720.0,3029555.0,14170.190249062982,42.92937072,3.029555,9.558895758781116,-0.6812099254110304,0.0827936846135672,-1.269641122630722,73.34771928423012,145.64410916063298,131,34,20.512499999999996,6.7707963710842005,3.068634161537658,71.5131705712588,23.605173225526123,4.283768208413741,14.116524216524216,4.659603214506491,2.7157884644654526,3.6759572665581177,1.2133654172174189,1.542433904679721,0,17,25,3,45,45,5,0,0.06500101564086928,0.0
2017,MN,Mongolia,East Asia,Dong A,Chau A khac,0,0,0,Upper middle income,3,45349246281.0,3096030.0,14647.547433648899,45.349246281,3.09603,9.592028189758052,3.368742241251721,0.08689948511483726,-1.1338799377661455,82.52816505092008,159.03231298447085,124,34,19.5,6.298388581505994,3.0204248861443626,72.21703974194828,23.32569120517188,4.293428177237373,5.4532967032967035,1.7613836762876018,1.864591117022172,5.141067658,1.6605354786613826,1.8149986127104432,1,14,21,0,36,36,1,0,0.14245014245014248,0.0
2018,MN,Mongolia,East Asia,Dong A,Chau A khac,0,0,0,Upper middle income,3,48861491268.0,3163991.0,15442.993127350868,48.861491268,3.163991,9.644910660189609,5.430572574045001,0.08052159143866199,-1.1211608601849103,81.31837732083586,155.00952418042908,122,34,28.083333333333332,8.87592073850189,3.3701652724144266,88.69974144213275,28.03413203202308,4.496467886587159,24.24522792022792,7.662862479769354,3.2286371446015925,6.102296696313929,1.9286706872155859,1.9604182100935015,1,10,19,8,38,38,1,0,0.07121661721068251,0.08249045983731049
2019,MN,Mongolia,East Asia,Dong A,Chau A khac,0,0,0,Upper middle income,3,51598831338.0,3232430.0,15962.861171935665,51.598831338,3.23243,9.678020126361139,3.366368425458055,0.09565853010229554,-0.9580346865489652,99.94918637866543,185.9469995583096,115,30,24.333333333333332,7.5278763448344845,3.2321210516182215,103.7744021135642,32.10414521383733,4.651809487410356,17.494082501755138,5.412053007104605,2.9174508161466397,6.018864962550058,1.8620248427808361,1.948601518718659,4,30,21,7,62,62,2,0,0.0,0.0
2020,MN,Mongolia,East Asia,Dong A,Chau A khac,0,0,0,Upper middle income,3,49247084584.0,3294335.0,14949.021451673858,49.247084584,3.294335,9.612401121939044,-6.35124060368476,0.1083303119382054,-1.0066891918089067,120.39308045987377,206.53522978812794,114,31,24.900000000000002,7.558429850030432,3.2542429687054923,110.19006837214717,33.44834947634262,4.711241064627705,25.06924826666123,7.609805398255257,3.2607563923421434,4.824347470131035,1.464437426713141,1.762046970881697,4,21,17,15,57,57,3,0,0.10240963855421689,0.0
2021,MN,Mongolia,East Asia,Dong A,Chau A khac,0,0,0,Upper middle income,3,50053145882.0,3347782.0,14951.136568032207,50.053145882,3.347782,9.612542600546647,0.014148861617369057,0.0931307547317491,-1.0949448753803708,106.16663680912492,183.35705779959247,120,32,25.67820512820513,7.670214227869415,3.283846944729142,105.15361857413497,31.40993606338016,4.664887276820571,6.455555555555556,1.9283082218482432,2.0089594666414166,6.241962937884043,1.8645069893690938,1.9798922936672836,6,21,16,0,43,43,1,0,0.09286534524938839,0.0
2022,MN,Mongolia,East Asia,Dong A,Chau A khac,0,0,0,Upper middle income,3,52572175378.0,3398366.0,15469.839145636462,52.572175378,3.398366,9.646647545687356,3.4693187052636576,0.10036023407162185,-0.9008353842685722,111.41883679269246,191.19627823419845,107,28,13.129166666666665,3.863376301041931,2.6482412187836473,146.6349160211881,43.148653211922465,4.994742442599977,16.196371822152756,4.765929220735128,2.8446984209958015,7.985356662876698,2.34976358134371,2.1955962148151498,0,32,17,2,51,51,2,0,0.09792809538921883,0.0
2023,MN,Mongolia,East Asia,Dong A,Chau A khac,0,0,0,Upper middle income,3,56474141516.0,3398366.0,16618.0280511281,56.474141516,3.398366,9.718243412220138,7.422112762016053,0.11364043516593147,-1.1297114544814058,127.28588752209866,198.9459491567921,120,29,14.35,4.222617575623108,2.731115474033206,202.67414383155696,59.63870396289186,5.316521382586824,16.017969769693906,4.713432799673109,2.834269831053353,10.182173485715442,2.9961968445174656,2.414320857214511,4,45,18,1,68,68,2,1,0.0,0.25284103155586074
2001,MV,Maldives,West and Central Asia,Nam A,Chau A khac,0,0,0,Upper middle income,3,3721661864.0,287324.0,12952.840222188192,3.721661864,0.287324,9.469070365256785,,0.019421121387263308,-2.400478620104865,-11.128955324821195,13.019094156536886,177,45,0.5,1.740195737216522,0.4054651081081644,1.3333333333333333,4.640521965910725,0.8472978603872036,,,,0.2174567196256843,0.7568345130434084,0.19676402678067642,0,1,10,0,11,11,0,0,0.0,
2002,MV,Maldives,West and Central Asia,Nam A,Chau A khac,0,0,0,Upper middle income,3,3992166629.0,292284.0,13658.51921076761,3.992166629,0.292284,9.522118723937416,5.448063717875495,0.0209429205666015,-2.6207026678406335,-15.732854941982584,14.44529583144458,182,46,,,,1.3333333333333333,4.561773252498711,0.8472978603872036,,,,0.2641692582978908,0.903810192476806,0.23441519364118224,0,0,10,0,10,10,0,0,,
2003,MV,Maldives,West and Central Asia,Nam A,Chau A khac,0,0,0,Upper middle income,3,4541091523.0,297226.0,15278.244578199754,4.541091523,0.297226,9.634185172495211,11.858718668091361,0.02487573091174029,-1.5539600204285022,-0.46075212331187293,24.541504883720016,132,37,,,,2.8666666666666663,9.64473722576984,1.3523928094442093,0.9333333333333333,3.1401470037390182,0.659245628884264,0.22326884136534728,0.7511753391875114,0.20152665377875315,0,0,6,3,9,9,0,0,,0.0
2004,MV,Maldives,West and Central Asia,Nam A,Chau A khac,0,0,0,Upper middle income,3,4810146318.0,302135.0,15920.520025816275,4.810146318,0.302135,9.675364123803094,4.203856302529485,0.022149407623766687,-2.085872333234832,-3.0000055961994554,23.49822014287319,163,44,0.5,1.6548893706455725,0.4054651081081644,6.333333333333333,20.961932028177248,1.992430164690206,,,,0.22331984849327238,0.7391392870513922,0.2015683503075926,0,0,8,0,8,8,0,0,0.0,
2005,MV,Maldives,West and Central Asia,Nam A,Chau A khac,0,0,0,Upper middle income,3,4272501363.0,307018.0,13916.126621240448,4.272501363,0.307018,9.540803635198564,-12.58999958120437,0.02535107656881975,-1.7440698552255598,7.897904853426044,29.403491272439336,148,43,,,,5.741666666666666,18.701400786490257,1.9083071742764457,,,,0.1587278181179678,0.5169984109008846,0.14732269477443433,0,0,6,0,6,6,0,0,,
2006,MV,Maldives,West and Central Asia,Nam A,Chau A khac,0,0,0,Upper middle income,3,5282105061.0,314401.0,16800.535179595485,5.282105061,0.314401,9.729166020812263,20.72709337059717,0.02068548583979157,-1.7295678353414237,4.376772299255952,25.08947856434984,146,41,,,,5.5,17.493583035677368,1.8718021769015913,,,,0.18695906744056437,0.5946516310080578,0.17139463098961022,0,1,6,0,7,7,0,0,,
2007,MV,Maldives,West and Central Asia,Nam A,Chau A khac,0,0,0,Upper middle income,3,5658897699.0,325126.0,17405.245040384343,5.658897699,0.325126,9.764526878881531,3.5993487964793403,0.02460771191266184,-2.2371124453414146,0.2373772319665237,30.123362457046866,172,45,,,,10.086601307189541,31.023668692105648,2.4057372897566434,0.5714285714285714,1.757560365607707,0.4519851237430572,0.16389791746010177,0.504105846533657,0.15177464568685095,0,3,5,0,8,8,0,0,,0.0
2008,MV,Maldives,West and Central Asia,Nam A,Chau A khac,0,0,0,Upper middle income,3,6166866082.0,336883.0,18305.661259250242,6.166866082,0.336883,9.814965649417035,5.173246436787982,0.02103343498166721,-2.2556530514600066,2.4131639895341945,27.623384682517603,175,44,0.5,1.4841948094739124,0.4054651081081644,8.135110211426001,24.148176700593385,2.212125254500049,,,,0.18692004019650846,0.5548515068926259,0.17136175042384438,0,1,4,0,5,5,0,0,0.0,
2009,MV,Maldives,West and Central Asia,Nam A,Chau A khac,0,0,0,Upper middle income,3,5652506359.0,349037.0,16194.576388749616,5.652506359,0.349037,9.692431674347594,-11.53241524904679,0.023990746738224707,-1.7697612123680788,11.484345959850684,31.054493750204198,151,42,,,,11.7,33.52080151960967,2.5416019934645457,2.0,5.730051541813618,1.0986122886681098,0.10738413320745713,0.3076583090258544,0.10200059733537938,0,4,5,0,9,9,0,0,,0.0
2010,MV,Maldives,West and Central Asia,Nam A,Chau A khac,0,0,0,Upper middle income,3,6036055364.0,361575.0,16693.785145543803,6.036055364,0.361575,9.722791782167551,3.082567551078319,0.03990457747834354,-0.7537958110822989,34.55046994096842,65.84344694241548,101,26,,,,6.488095238095238,17.94398185188478,2.0133144578571267,3.5034678436317783,9.689463717435604,1.504847731910135,0.13449344759144993,0.371965560648413,0.12618624962958647,0,1,4,23,28,28,0,0,,0.0
2011,MV,Maldives,West and Central Asia,Nam A,Chau A khac,0,0,0,Upper middle income,3,6569849450.0,374440.0,17545.800261724176,6.56984945,0.37444,9.772569898930623,5.103786281853573,0.02328477536727739,-1.891700598332125,5.846763061246413,36.376246645636925,162,42,,,,8.858333333333333,23.657550831463872,2.2883171211963407,4.0,10.682619378271552,1.6094379124341003,0.18777791335313845,0.5014899939994083,0.17208426184275286,0,1,5,2,8,8,0,0,,0.0
2012,MV,Maldives,West and Central Asia,Nam A,Chau A khac,0,0,0,Upper middle income,3,6726822083.0,387539.0,17357.793881390004,6.726822083,0.387539,9.761796899573831,-1.0715178420462546,0.02392376861331037,-2.1647167700164482,5.5812252223776495,34.65207523430966,169,43,,,,11.607575757575757,29.952019687246334,2.5342978838799586,1.0,2.580385457979713,0.6931471805599453,0.2125459395096569,0.5484504514633544,0.19272223136714653,0,2,5,0,7,7,0,0,,0.0
2013,MV,Maldives,West and Central Asia,Nam A,Chau A khac,0,0,0,Upper middle income,3,7196015385.0,400728.0,17957.35607444451,7.196015385,0.400728,9.79575511912884,3.4541382225843797,0.03662863937844284,-0.7897798480988936,33.07788888818603,63.310413260686595,100,27,3.333333333333311,8.318194219853146,1.4663370687934218,8.2,20.462757780838874,2.2192034840549946,10.055299539170505,25.092580351686195,2.4029099092992348,0.2201516595814946,0.5493792786665634,0.19897516215154928,0,3,5,13,21,21,0,0,0.5999999999999963,0.0
2014,MV,Maldives,West and Central Asia,Nam A,Chau A khac,0,0,0,Upper middle income,3,7761671586.0,416738.0,18624.823236661883,7.761671586,0.416738,9.832250552553697,3.716956769416968,0.022444377521492784,-1.1220544853585666,16.64476361372562,37.6257869880083,119,30,9.83333333333327,23.595960371584233,2.382627800667576,6.894047619047619,16.542882144291184,2.0661090095315084,1.7142857142857142,4.1135814691381976,0.9985288301111271,0.18757204410267647,0.45009584943699993,0.17191092380443032,1,3,5,1,10,10,0,0,0.7084745762711844,0.0
2015,MV,Maldives,West and Central Asia,Nam A,Chau A khac,0,0,0,Upper middle income,3,8061903547.0,435582.0,18508.34870816517,8.061903547,0.435582,9.825977190791976,-0.6253725311467173,0.028119145795365386,-1.101110012657586,20.264206906041434,46.25404400726032,118,33,6.166666666666666,14.15730371472344,1.9694406464655074,7.087301587301587,16.27087801447623,2.0902951262712466,5.0,11.478894903829818,1.791759469228055,0.20334704850340238,0.4668398797549081,0.18510688125998398,1,1,4,0,6,6,0,0,0.437837837837837,0.0
2016,MV,Maldives,West and Central Asia,Nam A,Chau A khac,0,0,0,Upper middle income,3,8575872716.0,454252.0,18879.108327536258,8.575872716,0.454252,9.845811210169803,2.0032020425869934,0.01951735179978147,-1.4545729573095056,11.79172533546574,29.048166372818233,138,38,4.666666666666663,10.273299108571154,1.7346010553881057,3.587301587301587,7.897161899785994,1.5232919617208993,1.9000000000000001,4.1827003513468295,1.0647107369924285,0.23960420736895885,0.5274697907085909,0.21479214106006106,1,0,5,0,6,6,0,0,0.5142857142857137,0.0
2017,MV,Maldives,West and Central Asia,Nam A,Chau A khac,0,0,0,Upper middle income,3,9182566718.0,472442.0,19436.389478496832,9.182566718,0.472442,9.874902334350372,2.9518404221863914,0.02224836108683655,-1.207172611169492,14.055341795647188,36.97874296028396,130,36,3.9999999999999982,8.466647757820004,1.6094379124341,7.788095238095238,16.484764771326933,2.1733979917525845,0.6666666666666666,1.411107959636668,0.5108256237659906,0.348419865,0.73748706719555,0.2989334365445389,1,2,6,0,9,9,0,0,0.5999999999999998,0.0
2018,MV,Maldives,West and Central Asia,Nam A,Chau A khac,0,0,0,Upper middle income,3,9969416783.0,489758.0,20355.801810281813,9.969416783,0.489758,9.921121251479454,4.7303658573119245,0.02633606320883167,-1.0872143773138725,20.66698098639812,46.16486835556518,119,32,3.833333333333332,7.8269948287385445,1.5755363607584187,6.714880952380952,13.710610040838437,2.0431510550260703,0.9655172413793103,1.9714169883479395,0.6757554378480761,0.24906419360534854,0.5085454318364345,0.2223946258237911,1,1,5,0,7,7,0,0,0.46956521739130386,0.0
2019,MV,Maldives,West and Central Asia,Nam A,Chau A khac,0,0,0,Upper middle income,3,10659605470.0,504508.0,21128.714450514166,10.65960547,0.504508,9.958388268745747,3.797013978795727,0.028125133043578117,-1.1157137323396649,20.344678757746262,49.174635824456224,122,34,1.5000000000000004,2.973193685729464,0.9162907318741552,7.12539184952978,14.123446703580084,2.094993954687321,1.5050000000000001,2.983104331348562,0.9182887345368281,0.21887428134926823,0.4338370875174789,0.1979277125713053,1,1,6,0,8,8,0,0,0.0,0.0
2020,MV,Maldives,West and Central Asia,Nam A,Chau A khac,0,0,0,Upper middle income,3,7151654162.0,514438.0,13901.877703435594,7.151654162,0.514438,9.539779196573512,-34.2038639596585,0.033329496235615354,-1.2097478984785448,26.1945893883451,60.15373930416141,127,35,1.0000000000000002,1.9438688432814066,0.6931471805599454,12.303217503217503,23.91584117661896,2.58800592350553,2.755,5.355358663240274,1.3230882852160981,0.18924832110751022,0.367873915044204,0.17332144460549043,2,0,5,0,7,7,0,0,0.0,0.0
2021,MV,Maldives,West and Central Asia,Nam A,Chau A khac,0,0,0,Upper middle income,3,9834087309.0,521457.0,18858.865273646723,9.834087309,0.521457,9.84473838861107,35.65696430336243,0.038469672152723206,-1.151288804153988,37.54435158171589,74.04939213621947,123,33,3.166666666666665,6.072728272257666,1.4271163556401454,10.566911764705882,20.264205418099447,2.448148588092407,6.666666666666666,12.784691099489827,2.03688192726104,0.21461144601777127,0.4115611565628063,0.19442422813014387,3,1,5,0,9,9,0,0,0.4736842105263156,0.0
2022,MV,Maldives,West and Central Asia,Nam A,Chau A khac,0,0,0,Upper middle income,3,11193757025.0,523787.0,21370.81872020497,11.193757025,0.523787,9.96978165924076,13.319748617476135,0.029041775212633278,-1.8567477120629146,12.16620282462076,45.39397753907142,155,42,1.5000000000000004,2.8637595052950924,0.9162907318741552,13.433282528610683,25.64646035241555,2.66953682637645,0.4,0.7636692014120244,0.33647223662121295,0.5348123397728216,1.0210492810490173,0.42840811934584405,2,1,5,0,8,8,0,0,0.0,0.0
2023,MV,Maldives,West and Central Asia,Nam A,Chau A khac,0,0,0,Upper middle income,3,11722817856.0,523787.0,22380.887375975348,11.722817856,0.523787,10.015962631480903,4.726391950606046,0.029479578142631167,-1.4877938067261098,18.88684454671566,45.035988177826795,137,37,1.4000000000000004,2.6728422049420857,0.8754687373539001,15.869639249639249,30.297886831172306,2.825515512194037,,,,0.23121936343597588,0.4414377665653708,0.20800503070603982,2,2,2,0,6,6,0,1,0.0,
2001,MY,Malaysia,East Asia,Dong Nam A,ASEAN khac,1,1,0,Upper middle income,3,427864000000.0,23542517.0,18174.097527464884,427.864,23.542517,9.80775264655898,,0.24445595570637876,-0.039214191714571696,231.99863497982565,241.7820488286897,42,6,389.1095833333333,16.527951677101193,5.966427682561371,218.76309523809522,9.292256016554866,5.39255012631695,285.807050583538,12.14003798249516,5.658809692047902,114.71524657557082,4.87268402845672,4.7511324023161965,43,100,204,98,445,445,114,0,0.20962316125739458,0.03686303141998529
2002,MY,Malaysia,East Asia,Dong Nam A,ASEAN khac,1,1,0,Upper middle income,3,450930000000.0,24142445.0,18677.892814915806,450.93,24.142445,9.83509590107925,2.7720511936814463,0.2668680207105106,0.03681384397025375,246.84675905378145,276.10215189878846,41,6,488.5750595238095,20.237182254067868,6.193537789385509,290.33493173493173,12.025912526048284,5.6744735734767175,307.9199046072905,12.7542966177324,5.733082034906799,119.0122590927585,4.929586008905002,4.78759389667048,49,108,216,148,521,521,120,0,0.15917569470723963,0.04351781031203507
2003,MY,Malaysia,East Asia,Dong Nam A,ASEAN khac,1,1,0,Upper middle income,3,477032000000.0,24739411.0,19282.26989720976,477.032,24.739411,9.866941294492289,3.2357883637243567,0.2828189463344372,0.13627478141003804,247.31873635602167,306.1375071859541,32,5,507.5417195767196,20.51551346863996,6.231547256521819,346.0542929292929,13.987976226648764,5.849481231480858,570.466039132293,23.05899841885051,6.348205057378708,133.05336901961263,5.378194695888784,4.8982379969257375,63,113,210,169,555,555,132,0,0.11948402849663964,0.019852189653964125
2004,MY,Malaysia,East Asia,Dong Nam A,ASEAN khac,1,1,0,Upper middle income,3,509391000000.0,25333247.0,20107.60799829568,509.391,25.333247,9.908853529809216,4.280295346375951,0.29167791642267643,0.16746061483636102,237.57339253642283,347.6071384184627,38,6,703.6239285714286,27.774723412732232,6.557664225834933,418.2546050203027,16.510106462874763,6.038478384591242,546.5343216585272,21.573796744591295,6.305425147686628,155.43568832212304,6.135640185489173,5.052644988283531,54,134,222,189,599,598,132,0,0.05461690591277368,0.0
2005,MY,Malaysia,East Asia,Dong Nam A,ASEAN khac,1,1,0,Upper middle income,3,536553000000.0,25923536.0,20697.523671153504,536.553,25.923536,9.937769342684417,2.933793382623251,0.3005546748622829,0.1724547045046615,240.19084882657717,363.3114400362113,36,6,876.2197512210013,33.800163342724595,6.776757532502058,486.7272186147186,18.775494925334208,6.189756271318036,680.0205240709869,26.231781191847706,6.523592443831912,167.04740193421858,6.443850944339483,5.124246093975549,56,123,235,176,590,590,135,0,0.03750288212489799,0.0
2006,MY,Malaysia,East Asia,Dong Nam A,ASEAN khac,1,1,0,Upper middle income,3,566518000000.0,26509413.0,21370.446791862196,566.518,26.509413,9.969764255528524,3.251225274096714,0.3081745391783548,0.14550535058135447,252.42206556799303,389.94817626981785,41,7,1132.5589516644816,42.72289815185578,7.033117477121417,657.8374338624338,24.81523954764422,6.490476817974029,660.677384946871,24.92236945974138,6.494778103234128,185.32993561162084,6.991099184716797,5.227518949678272,71,151,244,141,607,607,128,0,0.05352359537908719,0.0
2007,MY,Malaysia,East Asia,Dong Nam A,ASEAN khac,1,1,0,Upper middle income,3,602202000000.0,27092604.0,22227.54224732329,602.202,27.092604,10.009087440671625,4.010657632986292,0.3119405151485666,0.1395851077504345,230.96481789496687,434.73644820108774,40,8,1250.9983766566254,46.174903551412974,7.132496255059063,772.5581020286902,28.51546134246417,6.651000782936988,823.4795756574455,30.394995462874128,6.714752369900767,199.6647922253094,7.369715817103051,5.301635815527197,68,139,246,136,589,589,132,0,0.10981156358626164,0.01967261906534394
2008,MY,Malaysia,East Asia,Dong Nam A,ASEAN khac,1,1,0,Upper middle income,3,631299000000.0,27664296.0,22819.99151541756,631.299,27.664296,10.035392251611333,2.6653836105771767,0.3303640816322755,0.13362120487630513,239.61111771219177,484.98699403240045,44,7,1308.5164884526637,47.299829659596746,7.177413255279464,956.9009377447458,34.589744765048266,6.864744367347283,716.721649011767,25.907821728475106,6.576081818411585,199.06847539747804,7.195862688769598,5.2986596849378005,68,165,273,127,633,633,120,0,0.03449667161237725,0.027207215000254376
2009,MY,Malaysia,East Asia,Dong Nam A,ASEAN khac,1,1,0,Upper middle income,3,621744000000.0,28217204.0,22034.217139302677,621.744,28.217204,10.000351848589705,-3.4433596330831318,0.3475592044111468,0.14907296100160689,266.3203253504513,453.56073112336514,41,8,1384.633344987066,49.07053671891326,7.233912602896106,1534.2180313823267,54.37172412200467,7.33642768992306,795.9018525889569,28.20626212961982,6.680731525145582,176.47000823102084,6.253986335110341,5.178801626926259,74,203,263,164,704,704,153,0,0.04573118593637953,0.017747163113207187
2010,MY,Malaysia,East Asia,Dong Nam A,ASEAN khac,1,1,0,Upper middle income,3,667908000000.0,28717731.0,23257.68703662556,667.908,28.717731,10.054390981602232,5.552590725542816,0.34670809036731637,0.10800053630951206,274.69374289751676,485.56327933172764,44,9,1484.4503250463122,51.69107284438009,7.3034732544554934,2052.623301725794,71.4758175611365,7.627360976262032,874.2079070323027,30.441398975159377,6.774461466170213,217.92815127146662,7.5886270844819395,5.388743599601672,82,223,266,137,708,708,160,0,0.04418097764095622,0.08423872201378288
2011,MY,Malaysia,East Asia,Dong Nam A,ASEAN khac,1,1,0,Upper middle income,3,703266000000.0,29184133.0,24097.546430452465,703.266,29.184133,10.089865306430932,3.611104545797339,0.36677523256092626,0.15977893722981787,270.03684126950634,550.4588951834711,45,9,1611.6159602781672,55.222334693929994,7.385612959435088,2744.2141158358118,94.03103103442587,7.917614353027602,800.3741717686387,27.424976845076696,6.686327968794036,245.91632504323763,8.426370762607121,5.509049514227015,79,255,263,148,745,745,170,0,0.046188822401777324,0.0
2012,MY,Malaysia,East Asia,Dong Nam A,ASEAN khac,1,1,0,Upper middle income,3,741759000000.0,29660212.0,25008.5535464143,741.759,29.660212,10.126973187189732,3.780497398733429,0.3668234795890231,0.14327460576964263,276.56251229021916,538.9590689655778,45,9,1857.2583009762686,62.61783634507631,7.527394930688803,3184.917622709897,107.38013682133818,8.066495634112462,705.525568610652,23.786936135542526,6.560359392001429,244.88263974678992,8.256267343833885,5.504854347896218,82,272,271,121,746,746,165,0,0.04916259240359219,0.0
2013,MY,Malaysia,East Asia,Dong Nam A,ASEAN khac,1,1,0,Upper middle income,3,776576000000.0,30134807.0,25770.06715191506,776.576,30.134807,10.156968909460442,3.0450125957402596,0.3645870355057683,0.10549575420407609,312.7289817655012,546.8808161531555,46,9,1818.0822488241604,60.331637392738585,7.506087394001748,3751.4683415266413,124.48954265831672,8.23016912683689,793.4543508158666,26.330162022138275,6.677655527832523,241.0673708887158,7.999632149252385,5.489216079514927,84,272,277,113,746,745,194,0,0.03561657232431505,0.0
2014,MY,Malaysia,East Asia,Dong Nam A,ASEAN khac,1,1,0,Upper middle income,3,823222000000.0,30606459.0,26897.002361495004,823.222,30.606459,10.199770123004786,4.373039476135787,0.37355081430635056,0.12434697934999196,327.14714388979917,561.754969466874,49,9,1891.8153416572534,61.81098380760915,7.545820598462436,4272.868631866035,139.60676182324897,8.36027469882881,1049.1895852715552,34.280005578938585,6.956725984254525,239.35982991518466,7.820565911109961,5.482137091840184,87,273,285,163,808,808,184,0,0.04772675428487205,0.0
2015,MY,Malaysia,East Asia,Dong Nam A,ASEAN khac,1,1,0,Upper middle income,3,865137000000.0,31068833.0,27845.815772996688,865.137,31.068833,10.234437992523935,3.5275805041381725,0.3770895706682548,0.13035374706089764,332.2704689576116,548.6328183797045,45,6,2047.2364034078928,65.89357261690172,7.624734410849222,4269.610164549549,137.42422074718897,8.359511991693106,1352.460157168326,43.531089731253374,7.2104196717303,202.43108184810941,6.515567605906195,5.315327283385946,74,267,293,146,780,779,193,0,0.04632196718392276,0.0
2016,MY,Malaysia,East Asia,Dong Nam A,ASEAN khac,1,1,0,Upper middle income,3,903634000000.0,31526418.0,28662.755153471608,903.634,31.526418,10.26335382912293,2.933795824603358,0.3781577620583012,0.11982672040534317,341.31470426125884,546.3505853129401,48,8,1857.608555415173,58.92228401638185,7.5275833982629585,4574.1679798231535,145.08999975268847,8.428398693936808,1434.3344421958088,45.49627053082303,7.269153161802911,187.4537269026002,5.945925315797063,5.2388524961299545,65,281,289,158,793,792,188,0,0.03214179593114095,0.0
2017,MY,Malaysia,East Asia,Dong Nam A,ASEAN khac,1,1,0,Upper middle income,3,956159000000.0,31975806.0,29902.576967098186,956.159,31.975806,10.305699941855536,4.3255500282093795,0.37438465098408674,0.1485222837869303,338.85953412008155,556.4275301187365,47,7,1885.401950984459,58.963390977054935,7.542426564019456,4086.477324777006,127.79904046131021,8.315683267734954,1704.1919674096373,53.29629431106873,7.441432974235835,212.516659229,6.646170521205939,5.363714858800206,67,272,268,166,773,772,179,0,0.06883284879390793,0.005672287425083894
2018,MY,Malaysia,East Asia,Dong Nam A,ASEAN khac,1,1,0,Upper middle income,3,1002470000000.0,32399271.0,30941.1282741516,1002.47,32.399271,10.339841589982907,3.4731164079809362,0.3760113798813874,0.15772633789901513,368.54027408761687,578.3656221225972,45,8,1841.7717779296722,56.8460869977498,7.519026118167885,4250.450880485209,131.18970733894628,8.355015587303903,1448.1099853389817,44.69575828848068,7.278704843745812,236.6783080473109,7.305050414477255,5.470918112512854,80,272,266,150,768,767,193,0,0.05208630469526387,0.0
2019,MY,Malaysia,East Asia,Dong Nam A,ASEAN khac,1,1,0,Upper middle income,3,1046710000000.0,32804020.0,31907.979570796506,1046.71,32.80402,10.370611400777477,3.1248094383572234,0.38098787293212166,0.15143422091131187,356.931636181077,585.8197964694249,48,8,1755.7006428169334,53.52089904886454,7.47119269394227,4581.586503887867,139.6653978350174,8.430018856543409,1596.428838695218,48.665646426725075,7.37615063984181,223.00257315194133,6.798025764889221,5.411657539074514,77,276,281,171,805,805,201,0,0.08894086643387134,0.0
2020,MY,Malaysia,East Asia,Dong Nam A,ASEAN khac,1,1,0,Upper middle income,3,989590000000.0,33199993.0,29806.933995437892,989.59,33.199993,10.302496329837345,-6.584702646862595,0.38075091827905827,0.1418848321848666,381.63415494518966,577.5468720482289,51,8,1821.8156452279513,54.87397678752376,7.508137642427258,5119.802584789818,154.2109537429667,8.541066460590558,2406.712542880835,72.49135693735944,7.786432423422792,216.82894183445177,6.530993600945993,5.383710084289901,79,291,256,178,804,804,204,0,0.029528852888412147,0.006700010787619187
2021,MY,Malaysia,East Asia,Dong Nam A,ASEAN khac,1,1,0,Upper middle income,3,1022400000000.0,33573874.0,30452.24986547576,1022.4,33.573874,10.32391515761626,2.164985738340741,0.3771881059489039,0.14013112403810224,423.68789064974203,599.6221061477618,47,8,1857.65592838534,55.33040150163606,7.527608886344517,5154.134165264808,153.5162181541757,8.54774842235192,2151.672152994804,64.0876936928638,7.674465211266313,261.3733258357391,7.785021348318012,5.569768397313347,72,294,258,173,797,796,234,0,0.024575080515719504,0.0
2022,MY,Malaysia,East Asia,Dong Nam A,ASEAN khac,1,1,0,Upper middle income,3,1113000000000.0,33938221.0,32794.883385313566,1113.0,33.938221,10.398027787853655,7.6928093332561565,0.3738087418570752,0.13520283908909356,389.84228575614947,568.0246570671852,47,8,1879.8168109668104,55.38937385571302,7.539461435386047,4813.461181659833,141.83009715387948,8.479379413850001,1845.9879546673567,54.39259631986476,7.5213114586118435,288.9798850969276,8.514880172915593,5.669811558840151,84,298,253,160,795,795,218,0,0.034002680465143945,0.0
2023,MY,Malaysia,East Asia,Dong Nam A,ASEAN khac,1,1,0,Upper middle income,3,1152570000000.0,33938221.0,33960.82546577795,1152.57,33.938221,10.43296294713158,3.5552560646900266,0.38000289734668286,0.13844637125775092,401.09614518985086,530.2127592419672,49,8,1555.5295815295813,45.83415204732096,7.350213994859809,4995.133554661814,147.18312885822195,8.516419603206383,1619.1279725339798,47.70809797408002,7.390260420497803,250.09735366310156,7.369194562764547,5.525840727131905,72,297,252,169,790,788,216,1,0.025903775021408715,0.0014411049484134369
2001,NP,Nepal,West and Central Asia,Nam A,Chau A khac,0,0,0,Lower middle income,2,60216814884.0,24956071.0,2412.912468633384,60.216814884,24.956071,7.78858979005344,,0.03251986552431874,-1.7828683096901328,4.583972584269438,31.89502109157101,147,40,11.333333333333327,0.4541313147142964,2.5123056239761143,33.44090909090909,1.3399909421202194,3.5392450755790117,,,,0.7593446586999865,0.03042725189794445,0.5649413866980932,0,13,26,0,39,39,6,0,0.0,
2002,NP,Nepal,West and Central Asia,Nam A,Chau A khac,0,0,0,Lower middle income,2,60289161279.0,25332178.0,2379.9438516103905,60.289161279,25.332178,7.774832174626891,-1.3663411935396885,0.04081486073558897,-1.4433753508858256,17.17418192617789,44.02375749428471,121,34,9.450000000000006,0.3730433285286408,2.3466019784108205,39.56666666666666,1.5619133367319094,3.702946711325372,2.666666666666667,0.10526795866769399,1.2992829841302609,0.5794418317090824,0.022873747046506715,0.45707151355374986,0,19,24,14,57,57,3,0,0.2116402116402115,0.0
2003,NP,Nepal,West and Central Asia,Nam A,Chau A khac,0,0,0,Lower middle income,2,62667591457.0,25682908.0,2440.050459122464,62.667591457,25.682908,7.799773998041643,2.525547292697783,0.039630750195617216,-1.739850513017382,7.612804274163776,43.10584091187826,141,39,13.366666666666669,0.5204498909028007,2.6649107084415924,44.58712121212121,1.7360620227320522,3.819625247070856,1.0,0.038936400815670874,0.6931471805599453,0.7491476200645388,0.029169112004938803,0.5591285950273936,0,23,29,0,52,52,1,0,0.09975062344139649,0.0
2004,NP,Nepal,West and Central Asia,Nam A,Chau A khac,0,0,0,Lower middle income,2,65602066132.0,26003965.0,2522.771667013088,65.602066132,26.003965,7.8331134439562895,3.3901433300840056,0.03841617732418406,-1.6168118914203875,11.734308844268384,47.53181572448533,141,39,16.76666666666665,0.6447734669180892,2.8773240425036883,54.64444444444444,2.1013889398960672,4.0189822424496695,,,,0.6562416978026713,0.02523621677704424,0.5045509980923881,1,21,18,0,40,40,2,0,0.0,
2005,NP,Nepal,West and Central Asia,Nam A,Chau A khac,0,0,0,Lower middle income,2,67884480784.0,26285110.0,2582.6211411707995,67.884480784,26.28511,7.856560108381834,2.3723698398980364,0.03733239225045279,-1.600891233784098,11.545301137718669,48.28414095277147,138,40,27.59999999999998,1.0500241391418936,3.353406717825806,52.08333333333333,1.981476711846872,3.971863005784163,,,,0.6330022504742701,0.02408216098293939,0.4904201921100178,1,20,18,0,39,39,2,0,0.16666666666666674,
2006,NP,Nepal,West and Central Asia,Nam A,Chau A khac,0,0,0,Lower middle income,2,70168532059.0,26518971.0,2645.974915806499,70.168532059,26.518971,7.88079486458707,2.453080462548174,0.03938361736456738,-1.6073804018829096,15.096880949456388,54.805484455015325,140,40,33.56666666666664,1.2657605254241064,3.542889826567371,67.74129572118703,2.5544466156393106,4.230350120839425,,,,0.5668936050680158,0.02137690806585277,0.4490950638562658,1,24,17,0,42,42,1,0,0.04965243296921551,
2007,NP,Nepal,West and Central Asia,Nam A,Chau A khac,0,0,0,Lower middle income,2,72562373827.0,26713655.0,2716.3027233450457,72.562373827,26.713655,7.907026941725582,2.6579166385298336,0.04338773951853189,-1.5604168358706159,17.278752870866473,67.95002800829978,139,39,32.466666666666654,1.2153584624292952,3.510549918589519,76.2895202020202,2.855824865673387,4.347558373336802,3.0,0.11230211665157763,1.3862943611198906,0.6814388567526987,0.025509008660653087,0.5196498892133621,3,25,19,0,47,47,3,0,0.0,0.0
2008,NP,Nepal,West and Central Asia,Nam A,Chau A khac,0,0,0,Lower middle income,2,76992044904.0,26881544.0,2864.1228682400088,76.992044904,26.881544,7.960017428082109,5.441961369936221,0.0442736013433639,-1.5662200252198824,16.593475674681837,74.99640456553786,142,39,20.61666666666666,0.7669450336136443,3.0734646220943427,89.09329004329004,3.3142921419725755,4.500845689513566,1.6666666666666665,0.06200040692107069,0.9808292530117262,0.8216568384889701,0.030565835001477967,0.5997464377888228,2,23,23,0,48,48,2,0,0.0,0.0
2009,NP,Nepal,West and Central Asia,Nam A,Chau A khac,0,0,0,Lower middle income,2,80482154911.0,27026941.0,2977.849210201036,80.482154911,27.026941,7.998956577375357,3.9707214806364632,0.048530217812268676,-1.489009019618933,22.366252944142733,73.17638845892544,138,35,33.73333333333331,1.2481373061543781,3.5476998406511564,93.50876623376622,3.4598353633053116,4.548692594575827,5.196078431372549,0.19225551391008508,1.8239165808625863,0.6985157331345542,0.025845164391136762,0.5297547715338309,1,21,22,1,45,45,2,0,0.1088268266870798,0.0
2010,NP,Nepal,West and Central Asia,Nam A,Chau A khac,0,0,0,Lower middle income,2,84358509208.0,27161567.0,3105.8042125478255,84.358509208,27.161567,8.04102796648288,4.296893271441071,0.05325976810954593,-1.4682820484653647,28.703984682932123,87.65399034760574,135,36,39.43333333333332,1.4518062721982616,3.6996545272818944,126.87467532467532,4.671110298042646,4.851050685263096,10.658653846153847,0.3924167499671078,2.4560487236702655,0.771587473600853,0.02840732545367699,0.57187602237181,0,16,22,2,40,40,1,0,0.08897597905721458,0.0
2011,NP,Nepal,West and Central Asia,Nam A,Chau A khac,0,0,0,Lower middle income,2,87245096016.0,27266399.0,3199.7293084429666,87.245096016,27.266399,8.070821494098215,3.0241795511665615,0.04886350288522936,-1.572602263135588,23.39603417950346,86.70086156202316,147,41,49.89166666666666,1.8297856884829808,3.9296991904410885,114.7297619047619,4.207734285145681,4.751257834524092,,,,0.784480618672557,0.028770965270205173,0.5791274029602981,2,19,18,0,39,39,2,0,0.021475100813667707,
2012,NP,Nepal,West and Central Asia,Nam A,Chau A khac,0,0,0,Lower middle income,2,91319565822.0,27330694.0,3341.28236267985,91.319565822,27.330694,8.114109953206402,4.423907168127461,0.05426342090360029,-1.3875810239330149,32.11748065049431,97.10863954464382,133,38,46.25416666666666,1.6923890284917997,3.855540833473339,151.08593425544646,5.528067975714281,5.024445718035976,3.7596153846153846,0.137560187261084,1.5601668634273176,0.5894001593725308,0.02156550285084348,0.46335668679607156,3,24,18,0,45,45,2,0,0.02702459237906495,0.0
2013,NP,Nepal,West and Central Asia,Nam A,Chau A khac,0,0,0,Lower middle income,2,94538720393.0,27381555.0,3452.642495760376,94.538720393,27.381555,8.146895157642557,3.3328561011291002,0.05663949515950006,-1.6207850914389192,35.932143255151594,101.26320996603974,144,40,62.881349206348624,2.296485689229433,4.157027444074748,187.0076747311828,6.829695199238421,5.236482785034918,9.0,0.32868841817055316,2.302585092994046,0.6399004525757039,0.023369763060414356,0.4946355403448478,3,32,19,0,54,54,0,0,0.24079960239043902,0.0
2014,NP,Nepal,West and Central Asia,Nam A,Chau A khac,0,0,0,Lower middle income,2,100222000000.0,27462106.0,3649.4651939658233,100.222,27.462106,8.202335913639967,5.7006393927877985,0.06060040086189102,-1.6517082996821244,36.58806324019578,109.25608096455052,150,40,89.86668192918133,3.272388575340192,4.509393398560354,230.3611562049062,8.388328127671862,5.443979936385758,4.0,0.14565525309675814,1.6094379124341003,0.8492081396984007,0.030922906629899424,0.6147575148626744,3,39,23,0,65,65,2,0,0.19862092895064115,0.0
2015,NP,Nepal,West and Central Asia,Nam A,Chau A khac,0,0,0,Lower middle income,2,104207000000.0,27610325.0,3774.2040341792426,104.207,27.610325,8.235944787577695,3.418003284965354,0.06480192167325882,-1.474569457488549,46.05010760168496,116.18122275491253,142,39,97.50955433455316,3.531633703498715,4.590153541794347,295.7411366411366,10.711251556841024,5.692860164943082,6.716269841269841,0.24325211098637342,2.0433310660843786,0.6846035482668158,0.024795200645657586,0.5215302531932489,3,37,22,1,63,63,1,0,0.18875682923712947,0.0
2016,NP,Nepal,West and Central Asia,Nam A,Chau A khac,0,0,0,Lower middle income,2,104658000000.0,27861186.0,3756.4086467819425,104.658,27.861186,8.231218632807785,-0.4715004074010043,0.06022950690101208,-1.5230663046909547,43.6860057328946,105.44694836364583,141,39,81.22107753357726,2.915205315867647,4.409411686876161,296.125333422616,10.628597555847623,5.694154047842508,0.3333333333333333,0.01196407551829751,0.2876820724517809,0.6161417670904579,0.02211469989434254,0.4800416834110382,5,38,19,0,62,62,2,0,0.06545919886951425,0.0
2017,NP,Nepal,West and Central Asia,Nam A,Chau A khac,0,0,0,Lower middle income,2,114054000000.0,28183426.0,4046.8465402325464,114.054,28.183426,8.305693224767865,7.731797063650614,0.06094595618362604,-1.6119773166975984,37.70511706799491,110.57206241587012,141,38,95.38147130647125,3.3843107401659136,4.568313976778083,292.3521273939477,10.37319335817965,5.681373687412891,5.75,0.2040206183591732,1.9095425048844386,0.603341172,0.021407658955302312,0.4720896844188981,3,43,18,0,64,64,1,0,0.026076128341403996,0.0
2018,NP,Nepal,West and Central Asia,Nam A,Chau A khac,0,0,0,Lower middle income,2,122747000000.0,28506712.0,4305.898203903698,122.747,28.506712,8.367741037120876,6.401321648739011,0.06252706210220473,-1.6078494625406743,45.511450432552394,116.58297887359066,143,37,108.63081501831496,3.8107100888490737,4.697118493922383,293.26598393436626,10.287611701215008,5.684484065597483,1.0,0.0350794577782243,0.6931471805599453,0.6226752169968846,0.021843108984188866,0.4840761557511465,4,49,19,0,72,72,1,0,0.0,0.0
2019,NP,Nepal,West and Central Asia,Nam A,Chau A khac,0,0,0,Lower middle income,2,130918000000.0,28832496.0,4540.640532821022,130.918,28.832496,8.42082336760808,5.451646039948366,0.06260033488917315,-1.734956768755839,40.23099208444721,116.19205995494829,152,41,104.8951617826617,3.6380881413340593,4.662449564903275,351.31132283260837,12.184561573601133,5.8645152245769845,9.223809523809523,0.3199101986803197,2.324719267161312,0.8209956468657633,0.028474664380973583,0.5993834102240871,1,52,21,0,74,74,2,0,0.013346659428399008,0.0
2020,NP,Nepal,West and Central Asia,Nam A,Chau A khac,0,0,0,Lower middle income,2,127816000000.0,29348627.0,4355.092999750891,127.816,29.348627,8.379101243766032,-4.086373535384302,0.06555279674239872,-1.7279503383916068,42.350877366452686,120.62760210105978,154,41,85.35445665445663,2.9082947101565133,4.458460414777439,457.5742837824591,15.590994555979027,6.128122293366253,3.801948051948052,0.1295443242352718,1.5690216797372254,0.7167775793152578,0.024422865823169777,0.5404490332303025,4,59,18,0,81,81,2,0,0.023797820050840215,0.0
2021,NP,Nepal,West and Central Asia,Nam A,Chau A khac,0,0,0,Lower middle income,2,134000000000.0,30034989.0,4461.463262064121,134.0,30.034989,8.403232076870378,2.4424337739587854,0.06696356670690383,-1.6709456727263061,48.04131016911179,131.4192923657945,152,41,68.01481990231989,2.264519554254536,4.234321262728123,424.23585502987027,14.124721504971095,6.0526439680064,6.5,0.2164142627120656,2.0149030205422647,1.362956546606454,0.04537895940652597,0.859913608956745,0,62,18,0,80,80,5,0,0.04095746029637385,0.0
2022,NP,Nepal,West and Central Asia,Nam A,Chau A khac,0,0,0,Lower middle income,2,141546000000.0,30547580.0,4633.624005567708,141.546,30.54758,8.441094563497527,3.85884032638959,0.06836268892246596,-1.6009765295365965,43.965988083104044,127.50498136936508,139,39,75.04722222222222,2.456732160852749,4.3313544923606715,344.7943939627272,11.287126311240602,5.845844361326937,1.5,0.04910372605620478,0.9162907318741551,0.9663142773318236,0.03163308770553424,0.6761608651710109,0,45,18,0,63,63,4,0,0.03521592225001189,0.0
2023,NP,Nepal,West and Central Asia,Nam A,Chau A khac,0,0,0,Lower middle income,2,144352000000.0,30547580.0,4725.480709110181,144.352,30.54758,8.460724572130763,1.9823944159495621,0.07070775330645176,-1.6960499223683245,46.27960003306507,120.57702583792609,147,42,77.75079365079364,2.5452357813873845,4.3662883557602745,390.7830891328642,12.792603837451745,5.970708342590329,4.5,0.14731117816861433,1.7047480922384253,0.698289789619589,0.022859087024883443,0.5296217385922717,1,46,18,0,65,65,1,1,0.0,0.0
2001,OM,Oman,West and Central Asia,Tay A,Chau A khac,0,0,0,High income,4,100477000000.0,2374653.0,42312.28731103028,100.477,2.374653,10.652832803019376,,0.0622256527912076,-1.1879818415777372,26.54474259813095,65.8896226436027,112,29,8.383333333333333,3.5303403627112395,2.2389350659175897,31.625,13.317735264899756,3.4850788656428575,9.0,3.790027427165148,2.302585092994046,12.416086609952071,5.228589865530699,2.5964544802210052,1,31,59,2,93,93,4,0,0.914796932689577,0.2222222222222222
2002,OM,Oman,West and Central Asia,Tay A,Chau A khac,0,0,0,High income,4,99688716081.0,2403659.0,41473.73486879795,99.688716081,2.403659,10.632815611128617,-1.9818178016902777,0.08282022352235964,-1.0383919864536657,50.76154122474314,94.1617474213154,98,26,3.9166666666666665,1.6294601965863986,1.5926307941177191,54.86666666666667,22.826310498563508,4.022967899379873,16.208333333333332,6.743191664596904,2.845393762613087,13.422640672901352,5.584253287550918,2.6687992408126493,0,50,74,10,134,134,4,0,0.0,0.24678663239074553
2003,OM,Oman,West and Central Asia,Tay A,Chau A khac,0,0,0,High income,4,97500882043.0,2431600.0,40097.41817856555,97.500882043,2.4316,10.59906722664746,-3.3185260372290304,0.07082049495333811,-1.031693573346626,42.12009534658205,86.7058069395083,101,28,5.699999999999999,2.3441355486099686,1.9021075263969203,62.06868686868687,25.52586234112801,4.144224400238218,8.0,3.290014805066623,2.1972245773362196,11.000074034372952,4.523800803739493,2.4849128193000483,1,46,35,12,94,94,3,0,0.0,0.25
2004,OM,Oman,West and Central Asia,Tay A,Chau A khac,0,0,0,High income,4,99443601850.0,2468855.0,40279.239505762795,99.44360185,2.468855,10.603591466459697,0.45344896369021725,0.08047413650364778,-1.0559250659242776,46.90717929306522,106.54702362389659,108,28,9.366666666666665,3.79393146485584,2.3385955305170785,63.661111111111104,25.785682476739666,4.169159956051766,14.602564102564102,5.91471111205968,2.7474352662979356,15.184818934485484,6.150551139895006,2.7840737000734603,2,49,61,8,120,120,4,0,0.0,0.2739244951712028
2005,OM,Oman,West and Central Asia,Tay A,Chau A khac,0,0,0,High income,4,102208000000.0,2515192.0,40636.26156571745,102.208,2.515192,10.612416088988569,0.886367429811008,0.09094507494008505,-0.9572203611022164,58.22244459755713,127.108826018991,104,26,16.45,6.540256171298255,2.859339648648436,75.96929824561403,30.204174570217315,4.3434066182591655,11.333333333333332,4.505951566851888,2.512305623976115,20.240212506761278,8.047183875728484,3.0558962013501136,4,58,72,2,136,136,4,0,0.1519756838905775,0.35294117647058826
2006,OM,Oman,West and Central Asia,Tay A,Chau A khac,0,0,0,High income,4,106980000000.0,2560649.0,41778.47100481167,106.98,2.560649,10.640136438098425,2.8108132861755175,0.08040350180955276,-1.0561725120631777,50.298212283334756,118.73857628003672,115,29,23.150000000000016,9.040676797171347,3.1842843800985823,69.0551282051282,26.967822690703876,4.249282477885444,13.833333333333334,5.4022762718878425,2.6968769005040847,23.22698965057203,9.070743257108658,3.1874672865227285,3,30,64,1,98,98,5,0,0.714384083393111,0.6506024096385542
2007,OM,Oman,West and Central Asia,Tay A,Chau A khac,0,0,0,High income,4,112309000000.0,2605700.0,43101.27796753272,112.309,2.6057,10.671307926871107,3.166240723765834,0.09513936661890968,-1.0019959727583467,61.1800178959045,155.22388528920217,113,30,5.999999999999999,2.302644203093218,1.9459101490553132,91.06041083099906,34.94662118854782,4.522445001023056,34.833333333333336,13.368128845735631,3.578878558899608,23.410868692724765,8.9844835141132,3.195028471347425,2,42,69,3,116,116,5,0,0.0,0.7177033492822966
2008,OM,Oman,West and Central Asia,Tay A,Chau A khac,0,0,0,High income,4,122361000000.0,2651028.0,46156.057197434355,122.361,2.651028,10.739783481533705,7.087444674384691,0.10009431999462397,-0.8973251115394145,66.68533396392282,178.6030957149508,108,26,18.53333333333333,6.990998711946207,2.972122407914857,90.23013375513375,34.03590371551479,4.513385256487337,26.0,9.807516178629573,3.295836866004329,32.28420224162375,12.17799368457208,3.505082877261273,5,39,66,2,112,112,6,0,0.564748201438849,0.3076923076923077
2009,OM,Oman,West and Central Asia,Tay A,Chau A khac,0,0,0,High income,4,129680000000.0,2697537.0,48073.48332942236,129.68,2.697537,10.780486021949397,4.154224273936857,0.10612390582295264,-0.8628281496703661,83.21072883001179,167.34367139765098,105,27,14.200000000000017,5.2640612529133115,2.721295427852232,111.8320818070818,41.45710765304862,4.725900711809546,38.331862745098036,14.209948832990255,3.672034947262122,22.978912724904,8.518479162622793,3.1771748076583437,2,38,80,5,125,125,5,0,0.21369596891695083,0.4695832320933028
2010,OM,Oman,West and Central Asia,Tay A,Chau A khac,0,0,0,High income,4,132886000000.0,2881914.0,46110.328066694565,132.886,2.881914,10.738792240046283,-4.083655118717566,0.11360217582757731,-0.9324816561799857,90.9987553026496,192.37145276903632,116,29,12.033333333333333,4.175465795763972,2.5675101783232104,123.66230158730158,42.90978203627922,4.825608494127815,36.333333333333336,12.607362098013104,3.619886582626985,31.61757635484465,10.971033956892763,3.484851295071548,4,40,76,3,123,123,5,0,0.0,0.38532110091743116
2011,OM,Oman,West and Central Asia,Tay A,Chau A khac,0,0,0,High income,4,136732000000.0,3206870.0,42637.213232840746,136.732,3.20687,10.66048270100134,-7.532184175376633,0.12308938902677131,-0.9055579575838658,98.26377386330765,224.9871492991513,112,28,20.45,6.376934518705155,3.065724645374026,157.91652236652237,49.24319425686803,5.068379047788025,46.33684210526316,14.449242440530224,3.8572888951701665,43.845216282581845,13.672277417725647,3.8032169224501158,2,59,68,7,136,136,7,0,0.38213472725739794,0.475920036347115
2012,OM,Oman,West and Central Asia,Tay A,Chau A khac,0,0,0,High income,4,148851000000.0,3535579.0,42100.883617647916,148.851,3.535579,10.647824007992922,-1.2578908763664853,0.12180242150724417,-0.9940453065968892,95.05432815385089,221.60957542970016,113,29,19.116666666666678,5.406940890492527,3.001548658875431,172.0386492592375,48.65925758107442,5.153514975669108,38.77777777777778,10.967871960371351,3.6833084090644808,41.99921267989566,11.879019724886833,3.761181805756068,1,64,70,4,139,139,9,0,0.2119472086101678,0.4276504297994269
2013,OM,Oman,West and Central Asia,Tay A,Chau A khac,0,0,0,High income,4,156633000000.0,3816680.0,41039.07060586688,156.633,3.81668,10.62227983353235,-2.5220682335891476,0.12428324820973326,-1.1272668776596284,111.33260411768897,224.66116387324772,118,31,8.416666666666666,2.2052324708035953,2.24248116892434,194.1786075036075,50.876313315134496,5.273915075266344,38.98235294117647,10.213681246836641,3.6884381802963766,44.08836733379179,11.551496938122082,3.808624282724242,1,58,68,3,130,130,10,0,0.0,0.5451184548060962
2014,OM,Oman,West and Central Asia,Tay A,Chau A khac,0,0,0,High income,4,158657000000.0,4009267.0,39572.570247878226,158.657,4.009267,10.585891486727393,-3.5734248761934873,0.129745147264343,-1.0369144889374722,118.23512845597898,237.1537176917247,116,29,11.999999999999998,2.9930658147736224,2.5649493574615367,214.57022533356772,53.5185671928479,5.373286728076663,28.30843561472852,7.060750909013672,3.3778753795258876,42.49767705583053,10.59986203359131,3.7727075356533635,0,60,75,0,135,135,15,0,0.0,0.14130063753571923
2015,OM,Oman,West and Central Asia,Tay A,Chau A khac,0,0,0,High income,4,166617000000.0,4191776.0,39748.545723817304,166.617,4.191776,10.590328533848865,0.444690539019299,0.1350350632244805,-1.0792184151858604,129.0397217635154,240.54617614704327,114,31,15.499999999999998,3.69771667188323,2.803360380906535,231.36225181592903,55.19432617962626,5.448297584142656,48.69259259259259,11.616220092054679,3.905855879592097,29.08005559804192,6.937406864785218,3.4038623474190906,2,61,85,3,151,151,10,0,0.09557945041816002,0.3385972816261096
2016,OM,Oman,West and Central Asia,Tay A,Chau A khac,0,0,0,High income,4,175025000000.0,4398070.0,39795.8650044224,175.025,4.39807,10.59151829151389,0.11904657074470748,0.14765919649707163,-1.0232632923017395,148.77296258701008,262.1295352862154,117,30,15.083333333333334,3.4295346216256983,2.7777835391168852,251.9982138603462,57.29745407879961,5.533382428862071,60.487580571882894,13.753210060750034,4.118835212498854,24.720493681925213,5.620759488122111,3.2472880936613038,0,67,91,10,168,168,14,0,0.0994475138121547,0.30059955300959207
2017,OM,Oman,West and Central Asia,Tay A,Chau A khac,0,0,0,High income,4,175557000000.0,4541854.0,38653.15793946701,175.557,4.541854,10.562383756744227,-2.8714216032957207,0.1637695405018546,-0.937420367525385,161.11208876487186,296.2296949513796,113,30,12.130952380952381,2.670925217092487,2.574972220410189,250.43611987205782,55.139623570475365,5.527188960744638,75.9245214045214,16.716636290933483,4.342824699603069,27.01608048,5.9482494329408215,3.3327786481835733,1,90,94,9,194,194,13,0,0.0,0.5004970633603105
2018,OM,Oman,West and Central Asia,Tay A,Chau A khac,0,0,0,High income,4,177816000000.0,4601157.0,38645.931881915785,177.816,4.601157,10.562196793156712,-0.018694611091141233,0.15887795018746498,-0.9513970976138544,177.58439055732646,297.01978339504103,114,29,16.488095238095237,3.5834672101158986,2.8615203773305637,264.25293963283093,57.43184586677459,5.580683859931574,108.5571110049371,23.59343769511388,4.696445974979455,34.41875673159131,7.480456922376548,3.567241530993055,0,86,91,12,189,189,16,0,0.0,0.19004127852015068
2019,OM,Oman,West and Central Asia,Tay A,Chau A khac,0,0,0,High income,4,175810000000.0,4602768.0,38196.58084005103,175.81,4.602768,10.550501283783747,-1.1627382753707893,0.15850116214053334,-0.928903614742252,166.0954002230789,298.38329854362235,113,29,23.833333333333332,5.178043588843351,3.2121868367174042,290.1318337263459,63.03420761731765,5.673776201441573,90.86452991452991,19.741279576665587,4.520314990925093,32.61265837425812,7.085444752865692,3.51490273335058,3,91,95,8,197,197,13,0,0.14685314685314685,0.067099556919567
2020,OM,Oman,West and Central Asia,Tay A,Chau A khac,0,0,0,High income,4,169868000000.0,4543399.0,37387.8675414596,169.868,4.543399,10.529101533487266,-2.117240027263001,0.17799562307619174,-0.957748570000585,198.03102974804784,324.1919548151971,109,29,29.25000000000001,6.437911352271727,3.409496184476851,383.5638162463422,84.42221698916212,5.952109747205964,81.79333333333332,18.002674502796985,4.416347542851777,28.383147801565936,6.247117587860088,3.3804213059720323,6,128,108,15,257,257,17,0,0.2560163850486435,0.09780748227239384
2021,OM,Oman,West and Central Asia,Tay A,Chau A khac,0,0,0,High income,4,174254000000.0,4520471.0,38547.75309917927,174.254,4.520471,10.559653091927817,3.1023046618892103,0.1881052283811517,-0.9265272434881376,234.8886610760518,349.34593625493704,106,28,44.199999999999996,9.777742186599582,3.8110970868381853,422.882480039118,93.54832273874072,6.0494562470942705,97.75767589690004,21.625550943010154,4.592669131361884,43.75130592435166,9.678483928854241,3.8011206269621347,6,149,109,0,264,264,18,0,0.0,0.22653805064565363
2022,OM,Oman,West and Central Asia,Tay A,Chau A khac,0,0,0,High income,4,188169000000.0,4576298.0,41118.17018909171,188.169,4.576298,10.624205399846407,6.668137266779306,0.16734268177167227,-1.0457116264873485,190.05544906177533,293.9978066228829,111,30,32.73333333333333,7.152797596077293,3.5184864681852552,414.57407137330785,90.59158109312546,6.029660868860422,62.349999999999994,13.624549799860059,4.148674906767148,57.77302621692328,12.624402129608534,4.073683011844776,4,161,93,10,268,268,21,0,0.147986334669207,0.19647153167602247
2023,OM,Oman,West and Central Asia,Tay A,Chau A khac,0,0,0,High income,4,190403000000.0,4576298.0,41606.337699162075,190.403,4.576298,10.636007783183045,1.1872306277867173,0.17713302383933255,-1.014857844246445,210.72679725989084,285.92311617074074,112,28,37.64230769230769,8.225493115244612,3.6543477304467866,458.65190124400715,100.2233467409699,6.130469466587529,85.22222222222223,18.622524630656095,4.456927942846999,46.69777014826016,10.204267761465744,3.8648846493856714,9,157,91,16,273,273,21,1,0.11410303502842317,0.3363754889178618
2001,PH,Philippines,East Asia,Dong Nam A,ASEAN khac,1,1,0,Lower middle income,2,388969000000.0,79626086.0,4884.944363584567,388.969,79.626086,8.493913175176521,,0.07771162769074211,-1.0582307786356204,42.618842561031535,77.13762062969306,105,28,104.31947004608294,1.3101167630678587,4.656998302770433,83.84206349206349,1.0529471898450904,4.44079145156081,51.333333333333336,0.6446798519436625,3.9576335166801986,42.020199513344764,0.5277190130046674,3.761669761516993,1,11,88,2,102,101,36,0,0.1345226670259553,0.3214285714285714
2002,PH,Philippines,East Asia,Dong Nam A,ASEAN khac,1,1,0,Lower middle income,2,403424000000.0,81285572.0,4963.04559436452,403.424,81.285572,8.509774862400878,1.5988151546242335,0.08642596447378427,-0.8825320188422139,55.61584243739459,93.35955687435828,88,22,155.34489247311828,1.9111004407168135,5.05206441610527,121.08446275946275,1.4896181423126695,4.804713122892425,57.07142857142857,0.7021101920944662,4.061673779932552,46.85066899583129,0.5763712777444845,3.868085098905331,0,19,81,4,104,104,41,0,0.1876430251205076,0.03504380475594493
2003,PH,Philippines,East Asia,Dong Nam A,ASEAN khac,1,1,0,Lower middle income,2,423946000000.0,82942837.0,5111.303342565917,423.946,82.942837,8.539209707929782,2.9872332498766863,0.08252223895305863,-0.9676244488788042,43.21832410920609,93.55859230170519,97,26,182.05161290322582,2.194904581130084,5.209768150798805,122.87270923520923,1.4814143532998423,4.819254499927875,42.875,0.5169222750362398,3.7813446817860297,50.4496968631085,0.6082465790639462,3.940604570389203,1,20,75,1,97,96,38,0,0.214607804603552,0.3109815354713314
2004,PH,Philippines,East Asia,Dong Nam A,ASEAN khac,1,1,0,Lower middle income,2,451796000000.0,84607501.0,5339.9047916567115,451.796,84.607501,8.582963102517528,4.472468835630372,0.08382014044955494,-0.841510539810691,51.418976074130015,107.7610935846461,101,24,230.55833333333334,2.7250341944662013,5.444831821626313,114.41813315883083,1.3523402985136133,4.74856147482201,46.57575757575758,0.5504920606951572,3.8623233368758734,53.35867584475671,0.6306612914232831,3.9956042299861974,0,14,72,0,86,85,32,0,0.1268065617109605,0.08588158750813273
2005,PH,Philippines,East Asia,Dong Nam A,ASEAN khac,1,1,0,Lower middle income,2,474126000000.0,86261250.0,5496.396122244924,474.126,86.26125,8.611847905949206,2.9306015124599405,0.08624000239002952,-0.860500804516468,50.26483405162265,115.47087750301982,100,25,238.36071428571424,2.7632420615944495,5.4779716789298645,148.80281385281384,1.7250250124223083,5.009319854970879,91.42539682539683,1.0598663574362397,4.5264017982989735,53.54428053254049,0.6207222887743974,3.9990128586160494,0,14,68,5,87,85,31,0,0.12723151147770548,0.2008750303829994
2006,PH,Philippines,East Asia,Dong Nam A,ASEAN khac,1,1,0,Lower middle income,2,499332000000.0,87901835.0,5680.564006428307,499.332,87.901835,8.644805803691977,3.350702534666694,0.08931878264435053,-0.7050831472553328,56.70708588731744,128.09578405221407,99,25,239.2238095238095,2.7214882320011804,5.481571028479534,144.86984126984126,1.648086655640821,4.98271472593575,195.3395643572114,2.2222467182535084,5.279845631443596,54.421182997011115,0.6191131618243363,4.014961885237524,3,10,73,1,87,87,27,0,0.11047667524493736,0.02644966821579751
2007,PH,Philippines,East Asia,Dong Nam A,ASEAN khac,1,1,0,Lower middle income,2,531885000000.0,89561377.0,5938.7764884409935,531.885,89.561377,8.689258412763294,4.545543043269729,0.09059692660932754,-0.6757287943134863,53.225169029392234,147.05203579629702,96,25,273.0297619047618,3.0485212605067677,5.613236720579707,159.8314615939616,1.7846025479706682,5.08035699428546,142.64316059757235,1.5926861039393394,4.967332172719067,56.159107486560586,0.6270460478355596,4.045838738638863,6,12,59,0,77,77,26,0,0.09262855763903348,0.06800185833911677
2008,PH,Philippines,East Asia,Dong Nam A,ASEAN khac,1,1,0,Lower middle income,2,554993000000.0,91252326.0,6081.960036832376,554.993,91.252326,8.713082297487734,2.4109940603097346,0.09238496845087714,-0.6327438564894746,56.609413992432486,162.50999675130214,94,23,281.43644688644684,3.084156417957465,5.643453558504036,188.93173215673215,2.0704319598026704,5.246664703156928,157.39311028239047,1.7248120369270419,5.065079982742381,53.28221580392433,0.5838998098955235,3.9941966558712205,2,14,59,0,75,75,27,0,0.10824407490874585,0.0
2009,PH,Philippines,East Asia,Dong Nam A,ASEAN khac,1,1,0,Lower middle income,2,563031000000.0,92946951.0,6057.552119165264,563.031,92.946951,8.709061056725522,-0.40131664001896716,0.09387421819617024,-0.6537247695294193,58.35933364549263,149.08579773927923,92,23,323.268315018315,3.477987298564694,5.7815713058521565,211.7127206127206,2.2777801566908913,5.359942525837385,164.85346384930784,1.7736296035069279,5.11110465060944,42.564066820457754,0.45793935532600477,3.7742326550580483,2,10,58,1,71,71,27,0,0.05291430890636577,0.0
2010,PH,Philippines,East Asia,Dong Nam A,ASEAN khac,1,1,0,Lower middle income,2,604327000000.0,94636700.0,6385.7573224763755,604.327,94.6367,8.761825371061324,5.418116045138355,0.0951202513318875,-0.5847646820648911,62.39159105736228,164.28066452889252,91,23,259.2834452584452,2.739776907462382,5.5617712112782485,215.00266513075334,2.2718740734910803,5.375290746176348,191.08650793650793,2.0191586132706223,5.257945832724438,42.40196394064605,0.4480498996757711,3.7705046921711327,2,10,61,1,74,74,21,0,0.0442519942311504,0.03488821235291919
2011,PH,Philippines,East Asia,Dong Nam A,ASEAN khac,1,1,0,Lower middle income,2,627643000000.0,96337913.0,6515.015537029539,627.643,96.337913,8.781864874364933,2.0241642146062278,0.0916185119111604,-0.7281683004203271,52.74969714625653,169.8989239433086,100,26,292.4556878306878,3.035727874141178,5.681726649439395,235.92006523170315,2.4488807976533926,5.46772280674092,171.0340909090909,1.7753559900045883,5.147692660133672,45.070765863394534,0.46784038038476644,3.830178602716629,1,6,62,0,69,69,20,0,0.08307174798005723,0.14938542289548867
2012,PH,Philippines,East Asia,Dong Nam A,ASEAN khac,1,1,0,Lower middle income,2,670931000000.0,98032317.0,6843.977787447378,670.931,98.032317,8.831124389455587,5.049293413777911,0.10876946619944523,-0.4800694841034768,71.97079787096555,200.338037836217,87,23,337.96439799433983,3.447479446949518,5.82589508119973,256.6169586051779,2.617677174815504,5.55147382515793,243.5768558601892,2.484658766763507,5.499529598417286,55.53329855784934,0.5664795065269073,4.034829819557122,1,13,71,3,88,88,24,0,0.05769282331649156,0.0
2013,PH,Philippines,East Asia,Dong Nam A,ASEAN khac,1,1,0,Lower middle income,2,716223000000.0,99700107.0,7183.773634265006,716.223,99.700107,8.879580099778607,4.964888218089358,0.10278361376285727,-0.6202678619130196,74.40743410537695,189.88504136652097,91,22,393.67764538433147,3.9486180830711795,5.978069344085722,291.5579004294954,2.9243489220076304,5.6786625972686675,269.2813564213564,2.7009134144796496,5.5994634772497305,54.11486293260599,0.5427763776884009,4.009419424477704,1,8,64,0,73,73,25,0,0.16517044643956247,0.05592226557953221
2014,PH,Philippines,East Asia,Dong Nam A,ASEAN khac,1,1,0,Lower middle income,2,761688000000.0,101325201.0,7517.261179674344,761.688,101.325201,8.924957145774659,4.642233488798642,0.11025071687679858,-0.5122704716040414,79.84814810485135,211.5741773725643,84,19,423.30005395121674,4.1776384332187675,6.05044087936174,329.47926397069386,3.2517010646807782,5.8005439159336865,337.01333448760926,3.3260564120431324,5.823085345851616,58.78465601140207,0.5801582965663405,4.090749039594048,1,8,70,7,86,86,30,0,0.12685327879898656,0.006204232524176179
2015,PH,Philippines,East Asia,Dong Nam A,ASEAN khac,1,1,0,Lower middle income,2,810043000000.0,103031365.0,7862.101021373443,810.043,103.031365,8.969809155221746,4.587306912143729,0.10670069704569408,-0.47513246247520036,80.78360768208161,199.556617920306,83,20,417.923749856155,4.056276939125818,6.037688922111314,327.7718476977958,3.1812822017625004,5.795364038159239,357.76496003996004,3.4723888210154263,5.88266746666421,55.6365019812414,0.5399957768320492,4.036653688672544,0,7,72,3,82,82,21,0,0.18223225601109996,0.09836532527594649
2016,PH,Philippines,East Asia,Dong Nam A,ASEAN khac,1,1,0,Lower middle income,2,867956000000.0,104875266.0,8276.079128133033,867.956,104.875266,9.021124599976448,5.265489538154933,0.10927568809759763,-0.39187152677413517,87.43605002221813,206.38729922207122,82,19,388.1562029826105,3.701122464686865,5.963980813102619,384.4134550858599,3.665434851777729,5.9543166673736065,348.2725727703669,3.3208265976685762,5.85585262817554,53.9630147558768,0.514544723594568,4.006660500046457,1,13,71,1,86,86,27,0,0.14126220848214185,0.08166680329163072
2017,PH,Philippines,East Asia,Dong Nam A,ASEAN khac,1,1,0,Lower middle income,2,928114000000.0,106738501.0,8695.212985987127,928.114,106.738501,9.070527921714042,5.064401286707421,0.11060906710548267,-0.3938866188509724,87.8376795429347,213.05997701992206,81,15,404.1266129123714,3.7861372337650816,6.004199642724681,369.7631914741505,3.4641969674480486,5.9155635608952535,290.36061892505205,2.7202988256791434,5.674561740239302,64.755942266,0.6066783930758032,4.18595004364335,0,8,73,0,81,81,30,0,0.1834665926500246,0.060675056844988334
2018,PH,Philippines,East Asia,Dong Nam A,ASEAN khac,1,1,0,Lower middle income,2,986970000000.0,108568836.0,9090.730234963557,986.97,108.568836,9.115010517824311,4.548678101546577,0.10927722160893033,-0.3982078176678164,95.46581133989062,219.23595817928455,77,16,346.3237884492528,3.1899005387628248,5.850257452795207,354.9945004277289,3.2697642666789655,5.874915282495989,358.1131688232689,3.298489529935357,5.883637572303641,64.25322672532732,0.5918201676706502,4.178275496709261,1,8,70,0,79,79,23,0,0.08674468312534635,0.03583597156033841
2019,PH,Philippines,East Asia,Dong Nam A,ASEAN khac,1,1,0,Lower middle income,2,1047360000000.0,110380804.0,9488.606370361282,1047.36,110.380804,9.157847028381877,4.376723597709087,0.11200563404576408,-0.3795050558552315,93.81380851111675,227.73918119805555,78,16,378.0216848245235,3.4247049407660004,5.9375934193415,430.70132378398495,3.9019585668535712,6.067733969000986,506.79155474020575,4.591301534098318,6.230071038057459,64.96965487465222,0.5885955938013663,4.189194861671182,1,11,74,0,86,86,27,0,0.10375177620730208,0.05393407423165347
2020,PH,Philippines,East Asia,Dong Nam A,ASEAN khac,1,1,0,Lower middle income,2,947668000000.0,112190977.0,8446.918151002465,947.668,112.190977,9.041556937968519,-10.978305756392704,0.11293838805482778,-0.40029235129657953,96.75575801794739,231.3881103343646,85,17,332.4229899435529,2.9630100283693306,5.809411923978786,534.3098508086738,4.762502877648296,6.282845739637399,461.45459847994573,4.1131168550207535,6.13654838668517,59.38952115409325,0.5293609409791774,4.100815599063225,0,9,56,0,65,65,25,0,0.08395565906416477,0.013002362572101994
2021,PH,Philippines,East Asia,Dong Nam A,ASEAN khac,1,1,0,Lower middle income,2,1001820000000.0,113880328.0,8797.129562183909,1001.82,113.880328,9.08218076114057,4.146025863170966,0.11557202751909113,-0.3701304306795576,113.95230587737275,247.192979148947,78,16,380.76021856110856,3.3435117833618158,5.944792711418578,555.2644364993786,4.875859125549573,6.32124378640098,392.81517652469535,3.449368151843533,5.975881704123414,67.24133828116689,0.5904561346290369,4.223050514379852,0,16,62,0,78,78,29,0,0.1182957453409424,0.04276820500835162
2022,PH,Philippines,East Asia,Dong Nam A,ASEAN khac,1,1,0,Lower middle income,2,1077770000000.0,115559009.0,9326.577039095238,1077.77,115.559009,9.140623349686951,6.018411723606509,0.11817277362507074,-0.32045880152667244,105.73251928704444,242.97337024285284,78,17,339.8103571286814,2.9405786711850515,5.831326185129177,509.76525189111754,4.4112982302497725,6.235910095006391,348.0528212993346,3.0119055564013584,5.855223261178,67.73800024822252,0.5861767146880129,4.230302179468445,0,13,63,0,76,76,27,0,0.11678955753434041,0.006703963279546599
2023,PH,Philippines,East Asia,Dong Nam A,ASEAN khac,1,1,0,Lower middle income,2,1137250000000.0,115559009.0,9841.292425759726,1137.25,115.559009,9.194342325502694,5.518802713009263,0.11898656781802454,-0.31161903373464367,108.67816929294324,226.02170271317746,78,17,310.0064484126984,2.6826679381847103,5.739813646410254,572.5685736766101,4.954772272896612,6.351877499912481,253.83965670527414,2.1966236895063207,5.540634550148314,57.8891185755755,0.5009485549982131,4.075656329542303,1,13,60,0,74,74,28,1,0.1183687259353775,0.06381981527342416
2001,PK,Pakistan,West and Central Asia,Nam A,Chau A khac,0,0,0,Lower middle income,2,566961000000.0,159217727.0,3560.9163042504683,566.961,159.217727,8.177773179561655,,0.04522763812488218,-1.436781807628498,9.283408736883997,45.82599213645822,125,34,49.00238095238094,0.30776963015167863,3.912070623342014,143.7222582972583,0.9026774907875572,4.974816445562154,20.916666666666664,0.13137146887335394,3.087247382389764,9.175293027094089,0.05762733333766339,2.319962529645589,0,3,33,0,36,36,21,0,0.17127447645886987,0.5737051792828686
2002,PK,Pakistan,West and Central Asia,Nam A,Chau A khac,0,0,0,Lower middle income,2,581673000000.0,163262807.0,3562.801661250379,581.673,163.262807,8.178302497834236,0.0529458386219428,0.04934613514994691,-1.3794480572526477,12.776497194039091,52.78474264942605,116,32,61.533333333333324,0.3768974358828298,4.135699747904014,201.37063492063493,1.233414018911453,5.3101008425033385,23.5,0.1439397033030309,3.1986731175506815,9.346015630961825,0.05724522199940997,2.336601482401932,0,8,33,0,41,41,23,0,0.04062838569880824,0.19148936170212766
2003,PK,Pakistan,West and Central Asia,Nam A,Chau A khac,0,0,0,Lower middle income,2,613091000000.0,166876680.0,3673.9165712069534,613.091,166.87668,8.20901355762583,3.1187509303444827,0.05686964471271226,-1.3478891974392506,20.416815357524722,64.79397773117466,120,32,81.16666666666664,0.48638711332623974,4.4087497048146345,223.94253246753246,1.341964212540257,5.415844958325999,18.367948717948718,0.1100689965664988,2.9636195718600873,14.042184565039037,0.08414707534353534,2.7108585583089275,0,8,42,0,50,49,27,0,0.09117043121149901,0.1361066517763663
2004,PK,Pakistan,West and Central Asia,Nam A,Chau A khac,0,0,0,Lower middle income,2,661103000000.0,170648620.0,3874.0600422083694,661.103,170.64862,8.262058342609967,5.447686879173341,0.05826194096013449,-1.3193262915481863,22.28427025872246,71.64767307510402,124,34,63.58910256410256,0.37263180073828056,4.168045705600472,291.5288474445451,1.708357485952978,5.678563285550944,32.6525641025641,0.19134385090582098,3.516089252372395,14.568501862755316,0.08537134295463576,2.7452497617403,0,4,43,0,47,47,29,0,0.08692963974771253,0.24500373002473597
2005,PK,Pakistan,West and Central Asia,Nam A,Chau A khac,0,0,0,Lower middle income,2,709209000000.0,174372098.0,4067.2160749020754,709.209,174.372098,8.31071403331376,4.985881235428646,0.06323220089919146,-1.2910492727340483,25.95325806226783,82.73451183991828,121,32,105.56394230769226,0.6053946905409847,4.668745202238485,355.4594136857295,2.038510849859302,5.87622038676949,55.8940725940726,0.32054481901154047,4.041191163369812,17.358988243073856,0.09955141012912432,2.9101192770875293,0,7,41,0,48,47,29,0,0.043304829958926795,0.20003114886177073
2006,PK,Pakistan,West and Central Asia,Nam A,Chau A khac,0,0,0,Lower middle income,2,752128000000.0,178069984.0,4223.777545799072,752.128,178.069984,8.348485159652471,3.849352186206767,0.06646101448571186,-1.2556191596051987,28.365211282364136,93.76214215491787,123,32,111.82032967032964,0.6279572062539728,4.725796550398765,508.98313492063494,2.8583320079404,6.234377656388518,43.29199900884979,0.24311789127161257,3.7908040514582266,18.150269284359137,0.10192773019151356,2.9523167773742185,0,10,40,0,50,50,28,0,0.03462514270177662,0.04619791291206391
2007,PK,Pakistan,West and Central Asia,Nam A,Chau A khac,0,0,0,Lower middle income,2,785558000000.0,181924521.0,4318.043525314545,785.558,181.924521,8.370557690994897,2.2317931873384156,0.06995369881500654,-1.1648420161126196,27.26688354830335,109.90329969974924,118,31,111.92103937728936,0.6152059038665236,4.726688807888529,651.6950147075147,3.5822274596370365,6.481109967658141,61.384126984126986,0.33741535581191384,4.133310867762134,19.15330407942889,0.10528159686306877,3.0033682491156033,0,14,38,0,52,50,38,0,0.01872712769306984,0.1303268514687629
2008,PK,Pakistan,West and Central Asia,Nam A,Chau A khac,0,0,0,Lower middle income,2,802216000000.0,185931955.0,4314.567659980771,802.216,185.931955,8.369752403823494,-0.08049630147072273,0.07632881747695694,-1.0354242461188357,37.76849640899556,133.7511462917352,119,31,173.16410464535463,0.9313305216704393,5.159997984892448,793.0076300526958,4.265042176600014,6.67709307083912,77.96626984126983,0.4193268975269466,4.369020797257366,22.181343083029734,0.11929817595383072,3.1433477776925005,0,16,37,0,53,50,36,0,0.05883147677091803,0.06413029647537855
2009,PK,Pakistan,West and Central Asia,Nam A,Chau A khac,0,0,0,Lower middle income,2,830073000000.0,190123222.0,4365.973768317475,830.073,190.123222,8.381596528919022,1.1914544489246337,0.07743584731028685,-1.1641815339484398,38.257726403023,118.84806171945604,121,34,167.73503787878786,0.8822438212139486,5.128329661399719,866.4586075474233,4.557352849550505,6.765567796039894,78.03134278002699,0.4104251019900504,4.369844517835886,19.706109918102225,0.10364914769907604,3.030428821844379,0,13,42,0,55,51,36,0,0.05763057491692459,0.16788125813660987
2010,PK,Pakistan,West and Central Asia,Nam A,Chau A khac,0,0,0,Lower middle income,2,842538000000.0,194454498.0,4332.828546861385,842.538,194.454498,8.373975851804337,-0.7591713375974751,0.07896293925470964,-1.198410549986432,37.61253193326736,131.1421435954868,125,33,139.77575757575758,0.7188095879158196,4.94716825259136,1065.37980472708,5.478812862056191,6.972024830882363,67.07056277056277,0.34491648925787655,4.220544854952682,23.03223910139167,0.11844539127807509,3.179396224824494,0,14,43,0,57,52,35,0,0.07184977793745086,0.0
2011,PK,Pakistan,West and Central Asia,Nam A,Chau A khac,0,0,0,Lower middle income,2,865119000000.0,198602738.0,4356.0275588949835,865.119,198.602738,8.379315810684579,0.5354241872876253,0.08575918533738949,-1.1577239509172434,42.55772267646023,154.87356039456856,125,32,177.29330808080803,0.8927032419905915,5.183429992368954,1305.704259897739,6.574452462471786,7.175263414032443,63.18088520674728,0.31812695959280923,4.161705428150435,27.02802283919595,0.13609088732299324,3.333204825378654,0,20,44,0,64,60,38,0,0.03211165655269368,0.27978936736375476
2012,PK,Pakistan,West and Central Asia,Nam A,Chau A khac,0,0,0,Lower middle income,2,891312000000.0,202205861.0,4407.94344729701,891.312,202.205861,8.391163521189881,1.191817262404915,0.08712086766496134,-1.1660195023331708,43.636732844254645,153.08959372173624,125,35,170.54713897213898,0.84343321271058,5.144858091649438,1367.4616085129512,6.762719941698185,7.221442474388246,87.60653235653236,0.43325416940576394,4.484205583522247,24.705513537433767,0.12218000712369938,3.2467055034224295,0,19,46,0,65,61,42,0,0.014137505475861413,0.0
2013,PK,Pakistan,West and Central Asia,Nam A,Chau A khac,0,0,0,Lower middle income,2,930234000000.0,205337562.0,4530.267092583869,930.234,205.337562,8.41853617757425,2.775072927985711,0.08765193200181008,-1.2633982266459967,49.16642312080076,159.29779170064324,125,33,173.14015567765566,0.8431976789402792,5.159860467379946,1721.895130180973,8.3856802107204,7.451761370009885,59.16461038961039,0.28813340244884367,4.097084312170836,25.094254478489862,0.1222097614974598,3.261715155171639,0,19,45,0,64,62,40,0,0.017249896202489557,0.05070598758691083
2014,PK,Pakistan,West and Central Asia,Nam A,Chau A khac,0,0,0,Lower middle income,2,968526000000.0,208251628.0,4650.7487566915925,968.526,208.251628,8.444783508563027,2.659482578962158,0.09191190308576976,-1.1563348182962687,57.62707662396788,171.68910578300034,124,34,198.62764041514038,0.9537867354157749,5.296453833323797,1902.2395648262418,9.134332264745808,7.551312747353081,120.25593674185005,0.577454965883148,4.797903491438334,23.853861742636013,0.1145434586597134,3.213013142587129,0,14,43,0,57,55,33,0,0.030071357351560468,0.0
2015,PK,Pakistan,West and Central Asia,Nam A,Chau A khac,0,0,0,Lower middle income,2,1009380000000.0,210969298.0,4784.487646159774,1009.38,210.969298,8.473134223161386,2.875642105494425,0.09627227224329817,-1.09604431071714,63.51888030136203,176.118105129832,116,32,202.05900488400485,0.957764977176939,5.313496601260285,2234.305031981154,10.59066439127628,7.712132977368797,190.98631099174577,0.9052801180186216,5.257424072568044,21.385326587488144,0.10136700832880499,3.1084056811548804,0,21,46,0,67,63,38,0,0.021033460015502794,0.05864294640721163
2016,PK,Pakistan,West and Central Asia,Nam A,Chau A khac,0,0,0,Lower middle income,2,1075730000000.0,213524840.0,5037.961859613149,1075.73,213.52484,8.524756886342642,5.297834004375024,0.09436953121891829,-1.1041128140294816,63.36451147559231,172.06334438476935,120,31,169.95839438339436,0.7959654454413564,5.141420219199091,2591.4251778424546,12.136410816851352,7.860349078681392,158.14349123099123,0.7406327583759867,5.069806255819794,19.61135490567366,0.0918457773141226,3.0258421329489336,0,29,43,0,72,70,46,0,0.019645060706297394,0.05901813132290511
2017,PK,Pakistan,West and Central Asia,Nam A,Chau A khac,0,0,0,Lower middle income,2,1123420000000.0,216379655.0,5191.892925423141,1123.42,216.379655,8.554853635178807,3.055423405325497,0.10087962754633566,-1.0302311785396625,71.30330270553792,189.9149577198598,119,32,213.22104007104005,0.985402440312792,5.367008379478465,3097.812889026011,14.3165626593961,8.038774378109498,149.9491706852271,0.6929910794303978,5.016943162167746,20.531964618,0.09488860964308311,3.069538557468678,0,40,43,0,83,77,55,0,0.08287011005165157,0.04038405499599169
2018,PK,Pakistan,West and Central Asia,Nam A,Chau A khac,0,0,0,Lower middle income,2,1192530000000.0,219731479.0,5427.215096476914,1192.53,219.731479,8.599181407786347,4.532492761964946,0.10092297810794248,-1.1206366185726457,77.95329162534539,196.44323570416137,121,33,141.12528860028857,0.6422624980387474,4.956708982677529,3620.1464477029685,16.475320077843595,8.194545952941997,191.6533835960707,0.8722163272567364,5.260892634354581,22.820169596531162,0.10385480360113154,3.170532683823351,0,44,44,0,88,80,69,0,0.015943280062106453,0.026088764550789335
2019,PK,Pakistan,West and Central Asia,Nam A,Chau A khac,0,0,0,Lower middle income,2,1222310000000.0,223293280.0,5474.011577957026,1222.31,223.29328,8.607767004680051,0.8622558835099436,0.10576425282775268,-1.212114583563411,78.4173099224333,203.60205738713142,129,36,172.34722222222223,0.7718424048507964,5.155296647902398,4509.330861717687,20.194655485009164,8.414125791605809,220.87502541719158,0.9891700521269228,5.4021142747860305,22.07642018014691,0.09886737379712865,3.1388113247635774,0,71,40,0,111,89,87,0,0.057989324819118594,0.032446704434465484
2020,PK,Pakistan,West and Central Asia,Nam A,Chau A khac,0,0,0,Lower middle income,2,1206740000000.0,227196741.0,5311.431821990792,1206.74,227.196741,8.577616724213897,-2.9700294500822233,0.1069399901663115,-1.3290360813993314,81.35048491374798,203.1315756978612,134,38,170.58116883116884,0.7508081677596283,5.145056442286023,5744.9388888009335,25.28618528379742,8.656248604049496,210.25683717623372,0.9254394946458925,5.353074631044821,20.283248943490154,0.08927614390159828,3.0579203287355528,0,91,38,0,129,102,105,0,0.09568366817838642,0.0340852966444068
2021,PK,Pakistan,West and Central Asia,Nam A,Chau A khac,0,0,0,Lower middle income,2,1285340000000.0,231402117.0,5554.573210754161,1285.34,231.402117,8.622376869374948,4.577699515160805,0.10933966816260411,-1.3095526702650024,90.61773626978082,214.35385374501442,133,35,136.2056277056277,0.5886101193517936,4.921480732713151,5780.82420592892,24.981725668174935,8.662474518435245,150.83864549623064,0.6518464370670846,5.022818414222716,25.540622490501633,0.11037333115885725,3.2786764834331326,0,106,48,0,154,120,129,0,0.02971697363611804,0.06629600767828357
2022,PK,Pakistan,West and Central Asia,Nam A,Chau A khac,0,0,0,Lower middle income,2,1346760000000.0,235824862.0,5710.848248052828,1346.76,235.824862,8.650122846442244,2.813448151085751,0.11218075362012028,-1.304656529927309,89.24287391850802,206.90394776952243,127,34,176.03170995670993,0.7464510249844223,5.1763288688257685,6199.07678952946,26.2867822203134,8.732316956364462,127.05349205355598,0.5387620752792214,4.852448083289352,24.42940588479046,0.1035913078782612,3.2359062163923555,0,116,45,0,161,121,134,0,0.009467991119762093,0.0
2023,PK,Pakistan,West and Central Asia,Nam A,Chau A khac,0,0,0,Lower middle income,2,1346220000000.0,235824862.0,5708.55841314984,1346.22,235.824862,8.649721803725821,-0.0400962309542896,0.11382807235667515,-1.3335285293086305,91.76530946926103,194.06660548283725,127,32,198.14545454545453,0.8402229216419707,5.294035485091276,6476.985778244132,27.465237224411617,8.776164904335863,219.1609524995143,0.9293377748250916,5.394358881132397,22.646205244559045,0.09602976146153346,3.1632026472881813,0,110,44,0,154,111,128,1,0.046091651512370914,0.023384640108330235
2001,QA,Qatar,West and Central Asia,Tay A,Chau A khac,0,0,0,High income,4,62447621176.0,678831.0,91992.8836131526,62.447621176,0.678831,11.429466501008404,,0.061107784957321123,-0.5104655901478256,62.425129377590096,71.35957816372327,73,17,4.833333333333333,7.120083398273405,1.7635885922613586,32.25,47.50814267468634,3.5040547671018634,32.95238095238095,48.54283459709552,3.524958982690873,13.198985989349396,19.44369952071929,2.65317055285671,2,36,24,4,66,66,7,0,0.646551724137931,0.6127167630057804
2002,QA,Qatar,West and Central Asia,Tay A,Chau A khac,0,0,0,High income,4,66932704049.0,713186.0,93850.2775559251,66.932704049,0.713186,11.449455999452212,2.0190626381310084,0.0619809071552096,-0.6387962055094858,61.75290658181971,72.53132025466574,78,19,9.366666666666665,13.133553752690975,2.3385955305170785,25.416666666666664,35.638201908992414,3.2739951240892804,31.133333333333333,43.65387617442481,3.46989391294839,10.068915504297834,14.118218114626247,2.404140774830023,2,27,28,3,60,60,6,0,0.6761565836298933,0.7066381156316917
2003,QA,Qatar,West and Central Asia,Tay A,Chau A khac,0,0,0,High income,4,69422572981.0,748525.0,92745.8307751912,69.422572981,0.748525,11.437618028248469,-1.176817809703079,0.07248254310656493,-0.2798822230264883,75.8144157185097,93.29546467218682,63,12,5.533333333333333,7.392315999242956,1.8769172775683618,28.398351648351646,37.93908239317544,3.3809386063902607,14.684920634920635,19.61847718502473,2.752699781694911,14.873000199439522,19.86974409597478,2.7646195651548067,1,32,24,7,64,64,5,0,0.0,0.0
2004,QA,Qatar,West and Central Asia,Tay A,Chau A khac,0,0,0,High income,4,82764838509.0,777943.0,106389.33509138845,82.764838509,0.777943,11.574860616762416,14.710638960438072,0.09302309482283004,0.13145214101594496,105.1738129648627,137.0501076204348,42,8,7.788095238095237,10.011138654239753,2.1733979917525845,41.50757575757576,53.355548873858055,3.7496823131646013,106.12777306967985,136.42101422556644,4.674022262880961,20.48494072093799,26.332187218006958,3.06735225813253,1,35,29,38,103,103,5,0,0.0,0.4555575312379007
2005,QA,Qatar,West and Central Asia,Tay A,Chau A khac,0,0,0,High income,4,88966207967.0,848710.0,104825.21469877815,88.966207967,0.84871,11.56004962020074,-1.4701853256877007,0.12214387231668286,0.1541004943933285,134.384980461587,184.03973115531736,37,7,8.438095238095238,9.942259709553603,2.2447541841724648,54.516666666666666,64.23474056705668,4.016683275971579,85.40968905646325,100.634715104645,4.4590998113797955,27.206184679902243,32.05592567532166,3.3395412687882238,1,30,26,38,95,95,5,0,0.0,0.20366940441958847
2006,QA,Qatar,West and Central Asia,Tay A,Chau A khac,0,0,0,High income,4,112249000000.0,1015060.0,110583.61082103521,112.249,1.01506,11.613527172831729,5.493331102449139,0.09758701245307728,-0.17709192857159506,102.84125474559302,157.20993608328783,60,11,14.70238095238095,14.484248174867446,2.7538123538740007,54.199999999999996,53.39585837290406,4.01096295328305,116.80541125541126,115.07242060115782,4.769034206116718,36.4860864695371,35.944758407913916,3.6239698366496294,2,38,27,18,85,85,7,0,0.0,0.5004048988123585
2007,QA,Qatar,West and Central Asia,Tay A,Chau A khac,0,0,0,High income,4,132438000000.0,1231893.0,107507.71373812498,132.438,1.231893,11.585317879679025,-2.781512613011128,0.11418389885250278,-0.08446536759225552,119.68517634250999,200.15537760014647,58,12,22.019047619047623,17.874155968941803,3.13632203054596,79.86666666666666,64.83247056900775,4.39280170784184,164.7469979296066,133.7348275618147,5.110462516863374,44.78662630294267,36.35593862692837,3.823992046360064,5,51,26,12,94,94,8,0,0.10218425605536328,0.6979357267810107
2008,QA,Qatar,West and Central Asia,Tay A,Chau A khac,0,0,0,High income,4,155831000000.0,1444277.0,107895.50757922477,155.831,1.444277,11.588918515339842,0.36071257365253295,0.11893089465688018,0.10212806130758871,131.4509594513872,227.29896204235857,46,9,23.73809523809524,16.435971242424575,3.2083443728158594,87.05757575757575,60.27761693745434,4.477990870509371,282.0145670995671,195.2634896903898,5.645498370168565,64.7638521686917,44.84171122900364,4.186070328239828,6,53,21,22,102,102,6,0,0.0,0.2235818311863016
2009,QA,Qatar,West and Central Asia,Tay A,Chau A khac,0,0,0,High income,4,174463000000.0,1610274.0,108343.6731885381,174.463,1.610274,11.593063612906473,0.41537003659235516,0.12795885839608603,-0.18202157244135186,145.3371290810694,209.0245945581148,63,13,20.13571428571429,12.504526736266182,3.0509642297909054,109.08571428571427,67.74357301037853,4.701259283136744,274.11262626262624,170.22731924046855,5.617180563869756,45.92047535249984,28.517181145879423,3.8484541548614026,5,52,24,22,103,103,12,0,0.09932600212841432,0.18993105392423304
2010,QA,Qatar,West and Central Asia,Tay A,Chau A khac,0,0,0,High income,4,208644000000.0,1713504.0,121764.5246232282,208.644,1.713504,11.70984433258272,12.38729594420831,0.12708803857805612,-0.3807704617202382,152.82167182738866,222.69617124730365,76,17,17.166666666666668,10.018457305420162,2.899588413001089,147.2313852813853,85.92415616268494,4.99877446696807,175.92667332667332,102.67071061793456,5.175735371747692,72.24009184511554,42.159278207179874,4.293742973834955,4,73,22,16,115,115,6,0,0.11650485436893208,0.22324641998471345
2011,QA,Qatar,West and Central Asia,Tay A,Chau A khac,0,0,0,High income,4,236551000000.0,1804171.0,131113.40333039383,236.551,1.804171,11.78381790198123,7.677834522077398,0.16163748355109483,-0.08213549389463025,184.96388121941544,308.1544133317534,60,11,29.97222222222222,16.612739159548745,3.433090745438109,186.39487734487733,103.31330973886473,5.233218034024499,277.0968783742282,153.58681542615872,5.6279695363449465,114.8522693614707,63.659303559069905,4.7523158394778156,8,98,19,58,183,183,13,0,0.06672845227062094,0.47307367203610373
2012,QA,Qatar,West and Central Asia,Tay A,Chau A khac,0,0,0,High income,4,247739000000.0,1905660.0,130001.6792082533,247.739,1.90566,11.77530264634086,-0.8479103538629684,0.17021013558042253,-0.03815402592705228,192.92792781306443,321.0868975087842,55,11,54.584523809523816,28.643369651209458,4.017904813760762,215.437987012987,113.05163933387226,5.377304072292304,318.53322371115473,167.1511306902358,5.766861254987744,123.80328314355995,64.96609213792594,4.826738762829361,12,109,23,75,219,219,9,0,0.0,0.09451942063311188
2013,QA,Qatar,West and Central Asia,Tay A,Chau A khac,0,0,0,High income,4,261504000000.0,2035501.0,128471.5654770005,261.504,2.035501,11.76346287849668,-1.1769953592689175,0.203341385760256,-0.0023786183042248782,252.26314414374198,375.71101236312154,59,11,93.79126984126982,46.07773213634866,4.551677314738442,288.6706218759927,141.8179710429976,5.668744490851563,393.17750478835876,193.16006466631987,5.976801327611781,118.92440903527466,58.42512926069536,4.786861619590075,9,141,25,119,294,294,7,0,0.04087089704426411,0.13526150773912923
2014,QA,Qatar,West and Central Asia,Tay A,Chau A khac,0,0,0,High income,4,275453000000.0,2214465.0,124388.05761210948,275.453,2.214465,11.731161454776274,-3.17853047849882,0.2148964667942075,0.03396758535942058,270.04707954234044,400.18844244334656,55,11,112.26049783549783,50.69418475139495,4.72969045618631,423.9306518515479,191.43705222324485,6.051925983496394,319.97031375847473,144.49102323065603,5.771348638350236,116.94910274151964,52.81144779507449,4.770253198715972,15,182,26,122,345,345,11,0,0.026714876550122356,0.0672738691686547
2015,QA,Qatar,West and Central Asia,Tay A,Chau A khac,0,0,0,High income,4,288547000000.0,2414573.0,119502.28881048533,288.547,2.414573,11.6910908033961,-3.9278439549718547,0.2194850972659865,-0.20034383331514755,291.2997701532926,388.28657197969665,69,15,144.9318181818182,60.0237881322363,4.983139513875788,551.5122003818143,228.4098266574729,6.314475515287131,509.13659898245027,210.8598907477431,6.234678530997396,36.95526021383649,15.305091299304884,3.636408103296541,9,249,31,98,387,387,11,0,0.07161262101466616,0.09645959691223052
2016,QA,Qatar,West and Central Asia,Tay A,Chau A khac,0,0,0,High income,4,297388000000.0,2595166.0,114593.05493367284,297.388,2.595166,11.649142478753348,-4.108066820877276,0.2292728235364415,-0.15063769992249243,307.2850378127642,402.0584663023287,67,14,111.00833333333334,42.77504149381325,4.718573273289103,717.942049913354,276.6459062400456,6.577780756299479,502.97588448466297,193.81260562317132,6.222528418681889,47.82232914666185,18.427464426808093,3.888187772689172,13,277,27,91,408,408,10,0,0.056302079423466676,0.044385825819211314
2017,QA,Qatar,West and Central Asia,Tay A,Chau A khac,0,0,0,High income,4,292935000000.0,2711755.0,108024.13934887186,292.935,2.711755,11.590109993620716,-5.732385429992338,0.21630350034007306,-0.3140442867556717,297.4603594270827,390.5773034349977,78,14,105.17619047619047,38.78528498193622,4.665099888532902,640.9941956718856,236.37614595414612,6.464579262639567,638.2951959130978,235.38084963910742,6.460366313139563,54.943705652,20.261308876354978,4.024345928911963,8,275,28,87,398,398,12,0,0.03586574304643757,0.20976141208182786
2018,QA,Qatar,West and Central Asia,Tay A,Chau A khac,0,0,0,High income,4,296552000000.0,2766732.0,107184.93876530144,296.552,2.766732,11.582311021155931,-0.7768639385870579,0.2075353275447847,-0.2655751171821482,298.31516071223973,397.97156592164447,74,14,85.77857142857142,31.003570793474548,4.463359718245438,655.6577114337331,236.97911884263928,6.487162895560376,300.7570281642314,108.70479257269275,5.70962215105431,41.0209192288731,14.826488156016952,3.7381675711621836,8,265,27,64,364,364,11,0,0.11178475118020458,0.03113059453735058
2019,QA,Qatar,West and Central Asia,Tay A,Chau A khac,0,0,0,High income,4,298593000000.0,2807235.0,106365.51624641329,298.593,2.807235,11.574636707930962,-0.7644940868813732,0.20489656246142512,-0.519829354755868,294.72197866232096,390.8121004000984,90,22,101.5037518037518,36.1579104719597,4.629899400872023,831.8538831243239,296.3249899364763,6.724858216365659,256.2167586214264,91.27014967447556,5.549919148177895,59.474866154845664,21.18627979305105,4.102227843262483,8,285,24,44,361,361,11,0,0.08483539729408135,0.03542673447967041
2020,QA,Qatar,West and Central Asia,Tay A,Chau A khac,0,0,0,High income,4,287970000000.0,2760385.0,104322.40430229841,287.97,2.760385,11.55524142427122,-1.9208405282231444,0.22635631546371535,-0.4243755503397474,331.5169498081729,409.9751742907113,86,18,116.42857142857143,42.17838143178268,4.765830246000867,1071.706194212502,388.24518833876505,6.97793988799941,377.46755860049626,136.7445333170903,5.936130358769534,22.546469534188056,8.167871341928048,3.1589758956016687,12,329,29,92,462,462,11,0,0.17723224668190385,0.015957015846038244
2021,QA,Qatar,West and Central Asia,Tay A,Chau A khac,0,0,0,High income,4,292655000000.0,2688235.0,108865.11037911492,292.655,2.688235,11.597864875394094,4.354487520871331,0.21996567431532696,-0.4777730590700536,337.2645784673064,425.551797695472,82,19,90.51587301587301,33.67111618436372,4.516512432819638,994.0560774585306,369.7802005622762,6.902799094825275,255.80683551699713,95.15791421397203,5.548324189518394,69.23041797682346,25.7531123494871,4.251781521695629,6,342,24,50,422,422,14,0,0.02071459886014907,0.047561929461647445
2022,QA,Qatar,West and Central Asia,Tay A,Chau A khac,0,0,0,High income,4,304903000000.0,2695122.0,113131.42781662574,304.903,2.695122,11.636305499866465,3.9189024129527628,0.23526612936580538,-0.24044244120743893,331.52407973795385,434.6572245078676,73,15,100.25194805194805,37.19755471253177,4.617611945820801,903.7371084864641,335.32326495292756,6.807644413639895,369.4753484363948,137.09039829603068,5.914786906588371,53.78429126959236,19.956162010325453,4.003403497196008,4,317,26,152,499,499,43,0,0.01496230276964531,0.005773953099608719
2023,QA,Qatar,West and Central Asia,Tay A,Chau A khac,0,0,0,High income,4,308522000000.0,2695122.0,114474.22417241223,308.522,2.695122,11.648104960235786,1.1869348612509434,0.26206551299867703,-0.17879064347812706,378.30958747608895,433.1559446238851,69,15,111.5611111111111,41.393714685684394,4.7234962840359405,971.9843698936846,360.6457777769187,6.880368018227262,316.31305806595554,117.36502394546723,5.759888851432733,69.42085511641477,25.757963875629663,4.25448945674342,15,350,26,144,535,535,32,1,0.058370741354656516,0.05178143604053002
2001,SA,Saudi Arabia,West and Central Asia,Tay A,Chau A khac,0,0,0,High income,4,908462000000.0,22085929.0,41133.067121604894,908.462,22.085929,10.624567629842286,,0.12204195899005353,-0.18074970224016584,125.44364647433184,141.9293513546179,51,9,80.82097288676235,3.659387517127414,4.4045336030045315,225.89166666666665,10.227854425623963,5.4244726642125665,223.79025974025973,10.132707559653014,5.415167788523264,74.3484768541778,3.366327803289497,4.322123710590526,14,104,58,48,224,224,32,0,0.21120972476430572,0.5761782203690646
2002,SA,Saudi Arabia,West and Central Asia,Tay A,Chau A khac,0,0,0,High income,4,902208000000.0,22623415.0,39879.39044569531,902.208,22.623415,10.59361493924721,-3.0478560526576937,0.12864476526054477,-0.28286518748409056,127.45643308260117,154.76043590170494,61,13,104.79643806485912,4.632211276010236,4.661516852173712,297.6630952380952,13.157301638063712,5.699316166327161,181.94345238095238,8.04226295548008,5.209177101707264,72.35709249508899,3.198327595329396,4.295339193780684,16,104,73,21,214,214,33,0,0.2401855789598716,0.6462859666628499
2003,SA,Saudi Arabia,West and Central Asia,Tay A,Chau A khac,0,0,0,High income,4,981320000000.0,23150847.0,42388.08195656945,981.32,23.150847,10.654622515778028,6.290696730408363,0.12303691460538374,-0.334533670432934,119.32345089002565,156.54247494629666,66,14,115.85959595959595,5.004551062844308,4.760973179646379,269.7663059163059,11.65254584060384,5.601256109058621,201.40714285714284,8.69977426126754,5.310281227586765,98.51042608483635,4.255154296723414,4.600262423447231,16,98,64,26,204,204,37,0,0.28612525611869466,0.6445898499840408
2004,SA,Saudi Arabia,West and Central Asia,Tay A,Chau A khac,0,0,0,High income,4,1066020000000.0,23661808.0,45052.34764815943,1066.02,23.661808,10.715580373735511,6.285412239977672,0.1328930290298473,-0.24339165254026066,126.91131760432708,188.00146600659886,63,12,174.6996943115364,7.383192962749778,5.168776255359645,295.4905122655123,12.488078352487362,5.692015218821286,213.21481851481852,9.010926743840475,5.366979336362221,121.42957515097615,5.131880672473386,4.80753596794157,23,99,67,25,214,214,38,0,0.34338311352135864,0.6043722101902369
2005,SA,Saudi Arabia,West and Central Asia,Tay A,Chau A khac,0,0,0,High income,4,1129390000000.0,24397644.0,46290.94514208011,1129.39,24.397644,10.742701651662632,2.749240735674019,0.13561948276265903,-0.11134364767367563,123.4544987391419,200.40846615590937,55,12,155.11237373737373,6.357678378181669,5.050576092396331,278.01388888888886,11.395112121846227,5.6312615615460935,372.99147646481055,15.288012091036764,5.92423300695379,170.03613331778337,6.969366932224413,5.141874840132651,27,75,62,64,228,228,41,0,0.15228393044655286,0.2255069101998813
2006,SA,Saudi Arabia,West and Central Asia,Tay A,Chau A khac,0,0,0,High income,4,1166810000000.0,25382870.0,45968.40310020104,1166.81,25.38287,10.735709550328748,-0.6967713467268877,0.1368233647745576,-0.1804294444584008,127.92654703639032,214.73892253532426,62,12,202.51666666666665,7.978477873726125,5.315747901610921,339.7857059120217,13.386417923269578,5.831253851329124,464.3878862709358,18.295326189313336,6.142871221889423,203.91877089530487,8.03371608077829,5.322613661079682,30,85,59,40,214,214,34,0,0.06647307099944744,0.5321786227118548
2007,SA,Saudi Arabia,West and Central Asia,Tay A,Chau A khac,0,0,0,High income,4,1192640000000.0,26400068.0,45175.64121425748,1192.64,26.400068,10.718313309366502,-1.7245799994737965,0.1522450207546013,-0.07281942977050644,133.29681449977878,262.0211536733576,55,11,219.6881313131313,8.321498691334101,5.396750534350076,398.8404761904762,15.107554881694856,5.991065658038504,486.66048730851224,18.43406188607212,6.189619440997323,214.49706523005764,8.124867906781818,5.372947291029065,29,97,59,46,231,231,39,0,0.05462288712764307,0.4437203556726929
2008,SA,Saudi Arabia,West and Central Asia,Tay A,Chau A khac,0,0,0,High income,4,1267040000000.0,27437353.0,46179.38180844195,1267.04,27.437353,10.740288696254181,2.22186241789899,0.16974149539155545,0.06197445468371868,147.7942281420567,310.42343690640234,50,11,247.2111111111111,9.01002043131169,5.514279638533659,469.1126373626373,17.09759091420507,6.152972319954738,638.8760342251652,23.284900486762158,6.461274461068944,294.7296840336929,10.741913916903458,5.689445807459944,21,92,56,102,271,271,49,0,0.090574213023982,0.2551551890477458
2009,SA,Saudi Arabia,West and Central Asia,Tay A,Chau A khac,0,0,0,High income,4,1253520000000.0,28483797.0,44008.17770187029,1253.52,28.483797,10.69213075249184,-4.701674257091815,0.18323156448212236,0.002634136727106707,171.78377909708422,294.25531163653665,49,10,353.5806277056277,12.413395156047057,5.870935760747949,666.2958624708624,23.392101217083606,6.503233519487015,633.0028135834586,22.223259545890553,6.452053392256178,172.13874704964772,6.043391864141137,5.154093279130091,33,102,73,75,283,283,47,0,0.12255982181840606,0.1242737061323064
2010,SA,Saudi Arabia,West and Central Asia,Tay A,Chau A khac,0,0,0,High income,4,1316700000000.0,29411929.0,44767.5499284661,1316.7,29.411929,10.709238823994061,1.725525268826411,0.1859105237138247,-0.07955855928943514,176.49385132730725,323.92857061248435,60,12,395.31710858585853,13.440706612132054,5.982214670059053,1124.7491924741923,38.241258928450165,7.026204041858921,519.6390980635505,17.667630642775944,6.255057091668137,232.0344616761014,7.889127628320515,5.451186346818231,28,161,67,67,323,323,53,0,0.019047165341782742,0.20874544545225968
2011,SA,Saudi Arabia,West and Central Asia,Tay A,Chau A khac,0,0,0,High income,4,1471520000000.0,30150945.0,48805.103786962565,1471.52,30.150945,10.795590172170938,9.018929704547297,0.1953472477802161,-0.10586167043507928,190.62631283448852,364.27524268177564,63,12,477.94563492063486,15.851763018394111,6.171587093935474,1645.40479423111,54.572246217526846,7.406349277023499,627.4848037133468,20.811447326554667,6.4433118490798345,334.5019346917942,11.094243802036527,5.8156277229876405,33,198,54,65,350,349,55,0,0.0370673967325642,0.19228817218978583
2012,SA,Saudi Arabia,West and Central Asia,Tay A,Chau A khac,0,0,0,High income,4,1556310000000.0,30821543.0,50494.22736557998,1556.31,30.821543,10.829614299137136,3.4609568417076852,0.20859218042693256,-0.14001672215208394,211.61783730400683,373.497497223284,66,12,713.3364564765304,23.144086474727448,6.571354078904911,2048.130116880117,66.45125186886708,7.625170648848422,570.1092528397367,18.49710291401494,6.347580527325135,339.0764006150326,11.001279222621418,5.829170300058488,44,207,63,51,365,364,65,0,0.06514573735537749,0.14345358347919984
2013,SA,Saudi Arabia,West and Central Asia,Tay A,Chau A khac,0,0,0,High income,4,1602150000000.0,31482498.0,50890.18031542478,1602.15,31.482498,10.837425262815445,0.7841548836426293,0.22278060610837255,-0.05807976473648753,246.74154770640183,399.2715716106693,63,12,1052.3542520087412,33.42664397243006,6.95973487721762,2586.4694806420007,82.15578956415723,7.858435642583098,713.92012570371,22.676730598179027,6.57217082415122,320.32372952289126,10.174660521629868,5.772449118118905,54,235,62,63,414,413,69,0,0.22398938958929843,0.2241065812766707
2014,SA,Saudi Arabia,West and Central Asia,Tay A,Chau A khac,0,0,0,High income,4,1666630000000.0,32125564.0,51878.622271036234,1666.63,32.125564,10.856662082006755,1.9423038973038542,0.22268338935836193,-0.16262895261085578,261.41539454552924,402.97883114309667,67,14,1154.3572753478236,35.93266955088551,7.052164904428923,3184.385455674792,99.12309884037498,8.066328582873556,686.2424139111787,21.36125653424104,6.532687088659483,304.22069791581487,9.469738738775602,5.721035114659338,52,242,59,49,402,401,79,0,0.052223376103648016,0.1186776932112036
2015,SA,Saudi Arabia,West and Central Asia,Tay A,Chau A khac,0,0,0,High income,4,1744210000000.0,32749848.0,53258.56779549023,1744.21,32.749848,10.882913968196938,2.659950214646334,0.2599741302252997,-0.007919022085930016,292.7782044252583,442.8939059821196,57,11,1280.4698994368412,39.09849900484549,7.15576305698893,3744.0875718284296,114.32381523811743,8.228200279343728,794.3761138867729,24.255871779520106,6.678815102006821,157.13119811408953,4.797921447271741,5.06342505627304,60,259,81,76,476,476,85,0,0.014980239707456058,0.1009880902137705
2016,SA,Saudi Arabia,West and Central Asia,Tay A,Chau A khac,0,0,0,High income,4,1773940000000.0,33416270.0,53086.11643370131,1773.94,33.41627,10.879670712284286,-0.32380022393978525,0.24845612697779249,-0.14028639843090898,293.0977149293379,420.84960158767166,66,13,1486.4272662723374,44.48214197073275,7.304803239600667,4177.828711341206,125.02378964921,8.33778627365412,898.0548248445699,26.874777611162767,6.801344016866405,148.60772249179414,4.447166679338961,5.008016685142515,57,261,88,70,476,476,84,0,0.01865939814935066,0.17464997527698645
2017,SA,Saudi Arabia,West and Central Asia,Tay A,Chau A khac,0,0,0,High income,4,1794910000000.0,34193122.0,52493.305525011725,1794.91,34.193122,10.868440926639838,-1.1166966968283343,0.2466858264415452,-0.14474996495720052,290.99614216949993,430.1178245933977,71,13,1847.9453826510617,54.04435964200817,7.522370692092576,4059.3223361986893,118.71751097190509,8.309017642596695,1051.181786679579,30.74249220880091,6.958621179395493,158.623036628,4.639033447369912,5.072815014374162,64,263,93,51,471,471,88,0,0.017548365030178675,0.34336326111425414
2018,SA,Saudi Arabia,West and Central Asia,Tay A,Chau A khac,0,0,0,High income,4,1852830000000.0,35018133.0,52910.587780336544,1852.83,35.018133,10.876358744895942,0.7949247073533838,0.24170364398512353,-0.1468867000339472,311.42211791958226,440.46342486733187,69,13,2283.176478655528,65.19983457300617,7.733760835153247,4370.376672709114,124.80324615561642,8.382833266558599,761.7446443226679,21.75286284744729,6.6369233020351475,204.52922902280994,5.840666292026761,5.325588257509677,68,255,87,59,469,469,96,0,0.23039970747845756,0.032369564841860626
2019,SA,Saudi Arabia,West and Central Asia,Tay A,Chau A khac,0,0,0,High income,4,1883430000000.0,35827362.0,52569.59750483443,1883.43,35.827362,10.86989323741809,-0.6444651057700646,0.25263193312061083,-0.14218860546716622,310.43957123980016,459.4881931070763,68,13,2792.00731147797,77.92946942278277,7.934874183728349,5185.232475279915,144.72827989065772,8.55376279256784,850.1373551979599,23.72871759852037,6.746573520012013,179.69630214904134,5.015616336727257,5.19681773335471,76,276,94,70,516,516,110,0,0.3091249720573571,0.014135303053168569
2020,SA,Saudi Arabia,West and Central Asia,Tay A,Chau A khac,0,0,0,High income,4,1811770000000.0,35997107.0,50330.989098651735,1811.77,35.997107,10.826376251845367,-4.2583708311193185,0.2540379897205947,-0.24045279803069708,330.84052322285777,453.3151718971927,72,13,3217.754267095226,89.389246394029,8.076749690110656,7123.311072775263,197.8856543325902,8.871268308921609,736.4503237584928,20.45859751336386,6.603198728329746,123.11619609704549,3.4201691846249056,4.8212181921321875,74,293,98,59,524,524,158,0,0.2302969394707033,0.09434058243409287
2021,SA,Saudi Arabia,West and Central Asia,Tay A,Chau A khac,0,0,0,High income,4,1929890000000.0,35950396.0,53682.023419157886,1929.89,35.950396,10.890833465032735,6.657994171221082,0.2679215793462134,-0.13654373588371752,373.3239257624523,496.7616104656913,66,13,3644.5643089652044,101.37758451854619,8.201266449734206,8027.727323053831,223.30010837860678,8.990781304100175,888.2322384184063,24.707161457092333,6.790358436964096,183.96920412335018,5.117306750205205,5.220189347023515,88,301,89,93,571,570,207,0,0.01261147446699329,0.11693266326161204
2022,SA,Saudi Arabia,West and Central Asia,Tay A,Chau A khac,0,0,0,High income,4,2161490000000.0,36408820.0,59367.20827535746,2161.49,36.40882,10.991497303679047,10.590481681006558,0.28258607934887614,-0.07168174099417365,364.07202616986024,490.4109906635369,64,13,3022.1072052406225,83.00481051680946,8.014040457346361,9453.746897088187,259.65540484663296,9.154272211520949,1002.5687331388107,27.53642477671099,6.9113176593026955,242.2816164533583,6.654475933396312,5.494219687762352,83,327,89,126,625,624,247,0,0.006210320380331982,0.03534472470737789
2023,SA,Saudi Arabia,West and Central Asia,Tay A,Chau A khac,0,0,0,High income,4,2173210000000.0,36408820.0,59689.10829848372,2173.21,36.40882,10.996904842174978,0.5422185621955178,0.28815876371877513,-0.041490781745427516,377.09388953047284,456.95301422411296,62,13,2751.3809720628215,75.56907837339473,7.9202216240878975,10920.302442987022,299.9356321623997,9.298470513522444,1103.5295320200687,30.309401184110573,7.007174760411338,243.16480214493893,6.678733398801141,5.497843415927495,79,335,77,140,631,630,275,1,0.014490991433056894,0.07006442937890411
2001,SG,Singapore,East Asia,Dong Nam A,ASEAN khac,1,1,0,High income,4,272217000000.0,4138012.0,65784.48781685505,272.217,4.138012,11.094139342056398,,0.46534224875768776,0.48967599619738955,282.32841313154626,357.3244870410743,17,3,1590.0308526440879,384.24993756520956,7.372137420132221,1111.647619047619,268.64291815674267,7.014497696516445,1369.7150526969974,331.0079943453517,7.22308781893599,121.28796293548596,29.310684197021654,4.806378615408486,223,381,312,367,1283,1283,179,0,0.121214148927924,0.00231191638029489
2002,SG,Singapore,East Asia,Dong Nam A,ASEAN khac,1,1,0,High income,4,282897000000.0,4175950.0,67744.34559800764,282.897,4.17595,11.123496275450979,2.9792096072996044,0.4674300242701785,0.4875318781554147,275.9187130481418,374.3009089723624,20,3,2057.8616313425136,492.788857946698,7.629908502896167,1406.797557997558,336.880843400318,7.249781746549397,1528.0048773504066,365.9059321472734,7.332372395819597,127.81428020999208,30.60723433230572,4.858371678720087,218,385,308,366,1277,1277,189,0,0.07042558255709563,0.002724034277662285
2003,SG,Singapore,East Asia,Dong Nam A,ASEAN khac,1,1,0,High income,4,295764000000.0,4114826.0,71877.64440100262,295.764,4.114826,11.182720569088978,6.1013192562547,0.4872755950394461,0.49330933872016586,262.1848421172447,392.5181603119964,17,3,2294.0113337642747,557.4989887213395,7.73849306094183,1669.6977494727494,405.77602782541703,7.420996632206352,1124.4689222213415,273.27253259830223,7.025955047545603,109.80268969838438,26.684649532783254,4.707751049274721,252,424,341,387,1404,1404,175,0,0.05296334814708711,0.004446543520404911
2004,SG,Singapore,East Asia,Dong Nam A,ASEAN khac,1,1,0,High income,4,325162000000.0,4166664.0,78038.92994491516,325.162,4.166664,11.26496308301971,8.571907990666695,0.49012718117728826,0.5149260323203149,226.69748796356885,447.9011280474952,13,3,2378.213419586949,570.7715859946828,7.77452521606782,2007.3138999889,481.75564432094836,7.6050507932898554,1561.6303026114508,374.7915124933162,7.354125771804826,172.524133721903,41.40581859298062,5.156316688975197,263,423,297,426,1409,1409,232,0,0.046644270669059885,0.006424220923313022
2005,SG,Singapore,East Asia,Dong Nam A,ASEAN khac,1,1,0,High income,4,349115000000.0,4265762.0,81841.18101291165,349.115,4.265762,11.312535831275438,4.872249107823956,0.49547294005202014,0.4963917875268978,221.1201388797449,456.5966699318292,16,3,2780.758426282323,651.8784747677726,7.930838534163202,2099.0699689199687,492.073859001034,7.649725941689783,1411.7714017828903,330.9540949032999,7.253308587418665,143.54183444436407,33.64975224692894,4.973568977377757,284,422,338,393,1437,1437,154,0,0.06151756128884894,0.0
2006,SG,Singapore,East Asia,Dong Nam A,ASEAN khac,1,1,0,High income,4,380559000000.0,4401365.0,86463.85837120983,380.559,4.401365,11.36748178330976,5.648351234776161,0.5049524373936201,0.4976601098637089,214.96991695403116,487.81271253101954,14,3,3015.994499268648,685.2407149301746,8.012016415912006,2205.379472821864,501.0671627601583,7.699108203524886,1665.95972731251,378.5097866940165,7.418756723678228,154.5702879179014,35.1187161069126,5.047097641826259,289,434,348,402,1473,1473,168,0,0.03402027812711611,0.003029856583485218
2007,SG,Singapore,East Asia,Dong Nam A,ASEAN khac,1,1,0,High income,4,414891000000.0,4588599.0,90417.79418946829,414.891,4.588599,11.41219636538921,4.5729347414537935,0.4931723299267985,0.4589158475773104,207.92527068398084,535.3662418069434,15,3,3181.7557752375474,693.404626387607,8.065502696483364,2461.9234530665412,536.5305299213422,7.809104318898868,2460.5327165175895,536.2274446988263,7.808539490402874,223.14344552638403,48.6299730105821,5.412286228712316,289,435,307,382,1413,1413,184,0,0.02049859465949765,0.004504444610279216
2008,SG,Singapore,East Asia,Dong Nam A,ASEAN khac,1,1,0,High income,4,422622000000.0,4839396.0,87329.49318468668,422.622,4.839396,11.377443521940654,-3.4155898542604812,0.5023966117539055,0.48303934730387904,189.21364712891872,583.5430613079777,12,3,3452.844552406085,713.4866732141955,8.147243252600084,2726.2604726542804,563.3472591733101,7.91105289447573,2346.307388161214,484.8347579245869,7.76102415794457,248.51063025648642,51.3515798782506,5.519501520522376,283,435,318,411,1447,1447,182,0,0.008157984971731543,0.0
2009,SG,Singapore,East Asia,Dong Nam A,ASEAN khac,1,1,0,High income,4,423163000000.0,4987573.0,84843.46996023918,423.163,4.987573,11.348563307892201,-2.8467166518303277,0.4994577858564538,0.48658413513757415,212.95347438125467,513.3867812011136,16,3,3494.3703250847016,700.6153744686446,8.159194607591097,3173.5395733351615,636.2893482130811,8.062917884538527,2612.6839267903138,523.8387341479139,7.868515971337837,204.08101616740527,40.91790058359151,5.323405101883745,294,449,293,403,1439,1439,203,0,0.06517851649849195,0.0
2010,SG,Singapore,East Asia,Dong Nam A,ASEAN khac,1,1,0,High income,4,484605000000.0,5076732.0,95456.09262021317,484.605,5.076732,11.466421657606213,12.508473150552968,0.49422174380288314,0.4720713606930452,221.66427584579145,559.9719721635589,14,3,3674.1177176830734,723.7170915626575,8.209340443156528,3458.4893156094386,681.2432319865296,8.148876260513642,2054.8682945935475,404.76201906926497,7.6284535654733565,245.56237777687062,48.37016761508597,5.507615015331561,304,444,292,370,1410,1410,199,0,0.017520240593664877,0.0
2011,SG,Singapore,East Asia,Dong Nam A,ASEAN khac,1,1,0,High income,4,514723000000.0,5183688.0,99296.67834946857,514.723,5.183688,11.505867398813844,4.023405551006332,0.4954218082257758,0.4770498322062266,212.09437048655292,613.7967260597118,14,4,3731.4042218528516,719.8358045184917,8.224807868495454,3959.5337446816247,763.844919810302,8.28413407917649,3170.469512967521,611.6242939327215,8.061950328215994,285.2801831433566,55.03421177033738,5.656970992605265,291,451,289,373,1404,1404,262,0,0.037027781449931754,0.006319478614686662
2012,SG,Singapore,East Asia,Dong Nam A,ASEAN khac,1,1,0,High income,4,537554000000.0,5312437.0,101187.83526279936,537.554,5.312437,11.524733823697263,1.9045520401749894,0.5073166365296804,0.4873137743796519,209.52261719393314,606.6679221685467,14,4,3933.574321696487,740.4463002001693,8.277557977540303,4113.444702136829,774.3046556856729,8.322259159202586,3221.8387639197454,606.4709593581524,8.078017853855945,284.92946889648823,53.6344184216186,5.6557451681560105,295,458,304,420,1477,1477,252,0,0.03162259002517354,0.0
2013,SG,Singapore,East Asia,Dong Nam A,ASEAN khac,1,1,0,High income,4,563451000000.0,5399162.0,104358.97274428884,563.451,5.399162,11.555591895816715,3.133911772352449,0.513241084529246,0.5206459699323649,229.641257680102,622.5084915143365,11,3,4237.155237773397,784.780163620465,8.351883368118072,4549.668186547686,842.6619143021984,8.42302935534928,2786.749014835983,516.1447303926022,7.932989744455034,274.8193330431285,50.90036806510501,5.61974606095585,289,464,300,470,1523,1523,246,0,0.03501079186109639,0.0
2014,SG,Singapore,East Asia,Dong Nam A,ASEAN khac,1,1,0,High income,4,585626000000.0,5469724.0,107066.8282348433,585.626,5.469724,11.581208481428241,2.594751001612039,0.5161486613556493,0.5303424526544144,243.64634387248688,627.1759647907968,13,3,4140.459219524026,756.9777231034008,8.328803473201,4724.85141050173,863.8189807203672,8.460803016393868,3899.0184063080596,712.8364075240468,8.26873655167277,270.53751546188437,49.46090798400145,5.604100308325033,311,465,306,452,1534,1534,284,0,0.01206756401612392,0.0007694244261956868
2015,SG,Singapore,East Asia,Dong Nam A,ASEAN khac,1,1,0,High income,4,603059000000.0,5535002.0,108953.70950182131,603.059,5.535002,11.598678387538188,1.762339744331709,0.5145630218421411,0.5150994288636696,262.10217198924624,604.5212103007589,15,3,4634.920129280239,837.3836412850869,8.441589975942,4968.042620150611,897.5683514026933,8.510982468774353,4353.173745546217,786.480970656599,8.378890145809116,232.93322877393507,42.083675629012426,5.45503572751853,321,472,306,439,1538,1538,279,0,0.02512258578560743,0.0
2016,SG,Singapore,East Asia,Dong Nam A,ASEAN khac,1,1,0,High income,4,625659000000.0,5607283.0,111579.70803328457,625.659,5.607283,11.622494484737954,2.4101965352720356,0.517815604809976,0.5220795123791223,270.19062670168455,602.5131733927656,12,3,4802.889015401427,856.5447856656116,8.477181080393754,5257.651545683916,937.6469041573105,8.56762991272974,5124.116039266789,913.832249819884,8.541908445558441,217.77400730387714,38.83770576656772,5.388039266890755,326,499,282,463,1570,1570,310,0,0.04677714070109841,0.0
2017,SG,Singapore,East Asia,Dong Nam A,ASEAN khac,1,1,0,High income,4,653669000000.0,5612253.0,116471.76276621885,653.669,5.612253,11.66540414292008,4.384358786343978,0.5118423617519459,0.5039223987751609,295.187016785398,612.4101952014069,16,4,5026.721999805749,895.6691723993464,8.522722277769027,5086.2928314090195,906.283596161652,8.53450110782276,5561.052775303283,990.8770640424234,8.62372252329677,238.880059823,42.564021939673786,5.480139047687471,309,489,277,466,1541,1541,297,0,0.049524027426846806,0.0
2018,SG,Singapore,East Asia,Dong Nam A,ASEAN khac,1,1,0,High income,4,676234000000.0,5638676.0,119927.79865344276,676.234,5.638676,11.694645162795426,2.9672736164909175,0.508023846595247,0.5290275227296956,324.2886455035372,635.0661182326631,16,5,4948.630558267268,877.6227891560478,8.507068218083948,5023.203777404669,890.8480957949471,8.522022268114615,5734.795828276483,1017.0465244458952,8.65448178685454,264.2101763942892,46.85677566760161,5.580522630102987,300,503,274,443,1520,1520,320,0,0.04686919880275595,0.0
2019,SG,Singapore,East Asia,Dong Nam A,ASEAN khac,1,1,0,High income,4,685079000000.0,5703569.0,120114.0899671767,685.079,5.703569,11.696197319814399,0.15533622381602719,0.5090985720631229,0.5151655341107566,306.8800355573075,635.8700531958378,16,5,5051.010059669862,885.5876135924475,8.52754147469363,4990.2995845422965,874.9433178668123,8.51545159262156,6396.528149276002,1121.4957072099946,8.763666968067406,246.9691400978944,43.30080693297379,5.513304303333158,305,491,282,439,1517,1517,339,0,0.010130777939196152,0.0
2020,SG,Singapore,East Asia,Dong Nam A,ASEAN khac,1,1,0,High income,4,658945000000.0,5685807.0,115892.9594339027,658.945,5.685807,11.660422280579333,-3.5142675887795516,0.5073204546149075,0.5286709506958518,326.13111532874285,625.8053376669585,18,5,5717.247610686097,1005.5296654786378,8.651417675667325,5418.3394729902575,952.9587397163249,8.597729218555147,8781.465332643202,1544.4536426655359,9.08051243681004,230.5432948611831,40.54715449560337,5.4447668748792495,287,500,265,485,1537,1537,366,0,0.0101456322713593,0.0
2021,SG,Singapore,East Asia,Dong Nam A,ASEAN khac,1,1,0,High income,4,723237000000.0,5453566.0,132617.2636399743,723.237,5.453566,11.795222541622785,14.430819859777566,0.5071377017812,0.5729204489109032,366.1194057057424,669.8706586907153,16,5,6264.572228461463,1148.711178788606,8.742825200503376,4734.260842148478,868.1037035489215,8.462792092201825,7956.312805146711,1458.9193208896181,8.981846634549884,269.5554613039944,49.42737674835041,5.6004771098173505,304,503,260,438,1505,1505,364,0,0.038853627410687736,0.0
2022,SG,Singapore,East Asia,Dong Nam A,ASEAN khac,1,1,0,High income,4,752948000000.0,5637022.0,133571.94632201188,752.948,5.637022,11.802395535415574,0.7198781333848991,0.49681749155350974,0.5298849244294115,337.76779978284264,642.4430852625384,20,6,6092.187810099176,1080.7457927429016,8.714926673686,4587.38782208429,813.7963311273736,8.431284004337748,7662.9310096569925,1359.3934899769758,8.944280317738702,280.54867762553783,49.768952050486554,5.6403053549236155,299,487,261,376,1423,1423,349,0,0.0358472209273417,0.0
2023,SG,Singapore,East Asia,Dong Nam A,ASEAN khac,1,1,0,High income,4,766662000000.0,5637022.0,136004.7911822945,766.662,5.637022,11.820445393379229,1.821374118797059,0.5003297740396992,0.543813472226826,350.61972721609163,587.7548360549915,18,5,6084.141768755123,1079.31843600311,8.713605303220096,4734.568129362425,839.9059165216004,8.462856983504366,6052.121163897739,1073.6380244564841,8.708329312856016,252.46007433055675,44.786072208083766,5.535206312917336,300,505,256,393,1454,1454,356,1,0.004325843910181067,0.0
2001,SY,Syrian Arab Republic (the),West and Central Asia,Tay A,Chau A khac,0,0,0,Low income,1,131268000000.0,16727948.0,7847.226689131267,131.268,16.727948,8.967915460346788,,0.04405479827487155,-1.5131590155686467,2.999871936555666,43.68458451179655,130,36,24.25,1.4496697383325199,3.228826155721369,18.28333333333333,1.0929812391414255,2.959241164971576,96.0,5.7388987579349235,4.574710978503383,6.491899339135712,0.3880870109792134,2.0138223487115106,6,12,44,10,72,72,7,0,0.281786941580756,0.890625
2002,SY,Syrian Arab Republic (the),West and Central Asia,Tay A,Chau A khac,0,0,0,Low income,1,136459000000.0,17164021.0,7950.29323257062,136.459,17.164021,8.980964091568236,1.3134136112329164,0.048366021220795474,-1.7289552624789808,1.9021337655785904,47.146951864491335,142,39,11.583333333333334,0.674861288816492,2.532373187026924,16.66025641025641,0.970649966593283,2.871316714337478,50.75,2.956766366109666,3.9464244321454784,9.913552176992697,0.5775774905537984,2.3900053359442595,3,16,64,5,88,88,8,0,0.12949640287769784,0.9310344827586207
2003,SY,Syrian Arab Republic (the),West and Central Asia,Tay A,Chau A khac,0,0,0,Low income,1,146291000000.0,17611356.0,8306.628972805955,146.291,17.611356,9.02480914643879,4.482045250551336,0.06378424303659849,-1.642914669251745,12.038560959863661,67.22586104566336,136,38,12.0,0.6813785378025405,2.5649493574615367,32.679797979797975,1.8556094135964303,3.516898191131611,128.35,7.28791127724634,4.862521908632038,10.139679421610209,0.5757466615069395,2.4105134568507935,1,20,79,8,108,108,9,0,0.0,0.8774185170757045
2004,SY,Syrian Arab Republic (the),West and Central Asia,Tay A,Chau A khac,0,0,0,Low income,1,156389000000.0,18084007.0,8647.917466521661,156.389,18.084007,9.065073815624297,4.108628118975921,0.059549693191412685,-1.6164892941694458,9.288675073689891,69.8005150008305,140,38,16.571428571428573,0.9163582258859209,2.866274206317104,24.88888888888889,1.3762928143573983,3.253813876229481,136.0,7.520457164167212,4.919980925828125,10.924464500709233,0.6040953479341847,2.4785921301652154,2,21,83,9,115,115,11,0,0.16014588859416443,0.9648692810457516
2005,SY,Syrian Arab Republic (the),West and Central Asia,Tay A,Chau A khac,0,0,0,Low income,1,166109000000.0,18583557.0,8938.493314277777,166.109,18.583557,9.098122320885716,3.3600673096269684,0.0650645956547452,-1.4583285226117535,18.240240235042737,83.38153667950235,130,35,24.654761904761898,1.326697677132634,3.244729203694534,36.45,1.961411370277499,3.6230067099632284,104.64126984126983,5.630852577968246,4.6600491078155075,5.84927024220779,0.31475514844697333,1.9241421126147216,3,16,57,13,89,89,3,0,0.19237083534524366,0.6641890661974394
2006,SY,Syrian Arab Republic (the),West and Central Asia,Tay A,Chau A khac,0,0,0,Low income,1,174491000000.0,19432009.0,8979.565622885415,174.491,19.432009,9.102706788509977,0.45949923732706566,0.06809475133322539,-1.4470618152452763,22.059534590513987,87.88507137137131,135,36,22.769047619047615,1.171728956025474,3.168384214059011,26.138095238095236,1.345105142658962,3.300938469117531,161.17142857142858,8.294120724801465,5.0886539767905195,7.903204314482274,0.40671061414608617,2.186411247276012,4,12,96,9,121,121,5,0,0.09515842308898882,0.9302428647402942
2007,SY,Syrian Arab Republic (the),West and Central Asia,Tay A,Chau A khac,0,0,0,Low income,1,184392000000.0,20703005.0,8906.533133716579,184.392,20.703005,9.094540346398142,-0.8133187309495749,0.0769975464949014,-1.183911044161618,28.899586532203795,115.6459937604008,119,32,18.61904761904762,0.8993403430587791,2.9765009116261036,43.570634920634916,2.1045560738953073,3.7970752323278294,117.54705674442516,5.677777537339394,4.775309985079009,10.184170904868832,0.4919175213872977,2.4144994665682633,2,20,88,7,117,117,5,0,0.0,0.5324519766629277
2008,SY,Syrian Arab Republic (the),West and Central Asia,Tay A,Chau A khac,0,0,0,Low income,1,192647000000.0,21474059.0,8971.149795201736,192.647,21.474059,9.101769129134931,0.7254973457690772,0.07351969338895266,-1.3149838513241583,21.97606709447349,118.40687398832597,129,34,13.735714285714288,0.6396421973933427,2.6902740904619478,37.84007936507936,1.7621298034563173,3.65945268680619,101.76080586080586,4.738778349300701,4.632404014375257,13.373342974220652,0.6227673573133357,2.665375308680597,2,14,91,7,114,114,9,0,0.0,0.5481308542811885
2009,SY,Syrian Arab Republic (the),West and Central Asia,Tay A,Chau A khac,0,0,0,Low income,1,204036000000.0,21827220.0,9347.777683094779,204.036,21.82722,9.142893913079709,4.198212007277857,0.07877344480605396,-1.514078335695541,25.622038853638564,109.45034381280634,139,36,17.300000000000015,0.7925883369480866,2.906901059847376,47.40421888053467,2.1717936998176897,3.8795869768769635,107.99339339339339,4.947647634164745,4.691287269322433,9.90788432412971,0.45392332711768657,2.3894858602452005,5,21,99,4,129,129,12,0,0.35994526821367806,0.553884955702996
2010,SY,Syrian Arab Republic (the),West and Central Asia,Tay A,Chau A khac,0,0,0,Low income,1,214630000000.0,22337563.0,9608.478776310558,214.63,22.337563,9.170401193524807,2.7889098570160753,0.08620656734364637,-1.1567695634132338,40.469842706250795,138.16699043096855,121,30,20.383333333333326,0.9125137479560025,3.0626118023935356,68.67781547364345,3.0745437841022967,4.243881981215306,158.41033397974573,7.091656953793291,5.071481594742449,11.859424420414197,0.5309184542832267,2.554076960452794,3,18,92,9,122,122,11,0,0.1991005723630418,0.40355204183625953
2011,SY,Syrian Arab Republic (the),West and Central Asia,Tay A,Chau A khac,0,0,0,Low income,1,220747000000.0,22730733.0,9711.389421537791,220.747,22.730733,9.181054642865169,1.0710399390271519,0.07234165820657408,-1.031487041076557,34.98044994048124,128.23495564146273,117,30,36.36666666666666,1.599889746919585,3.6207790414100045,80.37564745196323,3.53599012631767,4.399076056896015,172.01470588235296,7.567494892591143,5.153376595985356,7.090452325855422,0.31193241000435057,2.090684641232419,5,15,49,10,79,79,5,0,0.03849679193400552,0.5375094142983345
2012,SY,Syrian Arab Republic (the),West and Central Asia,Tay A,Chau A khac,0,0,0,Low income,1,162604000000.0,22605577.0,7193.092217907112,162.604,22.605577,8.880876430292211,-25.93137906760935,0.07161541357931628,-1.1143962433476213,30.099211898082913,125.29483334662996,120,33,29.549999999999997,1.307199546377427,3.4193646856176043,64.92513018382583,2.872084626896532,4.188519706963617,88.25952380952381,3.9043251941555757,4.491548124317117,1.8236804520001895,0.08067391741428186,1.0380411588376868,4,12,48,13,77,77,1,0,0.20478168193904228,0.2734409295686913
2013,SY,Syrian Arab Republic (the),West and Central Asia,Tay A,Chau A khac,0,0,0,Low income,1,119839000000.0,21495821.0,5574.990599335564,119.839,21.495821,8.626045910109061,-22.49521582030194,0.0576781406147131,-1.2762255136539176,25.350713395414214,104.10901610794714,126,34,20.533333333333328,0.9552244286614281,3.0696021221204464,56.9083805083805,2.6474160027840066,4.058862115182354,109.83632478632478,5.109659444332216,4.708054561616867,1.2398196581886727,0.05767724145956894,0.8063953528886659,5,9,33,1,48,48,1,0,0.22727272727272704,0.720982375767857
2014,SY,Syrian Arab Republic (the),West and Central Asia,Tay A,Chau A khac,0,0,0,Low income,1,107483000000.0,20072232.0,5354.810566159259,107.483,20.072232,8.585750607122476,-3.9494242950391056,0.06005787689409566,-1.4341254840537052,25.198055987551342,109.72403516213629,137,37,11.116666666666665,0.5538331096744331,2.4945819153114184,60.127596423184656,2.995561052860721,4.112963424163817,170.75844988344988,8.507197898243199,5.146089128631395,0.8896284352970825,0.04432135077439731,0.6363802146632962,2,8,29,20,59,59,0,0,0.0,0.3473589090610367
2015,SY,Syrian Arab Republic (the),West and Central Asia,Tay A,Chau A khac,0,0,0,Low income,1,102991000000.0,19205178.0,5362.668338715736,102.991,19.205178,8.587216954578661,0.1467423069293261,0.05609404001796387,-1.3169755634397433,25.7437295257841,101.09406740682643,133,35,17.366666666666667,0.9042700185682563,2.910537427490759,69.76482683982684,3.6326050630630364,4.259362081207988,102.03306512328251,5.3127893489600835,4.6350499573279365,0.629582656649162,0.03278192249242168,0.48832394316957983,5,11,26,6,48,48,0,0,0.0,0.4163561145893611
2016,SY,Syrian Arab Republic (the),West and Central Asia,Tay A,Chau A khac,0,0,0,Low income,1,96393597836.0,18964252.0,5082.9106170915675,96.393597836,18.964252,8.533639332616227,-5.2167634459968415,0.06592400263882,-1.1691336844644233,40.33130803155672,120.46316199612085,125,32,13.916666666666666,0.7338368350445178,2.7024791560527546,62.57854344729344,3.299816066950252,4.152276046244046,151.13067273326243,7.969239848387505,5.024739840559932,0.627484555509044,0.03308775666496332,0.4870356053529754,2,9,23,46,80,80,0,0,0.0,0.1237780943361705
2017,SY,Syrian Arab Republic (the),West and Central Asia,Tay A,Chau A khac,0,0,0,Low income,1,95696400508.0,18983373.0,5041.06412005917,95.696400508,18.983373,8.525372473711947,-0.8232782392766591,0.060813435800592675,-1.2141130648310758,32.582599835764306,112.67690092353135,131,37,21.266666666666666,1.1202786073195035,3.1030907918744903,49.77521645021645,2.6220427976743883,3.9274083703862925,131.7082251937019,6.938083405604573,4.888152922791062,0.580655969,0.030587607850301422,0.4578399311327168,8,11,23,38,80,80,1,0,0.13166144200626959,0.0
2018,SY,Syrian Arab Republic (the),West and Central Asia,Tay A,Chau A khac,0,0,0,Low income,1,97029619867.0,19333463.0,5018.739781228019,97.029619867,19.333463,8.520934141574049,-0.4428497297290668,0.06194347194539355,-1.308526216606478,42.52788414350901,118.00505975408858,132,36,19.766666666666666,1.0224069359258954,3.0333491371252976,70.31071428571428,3.63673669252706,4.267046586617648,168.08998223005227,8.694251114249541,5.130431012458678,0.5627158160825444,0.02910579527747018,0.4464252153832423,8,8,18,58,92,92,0,0,0.12141652613827994,0.06030720512042906
2019,SY,Syrian Arab Republic (the),West and Central Asia,Tay A,Chau A khac,0,0,0,Low income,1,98214065503.0,20098251.0,4886.697131158328,98.214065503,20.098251,8.494271920960125,-2.6309921579034556,0.06120054214688909,-1.190206721783917,40.34085016726423,121.50442665093107,128,35,19.516666666666662,0.9710629380967857,3.0212375639623525,72.49776196026195,3.6071677062975254,4.29725495623495,131.6979650932687,6.552707750205164,4.88807560658056,0.576214630583323,0.02866988926465905,0.45502616908144305,2,10,20,47,79,79,0,0,0.26416168516937066,0.06833818573905973
2020,SY,Syrian Arab Republic (the),West and Central Asia,Tay A,Chau A khac,0,0,0,Low income,1,97529361721.0,20772595.0,4695.097638065923,97.529361721,20.772595,8.454274187606302,-3.9208383075500564,0.06625086231206147,-1.1521527797229527,48.212895383019834,129.79305925915267,125,34,19.95,0.9603999885425967,3.0421386463681466,73.79173479251867,3.552359962369587,4.31470738144892,174.81100747749775,8.41546313676735,5.169409596928569,0.6654465318651779,0.03203482915183095,0.5100932747830331,5,9,23,55,92,92,0,0,0.33545401966454597,0.10877681497163351
2021,SY,Syrian Arab Republic (the),West and Central Asia,Tay A,Chau A khac,0,0,0,Low income,1,99337766654.0,21324367.0,4658.4157294798015,99.337766654,21.324367,8.446430697101402,-0.7812810598169406,0.06635970827219541,-1.428979855584491,40.79435081320797,133.59633432200278,137,36,17.416666666666664,0.8167495272739709,2.9132560517297525,100.33370518370518,4.705119977709312,4.618419082307417,140.82413948312262,6.603907139805023,4.9545878357387165,0.7402009176130798,0.034711507151095264,0.5540005764528774,6,16,20,49,91,91,0,0,0.0,0.0
2022,SY,Syrian Arab Republic (the),West and Central Asia,Tay A,Chau A khac,0,0,0,Low income,1,100066000000.0,22125249.0,4522.706162538555,100.066,22.125249,8.41686580219806,-2.9132128779841837,0.06744298890977254,-1.2831122050985708,43.27733985376597,132.24021128042233,125,32,21.33333333333333,0.9642076043227051,3.106080330722856,106.99246389425922,4.835763154315652,4.6820614459327095,127.45516166865272,5.760620441770066,4.855579907012075,0.6966623834682633,0.03148721098995375,0.5286630174127048,2,19,22,52,95,95,1,0,0.23964056776556775,0.015691792892620803
2023,SY,Syrian Arab Republic (the),West and Central Asia,Tay A,Chau A khac,0,0,0,Low income,1,98857637916.0,22125249.0,4468.091541749429,98.857637916,22.125249,8.404716648284811,-1.2075650910399083,0.06975642345948671,-1.3524042645862149,43.35779886578028,126.95505560011982,129,34,13.75,0.6214619324736187,2.691243082785829,130.5244292532373,5.89934283918058,4.8791926081528825,138.17918828973595,6.2453167550672966,4.935762227309857,0.7722850515199879,0.03490514622095272,0.5722697035345491,2,22,19,22,65,65,0,1,0.4333333333333334,0.07478212501629597
2001,TH,Thailand,East Asia,Dong Nam A,ASEAN khac,1,1,0,Upper middle income,3,757532000000.0,63649892.0,11901.544153444911,757.532,63.649892,9.384423431475108,,0.1991922742593451,-0.4691222259060786,183.7543379581869,198.8497278941707,71,16,209.95929339477726,3.2986590675562697,5.351665192564532,319.01352813852816,5.012004233071254,5.768363270333092,320.9288144861674,5.042095192968551,5.774330448079841,81.6954606118233,1.2835129494300366,4.415164710702386,8,47,241,57,353,351,143,0,0.2505121666832389,0.0
2002,TH,Thailand,East Asia,Dong Nam A,ASEAN khac,1,1,0,Upper middle income,3,804113000000.0,64222580.0,12520.720905326445,804.113,64.22258,9.435140223294047,5.202490902849055,0.21560770763597867,-0.3520075233390029,203.30972537604683,224.31306515150197,63,14,250.95280337941625,3.907547834101593,5.529241781793883,426.58049450549447,6.642219831490646,6.058142561893167,430.21819448432933,6.69886190315508,6.066614213705368,82.76911475007279,1.2887852644673072,4.428064380485107,9,59,249,49,366,363,152,0,0.19472452990606767,0.00929760770530522
2003,TH,Thailand,East Asia,Dong Nam A,ASEAN khac,1,1,0,Upper middle income,3,861923000000.0,64776956.0,13306.01271229849,861.923,64.776956,9.495971295682294,6.271937637696046,0.21432637641140592,-0.41940184489089183,199.46654036103757,233.2453187708884,71,16,255.4139144905274,3.9429749445239044,5.546792992257827,586.6292207792208,9.056140593874476,6.376096172095305,405.4502886002886,6.2591747688836845,6.007461630243476,98.88232255788289,1.526504619295215,4.603992718624223,6,66,245,25,342,341,162,0,0.11632378895636154,0.05878238098093777
2004,TH,Thailand,East Asia,Dong Nam A,ASEAN khac,1,1,0,Upper middle income,3,916132000000.0,65311166.0,14027.18793904246,916.132,65.311166,9.548752721007505,5.4199198688379635,0.2239235976726747,-0.3409088224671242,199.77795987941846,268.8885047468675,70,15,291.2403225806451,4.459273052645318,5.677576486307404,665.0345112252089,10.182554560811377,6.501341487854319,471.1366979683543,7.213723576277207,6.157268557995152,117.42349832422882,1.79790846674256,4.774267168334475,7,60,259,39,365,362,164,0,0.18971659868491553,0.015160901652659882
2005,TH,Thailand,East Asia,Dong Nam A,ASEAN khac,1,1,0,Upper middle income,3,954497000000.0,65821360.0,14501.326013318472,954.497,65.82136,9.58199537342182,3.3801363205259616,0.24296489374292132,-0.24511014326594088,213.92369055943604,304.64416604800346,65,14,316.8540514592934,4.813848444627904,5.7615923197516885,864.5045385170384,13.134103253366968,6.763312618411918,561.3715677405064,8.528714200686622,6.332162783991801,133.05558621348973,2.02146516288162,4.898254536424578,6,84,261,52,403,402,162,0,0.15600087533000867,0.023280565618329956
2006,TH,Thailand,East Asia,Dong Nam A,ASEAN khac,1,1,0,Upper middle income,3,1001910000000.0,66319525.0,15107.315681166294,1001.91,66.319525,9.622934387675853,4.178856935505504,0.23769643521055422,-0.31234513085363386,215.1605583083615,313.72123284955325,70,14,355.79429427981,5.364849858014062,5.877159409209746,1113.9735814909727,16.797068155885807,7.016585989883449,572.57333469907,8.633556025907453,6.35188580058117,149.37470523602326,2.2523488404964187,5.013130214100225,7,91,268,54,420,418,167,0,0.08499998568513038,0.01552792014065034
2007,TH,Thailand,East Asia,Dong Nam A,ASEAN khac,1,1,0,Upper middle income,3,1056370000000.0,66826754.0,15807.591073479343,1056.37,66.826754,9.668245551325587,4.635339640026559,0.24153762697001574,-0.26419415591547507,198.0152619838018,351.5712919025812,71,16,387.07290731104314,5.792184778435343,5.96119322741209,1249.906671106671,18.703686716650505,7.131623904252019,683.7026213193125,10.230971585411922,6.528984614539891,168.67660932843995,2.5240880221182067,5.133894327315374,6,85,262,33,386,384,168,0,0.08694682905749766,0.024864611411311847
2008,TH,Thailand,East Asia,Dong Nam A,ASEAN khac,1,1,0,Upper middle income,3,1074600000000.0,67328239.0,15960.613495326976,1074.6,67.328239,9.677879309821847,0.9680312524301016,0.25105687410345284,-0.2361093655341428,208.95142335629203,393.54753253231155,74,14,483.86220308059166,7.186616050964762,6.183864733208895,1399.294943944944,20.783180500903107,7.244438167661036,759.6068692896403,11.282143727086643,6.634116626862317,188.53882086292634,2.8002933637240437,5.24459386297662,9,87,265,48,409,408,167,0,0.07942502841944077,0.005529175906383922
2009,TH,Thailand,East Asia,Dong Nam A,ASEAN khac,1,1,0,Upper middle income,3,1067180000000.0,67813654.0,15736.948786154482,1067.18,67.813654,9.663766652236701,-1.4013540847786277,0.2536320030935834,-0.24634475664815356,224.5008216266292,354.4648662693472,70,15,519.5964128766431,7.662120859563814,6.254975102172998,1679.0635983899142,24.759963508085175,7.42658692786525,692.2484245548081,10.20809798207907,6.541388411943443,157.23168299377394,2.3185844401449587,5.0640603070503225,5,84,265,45,399,399,188,0,0.07607094563521237,0.013001113011976864
2010,TH,Thailand,East Asia,Dong Nam A,ASEAN khac,1,1,0,Upper middle income,3,1147360000000.0,68270489.0,16806.090256655403,1147.36,68.270489,9.72949661497567,6.793829509323701,0.24855328442305244,-0.25470164910463794,219.06170596987536,369.16036828750305,67,13,513.1148047999915,7.515909323573052,6.242446596157014,1833.1331722981645,26.851033281718028,7.514327263210836,714.617825259679,10.46744846458737,6.573146260854342,200.50173763020175,2.936872733256704,5.305798004824502,5,90,276,28,399,396,186,0,0.09742670908316407,0.017112304979925365
2011,TH,Thailand,East Asia,Dong Nam A,ASEAN khac,1,1,0,Upper middle income,3,1157000000000.0,68712846.0,16838.1906346886,1157.0,68.712846,9.731404837527817,0.1910044367427144,0.2639686104798667,-0.1809289753494714,221.29879892909608,425.38485550596096,67,13,538.2675262013971,7.8335792728101685,6.290211785810004,1975.9084134482312,28.75602639786207,7.589289496072359,835.7820404907505,12.163403048256079,6.7295636309516995,236.40858428003193,3.440529654091637,5.4697826410838815,9,83,281,55,428,425,181,0,0.10267382629721085,0.014827857673970074
2012,TH,Thailand,East Asia,Dong Nam A,ASEAN khac,1,1,0,Upper middle income,3,1240800000000.0,69157023.0,17941.778667945266,1240.8,69.157023,9.794887276068625,6.55407731863511,0.2637426686486901,-0.1765782133421304,225.64982399511638,419.7966830972513,67,13,581.2685706042323,8.40505483592364,6.3669318028101145,2031.6436027045481,29.377256489258485,7.617092492163313,852.8507185405492,12.33209125471681,6.74975637586308,230.53460492860566,3.3334952102927518,5.444729343688137,6,81,273,49,409,404,188,0,0.07489238986780242,0.0
2013,TH,Thailand,East Asia,Dong Nam A,ASEAN khac,1,1,0,Upper middle income,3,1274140000000.0,69578602.0,18312.23915651539,1274.14,69.578602,9.815324921645164,2.0647924346095525,0.26432201129097543,-0.16851243691685505,244.09158181626782,430.1491501159323,70,14,575.3493506321679,8.269055917969837,6.356713988356299,2057.9549342081236,29.577411374378052,7.629953819565397,1201.4928398396016,17.268137118357185,7.092152047566847,228.36496301840452,3.282114852184074,5.435314459893518,6,65,286,48,405,403,171,0,0.08371518302324342,0.0
2014,TH,Thailand,East Asia,Dong Nam A,ASEAN khac,1,1,0,Upper middle income,3,1286690000000.0,69960943.0,18391.547409531056,1286.69,69.960943,9.819646458133008,0.43308877924659317,0.27543946541216074,-0.09511664562198502,254.53016721345222,450.2875693481295,60,12,660.522889825173,9.441309129083251,6.494544585866658,2239.3834642383886,32.00905202547639,7.714402319589992,1637.2663751997322,23.402577280865586,7.401393873413514,228.0267319050956,3.2593433153852085,5.433838729951473,13,65,279,64,421,418,170,0,0.08070103242408126,0.0
2015,TH,Thailand,East Asia,Dong Nam A,ASEAN khac,1,1,0,Upper middle income,3,1327010000000.0,70294397.0,18877.89150534999,1327.01,70.294397,9.845746754720901,2.644389213095222,0.27767545324458476,-0.08094316303388549,260.65156540925835,446.7326832255353,64,12,629.762402026508,8.958927438078854,6.4469292496766695,2400.074370606699,34.143181719116235,7.783671570588147,1571.4469017446697,22.355222731972074,7.36038822122844,207.28094028253406,2.9487547959552742,5.338887842796386,12,69,289,68,438,437,174,0,0.06472458657415271,0.0038181372805779256
2016,TH,Thailand,East Asia,Dong Nam A,ASEAN khac,1,1,0,Upper middle income,3,1372600000000.0,70607037.0,19439.988679881866,1372.6,70.607037,9.875087495703657,2.9775421390284773,0.2801852754212061,-0.05142880404446443,263.2685741400302,450.2400802240991,58,10,658.0438763592788,9.319805848236893,6.490790112497492,2692.891332368419,38.13913523050711,7.898742019248224,1715.4908362639123,24.29631534125858,7.448037274266492,202.82949102193456,2.8726526369026724,5.317283816021112,11,84,296,62,453,451,186,0,0.08689642621655237,0.01501513898461341
2017,TH,Thailand,East Asia,Dong Nam A,ASEAN khac,1,1,0,Upper middle income,3,1429940000000.0,70898202.0,20168.917682848994,1429.94,70.898202,9.911897969758844,3.7496369723789336,0.28907129693889866,-0.010209465011872245,270.8516814405116,471.1300515119682,58,11,774.0951858598917,10.918403626933891,6.652985842275908,2621.457077369186,36.974944405066665,7.871866973070423,1896.4211207026797,26.74850796220022,7.548250938288559,226.394691677,3.1932360100895085,5.426687237495158,13,82,294,76,465,464,201,0,0.08472178112423948,0.0010546180793741325
2018,TH,Thailand,East Asia,Dong Nam A,ASEAN khac,1,1,0,Upper middle income,3,1490330000000.0,71127802.0,20952.84766426495,1490.33,71.127802,9.950029842808313,3.8868222566180943,0.28813436908472734,-0.043637661818228216,292.89442591885154,485.4815271897519,61,11,778.5865683078531,10.946304348162665,6.658763738531488,2767.4483611184164,38.90811023681593,7.926042283793027,1776.5710050357459,24.977167226898786,7.483003107453812,237.16494627350318,3.334349433059989,5.472963485191482,16,89,289,59,453,451,188,0,0.18440115843863228,0.0
2019,TH,Thailand,East Asia,Dong Nam A,ASEAN khac,1,1,0,Upper middle income,3,1521840000000.0,71307763.0,21341.855864977842,1521.84,71.307763,9.968425487568185,1.856588693556649,0.2897756213074355,-0.008265812017319438,280.9612452216937,496.3695776131607,61,11,820.4652281563465,11.505973454199461,6.7110896093220305,2887.562403454864,40.49436249255027,7.968514219092114,2092.5345448939925,29.345115550658807,7.646609086347176,220.01756220952137,3.0854643723646387,5.398242165371826,17,88,289,45,439,438,182,0,0.15934142409371096,0.002910780663464581
2020,TH,Thailand,East Asia,Dong Nam A,ASEAN khac,1,1,0,Upper middle income,3,1429770000000.0,71475664.0,20003.591711998648,1429.77,71.475664,9.903667122012497,-6.270608148822221,0.28696404007253307,-0.04455126475822137,298.30082524104864,493.26306675733514,62,11,726.4063130883565,10.16298796592301,6.589485211492896,3318.5169580793126,46.42862720490869,8.10757455677075,2461.3501752063376,34.436198804761545,7.808871528639458,195.97855951329356,2.7418921146824684,5.283094887857134,15,99,283,50,447,445,187,0,0.13925557854950424,0.0010157026924421358
2021,TH,Thailand,East Asia,Dong Nam A,ASEAN khac,1,1,0,Upper middle income,3,1451960000000.0,71601103.0,20278.458559500123,1451.96,71.601103,9.917314446902177,1.3740874711845041,0.2943722293370198,-0.00927216883541819,333.7698116850534,520.2916325613846,57,11,726.2769124150702,10.143376037308675,6.589307302417766,3513.2615944888603,49.0671434836536,8.16458470948476,1964.8078548978233,27.441027757600654,7.583658561901239,228.56606474448165,3.1922142979345116,5.43619085188614,18,125,285,68,496,494,206,0,0.1320065906548182,0.002108530425776716
2022,TH,Thailand,East Asia,Dong Nam A,ASEAN khac,1,1,0,Upper middle income,3,1489430000000.0,71697030.0,20773.94279790948,1489.43,71.69703,9.941454730241531,2.4434018836073212,0.2874152975506353,-0.10662979368864159,311.50172049819304,483.3643594467453,67,14,682.1170198222829,9.513881116446287,6.526666176992169,3841.2369545203132,53.57595641716698,8.253810016210739,1270.6996240736369,17.72318356943986,7.148109571417344,225.89415528168834,3.1506766079667226,5.424483632448687,14,125,282,32,453,452,177,0,0.08930243042256893,0.0
2023,TH,Thailand,East Asia,Dong Nam A,ASEAN khac,1,1,0,Upper middle income,3,1519480000000.0,71697030.0,21193.067551054766,1519.48,71.69703,9.961429404874453,2.0175503380488014,0.2895519584390506,-0.11734361752407547,321.64983644853135,451.1286695503848,67,14,565.0445714913106,7.8810038782821366,6.338672823320568,3826.7604615883447,53.37404438633434,8.250035175272279,1251.7317675933505,17.4586278900723,7.1330818598272,220.4286123557042,3.0744455154656225,5.400100245690174,15,113,284,40,452,450,185,1,0.08742833331383226,0.006665051857633673
2001,TJ,Tajikistan,West and Central Asia,Trung A,Chau A khac,0,0,0,Lower middle income,2,9402177480.0,6408810.0,1467.0707167165199,9.40217748,6.40881,7.2910229819685615,,0.018490607417633538,-1.3562402343642344,2.0194172839390334,19.200407686431646,119,32,4.1,0.6397443519155662,1.62924053973028,6.083333333333333,0.9492141806877303,1.957744606702316,,,,0.38327909958590645,0.059805033943260366,0.32445683968733463,0,7,8,0,15,15,0,0,0.0,
2002,TJ,Tajikistan,West and Central Asia,Trung A,Chau A khac,0,0,0,Lower middle income,2,10417613001.0,6541755.0,1592.4798469218122,10.417613001,6.541755,7.373047732372091,8.548267563132406,0.015726485717279654,-1.7280889161576285,-3.1783816793051725,15.317726253746414,141,38,2.5,0.3821604447124663,1.252762968495368,3.5,0.5350246225974528,1.5040773967762742,0.75,0.11464813341373989,0.5596157879354227,0.48964035425276364,0.07484847021216227,0.3985347178374981,2,4,8,0,14,14,0,0,0.0,0.0
2003,TJ,Tajikistan,West and Central Asia,Trung A,Chau A khac,0,0,0,Lower middle income,2,11563550335.0,6672492.0,1733.018238912838,11.563550335,6.672492,7.457619814133875,8.825128447476406,0.018292734668686594,-1.5178297976307973,0.5505607141479936,20.607288763183973,129,35,7.7,1.1539916421031302,2.1633230256605382,3.0,0.44960713328693386,1.3862943611198906,,,,0.6028489377565498,0.09034839423659853,0.4717826319794188,2,7,8,0,17,17,0,0,0.0,
2004,TJ,Tajikistan,West and Central Asia,Trung A,Chau A khac,0,0,0,Lower middle income,2,12754595897.0,6801204.0,1875.3438210352167,12.754595897,6.801204,7.5365472928128465,8.21258420290274,0.018221952549216217,-1.4510153581199479,-0.6928968995885448,22.726681439312905,131,35,7.333333333333333,1.0782404605615907,2.120263536200091,5.5,0.808680345421193,1.8718021769015913,,,,0.6651845798406452,0.09780394468988801,0.5099359760511788,1,1,10,0,12,12,0,0,0.0,
2005,TJ,Tajikistan,West and Central Asia,Trung A,Chau A khac,0,0,0,Lower middle income,2,13609153633.0,6929145.0,1964.0451503035367,13.609153633,6.929145,7.58276147760309,4.729870238906675,0.017209602371763822,-1.6620857678622345,-0.7745716992393405,21.796069628992743,143,42,4.833333333333333,0.6975367571804794,1.7635885922613586,7.583333333333333,1.0944111190245454,2.1498223384416355,,,,0.79934889122324,0.1153603931254491,0.587424872364891,1,1,7,0,9,9,1,0,0.4137931034482759,
2006,TJ,Tajikistan,West and Central Asia,Trung A,Chau A khac,0,0,0,Lower middle income,2,14561794824.0,7057417.0,2063.3320695092834,14.561794824,7.057417,7.63207746449465,5.055225904068572,0.02589864312658634,-1.1314000618105917,9.525813058210764,39.34592763218493,118,30,7.166666666666667,1.0154801206541524,2.1000608288825715,13.638690476190476,1.9325328907432389,2.6836680561847785,1.0,0.14169490055639336,0.6931471805599453,0.8874579687169468,0.12574826862532662,0.6352309336636699,3,9,6,0,18,18,1,0,0.186046511627907,0.0
2007,TJ,Tajikistan,West and Central Asia,Trung A,Chau A khac,0,0,0,Lower middle income,2,15697614838.0,7188391.0,2183.7452690038704,15.697614838,7.188391,7.688796694990909,5.835861385279806,0.02319979620034107,-1.25296676225101,2.8590018251930256,36.29326356990057,123,34,2.25,0.3130046765680943,1.1786549963416462,13.06111111111111,1.816972826201456,2.6434129096549137,,,,1.0315901080677108,0.14350779027847968,0.7088187908977136,5,5,7,0,17,17,2,0,0.0,
2008,TJ,Tajikistan,West and Central Asia,Trung A,Chau A khac,0,0,0,Lower middle income,2,16937726138.0,7324627.0,2312.4353141805036,16.937726138,7.324627,7.746056496749081,5.893088676745517,0.037496122413348876,-0.9877770437233281,15.634199545545384,70.3726800114908,114,29,1.3333333333333333,0.1820342979012219,0.8472978603872036,64.06666666666666,8.746748014153711,4.175412385310882,,,,0.9763335842737637,0.13329464889799353,0.6812434030298387,4,20,10,0,34,34,2,0,0.0,
2009,TJ,Tajikistan,West and Central Asia,Trung A,Chau A khac,0,0,0,Lower middle income,2,17598297652.0,7468596.0,2356.3060114645377,17.598297652,7.468596,7.76485042235762,1.8971643018512507,0.03962767270090662,-0.966136261481155,21.097628341212012,66.63409642760215,113,30,3.3333333333333335,0.44631324727342775,1.4663370687934272,72.45714285714286,9.701574815017823,4.296702145776476,,,,0.8129774330949956,0.10885277943739301,0.5949704844227671,4,18,10,0,32,32,1,0,0.0,
2010,TJ,Tajikistan,West and Central Asia,Trung A,Chau A khac,0,0,0,Lower middle income,2,18742186839.0,7621779.0,2459.0304755622014,18.742186839,7.621779,7.8075224356173125,4.35955532082255,0.03799868444168332,-1.2661112563555126,12.367181453098262,68.0973504498151,129,35,2.0,0.26240592911444954,1.0986122886681098,76.9375,10.09442808562148,4.355907223440255,,,,1.0710396380550207,0.1405235756711157,0.728050721802968,3,15,10,0,28,28,1,0,0.0,
2011,TJ,Tajikistan,West and Central Asia,Trung A,Chau A khac,0,0,0,Lower middle income,2,20129108777.0,7784819.0,2585.687448481461,20.129108777,7.784819,7.857746689104422,5.150687402127563,0.038438222006554064,-1.2148598553656633,15.300586791460306,75.11322983621717,129,34,2.25,0.28902406080346893,1.1786549963416462,80.975,10.40165481047151,4.406414322730712,,,,0.9172558486422763,0.11782622674236566,0.6508949181952898,3,11,7,0,21,21,1,0,0.0,
2012,TJ,Tajikistan,West and Central Asia,Trung A,Chau A khac,0,0,0,Lower middle income,2,21638791827.0,7956382.0,2719.677339147366,21.638791827,7.956382,7.908268526940036,5.181983257280209,0.03403042720593395,-1.1836115757154775,13.25390665274179,69.05115549663913,127,36,0.5,0.0628426337498627,0.4054651081081644,70.25119047619047,8.82953966717416,4.266211527446936,,,,0.9191798808159564,0.11552736920071917,0.6518979493787478,0,17,7,0,24,24,0,0,0.0,
2013,TJ,Tajikistan,West and Central Asia,Trung A,Chau A khac,0,0,0,Lower middle income,2,23240062368.0,8136610.0,2856.2340296511693,23.240062368,8.13661,7.957259263257489,5.021062187715786,0.03367050255934803,-1.24041280459532,12.610071643621165,67.8250408997571,124,32,2.0,0.24580261312758017,1.0986122886681098,58.074603174603176,7.137444608332363,4.078801105735187,,,,0.7943522467701641,0.09762692899993539,0.5846440915035871,1,10,6,0,17,17,1,0,0.0,
2014,TJ,Tajikistan,West and Central Asia,Trung A,Chau A khac,0,0,0,Lower middle income,2,24797146707.0,8326348.0,2978.154012659572,24.797146707,8.326348,7.999058928716482,4.268557189037225,0.03828142127401957,-1.212636865745288,19.20990835111169,78.44574616696393,128,36,2.0,0.24020134637658672,1.0986122886681098,72.52480158730158,8.710277493482327,4.297622785861805,2.0,0.24020134637658672,1.0986122886681098,0.5745120357523227,0.06899928224863082,0.4539454057039542,1,13,7,0,21,21,1,0,0.0,0.0
2015,TJ,Tajikistan,West and Central Asia,Trung A,Chau A khac,0,0,0,Lower middle income,2,26289762181.0,8524063.0,3084.1820597759543,26.289762181,8.524063,8.034041766590594,3.560193551632218,0.03357288195709728,-1.3349463625269637,14.76832674839773,64.45384987100091,134,36,1.0,0.11731494710914267,0.6931471805599453,58.345238095238095,6.844768521213193,4.083371883552625,,,,0.6348828652084857,0.07448124975243446,0.49157115970848003,1,9,10,0,20,20,1,0,0.0,
2016,TJ,Tajikistan,West and Central Asia,Trung A,Chau A khac,0,0,0,Lower middle income,2,28103755772.0,8725318.0,3220.9434397691866,28.103755772,8.725318,8.077429589341316,4.434283623424196,0.026918425047236152,-1.5317435545684943,7.142356128258682,50.782911864703884,142,40,4.0,0.4584360134495958,1.6094379124341003,23.402270828586616,2.682110936081254,3.1946761947140683,,,,0.7219097844128616,0.08273736090912236,0.5434340146289894,1,4,10,0,15,15,1,0,0.0,
2017,TJ,Tajikistan,West and Central Asia,Trung A,Chau A khac,0,0,0,Lower middle income,2,30099122549.0,8925525.0,3372.2523379857207,30.099122549,8.925525,8.12333614965097,4.697657721905757,0.031206449217828423,-1.6233940060732772,8.92330268739521,59.195509990969384,142,39,6.5,0.7282484783808235,2.0149030205422647,33.44513375513375,3.747133502526042,3.539367732188549,,,,0.948017277,0.10621417530061257,0.6668120742775224,1,3,10,0,14,14,3,0,0.3692307692307692,
2018,TJ,Tajikistan,West and Central Asia,Trung A,Chau A khac,0,0,0,Lower middle income,2,32386655529.0,9128132.0,3548.004731855324,32.386655529,9.128132,8.174140677096936,5.211721314265039,0.028174097504815403,-1.8536815378686746,8.913647934421512,52.80657502754768,156,41,7.000000000000001,0.7668600760812837,2.079441541679836,30.700234487734487,3.3632548792824735,3.4563240779452924,,,,0.927055131138839,0.10156022405666777,0.6559929988511228,0,6,15,0,21,21,2,0,0.4571428571428572,
2019,TJ,Tajikistan,West and Central Asia,Trung A,Chau A khac,0,0,0,Lower middle income,2,34783268091.0,9337003.0,3725.3140103949845,34.783268091,9.337003,8.222906425353388,4.997436360434104,0.04339690061669236,-1.3193589258914808,25.829334160237334,87.55843500003544,133,37,8.0,0.8568059793918884,2.1972245773362196,34.11655495886744,3.6539085356262007,3.5586726705291154,9.47210338680927,1.0144693524045425,2.348714901248825,0.6774267673422424,0.07255291310736887,0.517260933079008,2,9,12,0,23,23,1,0,0.19999999999999998,0.42499969238586244
2020,TJ,Tajikistan,West and Central Asia,Trung A,Chau A khac,0,0,0,Lower middle income,2,36313732275.0,9543207.0,3805.1917217136756,36.313732275,9.543207,8.244121655810561,2.1441873381895737,0.04035676404185244,-1.2992661458848926,30.51212654477626,81.11843750885667,133,37,1.0,0.10478657751005505,0.6931471805599453,40.90245992745993,4.286028787540701,3.735344534690675,12.156362184563402,1.273823588293055,2.5769054579390045,0.5536316029992298,0.05801316087969482,0.440595160134354,0,5,9,0,14,14,0,0,0.0,0.16452290328595787
2021,TJ,Tajikistan,West and Central Asia,Trung A,Chau A khac,0,0,0,Lower middle income,2,39727222945.0,9750064.0,4074.560222886742,39.727222945,9.750064,8.312518099087109,7.078973173308478,0.03884637672485332,-1.6704355666772208,16.46744812793576,77.70323680385813,151,40,1.5,0.1538451439908497,0.9162907318741551,30.0503205031668,3.082063923187253,3.4356091304893965,4.46875,0.45833032480607305,1.6990500711237875,0.9423014449640236,0.0966456676555173,0.6638735818004932,1,3,14,0,18,18,0,0,0.0,0.0
2022,TJ,Tajikistan,West and Central Asia,Trung A,Chau A khac,0,0,0,Lower middle income,2,42905400916.0,9952787.0,4310.893111246126,42.905400916,9.952787,8.368900380017601,5.80020604510656,0.04306159827518577,-1.3747283713624212,23.665944846846017,84.63423199802465,128,35,,,,29.26978021978022,2.9408627171243813,3.410149862345895,1.8463497453310695,0.18551082679967626,1.0460373822546964,1.1995080845859107,0.12051981867851795,0.7882337374470342,0,12,15,0,27,27,0,0,,0.0
2023,TJ,Tajikistan,West and Central Asia,Trung A,Chau A khac,0,0,0,Lower middle income,2,46466548855.0,9952787.0,4668.697205616879,46.466548855,9.952787,8.448635340783323,8.299999214485855,0.04208182079562539,-1.6162151344846778,19.607538132853605,73.03178957303227,142,41,,,,31.782258913727375,3.1933024301361392,3.4898874822814725,2.701219512195122,0.27140332775082215,1.3086623632352998,0.860313835629605,0.08643949032864914,0.6207452023251222,0,15,12,0,27,27,1,1,,0.0
2001,TL,Timor-Leste,East Asia,Dong Nam A,ASEAN khac,1,0,0,Lower middle income,2,3281806356.0,893001.0,3675.0309977256466,3.281806356,0.893001,8.209316846366642,,0.004032648442211868,-1.1900394178267932,0.5905311605188753,4.435758383223757,113,30,,,,,,,,,,0.008681653715953301,0.009721885771632171,0.008644184865219258,0,0,0,0,0,0,0,0,,
2002,TL,Timor-Leste,East Asia,Dong Nam A,ASEAN khac,1,0,0,Lower middle income,2,3061805485.0,909639.0,3365.9566982066513,3.061805485,0.909639,8.121467510201768,-8.410114083670884,0.005435073569961233,-1.767405747859205,-1.2815780222078037,4.644699807656387,146,40,,,,,,,,,,0.020476502770358205,0.0225105814178572,0.02026967778989834,0,0,1,0,1,1,0,0,,
2003,TL,Timor-Leste,East Asia,Dong Nam A,ASEAN khac,1,0,0,Lower middle income,2,2994988802.0,926721.0,3231.8128131336184,2.994988802,0.926721,8.080798501235288,-3.9853122633604743,0.003742579263993688,-1.2540642353216043,0.7649342218371099,4.228725975384427,115,29,,,,,,,,,,0.00999465597457642,0.010784967616549554,0.009945039724889316,0,0,0,0,0,0,0,0,,
2004,TL,Timor-Leste,East Asia,Dong Nam A,ASEAN khac,1,0,0,Lower middle income,2,3006968876.0,945989.0,3178.6509948847183,3.006968876,0.945989,8.064212170324339,-1.6449535082248001,0.010394002297806317,-0.7716738535087082,5.393039286167299,14.52708758158546,96,22,,,,,,,,,,0.06798734867693729,0.07186906896056644,0.0657758946597298,0,0,0,0,0,0,0,0,,
2005,TL,Timor-Leste,East Asia,Dong Nam A,ASEAN khac,1,0,0,Lower middle income,2,3096714257.0,969313.0,3194.7515993285965,3.096714257,0.969313,8.06926461710019,0.5065231908060408,0.0055368821175743165,-1.533510916191465,-0.7216053373763729,7.508643234837538,134,38,,,,,,,,,,0.07695617860804221,0.07939249613699828,0.07413870896023775,0,0,0,0,0,0,0,0,,
2006,TL,Timor-Leste,East Asia,Dong Nam A,ASEAN khac,1,0,0,Lower middle income,2,2969250628.0,994564.0,2985.47969562542,2.969250628,0.994564,8.001515714967578,-6.550490615519433,0.004457877981185089,-2.5498804346395363,-6.277722899827386,5.4886348291782205,181,47,,,,0.5,0.5027328558041514,0.4054651081081644,,,,0.036117286145605276,0.036314692815751705,0.03548034799471495,0,0,0,0,0,0,0,0,,
2007,TL,Timor-Leste,East Asia,Dong Nam A,ASEAN khac,1,0,0,Lower middle income,2,3274055739.0,1019362.0,3211.8675593165135,3.274055739,1.019362,8.07460784112704,7.582964440281281,0.004940281573707868,-1.925331289335795,-1.6631356083369813,7.046087687658362,161,42,,,,1.0,0.9810057663518945,0.6931471805599453,,,,0.028316413435559035,0.027778564862687673,0.02792291484453477,0,3,0,0,3,3,0,0,,
2008,TL,Timor-Leste,East Asia,Dong Nam A,ASEAN khac,1,0,0,Lower middle income,2,3647128000.0,1043076.0,3496.512238801391,3.647128,1.043076,8.159521247438494,8.862279475354518,0.005261007549704772,-1.7391258392354945,-0.4693602718107293,7.947315026180114,153,41,,,,0.5,0.47935145665320655,0.4054651081081644,,,,0.1526017906493228,0.14629978127128113,0.14202181359316174,0,0,0,0,0,0,0,0,,
2009,TL,Timor-Leste,East Asia,Dong Nam A,ASEAN khac,1,0,0,Lower middle income,2,4017200416.0,1065540.0,3770.1075661167106,4.017200416,1.06554,8.234858812161471,7.824806796875627,0.006305346813724225,-1.591972870238919,0.8355246776064024,9.38765388225291,144,41,,,,0.6666666666666666,0.6256608542773304,0.5108256237659906,,,,0.09562674401903372,0.08974486553206236,0.091326568494978,0,1,0,0,1,1,0,0,,
2010,TL,Timor-Leste,East Asia,Dong Nam A,ASEAN khac,1,0,0,Lower middle income,2,4392065946.0,1088486.0,4035.0229088844503,4.392065946,1.088486,8.302767258230547,7.026731681308718,0.008277396196487789,-2.3175246259123967,0.7903242256162251,10.37631804059256,180,47,,,,1.738095238095238,1.5968007288061012,1.0072625100798818,,,,0.06483649748841633,0.05956576151500003,0.06282126389039681,0,2,0,0,2,2,0,0,,
2011,TL,Timor-Leste,East Asia,Dong Nam A,ASEAN khac,1,0,0,Lower middle income,2,4653768939.0,1112976.0,4181.374026933196,4.653768939,1.112976,8.338395186081321,3.627020746933174,0.007190264802535669,-2.9743944911123577,-3.3975563821611705,8.728712685314877,190,47,,,,2.4166666666666665,2.171355596766387,1.2286654169163074,,,,0.1166534471848972,0.10481218569393878,0.11033621875690855,0,0,0,0,0,0,0,0,,
2012,TL,Timor-Leste,East Asia,Dong Nam A,ASEAN khac,1,0,0,Lower middle income,2,4879971050.0,1137676.0,4289.420757755283,4.87997105,1.137676,8.363906981303574,2.5840006209952415,0.005436875197385208,-2.9068354048396565,-2.0933952039662334,6.672993603306856,190,47,,,,1.5,1.3184773169162398,0.9162907318741551,,,,0.573938304357993,0.5044830904035885,0.45358095250399666,0,0,0,0,0,0,0,0,,
2013,TL,Timor-Leste,East Asia,Dong Nam A,ASEAN khac,1,0,0,Lower middle income,2,5031463253.0,1161555.0,4331.661654420152,5.031463253,1.161555,8.373706501289494,0.9847692509180161,0.008867963307672568,-2.702305978364542,-0.8446020162681779,11.78111234552171,185,47,,,,3.1111111111111107,2.6784018932475098,1.413693335308005,,,,0.7386767963201158,0.6359378559948654,0.5531243620436316,0,4,1,0,5,5,0,0,,
2014,TL,Timor-Leste,East Asia,Dong Nam A,ASEAN khac,1,0,0,Lower middle income,2,5256495369.0,1184830.0,4436.497530447406,5.256495369,1.18483,8.397620499630902,2.4202231012266484,0.013575434799499188,-2.1632184181624323,3.059887928800801,21.36032489811318,173,46,,,,2.819444444444444,2.3796193921865956,1.340104978650516,1.0,0.8440029371302212,0.6931471805599453,0.10816921454863813,0.09129513478611964,0.10270929737623863,0,0,0,0,0,0,0,0,,0.0
2015,TL,Timor-Leste,East Asia,Dong Nam A,ASEAN khac,1,0,0,Lower middle income,2,5386858578.0,1205813.0,4467.4079463399385,5.386858578,1.205813,8.404563641637171,0.6967301498625122,0.014774379103840225,-2.359022108219377,1.7838769810507482,23.504989621735923,173,45,,,,3.2222222222222223,2.6722404072789248,1.4403615823901663,2.9130434782608696,2.4158335316179786,1.3643154544011153,0.280462787681517,0.2325922739939916,0.24722156546321966,0,0,0,0,0,0,0,0,,0.0
2016,TL,Timor-Leste,East Asia,Dong Nam A,ASEAN khac,1,0,0,Lower middle income,2,5548999284.0,1224562.0,4531.415546129963,5.548999284,1.224562,8.41878965225396,1.4327681859111374,0.008761177033493182,-3.0639612205935527,-4.382339176073247,11.396166781078477,190,47,,,,4.7,3.8381070129564696,1.7404661748405046,,,,0.04970837735182543,0.04059278121632504,0.048512389738282216,0,1,0,0,1,1,0,0,,
2017,TL,Timor-Leste,East Asia,Dong Nam A,ASEAN khac,1,0,0,Lower middle income,2,5372407086.0,1243235.0,4321.312612659714,5.372407086,1.243235,8.371314480609536,-4.636584999353821,0.009463812951797452,-2.6549759226236045,-2.0262914503728826,13.156042727004545,186,47,,,,3.85,3.0967596632977674,1.5789787049493917,,,,0.082362758,0.06624874460580661,0.07914639040889698,0,0,0,0,0,0,0,0,,
2018,TL,Timor-Leste,East Asia,Dong Nam A,ASEAN khac,1,0,0,Lower middle income,2,5372413251.0,1261845.0,4257.585718531198,5.372413251,1.261845,8.35645754587056,-1.4747115018205914,0.011670482317976334,-2.783040593197193,-7.825731124865278,17.911428565875315,188,47,,,,4.743478260869565,3.7591608009458883,1.7480649955991299,0.6000000000000001,0.47549421680158815,0.47000362924573563,0.05895147538235126,0.04671847602704869,0.05727924440075189,0,1,1,0,2,2,0,0,,0.0
2019,TL,Timor-Leste,East Asia,Dong Nam A,ASEAN khac,1,0,0,Lower middle income,2,6630203372.0,1280438.0,5178.074512002924,6.630203372,1.280438,8.552188550320523,21.61997090194301,0.014886572882190868,-3.042578330484772,-6.380060053225884,19.471983478573208,191,47,,,,5.706666666666667,4.456808269253698,1.903102056563429,5.0,3.904913787313404,1.791759469228055,0.09799451334556095,0.07653202524882965,0.09348534612181304,0,0,1,1,2,2,0,0,,0.0
2020,TL,Timor-Leste,East Asia,Dong Nam A,ASEAN khac,1,0,0,Lower middle income,2,8749343574.0,1299995.0,6730.290173423744,8.749343574,1.299995,8.814373538116977,29.976696121748336,0.012765951202026032,-2.872264314025218,-3.459755527460753,17.125386219622854,189,47,,,,4.8228124999999995,3.709870037961684,1.7617833924395947,1.0,0.76923372782203,0.6931471805599453,0.10221904903730361,0.07863034014538794,0.0973254650588104,0,1,0,0,1,1,0,0,,0.0
2021,TL,Timor-Leste,East Asia,Dong Nam A,ASEAN khac,1,0,0,Lower middle income,2,9214418303.0,1320942.0,6975.6418548278425,9.214418303,1.320942,8.850179624653324,3.6454844454245405,0.011906131553562403,-2.8796019542888587,-3.295414111124112,17.929635553109712,192,47,2.666666666666665,2.018761358686956,1.2992829841302604,3.960230455818691,2.998035080888253,1.6014522025241422,,,,0.29729689738522974,0.22506430818705872,0.2602827899980669,0,0,0,0,0,0,0,0,0.0,
2022,TL,Timor-Leste,East Asia,Dong Nam A,ASEAN khac,1,0,0,Lower middle income,2,7321630759.0,1341296.0,5458.624165732247,7.321630759,1.341296,8.60495205268745,-21.747356310239287,0.014358732292446608,-2.248926208051668,3.408532182583675,21.386833899079406,174,45,2.333333333333332,1.7396110428520863,1.2039728043259357,3.747619047619047,2.7940283484175357,1.5576432392443695,,,,0.29979540332313165,0.2235117403788065,0.2622068700225057,0,0,0,0,0,0,0,0,0.0,
2023,TL,Timor-Leste,East Asia,Dong Nam A,ASEAN khac,1,0,0,Lower middle income,2,5994600489.0,1341296.0,4469.259946350396,5.994600489,1.341296,8.404978113800446,-18.124790960931325,0.013626728668071334,-2.101624900475103,4.031964880823051,20.212159360695825,168,47,,,,3.697181964573269,2.7564251027165283,1.5469627468891527,,,,0.12162188460893535,0.09067490293636553,0.11477574906301774,0,3,0,0,3,3,0,1,,
2001,TM,Turkmenistan,West and Central Asia,Trung A,Chau A khac,0,0,0,Upper middle income,3,24446793975.0,4635094.0,5274.282242172435,24.446793975,4.635094,8.57059788125159,,0.012529689966411633,-2.3221641194979252,-7.701402646536082,9.656752842719534,172,43,0.3333333333333333,0.07191511829821215,0.2876820724517809,1.3333333333333333,0.2876604731928486,0.8472978603872036,,,,2.5835743421637396,0.5573941633467929,1.2763607219220785,0,3,10,0,13,13,0,0,0.0,
2002,TM,Turkmenistan,West and Central Asia,Trung A,Chau A khac,0,0,0,Upper middle income,3,24509666221.0,4698968.0,5215.9678935885495,24.509666221,4.698968,8.559479948217252,-1.105635722669751,0.012264770690793451,-2.1633066077525456,-6.689606880107147,10.679836071294446,162,42,,,,0.8333333333333333,0.17734390473255687,0.6061358035703155,,,,2.8999703774523073,0.6171504844153668,1.3609689575817052,0,2,12,0,14,14,1,0,,
2003,TM,Turkmenistan,West and Central Asia,Trung A,Chau A khac,0,0,0,Upper middle income,3,25310845190.0,4758988.0,5318.535199080141,25.31084519,4.758988,8.57895320590431,1.9664098319636336,0.010450559666124465,-2.213613165978153,-5.748041215675405,9.147498980611292,171,44,1.0,0.21012870803624634,0.6931471805599453,1.0,0.21012870803624634,0.6931471805599453,,,,2.893809106560042,0.608072368864986,1.35938788329332,0,0,9,0,9,9,0,0,0.0,
2004,TM,Turkmenistan,West and Central Asia,Trung A,Chau A khac,0,0,0,Upper middle income,3,26576490576.0,4819792.0,5514.032675268974,26.576490576,4.819792,8.615051517440136,3.675776672920117,0.01103693984125753,-2.376571791638061,-7.78030195570675,10.325983932666832,179,46,,,,1.25,0.25934729133539375,0.8109302162163288,,,,3.758089921688634,0.7797203534278313,1.5598463107540168,0,2,12,0,14,14,0,0,,
2005,TM,Turkmenistan,West and Central Asia,Trung A,Chau A khac,0,0,0,Upper middle income,3,30040479625.0,4885775.0,6148.559773014516,30.040479625,4.885775,8.723973150125712,11.507496148716424,0.0096509482575277,-2.2527075151510676,-5.2599287879549195,9.432763580037546,170,46,0.3333333333333333,0.0682252730290145,0.2876820724517809,0.7,0.14327307336093045,0.5306282510621704,,,,4.941847394926311,1.011476663359715,1.7820200942680569,0,1,14,0,15,15,0,0,0.0,
2006,TM,Turkmenistan,West and Central Asia,Trung A,Chau A khac,0,0,0,Upper middle income,3,33336914076.0,4954029.0,6729.252912326512,33.336914076,4.954029,8.814219407907254,9.44437658166073,0.009638775870802868,-2.339461736234644,-4.773241787302521,8.860372137980217,172,45,,,,0.0625,0.012615993971775296,0.06062462181643484,,,,5.431040000836914,1.096287486576464,1.861136267136012,0,0,14,0,14,14,2,0,,
2007,TM,Turkmenistan,West and Central Asia,Trung A,Chau A khac,0,0,0,Upper middle income,3,37023743238.0,5024894.0,7368.06452792835,37.023743238,5.024894,8.904910335758947,9.493054042175686,0.008444430358582665,-2.2816479827442597,-5.175301260144601,9.376540331159871,175,46,1.0,0.1990091731288262,0.6931471805599453,0.25,0.04975229328220655,0.22314355131420976,,,,6.209212203843134,1.2356901864682388,1.9753596809502518,0,0,15,0,15,15,1,0,0.0,
2008,TM,Turkmenistan,West and Central Asia,Trung A,Chau A khac,0,0,0,Upper middle income,3,42466233494.0,5100083.0,8326.576938845898,42.466233494,5.100083,9.027207718994138,13.00901216709416,0.008693885172486017,-2.259227906512691,-2.7436001423177703,9.927225348107505,176,45,1.5,0.2941128605161916,0.9162907318741551,,,,,,,7.590568451311416,1.4883225334394394,2.1506649097450983,0,0,10,0,10,10,1,0,0.0,
2009,TM,Turkmenistan,West and Central Asia,Trung A,Chau A khac,0,0,0,Upper middle income,3,45056673786.0,5180957.0,8696.592885445682,45.056673786,5.180957,9.070686605576046,4.443794242428156,0.010797063143620908,-1.8283470152517485,-0.6750074995204901,12.616783630082905,155,43,2.75,0.530789967953797,1.3217558399823195,0.015151515151515152,0.0029244626333542532,0.015037877364540516,,,,1.9130519967911013,0.3692468392984349,1.0692013277291128,0,0,10,0,10,10,0,0,0.0,
2010,TM,Turkmenistan,West and Central Asia,Trung A,Chau A khac,0,0,0,Upper middle income,3,49201887769.0,5267970.0,9339.819279342897,49.201887769,5.26797,9.142042181928936,7.3963033842103565,0.010550260092371352,-2.144349019799695,-2.3916019074183623,12.839595373672754,167,44,3.0,0.569479325053104,1.3862943611198906,,,,1.0,0.189826441684368,0.6931471805599453,2.3927044005200924,0.45419856235325795,1.2216273616178825,0,0,11,0,11,11,0,0,0.0,0.0
2011,TM,Turkmenistan,West and Central Asia,Trung A,Chau A khac,0,0,0,Upper middle income,3,56434565236.0,5360811.0,10527.24396290039,56.434565236,5.360811,9.261721838951953,12.713572372687644,0.008735515545229756,-2.5149129488246884,-5.211685344355482,10.796888233299454,184,46,,,,1.125,0.2098563071893413,0.7537718023763802,,,,6.51316838274857,1.2149595243608793,2.016657265321229,0,0,10,0,10,10,0,0,,
2012,TM,Turkmenistan,West and Central Asia,Trung A,Chau A khac,0,0,0,Upper middle income,3,62698801955.0,5458682.0,11486.069706020611,62.698801955,5.458682,9.348890250187004,9.108041444648475,0.014153786241114786,-1.0374310697390108,4.320619279995254,23.588343738241846,117,30,,,,2.033333333333333,0.3724952897665285,1.1096621248546947,5.3125,0.9732202755170571,1.8425317946014783,9.232889586785792,1.6914137124649855,2.3256070021300372,0,0,12,1,13,13,0,0,,0.0
2013,TM,Turkmenistan,West and Central Asia,Trung A,Chau A khac,0,0,0,Upper middle income,3,69094079818.0,5560095.0,12426.78044493844,69.094079818,5.560095,9.427609136066309,8.19001419105736,0.00916514396665613,-2.2086414360623357,-3.935180664636198,11.965293927365398,168,44,,,,0.75,0.13488978155948775,0.5596157879354227,1.0,0.17985304207931702,0.6931471805599453,9.653150753749507,1.7361485287121008,2.3658556938242956,0,0,13,0,13,13,0,0,,0.0
2014,TM,Turkmenistan,West and Central Asia,Trung A,Chau A khac,0,0,0,Upper middle income,3,76210770019.0,5663152.0,13457.30611133164,76.210770019,5.663152,9.507277442850858,8.292780828947087,0.01179172337321321,-1.9547051411936378,-1.6019976873914101,17.129246412853337,163,43,0.5,0.08829005472570751,0.4054651081081644,3.0,0.5297403283542451,1.3862943611198906,3.0,0.5297403283542451,1.3862943611198906,9.927902679953279,1.7530701418491468,2.3913193972208147,0,1,17,0,18,18,0,0,0.0,0.0
2015,TM,Turkmenistan,West and Central Asia,Trung A,Chau A khac,0,0,0,Upper middle income,3,81164470001.0,5766431.0,14075.338801591486,81.164470001,5.766431,9.552179523879214,4.592543895092316,0.00864309698403544,-2.1749523355777356,-1.2440297631203552,10.233895037210758,168,44,2.5,0.43354372921482975,1.252762968495368,,,,2.0,0.3468349833718638,1.0986122886681098,8.271641194471918,1.4344472680713458,2.226960407539743,0,0,13,0,13,13,4,0,0.4714285714285714,1.0
2016,TM,Turkmenistan,West and Central Asia,Trung A,Chau A khac,0,0,0,Upper middle income,3,86196667114.0,5868561.0,14687.871032438787,86.196667114,5.868561,9.594777332350507,4.351811629415581,0.016620938917815853,-1.3127841443196415,5.213417688322998,27.107240326183753,135,35,2.500000000000002,0.4259988095889269,1.2527629684953687,1.5,0.2555992857533559,0.9162907318741551,3.8571428571428568,0.6572553062229152,1.580450375560848,6.484934303664329,1.1050297174493593,2.012892240767519,0,0,19,0,19,19,2,0,0.7857142857142859,0.0
2017,TM,Turkmenistan,West and Central Asia,Trung A,Chau A khac,0,0,0,Upper middle income,3,91799450517.0,5968383.0,15380.958379681733,91.799450517,5.968383,9.640885554491563,4.718773372343987,0.01910726853564113,-0.9354751914608599,14.779577236080103,33.196513759166415,112,29,4.0,0.6701982764846023,1.6094379124341003,2.4166666666666665,0.40491145870944717,1.2286654169163074,2.2682926829268295,0.3800514616650489,1.1842677332466036,6.759485671,1.1325489116566414,2.0489160524882344,0,0,18,2,20,20,2,0,0.0,0.0
2018,TM,Turkmenistan,West and Central Asia,Trung A,Chau A khac,0,0,0,Upper middle income,3,97491016395.0,6065066.0,16074.188870327214,97.491016395,6.065066,9.684970088755096,4.507069543606845,0.014376661077274757,-1.6420867140106201,1.557838367938627,22.16617678396648,145,38,1.3333333333333335,0.21983822324989266,0.8472978603872037,0.7,0.11541506720619363,0.5306282510621704,1.5,0.24731800115612923,0.9162907318741551,6.652700315322127,1.0968883628508126,2.0350585679498643,0,0,19,0,19,19,3,0,0.0,0.0
2019,TM,Turkmenistan,West and Central Asia,Trung A,Chau A khac,0,0,0,Upper middle income,3,103633000000.0,6158420.0,16827.855196625107,103.633,6.15842,9.730790839766396,4.6886740748029565,0.017804190797946116,-1.4712730508672618,3.9292400052876566,29.208005278305556,139,38,5.9999999999999964,0.9742758694600233,1.9459101490553128,1.1179017409534227,0.18152411510637836,0.7504258537297893,1.8,0.2922827608380072,1.0296194171811583,9.346105962826945,1.517614252166456,2.3366102134413964,1,1,19,0,21,21,2,0,0.5892857142857141,0.0
2020,TM,Turkmenistan,West and Central Asia,Trung A,Chau A khac,0,0,0,Upper middle income,3,109747000000.0,6250438.0,17558.289515070785,109.747,6.250438,9.773281454419056,4.340626359752431,0.016130843767276026,-1.0378041160314464,9.492283162582023,29.73614346214481,117,32,2.5,0.3999719699643449,1.252762968495368,0.5603603603603604,0.08965137488930543,0.44491679481600066,1.5333333333333332,0.24531614157813153,0.9295359586241757,7.632229032220777,1.221071072494564,2.1555027605302524,0,0,17,0,17,17,2,0,0.0,0.0
2021,TM,Turkmenistan,West and Central Asia,Trung A,Chau A khac,0,0,0,Upper middle income,3,116552000000.0,6341855.0,18378.218991131143,116.552,6.341855,9.818921491929064,4.669757127290719,0.014184734239246639,-2.176652330702928,-3.9613335791508493,21.346190042086665,172,45,0.6666666666666666,0.10512171386237412,0.5108256237659906,0.5986670640133638,0.09439936170306067,0.46917019704593693,,,,6.857068318439856,1.081240160558678,2.06141354938814,0,0,19,0,19,19,1,0,0.0,
2022,TM,Turkmenistan,West and Central Asia,Trung A,Chau A khac,0,0,0,Upper middle income,3,123778000000.0,6430770.0,19247.772817252055,123.778,6.43077,9.865150635217335,4.731436852181026,0.012584151424256576,-1.777496036279642,-0.653881070905528,18.85237658127004,149,41,,,,0.6666666666666666,0.10366824916249012,0.5108256237659906,1.0,0.1555023737437352,0.6931471805599453,9.647250124457068,1.500170294452619,2.365301654538639,0,0,18,0,18,18,1,0,,0.0
2023,TM,Turkmenistan,West and Central Asia,Trung A,Chau A khac,0,0,0,Upper middle income,3,131576000000.0,6430770.0,20460.3803277057,131.576,6.43077,9.926245628174769,6.299988689427849,0.017933829402404837,-1.4998676219047424,3.5546731864337837,28.1317746110281,138,38,0.5,0.0777511868718676,0.4054651081081644,2.2576335877862594,0.3510673819443487,1.1810010384733984,3.725146198830409,0.5792690764605808,1.5528985020184354,10.004495064735892,1.555722730673915,2.3983038315755834,0,0,15,0,15,15,2,1,0.0,0.0
2001,TR,Türkiye,West and Central Asia,Tay A,Chau A khac,0,0,0,Upper middle income,3,908769000000.0,65072018.0,13965.588096560952,908.769,65.072018,9.544351589670239,,0.25665933721664036,-0.11743490353519244,249.9037054424105,258.5024840555631,47,7,362.45,5.569982476953458,5.895641735930645,1402.894298245614,21.559102381696754,7.247005295601764,607.1061175702439,9.329757032742458,6.410349402213997,36.751493027404415,0.5647818241537309,3.6310250253077565,5,150,182,137,474,474,162,0,0.3274981166015138,0.0034041275600019756
2002,TR,Türkiye,West and Central Asia,Tay A,Chau A khac,0,0,0,Upper middle income,3,967364000000.0,65988663.0,14659.548413641902,967.364,65.988663,9.592847170985419,4.969073355756781,0.2703730637538057,-0.12967248245950797,262.8116243852288,283.7184910549054,49,8,468.2924242424243,7.096558756500708,6.151226079994656,2053.236048162364,31.114981798651748,7.627659305094118,758.7621892232452,11.498371913115518,6.633005475397384,42.17276189396057,0.6390910192249322,3.7652097846800863,14,185,191,155,545,545,200,0,0.3794027055364536,0.005287622722579615
2003,TR,Türkiye,West and Central Asia,Tay A,Chau A khac,0,0,0,Upper middle income,3,1023120000000.0,66867327.0,15300.746207486356,1023.12,66.867327,9.63565687792236,4.3739259611009995,0.2834417563127038,-0.12663152498194039,273.9327675164631,306.60781255294427,52,10,522.9956746031745,7.821393467742093,6.261483429712879,2828.5981462981463,42.30164825189058,7.947889982780138,770.6620071509274,11.525240229072224,6.648546639584656,54.71220908482803,0.818220370687586,4.020199316537309,13,224,206,141,584,582,222,0,0.2437114499310002,0.005320101369934343
2004,TR,Türkiye,West and Central Asia,Tay A,Chau A khac,0,0,0,Upper middle income,3,1123340000000.0,67785075.0,16572.084636625394,1123.34,67.785075,9.715474910390707,8.308996253509493,0.29593481784282155,-0.06658322184737706,269.6203130617894,350.52476585275315,53,11,675.7486183261183,9.96898828136014,6.517299886861175,3622.29649229969,53.43796539724548,8.195139523676877,981.7834659096056,14.483770445184364,6.890388817051709,71.3893828399722,1.0531725876230453,4.282059642781378,12,229,214,152,607,606,260,0,0.3031135077881916,0.0
2005,TR,Türkiye,West and Central Asia,Tay A,Chau A khac,0,0,0,Upper middle income,3,1224350000000.0,68704715.0,17820.465451315824,1224.35,68.704715,9.788102820286149,7.533034268551986,0.3130568590698351,-0.024469296638658107,275.06369857387284,380.220325065473,48,10,815.6070498945498,11.871194719235062,6.705158012076901,4136.134448884449,60.201609873273604,8.327758665059372,1185.2063002640866,17.250727264702093,7.0785155106905435,81.16422952108144,1.1813487549010493,4.408720043373702,13,227,234,153,627,627,270,0,0.15332604828817278,0.0
2006,TR,Türkiye,West and Central Asia,Tay A,Chau A khac,0,0,0,Upper middle income,3,1309420000000.0,69601333.0,18813.145432142803,1309.42,69.601333,9.842311129588033,5.5704492317493415,0.3326910165009939,0.040011177191355204,281.8540531757628,421.12100832390587,45,9,1025.9639860139857,14.740579552032226,6.93436214214133,4705.9017911669225,67.61223655252296,8.456785176761748,1469.8708984894888,21.118430281924184,7.293609952296812,92.89484836898393,1.3346705352465582,4.542175521759073,20,250,239,202,711,709,321,0,0.13074426879490283,0.0013640653761227846
2007,TR,Türkiye,West and Central Asia,Tay A,Chau A khac,0,0,0,Upper middle income,3,1375460000000.0,70468869.0,19518.68987708601,1375.46,70.468869,9.87912774076208,3.7502736981863904,0.34982056349908996,0.09598158934052732,261.59180051354156,478.4291619754109,43,9,1420.1435607448107,20.152779247029077,7.2592171509637256,5304.501526542137,75.27439565607527,8.576499585041836,1757.0355506663311,24.933500077407672,7.4719523002626875,113.43094953803643,1.6096604237828258,4.739971580276812,27,253,238,215,733,731,317,0,0.2902481869675511,0.05348004336730528
2008,TR,Türkiye,West and Central Asia,Tay A,Chau A khac,0,0,0,Upper middle income,3,1386670000000.0,71320726.0,19442.735341757456,1386.67,71.320726,9.875228774996673,-0.3891374667401304,0.35110629538406823,0.09150360095336207,261.1340282159898,514.6049674320743,48,10,1630.5223507973506,22.861830525916837,7.397268815478214,5617.632822732822,78.7657829328998,8.63384364331643,1784.5142955115973,25.020977710064216,7.48746177344972,136.9132511754702,1.9196839243541943,4.926624872825657,23,246,247,217,733,732,346,0,0.14658250997858513,0.005603765699805239
2009,TR,Türkiye,West and Central Asia,Tay A,Chau A khac,0,0,0,Upper middle income,3,1319790000000.0,72225639.0,18273.15089590277,1319.79,72.225639,9.813188097331976,-6.0155344672246365,0.3555450862524558,0.10543177140741732,277.1646994290114,457.9258585283332,42,9,1840.764390840641,25.486301212795652,7.518479299209954,5925.288432896653,82.03857404289151,8.687153399391951,1701.6253482813963,23.559851762355418,7.439926661323036,104.48624040574217,1.4466641188974758,4.658580521715955,32,254,265,198,749,748,321,0,0.16403986471234822,0.004113713989433599
2010,TR,Türkiye,West and Central Asia,Tay A,Chau A khac,0,0,0,Upper middle income,3,1431010000000.0,73195345.0,19550.560216636728,1431.01,73.195345,9.88075922058539,6.99063521125074,0.35758334409730236,0.08424925349850913,284.6503204664635,492.4897166392649,46,10,2032.379743265993,27.766516344256495,7.617454585789862,6144.0844944198,83.94091857098016,8.723407772014603,1882.648240668344,25.720873925361563,7.540965728929291,116.41319738170183,1.5904453675531118,4.765699314889511,34,268,268,181,751,750,306,0,0.24782331069398086,0.0010623333434237273
2011,TR,Türkiye,West and Central Asia,Tay A,Chau A khac,0,0,0,Upper middle income,3,1591290000000.0,74173854.0,21453.516491134462,1591.29,74.173854,9.973643849900265,9.733512765932906,0.3581807971532858,0.09249180673614533,279.42314846784853,537.861064443003,48,10,2374.576112313612,32.01365419563627,7.772995260658253,6811.913701466406,91.83712769551391,8.826575163948458,2160.95709547785,29.133676881315214,7.678769153172386,135.27762723416114,1.8237912679333224,4.914694181679652,39,250,258,183,730,727,346,0,0.2478976315108183,0.0009383702166143087
2012,TR,Türkiye,West and Central Asia,Tay A,Chau A khac,0,0,0,Upper middle income,3,1667480000000.0,75277439.0,22151.12551849698,1667.48,75.277439,10.005643587658483,3.251723453592348,0.36728991293379926,0.14536838116869305,277.09164155938527,542.3843182583201,44,8,2376.276762126762,31.56691823863405,7.773710893954994,6625.13829542506,88.00961328433424,8.798777454272738,2286.879390758338,30.37934633719856,7.735380637280868,137.7960315321264,1.8305090258467267,4.933005456396865,49,240,268,230,787,783,395,0,0.29230804929716026,0.0
2013,TR,Türkiye,West and Central Asia,Tay A,Chau A khac,0,0,0,Upper middle income,3,1808980000000.0,76576117.0,23623.29236411922,1808.98,76.576117,10.069988468865713,6.64601374044369,0.374301901033827,0.08401383977869874,313.8672365996253,555.8627291427007,48,10,2336.1640560828055,30.507737237222482,7.756693531511367,7250.387028464171,94.68209296201545,8.888948043821399,2890.719358043572,37.74962052520333,7.969606537782747,155.96994058602374,2.036796153897745,5.056054325781748,40,226,283,251,800,797,458,0,0.18814526926360964,0.0007233179122321339
2014,TR,Türkiye,West and Central Asia,Tay A,Chau A khac,0,0,0,Upper middle income,3,1898340000000.0,78112073.0,24302.773272961276,1898.34,78.112073,10.098345749276023,2.876317569832487,0.3749609118693009,0.07911976317895898,334.39509272006035,558.9786333781838,51,10,2330.8030433017266,29.839216318093705,7.754397085628165,7805.2278990528075,99.92345100165,8.96267714268369,2990.378615467789,38.28318082747323,8.003489635529416,156.68091481074293,2.005847608355535,5.060573464519307,39,222,279,243,783,774,460,0,0.16172268621900712,0.0
2015,TR,Türkiye,West and Central Asia,Tay A,Chau A khac,0,0,0,Upper middle income,3,2013850000000.0,79646178.0,25284.954665370133,2013.85,79.646178,10.13796482056686,4.041437499240508,0.37997459453961124,0.0945662996311207,341.54627017171396,547.3611567808063,49,8,2769.4035070192945,34.771329605035085,7.926748258976558,8431.57409177858,105.86288386341126,9.039857353351824,3096.834669934562,38.88240148742055,8.038458652843453,136.96948596749735,1.7197245292485641,4.927032544529863,40,250,280,244,814,806,452,0,0.23062794242628754,0.0012970232817599982
2016,TR,Türkiye,West and Central Asia,Tay A,Chau A khac,0,0,0,Upper middle income,3,2080770000000.0,81019394.0,25682.36933492739,2080.77,81.019394,10.153560017369013,1.5717436507867166,0.38301366195630787,0.10646722333808581,345.8924310816754,551.0987399903152,49,9,2938.869478461854,36.27365416312364,7.986120464266235,9136.470230156956,112.76892826619951,9.120138846067167,3751.6164162252467,46.30516510929774,8.230208586670697,131.31409307287794,1.6207735776557144,4.8851785890521935,54,238,287,242,821,814,450,0,0.05821358810859787,0.0005997414848354556
2017,TR,Türkiye,West and Central Asia,Tay A,Chau A khac,0,0,0,Upper middle income,3,2236870000000.0,82089826.0,27249.052763249856,2236.87,82.089826,10.212774038505557,6.100229335896268,0.38237970777455854,0.139622101210987,340.9538217836061,560.627857983334,49,9,3522.5681782312968,42.91114197551468,8.16722944215595,7622.215091877147,92.85212873854972,8.93895348776194,3784.7962899643585,46.10554650175965,8.239011524184413,145.389492925,1.77110246189339,4.9862708293136695,66,227,296,234,823,810,429,0,0.08690502804464362,0.0
2018,TR,Türkiye,West and Central Asia,Tay A,Chau A khac,0,0,0,Upper middle income,3,2304270000000.0,82809304.0,27826.22107293644,2304.27,82.809304,10.233734059203742,2.1181224709029056,0.38747839437020376,0.16597599536540913,366.0986842813554,583.417363533163,44,7,4250.981357422676,51.33458623710539,8.355140355026704,7953.396712699793,96.04472358202399,8.981480100397624,3646.575039469143,44.03581316743277,8.201817853034985,159.96465672357436,1.9317232363597014,5.081184817429603,74,234,299,212,819,813,414,0,0.24996722244126884,0.0
2019,TR,Türkiye,West and Central Asia,Tay A,Chau A khac,0,0,0,Upper middle income,3,2323130000000.0,83481684.0,27828.02033557445,2323.13,83.481684,10.233798717802731,0.006466068940125247,0.39541733628740827,0.16663782968552743,354.2414012716426,593.2337202697784,47,7,4748.095736025669,56.875897903852405,8.465709507542742,8858.19968360752,106.10949922389587,9.089211710355265,4075.1151447773386,48.814481806300634,8.312899643398303,160.80337635981348,1.9262114592682806,5.086381871896245,78,247,311,209,845,835,418,0,0.14349758113659544,0.0
2020,TR,Türkiye,West and Central Asia,Tay A,Chau A khac,0,0,0,Upper middle income,3,2366340000000.0,84135428.0,28125.369493574097,2366.34,84.135428,10.244427276969725,1.0685242946280482,0.39891711427310605,0.16340156616448115,376.5081197126137,592.8069093342617,49,7,4125.488938980696,49.033909222886415,8.325182188544643,10033.458526165676,119.25366952629842,9.213780301246043,3956.871001487167,47.02978395126446,8.28346153378883,145.5779727833703,1.7302814788482481,4.987557524298167,78,260,326,208,872,865,434,0,0.027262558277762243,0.0
2021,TR,Türkiye,West and Central Asia,Tay A,Chau A khac,0,0,0,Upper middle income,3,2637030000000.0,84775404.0,31106.07411555361,2637.03,84.775404,10.345158388278758,10.597921647431253,0.40544147705315564,0.17509392638151733,424.5447477138989,621.5847519544161,42,7,4704.706763639697,55.496129085267434,8.4565312561771,9679.128648261263,114.1737838048081,9.177830470291944,3514.0984930957807,41.45186371622341,8.164822824647576,188.47763098424664,2.223258422740712,5.244270975255451,87,263,347,221,918,908,465,0,0.01794375446496669,0.0
2022,TR,Türkiye,West and Central Asia,Tay A,Chau A khac,0,0,0,Upper middle income,3,2782950000000.0,85341241.0,32609.673440300685,2782.95,85.341241,10.392364254636341,4.833780435169888,0.4198646858734207,0.20534802148102446,389.24575683729194,604.931999534261,42,7,4816.997323500373,56.44395683794161,8.480113627653777,9520.2724799785,111.55535551654914,9.161283782716481,3410.1943551534114,39.95951213263247,8.134817759732204,202.60174857988318,2.37401924562924,5.316165872949327,101,269,368,246,984,963,515,0,0.06065224393703444,0.0
2023,TR,Türkiye,West and Central Asia,Tay A,Chau A khac,0,0,0,Upper middle income,3,2925190000000.0,85341241.0,34276.393988692995,2925.19,85.341241,10.442212174316628,5.111123088808656,0.42404799727123066,0.1994278207010595,405.06547865319794,562.7879226049911,46,7,3525.2537825607483,41.30773986003729,8.167991335002124,10975.905103109946,128.61196971707906,9.303548808583896,3332.8802076977395,39.0535709188684,8.111892132160646,194.59596269599965,2.280210135402175,5.276051116774198,93,278,367,248,986,967,540,1,0.023304136182875947,0.0
2001,UZ,Uzbekistan,West and Central Asia,Trung A,Chau A khac,0,0,0,Lower middle income,2,88060084771.0,24964450.0,3527.4193812000667,88.060084771,24.96445,8.168321829093038,,0.027192965898010464,-1.5175988168228522,0.7919458180724007,26.682487248101264,131,37,16.53333333333333,0.6622750885091934,2.864103831075554,12.283333333333333,0.49203300426539875,2.5865101165681144,,,,2.1553821459876126,0.08633805855877508,1.1491096125846092,1,8,28,0,37,37,2,0,0.5712365591397849,
2002,UZ,Uzbekistan,West and Central Asia,Trung A,Chau A khac,0,0,0,Lower middle income,2,91559141842.0,25271850.0,3622.969503301104,91.559141842,25.27185,8.195049273333042,2.708782590759884,0.02807836292440123,-1.522371992890956,1.171215229816734,28.745173849904436,125,36,13.899999999999993,0.5500190923893579,2.701361212951413,13.873351648351647,0.5489646246060992,2.699571131735226,,,,1.5358445033913535,0.06077293523787746,0.9305267189976795,2,10,29,0,41,41,2,0,0.503597122302158,
2003,UZ,Uzbekistan,West and Central Asia,Trung A,Chau A khac,0,0,0,Lower middle income,2,95434499149.0,25567650.0,3732.6269386901026,95.434499149,25.56765,8.2248675378612,3.0267280828360166,0.03169379183504869,-1.3306822354249277,6.192578714164907,35.96554879597742,119,31,9.5,0.37156328407186423,2.3513752571634776,23.377777777777776,0.9143498826750904,3.1936719705049104,1.0,0.039111924639143605,0.6931471805599453,2.1840939321683215,0.08542411727977821,1.1581677688561278,7,10,36,0,53,53,3,0,0.11483253588516748,0.0
2004,UZ,Uzbekistan,West and Central Asia,Trung A,Chau A khac,0,0,0,Lower middle income,2,102543000000.0,25864350.0,3964.646318194735,102.543,25.86435,8.285171929130593,6.215980951636579,0.03172251846135949,-1.3031457610736576,5.986004350450871,39.94846095432799,123,33,23.866666666666667,0.9227630567428396,3.2135282185416054,23.544877344877342,0.9103216336338373,3.2005031703444375,0.6666666666666666,0.02577550437829161,0.5108256237659906,2.9389492318077606,0.11362934818805655,1.3709139953065126,5,7,38,0,50,50,5,0,0.15744032503809036,0.0
2005,UZ,Uzbekistan,West and Central Asia,Trung A,Chau A khac,0,0,0,Lower middle income,2,109670000000.0,26167000.0,4191.156800550311,109.67,26.167,8.340732060861637,5.713258237337948,0.036283154924912395,-1.2059811146627313,11.076873298398032,47.2460266142381,118,31,19.375,0.7404364275614322,3.0143086591269266,23.567261904761903,0.900648217402144,3.201414739735493,3.6011904761904763,0.1376233605759344,1.5263150691841632,3.6034415969864253,0.1377093895741363,1.5268041970108777,1,13,36,1,51,51,3,0,0.1032258064516129,0.0
2006,UZ,Uzbekistan,West and Central Asia,Trung A,Chau A khac,0,0,0,Lower middle income,2,117842000000.0,26488250.0,4448.840523628402,117.842,26.48825,8.400398784721547,6.148272072384775,0.0332806589909015,-1.3357620233727927,6.953516166050466,46.090201607684726,128,34,13.722222222222221,0.518049407651401,2.6893580680900575,31.65479422538246,1.1950504176524481,3.485991681861254,,,,4.537020823624525,0.17128427977025756,1.71145659864729,3,9,36,0,48,48,6,0,0.08237986270022883,
2007,UZ,Uzbekistan,West and Central Asia,Trung A,Chau A khac,0,0,0,Lower middle income,2,129005000000.0,26868000.0,4801.436653267828,129.005,26.868,8.476670454877976,7.925573590843271,0.0448852536792965,-0.8744517294000581,16.829899418864816,73.1794498861644,103,27,15.175865946918579,0.5648305027139564,2.7835203750849353,34.52408216783217,1.2849516959889895,3.5702108374166706,6.0,0.22331397945511391,1.9459101490553132,5.341454296314113,0.19880356916458664,1.8471081264212579,10,11,35,0,56,56,3,0,0.0,0.0
2008,UZ,Uzbekistan,West and Central Asia,Trung A,Chau A khac,0,0,0,Lower middle income,2,140653000000.0,27302800.0,5151.596173286256,140.653,27.3028,8.547061882197806,7.292807243017818,0.038572124617595585,-1.157031835263857,8.580089117999623,66.43074408822103,123,33,16.396631292683924,0.6005476102335263,2.856276583608095,29.90814093314093,1.0954239467432252,3.431019609823493,1.0,0.03662628008848909,0.6931471805599453,7.101662613621794,0.26010748398046335,2.0920693015562106,10,5,30,0,45,45,1,0,0.0,0.0
2009,UZ,Uzbekistan,West and Central Asia,Trung A,Chau A khac,0,0,0,Lower middle income,2,151977000000.0,27767400.0,5473.216793794161,151.977,27.7674,8.60762180186939,6.243125619505618,0.038678705289370674,-1.116287703480003,7.097037479109913,60.65195861936175,119,32,14.811470985155196,0.5334122382778077,2.760735688332586,32.020670995671,1.1531749820174377,3.497133759171978,2.5,0.09003363656662129,1.252762968495368,4.915150725961951,0.17701155765256923,1.7775169790941852,10,9,28,1,48,48,1,0,0.0,0.0
2010,UZ,Uzbekistan,West and Central Asia,Trung A,Chau A khac,0,0,0,Lower middle income,2,163523000000.0,28562400.0,5725.114136066997,163.523,28.5624,8.652617764654629,4.602363687812461,0.042203534689447354,-1.1882058923724426,9.720785612165766,70.55123460000206,123,31,20.704778554778553,0.7248963166533118,3.0775324462014026,34.717250233426704,1.2154878523312713,3.575633771898029,6.7,0.23457412542363387,2.0412203288596382,5.645990362606138,0.19767212708337317,1.8940137198269482,7,13,31,0,51,51,4,0,0.10062089424532919,0.0
2011,UZ,Uzbekistan,West and Central Asia,Trung A,Chau A khac,0,0,0,Lower middle income,2,175829000000.0,29339400.0,5992.931007450732,175.829,29.3394,8.698335888202822,4.6779306930589515,0.03990468707822787,-1.092205676814945,9.058557169487456,73.09488224383365,120,31,24.838869463869464,0.846604547600478,3.2518799265590403,37.38551587301587,1.2742426863881289,3.6476801976324573,1.0,0.034083859928969236,0.6931471805599453,5.9263455904840505,0.20199273299672285,1.9353323422930049,6,9,28,0,43,43,4,0,0.0,0.0
2012,UZ,Uzbekistan,West and Central Asia,Trung A,Chau A khac,0,0,0,Lower middle income,2,188317000000.0,29774500.0,6324.774555408151,188.317,29.7745,8.752229669546749,5.537249595312432,0.03936799726340032,-1.1026872920623425,9.786356531588291,72.18883354607273,119,32,17.689035087719297,0.5941001557614501,2.927936992939413,36.551623376623375,1.2276150187785984,3.6257166096757403,7.000000000000001,0.2351005054660868,2.079441541679836,4.383954801952727,0.1472385699827949,1.6834231974247094,3,10,34,0,47,47,2,0,0.2553656372307038,0.0
2013,UZ,Uzbekistan,West and Central Asia,Trung A,Chau A khac,0,0,0,Lower middle income,2,202058000000.0,30243200.0,6681.105174055656,202.058,30.2432,8.807038698064053,5.63388648126304,0.043511720363841835,-1.3246223714093304,12.302392116142725,78.87396451895114,133,36,26.8921052631579,0.8891951004906193,3.328343683306824,49.124242424242425,1.624307031803593,3.9145047717816954,8.92,0.29494233414453497,2.2945529212967815,5.292932288360506,0.17501230982040608,1.8394271446522525,3,12,34,0,49,49,4,0,0.0,0.0
2014,UZ,Uzbekistan,West and Central Asia,Trung A,Chau A khac,0,0,0,Lower middle income,2,215947000000.0,30757700.0,7020.908585492413,215.947,30.7577,8.85664791677758,5.086035956390811,0.04909297330421183,-0.6964834973820274,24.811176904278806,98.30831625708917,96,25,31.200000000000003,1.0143801389570744,3.4719664525503626,46.76393557422969,1.520397675191243,3.866270868834907,17.005876068376068,0.5528981708117339,2.8906981528666456,4.224187325116048,0.13733755531512593,1.6532992498909607,2,8,30,9,49,49,5,0,0.33333333333333337,0.0
2015,UZ,Uzbekistan,West and Central Asia,Trung A,Chau A khac,0,0,0,Lower middle income,2,231535000000.0,31298900.0,7397.5443226439265,231.535,31.2989,8.908903375827071,5.364487125352557,0.05109548446316836,-0.5448704435594446,31.687846609118786,99.46675769775908,90,24,33.03377192982456,1.0554291661951238,3.5273533236817003,51.126358826358825,1.6334874013578378,3.9536707483903855,10.77697628458498,0.3443244422195343,2.46614646315143,3.559049799789755,0.11371165759147303,1.5171142245736526,5,12,32,14,63,63,4,0,0.09460015667113668,0.0
2016,UZ,Uzbekistan,West and Central Asia,Trung A,Chau A khac,0,0,0,Lower middle income,2,245270000000.0,31847900.0,7701.292706897472,245.27,31.8479,8.94914347776349,4.106070487793767,0.04444502437313847,-0.9960399303108584,19.287733995636337,81.83705175529265,113,29,29.92938596491228,0.939760108670031,3.431706734088416,56.61168831168831,1.7775642447912834,4.053725469193868,34.48360071301248,1.0827590112067822,3.5690706380026636,3.702860743821527,0.11626702997125483,1.548170992450428,3,8,34,1,46,46,2,0,0.0,0.0
2017,UZ,Uzbekistan,West and Central Asia,Trung A,Chau A khac,0,0,0,Lower middle income,2,256051000000.0,32388600.0,7905.590238540721,256.051,32.3886,8.975325413338235,2.652769339104255,0.05724805291307821,-0.7907568694932071,33.23416722989558,109.37956447801773,104,28,28.73157894736843,0.8870892520012731,3.3922097451647764,49.36753246753246,1.5242255752805762,3.919346770420465,33.686680469289165,1.0400783136439724,3.5463557651169695,5.50414847,0.1699409196445663,1.8724401994757411,2,4,48,4,58,58,5,0,0.331279455111659,0.0
2018,UZ,Uzbekistan,West and Central Asia,Trung A,Chau A khac,0,0,0,Lower middle income,2,270285000000.0,32956100.0,8201.364845961749,270.285,32.9561,9.012055864031456,3.741334909809657,0.058349728290583096,-0.9758652626389335,32.75619706743769,111.30481947911638,116,30,22.08680223285486,0.6701885912730834,3.1392611223444353,53.19932567432567,1.614248217305011,3.9926684669350996,65.75880165586047,1.9953453732650546,4.201086148600482,5.974589238058044,0.18128932847205964,1.9422734353723126,3,6,48,8,65,65,5,0,0.13582772048084893,0.0
2019,UZ,Uzbekistan,West and Central Asia,Trung A,Chau A khac,0,0,0,Lower middle income,2,288610000000.0,33580350.0,8594.609645224067,288.61,33.58035,9.058890500290426,4.794870203292412,0.06348904689351788,-0.9244146117554158,36.225989431137116,121.31062447104979,112,28,31.622368421052634,0.94169263932784,3.484998200965876,69.12333806452476,2.0584460276478582,4.2502556639474,31.906364060775825,0.9501498364601865,3.4936660755626447,7.109775516389105,0.21172428269476357,2.0930701878908495,3,10,56,4,73,73,5,0,0.3117142500490398,0.0
2020,UZ,Uzbekistan,West and Central Asia,Trung A,Chau A khac,0,0,0,Lower middle income,2,293122000000.0,34232050.0,8562.794223541972,293.122,34.23205,9.05518184385364,-0.37017878641846247,0.06904445178642742,-0.8327380050451585,45.2445907425313,135.8904564396081,104,28,36.583333333333336,1.068686606070432,3.6265606897146783,114.81645663364414,3.354063126036686,4.75200666759492,40.39109219883109,1.1799203436204109,3.723065693400672,5.850649801810607,0.17091146460146578,1.9243435093532497,3,12,59,3,77,77,7,0,0.20045558086560372,0.0
2021,UZ,Uzbekistan,West and Central Asia,Trung A,Chau A khac,0,0,0,Lower middle income,2,316674000000.0,34915100.0,9069.829386139521,316.674,34.9151,9.112708732142789,5.921375071743995,0.07846147888217099,-0.9664679711254951,53.36818061778441,156.52129798019473,111,30,26.666666666666664,0.7637574191873047,3.3202283191284883,146.05741329316865,4.183216238623651,4.990823077147643,31.016237760385888,0.8883330639289558,3.4662432041127125,7.862692906626944,0.22519462658353961,2.1818506582365265,2,21,60,0,83,83,8,0,0.0,0.0
2022,UZ,Uzbekistan,West and Central Asia,Trung A,Chau A khac,0,0,0,Lower middle income,2,335678000000.0,35648100.0,9416.43453648301,335.678,35.6481,9.150211796609682,3.8215178652993176,0.08913017510680027,-0.9003977268996297,62.621946101294284,172.8177545054911,106,27,7.499999999999999,0.21038989455258483,2.1400661634962708,209.71088560963173,5.882806814658614,5.350486983498535,57.24229817883069,1.6057601437055744,4.06461186359805,8.61156588510771,0.2415715251333931,2.2629671530078332,1,17,70,11,99,99,8,0,0.0,0.0
2023,UZ,Uzbekistan,West and Central Asia,Trung A,Chau A khac,0,0,0,Lower middle income,2,356797000000.0,35648100.0,10008.86442755715,356.797,35.6481,9.211226422073548,6.291445969053688,0.10690013805208212,-0.7469250737150536,90.30206814612343,193.32760803738296,98,25,10.5,0.2945458523736188,2.4423470353692043,334.0248187333938,9.370059518835332,5.8142046148521755,35.34039166828852,0.9913681702051026,3.5929298407935026,9.419033291863038,0.26422258947498006,2.3436342577280453,0,37,74,6,117,117,8,1,0.0,0.0
2001,VN,Viet Nam,East Asia,Dong Nam A,Viet Nam,1,1,1,Lower middle income,2,356341000000.0,79817777.0,4464.431526325269,356.341,79.817777,8.403897167472707,,0.07870874619039345,-1.49219053056194,25.497090019754868,73.52978591245554,129,35,29.7,0.37209755916905574,3.4242626545931514,100.27900432900432,1.2563492507315046,4.617879127472783,52.58333333333333,0.6587922554311845,3.981238074449619,18.777282018404783,0.23525187901944178,2.984533906156545,0,16,82,2,100,100,37,0,0.15752765752765757,0.0
2002,VN,Viet Nam,East Asia,Dong Nam A,Viet Nam,1,1,1,Lower middle income,2,378865000000.0,80642308.0,4698.092222261297,378.865,80.642308,8.454911795137152,5.233828642195726,0.08855478065126564,-1.3998594744367872,42.81541221020167,86.38226323797953,117,33,29.52142857142857,0.3660786664417959,3.4184290130347206,112.15682234432234,1.390793804467034,4.72877466495321,120.27380952380952,1.4914480067188742,4.7980508777467525,20.598101186362488,0.2554254918691376,3.0726054027872074,0,14,90,7,111,111,39,0,0.1185579482216308,0.0
2003,VN,Viet Nam,East Asia,Dong Nam A,Viet Nam,1,1,1,Lower middle income,2,405003000000.0,81475825.0,4970.836441361594,405.003,81.475825,8.511343402990827,5.805424972458684,0.09380155730026404,-1.2994762913191795,43.565635184255,100.22340421085367,117,30,31.388095238095236,0.3852442763003042,3.477790924356016,122.6610680985681,1.5054903475793966,4.8175445014743925,178.98787878787877,2.196821925864252,5.192889508555426,25.01339225084595,0.30700385360744675,3.258611491980928,0,9,85,8,102,102,38,0,0.17522566942274143,0.023279043781532522
2004,VN,Viet Nam,East Asia,Dong Nam A,Viet Nam,1,1,1,Lower middle income,2,435525000000.0,82311227.0,5291.198003888339,435.525,82.311227,8.573799964976237,6.444822039628284,0.09681697041139616,-1.1240651548065095,50.295666585616836,117.47565091568497,113,30,48.90714285714286,0.5941734152151912,3.9101641359431465,118.822557997558,1.4435765609174795,4.78601196509722,165.41168831168832,2.0095884163127384,5.114464768177979,31.30375656773974,0.3803096820284278,3.475183525872813,0,7,89,8,104,104,34,0,0.14721775960274572,0.0
2005,VN,Viet Nam,East Asia,Dong Nam A,Viet Nam,1,1,1,Lower middle income,2,468396000000.0,83142095.0,5633.680508050706,468.396,83.142095,8.636518238992142,6.472683575830773,0.10630915910261451,-1.078373832537553,65.71777881939995,135.29038293625916,112,30,59.34523809523809,0.7137808843431007,4.100082039629036,163.90367965367966,1.9713681698023084,5.1053615437718936,221.7508834302952,2.6671312940850864,5.406054032360092,38.63398066918635,0.4646741301044477,3.6796868480118032,0,12,94,4,110,110,39,0,0.045496489468405225,0.009019129795839919
2006,VN,Viet Nam,East Asia,Dong Nam A,Viet Nam,1,1,1,Lower middle income,2,501080000000.0,83951800.0,5968.662970895204,501.08,83.9518,8.694278223330313,5.946067803557509,0.11108344134283518,-0.9676307495606732,71.51627991662252,150.03416537405005,108,28,95.73571428571428,1.1403652367872312,4.571982665046067,197.89732952232953,2.357273215372744,5.292788759537162,202.81058261913526,2.4157979056927337,5.317191045932813,44.62076152527517,0.5315045243255674,3.8203629095112013,0,12,102,4,118,118,37,0,0.07570709002906617,0.00986141834499764
2007,VN,Viet Nam,East Asia,Dong Nam A,Viet Nam,1,1,1,Lower middle income,2,536804000000.0,84762269.0,6333.053684535038,536.804,84.762269,8.753537813432189,6.105064323730458,0.11525158640965329,-0.9383117054570488,67.85876140155908,172.29462858886458,109,29,118.16547619047617,1.3940810880189647,4.780513083406062,228.14155566655566,2.6915461131244096,5.434339959595596,183.07083333333333,2.159815157063968,5.2153206472975615,53.70290031739598,0.6335708204955671,4.0019167302781735,0,10,113,1,124,124,43,0,0.08674276388035344,0.0
2008,VN,Viet Nam,East Asia,Dong Nam A,Viet Nam,1,1,1,Lower middle income,2,567197000000.0,85597241.0,6626.346753395942,567.197,85.597241,8.798808913726589,4.631147681206449,0.12653401179698662,-0.8281086845643026,80.71254443753276,206.21844565340317,104,25,120.00238095238095,1.4019421601729074,4.79581022269555,260.834685575862,3.0472323935751855,5.5677133335305715,232.0632397866413,2.7111065388969875,5.451309832132516,65.40458304561706,0.7640968596828613,4.195766075871837,0,10,114,4,128,128,48,0,0.04749905755838178,0.0
2009,VN,Viet Nam,East Asia,Dong Nam A,Viet Nam,1,1,1,Lower middle income,2,597814000000.0,86482923.0,6912.509189820053,597.814,86.482923,8.841087975279262,4.318555111494193,0.13260607026634927,-0.8896474903995081,91.09804107864721,190.7722802801269,106,28,124.27499999999999,1.436988895484025,4.830511320845789,323.8421051171051,3.744578627587612,5.783339233866999,231.70685425685426,2.67922089378101,5.449779525211164,57.87066289413714,0.6691571108684329,4.075342883281464,0,9,116,1,126,126,58,0,0.01609334138000403,0.009171070950039188
2010,VN,Viet Nam,East Asia,Dong Nam A,Viet Nam,1,1,1,Lower middle income,2,636213000000.0,87411012.0,7278.407896707568,636.213,87.411012,8.89266742176618,5.293283478398392,0.14172135464552432,-0.7070296914752225,108.26987962483483,220.2307067715369,99,25,114.54285714285714,1.3103939025766815,4.749641518650948,360.9817104237226,4.129705195767812,5.891593686858032,351.1082223133156,4.016750456033109,5.8639385780988444,73.3044923989072,0.838618507230041,4.308171412869081,1,8,131,8,148,148,60,0,0.0,0.032278746588907566
2011,VN,Viet Nam,East Asia,Dong Nam A,Viet Nam,1,1,1,Lower middle income,2,677014000000.0,88349117.0,7662.940196674518,677.014,88.349117,8.944151026773765,5.283192497921085,0.15364795237172146,-0.5947653512344683,117.07720962518827,262.098106795709,93,22,140.95303776683087,1.5954096945511167,4.955496282949461,447.5156357531357,5.065309659553651,6.105943543217006,366.91535092358623,4.153016616154593,5.907852887045032,97.19851204533374,1.100163933107942,4.58699106295778,0,12,136,12,160,160,63,0,0.0,0.0
2012,VN,Viet Nam,East Asia,Dong Nam A,Viet Nam,1,1,1,Lower middle income,2,714281000000.0,89301326.0,7998.548644171308,714.281,89.301326,8.987015384724883,4.379630257879796,0.15994920973453206,-0.6102688751028515,124.93749532845999,269.1422079421452,94,25,174.89936528988252,1.9585304398490402,5.1699120433793135,506.47702754761576,5.67155103102966,6.229451443975382,415.4484371781487,4.652209052059862,6.031762653650449,114.75348462938553,1.2850143415494808,4.751462797302711,1,10,154,6,171,171,77,0,0.021345608242463406,0.0
2013,VN,Viet Nam,East Asia,Dong Nam A,Viet Nam,1,1,1,Lower middle income,2,753949000000.0,90267739.0,8352.36384950331,753.949,90.267739,9.03029987352976,4.4234925743664055,0.16120154979426973,-0.6985746224791416,136.43731580317845,275.8566634873646,97,26,186.89573059527686,2.0704598637978164,5.2358871844756845,612.5157414917177,6.785544296082542,6.419205922324999,465.28918269543783,5.154545664375595,6.144806005379716,129.0929150982136,1.4301113169369801,4.868248926681366,0,18,160,9,187,185,83,0,0.06770978817634976,0.0
2014,VN,Viet Nam,East Asia,Dong Nam A,Viet Nam,1,1,1,Lower middle income,2,802369000000.0,91235504.0,8794.48202533084,802.369,91.235504,9.081879761216841,5.2933299338225215,0.16771933099808561,-0.5988191653950232,148.78670195500573,288.9366739771806,90,22,246.23718694090743,2.698918470828061,5.510348146878535,683.9485254811863,7.49651720542023,6.529343690155737,419.47470583030236,4.597713471614102,6.041384325000439,142.3457342441975,1.5602011059663516,4.965259434259806,2,15,168,7,192,191,94,0,0.11616880489773865,0.023442017353273715
2015,VN,Viet Nam,East Asia,Dong Nam A,Viet Nam,1,1,1,Lower middle income,2,858432000000.0,92191398.0,9311.411027740354,858.432,92.191398,9.13899591923171,5.877878889519561,0.17226246919301744,-0.5114180972108223,152.37372813780883,289.0311153760584,88,23,246.38814709186758,2.672571980000429,5.510958548915229,763.7311158353841,8.284190633874367,6.639524289473934,388.61601176601175,4.215317482939263,5.965161668885925,155.465263000832,1.686331549076108,5.052834023687049,2,22,171,1,196,195,102,0,0.07705611860718009,0.008363011048440398
2016,VN,Viet Nam,East Asia,Dong Nam A,Viet Nam,1,1,1,Lower middle income,2,915861000000.0,93126529.0,9834.587521242202,915.861,93.126529,9.193660790059795,5.618659641843871,0.1801248486184056,-0.4994718637179653,165.77505264635255,302.24014881671667,91,23,225.81380534670006,2.424806419518761,5.424129440136447,1030.7450371617963,11.06822135679293,6.939006858504134,463.1622917384759,4.97347315219357,6.1402342577499,167.193445886632,1.795336384615301,5.125114780588397,2,19,180,2,203,202,118,0,0.051976028409266954,0.004318140823798535
2017,VN,Viet Nam,East Asia,Dong Nam A,Viet Nam,1,1,1,Lower middle income,2,979423000000.0,94033048.0,10415.731711685024,979.423,94.033048,9.251072606789918,5.909187235230573,0.18831293830040646,-0.44473471990547203,171.30410705112234,324.05433342679856,86,18,279.22865994159093,2.969473667827836,5.635605912546611,1065.0673137190604,11.326521221763018,6.971731748810078,518.9800544419991,5.519124025863748,6.253790453997521,201.075706308,2.138351468815517,5.308642410890306,4,22,192,7,225,221,126,0,0.12637134113516096,0.0038537126482642483
2018,VN,Viet Nam,East Asia,Dong Nam A,Viet Nam,1,1,1,Lower middle income,2,1052540000000.0,94914330.0,11089.368697013402,1052.54,94.91433,9.313742153296994,6.4674955536023315,0.1959611780947321,-0.47175907067919554,202.7291050806791,347.6667523072687,82,19,331.7610775189723,3.4953739600645366,5.807424747536938,1416.4837754321597,14.923813668938712,7.256638589633164,662.5480294283939,6.980484711090452,6.4976012391379,217.13515273516472,2.287696207044444,5.385114837364211,1,37,198,4,240,237,136,0,0.1823527562506748,0.018482365053623627
2019,VN,Viet Nam,East Asia,Dong Nam A,Viet Nam,1,1,1,Lower middle income,2,1130000000000.0,95776716.0,11798.274645374144,1130.0,95.776716,9.375708583269367,6.392662808223393,0.21451954506374973,-0.3955313938431771,218.25225173506632,383.43164905737297,80,17,406.08446553446555,4.2399080120315,6.009020695936517,2122.941227522844,22.16552536132941,7.661028711321195,889.6984734018774,9.289298177668542,6.7920059565056015,234.79687686388937,2.4515026894834167,5.462970743163519,3,66,201,14,284,277,157,0,0.1257034193123065,0.03020785954825713
2020,VN,Viet Nam,East Asia,Dong Nam A,Viet Nam,1,1,1,Lower middle income,2,1162380000000.0,96648685.0,12026.857892582811,1162.38,96.648685,9.394897585541369,1.9374294469258757,0.2228926125241604,-0.3806486435337983,242.0958832428499,390.4409625821858,82,16,428.3412337662337,4.431940628744547,6.062252019456308,2895.352111306224,29.957491002657964,7.971207331510497,1155.9673594034098,11.960507888994142,7.053557515389858,246.05708263528916,2.5458916759735444,5.509619413714207,3,90,201,26,320,315,174,0,0.08315697102729278,0.015966349587414778
2021,VN,Viet Nam,East Asia,Dong Nam A,Viet Nam,1,1,1,Lower middle income,2,1192060000000.0,97468029.0,12230.266808821998,1192.06,97.468029,9.411669044373099,1.691288930624446,0.2231188704477428,-0.3570386863712154,263.6894085593048,403.4928355808115,77,15,468.42722526012,4.805957708041064,6.15151328186306,2340.5493284378254,24.013508351931744,7.758568095426172,926.5867907964416,9.506571542515152,6.832586365086411,282.99535794044124,2.9034685613724807,5.648957892747484,3,81,216,22,322,316,173,0,0.12778592181231796,0.019601509734871726
2022,VN,Viet Nam,East Asia,Dong Nam A,Viet Nam,1,1,1,Lower middle income,2,1293830000000.0,98186856.0,13177.222010245445,1293.83,98.186856,9.486245012718221,7.742719077398896,0.22581110381968522,-0.3280429669610626,245.79795521743506,390.7790086382089,79,18,434.0108946608946,4.420254526337971,6.075371075972518,2326.2677863192052,23.69225251819047,7.7524502346010635,973.8624859137028,9.91846083668982,6.882296420962248,300.3181046651352,3.0586385683348003,5.708166532831297,3,66,233,29,331,323,181,0,0.04898382878532497,0.005149521052173189
2023,VN,Viet Nam,East Asia,Dong Nam A,Viet Nam,1,1,1,Lower middle income,2,1359360000000.0,98186856.0,13844.622950346837,1359.36,98.186856,9.53565220160091,5.064807586777231,0.22540965962397333,-0.34821278537822986,247.86781186456633,362.30258440273934,81,18,448.0304834054834,4.563039307475976,6.1070907772093905,2711.7801351302874,27.61856571851417,7.905729268140224,817.5173614213204,8.326138494762683,6.707494607852356,303.0500452352512,3.0864624612814895,5.717192310341806,3,73,219,27,322,316,181,1,0.0645417393184295,0.01234335754456055
2001,YE,Yemen,West and Central Asia,Tay A,Chau A khac,0,0,0,Low income,1,,19143457.0,,,19.143457,,,0.015633051730183062,-2.105501352625575,-5.474220105851386,13.859126391155586,161,41,,,,9.899999999999999,0.5171479738481926,2.388762789235098,8.0,0.4178973526046001,2.1972245773362196,3.270669463128231,0.17085051373574955,1.4517705978853854,0,13,13,2,28,28,3,0,,0.25
2002,YE,Yemen,West and Central Asia,Tay A,Chau A khac,0,0,0,Low income,1,,19660653.0,,,19.660653,,,0.012407418298299291,-2.222962497952135,-9.810391993748866,11.90952226855022,167,43,5.5,0.27974655775675406,1.8718021769015913,6.833333333333333,0.34756390509172475,2.0583881324820035,2.0,0.10172602100245602,1.0986122886681098,2.9453858193441467,0.1498111898594694,1.3725467490960357,2,3,11,0,16,16,2,0,0.7045454545454546,0.0
2003,YE,Yemen,West and Central Asia,Tay A,Chau A khac,0,0,0,Low income,1,,20188799.0,,,20.188799,,,0.014868869291108538,-2.3046011571709566,-10.170821367082642,14.19491454484473,174,45,,,,7.283333333333333,0.36076109992146305,2.114245463874528,18.0,0.8915834963734098,2.9444389791664403,4.080247949152512,0.20210454069865733,1.6253600692875654,0,5,11,1,17,17,1,0,,0.4
2004,YE,Yemen,West and Central Asia,Tay A,Chau A khac,0,0,0,Low income,1,,20733406.0,,,20.733406,,,0.020190723706552328,-1.6796031615930536,-1.7435144933251678,24.227387551989565,143,40,,,,11.516666666666666,0.555464291138015,2.527061089542034,46.0,2.218641741737947,3.8501476017100584,4.444717169535235,0.21437467483804812,1.6946458118834413,0,7,13,6,26,26,0,0,,0.46956521739130436
2005,YE,Yemen,West and Central Asia,Tay A,Chau A khac,0,0,0,Low income,1,,21320671.0,,,21.320671,,,0.021744666650615956,-1.6486018463367227,-2.557914946357534,29.03530238767529,141,41,2.6666666666666634,0.12507423742276513,1.29928298413026,12.116666666666667,0.5683060662896898,2.5738836861953027,60.92307692307692,2.8574652703508683,4.1258929199570265,5.916399657774296,0.27749594080666107,1.9338953535681733,0,4,14,10,28,28,1,0,0.8076923076923073,0.3525132275132275
2006,YE,Yemen,West and Central Asia,Tay A,Chau A khac,0,0,0,Low income,1,,21966298.0,,,21.966298,,,0.024965626469648165,-1.5151479169245523,-0.09527687788929048,35.0018499302481,136,37,3.999999999999992,0.18209713807943387,1.6094379124340987,11.547619047619047,0.5256970950507477,2.529530930257994,64.88888888888889,2.9540202399552666,4.187969821661506,7.175133893141754,0.32664283681946565,2.101097095015157,0,7,12,7,26,26,0,0,0.8076923076923075,0.3277325913242009
2007,YE,Yemen,West and Central Asia,Tay A,Chau A khac,0,0,0,Low income,1,,22641538.0,,,22.641538,,,0.027982648049930264,-1.3264782934605013,4.9082793372735845,44.21178565209293,125,35,2.3749999999999996,0.1048957009899239,1.216395324324493,18.866666666666667,0.8332767264603079,2.9890432854031945,47.25833333333333,2.0872404221538896,3.876568524443744,7.030506727363207,0.31051365536047976,2.0832476302470324,0,2,12,10,24,24,1,0,0.0,0.2967730558984306
2008,YE,Yemen,West and Central Asia,Tay A,Chau A khac,0,0,0,Low income,1,,23329004.0,,,23.329004,,,0.023210564707398147,-1.5943852993835552,-2.0321205061371224,38.757833248978386,145,40,1.541666666666665,0.06608368992806829,0.9328200338253649,14.819444444444443,0.635236911290531,2.7612398444311266,46.98888888888889,2.014183241122891,3.870969502630436,7.880588345109219,0.3378021772858035,2.1838678098891746,0,5,17,5,27,27,0,0,0.0,0.31177583353038546
2009,YE,Yemen,West and Central Asia,Tay A,Chau A khac,0,0,0,Low income,1,,24029589.0,,,24.029589,,,0.02832584565058102,-1.5553604846990292,1.779474141501315,42.62773685993222,142,39,3.833333333333331,0.1595255471632632,1.5755363607584185,20.197222222222223,0.8405146763942664,3.0538701458394777,39.11300309597523,1.627701709587094,3.6917005484819785,6.104771001432867,0.2540522437330437,1.9607665304079527,0,1,14,9,24,24,1,0,0.0,0.1562424418323417
2010,YE,Yemen,West and Central Asia,Tay A,Chau A khac,0,0,0,Low income,1,,24743946.0,,,24.743946,,,0.030735563041836545,-1.5831711877418566,4.342104911122408,51.65837814918509,145,40,1.125,0.04546566663215317,0.7537718023763802,39.42619047619048,1.5933671402366654,3.699477854038598,17.77777777777778,0.7184697936932847,2.932674137586854,7.106976287201216,0.2872208130102295,2.0927249610230287,0,11,13,1,25,25,1,0,0.0,0.22499999999999998
2011,YE,Yemen,West and Central Asia,Tay A,Chau A khac,0,0,0,Low income,1,,25475610.0,,,25.47561,,,0.035641798790263295,-1.332488846140202,9.48141778151986,66.21246923933323,136,37,6.166666666666667,0.24206159015099804,1.9694406464655074,51.96071428571428,2.039625912224056,3.9695503988058194,41.470588235294116,1.6278545728755511,3.74881179483661,8.156996646259197,0.3201884722783555,2.214518247876669,1,6,15,4,26,26,0,0,0.0,0.0
2012,YE,Yemen,West and Central Asia,Tay A,Chau A khac,0,0,0,Low income,1,,26223391.0,,,26.223391,,,0.03181545745072586,-1.450576226881215,5.48618164035205,58.92764457453641,138,39,5.208333333333332,0.19861402872471118,1.8258924755975132,51.21190476190476,1.9529093228982004,3.955310529459622,19.791666666666668,0.7547333091539027,3.034552265403573,6.792623830524445,0.25902919384165246,2.053177623521153,1,5,13,0,19,19,1,0,0.0,0.6568421052631579
2013,YE,Yemen,West and Central Asia,Tay A,Chau A khac,0,0,0,Low income,1,,26984002.0,,,26.984002,,,0.03475836583682584,-1.4628419997489739,11.7021903978488,66.01499556916598,137,38,4.666666666666665,0.17294197749713572,1.7346010553881062,60.476190476190474,2.241186851238392,4.11864995312322,32.95977011494253,1.2214559617562484,3.5251765921311455,7.185805217336207,0.2662987208990055,2.102401583178785,0,6,15,0,21,21,2,0,0.0,0.36913687881429813
2014,YE,Yemen,West and Central Asia,Tay A,Chau A khac,0,0,0,Low income,1,,27753304.0,,,27.753304,,,0.033983221499341625,-1.8518415157974835,5.457141850614164,61.735112772656066,159,42,3.458333333333333,0.1246097882015537,1.4947750041139605,62.27866479925303,2.2440090303933915,4.147548223351411,42.833333333333336,1.5433597863999664,3.7803945629497098,3.0508808392890736,0.10992856343479225,1.3989343486531567,0,8,11,3,22,22,1,0,0.0,0.0
2015,YE,Yemen,West and Central Asia,Tay A,Chau A khac,0,0,0,Low income,1,,28516545.0,,,28.516545,,,0.03488359305073378,-1.526210147231214,8.002835099390653,65.80243684489925,144,40,4.5,0.15780312797360269,1.7047480922384253,57.468686868686866,2.015275232980954,4.068491343729248,31.727777777777778,1.1126094615521542,3.488224190631477,1.7402013598495605,0.06102427064181725,1.0080314066959848,2,5,13,0,20,20,0,0,0.0,0.12607249168271756
2016,YE,Yemen,West and Central Asia,Tay A,Chau A khac,0,0,0,Low income,1,,29274002.0,,,29.274002,,,0.030557488443410358,-1.3590127397961946,14.860834253976401,59.282387304078775,137,37,6.958333333333333,0.23769668845869907,2.074219597698684,68.72490079365079,2.347642826343005,4.244557510689318,26.585714285714285,0.9081680832608499,3.3172980403791557,0.3695705604620349,0.01262453150280016,0.31449723118456746,1,9,7,0,17,17,0,0,0.0,0.3460505104782375
2017,YE,Yemen,West and Central Asia,Tay A,Chau A khac,0,0,0,Low income,1,,30034389.0,,,30.034389,,,0.029104921071922366,-1.6684111431932,5.32963125658751,54.35664295199105,148,41,2.666666666666667,0.08878711222214865,1.2992829841302609,60.09444444444444,2.000854568556212,4.112420936420724,26.0,0.8656743441659492,3.295836866004329,1.123690047,0.03741344786471268,0.753155163823312,0,9,12,0,21,21,0,0,0.0,0.15384615384615385
2018,YE,Yemen,West and Central Asia,Tay A,Chau A khac,0,0,0,Low income,1,,30790513.0,,,30.790513,,,0.03718412045526849,-1.8533447410218364,12.360026873855011,69.88320340662838,155,40,6.5,0.2111039851788114,2.0149030205422647,82.74318408199987,2.687294754783718,4.427754783297787,40.77777777777778,1.3243617531730563,3.732364566053675,1.1102111770904992,0.03605692367290208,0.7467880264090594,0,11,10,3,24,24,0,0,0.0,0.24523160762942778
2019,YE,Yemen,West and Central Asia,Tay A,Chau A khac,0,0,0,Low income,1,,31546691.0,,,31.546691,,,0.03996499539941794,-1.6036870363636788,17.317223939508924,78.69844437061626,147,40,5.833333333333333,0.1849110999734753,1.9218125974762528,103.47072176390652,3.2799231388137198,4.6489068576405845,42.479166666666664,1.3465490458782718,3.77228189616931,1.1831441804484035,0.03750454145724518,0.7807661223169022,0,15,12,0,27,27,0,0,0.0,0.1647866601275135
2020,YE,Yemen,West and Central Asia,Tay A,Chau A khac,0,0,0,Low income,1,,32284046.0,,,32.284046,,,0.04528010242253298,-1.8686664688037544,20.885405561766838,88.02577797857728,162,43,1.0,0.030975051887858172,0.6931471805599453,176.2673238132799,5.4598895012502435,5.177658897241573,49.38888888888889,1.5298233960169954,3.919770692218972,1.0771063552250664,0.033363425241838225,0.7309757497577871,0,20,13,0,33,33,1,0,0.0,0.12148481439820022
2021,YE,Yemen,West and Central Asia,Tay A,Chau A khac,0,0,0,Low income,1,,32981641.0,,,32.981641,,,0.05612386023862138,-1.4295474742093048,44.04368815416966,114.57502902391981,138,37,3.916666666666666,0.11875293490298636,1.5926307941177191,178.62601364435838,5.415922562626837,5.190876987497301,42.38406686933696,1.2850805958786877,3.770092250873939,1.483751643827944,0.04498719890341247,0.9097701767167632,0,30,14,10,54,54,3,0,0.0,0.0
2022,YE,Yemen,West and Central Asia,Tay A,Chau A khac,0,0,0,Low income,1,,33696614.0,,,33.696614,,,0.0494534183462488,-1.6793853587838832,23.55785166475409,97.77883494601863,142,40,2.4999999999999987,0.07419143062860853,1.2527629684953676,219.40303172238364,6.511129923095052,5.395457832730358,32.16883116883117,0.9546606424263034,3.5016106147388006,1.3092416829574767,0.03885380539888895,0.8369191948634304,0,26,14,1,41,41,3,0,0.0,0.15542995559144127
2023,YE,Yemen,West and Central Asia,Tay A,Chau A khac,0,0,0,Low income,1,,33696614.0,,,33.696614,,,0.052565094472892405,-1.6029896935983488,27.909742791863746,95.89084425712235,140,40,1.9999999999999991,0.059353144502886826,1.0986122886681093,218.2048107930882,6.475570833113625,5.390006501881787,75.50952380952381,2.240863839005421,4.337415227325867,0.5446922010811315,0.01616459746018195,0.4348246679010409,0,25,13,3,41,41,1,1,0.0,0.6224380399823422
