ma_qg,ten_qg,ma_linh_vuc,ten_linh_vuc,ma_nhom_linh_vuc,nhom_linh_vuc,chieu,san_luong_2013,san_luong_2023,san_luong_phan_so_2013,san_luong_phan_so_2023,nang_luc_chuan_hoa_2013,nang_luc_chuan_hoa_2023,co_nang_luc_2013,co_nang_luc_2023,nang_luc_tuong_doi_2013,nang_luc_tuong_doi_2023,nang_luc_tuyet_doi_2013,nang_luc_tuyet_doi_2023,mat_do_lien_quan_2013,mat_do_lien_quan_2023,tiem_nang_2013,tiem_nang_2023,gia_nhap_moi,roi_bo,ln_tiem_nang_2023,ln_san_luong_2023,chenh_lech_tiem_nang,do_phuc_tap_linh_vuc_2023,do_pho_bien_linh_vuc_2023,flag_phan_so_vuot_toan_phan_2013,flag_phan_so_vuot_toan_phan_2023,flag_tuyet_doi_khong_nhat_quan_2023
VN,Viet Nam,E - 10_0,Medical Implants and Prosthetic Devices,E - F,Health,Entrepreneurial,0.0,0.0,0.0,0.0,0.0,0.0,0,0,0,0,0,0,0.1329160621012993,0.20844232748730124,4.752440472264099,16.238418530509314,0,,2.8471405284587923,0.0,-2.8471405284587923,2.3120852029142656,0.16403971851860202,0,0,0
VN,Viet Nam,E - 10_1,Medical Diagnostic and Monitoring Devices,E - F,Health,Entrepreneurial,0.0,2.0,0.0,0.14347826086956522,0.0,0.154825854351531,0,0,0,0,0,0,0.13255411620663707,0.19721088892515834,4.270084620052396,18.70892507583389,0,,2.981071582682704,1.0986122886681098,-1.882459294014594,3.191404392088168,0.1391949833500725,0,0,0
VN,Viet Nam,E - 10_10,Orthopedic and Medical Support Apparel,E - F,Health,Entrepreneurial,0.0,8.0,0.0,2.2345238095238096,0.0,0.2923726681284968,0,0,0,0,0,0,0.14448412423096552,0.212162593075,8.645079702533115,21.960851268817528,0,,3.133790646932072,2.1972245773362196,-0.9365660695958526,1.9583437785977948,0.16831882648372995,0,0,0
VN,Viet Nam,E - 10_14,Medical Imaging and Diagnostic Devices,E - F,Health,Entrepreneurial,0.0,5.0,0.0,0.5541925465838509,0.0,0.18219584820866833,0,0,0,0,0,0,0.13687389631519978,0.1982527914776118,5.250057600797458,20.632742802712656,0,,3.0742080374141647,1.791759469228055,-1.2824485681861097,3.199238548703881,0.13486623844693302,0,0,0
VN,Viet Nam,E - 10_2,Medical fluid delivery and packaging devices,E - F,Health,Entrepreneurial,1.0,2.0,0.5,0.5434782608695652,0.11473442154990797,0.09734912332085369,0,0,0,0,0,0,0.13134230413150047,0.19794854069635767,5.015761379806747,17.36894566084095,0,,2.9106615029604637,1.0986122886681098,-1.8120492142923539,2.812593619128475,0.1468439935238662,0,0,0
VN,Viet Nam,E - 10_3,Surgical and Medical Instruments and Devices,E - F,Health,Entrepreneurial,0.0,0.0,0.0,0.0,0.0,0.0,0,0,0,0,0,0,0.1408654668060448,0.2052966128057713,8.314730791565484,19.756240409596167,0,,3.0328469440938477,0.0,-3.0328469440938477,2.07337956469587,0.16130288911109478,0,0,0
VN,Viet Nam,E - 10_4,"Medical, Surgical, and Dental Instruments",E - F,Health,Entrepreneurial,0.0,9.0,0.0,1.6208592132505175,0.0,0.21611428877134967,0,0,0,0,0,0,0.138878117318143,0.20458820746418477,14.11515256518127,30.769847171601626,0,,3.458517637807205,2.302585092994046,-1.155932544813159,1.0871766650078103,0.1794508583746977,0,0,0
VN,Viet Nam,E - 10_5,"Infant care, sexual health, accessories",E - F,Health,Entrepreneurial,1.0,3.0,0.5,0.8666666666666667,0.08214152417227374,0.06431781558141503,0,0,0,0,0,0,0.13655088360560808,0.20610763605331148,7.813036973370581,28.298138162615775,0,,3.377523970065992,1.3862943611198906,-1.9912296089461015,2.135465529338592,0.163091325793415,0,0,0
VN,Viet Nam,E - 10_7,Respiratory and Oxygen Therapy Medical Devices,E - F,Health,Entrepreneurial,0.0,0.0,0.0,0.0,0.0,0.0,0,0,0,0,0,0,0.1352804081343806,0.1991078432544997,3.9628715220233715,14.728376772552133,0,,2.7554665186463745,0.0,-2.7554665186463745,3.1432417005543747,0.14397188923879858,0,0,0
VN,Viet Nam,E - 10_8,Medical and Protective Wear and Supplies,E - F,Health,Entrepreneurial,0.0,9.0,0.0,4.591666666666667,0.0,0.4035344955567959,0,0,0,0,0,0,0.13763232042584456,0.2084467719119245,3.0951394094255846,15.928394746655009,0,,2.8289923745589527,2.302585092994046,-0.5264072815649068,2.5835221262791537,0.14645199104553264,0,0,0
VN,Viet Nam,E - 10_9,Therapeutic and Massage Devices for Body,E - F,Health,Entrepreneurial,0.0,7.0,0.0,6.533333333333333,0.0,0.2291543381382839,0,0,0,0,0,0,0.13987351824071223,0.20713408071584363,5.376130015519738,26.636155614987793,0,,3.319124901490265,2.0794415416798357,-1.2396833598104293,2.1319610801569073,0.15509460855489218,0,0,0
VN,Viet Nam,E - 11_0,Industrial Heating and Combustion Equipment,E - G,Household equipment,Entrepreneurial,1.0,2.0,0.16666666666666666,0.08333333333333333,0.09630928291303396,0.09429954063889105,0,0,0,0,0,0,0.14390733295743616,0.2047928851047307,7.137037927356566,19.366889031198156,0,,3.013910495511941,1.0986122886681098,-1.9152982068438311,2.4319338456925848,0.17975949961466844,0,0,0
VN,Viet Nam,E - 11_1,Electric and LED Lighting Apparatus,E - G,Household equipment,Entrepreneurial,3.0,4.0,0.6666666666666666,1.138888888888889,0.1731890496487876,0.08021314745849788,0,0,0,0,0,0,0.14524866321714835,0.18969064317837941,10.509880331917646,41.91360566176024,0,,3.7591889239458616,1.6094379124341003,-2.1497510115117615,2.638599366728771,0.12653772373941297,0,0,0
VN,Viet Nam,E - 11_10,Automotive Lighting and Electrical Components,E - G,Household equipment,Entrepreneurial,0.0,4.0,0.0,0.19711994082703466,0.0,0.10238655071207255,0,0,0,0,0,0,0.14059657581827964,0.15695675295454764,4.966765486593799,17.369988742466873,0,,2.910718286405228,1.6094379124341003,-1.3012803739711278,2.181800018820291,0.10499238094327397,0,0,0
VN,Viet Nam,E - 11_11,Drying and Dehydrating Appliances and Equipment,E - G,Household equipment,Entrepreneurial,1.0,9.0,0.16666666666666666,1.2852564102564101,0.09795005219461743,0.1517138005754638,0,0,0,0,0,0,0.14399620120916673,0.19653464879985139,7.22447673138846,22.20461006659633,0,,3.1443509686991766,2.302585092994046,-0.8417658757051307,1.9370856065310262,0.16028092851869552,0,0,0
VN,Viet Nam,E - 11_12,Air Purification and Deodorization Devices,E - G,Household equipment,Entrepreneurial,1.0,4.0,0.2,0.7833333333333332,0.11278537627790636,0.0861476421550147,0,0,0,0,0,0,0.14305069962467384,0.18190942633395846,5.973425601347713,29.57664477366207,0,,3.4202364748495593,1.6094379124341003,-1.810798562415459,2.7325558002824137,0.11336090170367498,0,0,0
VN,Viet Nam,E - 11_13,Ventilation and Air Conditioning Equipment,E - G,Household equipment,Entrepreneurial,4.0,13.0,0.75,1.054598573305667,0.2119083640668742,0.2773700712321963,0,0,0,0,0,0,0.14523068074913714,0.19940390373484973,10.053852276636285,29.898463687607602,0,,3.4307064638200266,2.6390573296152584,-0.7916491342047682,1.9722080025602413,0.16248872871643286,0,0,0
VN,Viet Nam,E - 11_14,Household Electric and Non-electric Heating Products,E - G,Household equipment,Entrepreneurial,1.0,4.0,0.2,0.7102564102564102,0.14576367171188034,0.11925155316217122,0,0,0,0,0,0,0.14187998866148105,0.1923437942059661,4.395960065436009,20.898570222615078,0,,3.086421348052609,1.6094379124341003,-1.4769834356185088,2.5387350625713716,0.12351675535009392,0,0,0
VN,Viet Nam,E - 11_15,Specialized Technical and Electronic Equipment,E - G,Household equipment,Entrepreneurial,2.0,6.0,0.5,0.42595689334819764,0.10824831739963611,0.19945718607405707,0,0,0,0,0,0,0.14263470645297818,0.20981274723811322,11.448720191215994,21.455846277000997,0,,3.111550993516067,1.9459101490553132,-1.1656408444607538,1.066806382604384,0.1959500906988783,0,0,0
VN,Viet Nam,E - 11_16,Lighting Devices and Illumination Products,E - G,Household equipment,Entrepreneurial,3.0,9.0,0.6666666666666666,0.3965359477124183,0.16347039312822342,0.17093761374422153,0,0,0,0,0,0,0.14558004082885395,0.18316302004624296,11.014147638300791,53.098080878523895,0,,3.9907987116284804,2.302585092994046,-1.6882136186344345,2.205501643377155,0.11640966065311537,0,0,0
VN,Viet Nam,E - 11_18,Bathroom and Sanitary Ware Fixtures,E - G,Household equipment,Entrepreneurial,2.0,5.0,1.0,0.43236714975845414,0.16711077827389306,0.1822378322299897,0,0,0,0,0,0,0.1433862482154452,0.20304270138493768,7.051400678352736,18.312735341509658,0,,2.9607647405518533,1.791759469228055,-1.1690052713237984,1.4265166667214757,0.16786927099830723,0,0,0
VN,Viet Nam,E - 11_19,Electric Beverage Preparation Appliances,E - G,Household equipment,Entrepreneurial,1.0,11.0,0.2,1.5852564102564102,0.12825350774222363,0.27431696518174703,0,0,0,0,0,0,0.14088358527088346,0.1840038420474482,4.8928242451257775,16.219847983394246,0,,2.8460626710508765,2.4849066497880004,-0.36115602126287616,1.050520138754411,0.14108340868900882,0,0,0
VN,Viet Nam,E - 11_2,Bath and Shower Fixtures and Accessories,E - G,Household equipment,Entrepreneurial,0.0,4.0,0.0,0.1823671497584541,0.0,0.11528244625705035,0,0,0,0,0,0,0.14212158367969024,0.1936517200300266,4.82754434528321,21.82745347707756,0,,3.127963911485366,1.6094379124341003,-1.5185259990512658,2.0821284543833896,0.12898875604653745,0,0,0
VN,Viet Nam,E - 11_20,Water and Gas Plumbing Control Components,E - G,Household equipment,Entrepreneurial,1.0,1.0,0.08333333333333333,0.05555555555555555,0.08694249913929368,0.08202225521677722,0,0,0,0,0,0,0.14441385630939893,0.19552987645167524,8.038544722629494,27.188226475083184,0,,3.3389043898827335,0.6931471805599453,-2.645757209322788,2.222397706742312,0.1395553362900962,0,0,0
VN,Viet Nam,E - 11_21,Barbecue and Grill Equipment and Accessories,E - G,Household equipment,Entrepreneurial,0.0,3.0,0.0,0.3333333333333333,0.0,0.15480053694602264,0,0,0,0,0,0,0.14571731117532594,0.20153522063466564,3.5504704296377163,15.885260390493865,0,,2.826441075127794,1.3862943611198906,-1.4401467140079036,2.461212600897127,0.12928645010316273,0,0,0
VN,Viet Nam,E - 11_3,Electric and Gas Kitchen Cooking Appliances,E - G,Household equipment,Entrepreneurial,2.0,10.0,1.0833333333333333,1.1908119658119658,0.15250872528797085,0.2073401956200108,0,0,0,0,0,0,0.1486874941112564,0.19090518574378532,8.218778456804943,33.592849890340275,0,,3.5436470101403077,2.3978952727983707,-1.145751737341937,1.8712146249830865,0.1378244195743851,0,0,0
VN,Viet Nam,E - 11_4,Industrial and Domestic Filtration Systems,E - G,Household equipment,Entrepreneurial,1.0,7.0,0.2,1.6305555555555555,0.12290279627785596,0.34922428000822664,0,0,0,0,0,0,0.14436731344859688,0.2069534408674496,5.283842016131165,14.891768549700354,0,,2.765801273895904,2.0794415416798357,-0.6863597322160682,2.8025912110814475,0.15474558342335173,0,0,0
VN,Viet Nam,E - 11_5,Heating and Thermal Management Devices,E - G,Household equipment,Entrepreneurial,1.0,11.0,0.16666666666666666,0.7879319066390004,0.06937651347764381,0.19238057773648687,0,0,0,0,0,0,0.14546303803307917,0.2037146688367263,10.801941297569368,31.460088899860587,0,,3.480011300833791,2.4849066497880004,-0.9951046510457906,1.908585180436054,0.17398272880370028,0,0,0
VN,Viet Nam,E - 11_7,Refrigeration and Cooling Appliances and Devices,E - G,Household equipment,Entrepreneurial,1.0,7.0,0.08333333333333333,0.4944883618796662,0.08357425195295116,0.17881644113992753,0,0,0,0,0,0,0.1424577199794248,0.19929022205434288,8.094736859676708,25.016129819259728,0,,3.2587167233306458,2.0794415416798357,-1.17927518165081,1.8470821873467929,0.16364457165629856,0,0,0
VN,Viet Nam,E - 11_8,Water Purification and Filtration Devices,E - G,Household equipment,Entrepreneurial,1.0,9.0,0.08333333333333333,1.1908119658119658,0.0918274781716365,0.20478879117215523,0,0,0,0,0,0,0.14142270153228306,0.19696253242772122,7.274203428618396,21.103643824242134,0,,3.0957424738576544,2.302585092994046,-0.7931573808636085,2.3880169904742283,0.15926273399198262,0,0,0
VN,Viet Nam,E - 11_9,"Sanitation, Environmental, and Processing Equipment",E - G,Household equipment,Entrepreneurial,1.0,7.0,0.2,1.6639328063241106,0.10599545324569949,0.1972596515245234,0,0,0,0,0,0,0.14179438915207837,0.20192138734537057,6.471796414395551,20.23518555738638,0,,3.055659502007554,2.0794415416798357,-0.9762179603277183,2.6385139446521477,0.138218901571203,0,0,0
VN,Viet Nam,E - 12_0,Vehicle Anti-Theft and Security Devices,E - J,Transportation,Entrepreneurial,0.0,1.0,0.0,0.2,0.0,0.07595539924592316,0,0,0,0,0,0,0.13586025084742262,0.19654394405643572,4.314246912421229,11.253144453009067,0,,2.5057825940930405,0.6931471805599453,-1.812635413533095,2.7853579562280943,0.12817614657438184,0,0,0
VN,Viet Nam,E - 12_10,Marine vehicles and boat components,E - J,Transportation,Entrepreneurial,1.0,1.0,0.16666666666666666,0.5,0.13665985140105333,0.07868514961831952,0,0,0,0,0,0,0.13852294273919383,0.20197223877461917,4.339924309191304,11.360412994290915,0,,2.514498865248899,0.6931471805599453,-1.8213516846889535,2.9534180969234347,0.16313795757906938,0,0,0
VN,Viet Nam,E - 12_11,Vehicles and Locomotion Equipment,E - J,Transportation,Entrepreneurial,0.0,14.0,0.0,1.1469034906105842,0.0,0.3769900272587433,0,0,0,0,0,0,0.1422329991613179,0.20649948019432787,12.312128334610712,23.254989524063824,0,,3.188622349788772,2.70805020110221,-0.48057214868656173,1.0681354437941124,0.19840018667476786,0,0,0
VN,Viet Nam,E - 12_12,Automobile Accessories and Exterior Enhancements,E - J,Transportation,Entrepreneurial,0.0,1.0,0.0,0.2,0.0,0.040556720492794095,0,0,0,0,0,0,0.1359862098807538,0.19338640333887683,9.306783913153108,31.312218480952662,0,,3.4754454398423826,0.6931471805599453,-2.7822982592824372,2.3446298138786306,0.1512934011597611,0,0,0
VN,Viet Nam,E - 12_13,Bicycles and Related Parts/Accessories,E - J,Transportation,Entrepreneurial,1.0,34.0,0.16666666666666666,5.446903490610587,0.09901012155587315,0.4896605197309087,0,0,0,0,0,0,0.1394146110441913,0.197504287208626,6.912766881324197,23.208916527395516,0,,3.186721016846308,3.5553480614894135,0.3686270446431057,1.7321971767164908,0.15599987106335025,0,0,0
VN,Viet Nam,E - 12_2,Aircraft and Transportation Parts and Components,E - J,Transportation,Entrepreneurial,0.0,10.0,0.0,1.383116883116883,0.0,0.34508834356816664,0,0,0,0,0,0,0.13656821955806653,0.20333820979989722,9.133456059604612,23.527634061142383,0,,3.1998004027888105,2.3978952727983707,-0.8019051299904398,2.2468448599066497,0.17070097978180127,0,0,0
VN,Viet Nam,E - 12_3,Commercial and Utility Motor Vehicles,E - J,Transportation,Entrepreneurial,2.0,36.0,0.6666666666666666,5.7238265675336635,0.07657394024634104,0.40984671554768615,0,0,0,0,0,0,0.1367861218442794,0.20130316250314187,14.72737287012395,39.167675560471515,0,,3.693062581635244,3.6109179126442243,-0.08214466899101946,0.4734763785706564,0.20862999777870933,0,0,0
VN,Viet Nam,E - 12_4,Vehicle Safety and Comfort Accessories,E - J,Transportation,Entrepreneurial,0.0,0.0,0.0,0.0,0.0,0.0,0,0,0,0,0,0,0.1379324579130055,0.19556853764758608,5.699556254429094,19.270092399481893,0,,3.009146518888738,0.0,-3.009146518888738,1.9979379327370532,0.14061009243508207,0,0,0
VN,Viet Nam,E - 12_6,Two- and Three-Wheeled Electric Vehicles,E - J,Transportation,Entrepreneurial,4.0,34.0,1.9166666666666665,5.023826567533663,0.2429950874948167,0.4522824924020676,0,0,0,0,0,0,0.14031241783811282,0.19845430529637298,7.91496236250913,32.13558739199042,0,,3.500607852619836,3.5553480614894135,0.05474020886957742,1.733272470601079,0.15409940769453656,0,0,0
VN,Viet Nam,E - 12_7,"Vehicle Tires, Wheels, and Accessories",E - J,Transportation,Entrepreneurial,2.0,3.0,1.25,1.7,0.11863317441203523,0.09226873457098542,0,0,0,0,0,0,0.13587723836054566,0.19009895689538783,10.703506034824667,25.956711679461318,0,,3.2942323082587284,1.3862943611198906,-1.9079379471388378,1.4266452889399617,0.14153586524211806,0,0,0
VN,Viet Nam,E - 12_9,Land Vehicle Powertrain and Engine Components,E - J,Transportation,Entrepreneurial,1.0,34.0,0.16666666666666666,5.146903490610587,0.07411411694520781,0.4920830773294321,0,0,0,0,0,0,0.13851355708797583,0.2027096507637257,9.673759727026908,26.720293554999845,0,,3.3221647642728382,3.5553480614894135,0.23318329721657527,2.5102369235534705,0.15281517343203466,0,0,0
VN,Viet Nam,E - 13_7,"Heating, Cooling, and Climate Control Devices",E - G,Household equipment,Entrepreneurial,0.0,0.0,0.0,0.0,0.0,0.0,0,0,0,0,0,0,0.12482349590564029,0.12846419231299896,0.198246627297267,0.025398011311729814,0,,0.025080840938753728,0.0,-0.025080840938753728,5.054007796380747,0.02721230889594526,0,0,0
VN,Viet Nam,E - 14_0,Fashion and Decorative Jewelry Items,E - D,Clothing,Entrepreneurial,0.0,10.0,0.0,5.366811594202899,0.0,0.15575021324360613,0,0,0,0,0,0,0.1361859815652736,0.19446927029565372,10.223466640142616,30.797880631143006,0,,3.459399640745731,2.3978952727983707,-1.0615043679473604,1.527564142844415,0.18059837981672,0,0,0
VN,Viet Nam,E - 14_1,Jewelry and Gemstones (Natural and Synthetic),E - D,Clothing,Entrepreneurial,0.0,5.0,0.0,0.8268115942028984,0.0,0.11162741999581507,0,0,0,0,0,0,0.1376900962965715,0.20552080092526068,12.505853918164238,20.243123379540002,0,,3.056033237330107,1.791759469228055,-1.264273768102052,0.8393268837123364,0.19168549817597463,0,0,0
VN,Viet Nam,E - 14_10,"Watches, Clocks, and Watch Accessories",E - D,Clothing,Entrepreneurial,0.0,4.0,0.0,0.16681159420289854,0.0,0.12597797809528277,0,0,0,0,0,0,0.1329876402469397,0.19355243802924552,8.198960017692627,22.53813793838497,0,,3.1586219966806723,1.6094379124341003,-1.549184084246572,2.0128789755801604,0.16073686624158887,0,0,0
VN,Viet Nam,E - 14_12,Diverse Everyday Consumer Goods,E - D,Clothing,Entrepreneurial,0.0,4.0,0.0,0.6233333333333333,0.0,0.1995683924597815,0,0,0,0,0,0,0.1326860062120098,0.20799374888174513,6.597193473874155,14.560968492203653,0,,2.7447657592428065,1.6094379124341003,-1.1353278468087062,1.5839317226181824,0.18756667616738815,0,0,0
VN,Viet Nam,E - 14_5,Bracelets and Watch Accessories,E - D,Clothing,Entrepreneurial,0.0,3.0,0.0,0.74,0.0,0.0941743618125746,0,0,0,0,0,0,0.13472873792162096,0.1985764825679577,5.494873170304646,24.38655179635008,0,,3.234219576976116,1.3862943611198906,-1.8479252158562256,2.2191221049331467,0.14924152761286996,0,0,0
VN,Viet Nam,E - 14_6,Decorative Jewelry Pins and Accessories,E - D,Clothing,Entrepreneurial,0.0,3.0,0.0,0.12333333333333332,0.0,0.11914697448402535,0,0,0,0,0,0,0.135485020084557,0.19389855793891017,6.273863891045794,17.19966870819573,0,,2.9014033910706876,1.3862943611198906,-1.515109029950797,2.2265132983714344,0.14506510878718543,0,0,0
VN,Viet Nam,E - 14_7,Jewelry and watch storage containers,E - D,Clothing,Entrepreneurial,0.0,3.0,0.0,1.0834782608695652,0.0,0.11134449574089046,0,0,0,0,0,0,0.13246737642514153,0.19978671492395722,5.687848068143156,21.43990816557482,0,,3.1108409882029315,1.3862943611198906,-1.724546627083041,2.1938104784189094,0.1489103271226848,0,0,0
VN,Viet Nam,E - 14_8,Household and Decorative Precious Metal Goods,E - D,Clothing,Entrepreneurial,0.0,3.0,0.0,0.12681159420289853,0.0,0.07703877713218668,0,0,0,0,0,0,0.13144559716700652,0.19516096209873712,6.99017344061354,19.497755057948524,0,,3.020315370779409,1.3862943611198906,-1.6340210096595185,0.8154308632064563,0.19356364196982584,0,0,0
VN,Viet Nam,E - 15_2,Musical Instruments and Accessories,E - H,Leisure and education,Entrepreneurial,0.0,1.0,0.0,1.0,0.0,0.1962091685018631,0,0,0,0,0,0,0.1278791473770721,0.19257893447380492,0.9739285602385229,3.3635235320892205,0,,1.4732798805456628,0.6931471805599453,-0.7801326999857175,1.5677655115334663,0.11459678805716104,0,0,0
VN,Viet Nam,E - 15_4,Broad Range of Goods and Products,E - H,Leisure and education,Entrepreneurial,0.0,0.0,0.0,0.0,0.0,0.0,0,0,0,0,0,0,0.12072519949359316,0.19076957904799582,0.48459653790570695,2.184276752178836,0,,1.1582251838589994,0.0,-1.1582251838589994,1.7251149290890173,0.0979978522684082,0,0,0
VN,Viet Nam,E - 16_1,Writing Instruments and Stationery Supplies,E - H,Leisure and education,Entrepreneurial,16.0,6.0,3.492857142857143,10.09090909090909,0.3701261769547415,0.13857929714807488,0,0,0,0,0,0,0.13450240607176878,0.2034271613742579,11.860642674784973,28.469823140488526,0,,3.38336679539086,1.9459101490553132,-1.4374566463355467,1.9341561584483935,0.19114684922159053,0,1,0
VN,Viet Nam,E - 16_10,Paper and Cardboard Packaging Products,E - H,Leisure and education,Entrepreneurial,0.0,0.0,0.0,0.0,0.0,0.0,0,0,0,0,0,0,0.13964866629848954,0.20969228680645824,13.029641283273016,31.81584659180248,0,,3.490911526520295,0.0,-3.490911526520295,0.7347608533486293,0.24598399834814666,0,0,0
VN,Viet Nam,E - 16_11,Printing and Reproducing Office Supplies,E - H,Leisure and education,Entrepreneurial,7.0,5.0,0.7694444444444446,0.6974982381959126,0.1395411832771348,0.08221965038515737,0,0,0,0,0,0,0.13480841045183095,0.20552011190484737,22.01985763703612,32.324657054455834,0,,3.5062975750727605,1.791759469228055,-1.7145381058447056,0.30906302825983883,0.26029219297597406,0,0,0
VN,Viet Nam,E - 16_12,Printed Promotional and Informational Materials,E - H,Leisure and education,Entrepreneurial,0.0,5.0,0.0,0.3320793433652531,0.0,0.12080798774841933,0,0,0,0,0,0,0.1319850630945633,0.20700015977182878,11.355041058919001,19.54081554062357,0,,3.0224139087084687,1.791759469228055,-1.2306544394804138,1.5044216837604745,0.22438248633530372,0,0,0
VN,Viet Nam,E - 16_13,Books and Printed Educational Publications,E - H,Leisure and education,Entrepreneurial,0.0,3.0,0.0,0.3163992869875223,0.0,0.1272173369353013,0,0,0,0,0,0,0.13010969198565037,0.20857968286098696,11.220963236939408,29.963657287120434,0,,3.4328141711737494,1.3862943611198906,-2.0465198100538586,2.088654483922803,0.20705967033349673,0,0,0
VN,Viet Nam,E - 16_14,Varied Consumer and Promotional Goods,E - H,Leisure and education,Entrepreneurial,19.0,8.0,6.992857142857142,0.48181196368610874,0.3007179950382202,0.11899026019758366,0,0,0,0,0,0,0.13351509259543184,0.21034415880763582,18.05072024605833,43.48428664466263,0,,3.7951360177057887,2.1972245773362196,-1.5979114403695691,1.2824266786360408,0.22038610716109608,0,0,0
VN,Viet Nam,E - 16_15,Printed and Artistic Paper Goods,E - H,Leisure and education,Entrepreneurial,0.0,6.0,0.0,4.2101449275362315,0.0,0.20129208068038468,0,0,0,0,0,0,0.13885420252669958,0.20788913950806795,24.19489249145039,36.21273197878182,0,,3.6166509602165,1.9459101490553132,-1.6707408111611868,0.7507088690281891,0.2443277644291977,0,0,0
VN,Viet Nam,E - 16_16,Office Stationery and Supplies,E - H,Leisure and education,Entrepreneurial,13.0,6.0,1.6595238095238096,0.7563217676076773,0.2085049027927423,0.1269044875001661,0,0,0,0,0,0,0.13687447633784983,0.2036689775503649,25.22542876546702,40.18713633646898,0,,3.7181259827601703,1.9459101490553132,-1.772215833704857,0.7096504585398186,0.24089452722903204,0,0,0
VN,Viet Nam,E - 16_18,Printed Instructional and Technical Manuals,E - H,Leisure and education,Entrepreneurial,9.0,2.0,0.9916666666666667,0.22549019607843135,0.3842121429792929,0.13081230591067006,0,0,0,0,0,0,0.13702455390711804,0.20652796455541428,6.660562419966775,9.509249539381958,0,,2.3522557779038524,1.0986122886681098,-1.2536434892357426,2.6018498659986564,0.19193627930287224,0,0,0
VN,Viet Nam,E - 16_19,"Adhesive Labels, Stickers, and Decals",E - H,Leisure and education,Entrepreneurial,13.0,1.0,1.6595238095238096,0.3333333333333333,0.34183421230769784,0.13592077066851566,0,0,0,0,0,0,0.13859454676905306,0.2036308434938932,12.757223409451685,29.900358872311955,0,,3.430767797826936,0.6931471805599453,-2.7376206172669906,2.1700637605592354,0.18559250632693255,0,0,0
VN,Viet Nam,E - 16_2,Printed Cards and Card Accessories,E - H,Leisure and education,Entrepreneurial,7.0,3.0,0.7694444444444446,1.5909090909090908,0.22362962803082917,0.1493836241241595,0,0,0,0,0,0,0.13185982822635306,0.2058716046968641,10.860719349861077,26.932307286763802,0,,3.3297839861678624,1.3862943611198906,-1.9434896250479718,1.659117912757911,0.21087830660848855,0,0,0
VN,Viet Nam,E - 16_20,Disposable Paper Hygiene and Cleaning Products,E - H,Leisure and education,Entrepreneurial,1.0,2.0,1.0,0.058823529411764705,0.06851084330402846,0.12816534516046557,0,0,0,0,0,0,0.13588223514678843,0.20161337782668273,7.7733504390177615,15.902072389121894,0,,2.827436240986264,1.0986122886681098,-1.7288239523181541,0.9930797605751239,0.21443129166622243,0,0,0
VN,Viet Nam,E - 16_21,Paper and Printed Stationery Goods,E - H,Leisure and education,Entrepreneurial,0.0,0.0,0.0,0.0,0.0,0.0,0,0,0,0,0,0,0.14217609625381641,0.20108781841455597,17.2821162625837,2.579109076979541,0,,1.2751139082626282,0.0,-1.2751139082626282,0.10887388600296401,0.2046752625991323,0,0,0
VN,Viet Nam,E - 16_3,Plastic and Paper Packaging Materials,E - H,Leisure and education,Entrepreneurial,3.0,1.0,3.0,0.16666666666666666,0.09217147002636937,0.060581137404208174,0,0,0,0,0,0,0.14736616870861052,0.21383070343977711,21.32674001010231,20.609897143858536,0,,3.0731514108526103,0.6931471805599453,-2.380004230292665,0.33818531481054265,0.255509770946373,0,0,0
VN,Viet Nam,E - 16_4,Printed Educational and Instructional Materials,E - H,Leisure and education,Entrepreneurial,0.0,2.0,0.0,0.11416490486257928,0.0,0.05284589277727731,0,0,0,0,0,0,0.13438099945612728,0.20786125305727943,20.734200233130757,24.335465108796203,0,,3.2322051971093195,1.0986122886681098,-2.1335929084412095,0.8122139520862999,0.24092988027388412,0,0,0
VN,Viet Nam,E - 16_5,Paper and Textile Decorative and Utility Goods,E - H,Leisure and education,Entrepreneurial,8.0,10.0,0.9123015873015874,3.185635123614663,0.21722066662573541,0.16078498301880884,0,0,0,0,0,0,0.13920724294416476,0.20624323389745286,14.918005297618114,36.622842592887466,0,,3.6276113817011337,2.3978952727983707,-1.229716108902763,1.2838730156824325,0.21294853686929063,0,0,0
VN,Viet Nam,E - 16_6,Adhesive Stationery and Office Supplies,E - H,Leisure and education,Entrepreneurial,11.0,2.0,1.2595238095238095,1.0909090909090908,0.24310776905729875,0.09764012735266035,0,0,0,0,0,0,0.14607874751048702,0.20746694815862274,20.363348554566183,23.91327275974599,0,,3.2154007040140216,1.0986122886681098,-2.116788415345912,0.654793573137517,0.23348993341437138,0,0,0
VN,Viet Nam,E - 16_7,Paper and Plastic Bags for Packaging,E - H,Leisure and education,Entrepreneurial,0.0,5.0,0.0,0.375222816399287,0.0,0.17366753024254517,0,0,0,0,0,0,0.1401976193175499,0.20725295727155413,11.087012726305932,24.004613796981133,0,,3.219060359719843,1.791759469228055,-1.427300890491788,1.7257704959269036,0.2062164340132112,0,0,0
VN,Viet Nam,E - 16_8,Art and Craft Supplies and Materials,E - H,Leisure and education,Entrepreneurial,15.0,1.0,2.992857142857143,0.09090909090909091,0.2791618685098095,0.0629068196151572,0,0,0,0,0,0,0.1437592079596836,0.20385190177225962,21.522099800142254,31.17199937346939,0,,3.4710964895674157,0.6931471805599453,-2.7779493090074703,0.9593283127550775,0.22022046141171822,0,0,0
VN,Viet Nam,E - 16_9,Print and Digital Periodical Publications,E - H,Leisure and education,Entrepreneurial,0.0,1.0,0.0,0.043478260869565216,0.0,0.06215315571953735,0,0,0,0,0,0,0.13548459760999992,0.20722109382491707,12.248005678724834,21.15989126253421,0,,3.0982839549416923,0.6931471805599453,-2.405136774381747,1.5489552779644948,0.22316563632805295,0,0,0
VN,Viet Nam,E - 17_0,"Non-metallic pipes, tubes, and fittings",E - E,Construction,Entrepreneurial,2.0,1.0,1.0,0.125,0.17566248068619245,0.09886897089154568,0,0,0,0,0,0,0.14749443223380293,0.2175360251604278,6.182470995644051,10.100257807975254,0,,2.406968333992287,0.6931471805599453,-1.7138211534323418,1.4520082170309987,0.18559354824063395,0,0,0
VN,Viet Nam,E - 17_1,Specialty Films and Sheets for Industrial Use,E - E,Construction,Entrepreneurial,0.0,0.0,0.0,0.0,0.0,0.0,0,0,0,0,0,0,0.13984018106517346,0.20408909446197213,3.910775862341963,8.219748411417335,0,,2.221347749931267,0.0,-2.221347749931267,2.920789576233833,0.14230793128413607,0,0,0
VN,Viet Nam,E - 17_10,Semi-finished plastic materials for manufacturing,E - E,Construction,Entrepreneurial,0.0,0.0,0.0,0.0,0.0,0.0,0,0,0,0,0,0,0.14568992206335957,0.20985643552239555,8.650402704295058,12.593170718285714,0,,2.6095675135537046,0.0,-2.6095675135537046,2.063974066158831,0.17099031177438853,0,0,0
VN,Viet Nam,E - 17_11,Industrial Rubber Materials and Products,E - E,Construction,Entrepreneurial,2.0,1.0,2.0,0.125,0.2005942030018431,0.1250596759862884,0,0,0,0,0,0,0.14407528649711182,0.20903933024031868,5.241851041961561,10.351614270200827,0,,2.4293599602636013,0.6931471805599453,-1.736212779703656,1.0075164803814776,0.17834291753167117,0,0,0
VN,Viet Nam,E - 17_13,Industrial and Commercial Adhesive Tapes,E - E,Construction,Entrepreneurial,0.0,0.0,0.0,0.0,0.0,0.0,0,0,0,0,0,0,0.14401118868368612,0.20683344527789627,2.4831734975423045,6.021962741567262,0,,1.9490427717747816,0.0,-1.9490427717747816,1.9384677202183545,0.1437751457819269,0,0,0
VN,Viet Nam,E - 17_2,Industrial Components and Process Materials,E - E,Construction,Entrepreneurial,0.0,0.0,0.0,0.0,0.0,0.0,0,0,0,0,0,0,0.14353488575967166,0.21500011894565174,4.402404134109352,8.818228587379577,0,,2.284240717843905,0.0,-2.284240717843905,2.1186208276265774,0.17080938026091327,0,0,0
VN,Viet Nam,E - 17_4,Building and Construction Sealants and Barriers,E - E,Construction,Entrepreneurial,0.0,0.0,0.0,0.0,0.0,0.0,0,0,0,0,0,0,0.14632252105939633,0.21155712136708002,4.126391052268813,8.508102046780806,0,,2.2521442821686657,0.0,-2.2521442821686657,2.0130105723492453,0.1731000154646276,0,0,0
VN,Viet Nam,E - 17_6,"Non-metallic seals, gaskets, and washers",E - E,Construction,Entrepreneurial,2.0,1.0,1.0,0.125,0.2968778405101464,0.12735189476354472,0,0,0,0,0,0,0.14126101142263436,0.20703121523386409,3.009644903256361,7.195323899431845,0,,2.1035637354454706,0.6931471805599453,-1.4104165548855252,2.635973559449229,0.13857101554321002,0,0,0
VN,Viet Nam,E - 18_0,"Wallets, purses, cases, and key holders",E - D,Clothing,Entrepreneurial,1.0,9.0,0.5,1.4294431731502668,0.0466304963254947,0.17219458220416356,0,0,0,0,0,0,0.13668553589870644,0.20105677287431947,14.600221341247845,40.03755187281616,0,,3.714487546861421,2.302585092994046,-1.4119024538673752,1.2261082637376424,0.18564428150427764,0,0,0
VN,Viet Nam,E - 18_1,"Sports, Travel, and Utility Bags",E - D,Clothing,Entrepreneurial,0.0,2.0,0.0,0.08293460925039872,0.0,0.10306744414333288,0,0,0,0,0,0,0.13421832014986815,0.19585533407018801,10.721382992843573,29.66302140889117,0,,3.423057414214302,1.0986122886681098,-2.324445125546192,1.9905632452646367,0.15919083705809317,0,0,0
VN,Viet Nam,E - 18_12,Leather Goods and Animal Skins Products,E - D,Clothing,Entrepreneurial,0.0,6.0,0.0,1.3639669826740763,0.0,0.10796259882979038,0,0,0,0,0,0,0.13984383094127165,0.2021922425170827,20.097446895724573,30.761634381016517,0,,3.458259095414358,1.9459101490553132,-1.512348946359045,0.028359425661558496,0.2231897252274707,0,0,0
VN,Viet Nam,E - 18_14,Equestrian Saddlery and Horse Tack Products,E - D,Clothing,Entrepreneurial,0.0,2.0,0.0,0.26785714285714285,0.0,0.0665846290227433,0,0,0,0,0,0,0.1393418241825584,0.2043184945640214,14.262080923821548,17.680203614699284,0,,2.927464332885792,1.0986122886681098,-1.828852044217682,0.7628269144106016,0.21042498780663546,0,0,0
VN,Viet Nam,E - 18_4,Varied consumer goods and accessories,E - D,Clothing,Entrepreneurial,0.0,8.0,0.0,1.6716791979949872,0.0,0.11070346629446796,0,0,0,0,0,0,0.13942917081277245,0.20584295463112348,15.177861249353008,38.78485612374031,0,,3.6834863404786162,2.1972245773362196,-1.4862617631423967,1.0661024942553263,0.1934097003103558,0,0,0
VN,Viet Nam,E - 18_5,Variety of Functional and Fashion Bags,E - D,Clothing,Entrepreneurial,0.0,17.0,0.0,2.820460489167583,0.0,0.17157548585294957,0,0,0,0,0,0,0.13669653234620904,0.19729348208937225,17.328317520384466,49.624314612506254,0,,3.9244319868166615,2.8903717578961645,-1.034060228920497,1.3747069394863822,0.18234812153193636,0,0,0
VN,Viet Nam,E - 18_8,"Umbrellas, Canes, and Accessories",E - D,Clothing,Entrepreneurial,0.0,4.0,0.0,0.5204887218045113,0.0,0.06511498532950113,0,0,0,0,0,0,0.1386778218170934,0.19904004001774758,21.86432117317181,36.64128247572482,0,,3.628101386286705,1.6094379124341003,-2.0186634738526044,0.9955263956367704,0.19819141372975893,0,0,0
VN,Viet Nam,E - 18_9,Travel Bags and Luggage Containers,E - D,Clothing,Entrepreneurial,0.0,8.0,0.0,0.9723003160074097,0.0,0.09812794899452465,0,0,0,0,0,0,0.13881008304155487,0.20121922590864424,23.07825668431285,47.751283988330016,0,,3.8867315353191656,2.1972245773362196,-1.689506957982946,1.052292922463627,0.19750497059263755,0,0,0
VN,Viet Nam,E - 19_0,"Construction Materials: Cement, Concrete, Mortar",E - E,Construction,Entrepreneurial,8.0,2.0,0.8777777777777778,0.25,0.44431616311289657,0.29677900824177245,0,0,0,0,0,0,0.14587833853684082,0.2163149244834123,5.385757134626924,10.58990948106053,0,,2.4501348472314746,1.0986122886681098,-1.3515225585633648,1.0043046881527793,0.19540948802821922,0,0,0
VN,Viet Nam,E - 19_1,Non-metallic Prefabricated and Transportable Structures,E - E,Construction,Entrepreneurial,0.0,0.0,0.0,0.0,0.0,0.0,0,0,0,0,0,0,0.15272207120210543,0.2171712388626561,7.923112853696997,11.352872617245488,0,,2.513888636613343,0.0,-2.513888636613343,1.4569003279357016,0.20571775143836946,0,0,0
VN,Viet Nam,E - 19_11,Non-metallic construction and structural materials,E - E,Construction,Entrepreneurial,9.0,8.0,2.5444444444444447,0.4414283499961249,0.3943176241323897,0.3911976120168371,0,0,0,0,0,0,0.1547204642996086,0.219449047688083,8.582062708279972,14.490649570268092,0,,2.740236588363488,2.1972245773362196,-0.5430120110272685,2.004882921630249,0.20607129016895645,0,0,0
VN,Viet Nam,E - 19_12,"Stone, Mineral, and Ceramic Building Materials",E - E,Construction,Entrepreneurial,3.0,9.0,0.2777777777777778,3.1666666666666665,0.2875718835364203,0.6320131381614121,0,1,0,1,0,0,0.1502596811005347,0.2188619871570048,4.640655991032229,9.00655053169093,1,,2.303239931709459,2.302585092994046,-0.000654838715413053,1.2417698944005318,0.19371763095605324,0,0,0
VN,Viet Nam,E - 19_13,Architectural and Construction Glass Products,E - E,Construction,Entrepreneurial,2.0,0.0,0.2222222222222222,0.0,0.30356909987809383,0.0,0,0,0,0,0,0,0.14646748394893525,0.20512952680673302,3.019745056025184,4.998210257243144,0,,1.7914611342711309,0.0,-1.7914611342711309,2.6573200313756526,0.16098170125760727,0,0,0
VN,Viet Nam,E - 19_2,Plastic-based construction and landscaping materials,E - E,Construction,Entrepreneurial,4.0,0.0,1.2222222222222223,0.0,0.39008672510108666,0.0,0,0,0,0,0,0,0.14362247267148276,0.20626441652301059,3.784043159355835,7.657318859884356,0,,2.1584050741629746,0.0,-2.1584050741629746,3.046064944926232,0.158902426996112,0,0,0
VN,Viet Nam,E - 19_3,Non-metallic building panels and boards,E - E,Construction,Entrepreneurial,7.0,1.0,0.5444444444444444,0.030303030303030304,0.4467590148914455,0.20948227263758212,0,0,0,0,0,0,0.1467258673738025,0.21540945783854976,4.870697771355771,10.346445113537555,0,,2.4289044890124916,0.6931471805599453,-1.7357573084525462,2.4621022752684616,0.18841836847125776,0,0,0
VN,Viet Nam,E - 19_4,Construction and Structural Materials/Components,E - E,Construction,Entrepreneurial,5.0,2.0,1.5555555555555556,0.25,0.3488259813803561,0.33053150578683804,0,0,0,0,0,0,0.14702922165587404,0.21914706109771398,5.573764659529608,10.140797290848184,0,,2.4106138020322128,1.0986122886681098,-1.312001513364103,1.9495045136955444,0.1952827609882035,0,0,0
VN,Viet Nam,E - 19_7,Building and Road Surface Materials,E - E,Construction,Entrepreneurial,5.0,0.0,0.3222222222222222,0.0,0.312895786932523,0.0,0,0,0,0,0,0,0.1540829948341836,0.2193049641875386,7.127452810893676,8.739155394642204,0,,2.2761543987653323,0.0,-2.2761543987653323,1.17943653664596,0.21166725957569205,0,0,0
VN,Viet Nam,E - 19_8,Engineered and Processed Wood Building Materials,E - E,Construction,Entrepreneurial,7.0,5.0,0.5444444444444444,0.6176470588235294,0.4707587486472117,0.4851496361397051,0,0,0,0,0,0,0.15241686172815377,0.21409598433022214,4.680044407341723,8.98193147810184,0,,2.3007766064778576,1.791759469228055,-0.5090171372498027,2.1847472479174876,0.18860813348914113,0,0,0
VN,Viet Nam,E - 19_9,"Non-metal Doors, Windows, and Accessories",E - E,Construction,Entrepreneurial,7.0,6.0,0.5444444444444444,0.8676470588235294,0.5019270504743792,0.5271185231893752,1,1,1,1,0,0,0.14876486176897227,0.21910939206626306,3.99474704779612,7.828844976258444,,0,2.1780241992941693,1.9459101490553132,-0.23211405023885612,2.148304106818478,0.18253506737639488,0,0,0
VN,Viet Nam,E - 1_0,Industrial Adhesives and Bonding Materials,E - C,Chemicals,Entrepreneurial,6.0,1.0,4.75,0.030303030303030304,0.24598832544097654,0.07312260812419306,0,0,0,0,0,0,0.14964174885386483,0.2074315036345472,11.252311603904612,11.226117204975953,0,,2.503574418095505,0.6931471805599453,-1.8104272375355595,-0.0021327909751741037,0.219144146338454,0,0,0
VN,Viet Nam,E - 1_1,Physical Goods and Merchandise Products,E - C,Chemicals,Entrepreneurial,0.0,4.0,0.0,0.8333333333333333,0.0,0.27038656823196117,0,0,0,0,0,0,0.14736292245032548,0.2160000623694757,9.45970125570583,13.666970264353754,0,,2.685598044878214,1.6094379124341003,-1.076160132444114,0.5898070621027189,0.2249627256027589,0,0,0
VN,Viet Nam,E - 1_10,Water and Waste Treatment Chemicals,E - C,Chemicals,Entrepreneurial,0.0,13.0,0.0,3.628715728715729,0.0,0.5023155062821999,0,1,0,1,0,0,0.14426894398479886,0.20783812249397704,3.6939954422895274,7.896787988662305,1,,2.185690311447659,2.6390573296152584,0.4533670181675995,2.2021805223452757,0.1624757626268678,0,0,0
VN,Viet Nam,E - 1_11,Raw Chemical Ingredients for Cosmetic Manufacturing,E - C,Chemicals,Entrepreneurial,0.0,0.0,0.0,0.0,0.0,0.0,0,0,0,0,0,0,0.13179427146038175,0.1987442342953105,2.4099570032767494,9.759308840795395,0,,2.3757713185437166,0.0,-2.3757713185437166,3.2961292542234055,0.14671185511352716,0,0,0
VN,Viet Nam,E - 1_13,Industrial Chemical Compositions and Materials,E - C,Chemicals,Entrepreneurial,2.0,1.0,0.5,0.3333333333333333,0.1382389133795423,0.2859438720407224,0,0,0,0,0,0,0.1466380573092777,0.21109494519255848,8.609477162656045,13.403683210054393,0,,2.667483952352217,0.6931471805599453,-1.9743367717922715,0.9644500132447286,0.20791789441271558,0,0,0
VN,Viet Nam,E - 1_14,Food Additives and Processing Ingredients,E - C,Chemicals,Entrepreneurial,0.0,2.0,0.0,0.36363636363636365,0.0,0.10212876748907666,0,0,0,0,0,0,0.14800329207159213,0.20540991353786586,8.24873539677329,12.243109415342646,0,,2.583477373037302,1.0986122886681098,-1.4848650843691924,1.6901365975502027,0.191576007871565,0,0,0
VN,Viet Nam,E - 1_15,Industrial and Scientific Chemical Products,E - C,Chemicals,Entrepreneurial,12.0,8.0,3.0,1.0620490620490621,0.39438101914148294,0.24099294621137327,0,0,0,0,0,0,0.14423550393054893,0.20885833945604565,10.237387324406873,21.99841878399163,0,,3.1354254650437587,2.1972245773362196,-0.9382008877075392,2.2282203320810003,0.1770694528535202,0,0,0
VN,Viet Nam,E - 1_16,Automotive and Industrial Chemical Fluids,E - C,Chemicals,Entrepreneurial,0.0,7.0,0.0,0.8984126984126983,0.0,0.33955278521572246,0,0,0,0,0,0,0.14670932246429488,0.21035607707216739,6.902335602814181,9.006857498566156,0,,2.303270607831665,2.0794415416798357,-0.22382906615182918,1.2800814990302272,0.19847262350748057,0,0,0
VN,Viet Nam,E - 1_17,Plant Growth and Agricultural Enhancers,E - C,Chemicals,Entrepreneurial,0.0,5.0,0.0,0.8999999999999999,0.0,0.24803280812926032,0,0,0,0,0,0,0.14056231789689183,0.20365559845262243,2.981266451307804,10.09463922893133,0,,2.406462039310712,1.791759469228055,-0.6147025700826569,2.0639410957225244,0.16418891038544692,0,0,0
VN,Viet Nam,E - 1_18,Photographic Materials and Chemicals,E - C,Chemicals,Entrepreneurial,1.0,0.0,1.0,0.0,0.24735763549531772,0.0,0,0,0,0,0,0,0.1346552301550894,0.18729090340710286,1.8523868500677056,3.0246340691455877,0,,1.3924339922395625,0.0,-1.3924339922395625,3.077434377410265,0.11395178799761466,0,0,0
VN,Viet Nam,E - 1_19,Agricultural and Horticultural Chemical Products,E - C,Chemicals,Entrepreneurial,0.0,0.0,0.0,0.0,0.0,0.0,0,0,0,0,0,0,0.14504335282525785,0.20850082709674092,7.676266996843237,11.944165537073612,0,,2.5606451489452398,0.0,-2.5606451489452398,0.9026479414091694,0.2046009765150577,0,0,0
VN,Viet Nam,E - 1_2,Industrial and Specialized Cleaning Chemicals,E - C,Chemicals,Entrepreneurial,10.0,0.0,2.5,0.0,0.5325720303805642,0.0,1,0,1,0,0,0,0.14691968566242847,0.20635858564468923,4.4389728595707405,8.919135675973147,,1,2.2944657880626007,0.0,-2.2944657880626007,2.459659092352652,0.15872332702157296,0,0,0
VN,Viet Nam,E - 1_20,Raw Industrial Plastics and Synthetic Resins,E - C,Chemicals,Entrepreneurial,2.0,1.0,1.25,0.3333333333333333,0.1221928309068783,0.1328935733239639,0,0,0,0,0,0,0.14813604515224027,0.2115735371411047,10.310775872973517,14.728626741314496,0,,2.7554824113719647,0.6931471805599453,-2.0623352308120193,0.935958838714899,0.20322805128100505,0,0,0
VN,Viet Nam,E - 1_21,Fertilizers and Soil Nutrient Products,E - C,Chemicals,Entrepreneurial,14.0,5.0,6.5,1.8333333333333335,0.45836889600413666,0.32594292290944044,0,0,0,0,0,0,0.15127553523753468,0.21201088591836736,8.417313046676611,13.750096796385613,0,,2.691249645231117,1.791759469228055,-0.899490176003062,0.8741364335371987,0.21712227423287608,0,0,0
VN,Viet Nam,E - 1_4,Scientific and Research Laboratory Chemical Reagents,E - C,Chemicals,Entrepreneurial,0.0,0.0,0.0,0.0,0.0,0.0,0,0,0,0,0,0,0.1330487613735058,0.19531279569647753,3.7383952963671137,11.115074522476991,0,,2.494450505506441,0.0,-2.494450505506441,3.0541479456799183,0.14794422215627828,0,0,0
VN,Viet Nam,E - 1_5,Industrial Chemicals and Chemical Compounds,E - C,Chemicals,Entrepreneurial,10.0,7.0,2.5,1.0317460317460316,0.47876885131245556,0.3642268040859527,0,0,0,0,0,0,0.1468346232235002,0.2107289721994589,5.298331914279886,12.95877015134441,0,,2.6361079954121345,2.0794415416798357,-0.5566664537322987,2.0120122426399307,0.18144815955670102,0,0,0
VN,Viet Nam,E - 1_6,Industrial Biotech Ingredients and Enzyme Additives,E - C,Chemicals,Entrepreneurial,0.0,3.0,0.0,0.4303030303030303,0.0,0.17305692792410432,0,0,0,0,0,0,0.1413030056906009,0.20643255379738373,2.95548604091411,13.501537051865272,0,,2.674254647385462,1.3862943611198906,-1.2879602862655715,1.6412584959828163,0.19240807703033477,0,0,0
VN,Viet Nam,E - 1_8,Surface Treatment and Protective Coatings,E - C,Chemicals,Entrepreneurial,1.0,0.0,0.25,0.0,0.13178309136165609,0.0,0,0,0,0,0,0,0.14152288341907301,0.20790198854271053,4.781592079299723,10.682280352176337,0,,2.458073193975621,0.0,-2.458073193975621,2.287695178153871,0.17999913714296042,0,0,0
VN,Viet Nam,E - 1_9,Soil and Plant Growth Enhancers,E - C,Chemicals,Entrepreneurial,0.0,3.0,0.0,0.5,0.0,0.19918928405024663,0,0,0,0,0,0,0.148043122892863,0.2078867161353418,3.6682236315363763,8.587338485851859,0,,2.2604433202257224,1.3862943611198906,-0.8741489591058318,2.13412800975821,0.17292912393347473,0,0,0
VN,Viet Nam,E - 20_0,Non-metal storage and packaging containers,E - G,Household equipment,Entrepreneurial,0.0,6.0,0.0,0.6994652406417112,0.0,0.23867743242197514,0,0,0,0,0,0,0.14628851437840337,0.2076234316182396,7.7278135901334135,23.357089743680287,0,,3.1928229670545143,1.9459101490553132,-1.246912817999201,2.039833704172329,0.17878321074005638,0,0,0
VN,Viet Nam,E - 20_1,Seating and Functional Indoor Furniture,E - G,Household equipment,Entrepreneurial,7.0,12.0,0.9055555555555554,2.7412768348446095,0.2929691528727503,0.24319656562294895,0,0,0,0,0,0,0.15133109006327194,0.20708091891469874,11.387333405443949,42.70537126585374,0,,3.7774710068105506,2.5649493574615367,-1.2125216493490139,2.064199689732955,0.15131668532185452,0,0,0
VN,Viet Nam,E - 20_10,Storage Furniture and Organizational Shelving,E - G,Household equipment,Entrepreneurial,0.0,7.0,0.0,2.2843137254901955,0.0,0.2575472436715805,0,0,0,0,0,0,0.14920014370109705,0.19725139965992355,5.528768006394332,28.479519915781022,0,,3.3836957821064777,2.0794415416798357,-1.304254240426642,2.592135797572848,0.12968854664681795,0,0,0
VN,Viet Nam,E - 20_11,Plastic Fixtures and Construction Accessories,E - G,Household equipment,Entrepreneurial,0.0,2.0,0.0,1.25,0.0,0.2098971594302322,0,0,0,0,0,0,0.1423662592073263,0.20470005854824477,6.499417072550654,17.731244024907,0,,2.930192933092168,1.0986122886681098,-1.831580644424058,2.692459527484517,0.15253278658730746,0,0,0
VN,Viet Nam,E - 20_12,Pet and Baby Furniture and Accessories,E - G,Household equipment,Entrepreneurial,0.0,1.0,0.0,0.043478260869565216,0.0,0.06345826466288447,0,0,0,0,0,0,0.14796248284334618,0.197348243811562,4.548539122452582,30.210615614394854,0,,3.440758280996673,0.6931471805599453,-2.7476111004367274,2.233984800408843,0.13105321770665296,0,0,0
VN,Viet Nam,E - 20_13,"Cabinets, Storage, and Organizational Furniture",E - G,Household equipment,Entrepreneurial,1.0,7.0,0.25,0.7861253196930946,0.1079445246498472,0.27741844127515286,0,0,0,0,0,0,0.1461015986773469,0.2036944524143387,6.556308489029477,24.62332671971467,0,,3.243503136583674,2.0794415416798357,-1.1640615949038384,2.1414683797959073,0.14680726556409776,0,0,0
VN,Viet Nam,E - 20_4,Household and Furniture Goods Materials,E - G,Household equipment,Entrepreneurial,4.0,11.0,1.5833333333333333,1.4761253196930946,0.20847016590279532,0.23307929501764987,0,0,0,0,0,0,0.14925778276771745,0.2110263748439326,10.71286836999803,38.6223849087964,0,,3.6793942340270935,2.4849066497880004,-1.1944875842390932,1.4815922462788,0.17252050992703608,0,0,0
VN,Viet Nam,E - 20_5,Mirrors and Picture Frames Furniture,E - G,Household equipment,Entrepreneurial,0.0,7.0,0.0,0.7243137254901961,0.0,0.2421947283718713,0,0,0,0,0,0,0.15219292503266596,0.2071629632485868,12.062947373179062,23.95035537794816,0,,3.2168880657012253,2.0794415416798357,-1.1374465240213896,1.364190809363024,0.1644902347987533,0,0,0
VN,Viet Nam,E - 20_7,Non-metallic hardware and fittings,E - G,Household equipment,Entrepreneurial,0.0,5.0,0.0,0.6819631093544136,0.0,0.14045269852791406,0,0,0,0,0,0,0.14358872977222065,0.20644313387066668,7.751398165036849,25.330779540575428,0,,3.2707385796242794,1.791759469228055,-1.4789791103962244,2.479091006394415,0.1553214180328942,0,0,0
VN,Viet Nam,E - 20_8,"Beds, Mattresses, Pillows, and Cushions",E - G,Household equipment,Entrepreneurial,4.0,13.0,1.5833333333333333,2.5527919863597615,0.2311177843582003,0.2934779885730399,0,0,0,0,0,0,0.15074122405023702,0.20495798121683037,9.447766580881769,32.26756964312152,0,,3.5045830378617353,2.6390573296152584,-0.8655257082464769,1.918862916815209,0.14954120253397163,0,0,0
VN,Viet Nam,E - 21_0,Household Tableware and Serving Ware,E - G,Household equipment,Entrepreneurial,0.0,7.0,0.0,2.088917748917749,0.0,0.2725720606947857,0,0,0,0,0,0,0.138095990313591,0.18557609272017647,4.762202486554679,13.278639688005523,0,,2.658764692430331,2.0794415416798357,-0.5793231507504952,2.2384718384725213,0.1561286938102327,0,0,0
VN,Viet Nam,E - 21_1,Insulated and Cooling Beverage Containers,E - G,Household equipment,Entrepreneurial,0.0,8.0,0.0,2.146042846042846,0.0,0.14895342795384,0,0,0,0,0,0,0.13949968076565908,0.18148434917023237,5.347765600455033,28.93398765103455,0,,3.398994545567101,2.1972245773362196,-1.2017699682308813,1.9703112691497153,0.13798821776960724,0,0,0
VN,Viet Nam,E - 21_11,Non-construction glass goods and materials,E - G,Household equipment,Entrepreneurial,0.0,7.0,0.0,0.6277919863597613,0.0,0.20314879519654078,0,0,0,0,0,0,0.14310448727652528,0.20468349883497483,10.533515921106172,22.58638722799496,0,,3.160669733238214,2.0794415416798357,-1.0812281915583783,0.5836885383632419,0.20135237275852794,0,0,0
VN,Viet Nam,E - 21_12,Decorative and Functional Ceramic Tableware,E - G,Household equipment,Entrepreneurial,0.0,11.0,0.0,0.9924673110350859,0.0,0.20736494237331501,0,0,0,0,0,0,0.14603111720053602,0.2000193986215267,11.809672365092995,31.763252894899143,0,,3.4893075487715657,2.4849066497880004,-1.0044008989835653,0.9098555521931943,0.18072671309963356,0,0,0
VN,Viet Nam,E - 21_13,Drinkware and Beverage Containers,E - G,Household equipment,Entrepreneurial,1.0,29.0,0.1,13.317408539173243,0.07570585191874016,0.26275429777938064,0,0,0,0,0,0,0.14141813623652894,0.18263570619413935,9.185347549846576,57.69726163418515,0,,4.072393075561658,3.4011973816621555,-0.6711956938995027,1.933895733247145,0.14839066096468084,0,0,0
VN,Viet Nam,E - 21_14,Manual brushes for cleaning and grooming,E - G,Household equipment,Entrepreneurial,2.0,7.0,0.6666666666666666,1.5853535353535353,0.10435210170349123,0.11406997832115791,0,0,0,0,0,0,0.14370574003217398,0.18730742400682748,11.912180221244354,53.7259604876804,0,,4.0023381944231184,2.0794415416798357,-1.9228966527432827,1.7523539687998526,0.14254324977853133,0,0,0
VN,Viet Nam,E - 21_2,Household Containers and Accessories,E - G,Household equipment,Entrepreneurial,1.0,16.0,0.1,1.9085850097614803,0.05991914156315394,0.17936806129188496,0,0,0,0,0,0,0.1439260610401336,0.1967325214235422,11.369657107319998,50.92530884217589,0,,3.9498063175957325,2.833213344056216,-1.1165929735395164,1.9362069848626597,0.15252393305380166,0,0,0
VN,Viet Nam,E - 21_4,Bathroom and Household Cleaning Accessories,E - G,Household equipment,Entrepreneurial,0.0,6.0,0.0,1.1242424242424243,0.0,0.09873315329695626,0,0,0,0,0,0,0.14050672957546795,0.1826191037141367,6.536289809944538,36.179341851844505,0,,3.615753280464876,1.9459101490553132,-1.6698431314095628,2.1829732934870782,0.12339587329319619,0,0,0
VN,Viet Nam,E - 21_5,"Manual, Non-Electric Kitchen Cooking Tools",E - G,Household equipment,Entrepreneurial,0.0,9.0,0.0,1.0356099456099455,0.0,0.13087401595663503,0,0,0,0,0,0,0.14185084859426594,0.1755690373012244,5.115663736027498,29.460675223402596,0,,3.416436514765725,2.302585092994046,-1.1138514217716793,1.75103134943525,0.13182383073254267,0,0,0
VN,Viet Nam,E - 21_6,Manual Cleaning Tools and Materials,E - G,Household equipment,Entrepreneurial,0.0,8.0,0.0,1.3448773448773448,0.0,0.13817536180149348,0,0,0,0,0,0,0.14586959091116256,0.1986820789659433,10.987036294370018,35.936903620640834,0,,3.6092111494018857,2.1972245773362196,-1.4119865720656661,1.7778538678608384,0.15751128035548706,0,0,0
VN,Viet Nam,E - 21_7,Home and Garden Care Products,E - G,Household equipment,Entrepreneurial,0.0,14.0,0.0,1.4323945335710042,0.0,0.23999690784615701,0,0,0,0,0,0,0.14049117569111097,0.1817899595672054,6.75257004597434,45.15371045379126,0,,3.8319773575824314,2.70805020110221,-1.1239271564802213,2.0146315601180174,0.13133847502919088,0,0,0
VN,Viet Nam,E - 21_8,Personal Care and Cosmetic Application Tools,E - G,Household equipment,Entrepreneurial,1.0,9.0,0.3333333333333333,1.7509379509379508,0.09389359429057416,0.10403757365362284,0,0,0,0,0,0,0.13866490822937566,0.18915830093610958,6.736440136424033,45.77121664555658,0,,3.8452679847746203,2.302585092994046,-1.5426828917805744,1.967933031398879,0.11982980474846697,0,0,0
VN,Viet Nam,E - 21_9,Kitchenware and Tableware for Food Preparation,E - G,Household equipment,Entrepreneurial,2.0,19.0,1.1,4.840363362128068,0.14423091951611572,0.2084304913780009,0,0,0,0,0,0,0.14338692441515127,0.18367080746546688,8.686320273262016,63.766058525493676,0,,4.170781677946451,2.995732273553991,-1.17504940439246,1.4241015569016486,0.13980166280378062,0,0,0
VN,Viet Nam,E - 22_10,"Class 22: Ropes, Nets, Miscellaneous Goods",E - D,Clothing,Entrepreneurial,0.0,0.0,0.0,0.0,0.0,0.0,0,0,0,0,0,0,0.13920473269967157,0.2016951381382422,1.898561362215261,7.539980759706682,0,,2.144758754836194,0.0,-2.144758754836194,1.7771474178495479,0.15552432467552765,0,0,0
VN,Viet Nam,E - 22_11,Non-plastic padding and filling materials,E - D,Clothing,Entrepreneurial,0.0,0.0,0.0,0.0,0.0,0.0,0,0,0,0,0,0,0.14018639060104884,0.19845984872944963,2.3511406097739145,3.1343655417086067,0,,1.419333880598804,0.0,-1.419333880598804,2.1355738419946464,0.15194858306197628,0,0,0
VN,Viet Nam,E - 22_4,Natural and Synthetic Filling Fibers,E - D,Clothing,Entrepreneurial,0.0,0.0,0.0,0.0,0.0,0.0,0,0,0,0,0,0,0.13570402203192297,0.18221206736433315,0.7974944583294092,1.9615973717563904,0,,1.0857287753962614,0.0,-1.0857287753962614,3.459160296504868,0.09960523039991509,0,0,0
VN,Viet Nam,E - 22_9,Protective and Camouflage Coverings/Tarpaulins,E - D,Clothing,Entrepreneurial,0.0,0.0,0.0,0.0,0.0,0.0,0,0,0,0,0,0,0.1338002478805519,0.1911840535389423,1.1635402589084247,5.1409285601078825,0,,1.8149759620126815,0.0,-1.8149759620126815,2.579246864082228,0.12962742532471833,0,0,0
VN,Viet Nam,E - 23_2,Consumer Goods and Accessories,E - D,Clothing,Entrepreneurial,0.0,0.0,0.0,0.0,0.0,0.0,0,0,0,0,0,0,0.1270674778835984,0.19199208406758284,0.4816700907506828,1.1552406598299745,0,,0.7679023924156276,0.0,-0.7679023924156276,3.495852046988287,0.11566404515345326,0,0,0
VN,Viet Nam,E - 24_1,Non-paper Table Linens and Accessories,E - D,Clothing,Entrepreneurial,1.0,1.0,0.6666666666666666,0.125,0.08113216065808981,0.11749342259952333,0,0,0,0,0,0,0.14658295722374512,0.19321465997267565,8.819944327707688,16.45032822833556,0,,2.859358458118274,0.6931471805599453,-2.1662112775583284,1.949480417453221,0.14034643067872002,0,0,0
VN,Viet Nam,E - 24_10,Textile Fabrics and Related Materials,E - D,Clothing,Entrepreneurial,2.0,1.0,1.6666666666666665,0.3333333333333333,0.15428523567775393,0.20101414916692195,0,0,0,0,0,0,0.1387988650672827,0.20410633954922558,6.657821409895012,19.507414342941626,0,,3.0207864960210746,0.6931471805599453,-2.3276393154611292,-0.011203851958554159,0.20467264809976332,0,0,0
VN,Viet Nam,E - 24_14,"Household, Apparel, Toys, and Sports Goods",E - D,Clothing,Entrepreneurial,1.0,0.0,1.0,0.0,0.12751398566996974,0.0,0,0,0,0,0,0,0.1401693476980392,0.20930972056494465,4.576428848117762,12.696957565951315,0,,2.617173732693663,0.0,-2.617173732693663,1.4649598608304122,0.19135517489517243,0,0,0
VN,Viet Nam,E - 24_4,Protective Textile Covers for Home Furnishings,E - D,Clothing,Entrepreneurial,1.0,7.0,0.2,0.9569327731092437,0.08540161348874901,0.2646175938384008,0,0,0,0,0,0,0.14682719477439424,0.20020805631588068,8.424178352787733,20.436664629267906,0,,3.065102756435954,2.0794415416798357,-0.9856612147561181,2.19846299874833,0.15124632741284064,0,0,0
VN,Viet Nam,E - 24_5,Natural Fiber and Blended Textile Fabrics,E - D,Clothing,Entrepreneurial,1.0,7.0,0.2,1.195569136745607,0.09969179692529308,0.25098136012536454,0,0,0,0,0,0,0.14394865331596882,0.20308332080725675,6.720528830771763,20.335911944911146,0,,3.06039165980479,2.0794415416798357,-0.9809501181249543,1.5322900665850159,0.16201463338714575,0,0,0
VN,Viet Nam,E - 24_7,Blankets and Bedding for Sleep and Comfort,E - D,Clothing,Entrepreneurial,1.0,10.0,0.2,2.5229500891265593,0.10696089387531958,0.26500116410440444,0,0,0,0,0,0,0.14268939938612257,0.19931706288116355,6.153028116240602,23.892249443054016,0,,3.214556487669698,2.3978952727983707,-0.8166612148713273,2.3803818648467057,0.14326057083648153,0,0,0
VN,Viet Nam,E - 24_8,Textile-Based Hygiene and Cleaning Products,E - D,Clothing,Entrepreneurial,0.0,2.0,0.0,0.2976190476190476,0.0,0.11794325935031366,0,0,0,0,0,0,0.14211423288288452,0.20015998846894287,5.226809955525395,12.566267755539824,0,,2.607586399579577,1.0986122886681098,-1.5089741109114672,2.026200988395851,0.1602524534382228,0,0,0
VN,Viet Nam,E - 24_9,Bedding and Bed Linen Products,E - D,Clothing,Entrepreneurial,1.0,6.0,0.2,4.1726190476190474,0.06830446182288273,0.2155498610613501,0,0,0,0,0,0,0.14657122621140617,0.19907477333743956,10.370530447164999,24.561814567322607,0,,3.241099619451249,1.9459101490553132,-1.295189470395936,0.7728630650741561,0.17270349333390872,0,0,0
VN,Viet Nam,E - 25_0,Baby and Childrens Clothing and Accessories,E - D,Clothing,Entrepreneurial,1.0,7.0,0.125,0.7106402369560265,0.0575088605956581,0.12422745872875751,0,0,0,0,0,0,0.1434836307890315,0.1985640585388815,12.70238026411084,47.92345679344251,0,,3.890256970494278,2.0794415416798357,-1.8108154288144425,1.0013752949232222,0.14750783264428857,0,0,0
VN,Viet Nam,E - 25_10,Footwear and Shoe-related Products,E - D,Clothing,Entrepreneurial,1.0,9.0,1.0,1.3238095238095238,0.07712150681279764,0.2221527214181302,0,0,0,0,0,0,0.13771227347261839,0.20346337140877005,8.52711595176639,22.05991593132687,0,,3.138095869184956,2.302585092994046,-0.83551077619091,1.5156677436273505,0.18449624718326615,0,0,0
VN,Viet Nam,E - 25_11,Swimwear and Beachwear Apparel,E - D,Clothing,Entrepreneurial,1.0,21.0,0.125,2.8888869902027796,0.05072498646935642,0.20142199198155106,0,0,0,0,0,0,0.14154566126753704,0.19128904062177543,14.460818084404822,41.49064810662834,0,,3.7492840071670956,3.091042453358316,-0.6582415538087796,0.9417281524191105,0.1880360491567327,0,0,0
VN,Viet Nam,E - 25_13,"Clothing, Footwear, and Headgear Products",E - D,Clothing,Entrepreneurial,6.0,1.0,2.6333333333333337,0.3333333333333333,0.10097655234871507,0.09163528470800746,0,0,0,0,0,0,0.13692565085424052,0.19194504446303443,26.4488786571276,13.588450371236714,0,,2.6802301451896997,0.6931471805599453,-1.9870829646297543,-1.3056666090671405,0.3013136064595391,0,0,0
VN,Viet Nam,E - 25_15,Clothing and Garments of Various Types,E - D,Clothing,Entrepreneurial,7.0,41.0,1.15,10.672941824257613,0.13904478510921348,0.25759038958805325,0,0,0,0,0,0,0.14170771799815254,0.18876230111676806,28.177097243808696,82.36755540444562,0,,4.423259209747751,3.7376696182833684,-0.685589591464383,0.4745262686128262,0.22149091765667184,0,0,0
VN,Viet Nam,E - 25_16,"Underwear, Lingerie, and Sleepwear Apparel",E - D,Clothing,Entrepreneurial,5.0,10.0,0.7,1.2023069036226932,0.1580348285504866,0.16825086157730695,0,0,0,0,0,0,0.1452890868548371,0.1930005987751066,18.695874018839767,53.06541146549712,0,,3.9901946369390964,2.3978952727983707,-1.5922993641407257,0.706369290053596,0.19353045922360448,0,0,0
VN,Viet Nam,E - 25_18,Coats and Jackets Apparel,E - D,Clothing,Entrepreneurial,4.0,7.0,0.42500000000000004,0.7314935064935064,0.1434392204730406,0.1135434290580975,0,0,0,0,0,0,0.14128279646322153,0.1921484594666675,15.941421735415952,52.480354856994246,0,,3.9793143875332366,2.0794415416798357,-1.8998728458534009,0.5413963137536781,0.19374662352335717,0,0,0
VN,Viet Nam,E - 25_2,"Shirts, Sweaters, and Upper Body Apparel",E - D,Clothing,Entrepreneurial,6.0,29.0,0.8999999999999999,8.299675324675325,0.17905268765431567,0.2627492969493556,0,0,0,0,0,0,0.14072381054905284,0.1847920082588692,17.519928392842182,54.09846395840658,0,,4.0091218384273954,3.4011973816621555,-0.60792445676524,0.1763700795653493,0.20852989281984805,0,0,0
VN,Viet Nam,E - 25_3,"Clothing Accessories: Scarves, Ties, Belts",E - D,Clothing,Entrepreneurial,5.0,17.0,0.7583333333333333,2.521751348067137,0.12948964486965006,0.16900223466507044,0,0,0,0,0,0,0.1398013470373112,0.19005794298614406,22.775014682754666,59.59786385606755,0,,4.104259642554101,2.8903717578961645,-1.2138878846579368,0.8171518470296495,0.2009081885817953,0,0,0
VN,Viet Nam,E - 25_4,Athletic and Sports Apparel and Footwear,E - D,Clothing,Entrepreneurial,3.0,18.0,0.6000000000000001,2.5189735702893596,0.12096432868533147,0.19890777773711724,0,0,0,0,0,0,0.14133617210115842,0.19365872613630292,15.192892421863846,46.583445486380135,0,,3.8624849168469515,2.9444389791664403,-0.9180459376805112,0.47242699502883506,0.2150002416366644,0,0,0
VN,Viet Nam,E - 25_5,Footwear and related accessories,E - D,Clothing,Entrepreneurial,7.0,47.0,1.8750000000000002,13.462768664084452,0.1433419742850713,0.28791269613078624,0,0,0,0,0,0,0.1397420028317507,0.1936736108426173,27.021583049860283,78.78809678462919,0,,4.379374330229957,3.871201010907891,-0.5081733193220654,0.7792320207911305,0.22386827653441776,0,0,0
VN,Viet Nam,E - 25_7,"Clothing, accessories, and household goods",E - D,Clothing,Entrepreneurial,3.0,9.0,0.30000000000000004,1.9401515151515152,0.09323600959577162,0.1446746505610019,0,0,0,0,0,0,0.13940639990790907,0.1946691635382275,19.871440814707274,58.81449089806542,0,,4.091247954311305,2.302585092994046,-1.7886628613172588,0.5445101245846417,0.21447821358710845,0,0,0
VN,Viet Nam,E - 25_8,Headwear and Hats for Various Uses,E - D,Clothing,Entrepreneurial,6.0,33.0,0.875,6.261578187893978,0.13428540867947839,0.24189006603808935,0,0,0,0,0,0,0.14154604548835475,0.1924719051770234,25.639694230491045,81.65758775047524,0,,4.41470662586651,3.5263605246161616,-0.8883461012503489,0.5105832870014797,0.2283337576196603,0,0,0
VN,Viet Nam,E - 25_9,"Apparel Accessories: Gloves, Socks, Warmers",E - D,Clothing,Entrepreneurial,7.0,17.0,1.075,2.491592617908407,0.17054427207942,0.1745928384202079,0,0,0,0,0,0,0.13996598635564972,0.19134613189587876,21.873605729374006,66.42087514769341,0,,4.21095469025702,2.8903717578961645,-1.320582932360855,0.6369975871087975,0.1967376048424333,0,0,0
VN,Viet Nam,E - 26_10,Sewing and Needlework Tools and Kits,E - D,Clothing,Entrepreneurial,0.0,0.0,0.0,0.0,0.0,0.0,0,0,0,0,0,0,0.13528836023859203,0.1891216090931777,2.7116942976695606,5.1851051329637095,0,,1.8221440037539405,0.0,-1.8221440037539405,2.4658506210049267,0.12390946597652386,0,0,0
VN,Viet Nam,E - 26_4,Decorative and Functional Hair Accessories,E - D,Clothing,Entrepreneurial,0.0,0.0,0.0,0.0,0.0,0.0,0,0,0,0,0,0,0.13157930861868838,0.17944517718916925,2.420961130330089,8.890018330907804,0,,2.291525999111953,0.0,-2.291525999111953,1.5446261767892817,0.11901619403728703,0,0,0
VN,Viet Nam,E - 26_8,"Fasteners, Textiles, and Small Accessories",E - D,Clothing,Entrepreneurial,0.0,0.0,0.0,0.0,0.0,0.0,0,0,0,0,0,0,0.13494905059355117,0.1805224054789383,2.2615263129040453,6.023813150006518,0,,1.9493062543284327,0.0,-1.9493062543284327,2.4965368085514736,0.1166838451794752,0,0,0
VN,Viet Nam,E - 27_2,Floor Coverings and Flooring Materials,E - D,Clothing,Entrepreneurial,0.0,5.0,0.0,0.16526610644257703,0.0,0.3696340459522572,0,0,0,0,0,0,0.13135002343497668,0.19680007604507918,2.093309266264851,6.8935353387399525,0,,2.0660441129214044,1.791759469228055,-0.2742846436933495,0.8047713458783146,0.1702402314485811,0,0,0
VN,Viet Nam,E - 27_3,"Clothing, accessories, and home textiles",E - D,Clothing,Entrepreneurial,0.0,0.0,0.0,0.0,0.0,0.0,0,0,0,0,0,0,0.13774336895984526,0.20216882009116438,1.2370135041635826,3.044250087988807,0,,1.3972961409841864,0.0,-1.3972961409841864,3.0531514961988795,0.14143991638770276,0,0,0
VN,Viet Nam,E - 27_4,"Carpets, rugs, and floor coverings",E - D,Clothing,Entrepreneurial,0.0,0.0,0.0,0.0,0.0,0.0,0,0,0,0,0,0,0.12862645177120285,0.15783173522776706,0.2563828916290152,0.21744941559970582,0,,0.19675802734942702,0.0,-0.19675802734942702,1.8157842418458083,0.07260786511666695,0,0,0
VN,Viet Nam,E - 27_7,Artificial Turf and Synthetic Sports Surfaces,E - D,Clothing,Entrepreneurial,0.0,0.0,0.0,0.0,0.0,0.0,0,0,0,0,0,0,0.12826781714305846,0.19064567079992467,0.8057062953407652,2.8340101529113673,0,,1.343911292744977,0.0,-1.343911292744977,3.5851544525662615,0.0997034507373587,0,0,0
VN,Viet Nam,E - 28_0,"Toys, Games, Sports and Gym Equipment",E - H,Leisure and education,Entrepreneurial,1.0,1.0,0.3333333333333333,0.047619047619047616,0.04758174295548082,0.05225299067201679,0,0,0,0,0,0,0.14051994538745297,0.21059673140316962,14.094683763363534,18.56607675065444,0,,2.973797288681864,0.6931471805599453,-2.2806501081219186,1.225677401487679,0.21833748030136862,0,0,0
VN,Viet Nam,E - 28_1,"Children’s Toys, Playsets, and Accessories",E - H,Leisure and education,Entrepreneurial,2.0,6.0,0.8333333333333333,3.206589147286822,0.08694791032200765,0.1661638857178374,0,0,0,0,0,0,0.1373824502875153,0.1869455620337854,14.16892394094131,51.99563346901021,0,,3.9702095227809298,1.9459101490553132,-2.0242993737256167,1.5274480325850317,0.17291999879058037,0,0,0
VN,Viet Nam,E - 28_10,Sports Protective Gear and Supports,E - H,Leisure and education,Entrepreneurial,0.0,0.0,0.0,0.0,0.0,0.0,0,0,0,0,0,0,0.13736527386995281,0.18008801545051029,5.957220118740581,26.216510569261256,0,,3.3038237953710325,0.0,-3.3038237953710325,2.079313777784748,0.14684626622471234,0,0,0
VN,Viet Nam,E - 28_12,Sports Equipment and Game Accessories,E - H,Leisure and education,Entrepreneurial,1.0,18.0,0.3333333333333333,5.423809523809524,0.07333188557292415,0.21589326237073414,0,0,0,0,0,0,0.13866445767879584,0.19579609550914628,9.285333666597342,36.63272987290111,0,,3.6278741470950195,2.9444389791664403,-0.6834351679285793,1.6015870070378564,0.1728688014092222,0,0,0
VN,Viet Nam,E - 28_13,Golf Equipment and Accessories Products,E - H,Leisure and education,Entrepreneurial,1.0,0.0,0.3333333333333333,0.0,0.13270361289841676,0.0,0,0,0,0,0,0,0.12948168626564746,0.172769742891492,3.985002884024751,7.678059744470942,0,,2.160797971942336,0.0,-2.160797971942336,2.0015275451095875,0.1304365093420032,0,0,0
VN,Viet Nam,E - 28_14,Electronic Gaming Devices and Accessories,E - H,Leisure and education,Entrepreneurial,0.0,0.0,0.0,0.0,0.0,0.0,0,0,0,0,0,0,0.13356444236266768,0.19587655753372718,9.24786837298478,30.58574542340552,0,,3.452705924623244,0.0,-3.452705924623244,1.948899369211146,0.19685206315277495,0,0,0
VN,Viet Nam,E - 28_2,Exercise and Fitness Equipment,E - H,Leisure and education,Entrepreneurial,0.0,13.0,0.0,2.2142857142857144,0.0,0.1987941968932258,0,0,0,0,0,0,0.13969251098289726,0.19256091924547433,5.180485915723543,39.02227975170074,0,,3.689436292842989,2.6390573296152584,-1.0503789632277307,1.8607327231431694,0.1321328821429776,0,0,0
VN,Viet Nam,E - 28_3,Coin-Operated Gaming and Gambling Machines,E - H,Leisure and education,Entrepreneurial,0.0,1.0,0.0,0.023255813953488372,0.0,0.041406792565005436,0,0,0,0,0,0,0.1323569482744543,0.19116061997824443,6.9689097735934995,20.761108904676966,0,,3.080124381382165,0.6931471805599453,-2.3869772008222196,1.9278087497640102,0.1823571858623723,0,0,0
VN,Viet Nam,E - 28_5,"Sporting, gaming, and recreational equipment",E - H,Leisure and education,Entrepreneurial,2.0,3.0,0.8333333333333333,1.070874861572536,0.11077876506021998,0.06845624072999948,0,0,0,0,0,0,0.1357313923487725,0.20028004349114878,10.425562715633541,42.69681872173666,0,,3.777275301322036,1.3862943611198906,-2.3909809402021454,1.6603627816376074,0.16921225657339564,0,0,0
VN,Viet Nam,E - 28_6,Fishing and Hunting Equipment and Accessories,E - H,Leisure and education,Entrepreneurial,0.0,1.0,0.0,0.047619047619047616,0.0,0.036661240157992325,0,0,0,0,0,0,0.14043620778011917,0.17390417598993013,4.837135244247225,19.507495218841456,0,,3.0207904397527905,0.6931471805599453,-2.327643259192845,2.0096110453467113,0.10459273677194904,0,0,0
VN,Viet Nam,E - 28_7,Tabletop and Card-Based Gaming Products,E - H,Leisure and education,Entrepreneurial,2.0,1.0,0.8333333333333333,0.023255813953488372,0.07597240864421921,0.07617200450071775,0,0,0,0,0,0,0.13997893696102837,0.18969548333466518,16.93613675029478,43.98091136920273,0,,3.806238207980034,0.6931471805599453,-3.1130910274200887,1.555833706840259,0.19527371314067404,0,0,0
VN,Viet Nam,E - 28_9,Water and Snow Sports Equipment,E - H,Leisure and education,Entrepreneurial,0.0,1.0,0.0,0.030303030303030304,0.0,0.04422698416527116,0,0,0,0,0,0,0.1358863573244107,0.18434406555945732,6.795106216024237,27.60246924751936,0,,3.353493051424806,0.6931471805599453,-2.6603458708648606,2.2311029984129274,0.1381307877867786,0,0,0
VN,Viet Nam,E - 29_0,"Fruit Preserves, Jams, and Jellies",E - K,"Food, beverages and tobacco",Entrepreneurial,2.0,13.0,0.04386792452830189,0.9527371427824403,0.07244262633523142,0.31631645349310095,0,0,0,0,0,0,0.14293994686620254,0.21378845671661542,13.45432395429329,17.15167818290253,0,,2.898763018304433,2.6390573296152584,-0.25970568868917443,-1.233947559604268,0.33247490177800265,0,0,0
VN,Viet Nam,E - 29_1,Vegetable and Potato-Based Snack Foods,E - K,"Food, beverages and tobacco",Entrepreneurial,2.0,22.0,0.04386792452830189,1.167839355384653,0.1598284509867279,0.441246437945075,0,0,0,0,0,0,0.14294624117010737,0.22370937130778767,6.428934350791316,19.157399895806595,0,,3.003571461463089,3.1354942159291497,0.1319227544660606,0.06221236774182172,0.2553727105818926,0,0,0
VN,Viet Nam,E - 29_10,Soups and Soup Preparation Products,E - K,"Food, beverages and tobacco",Entrepreneurial,4.0,27.0,1.377201257861635,4.386767926813223,0.27065405295390826,0.48815751897429166,0,0,0,0,0,0,0.149333886642075,0.21816001408114075,6.851892725371503,15.55110120517355,0,,2.806452637686464,3.332204510175204,0.52575187248874,0.6333339377232327,0.23223031757568108,0,0,0
VN,Viet Nam,E - 29_11,Prepared and Frozen Protein-Based Meals,E - K,"Food, beverages and tobacco",Entrepreneurial,1.0,2.0,0.14285714285714285,0.12316715542521994,0.14180873126953855,0.17195230524084384,0,0,0,0,0,0,0.13897165557784974,0.21215858637565463,4.07373397780431,14.089304237427157,0,,2.713986164190408,1.0986122886681098,-1.6153738755222984,1.2540887651739292,0.21982986614991248,0,0,0
VN,Viet Nam,E - 29_13,Non-live Seafood and Edible Aquatic Animals,E - K,"Food, beverages and tobacco",Entrepreneurial,8.0,17.0,1.6216817773421546,2.225595759913503,0.4772011102985413,0.48430007538791264,0,0,0,0,0,0,0.1519749904102542,0.21843423877974114,4.474780874645367,10.047295727209603,0,,2.4021856674430824,2.8903717578961645,0.48818609045308214,-0.3930858188024827,0.271550649577954,0,0,0
VN,Viet Nam,E - 29_14,Prepared and Preserved Vegetable Foods,E - K,"Food, beverages and tobacco",Entrepreneurial,8.0,27.0,2.6704913011516784,2.2120992161995683,0.35170257630742197,0.48148320393913,0,0,0,0,0,0,0.14933919285640435,0.2222347572924672,8.236201605932118,26.92581472762573,0,,3.3295515200937027,3.332204510175204,0.0026529900815011054,-0.17197339829574057,0.2720502342612094,0,0,0
VN,Viet Nam,E - 29_15,Plant-Based Protein Foods and Substitutes,E - K,"Food, beverages and tobacco",Entrepreneurial,4.0,14.0,0.20620558686596424,1.4705601092896174,0.26938281542478276,0.31748060869610173,0,0,0,0,0,0,0.14820149687196799,0.21699710393940558,6.839459726282521,21.529733804980236,0,,3.1148359392381013,2.70805020110221,-0.40678573813589125,0.4801538450237987,0.23966302525679842,0,0,0
VN,Viet Nam,E - 29_16,Processed and Prepared Seafood Products,E - K,"Food, beverages and tobacco",Entrepreneurial,22.0,30.0,9.182792888453266,3.1361094756648225,0.6034770664761059,0.5925174451860136,1,1,1,1,0,1,0.15440264422739636,0.2216323285426275,7.01229898927958,18.606815898170325,,0,2.975877255692136,3.4339872044851463,0.45810994879301026,-0.5565084078010684,0.27880087921988767,0,0,0
VN,Viet Nam,E - 29_17,Dairy and Dairy Alternative Beverages,E - K,"Food, beverages and tobacco",Entrepreneurial,8.0,69.0,1.3002532059135832,9.835030333153455,0.3027809041246045,0.6397199058110308,0,1,0,1,0,1,0.14661749435325006,0.22079107859019548,10.343526222270405,27.48900121310783,1,,3.3495180904403172,4.248495242049359,0.8989771516090421,-0.7842504233903458,0.27913857110111123,0,0,0
VN,Viet Nam,E - 29_18,"Processed Nuts, Seeds, and Snack Mixes",E - K,"Food, beverages and tobacco",Entrepreneurial,7.0,19.0,0.9883123689727463,3.281332670062178,0.34665114432762134,0.3949677659327236,0,0,0,0,0,0,0.14833506401416532,0.22129676218800523,7.2279517834935385,21.926442373499945,0,,3.1322909332189472,2.995732273553991,-0.1365586596649564,0.2133587321116213,0.24491440627303113,0,0,0
VN,Viet Nam,E - 29_19,Yogurt-Based and Probiotic Dairy Beverages,E - K,"Food, beverages and tobacco",Entrepreneurial,5.0,36.0,0.879979035639413,2.0646988672337545,0.2933353823098442,0.6571782192751146,0,1,0,1,0,1,0.1468970099581652,0.22446388000985878,6.730853120190936,16.056522852864838,1,,2.8365327025830447,3.6109179126442243,0.7743852100611797,0.13989530181431087,0.24156160337282614,0,0,0
VN,Viet Nam,E - 29_2,Artisanal Organic Food and Ingredients,E - K,"Food, beverages and tobacco",Entrepreneurial,11.0,63.0,2.460173840834218,9.241151492471547,0.27576143101512784,0.5350304950294583,0,1,0,1,0,1,0.14715416009791968,0.22233623131219366,15.24516278726012,33.12866967033248,1,,3.530137783850488,4.1588830833596715,0.6287452995091836,-1.1989376250723442,0.331621053335531,0,0,0
VN,Viet Nam,E - 29_20,Regionally-Specific Processed Japanese Foods,E - K,"Food, beverages and tobacco",Entrepreneurial,2.0,7.0,0.04386792452830189,1.233550305368049,0.2697952320899317,0.42824787855063645,0,0,0,0,0,0,0.14959904694565604,0.21766826050131996,3.7510951559856407,9.181526076690236,0,,2.320574909188695,2.0794415416798357,-0.2411333675088594,0.4089348061994356,0.21961973918168812,0,0,0
VN,Viet Nam,E - 29_21,Processed and Prepared Meat Products,E - K,"Food, beverages and tobacco",Entrepreneurial,4.0,21.0,1.3022012578616353,1.5718857908529034,0.20686164594214226,0.49396334047830454,0,0,0,0,0,0,0.15049978587427654,0.22048860411794047,9.34586400141339,22.60530201447346,0,,3.1614713484291506,3.091042453358316,-0.0704288950708345,-0.40674379009240397,0.2820390759367776,0,0,0
VN,Viet Nam,E - 29_3,Processed and Preserved Fruits and Vegetables,E - K,"Food, beverages and tobacco",Entrepreneurial,4.0,15.0,0.27763415829453564,0.9909197780838213,0.12642108547159883,0.40620833726743055,0,0,0,0,0,0,0.14231536207271933,0.21831860494601393,13.022333311563782,21.455465892695962,0,,3.111534054162186,2.772588722239781,-0.33894533192240495,-1.0347536081030346,0.3211319517452903,0,0,0
VN,Viet Nam,E - 29_4,"Edible Oils, Fats, and Spreads",E - K,"Food, beverages and tobacco",Entrepreneurial,4.0,16.0,0.44862982929020667,2.558929093246836,0.11932688243797133,0.2958505647527301,0,0,0,0,0,0,0.1428817574132106,0.2120947813104901,14.38274382668767,21.790645424110846,0,,3.1263501633528827,2.833213344056216,-0.2931368192966666,-1.5157565476403019,0.33084703196757176,0,0,0
VN,Viet Nam,E - 29_5,Processed and Prepared Fruit Products,E - K,"Food, beverages and tobacco",Entrepreneurial,5.0,19.0,1.4938679245283017,1.8606833918042043,0.26375385004592816,0.39706364580480114,0,0,0,0,0,0,0.14951480011071222,0.22134891768451878,8.532808150886375,24.692090637954824,0,,3.246183187256162,2.995732273553991,-0.2504509137021711,-0.46260909090974894,0.27964305777874676,0,0,0
VN,Viet Nam,E - 29_7,Meat and Poultry Products,E - K,"Food, beverages and tobacco",Entrepreneurial,5.0,23.0,1.8617250673854446,1.2203937156766176,0.14954528056091962,0.4662164141095934,0,0,0,0,0,0,0.14416782558686897,0.21728596849319845,13.440011764808101,21.3727262988313,0,,3.10784264106814,3.1780538303479458,0.07021118927980563,-1.3970617747651959,0.31623127533738066,0,0,0
VN,Viet Nam,E - 29_8,Dairy and Dairy-Based Food Products,E - K,"Food, beverages and tobacco",Entrepreneurial,4.0,46.0,1.3402964959568733,2.9457446188677405,0.11452975502527686,0.5411105696985832,0,1,0,1,0,1,0.1389460648340871,0.21146004730194745,14.716311459581876,22.833489920420256,1,,3.1710917310978326,3.8501476017100584,0.6790558706122258,-1.415810146797636,0.32871216732014386,0,0,0
VN,Viet Nam,E - 29_9,Functional Foods and Plant-based Dietary Supplements,E - K,"Food, beverages and tobacco",Entrepreneurial,4.0,7.0,0.44862982929020667,0.4211553473848556,0.3647077484780612,0.5250752374761265,0,1,0,1,0,0,0.14827395965054269,0.21697135769321318,4.026075228776654,5.81982322811025,1,,1.9198335518875231,2.0794415416798357,0.1596079897923126,1.4449011802688305,0.19822108032477417,0,0,0
VN,Viet Nam,E - 2_0,Lacquers and Varnishes for Surface Protection,E - C,Chemicals,Entrepreneurial,5.0,0.0,0.3222222222222222,0.0,0.32283955318088287,0.0,0,0,0,0,0,0,0.14832662228021426,0.20431022778486727,5.84156319628303,5.540318667738891,0,,1.8779858902359954,0.0,-1.8779858902359954,-0.18214275938729477,0.20932233612049378,0,0,0
VN,Viet Nam,E - 2_11,Industrial and Specialty Dyes and Colorants,E - C,Chemicals,Entrepreneurial,0.0,0.0,0.0,0.0,0.0,0.0,0,0,0,0,0,0,0.14200267518039375,0.19824184062181752,2.203781877644225,4.383292051311362,0,,1.6833000924840995,0.0,-1.6833000924840995,2.1432623989773676,0.13961015946934618,0,0,0
VN,Viet Nam,E - 2_3,"Colorants, Pigments, and Coloring Agents",E - C,Chemicals,Entrepreneurial,6.0,0.0,0.42222222222222217,0.0,0.3906667351652316,0.0,0,0,0,0,0,0,0.15032237021976544,0.20754313761920615,5.514211187525252,6.8368803856881915,0,,2.0588408451863787,0.0,-2.0588408451863787,1.4921332012798207,0.17977259674374937,0,0,0
VN,Viet Nam,E - 2_7,Metal Powders and Foils for Artists,E - C,Chemicals,Entrepreneurial,0.0,0.0,0.0,0.0,0.0,0.0,0,0,0,0,0,0,0.14389646311796903,0.20263140780111955,3.606714913317684,3.4796037888523768,0,,1.4995346025275387,0.0,-1.4995346025275387,1.2179046125655808,0.16873971610086466,0,0,0
VN,Viet Nam,E - 2_8,Wood Protection and Preservation Products,E - C,Chemicals,Entrepreneurial,5.0,0.0,0.3222222222222222,0.0,0.3623710846110285,0.0,0,0,0,0,0,0,0.14732865180245555,0.20757930173350572,4.6074637657813,4.09957537852279,0,,1.6291572771508693,0.0,-1.6291572771508693,1.1909032055152629,0.18201767967128715,0,0,0
VN,Viet Nam,E - 2_9,Building and Maintenance Chemical Materials,E - C,Chemicals,Entrepreneurial,5.0,0.0,0.3222222222222222,0.0,0.32216566467318464,0.0,0,0,0,0,0,0,0.15005256168498365,0.2132056154131824,6.109096335546689,7.363240940592127,0,,2.1238460242907444,0.0,-2.1238460242907444,1.159189486105022,0.1987074033732871,0,0,0
VN,Viet Nam,E - 30_0,Asian-Inspired Specialty Food Products,E - K,"Food, beverages and tobacco",Entrepreneurial,5.0,11.0,1.3867250673854445,2.664806141035649,0.3918330066450229,0.4295119289475972,0,0,0,0,0,0,0.14669573429453145,0.2108124512255115,4.439312063024502,11.076984277924263,0,,2.4913015154727556,2.4849066497880004,-0.006394865684755224,1.093946555542797,0.1956079372812,0,0,0
VN,Viet Nam,E - 30_1,"Culinary Spices, Seasonings, and Herbs",E - K,"Food, beverages and tobacco",Entrepreneurial,18.0,41.0,7.153391734052112,7.254811790924864,0.31886559066476894,0.40986064837593167,0,0,0,0,0,0,0.1446897354550017,0.19693792133986418,13.318978581427391,19.457250347707507,0,,3.0183373598844705,3.7376696182833684,0.7193322583988979,-2.020780870428353,0.3489093580791705,0,0,0
VN,Viet Nam,E - 30_10,Non-essential oil food and beverage flavorings,E - K,"Food, beverages and tobacco",Entrepreneurial,11.0,12.0,3.8938679245283017,0.8392862361039795,0.43685748832287935,0.3332673980999414,0,0,0,0,0,0,0.14995478582222635,0.21962480183878677,7.457438210119708,17.682774243509343,0,,2.9276019358800642,2.5649493574615367,-0.3626525784185275,0.28310853339670294,0.24216253106956853,0,0,0
VN,Viet Nam,E - 30_11,"Sauces, Seasonings, and Condiments",E - K,"Food, beverages and tobacco",Entrepreneurial,16.0,44.0,7.403391734052111,7.019891156004228,0.28373955621576713,0.41800302834320524,0,0,0,0,0,0,0.13871132756368318,0.19787522257194884,13.122857170541133,21.575909919293416,0,,3.116883404993241,3.8066624897703196,0.6897790847770788,-1.8240497192879928,0.34253067813383864,0,0,0
VN,Viet Nam,E - 30_12,"Coffee, Tea, Cocoa, and Substitutes",E - K,"Food, beverages and tobacco",Entrepreneurial,11.0,46.0,2.7438679245283013,3.8416093679294208,0.23016300052833713,0.5379410922256106,0,1,0,1,0,1,0.1390035513175606,0.21656136444954255,13.735259407024808,26.89784460038294,1,,3.3285494313764787,3.8501476017100584,0.5215981703335797,-1.8843518682872942,0.33401277814735536,0,0,0
VN,Viet Nam,E - 30_13,Baking Mixes and Ingredients,E - K,"Food, beverages and tobacco",Entrepreneurial,8.0,13.0,2.477201257861635,4.170938897168405,0.19930287391477639,0.21889463545644952,0,0,0,0,0,0,0.13992090958030823,0.20074579161446993,11.892844527247266,17.21887312046966,0,,2.9024580414267804,2.6390573296152584,-0.263400711811522,-1.965642030326732,0.33882530636302044,0,0,0
VN,Viet Nam,E - 30_14,Bakery and Confectionery Food Products,E - K,"Food, beverages and tobacco",Entrepreneurial,6.0,14.0,3.186725067385445,1.0404810004810006,0.15811397672505337,0.34805870241309544,0,0,0,0,0,0,0.14034904618032548,0.21963641941697712,12.554392267390474,18.547706179735382,0,,2.9728579485877322,2.70805020110221,-0.26480774748552216,-1.5173714166563914,0.312268112846088,0,0,0
VN,Viet Nam,E - 30_15,Rice-based Food Products and Dishes,E - K,"Food, beverages and tobacco",Entrepreneurial,23.0,58.0,11.453391734052111,16.257920276642043,0.46709728845582116,0.5920223594437085,0,1,0,1,0,1,0.14968793065309088,0.22616459045754453,11.84966914065039,30.280595714693156,1,,3.4429979600831415,4.07753744390572,0.6345394838225782,-1.082137167813861,0.28638168315538515,0,0,0
VN,Viet Nam,E - 30_16,Sweet Baked Goods and Desserts,E - K,"Food, beverages and tobacco",Entrepreneurial,29.0,23.0,4.898629829290208,3.1770206940760413,0.4678489946669122,0.3916715954760936,0,0,0,0,0,0,0.15099416811044014,0.21646061207656736,16.221560936692466,37.764198823092414,0,,3.657497109924582,3.1780538303479458,-0.47944327957663635,-1.3935724490664705,0.3260211429961285,0,0,0
VN,Viet Nam,E - 30_17,"Food, Ingredients, and Related Goods",E - K,"Food, beverages and tobacco",Entrepreneurial,19.0,57.0,6.06096749162787,12.731681482756187,0.2947392261926569,0.4647756602697244,0,0,0,0,0,0,0.13569387196948215,0.21221394722869338,14.119781937874844,38.43950129049179,0,,3.674767884890082,4.060443010546419,0.3856751256563369,-1.8039251272169012,0.3468363310187398,0,0,0
VN,Viet Nam,E - 30_18,Specialty Tea and Tea-Based Beverages,E - K,"Food, beverages and tobacco",Entrepreneurial,34.0,72.0,5.632396063056442,11.434427014903077,0.5870353663551963,0.6355387342985935,1,1,1,1,0,1,0.15051825131279503,0.22171959999750865,11.124534982493078,33.4534535578189,,0,3.5396092408478714,4.290459441148391,0.7508502003005195,-0.377561290371655,0.26359246355830895,0,0,0
VN,Viet Nam,E - 30_19,"Pasta, Noodle, and Rice-Based Foods",E - K,"Food, beverages and tobacco",Entrepreneurial,27.0,53.0,17.92005840071878,14.691253609975375,0.564279697089648,0.5350661850961643,1,1,1,1,0,1,0.14710905227601562,0.21475794374067705,9.36949001325155,24.200570882649842,,0,3.2268666483341844,3.9889840465642745,0.7621173982300902,-1.1908717227733447,0.3028271877527934,0,0,0
VN,Viet Nam,E - 30_2,Sugary Confectionery and Candy Products,E - K,"Food, beverages and tobacco",Entrepreneurial,28.0,40.0,4.7819631626235415,4.688284355819244,0.47856541362984045,0.5207575409830186,0,1,0,1,0,0,0.14604460229427602,0.217801001056728,13.555581958324783,35.408056583713844,1,,3.5947900848691936,3.713572066704308,0.11878198183511435,-0.5695244219637464,0.2945187261122882,0,0,0
VN,Viet Nam,E - 30_20,Functional Foods and Nutritional Supplements,E - K,"Food, beverages and tobacco",Entrepreneurial,4.0,20.0,0.28196316262354,2.1236296704474134,0.11708115131598457,0.2701678133860718,0,0,0,0,0,0,0.1376096877400313,0.20219413275375703,12.43886250418047,19.553130829661473,0,,3.0230132811462296,3.044522437723423,0.021509156577193433,-1.7509924214742683,0.34376735344514175,0,0,0
VN,Viet Nam,E - 30_3,Chocolate and Confectionery Food Products,E - K,"Food, beverages and tobacco",Entrepreneurial,25.0,23.0,3.4486298292902062,1.925665787924708,0.45790419010493855,0.37943316590055287,0,0,0,0,0,0,0.14988454923442035,0.21490753794348647,14.679696821000224,30.00575787289962,0,,3.4341729250734816,3.1780538303479458,-0.25611909472553585,-1.353300749477776,0.32813277277761105,0,0,0
VN,Viet Nam,E - 30_4,Coffee and Coffee-Based Products,E - K,"Food, beverages and tobacco",Entrepreneurial,62.0,82.0,25.549062729723097,16.210585170473003,0.7038808602003022,0.662325045000419,1,1,1,1,1,1,0.1512696481946833,0.21706033692748672,11.87332175453286,31.406064487015904,,0,3.478345580808313,4.418840607796598,0.9404950269882852,-1.1303198907566838,0.3065058619716823,0,0,0
VN,Viet Nam,E - 30_6,Savory Filled or Wrapped Baked Goods,E - K,"Food, beverages and tobacco",Entrepreneurial,26.0,35.0,3.42243935309973,9.54493683401264,0.5003320573179616,0.45374357134875265,1,0,1,0,0,0,0.1473543649079458,0.21805599545617385,12.100704030552006,31.67590359468224,,1,3.486637913135028,3.58351893845611,0.09688102532108189,-0.4699240084465228,0.28930198565694665,0,0,0
VN,Viet Nam,E - 30_7,Frozen Desserts and Edible Ices,E - K,"Food, beverages and tobacco",Entrepreneurial,6.0,44.0,2.127201257861635,2.8973721579952794,0.15778063446703253,0.48808850687687405,0,0,0,0,0,0,0.1439718857167322,0.2057333651016028,17.635887411594425,26.318218925142833,0,,3.3075538395006654,3.8066624897703196,0.49910865026965423,-1.688193484139864,0.34129794860242135,0,0,0
VN,Viet Nam,E - 30_8,Cereal-based and grain-derived food products,E - K,"Food, beverages and tobacco",Entrepreneurial,51.0,76.0,21.0943008249612,10.675282216632892,0.5396524271626801,0.5515455531455743,1,1,1,1,0,1,0.14925439920246875,0.2136785264953895,18.370046776799867,36.333414444610014,,0,3.619888755248107,4.343805421853684,0.723916666605577,-1.8564070485786108,0.3336020685063552,0,0,0
VN,Viet Nam,E - 30_9,Grain-Based and Savory Snack Foods,E - K,"Food, beverages and tobacco",Entrepreneurial,24.0,20.0,3.065296495956873,1.596990160719669,0.5526437408510537,0.4038714742415796,1,0,1,0,0,0,0.1461565174125884,0.2142703693097579,8.39132910263397,26.91080023391775,,1,3.3290137190797906,3.044522437723423,-0.2844912813563676,0.0642846738711143,0.25505473664484707,0,0,0
VN,Viet Nam,E - 31_10,"Live Plants, Flowers, and Propagation Materials",E - A,Agriculture,Entrepreneurial,2.0,1.0,0.04386792452830189,0.01639344262295082,0.1699339139981079,0.14102112784443452,0,0,0,0,0,0,0.14477879128948137,0.20866290548477676,5.198353558790755,10.459913660270104,0,,2.4388551772503684,0.6931471805599453,-1.745707996690423,-0.18310483704148406,0.23692314364451528,0,0,0
VN,Viet Nam,E - 31_13,Pet Food and Edible Pet Treats,E - K,"Food, beverages and tobacco",Entrepreneurial,1.0,4.0,0.018867924528301886,1.1830601092896174,0.15201143294176583,0.1973021124989913,0,0,0,0,0,0,0.1464216400035964,0.21623291853802892,3.8863170131608844,12.425695187193481,0,,2.5971704220854055,1.6094379124341003,-0.9877325096513052,0.9724795118823192,0.21053186806262947,0,0,0
VN,Viet Nam,E - 31_2,Fresh Fruits and Vegetables Products,E - K,"Food, beverages and tobacco",Entrepreneurial,4.0,7.0,1.543867924528302,0.9936952329042807,0.22853317853086785,0.3386773186057644,0,0,0,0,0,0,0.14554688119321174,0.20328545598038308,6.808962476164498,9.626699607158448,0,,2.3633696650444374,2.0794415416798357,-0.2839281233646016,-0.5390555906868736,0.2550940376786714,0,0,0
VN,Viet Nam,E - 31_3,Fresh and Unprocessed Vegetables and Herbs,E - K,"Food, beverages and tobacco",Entrepreneurial,3.0,3.0,0.5438679245283019,0.32521697203471556,0.37521190957904255,0.22491553956399143,0,0,0,0,0,0,0.14664042791939025,0.2098373290234134,2.8860215371047393,6.9539786809297865,0,,2.0736722664864313,1.3862943611198906,-0.6873779053665408,0.20319296305823287,0.22232561403122908,0,0,0
VN,Viet Nam,E - 31_4,Live Animals and Breeding Products,E - A,Agriculture,Entrepreneurial,4.0,4.0,1.0188679245283019,0.18487170349251603,0.27706175955498874,0.2910490339176826,0,0,0,0,0,0,0.14916745647788118,0.21043219010255873,5.520569712394914,5.854420130795441,0,,1.9248937187426933,1.6094379124341003,-0.31545580630859305,-0.6210852456359336,0.26032977037500027,0,0,0
VN,Viet Nam,E - 31_6,Seeds and Plant Propagation Materials,E - A,Agriculture,Entrepreneurial,3.0,7.0,0.12720125786163522,2.684871703492516,0.20435155833090196,0.33084198463499254,0,0,0,0,0,0,0.14908864686420206,0.20917772854772582,6.7677554726962725,8.51656403101445,0,,2.253033862543646,2.0794415416798357,-0.17359232086381038,-0.6638583364905873,0.25408194871836426,0,0,0
VN,Viet Nam,E - 31_7,Natural Agricultural and Food Products,E - A,Agriculture,Entrepreneurial,2.0,5.0,0.04386792452830189,1.184871703492516,0.1641837003158704,0.2677749077852172,0,0,0,0,0,0,0.14712202548512052,0.2174758695477253,5.983653314777495,10.88935011873088,0,,2.4756430514066174,1.791759469228055,-0.6838835821785625,0.06414166268536912,0.25734391995021855,0,0,0
VN,Viet Nam,E - 31_9,Unprocessed Agricultural Crops and Products,E - K,"Food, beverages and tobacco",Entrepreneurial,2.0,1.0,0.04386792452830189,0.01639344262295082,0.29753914859088026,0.2644698501221777,0,0,0,0,0,0,0.1445480056839888,0.2138101025654517,2.5015299637404165,7.74416239357524,0,,2.168386322702608,0.6931471805599453,-1.4752391421426627,-0.33069647605396374,0.24889961312689268,0,0,0
VN,Viet Nam,E - 32_0,Non-alcoholic and Low-alcoholic Beverages,E - K,"Food, beverages and tobacco",Entrepreneurial,3.0,76.0,0.7777777777777777,9.882788027815174,0.16554155157988748,0.6465733815518345,0,1,0,1,0,1,0.13641088800569326,0.2165025210519137,7.398616198805505,28.624636675423794,1,,3.3886063352593747,4.343805421853684,0.9551990865943094,-0.7327911789809837,0.31367139272070027,0,0,0
VN,Viet Nam,E - 32_1,Fruit and Vegetable Juice Beverages,E - K,"Food, beverages and tobacco",Entrepreneurial,4.0,66.0,0.9777777777777776,7.24786739289454,0.11792249017533603,0.6049561452222938,0,1,0,1,0,1,0.12612380909224383,0.21497058210114303,10.654554112857888,28.65872906265575,1,,3.38975648557779,4.204692619390966,0.8149361338131755,-0.943440847933491,0.32405451963604887,0,0,0
VN,Viet Nam,E - 32_11,Nutritionally Enhanced Sports and Energy Drinks,E - K,"Food, beverages and tobacco",Entrepreneurial,1.0,33.0,0.2,4.920547866630317,0.09483972845391,0.5888222211826184,0,1,0,1,0,0,0.14497825736099973,0.22029255969171058,6.604915856831395,18.210054300140115,1,,2.955433803436549,3.5263605246161616,0.5709267211796125,0.7771419986606801,0.25473999898264726,0,0,0
VN,Viet Nam,E - 32_2,Beer and Beer-Related Products,E - K,"Food, beverages and tobacco",Entrepreneurial,6.0,49.0,5.2,30.171644272169107,0.18666403846045027,0.5825891630499329,0,1,0,1,0,1,0.13147586148803994,0.20600946796953742,9.999610663287257,20.34809843806572,1,,3.060962669575257,3.912023005428146,0.851060335852889,-1.361078324563682,0.325394309484402,0,0,0
VN,Viet Nam,E - 32_4,Food and Beverage Products and Services,E - K,"Food, beverages and tobacco",Entrepreneurial,0.0,9.0,0.0,0.7182719562661704,0.0,0.37148704924195103,0,0,0,0,0,0,0.14157481028925117,0.2221734685442332,4.249912868699816,10.443633964627724,0,,2.437433589760897,2.302585092994046,-0.13484849676685107,0.024294895268790303,0.26383487531838584,0,0,0
VN,Viet Nam,E - 32_7,Bottled and Enhanced Drinking Water Beverages,E - K,"Food, beverages and tobacco",Entrepreneurial,3.0,61.0,0.7777777777777777,7.0995075226306446,0.10224538178747304,0.6512715920813082,0,1,0,1,0,1,0.1264762245145507,0.20963283962021567,9.29837532702646,22.054795059086242,1,,3.1378737764014732,4.127134385045092,0.9892606086436184,-1.0521985719089522,0.34049971809747426,0,0,0
VN,Viet Nam,E - 32_8,Preparations for Making Beverages,E - K,"Food, beverages and tobacco",Entrepreneurial,0.0,28.0,0.0,2.1288214134854564,0.0,0.4829830317878817,0,0,0,0,0,0,0.12684109943247213,0.21734069001916342,11.97139972587966,25.168337621125133,0,,3.26455019221358,3.367295829986474,0.10274563777289414,-0.9098087959267187,0.3114613662828907,0,0,0
VN,Viet Nam,E - 33_10,Distilled Spirits and Alcoholic Beverages,E - K,"Food, beverages and tobacco",Entrepreneurial,1.0,1.0,0.16666666666666666,0.2222222222222222,0.09467211085812893,0.05869065839432456,0,0,0,0,0,0,0.1384483794890353,0.19330217318697202,6.61118503740469,13.242537225688533,0,,2.6562330660736517,0.6931471805599453,-1.9630858855137063,0.08019153404464793,0.2440386428857353,0,0,0
VN,Viet Nam,E - 33_12,Flavored and Infused Alcoholic Beverages,E - K,"Food, beverages and tobacco",Entrepreneurial,0.0,0.0,0.0,0.0,0.0,0.0,0,0,0,0,0,0,0.14209767715597862,0.19720614086209992,5.850996767307874,12.314726020264324,0,,2.588870642280952,0.0,-2.588870642280952,0.6771162739901667,0.22844148535552983,0,0,0
VN,Viet Nam,E - 33_13,Wines and Wine-Related Beverages,E - K,"Food, beverages and tobacco",Entrepreneurial,1.0,1.0,0.16666666666666666,0.05263157894736842,0.0696515875466996,0.07027719390240388,0,0,0,0,0,0,0.13816525249829867,0.20141689829281584,8.470852519922365,17.6166402657566,0,,2.924055818713056,0.6931471805599453,-2.2309086381531107,0.00850318654405856,0.21443733082386376,0,0,0
VN,Viet Nam,E - 33_14,Agricultural and Food Products and Services,E - K,"Food, beverages and tobacco",Entrepreneurial,1.0,1.0,0.16666666666666666,0.05263157894736842,0.10951588307442453,0.19650847932923465,0,0,0,0,0,0,0.14266358857825148,0.2005506766962382,5.4814573075283715,9.982056816316604,0,,2.3962627424288563,0.6931471805599453,-1.7031155618689109,0.08940982404814779,0.2721614600615433,0,0,0
VN,Viet Nam,E - 33_9,Alcoholic Beverages and Related Preparations,E - K,"Food, beverages and tobacco",Entrepreneurial,1.0,2.0,0.16666666666666666,0.27485380116959063,0.106549618058062,0.1458513201619922,0,0,0,0,0,0,0.14291043629296993,0.19960902847008,5.901971364373802,15.070615008879273,0,,2.7769924496381075,1.0986122886681098,-1.6783801609699978,0.16598884482154905,0.2677713689742675,0,0,0
VN,Viet Nam,E - 34_0,Diverse Consumer and Industrial Goods,E - D,Clothing,Entrepreneurial,0.0,2.0,0.0,0.4242424242424242,0.0,0.11222805690862944,0,0,0,0,0,0,0.11537546853612754,0.18844585020968285,4.245919709682662,13.616657783454361,0,,2.682161822404472,1.0986122886681098,-1.583549533736362,0.3853021373281636,0.18851521964689294,0,0,0
VN,Viet Nam,E - 34_1,"Tobacco, smoking devices, and accessories",E - K,"Food, beverages and tobacco",Entrepreneurial,0.0,1.0,0.0,0.09090909090909091,0.0,0.08140080999728642,0,0,0,0,0,0,0.13342079811575264,0.19221207499875084,6.2381254561488975,8.826541818446227,0,,2.2850870735295308,0.6931471805599453,-1.5919398929695854,-0.6604528346339368,0.19696628157759813,0,0,0
VN,Viet Nam,E - 34_5,Electronic Cigarettes and Vaping Products,E - K,"Food, beverages and tobacco",Entrepreneurial,0.0,1.0,0.0,0.09090909090909091,0.0,0.04591578077020045,0,0,0,0,0,0,0.13267580142498256,0.19481486011998578,1.106227439682293,20.85569716403752,0,,3.0844616273277765,0.6931471805599453,-2.391314446767831,0.8718590345348994,0.16143445704792544,0,0,0
VN,Viet Nam,E - 34_6,Smoking and Tobacco-Related Accessories,E - K,"Food, beverages and tobacco",Entrepreneurial,0.0,3.0,0.0,0.7575757575757576,0.0,0.23194452979877975,0,0,0,0,0,0,0.12766648638003533,0.18662883980648598,2.021362306745633,8.713199566057376,0,,2.2734857404932125,1.3862943611198906,-0.8871913793733219,1.098115902661682,0.16692449821239438,0,0,0
VN,Viet Nam,E - 34_7,Smoking Accessories and Cigarette Products,E - K,"Food, beverages and tobacco",Entrepreneurial,0.0,4.0,0.0,1.7575757575757573,0.0,0.2902753163107178,0,0,0,0,0,0,0.12659748413400668,0.1846223028639998,5.055793897958998,16.683536067210984,0,,2.8726340410129296,1.6094379124341003,-1.2631961285788293,0.18638387762609718,0.1992236502852539,0,0,0
VN,Viet Nam,E - 34_8,Tobacco Products and Smoking Goods,E - K,"Food, beverages and tobacco",Entrepreneurial,0.0,2.0,0.0,0.4242424242424242,0.0,0.2871149237404084,0,0,0,0,0,0,0.11790369946015081,0.18735296575594193,5.149932475333472,17.40342637621594,0,,2.9125368633775666,1.0986122886681098,-1.8139245747094568,-0.2425518490416479,0.19926501430633842,0,0,0
VN,Viet Nam,E - 35_0,Business Support and Administrative Services,E - B,Business services,Entrepreneurial,9.0,33.0,2.4060041407867496,3.634012384748422,0.08840890899705439,0.1730474539325363,0,0,0,0,0,0,0.1360524738279583,0.20344893467329986,53.47313238136311,115.89711148937268,0,,4.761294158928712,3.5263605246161616,-1.2349336343125508,0.034886566205003154,0.3189628229621255,0,0,0
VN,Viet Nam,E - 35_1,Business and Commercial Management Services,E - B,Business services,Entrepreneurial,5.0,17.0,0.6226708074534162,2.2396681749622926,0.055626310305468635,0.10881742043191943,0,0,0,0,0,0,0.13354578408175022,0.2020718991735577,46.79682934422061,100.68317778305388,0,,4.621861879176612,2.8903717578961645,-1.7314901212804479,0.0030485461832478757,0.3177049616481217,0,0,0
VN,Viet Nam,E - 35_10,Service-Based Sales and Distribution Facilitation,E - B,Business services,Entrepreneurial,2.0,1.0,1.0833333333333333,0.08333333333333333,0.10394548388638362,0.059930171428741484,0,0,0,0,0,0,0.14743174524511327,0.20880468261663926,13.116799635121069,24.19433614936569,0,,3.2266192132784157,0.6931471805599453,-2.5334720327184703,0.9808740278353981,0.24161740742380575,0,0,0
VN,Viet Nam,E - 35_11,Automotive Parts and Services Commerce,E - B,Business services,Entrepreneurial,0.0,21.0,0.0,3.2786495223566168,0.0,0.4813325462616634,0,0,0,0,0,0,0.13959150263389572,0.2113683283459498,5.01539826814243,15.300759613379464,0,,2.791211708774695,3.091042453358316,0.299830744583621,1.7615639589256702,0.19895832704934457,0,0,0
VN,Viet Nam,E - 35_12,Commercial and Advertising Event Organization,E - B,Business services,Entrepreneurial,5.0,14.0,0.5726708074534161,1.4025533290239174,0.11075392417888033,0.16887190463528887,0,0,0,0,0,0,0.13748973490336244,0.2085205973324291,24.111446369911747,61.64547454410254,0,,4.137491444800161,2.70805020110221,-1.429441243697951,1.1622339709930074,0.2577603452028963,0,0,0
VN,Viet Nam,E - 35_13,Retail and Wholesale Services for Goods,E - B,Business services,Entrepreneurial,0.0,11.0,0.0,3.949121614819289,0.0,0.2222010225152179,0,0,0,0,0,0,0.1425075889798324,0.21336106051860837,7.350056598275482,38.29333826109729,0,,3.6710549946110462,2.4849066497880004,-1.1861483448230459,0.9710670956289986,0.2540760822938029,0,0,0
VN,Viet Nam,E - 35_14,Business Data Management and Processing Services,E - B,Business services,Entrepreneurial,1.0,8.0,0.07692307692307693,0.3617789144643365,0.024779220006980667,0.1298887579757519,0,0,0,0,0,0,0.13892062119548323,0.2085832871464732,27.984703757248987,78.28819245628486,0,,4.373089220408051,2.1972245773362196,-2.1758646430718316,1.2424244289673645,0.24789236240592263,0,0,0
VN,Viet Nam,E - 35_16,Personnel Recruitment and Human Resources Services,E - B,Business services,Entrepreneurial,3.0,1.0,0.8333333333333333,0.16666666666666666,0.1121325183742162,0.04702699338010759,0,0,0,0,0,0,0.13867914429343103,0.2053294206163602,15.49582397984088,39.84159047816741,0,,3.7097009366656697,0.6931471805599453,-3.0165537561057243,1.266892841503387,0.22749810315064994,0,0,0
VN,Viet Nam,E - 35_17,Commercial Trade and Intermediary Services,E - B,Business services,Entrepreneurial,9.0,26.0,3.822670807453416,3.609892780609925,0.19572180364412473,0.3404914237526787,0,0,0,0,0,0,0.14423656305327742,0.21003765426913198,21.69796847265566,56.7778866549349,0,,4.056606118649813,3.295836866004329,-0.7607692526454839,0.10051333820848615,0.290375389868686,0,0,0
VN,Viet Nam,E - 35_18,Market and Business Analysis Services,E - B,Business services,Entrepreneurial,1.0,17.0,0.25,1.5234413462354637,0.027787185384833792,0.21628114058418527,0,0,0,0,0,0,0.14001935250111303,0.21053851701870555,24.559728234299904,69.05104492690211,0,,4.249224189544025,2.8903717578961645,-1.3588524316478603,1.0626947384006735,0.2581198183714833,0,0,0
VN,Viet Nam,E - 35_19,Online Commercial and Marketplace Services,E - B,Business services,Entrepreneurial,0.0,17.0,0.0,1.3840783541550805,0.0,0.17610954049138242,0,0,0,0,0,0,0.1395380096247604,0.2051014752243271,28.84466453063405,98.11556256517477,0,,4.596286468009382,2.8903717578961645,-1.705914710113217,0.8102549806107218,0.27729260480679424,0,0,0
VN,Viet Nam,E - 35_2,Retail and Wholesale of Electronic Goods,E - B,Business services,Entrepreneurial,3.0,7.0,0.3291925465838509,0.614455323023098,0.11015530500843443,0.1522639343165936,0,0,0,0,0,0,0.1450727381244806,0.2079030071377071,17.609809604020057,42.624394703747825,0,,3.7756165054406097,2.0794415416798357,-1.696174963760774,1.3373030561551302,0.25547156777363095,0,0,0
VN,Viet Nam,E - 35_20,Beauty and Personal Care Retail Services,E - B,Business services,Entrepreneurial,0.0,5.0,0.0,0.43655185394315826,0.0,0.24251234342878566,0,0,0,0,0,0,0.13956056533637703,0.2131212168344374,3.7418934023221615,19.51838631233759,0,,3.0213213774606715,1.791759469228055,-1.2295619082326166,1.211110482242447,0.22945145144694898,0,0,0
VN,Viet Nam,E - 35_21,Advertising and Marketing Services for Others,E - B,Business services,Entrepreneurial,6.0,62.0,0.649593884376493,5.996296803368099,0.057794078409855516,0.27190392141200076,0,0,0,0,0,0,0.13289503807261752,0.2057629598157164,49.381283817654015,119.22088391886767,0,,4.789330750094947,4.143134726391533,-0.6461960237034141,-0.27919659742783254,0.32558965947561164,0,0,0
VN,Viet Nam,E - 35_23,Retail and Distribution of Health Products,E - B,Business services,Entrepreneurial,0.0,12.0,0.0,2.232367149758454,0.0,0.35890892547126324,0,0,0,0,0,0,0.14665141512487465,0.21397309015761753,5.276690223609655,24.463045135113752,0,,3.2372281906556575,2.5649493574615367,-0.6722788331941207,1.0825438370865583,0.22187558157179632,0,0,0
VN,Viet Nam,E - 35_24,Retail Services for Fashion and Apparel,E - B,Business services,Entrepreneurial,0.0,8.0,0.0,1.6063242313242314,0.0,0.2412487686962495,0,0,0,0,0,0,0.1436731877387193,0.21074105855420874,7.918835007227257,24.62037083012998,0,,3.2433877706077867,2.1972245773362196,-1.0461631932715671,1.0393006326628165,0.23820586517704095,0,0,0
VN,Viet Nam,E - 35_25,Business Consulting and Advisory Services,E - B,Business services,Entrepreneurial,3.0,22.0,0.7833333333333332,2.3483686248392126,0.050680089283961824,0.18115111013674554,0,0,0,0,0,0,0.1343440602984941,0.2037690344810508,33.557718245374815,99.43054693356495,0,,4.60946641330862,3.1354942159291497,-1.47397219737947,0.8060766096207421,0.27202051727835125,0,0,0
VN,Viet Nam,E - 35_26,Wholesale and retail trade services,E - B,Business services,Entrepreneurial,0.0,11.0,0.0,4.658008658008658,0.0,0.3231246397887103,0,0,0,0,0,0,0.13927063260497313,0.22006617526483788,3.142230294670673,20.33916032616064,0,,3.0605438976843247,2.4849066497880004,-0.5756372478963243,1.117380227308783,0.24261902226156545,0,0,0
VN,Viet Nam,E - 35_3,Customer Loyalty Services for Retailers,E - B,Business services,Entrepreneurial,0.0,0.0,0.0,0.0,0.0,0.0,0,0,0,0,0,0,0.06298817198906434,0.06632723191935747,0.004626450296488819,0.004743313397516083,0,,0.004732099333753527,0.0,-0.004732099333753527,6.163911244604097,0.010057309039644602,0,0,0
VN,Viet Nam,E - 35_4,"Marketing, Promotion, and Loyalty Program Services",E - B,Business services,Entrepreneurial,4.0,16.0,0.3726708074534161,1.4529877056731277,0.07460470419490944,0.15203904682605685,0,0,0,0,0,0,0.13571621084553498,0.20357869964347997,30.276882094654272,93.46096634793084,0,,4.548186694649931,2.833213344056216,-1.7149733505937146,0.6916724934953326,0.2845100664388858,0,0,0
VN,Viet Nam,E - 35_9,Food and Beverage Retail and Wholesale Services,E - B,Business services,Entrepreneurial,1.0,27.0,0.08333333333333333,6.977286075720611,0.09559499329832673,0.5044807412830776,0,1,0,1,0,0,0.14858680399462224,0.22070708582678644,7.348982658841247,22.308453940422517,1,,3.1488161248257978,3.332204510175204,0.18338838534940605,0.3628034306730028,0.2781931156466171,0,0,0
VN,Viet Nam,E - 36_0,Real Estate Leasing and Rental Services,E - B,Business services,Entrepreneurial,2.0,16.0,0.2857142857142857,4.774801587301587,0.1857457107313712,0.5148308512766554,0,1,0,1,0,0,0.14503896331272212,0.2123728831397692,5.833616165598937,12.991585805497529,1,,2.6384561350409768,2.833213344056216,0.1947572090152394,0.9848124919278587,0.2330529584177776,0,0,0
VN,Viet Nam,E - 36_1,Electronic Payment and Money Transfer Services,E - B,Business services,Entrepreneurial,3.0,9.0,0.37896825396825395,0.4373482726423903,0.208431155436774,0.37812838737765164,0,0,0,0,0,0,0.13709515815096343,0.2004917072925152,6.111642108456567,20.470151508932346,0,,3.0666636686395377,2.302585092994046,-0.7640785756454918,0.7029097335672612,0.2787011269021603,0,0,0
VN,Viet Nam,E - 36_10,Real Estate Management and Leasing Services,E - B,Business services,Entrepreneurial,6.0,11.0,0.7523809523809524,1.2430555555555556,0.31413059868737836,0.5062872579718015,0,1,0,1,0,0,0.14451882661856186,0.2094343711216332,7.274160682595966,15.018769700261599,1,,2.7737611409546363,2.4849066497880004,-0.288854491166636,0.859720133031872,0.2506839185036865,0,0,0
VN,Viet Nam,E - 36_11,Payment and Card-Based Financial Services,E - B,Business services,Entrepreneurial,3.0,7.0,0.5666666666666667,0.3944911297852475,0.2197102559163317,0.29383816379103705,0,0,0,0,0,0,0.1381753777427954,0.20357047558679212,5.842676979290262,14.087802189157431,0,,2.713886615330439,2.0794415416798357,-0.6344450736506033,1.2754575874264829,0.2585724275935225,0,0,0
VN,Viet Nam,E - 36_12,Banking and Financial Transaction Services,E - B,Business services,Entrepreneurial,19.0,14.0,5.574206349206349,2.159830862516284,0.34104201078464036,0.3105322481872912,0,0,0,0,0,0,0.1313988131836616,0.1898888107831745,14.127579577712412,30.089149602798738,0,,3.436858870940015,2.70805020110221,-0.7288086698378051,-0.40251812198936,0.3174293002441489,0,0,0
VN,Viet Nam,E - 36_13,Issuance of Payment and Loyalty Instruments,E - B,Business services,Entrepreneurial,0.0,1.0,0.0,0.05263157894736842,0.0,0.07160471944884439,0,0,0,0,0,0,0.14131391490385123,0.2092617609095538,4.652072967667021,12.523673726351412,0,,2.604441759026029,0.6931471805599453,-1.9112945784660837,1.5539637165692386,0.2308812921599819,0,0,0
VN,Viet Nam,E - 36_14,Loan and Financing Services,E - B,Business services,Entrepreneurial,8.0,16.0,1.1206349206349207,1.6252811730752905,0.33851897441120216,0.4267447409547122,0,0,0,0,0,0,0.13784486570654889,0.19495058003723073,7.2487379436127535,21.7769310526305,0,,3.1257482278120956,2.833213344056216,-0.29253488375587944,0.7954278873091312,0.276731579362417,0,0,0
VN,Viet Nam,E - 36_15,Financial and Asset Valuation Services,E - B,Business services,Entrepreneurial,4.0,9.0,0.5218253968253967,0.5093979620833841,0.2242324236679324,0.2683657843534527,0,0,0,0,0,0,0.14239017382548164,0.20335219894170034,8.255312871689899,22.821956735740144,0,,3.170607707309807,2.302585092994046,-0.8680226143157612,0.6896902143411686,0.27067643283762866,0,0,0
VN,Viet Nam,E - 36_17,Securities Trading and Brokerage Services,E - B,Business services,Entrepreneurial,4.0,9.0,0.44285714285714284,0.6163526016467193,0.25734144199738573,0.36043852725540765,0,0,0,0,0,0,0.14294384885596154,0.1923912604989277,6.891044565456747,17.083282154617976,0,,2.8949878735890797,2.302585092994046,-0.5924027805950338,1.1581496548005528,0.28150251956719186,0,0,0
VN,Viet Nam,E - 36_18,Investment and Asset Management Services,E - B,Business services,Entrepreneurial,9.0,10.0,1.1075396825396826,0.9810712163653341,0.34380038975030985,0.31297566531864024,0,0,0,0,0,0,0.14027674722673614,0.19129059644600077,8.49113722173978,21.973082156852378,0,,3.1343231895388883,2.3978952727983707,-0.7364279167405177,0.9407843358439296,0.2612780613029962,0,0,0
VN,Viet Nam,E - 36_19,Digital and Online Financial Service Provision,E - B,Business services,Entrepreneurial,3.0,0.0,0.7777777777777778,0.0,0.3576743298201327,0.0,0,0,0,0,0,0,0.13839372892741736,0.19811928646697227,2.901240998420935,5.749497784295643,0,,1.9094680997898767,0.0,-1.9094680997898767,1.2007145459962354,0.2018729057269291,0,0,0
VN,Viet Nam,E - 36_20,Blockchain-Based Financial and Payment Services,E - B,Business services,Entrepreneurial,0.0,2.0,0.0,0.19047619047619047,0.0,0.14367252287974644,0,0,0,0,0,0,0.11367750618399088,0.19854430979455046,0.1383691385577095,12.692687551622942,0,,2.6168619349799913,1.0986122886681098,-1.5182496463118815,1.6892532178978146,0.24236606321261703,0,0,0
VN,Viet Nam,E - 36_21,Credit and Debt Management Services,E - B,Business services,Entrepreneurial,4.0,4.0,0.42500000000000004,0.33333333333333337,0.29020055974611875,0.32585386157356333,0,0,0,0,0,0,0.13815827101790285,0.20501653746449572,5.2378663526895135,14.064184261268899,0,,2.712320023175216,1.6094379124341003,-1.1028821107411158,1.0378116389878236,0.2516783712829452,0,0,0
VN,Viet Nam,E - 36_3,Insurance and Risk Management Services,E - B,Business services,Entrepreneurial,14.0,17.0,2.26468253968254,2.9850394703335876,0.30173090021105653,0.3588283735142379,0,0,0,0,0,0,0.13487333985305325,0.19689483564005175,13.98366081446619,23.482706178270774,0,,3.1979669980323004,2.8903717578961645,-0.30759524013613593,-0.4567253529784571,0.30799531271099,0,0,0
VN,Viet Nam,E - 36_4,Financial Sponsorship and Funding Services,E - B,Business services,Entrepreneurial,2.0,3.0,0.25396825396825395,0.15873015873015872,0.18853010540410114,0.1172840520454317,0,0,0,0,0,0,0.13726246870675873,0.2058157039824582,4.873809445397863,14.161652717065515,0,,2.7187693925482543,1.3862943611198906,-1.3324750314283638,1.3124069972742767,0.23082005253599985,0,0,0
VN,Viet Nam,E - 36_5,Financial Consulting and Advisory Services,E - B,Business services,Entrepreneurial,12.0,7.0,1.9408730158730156,0.9752242926155968,0.3428087522886569,0.25762656174276116,0,0,0,0,0,0,0.13798809489736455,0.19537614180739457,11.036983962639617,29.78799330603043,0,,3.4271247862506633,2.0794415416798357,-1.3476832445708276,0.7542827241041715,0.26155679592699127,0,0,0
VN,Viet Nam,E - 36_6,Real Estate Services and Consulting,E - B,Business services,Entrepreneurial,8.0,21.0,1.3190476190476192,1.9901880053734273,0.24925796233457406,0.43106985411711213,0,0,0,0,0,0,0.13512910214109575,0.20269496229365272,11.177255493346452,20.56741539099789,0,,3.07118362897483,3.091042453358316,0.019858824383486073,-0.1971344987776946,0.302587042897709,0,0,0
VN,Viet Nam,E - 36_7,Investment and Venture Capital Services,E - B,Business services,Entrepreneurial,8.0,10.0,1.8250000000000002,0.9017857142857142,0.33839494666016423,0.3401675978195096,0,0,0,0,0,0,0.13631126797524878,0.19886300402934326,7.1065845330754325,22.078017297383294,0,,3.138880532290494,2.3978952727983707,-0.7409852594921231,0.6995398936171733,0.27289579262558616,0,0,0
VN,Viet Nam,E - 36_8,Financial and Service Management Solutions,E - B,Business services,Entrepreneurial,6.0,20.0,1.7761904761904763,2.6553136406077575,0.2644289327044739,0.3719802525295656,0,0,0,0,0,0,0.1307660048625549,0.2033563853123094,6.8337675295911176,18.71895557145985,0,,2.9815803848641895,3.044522437723423,0.06294205285923349,0.3110733200794805,0.2788234897527669,0,0,0
VN,Viet Nam,E - 36_9,Online Financial Information and Services,E - B,Business services,Entrepreneurial,0.0,0.0,0.0,0.0,0.0,0.0,0,0,0,0,0,0,0.1347855394167234,0.19734101594699494,4.870404484110773,17.775973906790995,0,,2.932578068837009,0.0,-2.932578068837009,1.3572402613584167,0.2487705300026573,0,0,0
VN,Viet Nam,E - 37_0,Business and Industrial Operations Services,E - E,Construction,Entrepreneurial,1.0,1.0,0.3333333333333333,0.043478260869565216,0.10760902000552924,0.10038541347397745,0,0,0,0,0,0,0.1462997722007729,0.21179643156374142,6.088969995013203,9.180131410033383,0,,2.3204379196867406,0.6931471805599453,-1.6272907391267952,2.074876257425967,0.19993771559238802,0,0,0
VN,Viet Nam,E - 37_1,Water and Waste Infrastructure Services,E - E,Construction,Entrepreneurial,0.0,0.0,0.0,0.0,0.0,0.0,0,0,0,0,0,0,0.14358604765607397,0.21354979632229062,4.305574813319732,8.987203369364789,0,,2.3013046104625765,0.0,-2.3013046104625765,1.872671598777709,0.19251113945076082,0,0,0
VN,Viet Nam,E - 37_10,Installation and Repair of Security Systems,E - E,Construction,Entrepreneurial,1.0,0.0,1.0,0.0,0.09051639208552181,0.0,0,0,0,0,0,0,0.14272285795354317,0.21221047405385934,7.528781645252944,18.52346130406058,0,,2.971616886170196,0.0,-2.971616886170196,0.9606936022392739,0.2032176039721756,0,0,0
VN,Viet Nam,E - 37_11,Laundry and Fabric Care Services,E - E,Construction,Entrepreneurial,0.0,0.0,0.0,0.0,0.0,0.0,0,0,0,0,0,0,0.14885106632440184,0.20760917895636705,3.0512148621451836,4.668930090373213,0,,1.735000403351013,0.0,-1.735000403351013,1.9013994015173048,0.1681116724310522,0,0,0
VN,Viet Nam,E - 37_12,Building and Construction Services,E - E,Construction,Entrepreneurial,0.0,2.0,0.0,0.10597826086956522,0.0,0.23628517108255637,0,0,0,0,0,0,0.147453082361878,0.21921064988793015,12.379309789991503,21.06735575112525,0,,3.0940994011796707,1.0986122886681098,-1.995487112511561,0.11173024645040994,0.23959903563074791,0,0,0
VN,Viet Nam,E - 37_13,Industrial Equipment Maintenance and Repair Services,E - E,Construction,Entrepreneurial,1.0,0.0,0.3333333333333333,0.0,0.10018048034433658,0.0,0,0,0,0,0,0,0.14543250116262732,0.21081946056758202,7.132516181006313,17.597089140882503,0,,2.9230050706700808,0.0,-2.9230050706700808,2.0578581746932354,0.20563269857139546,0,0,0
VN,Viet Nam,E - 37_14,HVAC and Appliance Installation and Repair,E - E,Construction,Entrepreneurial,0.0,0.0,0.0,0.0,0.0,0.0,0,0,0,0,0,0,0.14570933258642052,0.21370322831586275,5.323016709384527,12.5388820781114,0,,2.6055656996819567,0.0,-2.6055656996819567,1.9979950047937194,0.1864527902760967,0,0,0
VN,Viet Nam,E - 37_15,Building and Property Improvement Services,E - E,Construction,Entrepreneurial,0.0,1.0,0.0,0.043478260869565216,0.0,0.09429036983935682,0,0,0,0,0,0,0.14807055478544998,0.21576142446490867,5.644926099487836,10.302241834299533,0,,2.42500109845701,0.6931471805599453,-1.7318539178970647,1.571703300187926,0.20320053110794553,0,0,0
VN,Viet Nam,E - 37_16,"Sanitation, Disinfection, and Pest Control Services",E - E,Construction,Entrepreneurial,0.0,0.0,0.0,0.0,0.0,0.0,0,0,0,0,0,0,0.14302336646765276,0.20058584418838854,2.499739654795169,4.502976979573959,0,,1.7052892148186374,0.0,-1.7052892148186374,2.1963467081895693,0.15392293060114726,0,0,0
VN,Viet Nam,E - 37_19,Advisory and Consultancy Services Provision,E - E,Construction,Entrepreneurial,0.0,1.0,0.0,0.0625,0.0,0.1213449874188637,0,0,0,0,0,0,0.12875629706120678,0.2044461637763581,2.4955764036481436,11.50864151156658,0,,2.526419726381347,0.6931471805599453,-1.8332725458214014,2.328081757328614,0.1572322917594646,0,0,0
VN,Viet Nam,E - 37_2,Construction and Industrial Equipment Rental Services,E - E,Construction,Entrepreneurial,0.0,0.0,0.0,0.0,0.0,0.0,0,0,0,0,0,0,0.14527281035785933,0.20939500613849446,4.394783908355289,7.602491879660336,0,,2.152051914737915,0.0,-2.152051914737915,1.8067097619953554,0.18844182830810088,0,0,0
VN,Viet Nam,E - 37_20,Professional Cleaning and Maintenance Services,E - E,Construction,Entrepreneurial,0.0,11.0,0.0,1.1881913693984631,0.0,0.4137814856455573,0,0,0,0,0,0,0.14783886194177068,0.21403869606915998,5.338111788249133,11.797052890732674,0,,2.5492149015040932,2.4849066497880004,-0.06430825171609289,1.9417457520865236,0.1901597508638213,0,0,0
VN,Viet Nam,E - 37_21,Vehicle Maintenance and Repair Services,E - E,Construction,Entrepreneurial,0.0,22.0,0.0,2.551485020192114,0.0,0.4277282107746151,0,0,0,0,0,0,0.14354157627705086,0.20924913565503683,7.942389410118441,15.70864509402218,0,,2.815926255778393,3.1354942159291497,0.31956796015075684,1.7451336822802912,0.18614346051873687,0,0,0
VN,Viet Nam,E - 37_3,Electric Vehicle Charging and Battery Services,E - E,Construction,Entrepreneurial,0.0,6.0,0.0,0.6984126984126984,0.0,0.2864830905994207,0,0,0,0,0,0,0.12459222618507677,0.2039307552920322,0.5220884226229578,9.784388561397574,0,,2.378099584807707,1.9459101490553132,-0.43218943575239366,2.783786872873116,0.15181885888449054,0,0,0
VN,Viet Nam,E - 37_4,Construction Supervision and Management Services,E - E,Construction,Entrepreneurial,0.0,1.0,0.0,0.043478260869565216,0.0,0.2836720879385903,0,0,0,0,0,0,0.1450812233614739,0.21674862001363565,5.962301938838506,14.10891071306079,0,,2.7152846832201414,0.6931471805599453,-2.022137502660196,1.5335712822229486,0.19699721198647793,0,0,0
VN,Viet Nam,E - 37_6,"Industrial Excavation, Extraction, and Well Services",E - E,Construction,Entrepreneurial,1.0,1.0,0.3333333333333333,0.125,0.14709111169232714,0.15853958877350902,0,0,0,0,0,0,0.14490494505543655,0.2056395892870417,4.026136969429601,6.667332520718546,0,,2.0369687740182574,0.6931471805599453,-1.343821593458312,0.34900570491364263,0.20868149059825414,0,0,0
VN,Viet Nam,E - 37_7,Repair and Maintenance Services for Goods,E - E,Construction,Entrepreneurial,0.0,2.0,0.0,0.10597826086956522,0.0,0.1496092741336748,0,0,0,0,0,0,0.1483050908273307,0.21642774910774734,11.58447108058959,14.981511998008466,0,,2.771432554010328,1.0986122886681098,-1.6728202653422184,1.1377695655241842,0.22264416405271276,0,0,0
VN,Viet Nam,E - 37_8,Maintenance and Repair of Industrial Machines,E - E,Construction,Entrepreneurial,0.0,1.0,0.0,0.125,0.0,0.05550807137330263,0,0,0,0,0,0,0.14378075843179838,0.20687256850364277,8.683640553939004,18.162118990873047,0,,2.952935360940799,0.6931471805599453,-2.2597881803808537,2.450723219675633,0.17554945577516767,0,0,0
VN,Viet Nam,E - 38_0,Telecommunication and Conferencing Services,E - I,Research and technology,Entrepreneurial,5.0,7.0,0.5869565217391304,0.274889800881593,0.23041676311996534,0.2577293311993871,0,0,0,0,0,0,0.1387883118387627,0.20679450248733666,8.981442442178189,16.217481332387894,0,,2.8459252242129773,2.0794415416798357,-0.7664836825331416,1.6077789935775424,0.22140877203318798,0,0,0
VN,Viet Nam,E - 38_1,Network and Internet Access Services,E - I,Research and technology,Entrepreneurial,6.0,1.0,0.6638795986622072,0.05263157894736842,0.19894691847109663,0.11097436484601811,0,0,0,0,0,0,0.13722937379358796,0.20624291795096486,12.67149409738781,25.329217909321848,0,,3.2706792696611324,0.6931471805599453,-2.577532089101187,1.8023721059012108,0.22161936362310086,0,0,0
VN,Viet Nam,E - 38_11,Broadcasting and Transmission of Media Programs,E - I,Research and technology,Entrepreneurial,5.0,0.0,0.5869565217391304,0.0,0.19857877449150083,0.0,0,0,0,0,0,0,0.1333212403660043,0.20797076068110687,9.584673130254952,19.742059108342787,0,,3.032163479856992,0.0,-3.032163479856992,1.1934967100798957,0.24947947744329335,0,0,0
VN,Viet Nam,E - 38_12,Electronic Data and Information Transmission Services,E - I,Research and technology,Entrepreneurial,0.0,0.0,0.0,0.0,0.0,0.0,0,0,0,0,0,0,0.13629639038671976,0.20702300284049527,11.251931041971455,27.938535065071072,0,,3.365174100194095,0.0,-3.365174100194095,1.9683135201471869,0.22614392267258265,0,0,0
VN,Viet Nam,E - 38_13,Electronic Transmission of Multimedia Content,E - I,Research and technology,Entrepreneurial,0.0,1.0,0.0,0.06666666666666667,0.0,0.14646025465856324,0,0,0,0,0,0,0.13318867053898203,0.21039499723283517,5.374433221138962,16.642613726462333,0,,2.8703172100368635,0.6931471805599453,-2.177170029476918,1.949513419641227,0.1967472787153624,0,0,0
VN,Viet Nam,E - 38_14,Database Access and Connectivity Services,E - I,Research and technology,Entrepreneurial,1.0,0.0,0.07692307692307693,0.0,0.052513277756949236,0.0,0,0,0,0,0,0,0.1374178048866883,0.20269893227307753,11.914716158957216,21.957950137974077,0,,3.133664287760734,0.0,-3.133664287760734,1.8513848182163706,0.20939238306164068,0,0,0
VN,Viet Nam,E - 38_15,Telecommunications Equipment Rental Services,E - I,Research and technology,Entrepreneurial,4.0,0.0,0.3369565217391304,0.0,0.24033941335582695,0.0,0,0,0,0,0,0,0.13614573469126626,0.2049022441275877,6.311671895056719,9.822672845099255,0,,2.381643271109607,0.0,-2.381643271109607,2.046333433657309,0.2029461169962621,0,0,0
VN,Viet Nam,E - 38_16,News and Information Dissemination Services,E - I,Research and technology,Entrepreneurial,0.0,0.0,0.0,0.0,0.0,0.0,0,0,0,0,0,0,0.13485901748423954,0.20601413835023585,6.316292410554717,9.363212691367677,0,,2.338262294102983,0.0,-2.338262294102983,1.7567602742507005,0.2071763826439512,0,0,0
VN,Viet Nam,E - 38_17,"Service-related Exclusions, Limitations, and Clarifications",E - I,Research and technology,Entrepreneurial,0.0,0.0,0.0,0.0,0.0,0.0,0,0,0,0,0,0,0.13370039707035256,0.2080737419449509,4.510298313835877,12.336714519547657,0,,2.590520722263654,0.0,-2.590520722263654,1.571742932494852,0.20180215971660304,0,0,0
VN,Viet Nam,E - 38_19,Telecommunications and Data Communication Services,E - I,Research and technology,Entrepreneurial,4.0,7.0,0.3369565217391304,0.30554754893064534,0.10411711815048,0.20397659419777836,0,0,0,0,0,0,0.13098529120727906,0.20784840890608527,14.998657970914227,29.69772681471292,0,,3.4241886067283183,2.0794415416798357,-1.3447470650484825,0.688726556379451,0.2622124567737689,0,0,0
VN,Viet Nam,E - 38_2,Electronic Messaging and Communication Services,E - I,Research and technology,Entrepreneurial,0.0,2.0,0.0,0.07588739290085679,0.0,0.16254456299023962,0,0,0,0,0,0,0.13255151167645493,0.20131363487191115,9.94531305266623,18.77408265460696,0,,2.9843721234301457,1.0986122886681098,-1.885759834762036,1.2387239114422728,0.23902059778472698,0,0,0
VN,Viet Nam,E - 38_20,Digital Media Streaming and Transmission Services,E - I,Research and technology,Entrepreneurial,0.0,0.0,0.0,0.0,0.0,0.0,0,0,0,0,0,0,0.12819991441134612,0.19438081010763847,4.337551953967056,11.677515575894866,0,,2.539829997311395,0.0,-2.539829997311395,2.1525225251161437,0.18676962656560547,0,0,0
VN,Viet Nam,E - 38_21,Electronic Messaging and Data Transmission Services,E - I,Research and technology,Entrepreneurial,5.0,2.0,0.41387959866220736,0.07588739290085679,0.2125236027329646,0.11797785875711794,0,0,0,0,0,0,0.13951992361850765,0.20624244897326624,10.106893630558744,16.042356516216255,0,,2.8357018050447254,1.0986122886681098,-1.7370895163766156,1.6608089123498306,0.22880572639287247,0,0,0
VN,Viet Nam,E - 38_3,Online Access and Platform Facilitation Services,E - I,Research and technology,Entrepreneurial,0.0,0.0,0.0,0.0,0.0,0.0,0,0,0,0,0,0,0.13613603444926414,0.2027363228360704,7.6265270973980455,21.427188523067738,0,,3.1102739961848784,0.0,-3.1102739961848784,2.376479490698358,0.19792488102124867,0,0,0
VN,Viet Nam,E - 38_4,Computer-Based Electronic Communication Services,E - I,Research and technology,Entrepreneurial,4.0,2.0,0.3369565217391304,0.07588739290085679,0.20045580851040876,0.12944028224293577,0,0,0,0,0,0,0.13835959507921886,0.20460302096020222,8.903012343709765,11.88485039466724,0,,2.556052233223359,1.0986122886681098,-1.4574399445552493,2.0152699127199174,0.19665535082626398,0,0,0
VN,Viet Nam,E - 38_6,Mobile and Wireless Communication Services,E - I,Research and technology,Entrepreneurial,4.0,3.0,0.3369565217391304,0.13436692506459946,0.2130936151670059,0.13165699155375954,0,0,0,0,0,0,0.13854361368712684,0.20673177737271464,7.858917184278917,14.296132632985534,0,,2.727600027360987,1.3862943611198906,-1.3413056662410965,1.5245333184396312,0.22468295928616178,0,0,0
VN,Viet Nam,E - 38_7,Online Forums and Discussion Platforms,E - I,Research and technology,Entrepreneurial,0.0,2.0,0.0,0.11929824561403508,0.0,0.12094936823412253,0,0,0,0,0,0,0.13704939283287354,0.2053603924140392,7.194072187531249,19.4513758094202,0,,3.018050156970096,1.0986122886681098,-1.9194378683019864,1.981416339977036,0.20524469809149082,0,0,0
VN,Viet Nam,E - 38_8,Internet-Based Telecommunication and Information Services,E - I,Research and technology,Entrepreneurial,1.0,1.0,0.25,0.023255813953488372,0.08131122923928251,0.061600213198814945,0,0,0,0,0,0,0.1355294948090159,0.20286918431918574,6.5304670708690145,13.884675997919006,0,,2.700332227211621,0.6931471805599453,-2.0071850466516756,2.2677183099490836,0.20418441201699608,0,0,0
VN,Viet Nam,E - 38_9,Internet Audio/Video Streaming and Broadcasting Services,E - I,Research and technology,Entrepreneurial,0.0,1.0,0.0,0.023255813953488372,0.0,0.039100876969549295,0,0,0,0,0,0,0.13655073868168913,0.20148855819299555,5.65161848287196,20.968161027445497,0,,3.089594179090042,0.6931471805599453,-2.3964469985300965,1.5640769354855841,0.24015793472900432,0,0,0
VN,Viet Nam,E - 39_0,Service-Related Trademark Descriptions and Limitations,E - J,Transportation,Entrepreneurial,2.0,0.0,1.1666666666666667,0.0,0.17378347050496024,0.0,0,0,0,0,0,0,0.14417442010728684,0.21182696141445614,5.89697626258179,12.336987208584965,0,,2.5905411685474204,0.0,-2.5905411685474204,1.2250252165564226,0.2239776178355641,0,0,0
VN,Viet Nam,E - 39_11,Rental and Leasing of Equipment,E - J,Transportation,Entrepreneurial,2.0,11.0,0.24285714285714285,1.1922979797979796,0.21675556250419764,0.4745637095151838,0,0,0,0,0,0,0.14957775112279084,0.21857395319228665,5.162621622297088,12.101685358798123,0,,2.5727408752753425,2.4849066497880004,-0.0878342254873421,1.791718572860001,0.21194814307477094,0,0,0
VN,Viet Nam,E - 39_13,Storage and Warehousing Services,E - J,Transportation,Entrepreneurial,6.0,21.0,0.8373015873015874,2.3239644342585515,0.3236597003175892,0.47602825311955604,0,0,0,0,0,0,0.14756155618652256,0.2177384123564529,7.286529507717358,16.321812005046183,0,,2.8519665168910735,3.091042453358316,0.23907593646724257,1.0788222838234336,0.24934446736489324,0,0,0
VN,Viet Nam,E - 39_14,"Navigation, Location, and Transport Information Services",E - J,Transportation,Entrepreneurial,0.0,7.0,0.0,0.7666925465838509,0.0,0.27084183784397436,0,0,0,0,0,0,0.14570598731631712,0.21183888066605505,5.331925806629513,15.232845334005098,0,,2.787036679408316,2.0794415416798357,-0.7075951377284802,1.5680770668336501,0.22330456194226644,0,0,0
VN,Viet Nam,E - 39_2,Freight and Goods Transportation Services,E - J,Transportation,Entrepreneurial,5.0,25.0,0.8095238095238095,2.55034312802855,0.2575699799872447,0.4657331705473408,0,0,0,0,0,0,0.1472972506942809,0.2170734917325342,8.546678436439773,20.523184839829142,0,,3.0691307187593426,3.258096538021482,0.1889658192621395,0.7799562537820296,0.26393281957567755,0,0,0
VN,Viet Nam,E - 39_3,"Goods Packaging, Storage, and Transport Services",E - J,Transportation,Entrepreneurial,1.0,18.0,0.1,2.055094422485727,0.06166042341079489,0.42066334178768994,0,0,0,0,0,0,0.14536757953370155,0.22043162461149407,10.886595473494687,16.141648108489854,0,,2.841511064234828,2.9444389791664403,0.10292791493161246,0.11730034787505146,0.2696786745596612,0,0,0
VN,Viet Nam,E - 39_6,Vehicle Rental and Related Services,E - J,Transportation,Entrepreneurial,8.0,19.0,1.203968253968254,1.8135942559855602,0.3494663732358399,0.45259191872062515,0,0,0,0,0,0,0.14389856270800996,0.21291730944481313,7.730214269227099,16.16220859177323,0,,2.8427097915922244,2.995732273553991,0.1530224819617665,1.2708356319780243,0.23809062540099732,0,0,0
VN,Viet Nam,E - 39_7,Goods and Package Delivery Services,E - J,Transportation,Entrepreneurial,3.0,22.0,1.2428571428571429,2.3864644342585515,0.22533550269151587,0.4884494105889264,0,0,0,0,0,0,0.14942281276952193,0.21391165845301702,6.717982525372205,13.661254273065897,0,,2.685208250306576,3.1354942159291497,0.4502859656225735,1.0869693401063836,0.2507705201454022,0,0,0
VN,Viet Nam,E - 39_9,Passenger and Goods Transportation Services,E - J,Transportation,Entrepreneurial,10.0,21.0,1.6039682539682538,1.9274276377217552,0.28604513941746673,0.4547506730839566,0,0,0,0,0,0,0.14377710405789454,0.21539465497700533,13.083878768888443,22.581784050394564,0,,3.1604745517210913,3.091042453358316,-0.0694320983627752,0.4281314021146676,0.28447581350706097,0,0,0
VN,Viet Nam,E - 3_0,Facial Skin Cleansing and Treatment Products,E - F,Health,Entrepreneurial,7.0,18.0,1.0174603174603174,2.85332674571805,0.23703329010614027,0.21950421651376567,0,0,0,0,0,0,0.1432476760475257,0.21273007154651477,12.78734733863476,56.03051844357857,0,,4.043586535843918,2.9444389791664403,-1.0991475566774778,0.09362154626330271,0.23990966376397616,0,0,0
VN,Viet Nam,E - 3_1,Impregnated wipes and cleansing pads,E - F,Health,Entrepreneurial,6.0,12.0,1.1722222222222223,1.7198851872764915,0.2690695420276583,0.15906486213330448,0,0,0,0,0,0,0.1457170334459216,0.21399494154977813,9.88362757034426,33.33037773654705,0,,3.5360306105126806,2.5649493574615367,-0.9710812530511439,0.4401317320818785,0.21850318640739255,0,0,0
VN,Viet Nam,E - 3_10,"Sun Care, Tanning, and After-Sun Products",E - F,Health,Entrepreneurial,1.0,5.0,0.14285714285714285,0.3183700357613401,0.06649574638757941,0.11847088070360116,0,0,0,0,0,0,0.14279711706129253,0.2077880067715333,10.4592968913632,31.194920451370646,0,,3.471808690149096,1.791759469228055,-1.680049220921041,0.7774849096051393,0.20838143049602995,0,0,0
VN,Viet Nam,E - 3_11,Cosmetic Oral and Dental Care Products,E - F,Health,Entrepreneurial,4.0,4.0,0.5714285714285714,0.22746094485224921,0.10930826784483828,0.06965529839307584,0,0,0,0,0,0,0.14002007266030378,0.20365554119329518,16.757798267465432,34.8041638708153,0,,3.5780641958839103,1.6094379124341003,-1.96862628344981,-0.7748040448450609,0.2689133796729159,0,0,0
VN,Viet Nam,E - 3_12,Nail care and cosmetic products,E - F,Health,Entrepreneurial,5.0,6.0,0.8412698412698412,1.352460944852249,0.2560268796714601,0.16169727201982506,0,0,0,0,0,0,0.14793310147632888,0.20753629840855226,9.814998580346403,26.79029476959942,0,,3.3246868507366405,1.9459101490553132,-1.3787767016813273,0.8995269682258129,0.2019656512683455,0,0,0
VN,Viet Nam,E - 3_13,Essential and Cosmetic Oils and Gels,E - F,Health,Entrepreneurial,0.0,9.0,0.0,1.1607942781855825,0.0,0.16060050399503528,0,0,0,0,0,0,0.14295646596987782,0.21156903878239708,16.449553288853448,54.569918180786416,0,,4.017642014927715,2.302585092994046,-1.7150569219336695,-0.36277051890615303,0.2674880741873531,0,0,0
VN,Viet Nam,E - 3_14,Laundry and Household Cleaning Products,E - F,Health,Entrepreneurial,5.0,6.0,1.5095238095238095,1.0159090909090909,0.26823554082418943,0.15578403873738528,0,0,0,0,0,0,0.14803226950066245,0.21694732251760232,8.45660289750189,26.395444518852152,0,,3.3103767411355056,1.9459101490553132,-1.3644665920801924,0.09638029849867395,0.23365383879397583,0,0,0
VN,Viet Nam,E - 3_16,Bath and Body Cleansing Products,E - F,Health,Entrepreneurial,6.0,18.0,1.3214285714285714,2.578326745718049,0.11380756824955625,0.19199445612364593,0,0,0,0,0,0,0.13957739560643545,0.20661971544176932,24.454044624612262,54.56933241782087,0,,4.017631473863917,2.9444389791664403,-1.0731924946974765,-0.5619532025538739,0.2682563425663441,0,0,0
VN,Viet Nam,E - 3_17,Moisturizing and Skin Care Creams,E - F,Health,Entrepreneurial,10.0,11.0,2.4936507936507937,1.5945605119518163,0.26228215167188507,0.13396959162316666,0,0,0,0,0,0,0.14097514068888073,0.20707493848010716,14.851605022789794,47.643477140189944,0,,3.884517722360014,2.4849066497880004,-1.3996110725720134,-0.1804359300357993,0.2511258683653538,0,0,0
VN,Viet Nam,E - 3_18,Non-medicated Skin and Body Care Products,E - F,Health,Entrepreneurial,7.0,26.0,1.7936507936507935,4.552569169960475,0.20752169189739886,0.2508661169839016,0,0,0,0,0,0,0.14393647671855703,0.2135518329153521,17.072149179851536,58.028528636381985,0,,4.0780208632496215,3.295836866004329,-0.7821839972452924,-0.3113265343032289,0.2574433176386219,0,0,0
VN,Viet Nam,E - 3_19,Hair and scalp care products,E - F,Health,Entrepreneurial,15.0,12.0,2.836507936507936,1.510469602860907,0.32217745918344853,0.18610513483581734,0,0,0,0,0,0,0.14365175755774648,0.20556010037668285,16.744634157275662,47.07997925943219,0,,3.872865858850657,2.5649493574615367,-1.30791650138912,-0.07854593289852989,0.2594846651301079,0,0,0
VN,Viet Nam,E - 3_2,Laundry and Cleaning Preparations and Bleaches,E - F,Health,Entrepreneurial,3.0,2.0,0.5095238095238095,0.5909090909090909,0.09925045688560206,0.09178269056371817,0,0,0,0,0,0,0.14027232696723,0.2018324884265865,12.68502677234137,11.035146732111203,0,,2.4878312632763087,1.0986122886681098,-1.3892189746081989,-1.7434923708134458,0.3202953959914652,0,0,0
VN,Viet Nam,E - 3_21,Cleaning and Decontamination Preparations and Agents,E - F,Health,Entrepreneurial,3.0,7.0,0.5095238095238095,0.7893939393939394,0.1660611615516642,0.16932718016953172,0,0,0,0,0,0,0.1494476602682381,0.21650057870656633,10.759057331388098,34.21068724643842,0,,3.561349651477995,2.0794415416798357,-1.4819081097981592,0.32566160469119054,0.2427542759393184,0,0,0
VN,Viet Nam,E - 3_3,Personal Care and Beauty Products,E - F,Health,Entrepreneurial,9.0,0.0,9.0,0.0,0.2013806171176786,0.0,0,0,0,0,0,0,0.13794569967995973,0.2136007728846227,13.959408279094955,9.86271589717544,0,,2.385336365853185,0.0,-2.385336365853185,-1.2905997036075454,0.26782754057604413,0,0,0
VN,Viet Nam,E - 3_4,Hair and Body Care Products,E - F,Health,Entrepreneurial,2.0,7.0,0.2222222222222222,1.3325757575757577,0.13270361289841676,0.18616720260287947,0,0,0,0,0,0,0.13322338302426875,0.2064657932305668,7.894116439902915,26.098813609171373,0,,3.2994899486680005,2.0794415416798357,-1.2200484069881647,1.0137628189468848,0.20423445007587362,0,0,0
VN,Viet Nam,E - 3_5,Shaving and Hair Removal Products,E - F,Health,Entrepreneurial,1.0,0.0,0.3333333333333333,0.0,0.06623274764688708,0.0,0,0,0,0,0,0,0.1358862997285777,0.21350552113771082,8.576072421171682,24.49215810790374,0,,3.23837087968857,0.0,-3.23837087968857,0.1251657006402782,0.23574225873904905,0,0,0
VN,Viet Nam,E - 3_6,"Cleaning, Polishing, and Abrasive Products",E - F,Health,Entrepreneurial,0.0,0.0,0.0,0.0,0.0,0.0,0,0,0,0,0,0,0.13829387916394897,0.20656884895790423,13.28958388712677,22.64531786384808,0,,3.163165119179432,0.0,-3.163165119179432,-1.0402260153052796,0.28313800048593873,0,0,0
VN,Viet Nam,E - 3_7,"Fragrances, Perfumes, and Scented Products",E - F,Health,Entrepreneurial,12.0,17.0,1.9698412698412697,2.493045360436665,0.2428549282674492,0.19688502709388916,0,0,0,0,0,0,0.14271866816399228,0.21044162163288477,20.7510622495763,66.48147131171156,0,,4.2118530611109595,2.8903717578961645,-1.321481303214795,0.15826394881261,0.2484601477402658,0,0,0
VN,Viet Nam,E - 3_8,Decorative and Corrective Cosmetic Products,E - F,Health,Entrepreneurial,21.0,32.0,5.755555555555556,9.043045360436667,0.32522672901449895,0.2786475675122994,0,0,0,0,0,0,0.14115732375818935,0.20524360606007627,22.251249761256272,67.8425012718471,0,,4.2318213052539555,3.4965075614664802,-0.7353137437874753,-0.1330670512156724,0.24091241321300003,0,0,0
VN,Viet Nam,E - 3_9,Wellness and Beauty-Related Consumer Goods,E - F,Health,Entrepreneurial,1.0,5.0,1.0,0.7365518539431584,0.05055431880209992,0.12863849624516482,0,0,0,0,0,0,0.14244373540680047,0.2217694082082777,12.859907248617723,38.07201101574054,0,,3.6654063798626457,1.791759469228055,-1.8736469106345908,0.10707490791806457,0.24001600871546527,0,0,0
VN,Viet Nam,E - 40_12,Technical and Specialized Processing Services,E - E,Construction,Entrepreneurial,0.0,1.0,0.0,0.030303030303030304,0.0,0.10338667324083295,0,0,0,0,0,0,0.1424681885195399,0.20942474094219243,3.4638084323045466,9.212180219208488,0,,2.3235811470112657,0.6931471805599453,-1.6304339664513203,2.0076511918612634,0.19275804484298628,0,0,0
VN,Viet Nam,E - 40_14,Custom Material Processing and Assembly Services,E - E,Construction,Entrepreneurial,0.0,0.0,0.0,0.0,0.0,0.0,0,0,0,0,0,0,0.1446032783136128,0.20639653907230915,3.311434629269251,7.942377532753071,0,,2.190801497089752,0.0,-2.190801497089752,2.9798393509129943,0.1586319361318669,0,0,0
VN,Viet Nam,E - 40_15,Renewable and Conventional Energy Generation Services,E - E,Construction,Entrepreneurial,0.0,0.0,0.0,0.0,0.0,0.0,0,0,0,0,0,0,0.14196009949289704,0.20763301991219568,2.9074225888749496,8.61018616331029,0,,2.262823594627066,0.0,-2.262823594627066,2.8497682694269404,0.17173556374515833,0,0,0
VN,Viet Nam,E - 40_16,Industrial Surface Treatment and Coating Services,E - E,Construction,Entrepreneurial,0.0,0.0,0.0,0.0,0.0,0.0,0,0,0,0,0,0,0.14243801728272515,0.2071269769393386,2.4637719652785073,5.093898544872789,0,,1.8072880320614249,0.0,-1.8072880320614249,2.290359510791069,0.15700498571912389,0,0,0
VN,Viet Nam,E - 40_3,Industrial Metal Processing Services,E - E,Construction,Entrepreneurial,0.0,0.0,0.0,0.0,0.0,0.0,0,0,0,0,0,0,0.14406973617640983,0.20853254969126941,3.547951294337773,6.933778543289732,0,,2.0711294093367796,0.0,-2.0711294093367796,2.26775212769616,0.16957727705530434,0,0,0
VN,Viet Nam,E - 40_5,Industrial Equipment and Machinery Rental Services,E - E,Construction,Entrepreneurial,0.0,6.0,0.0,0.6984126984126984,0.0,0.36618437200919474,0,0,0,0,0,0,0.13766322721866836,0.2096424369544577,1.7398634944005584,7.240617347953787,0,,2.10907526198313,1.9459101490553132,-0.16316511292781688,2.9224403783646937,0.16492494557831286,0,0,0
VN,Viet Nam,E - 40_8,Custom Clothing and Textile Manufacturing Services,E - E,Construction,Entrepreneurial,0.0,2.0,0.0,0.8333333333333333,0.0,0.3531873343564477,0,0,0,0,0,0,0.14374867116622425,0.21488187860476587,1.6610023144964985,3.7110030503303513,0,,1.5499008472087477,1.0986122886681098,-0.4512885585406379,0.4835768190322534,0.17088739892415525,0,0,0
VN,Viet Nam,E - 40_9,Photographic and Video Processing Services,E - E,Construction,Entrepreneurial,0.0,0.0,0.0,0.0,0.0,0.0,0,0,0,0,0,0,0.13884437840962083,0.20279035380356547,2.061778942454798,3.1250022820176997,0,,1.4170665730029033,0.0,-1.4170665730029033,2.77929770828667,0.13899315663949094,0,0,0
VN,Viet Nam,E - 41_0,Personal and Professional Coaching and Training,E - H,Leisure and education,Entrepreneurial,0.0,0.0,0.0,0.0,0.0,0.0,0,0,0,0,0,0,0.13929428612166625,0.19914469383343442,5.907454059592874,13.278586822757285,0,,2.6587609900225906,0.0,-2.6587609900225906,1.4272953842474676,0.242600506362293,0,0,0
VN,Viet Nam,E - 41_1,Streaming Online Non-Downloadable Multimedia Content,E - H,Leisure and education,Entrepreneurial,0.0,1.0,0.0,0.023255813953488372,0.0,0.03483329425571555,0,0,0,0,0,0,0.1270925605260971,0.19545037502293475,4.709663591619446,36.260963675052324,0,,3.6179462283669617,0.6931471805599453,-2.9247990478070163,1.3662287952987708,0.24000843321594206,0,0,0
VN,Viet Nam,E - 41_10,Audiovisual and Entertainment Production Services,E - H,Leisure and education,Entrepreneurial,0.0,4.0,0.0,2.100178890876565,0.0,0.07711516664125652,0,0,0,0,0,0,0.1304404459849672,0.20100953906304347,15.052150428441573,43.771501037041226,0,,3.8015717994335443,1.6094379124341003,-2.192133886999444,1.0760398105487397,0.2426336023728045,0,0,0
VN,Viet Nam,E - 41_11,Online Educational Services and Courses,E - H,Leisure and education,Entrepreneurial,0.0,2.0,0.0,0.22325581395348837,0.0,0.14188260553791726,0,0,0,0,0,0,0.13863721008409982,0.20642480815077185,9.861399647487168,25.750128037834635,0,,3.2865392597916685,1.0986122886681098,-2.1879269711235585,1.850339158571121,0.21588595828435678,0,0,0
VN,Viet Nam,E - 41_12,Cultural and Educational Exhibition Services,E - H,Leisure and education,Entrepreneurial,0.0,1.0,0.0,0.043478260869565216,0.0,0.042423258266796805,0,0,0,0,0,0,0.13741714769887634,0.20466390402042187,14.268417993330054,31.655379790167984,0,,3.4860096136703285,0.6931471805599453,-2.792862433110383,1.1658017717399782,0.24807245192021826,0,0,0
VN,Viet Nam,E - 41_13,Fitness and Wellness Instruction Services,E - H,Leisure and education,Entrepreneurial,0.0,0.0,0.0,0.0,0.0,0.0,0,0,0,0,0,0,0.13692657871693642,0.20821861944811323,7.771021494780842,17.30935741492443,0,,2.907412263309493,0.0,-2.907412263309493,0.49985025227722746,0.24608090956269088,0,0,0
VN,Viet Nam,E - 41_14,Event and Festival Organization Services,E - H,Leisure and education,Entrepreneurial,0.0,2.0,0.0,0.12040133779264214,0.0,0.07322169312783547,0,0,0,0,0,0,0.13925437237542052,0.20828369486317636,13.052839966548607,36.93415075696059,0,,3.6358517817452123,1.0986122886681098,-2.5372394930771023,0.9446688983537803,0.2542150714523663,0,0,0
VN,Viet Nam,E - 41_16,Online Interactive Gaming and Entertainment Services,E - H,Leisure and education,Entrepreneurial,1.0,1.0,0.07692307692307693,0.023255813953488372,0.037956541145331625,0.01723004956453989,0,0,0,0,0,0,0.11885961397077298,0.19368269480462932,12.006377265087645,50.75918222390128,0,,3.9466018506841642,0.6931471805599453,-3.253454670124219,1.3100629086444897,0.23939283305377873,0,0,0
VN,Viet Nam,E - 41_18,"Leisure, Entertainment, and Recreational Facility Services",E - H,Leisure and education,Entrepreneurial,3.0,6.0,0.3269230769230769,0.5336098398169336,0.05666465709365246,0.14715747729096246,0,0,0,0,0,0,0.12883831556497496,0.20177956823089385,26.75536928588726,60.22041608850268,0,,4.114480730104798,1.9459101490553132,-2.168570581049485,0.2318058337913047,0.2941550769290391,0,0,0
VN,Viet Nam,E - 41_19,Live Entertainment Booking and Production Services,E - H,Leisure and education,Entrepreneurial,1.0,3.0,0.08333333333333333,0.3501788908765653,0.044066992266348144,0.07504094629081294,0,0,0,0,0,0,0.13243662443478804,0.19151536119104437,13.150397155694435,28.86090266685405,0,,3.3965500216224487,1.3862943611198906,-2.0102556605025583,0.4584847153427989,0.26941743719553596,0,0,0
VN,Viet Nam,E - 41_2,Organization of Competitions and Sporting Events,E - H,Leisure and education,Entrepreneurial,2.0,5.0,0.2857142857142857,0.8258873929008568,0.07143657469815129,0.15613743100531988,0,0,0,0,0,0,0.13617875329972096,0.20465828852571089,16.26931147917356,45.836324932455796,0,,3.84665907562694,1.791759469228055,-2.054899606398885,0.7979446201368129,0.26029249514366504,0,0,0
VN,Viet Nam,E - 41_20,Service Descriptions Specifying Field or Scope,E - H,Leisure and education,Entrepreneurial,1.0,1.0,0.25,0.043478260869565216,0.0672460634637414,0.042282326420506534,0,0,0,0,0,0,0.12754546065203487,0.19663915068942606,7.412984427554711,20.994850252125076,0,,3.0908083465085854,0.6931471805599453,-2.39766116594864,2.144386907459342,0.21068025438402083,0,0,0
VN,Viet Nam,E - 41_21,"Educational Workshops, Seminars, and Training Services",E - H,Leisure and education,Entrepreneurial,2.0,1.0,0.5833333333333333,0.2,0.08480068174666312,0.0967900507518938,0,0,0,0,0,0,0.13674491614762704,0.2051233129695446,13.631779637008616,33.592347184665094,0,,3.543632477965899,0.6931471805599453,-2.8504852974059536,1.230792335143568,0.25551482552389704,0,0,0
VN,Viet Nam,E - 41_22,Music Entertainment and Related Services,E - H,Leisure and education,Entrepreneurial,0.0,1.0,0.0,0.023255813953488372,0.0,0.04338397107159301,0,0,0,0,0,0,0.1365928016100703,0.20578306024789503,9.343561986624165,21.836578399532794,0,,3.1283635661895914,0.6931471805599453,-2.435216385629646,1.0884533438925623,0.24018012112069342,0,0,0
VN,Viet Nam,E - 41_23,Non-downloadable Online Electronic Publications Services,E - H,Leisure and education,Entrepreneurial,1.0,2.0,0.07692307692307693,0.07588739290085679,0.032060323993997504,0.05811754379849976,0,0,0,0,0,0,0.13295731314178136,0.20409867136528206,18.336727911879645,52.33868383647402,0,,3.9766618434676966,1.0986122886681098,-2.8780495547995866,1.5408413466722224,0.2332715864199838,0,0,0
VN,Viet Nam,E - 41_24,Online Entertainment and Educational Information Services,E - H,Leisure and education,Entrepreneurial,1.0,4.0,0.08333333333333333,0.22058022866920746,0.04431553175016596,0.08160789507703389,0,0,0,0,0,0,0.13087179545273045,0.19088724143105448,12.308948339641727,30.26052819375948,0,,3.442356221643911,1.6094379124341003,-1.8329183092098107,1.1724712840595863,0.24723109374565166,0,0,0
VN,Viet Nam,E - 41_26,Education and Training Services,E - H,Leisure and education,Entrepreneurial,2.0,4.0,0.5833333333333333,0.5667340748230536,0.03930864299538265,0.0767953499102601,0,0,0,0,0,0,0.13613128528264806,0.20771931392343904,30.72877065063768,65.0368290306173,0,,4.19021260200902,1.6094379124341003,-2.5807746895749197,0.9227086488583346,0.2576810394635178,0,0,0
VN,Viet Nam,E - 41_3,"Educational, informational, and support services",E - H,Leisure and education,Entrepreneurial,2.0,4.0,0.19444444444444442,0.21075581395348836,0.060164737894064756,0.10590177027644306,0,0,0,0,0,0,0.12825574549018992,0.20287688596643028,15.903675232261273,48.95494657657784,0,,3.911121530753479,1.6094379124341003,-2.3016836183193785,0.32986893562318875,0.27606280474441036,0,0,0
VN,Viet Nam,E - 41_4,Organizing and Conducting Educational Events,E - H,Leisure and education,Entrepreneurial,3.0,4.0,0.6602564102564102,0.7434782608695653,0.10095698216967036,0.09693257727415308,0,0,0,0,0,0,0.13353845260136768,0.20475490814729255,14.38695451907131,37.77948436848852,0,,3.6578913534003874,1.6094379124341003,-2.048453440966287,1.0703431332635491,0.25249067474948866,0,0,0
VN,Viet Nam,E - 41_5,Broadcast Program Production and Distribution Services,E - H,Leisure and education,Entrepreneurial,1.0,3.0,0.07692307692307693,0.3501788908765653,0.04235185405569358,0.066342614918269,0,0,0,0,0,0,0.13682406965868774,0.20373801494697397,14.478329577707903,32.878546899057255,0,,3.5227819792258512,1.3862943611198906,-2.136487618105961,0.9126741432729615,0.24604656506243472,0,0,0
VN,Viet Nam,E - 41_6,Educational and Training Service Provision,E - H,Leisure and education,Entrepreneurial,2.0,4.0,0.2857142857142857,0.7769230769230769,0.03527624971871112,0.11868525030834927,0,0,0,0,0,0,0.1298333506166323,0.2061111947155098,26.038431830368708,61.954802327383064,0,,4.14241704554536,1.6094379124341003,-2.53297913311126,0.05386028146183667,0.2758157205592271,0,0,0
VN,Viet Nam,E - 41_8,Sports and Recreational Services and Facilities,E - H,Leisure and education,Entrepreneurial,3.0,1.0,0.3611111111111111,0.05263157894736842,0.06849749035382449,0.09343226770951316,0,0,0,0,0,0,0.13000555126562244,0.2042588010261994,20.957797718385756,38.31299819688155,0,,3.6715552071150266,0.6931471805599453,-2.978408026555081,-0.19123247677244842,0.294993868681541,0,0,0
VN,Viet Nam,E - 41_9,Publication and Editing Services,E - H,Leisure and education,Entrepreneurial,0.0,3.0,0.0,0.26673407482305356,0.0,0.09237472416628036,0,0,0,0,0,0,0.1318920878450067,0.20732925127452392,19.431704102251047,50.1901501666448,0,,3.9355471339804224,1.3862943611198906,-2.549252772860532,1.4297629820232372,0.23636096847192575,0,0,0
VN,Viet Nam,E - 42_0,Business and Professional Service Offerings,E - I,Research and technology,Entrepreneurial,0.0,1.0,0.0,0.043478260869565216,0.0,0.034834122804447795,0,0,0,0,0,0,0.13955833581437577,0.20887553890103158,10.377869915424633,28.30810673779785,0,,3.377864158224955,0.6931471805599453,-2.6847169776650097,1.3202048985289447,0.2411990156105172,0,0,0
VN,Viet Nam,E - 42_1,Online Non-Downloadable Software as a Service,E - I,Research and technology,Entrepreneurial,1.0,3.0,0.07692307692307693,0.2482558139534884,0.08273402244083601,0.04321870969682714,0,0,0,0,0,0,0.12443317133831228,0.1905874909840318,5.968776851081832,59.98865267526382,0,,4.110687825152139,1.3862943611198906,-2.7243934640322482,2.5013128275757084,0.19477197542292077,0,0,0
VN,Viet Nam,E - 42_10,IT Support and Software Maintenance Services,E - I,Research and technology,Entrepreneurial,0.0,5.0,0.0,0.47478991596638653,0.0,0.1115642540260399,0,0,0,0,0,0,0.137117751620398,0.20688776453763794,18.510545899243294,65.45189333543301,0,,4.196478277385898,1.791759469228055,-2.4047188081578432,1.645682316141897,0.2284434764764964,0,0,0
VN,Viet Nam,E - 42_11,"Architectural, Urban Planning, and Design Services",E - I,Research and technology,Entrepreneurial,0.0,6.0,0.0,0.2536231884057971,0.0,0.20996009033772867,0,0,0,0,0,0,0.14234808691756667,0.21493575603115073,11.234645750841663,24.597286645937757,0,,3.242486355475082,1.9459101490553132,-1.2965762064197686,1.5915996458772357,0.20883673649676876,0,0,0
VN,Viet Nam,E - 42_12,Hospitality and Food Service Provision,E - I,Research and technology,Entrepreneurial,0.0,1.0,0.0,1.0,0.0,0.42176850186113163,0,0,0,0,0,0,0.1303493263321557,0.21093870234079531,0.5693614943540708,1.3946361571971466,0,,0.8732313016592348,0.6931471805599453,-0.1800841210992895,2.4665034609615537,0.15256402419942855,0,0,0
VN,Viet Nam,E - 42_13,Industrial and Technical Engineering Services,E - I,Research and technology,Entrepreneurial,1.0,6.0,1.0,0.44607566346696775,0.07282213115590086,0.13910469696045252,0,0,0,0,0,0,0.13760450782443365,0.2082415094692777,9.389787540226823,36.62937724584269,0,,3.6277850550621498,1.9459101490553132,-1.6818749060068365,2.6181951477019907,0.17895557862037018,0,0,0
VN,Viet Nam,E - 42_14,Cybersecurity Consulting and Authentication Services,E - I,Research and technology,Entrepreneurial,0.0,11.0,0.0,1.6641838553603259,0.0,0.21235653973761703,0,0,0,0,0,0,0.14025490223638482,0.20834903293627635,8.261851925919954,37.85852777623293,0,,3.65992755790566,2.4849066497880004,-1.1750209081176597,1.5676982590894062,0.24154298208854566,0,0,0
VN,Viet Nam,E - 42_16,Medical and Biotechnological Research Services,E - I,Research and technology,Entrepreneurial,0.0,11.0,0.0,1.3430814354727396,0.0,0.20737849762496235,0,0,0,0,0,0,0.14029197194928866,0.20450318705829124,9.203765732350094,33.69434526093828,0,,3.546576712893386,2.4849066497880004,-1.0616700631053857,2.4386865168304395,0.16806095841970883,0,0,0
VN,Viet Nam,E - 42_17,Digital Data Storage and Management Services,E - I,Research and technology,Entrepreneurial,0.0,4.0,0.0,0.8484848484848484,0.0,0.08356463571149922,0,0,0,0,0,0,0.1340004900042575,0.20688220152186146,16.94634963756208,64.5696657649172,0,,4.183113176884424,1.6094379124341003,-2.5736752644503236,1.2256542577845833,0.24099879359087598,0,0,0
VN,Viet Nam,E - 42_18,IT and Computer Technology Consulting Services,E - I,Research and technology,Entrepreneurial,0.0,13.0,0.0,0.9469367234073116,0.0,0.1919054371703054,0,0,0,0,0,0,0.13752223961760904,0.20864039434794632,17.891043743396885,67.92986539335283,0,,4.233089544093577,2.6390573296152584,-1.5940322144783186,1.38746248857329,0.23885877184263815,0,0,0
VN,Viet Nam,E - 42_19,"Website Design, Development, and Management Services",E - I,Research and technology,Entrepreneurial,0.0,9.0,0.0,1.3299168152109329,0.0,0.2061493241370492,0,0,0,0,0,0,0.14038946029021743,0.20841256658750928,12.931267024416908,30.899253414796057,0,,3.462582605592034,2.302585092994046,-1.1599975125979882,2.024289594204657,0.2300628021573279,0,0,0
VN,Viet Nam,E - 42_2,Technical and Engineering Consulting Services,E - I,Research and technology,Entrepreneurial,0.0,2.0,0.0,0.10597826086956522,0.0,0.0779924262040766,0,0,0,0,0,0,0.13739959936001944,0.2089957625641409,16.331665176394132,42.08458281434229,0,,3.763165225793332,1.0986122886681098,-2.6645529371252223,1.8062075536899143,0.21674724088562866,0,0,0
VN,Viet Nam,E - 42_20,Scientific and Technological Research Services,E - I,Research and technology,Entrepreneurial,0.0,20.0,0.0,1.2783575083177987,0.0,0.1868650399365928,0,0,0,0,0,0,0.14144254694562555,0.20770463233240358,31.509601878665105,79.51996815869154,0,,4.388505205325555,3.044522437723423,-1.343982767602132,0.746263900521276,0.2631641767205743,0,0,0
VN,Viet Nam,E - 42_22,Cloud-based SaaS Solutions for Businesses,E - I,Research and technology,Entrepreneurial,0.0,3.0,0.0,0.3605042016806722,0.0,0.07097313481963874,0,0,0,0,0,0,0.13946957754694708,0.19899822943959916,4.0675542664453275,65.51994102622513,0,,4.197501767767285,1.3862943611198906,-2.8112074066473944,1.986448529338192,0.21048752113744257,0,0,0
VN,Viet Nam,E - 42_23,"Testing, Inspection, and Quality Assurance Services",E - I,Research and technology,Entrepreneurial,0.0,16.0,0.0,0.9208036171961328,0.0,0.19589274496573167,0,0,0,0,0,0,0.14143508874468264,0.21085829748269683,13.975853988309593,52.38433914668393,0,,3.977517428546132,2.833213344056216,-1.144304084489916,1.4833251217781422,0.22338224449085312,0,0,0
VN,Viet Nam,E - 42_24,Computer and Software Rental Services,E - I,Research and technology,Entrepreneurial,0.0,4.0,0.0,0.6014132925897632,0.0,0.11361905358880653,0,0,0,0,0,0,0.14003350495684455,0.2084801891541247,13.50639943964582,37.94451913073976,0,,3.6621380469016587,1.6094379124341003,-2.0527001344675586,1.6064885082194145,0.22384364173069987,0,0,0
VN,Viet Nam,E - 42_25,Online Platforms for Content Sharing and Collaboration,E - I,Research and technology,Entrepreneurial,0.0,6.0,0.0,0.3307954964931709,0.0,0.1468464536178586,0,0,0,0,0,0,0.1380166379120276,0.20219853681639433,13.497879862370223,43.08776085321914,0,,3.786182212260723,1.9459101490553132,-1.8402720632054097,2.010696336686877,0.2250048185079774,0,0,0
VN,Viet Nam,E - 42_26,Custom Software Development and Programming Services,E - I,Research and technology,Entrepreneurial,0.0,16.0,0.0,1.1380340318959243,0.0,0.1720668726764778,0,0,0,0,0,0,0.1386075498982226,0.20958129955899976,35.965042878186125,115.12776204399046,0,,4.754690981944709,2.833213344056216,-1.9214776378884926,1.2557328662908174,0.2535479453649265,0,0,0
VN,Viet Nam,E - 42_3,Professional Advisory and Consulting Services,E - I,Research and technology,Entrepreneurial,0.0,0.0,0.0,0.0,0.0,0.0,0,0,0,0,0,0,0.13648761368583553,0.2030733576354027,13.157120022339237,41.01720636493807,0,,3.7380792097450004,0.0,-3.7380792097450004,2.1974445954139488,0.203080375925315,0,0,0
VN,Viet Nam,E - 42_4,Engineering and Consulting for Energy Systems,E - I,Research and technology,Entrepreneurial,0.0,0.0,0.0,0.0,0.0,0.0,0,0,0,0,0,0,0.13856100983372474,0.20588150011434975,7.774472524620373,21.490404671347132,0,,3.1130887591996133,0.0,-3.1130887591996133,1.9306988514137984,0.19519044588346215,0,0,0
VN,Viet Nam,E - 42_5,Online Information and Web Services Solutions,E - I,Research and technology,Entrepreneurial,1.0,6.0,0.07692307692307693,0.655831571529246,0.05536435292827636,0.18470584773178525,0,0,0,0,0,0,0.14001050405108295,0.20554817356266522,12.574745134728719,35.37691390112309,0,,3.5939343399459274,1.9459101490553132,-1.6480241908906141,1.8035993557779506,0.21583203194284112,0,0,0
VN,Viet Nam,E - 42_6,Telecommunications and Network Technology Consulting Services,E - I,Research and technology,Entrepreneurial,0.0,3.0,0.0,0.2911129568106312,0.0,0.12244493685257933,0,0,0,0,0,0,0.14092731772087894,0.20881025123391256,13.002223907713706,37.54385527786165,0,,3.651796691140001,1.3862943611198906,-2.2655023300201105,1.7185833484861839,0.2369091603327101,0,0,0
VN,Viet Nam,E - 42_7,Laboratory Analysis and Scientific Testing Services,E - I,Research and technology,Entrepreneurial,0.0,9.0,0.0,1.0430814354727398,0.0,0.13116887640741315,0,0,0,0,0,0,0.141892227487141,0.20869149306738924,10.384437050711803,32.747675119997574,0,,3.51891152961243,2.302585092994046,-1.2163264366183841,2.3679870546994914,0.19536001850117105,0,0,0
VN,Viet Nam,E - 42_8,Cloud and SaaS Application Hosting Services,E - I,Research and technology,Entrepreneurial,0.0,3.0,0.0,0.19109730848861284,0.0,0.08161466182747719,0,0,0,0,0,0,0.12788521809964581,0.20436425222712346,5.567768062437821,57.61996950671407,0,,4.0710754150969075,1.3862943611198906,-2.6847810539770167,1.7013757686801474,0.21627120882526354,0,0,0
VN,Viet Nam,E - 42_9,Design and Creative Consultancy Services,E - I,Research and technology,Entrepreneurial,0.0,24.0,0.0,3.5194562565464467,0.0,0.2857688778813142,0,0,0,0,0,0,0.14228209621170726,0.2144158146430691,14.38649400851444,50.30168749830784,0,,3.9377236463395615,3.2188758248682006,-0.718847821471361,1.811002479513676,0.22609945826078498,0,0,0
VN,Viet Nam,E - 43_0,Food and Beverage Service Establishments,E - Z,Services,Entrepreneurial,3.0,10.0,1.0,1.1813375350140056,0.19270407688802654,0.37524228045234165,0,0,0,0,0,0,0.14199211504886697,0.21291813433159296,7.452303547406037,20.89323664282596,0,,3.0861777600302247,2.3978952727983707,-0.688282487231854,-0.006798346360660671,0.27447539889264033,0,0,0
VN,Viet Nam,E - 43_10,Event and Meeting Venue Services,E - Z,Services,Entrepreneurial,1.0,3.0,0.16666666666666666,0.1875,0.11414625152848452,0.3181525738910046,0,0,0,0,0,0,0.14597603982437232,0.21511124186862543,5.60237588830681,13.131877349770962,0,,2.6484330505582294,1.3862943611198906,-1.2621386894383388,0.3055590641782311,0.24609614632553584,0,0,0
VN,Viet Nam,E - 43_11,Food and Beverage Preparation and Service,E - Z,Services,Entrepreneurial,2.0,28.0,0.6666666666666666,5.257186248012086,0.08322123477047275,0.4561101171809303,0,0,0,0,0,0,0.1427824822560653,0.2147970724560056,14.516478306431939,31.459528726176977,0,,3.4799940433789844,3.367295829986474,-0.1126982133925103,-0.5426883769849945,0.30707132817572996,0,0,0
VN,Viet Nam,E - 43_12,"Lifestyle, Leisure, and Advisory Services",E - Z,Services,Entrepreneurial,0.0,1.0,0.0,0.16666666666666666,0.0,0.12271409633808757,0,0,0,0,0,0,0.1304173627130421,0.21545561685384532,2.2163699026958272,7.228916127542853,0,,2.107654308269149,0.6931471805599453,-1.4145071277092036,1.1968878429991852,0.20828403805069023,0,0,0
VN,Viet Nam,E - 43_13,Online Hotel and Restaurant Booking Services,E - Z,Services,Entrepreneurial,0.0,1.0,0.0,0.0625,0.0,0.15702902339796723,0,0,0,0,0,0,0.1437245805663634,0.21032141292522274,7.550459941599414,14.134818770944483,0,,2.7169979682324823,0.6931471805599453,-2.023850787672537,-0.08317031423013023,0.27230400967272683,0,0,0
VN,Viet Nam,E - 43_2,Food and Beverage Service Establishments,E - Z,Services,Entrepreneurial,9.0,16.0,5.527777777777778,2.459908963585434,0.3562748013034713,0.4385709964126847,0,0,0,0,0,0,0.14312200098281827,0.21582702382461977,7.819438283652129,14.59397341254232,0,,2.746884519905983,2.833213344056216,0.08632882415023335,-0.3226102222373054,0.29313831737604373,0,0,0
VN,Viet Nam,E - 43_3,Restaurant and Takeout Food Services,E - Z,Services,Entrepreneurial,5.0,31.0,1.3333333333333333,5.919175558786564,0.21189796956248066,0.5084503491003605,0,1,0,1,0,0,0.1466708704420108,0.20676881469340175,11.241564986630483,22.025841631605292,1,,3.1366171344203546,3.4657359027997265,0.32911876837937193,-0.9352973134593302,0.3182865140550479,0,0,0
VN,Viet Nam,E - 43_5,Temporary Accommodation and Related Hospitality Services,E - Z,Services,Entrepreneurial,2.0,11.0,0.19444444444444442,1.316399286987522,0.09659671581625605,0.3771415577598946,0,0,0,0,0,0,0.14390179549655913,0.21198910867703608,11.123664372842358,16.332247104032977,0,,2.8525687608746337,2.4849066497880004,-0.3676621110866334,-1.171999870588164,0.3165567359263901,0,0,0
VN,Viet Nam,E - 43_6,Food and Beverage Service Establishments,E - Z,Services,Entrepreneurial,2.0,28.0,0.5,3.9282091722319428,0.16778094331777932,0.5826744200828913,0,1,0,1,0,0,0.14839665425822074,0.21870439113524492,6.864927188255038,18.103763446793575,1,,2.9498853547420705,3.367295829986474,0.41741047524440367,-0.01791913736363407,0.28166345502409346,0,0,0
VN,Viet Nam,E - 43_7,"Hospitality, Accommodation, and Food Services",E - Z,Services,Entrepreneurial,1.0,22.0,0.3333333333333333,2.848199764855775,0.0648707957579295,0.48953467053540367,0,0,0,0,0,0,0.14024363061778022,0.20905687829548691,8.772565929936956,19.62803682533051,0,,3.0266511613980223,3.1354942159291497,0.10884305453112741,-0.8501797039247326,0.2809987206081899,0,0,0
VN,Viet Nam,E - 43_8,Temporary Rental of Event and Accommodation Equipment,E - Z,Services,Entrepreneurial,0.0,1.0,0.0,0.09090909090909091,0.0,0.12452107939426928,0,0,0,0,0,0,0.14610313547502374,0.21392895892306465,4.501844840512458,11.386541295022974,0,,2.5166105037265454,0.6931471805599453,-1.8234633231666,0.9910703277444712,0.2060107848337164,0,0,0
VN,Viet Nam,E - 44_0,"Health, Medical, and Scientific Services",E - F,Health,Entrepreneurial,0.0,0.0,0.0,0.0,0.0,0.0,0,0,0,0,0,0,0.14246423575640993,0.21917106733212796,4.600800003856228,13.000551393740473,0,,2.6390967141068558,0.0,-2.6390967141068558,1.247809684706084,0.1955490847294926,0,0,0
VN,Viet Nam,E - 44_12,Animal and Veterinary Health Services,E - F,Health,Entrepreneurial,0.0,0.0,0.0,0.0,0.0,0.0,0,0,0,0,0,0,0.14997166992354388,0.21342901102303719,6.892905367778152,9.357427709615578,0,,2.3377039154244814,0.0,-2.3377039154244814,0.859941652699613,0.20246406581732349,0,0,0
VN,Viet Nam,E - 44_14,"Health, Nutrition, and Weight Management Services",E - F,Health,Entrepreneurial,0.0,1.0,0.0,0.1,0.0,0.24958569793153929,0,0,0,0,0,0,0.13068898234759646,0.21370862080587502,1.9898364775200834,9.510711716517708,0,,2.352394900628229,0.6931471805599453,-1.6592477200682838,2.287910753638452,0.17651993073994623,0,0,0
VN,Viet Nam,E - 44_15,Wellness and Therapeutic Spa Services,E - F,Health,Entrepreneurial,0.0,1.0,0.0,0.14285714285714285,0.0,0.19931548795938864,0,0,0,0,0,0,0.1454337144119888,0.21800078013348861,3.8266246997449858,8.13569006693653,0,,2.212188727966114,0.6931471805599453,-1.5190415474061685,1.2103154020335856,0.22986741194571123,0,0,0
VN,Viet Nam,E - 44_16,Medical and Health Consultation Services,E - F,Health,Entrepreneurial,0.0,2.0,0.0,0.2,0.0,0.09606572285055069,0,0,0,0,0,0,0.14309332417785106,0.21274908049719976,5.684233986359663,19.87779084799314,0,,3.038685955117801,1.0986122886681098,-1.9400736664496911,2.2078334868219534,0.19693455262951134,0,0,0
VN,Viet Nam,E - 44_2,Medical and Healthcare Service Provision,E - F,Health,Entrepreneurial,0.0,10.0,0.0,1.2996031746031746,0.0,0.27314709796927644,0,0,0,0,0,0,0.1474105594811825,0.21816912422557955,11.249254168399265,25.07511616308633,0,,3.260981455837079,2.3978952727983707,-0.8630861830387082,0.8178131577169017,0.24708782540772045,0,0,0
VN,Viet Nam,E - 44_3,Online Medical and Health Information Services,E - F,Health,Entrepreneurial,0.0,4.0,0.0,0.42222222222222217,0.0,0.17727167731669602,0,0,0,0,0,0,0.12396530666391828,0.20264735501791983,2.711486075057982,17.764824188012522,0,,2.9319840633990766,1.6094379124341003,-1.3225461509649763,3.2128028698085336,0.14623385375690637,0,0,0
VN,Viet Nam,E - 44_4,Personal Beauty and Grooming Services,E - F,Health,Entrepreneurial,2.0,2.0,0.2857142857142857,0.47619047619047616,0.21892619117745124,0.15939465194180996,0,0,0,0,0,0,0.1442560524734288,0.2139205424304012,4.362087555276832,10.527296293095947,0,,2.4447178135564145,1.0986122886681098,-1.3461055248883047,0.8137612708217923,0.23802737741500607,0,0,0
VN,Viet Nam,E - 44_5,Therapeutic and Rehabilitation Healthcare Services,E - F,Health,Entrepreneurial,0.0,1.0,0.0,0.1,0.0,0.24757844943622623,0,0,0,0,0,0,0.1476030591633713,0.2154247571125771,3.6021210253811566,10.847311453567666,0,,2.4721009602841555,0.6931471805599453,-1.77895377972421,1.3345921243510495,0.21166502112155272,0,0,0
VN,Viet Nam,E - 44_6,Nursing and Assisted Care Services,E - F,Health,Entrepreneurial,0.0,0.0,0.0,0.0,0.0,0.0,0,0,0,0,0,0,0.14410213662824928,0.2117678308936431,2.8528001710658675,6.0962467395599775,0,,1.9595660160431165,0.0,-1.9595660160431165,2.26148416667614,0.17277018734874122,0,0,0
VN,Viet Nam,E - 44_7,Medical Diagnostic and Testing Services,E - F,Health,Entrepreneurial,0.0,15.0,0.0,6.299603174603175,0.0,0.3835349126092666,0,0,0,0,0,0,0.14024093184073952,0.21118395700725737,3.665037072231089,16.62074148564904,0,,2.8690767016685252,2.772588722239781,-0.0964879794287441,1.970026980334788,0.19048339386695115,0,0,0
VN,Viet Nam,E - 45_1,Legal and Litigation Support Services,E - I,Research and technology,Entrepreneurial,0.0,4.0,0.0,0.3084355258268302,0.0,0.22748686048148345,0,0,0,0,0,0,0.14101034197428952,0.21045477153819125,6.64429943719153,10.961095397655084,0,,2.4816593327612204,1.6094379124341003,-0.8722214203271201,0.7291511255515349,0.21972123155653966,0,0,0
VN,Viet Nam,E - 45_11,"Risk, Safety, Security, and Compliance Consulting",E - I,Research and technology,Entrepreneurial,0.0,0.0,0.0,0.0,0.0,0.0,0,0,0,0,0,0,0.13369414248196212,0.20286744400538523,3.3754505323376516,10.119302064059605,0,,2.4086825228292756,0.0,-2.4086825228292756,2.7045361326581485,0.16353589610193078,0,0,0
VN,Viet Nam,E - 45_2,Personalized Concierge and Home Care Services,E - I,Research and technology,Entrepreneurial,0.0,0.0,0.0,0.0,0.0,0.0,0,0,0,0,0,0,0.13869368517677175,0.1968951365358569,1.9257362362555672,4.818921915671468,0,,1.7611150067275596,0.0,-1.7611150067275596,2.3510823955004705,0.17570380804072416,0,0,0
VN,Viet Nam,E - 45_3,Varied Professional and Personal Support Services,E - I,Research and technology,Entrepreneurial,0.0,0.0,0.0,0.0,0.0,0.0,0,0,0,0,0,0,0.14085323539521927,0.20701226497694034,3.3364146198133593,7.2947772757864895,0,,2.1156260728643868,0.0,-2.1156260728643868,1.6885343524510976,0.18321256811186326,0,0,0
VN,Viet Nam,E - 45_5,Intellectual Property Legal and Advisory Services,E - I,Research and technology,Entrepreneurial,0.0,1.0,0.0,0.1111111111111111,0.0,0.14286820883958756,0,0,0,0,0,0,0.14167166932374278,0.21244033418484945,3.631243841078259,6.375171788601239,0,,1.9981191953242567,0.6931471805599453,-1.3049720147643113,2.2166402153794778,0.19357342028075628,0,0,0
VN,Viet Nam,E - 45_6,Intellectual Property and Technology Licensing,E - I,Research and technology,Entrepreneurial,0.0,2.0,0.0,0.18803418803418803,0.0,0.14540166750558156,0,0,0,0,0,0,0.13836453192564596,0.2081560437131597,4.619849603682659,12.018037205499954,0,,2.56633587315041,1.0986122886681098,-1.4677235844823,2.5803632536112993,0.18923229891993898,0,0,0
VN,Viet Nam,E - 45_7,Online Information and Advisory Services,E - I,Research and technology,Entrepreneurial,0.0,5.0,0.0,0.8084355258268301,0.0,0.3429825893344523,0,0,0,0,0,0,0.1371089506157319,0.2059154632868531,2.690870462319564,7.066269395366854,0,,2.0876910947735423,1.791759469228055,-0.29593162554548735,2.2464420212162217,0.1717588110707392,0,0,0
VN,Viet Nam,E - 4_0,"Lubricants, Oils, and Greases Products",E - C,Chemicals,Entrepreneurial,1.0,7.0,0.2,0.8971199408270345,0.09976335651865223,0.285874131574423,0,0,0,0,0,0,0.14509410138755324,0.20369196647850868,6.219102659432364,8.414750449082883,0,,2.242277656084216,2.0794415416798357,-0.16283611440438017,0.610889268719317,0.1968907454652675,0,0,0
VN,Viet Nam,E - 4_11,Diverse Consumer and Industrial Goods,E - C,Chemicals,Entrepreneurial,0.0,0.0,0.0,0.0,0.0,0.0,0,0,0,0,0,0,0.14545755106240782,0.20902795130195165,3.124243679129313,5.781433363914348,0,,1.914188490215067,0.0,-1.914188490215067,1.371812535764891,0.1909513529303901,0,0,0
VN,Viet Nam,E - 4_3,Candles and wicks for lighting,E - C,Chemicals,Entrepreneurial,1.0,0.0,0.2,0.0,0.11695204664245705,0.0,0,0,0,0,0,0,0.14370739729336432,0.2043570755597391,5.023252183047954,11.708705265853498,0,,2.5422872126524596,0.0,-2.5422872126524596,0.877575908271276,0.2005354976514372,0,0,0
VN,Viet Nam,E - 4_6,Fuels and Petroleum-Based Energy Products,E - C,Chemicals,Entrepreneurial,1.0,5.0,0.2,0.32211994082703466,0.10539905893005812,0.2939596757788431,0,0,0,0,0,0,0.14510600213805336,0.21103281671306373,5.708872601329693,8.590589453292756,0,,2.2607823524175577,1.791759469228055,-0.4690228831895027,0.9918464660375111,0.2089000838946156,0,0,0
VN,Viet Nam,E - 4_7,"Industrial Oils, Fats, and Lubricants",E - C,Chemicals,Entrepreneurial,1.0,6.0,0.2,0.5221199408270346,0.09745595788438256,0.2801805353706797,0,0,0,0,0,0,0.14246818910317102,0.20884195626771804,5.746911784245219,8.6394478608793,0,,2.2658638311397343,1.9459101490553132,-0.3199536820844211,-0.7133525719591605,0.24662801538910417,0,0,0
VN,Viet Nam,E - 4_8,Industrial and Cosmetic Waxes and Derivatives,E - C,Chemicals,Entrepreneurial,0.0,0.0,0.0,0.0,0.0,0.0,0,0,0,0,0,0,0.1413577524271159,0.20391192071819572,1.9049793782579725,5.2850420229724495,0,,1.838172528252547,0.0,-1.838172528252547,1.913821681744807,0.16161543513004537,0,0,0
VN,Viet Nam,E - 5_0,Wound Care and Medical Dressings,E - F,Health,Entrepreneurial,2.0,2.0,0.5,0.47619047619047616,0.07841153182923846,0.09273338444679853,0,0,0,0,0,0,0.1469605851011737,0.21969036793806115,15.381866755703314,31.949108461718303,0,,3.4949642032749737,1.0986122886681098,-2.396351914606864,0.10488202319296898,0.25190233061067446,0,0,0
VN,Viet Nam,E - 5_1,Vitamin and Mineral Dietary Supplements,E - F,Health,Entrepreneurial,1.0,6.0,0.07142857142857142,0.48998682476943345,0.07245384109098738,0.27928945277228945,0,0,0,0,0,0,0.1485546172553489,0.22045358375819596,10.094556825923686,36.13641264970027,0,,3.6145979613213863,1.9459101490553132,-1.668687812266073,1.0430749138027737,0.2554975857558555,0,0,0
VN,Viet Nam,E - 5_10,Antimicrobial and Disinfectant Cleaning Products,E - F,Health,Entrepreneurial,4.0,14.0,0.9,3.075,0.11287752291408919,0.22344456924502618,0,0,0,0,0,0,0.14700431520172424,0.22269538584754586,19.612265902025722,47.75048502825471,0,,3.8867151466918948,2.70805020110221,-1.1786649455896847,-0.4974701898922567,0.2721989638133792,0,0,0
VN,Viet Nam,E - 5_12,Medical and Veterinary Diagnostic Reagents,E - F,Health,Entrepreneurial,3.0,3.0,2.5,0.8666666666666667,0.19539801834361378,0.12158464187956337,0,0,0,0,0,0,0.14351545581200661,0.20860684411155989,8.200675190697792,29.679947913140126,0,,3.423609278751204,1.3862943611198906,-2.0373149176313134,1.8030143279993898,0.19059126295563636,0,0,0
VN,Viet Nam,E - 5_13,Infant and Medical Nutritional Products,E - F,Health,Entrepreneurial,1.0,37.0,0.07142857142857142,7.0459010479417215,0.08316681261863769,0.5742997310785002,0,1,0,1,0,0,0.14680645910432805,0.21904365693202035,7.9704465866949095,21.544070762532037,1,,3.1154720940146006,3.6375861597263857,0.5221140657117851,0.9630222228685862,0.2332270503246734,0,0,0
VN,Viet Nam,E - 5_14,Medicated and Dietetic Foods and Supplements,E - F,Health,Entrepreneurial,7.0,48.0,2.488095238095238,7.14197671140869,0.16084414532177008,0.4971047664706946,0,0,0,0,0,0,0.14637909521425652,0.22525855714503837,21.571175119021838,51.60985990311598,0,,3.9629035528065715,3.8918202981106265,-0.07108325469594501,-0.022305846051272983,0.2814465110322281,0,0,0
VN,Viet Nam,E - 5_15,Veterinary Medicines and Nutritional Supplements,E - F,Health,Entrepreneurial,10.0,5.0,3.066666666666667,1.068478260869565,0.33514889058233693,0.14338910911484057,0,0,0,0,0,0,0.15016164567291707,0.21643717091433917,11.357582056656419,31.38534538273341,0,,3.4777060174763714,1.791759469228055,-1.6859465482483165,0.7731172876641529,0.23858119719894655,0,0,0
VN,Viet Nam,E - 5_16,Medicated Dermatological and Skin Care Products,E - F,Health,Entrepreneurial,0.0,5.0,0.0,0.634387351778656,0.0,0.17798161882464836,0,0,0,0,0,0,0.14463001834674244,0.21638689808808756,8.174594284886156,30.372026287096315,0,,3.4459166132659274,1.791759469228055,-1.6541571440378724,0.7753184387722178,0.22884076263925496,0,0,0
VN,Viet Nam,E - 5_17,Insect and Pest Control Products,E - F,Health,Entrepreneurial,8.0,2.0,4.0,0.625,0.23262522964664148,0.1416871433148488,0,0,0,0,0,0,0.14555815969885294,0.21683532464420768,13.924510087309564,26.574309767240624,0,,3.3168845337198682,1.0986122886681098,-2.2182722450517582,-0.17634885190346267,0.25041667013745483,0,0,0
VN,Viet Nam,E - 5_18,Agricultural and Horticultural Pest Control Products,E - F,Health,Entrepreneurial,16.0,8.0,6.666666666666666,1.1871794871794872,0.3175059812317107,0.1617155291518639,0,0,0,0,0,0,0.1465626876480154,0.2135833958203026,16.884133449219835,28.11325350911413,0,,3.371193517541516,2.1972245773362196,-1.1739689402052966,0.2544421553368113,0.24040330730458315,0,0,0
VN,Viet Nam,E - 5_19,Pharmaceuticals for Disease Prevention and Treatment,E - F,Health,Entrepreneurial,17.0,19.0,6.9,2.2503364675945323,0.35187672803298903,0.3318748691728638,0,0,0,0,0,0,0.14540839307115735,0.21095410953335933,17.744110408131583,54.238411825115556,0,,4.01165857767731,2.995732273553991,-1.0159263041233193,1.322100341932383,0.20424675333890527,0,0,0
VN,Viet Nam,E - 5_2,Pharmaceuticals for Disease Treatment and Prevention,E - F,Health,Entrepreneurial,1.0,7.0,0.07142857142857142,1.2407004830917876,0.05702975147096636,0.168271365045694,0,0,0,0,0,0,0.1454469661263646,0.2150736721866249,12.489676330015751,42.62904642373704,0,,3.7757231309199835,2.0794415416798357,-1.6962815892401477,0.766817258440653,0.22924832529775818,0,0,0
VN,Viet Nam,E - 5_20,Miscellaneous Goods and Consumable Products,E - F,Health,Entrepreneurial,1.0,6.0,0.5,2.2365518539431584,0.06021615945270318,0.13163938102422337,0,0,0,0,0,0,0.14572771626209943,0.2154261500161609,10.97568009874094,29.517753606648014,0,,3.4183085997312044,1.9459101490553132,-1.4723984506758911,1.1762731913158875,0.2353099240948315,0,0,0
VN,Viet Nam,E - 5_21,Non-personal Deodorizing and Air Freshening Products,E - F,Health,Entrepreneurial,0.0,0.0,0.0,0.0,0.0,0.0,0,0,0,0,0,0,0.14622680010772887,0.2155542682482286,5.111492698928027,13.5286597883964,0,,2.6761232357779026,0.0,-2.6761232357779026,1.3358510970622834,0.18896336079251239,0,0,0
VN,Viet Nam,E - 5_3,Medicinal and therapeutic topical preparations,E - F,Health,Entrepreneurial,2.0,8.0,2.0,1.65,0.11575456970121088,0.24040660607767642,0,0,0,0,0,0,0.1447564680239838,0.21882755092297324,10.378656180336634,34.67022698256662,0,,3.5743163627530383,2.1972245773362196,-1.3770917854168188,0.6192595642602456,0.2428030700721667,0,0,0
VN,Viet Nam,E - 5_4,Nutritional and Dietary Supplements Products,E - F,Health,Entrepreneurial,4.0,58.0,1.4714285714285713,13.63010802454,0.1367488776869902,0.4742574923456948,0,0,0,0,0,0,0.1490673564236739,0.21989192787761208,17.92402849887324,63.65118784253018,0,,4.169006478483419,4.07753744390572,-0.09146903457769895,0.2393128824710329,0.2792226491708914,0,0,0
VN,Viet Nam,E - 5_5,Pharmaceutical and Medicinal Preparations,E - F,Health,Entrepreneurial,4.0,30.0,3.0,6.676501276501278,0.07034725502573061,0.32269125187889336,0,0,0,0,0,0,0.13992833079479708,0.2225147778257566,30.77440020461771,69.83487271377331,0,,4.260351431889957,3.4339872044851463,-0.8263642274048104,-0.47002938991959814,0.2819635473711942,0,0,0
VN,Viet Nam,E - 5_6,Dental and Oral Care Materials,E - F,Health,Entrepreneurial,0.0,0.0,0.0,0.0,0.0,0.0,0,0,0,0,0,0,0.14598088425489028,0.21846455659682293,12.403583496285325,20.556563274001554,0,,3.0706803304591843,0.0,-3.0706803304591843,-0.01430506175780042,0.25749726756208136,0,0,0
VN,Viet Nam,E - 5_7,Absorbent Hygienic Products for Personal Care,E - F,Health,Entrepreneurial,3.0,8.0,1.5,1.022314239705544,0.20230247455835568,0.3293915885763034,0,0,0,0,0,0,0.15270007782197664,0.22087298063090213,8.149285470265522,22.232051749984283,0,,3.1455328661702198,2.1972245773362196,-0.9483082888340002,-0.02165474913385913,0.2256214013695707,0,0,0
VN,Viet Nam,E - 5_8,Herbal and Botanical Health Supplements,E - F,Health,Entrepreneurial,3.0,21.0,0.4714285714285714,2.7086958934785024,0.2043302052911768,0.4252932654642947,0,0,0,0,0,0,0.14950017792414474,0.21651810017448062,7.669087792742048,25.67405595677284,0,,3.2836914060000884,3.091042453358316,-0.1926489526417723,0.8632548906413173,0.24115638549909102,0,0,0
VN,Viet Nam,E - 6_0,Metal goods and hardware products,E - E,Construction,Entrepreneurial,6.0,2.0,1.5434782608695652,0.6666666666666666,0.2628411586016488,0.09013677102735662,0,0,0,0,0,0,0.14785035496939777,0.21195589824292976,10.034628279117578,15.244618519982486,0,,2.7877616859264367,1.0986122886681098,-1.689149397258327,1.3363689716479508,0.2038080523255745,0,0,0
VN,Viet Nam,E - 6_1,Metal Structural and Utility Products,E - E,Construction,Entrepreneurial,3.0,3.0,0.4601449275362318,0.9583333333333333,0.15671649867582968,0.12395375985986008,0,0,0,0,0,0,0.1477991680295259,0.21353642743284448,11.614602088765967,26.010511945332578,0,,3.296226121543175,1.3862943611198906,-1.9099317604232844,1.8539851499271902,0.17552926523009818,0,0,0
VN,Viet Nam,E - 6_10,Metal Pipes and Fittings Products,E - E,Construction,Entrepreneurial,10.0,3.0,1.8768115942028987,0.7083333333333333,0.34539415938176066,0.1610337599105572,0,0,0,0,0,0,0.15060381625617156,0.20746273262021805,11.430985188631302,14.866614216879238,0,,2.7642171669049294,1.3862943611198906,-1.3779228057850388,2.075495400699747,0.16410074121456575,0,0,0
VN,Viet Nam,E - 6_13,Metal Fasteners and Small Hardware,E - E,Construction,Entrepreneurial,4.0,2.0,1.0,0.375,0.2992445563105794,0.11078720740921386,0,0,0,0,0,0,0.14205478518664524,0.21138106392924497,5.5086968939941094,16.220867862938228,0,,2.846121896274233,1.0986122886681098,-1.7475096076061234,1.2687556258098613,0.1765469978979421,0,0,0
VN,Viet Nam,E - 6_14,Metal Construction Materials and Structures,E - E,Construction,Entrepreneurial,17.0,7.0,6.960144927536233,2.1666666666666665,0.4332705239866545,0.2899260380136998,0,0,0,0,0,0,0.14933487393137404,0.2170209090366425,11.92697118436418,19.79675768407367,0,,3.0347970939832516,2.0794415416798357,-0.9553555523034158,1.2527401762226482,0.20170722478039463,0,0,0
VN,Viet Nam,E - 6_2,Metal Containers and Storage Solutions,E - E,Construction,Entrepreneurial,0.0,2.0,0.0,0.08333333333333333,0.0,0.10881702541735665,0,0,0,0,0,0,0.1430398335691033,0.21192462095938389,5.97770069877527,16.738913826169522,0,,2.8757607476208005,1.0986122886681098,-1.7771484589526907,1.2457261109266313,0.20088553377136617,0,0,0
VN,Viet Nam,E - 6_4,Raw and Semi-Finished Metal Materials,E - E,Construction,Entrepreneurial,20.0,13.0,7.8768115942029,5.375,0.40485036529360546,0.29113857274200494,0,0,0,0,0,0,0.14685750483391236,0.2137167898976756,14.956208395765454,23.73156701538495,0,,3.2080804444827837,2.6390573296152584,-0.5690231148675253,0.16941054470146497,0.21157162561496004,0,0,0
VN,Viet Nam,E - 6_6,"Metal Cables, Wires, and Accessories",E - E,Construction,Entrepreneurial,10.0,4.0,1.8768115942028987,2.0,0.38690831515094415,0.153978674302186,0,0,0,0,0,0,0.15115651341732597,0.21781330865323453,9.022408125691666,14.416343223876025,0,,2.735428194997333,1.6094379124341003,-1.1259902825632329,0.9340763667281375,0.19972681860106403,0,0,0
VN,Viet Nam,E - 7_0,Power Generation Equipment and Systems,E - J,Transportation,Entrepreneurial,2.0,4.0,0.34285714285714286,0.765079365079365,0.16822383311967687,0.133011173324288,0,0,0,0,0,0,0.14411127081298625,0.20295881304302407,7.244932029395212,16.43941493367421,0,,2.858732870537042,1.6094379124341003,-1.2492949581029416,2.3321862722924247,0.16784992512740501,0,0,0
VN,Viet Nam,E - 7_1,Electric Kitchen Food Processing Machines,E - J,Transportation,Entrepreneurial,0.0,4.0,0.0,0.23888888888888887,0.0,0.18220984067137336,0,0,0,0,0,0,0.14440123056133458,0.19304777370662773,6.255931415006304,17.31288762034408,0,,2.9076050535345153,1.6094379124341003,-1.298167141100415,2.146248127197577,0.1521820486970164,0,0,0
VN,Viet Nam,E - 7_10,Agricultural and Gardening Machinery and Equipment,E - J,Transportation,Entrepreneurial,2.0,5.0,0.34285714285714286,1.015079365079365,0.13509107150828092,0.16644034477755,0,0,0,0,0,0,0.1510776003040494,0.20546710348239566,10.051344721810967,19.365694830986314,0,,3.0138518593981,1.791759469228055,-1.2220923901700451,1.7037510677934793,0.17081696960431747,0,0,0
VN,Viet Nam,E - 7_11,Engine Components and Engine Systems,E - J,Transportation,Entrepreneurial,2.0,6.0,0.34285714285714286,1.1595238095238094,0.14942647526429506,0.19517343371727108,0,0,0,0,0,0,0.14362778368294873,0.202488590847033,8.474922007699014,17.36728500165573,0,,2.9105710930759217,1.9459101490553132,-0.9646609440206084,2.597932167883216,0.16675908113652754,0,0,0
VN,Viet Nam,E - 7_13,Automated Cleaning and Washing Machines,E - J,Transportation,Entrepreneurial,2.0,6.0,0.41666666666666663,0.5817460317460317,0.14185309037210975,0.15427659620864415,0,0,0,0,0,0,0.1445696309758587,0.19511812281626872,9.15796667403043,25.61308812840809,0,,3.281403129680733,1.9459101490553132,-1.3354929806254197,2.221367092478729,0.15396545518483834,0,0,0
VN,Viet Nam,E - 7_14,Industrial Manufacturing and Processing Machines,E - J,Transportation,Entrepreneurial,3.0,7.0,0.95,0.7611111111111111,0.14499565079255752,0.16348591813183605,0,0,0,0,0,0,0.141852416753708,0.2028637921644682,12.469632925962827,32.46519505689888,0,,3.510505945219285,2.0794415416798357,-1.431064403539449,1.4351339883552041,0.17592253299847296,0,0,0
VN,Viet Nam,E - 7_15,Industrial Machinery and Machine Tools,E - J,Transportation,Entrepreneurial,2.0,3.0,0.39285714285714285,0.37777777777777777,0.09650963309545821,0.11336991448798198,0,0,0,0,0,0,0.14867031976736544,0.20208206887577337,14.736650049905005,26.73946089481701,0,,3.322855980480716,1.3862943611198906,-1.9365616193608253,1.9224495395970045,0.17187618286422693,0,0,0
VN,Viet Nam,E - 7_16,Industrial Machine Parts and Components,E - J,Transportation,Entrepreneurial,1.0,2.0,0.5,0.41666666666666663,0.06175233621453114,0.08550569761108841,0,0,0,0,0,0,0.14216423441590015,0.1990449735630354,12.037595502915163,26.82735684236431,0,,3.326019595905721,1.0986122886681098,-2.227407307237611,2.9711322485783125,0.15610772838210535,0,0,0
VN,Viet Nam,E - 7_17,Industrial Processing and Packaging Machinery,E - J,Transportation,Entrepreneurial,0.0,0.0,0.0,0.0,0.0,0.0,0,0,0,0,0,0,0.144110146052994,0.1975948659062713,12.555887644777984,28.049394148726645,0,,3.368997627614922,0.0,-3.368997627614922,2.177796201703192,0.1758405240283618,0,0,0
VN,Viet Nam,E - 7_18,Industrial and Service Robotics Applications,E - J,Transportation,Entrepreneurial,2.0,0.0,0.8333333333333333,0.0,0.29072355230186775,0.0,0,0,0,0,0,0,0.14457295321741445,0.1974816282038514,3.181176083098711,14.383938309921694,0,,2.733323998262948,0.0,-2.733323998262948,3.0273441294414787,0.1607429208319273,0,0,0
VN,Viet Nam,E - 7_19,Non-land Vehicle Power Transmission Machinery,E - J,Transportation,Entrepreneurial,0.0,4.0,0.0,0.7317460317460316,0.0,0.13157880990055132,0,0,0,0,0,0,0.1495151735256208,0.20859399831062744,15.231764676251666,22.937988820715027,0,,3.175466687441087,1.6094379124341003,-1.5660287750069866,1.6599780337723196,0.19032768464616534,0,0,0
VN,Viet Nam,E - 7_2,Industrial and Technical Equipment and Supplies,E - J,Transportation,Entrepreneurial,1.0,1.0,0.25,0.25,0.05399575920173175,0.07450053740862968,0,0,0,0,0,0,0.1485687739819073,0.20566008555363363,13.99268768064526,26.016661286829915,0,,3.2964537603832627,0.6931471805599453,-2.6033065798233173,1.7631793201685713,0.1821124379885615,0,0,0
VN,Viet Nam,E - 7_20,Industrial Processing and Treatment Machinery,E - J,Transportation,Entrepreneurial,0.0,3.0,0.0,0.47777777777777775,0.0,0.10654350847368668,0,0,0,0,0,0,0.1398012915041388,0.197754683698761,9.10667009846102,24.044197689834327,0,,3.220642171552369,1.3862943611198906,-1.8343478104324784,2.8635849495039283,0.14850553986835646,0,0,0
VN,Viet Nam,E - 7_3,Industrial Printing and Processing Machinery,E - J,Transportation,Entrepreneurial,2.0,0.0,2.0,0.0,0.21541801844778005,0.0,0,0,0,0,0,0,0.14327725504063338,0.19169400045275614,5.311076223955543,14.754098989940582,0,,2.75710058474118,0.0,-2.75710058474118,2.963644105008771,0.13661865483913777,0,0,0
VN,Viet Nam,E - 7_4,"Lifting, Hoisting, and Material Handling Equipment",E - J,Transportation,Entrepreneurial,1.0,0.0,0.14285714285714285,0.0,0.08916304244762968,0.0,0,0,0,0,0,0,0.1432521830671038,0.20087151645643175,8.229518094737283,19.349075862659625,0,,3.0130354987031227,0.0,-3.0130354987031227,2.8986351693076666,0.16017956890925858,0,0,0
VN,Viet Nam,E - 7_5,Heavy Industrial and Construction Machinery,E - J,Transportation,Entrepreneurial,0.0,1.0,0.0,0.2222222222222222,0.0,0.06849960439928261,0,0,0,0,0,0,0.14200167328685298,0.19837342106632674,5.930294821319795,14.059302192200331,0,,2.711995886118979,0.6931471805599453,-2.0188487055590336,2.46523631887729,0.16243523708311974,0,0,0
VN,Viet Nam,E - 7_6,Industrial and Mechanical Fluid Pumps,E - J,Transportation,Entrepreneurial,3.0,4.0,0.4261904761904762,0.765079365079365,0.17444310983394543,0.09692654494521168,0,0,0,0,0,0,0.14404759898351915,0.19725605044848532,9.75041991697027,21.307882135123144,0,,3.1049400749882974,1.6094379124341003,-1.495502162554197,2.2798667346773636,0.16478918444403115,0,0,0
VN,Viet Nam,E - 7_7,Industrial Filtration and Separation Equipment,E - J,Transportation,Entrepreneurial,2.0,1.0,1.25,0.2,0.2021458826329961,0.06906349307116733,0,0,0,0,0,0,0.1425342349240073,0.19154850038777618,5.225395505324666,12.724060050983756,0,,2.6191505006047997,0.6931471805599453,-1.9260033200448543,3.2556835963522213,0.13942004981503744,0,0,0
VN,Viet Nam,E - 7_8,"Industrial Valves, Actuators, and Controls",E - J,Transportation,Entrepreneurial,0.0,1.0,0.0,0.2,0.0,0.052951136145265164,0,0,0,0,0,0,0.14090570720521536,0.19862741363717468,7.864985980018746,18.203544299606225,0,,2.9550948609352727,0.6931471805599453,-2.2619476803753273,3.206843828842259,0.1501737346678788,0,0,0
VN,Viet Nam,E - 7_9,Power and Pneumatic Tools for Drilling,E - J,Transportation,Entrepreneurial,0.0,4.0,0.0,0.5206349206349206,0.0,0.1651291463225129,0,0,0,0,0,0,0.1424753168135408,0.1959278573778597,5.685612115347691,17.190411754013375,0,,2.9008946285582415,1.6094379124341003,-1.2914567161241413,2.331749719564507,0.15884413689193147,0,0,0
VN,Viet Nam,E - 8_12,Varied Physical Goods and Devices,E - G,Household equipment,Entrepreneurial,1.0,0.0,0.3333333333333333,0.0,0.09721081321198564,0.0,0,0,0,0,0,0,0.14588974201974403,0.20443740238439295,6.900882634412595,17.922506321779256,0,,2.940352024289081,0.0,-2.940352024289081,1.6304574145194446,0.16417036111355898,0,0,0
VN,Viet Nam,E - 8_13,Manual Abrasive and Cutting Hand Tools,E - G,Household equipment,Entrepreneurial,0.0,1.0,0.0,0.1,0.0,0.11505725522869231,0,0,0,0,0,0,0.14325136885995754,0.19583324515142003,2.8665819786252866,9.257734606126126,0,,2.3280320167398343,0.6931471805599453,-1.634884836179889,1.9711548900726943,0.13563549352514176,0,0,0
VN,Viet Nam,E - 8_3,Manicure and Pedicure Tools and Kits,E - G,Household equipment,Entrepreneurial,3.0,3.0,1.3333333333333333,0.7428571428571429,0.36949433577474283,0.16207296908486543,0,0,0,0,0,0,0.14620963530339576,0.18659057300028914,3.3207006109223673,15.41322214772266,0,,2.7980872385221924,1.3862943611198906,-1.4117928774023019,2.370495410603407,0.10922536020975414,0,0,0
VN,Viet Nam,E - 8_5,Hand-Operated Cutting and Trimming Tools,E - G,Household equipment,Entrepreneurial,3.0,3.0,1.3333333333333333,1.1,0.3397401007628154,0.12714950731014352,0,0,0,0,0,0,0.14583666132837794,0.1893214597294593,3.7466504549308364,18.71350860423237,0,,2.9813041166990626,1.3862943611198906,-1.595009755579172,2.119910968065368,0.12741874272530326,0,0,0
VN,Viet Nam,E - 8_6,Manual Hand Tools and Implements,E - G,Household equipment,Entrepreneurial,0.0,1.0,0.0,0.1,0.0,0.09485309893542355,0,0,0,0,0,0,0.1437023754510121,0.19877324363429785,7.1367982367835525,16.536184783359992,0,,2.8642664480823496,0.6931471805599453,-2.1711192675224043,0.26330941004355257,0.18251912153908004,0,0,0
VN,Viet Nam,E - 8_8,Table and Kitchen Cutlery and Utensils,E - G,Household equipment,Entrepreneurial,0.0,0.0,0.0,0.0,0.0,0.0,0,0,0,0,0,0,0.1487399550838097,0.20384846567806045,6.181169128195853,13.72138940086997,0,,2.68930149749246,0.0,-2.68930149749246,1.2508325774295792,0.1746822480057585,0,0,0
VN,Viet Nam,E - 8_9,Personal Hair Styling and Grooming Devices,E - G,Household equipment,Entrepreneurial,0.0,0.0,0.0,0.0,0.0,0.0,0,0,0,0,0,0,0.1397316699936584,0.18550991355749813,3.271941486033014,16.22634669339845,0,,2.846439996334107,0.0,-2.846439996334107,1.8226093028714248,0.12431392256218668,0,0,0
VN,Viet Nam,E - 9_0,"Scientific, Electronic, and Measurement Apparatus",E - I,Research and technology,Entrepreneurial,8.0,24.0,1.3351449275362317,8.245367912381376,0.10225102965172478,0.1104321561390241,0,0,0,0,0,0,0.13428061403317162,0.2036653622140329,40.4834770852016,139.75722822467884,0,,4.947036620761059,3.2188758248682006,-1.7281607958928586,1.3739526619262439,0.2242031666695283,0,0,0
VN,Viet Nam,E - 9_1,Mobile Application Software Solutions,E - I,Research and technology,Entrepreneurial,0.0,1.0,0.0,0.14285714285714285,0.0,0.01002636269087081,0,0,0,0,0,0,0.12739457492640327,0.2007794759369974,10.508839541722015,92.82024810123707,0,,4.541380697335496,0.6931471805599453,-3.848233516775551,1.7973495047338655,0.22624662683068125,0,0,0
VN,Viet Nam,E - 9_10,Laboratory and Scientific Research Equipment,E - I,Research and technology,Entrepreneurial,2.0,1.0,1.0434782608695652,0.125,0.07912444541254451,0.022237909117553425,0,0,0,0,0,0,0.13847804173808642,0.2026279250644665,16.341842327084127,43.69276796665023,0,,3.7998116980747834,0.6931471805599453,-3.106664517514838,2.414094098393974,0.1881104313186407,0,0,0
VN,Viet Nam,E - 9_11,Measurement and Sensing Instruments and Devices,E - I,Research and technology,Entrepreneurial,3.0,8.0,0.3351449275362318,1.2369453044375645,0.07526712049542528,0.06901731185924694,0,0,0,0,0,0,0.13840094180727613,0.20106285707511914,26.263444904002004,87.56377831450762,0,,4.483722951384924,2.1972245773362196,-2.2864983740487044,2.3778974186354844,0.1843627654037351,0,0,0
VN,Viet Nam,E - 9_12,Downloadable Digital Educational and Entertainment Content,E - I,Research and technology,Entrepreneurial,0.0,1.0,0.0,0.1,0.0,0.04072341706976728,0,0,0,0,0,0,0.13251520006256462,0.196860292675721,23.246077138218,83.45372719918684,0,,4.43620377726138,0.6931471805599453,-3.743056596701434,1.8075911838191812,0.22922318390154672,0,0,0
VN,Viet Nam,E - 9_13,Electrical Components and Power Distribution,E - I,Research and technology,Entrepreneurial,13.0,13.0,3.5471014492753623,4.138636363636364,0.16992228095679124,0.11630547580394891,0,0,0,0,0,0,0.14238401118052496,0.20121981879077294,40.466842170682234,88.71083893256343,0,,4.496591597133346,2.6390573296152584,-1.8575342675180875,0.8846016912451943,0.19895178991131723,0,0,0
VN,Viet Nam,E - 9_14,Computer Software and Related Documentation,E - I,Research and technology,Entrepreneurial,5.0,5.0,0.4619565217391304,0.3849504918246368,0.06334000612657803,0.07393722181845078,0,0,0,0,0,0,0.13702647642998547,0.20294649142590757,49.77242090597942,125.6965604013308,0,,4.8417949393763555,1.791759469228055,-3.0500354701483006,1.4341049169315736,0.2466732824390154,0,0,0
VN,Viet Nam,E - 9_15,Personal Protective Safety Equipment and Gear,E - I,Research and technology,Entrepreneurial,5.0,6.0,1.3768115942028984,1.827922077922078,0.11425582452557996,0.08785720473779164,0,0,0,0,0,0,0.14562071635400753,0.19416913223158624,27.3036620566589,43.318339531230535,0,,3.7913985762866065,1.9459101490553132,-1.8454884272312932,0.4462602624926963,0.2286725743092384,0,0,0
VN,Viet Nam,E - 9_16,Telecommunication and Signal Transmission Devices,E - I,Research and technology,Entrepreneurial,9.0,4.0,0.8387681159420289,0.9583333333333333,0.1611906435638896,0.043160508168395825,0,0,0,0,0,0,0.13527683882016642,0.19727958825953748,25.784495284985212,86.07002350920823,0,,4.466712662844028,1.6094379124341003,-2.8572747504099274,1.8381054580776417,0.1970239797414164,0,0,0
VN,Viet Nam,E - 9_17,Audio and Video Electronic Devices,E - I,Research and technology,Entrepreneurial,4.0,20.0,0.4601449275362318,7.169298245614034,0.05994845535687671,0.14373218676521027,0,0,0,0,0,0,0.13450660324728986,0.1950783714951027,36.170194740377895,90.70816827778813,0,,4.5186114513890345,3.044522437723423,-1.4740890136656115,0.8934756195731859,0.2187736169372202,0,0,0
VN,Viet Nam,E - 9_18,Audio-visual media and storage devices,E - I,Research and technology,Entrepreneurial,2.0,6.0,0.24347826086956523,1.4176470588235295,0.031386548476119845,0.10642054874923862,0,0,0,0,0,0,0.13300446920333056,0.19308156549891137,36.77205594664123,58.86008514139279,0,,4.092009924765552,1.9459101490553132,-2.1460997757102387,0.7630616266108321,0.2540414368012343,0,0,0
VN,Viet Nam,E - 9_19,"Batteries, Chargers, and Power Devices",E - I,Research and technology,Entrepreneurial,12.0,16.0,6.668478260869566,3.2417676767676773,0.2530424689921431,0.12432833410976844,0,0,0,0,0,0,0.13918117148422907,0.18626217568035255,20.802800548278988,78.37400764583035,0,,4.374170955034929,2.833213344056216,-1.5409576109787126,1.7528470772256046,0.16812316957140885,0,0,0
VN,Viet Nam,E - 9_2,Imaging and Optical Processing Equipment,E - I,Research and technology,Entrepreneurial,5.0,6.0,0.6184782608695651,0.619298245614035,0.11702351455128127,0.053943624254375086,0,0,0,0,0,0,0.13377333783934903,0.1966487226787195,21.75442072486298,81.01623309258322,0,,4.406917192215556,1.9459101490553132,-2.461007043160243,1.8208040892169848,0.1805625935098301,0,0,0
VN,Viet Nam,E - 9_21,Computing Devices and Data Processing Equipment,E - I,Research and technology,Entrepreneurial,8.0,9.0,0.8721014492753623,2.1209216222374114,0.08701696296165799,0.0735753350742827,0,0,0,0,0,0,0.1366650088457353,0.19598359192389378,50.07732285469762,131.05220695952258,0,,4.883197351663098,2.302585092994046,-2.580612258669052,1.0615244606777623,0.2247920505752181,0,0,0
VN,Viet Nam,E - 9_22,Electronic Safety and Security Devices,E - I,Research and technology,Entrepreneurial,9.0,7.0,0.9971014492753623,0.744298245614035,0.19266016544400313,0.07099925085174956,0,0,0,0,0,0,0.13878249805470153,0.19944531210494876,22.94066977381552,86.42456027263127,0,,4.470776253169919,2.0794415416798357,-2.391334711490083,2.0563170571592924,0.19129562805803335,0,0,0
VN,Viet Nam,E - 9_23,Digital and Interactive Gaming Software Products,E - I,Research and technology,Entrepreneurial,1.0,6.0,0.043478260869565216,4.148255813953488,0.029380972006315988,0.10430286671099208,0,0,0,0,0,0,0.13091927678633297,0.19235880632554056,20.153186076449913,57.698153566166404,0,,4.072408270907741,1.9459101490553132,-2.1264981218524275,1.7200360716044485,0.24080189250397113,0,0,0
VN,Viet Nam,E - 9_24,Electronic Control and Monitoring Devices,E - I,Research and technology,Entrepreneurial,4.0,2.0,0.5,0.11363636363636363,0.10503973411382916,0.04852501996927062,0,0,0,0,0,0,0.14249715300972887,0.20374344394951854,24.69426509681483,72.30509989781223,0,,4.294630182158718,1.0986122886681098,-3.196017893490608,2.672184145551171,0.17976463970033782,0,0,0
VN,Viet Nam,E - 9_25,Electronic Payment and Card-Related Devices,E - I,Research and technology,Entrepreneurial,7.0,4.0,0.6721014492753623,0.28431372549019607,0.13003758362265444,0.06981209683936143,0,0,0,0,0,0,0.13934305760786883,0.19584808598539002,27.711266721287174,58.8608532094037,0,,4.09202275573767,1.6094379124341003,-2.4825848433035693,0.5463788939624865,0.2593904926341025,0,0,0
VN,Viet Nam,E - 9_26,Downloadable and Recorded Computer Software Products,E - I,Research and technology,Entrepreneurial,4.0,5.0,0.3369565217391304,0.8366946778711485,0.13843545253527204,0.08346290225630237,0,0,0,0,0,0,0.13898395790461163,0.19497479423971734,16.49866243747871,110.31406505649107,0,,4.712355620975664,1.791759469228055,-2.9205961517476093,1.646310927502808,0.23823560312647044,0,0,0
VN,Viet Nam,E - 9_3,Management and Operations Software Solutions,E - I,Research and technology,Entrepreneurial,0.0,4.0,0.0,0.3438375350140056,0.0,0.04404096994694753,0,0,0,0,0,0,0.13299831099957557,0.20529868579244215,14.673284341851419,85.84294454588328,0,,4.4641012521492325,1.6094379124341003,-2.854663339715132,1.6084706354204577,0.23813069003558265,0,0,0
VN,Viet Nam,E - 9_4,Eyewear and Optical Accessories,E - I,Research and technology,Entrepreneurial,0.0,3.0,0.0,3.0,0.0,0.05875152932514464,0,0,0,0,0,0,0.1319282059699955,0.1919886946127492,20.068021309110094,63.884625617383726,0,,4.1726107022316326,1.3862943611198906,-2.7863163411117418,1.66890229851547,0.19449668951917098,0,0,0
VN,Viet Nam,E - 9_6,Accessories for Portable Electronic Devices,E - I,Research and technology,Entrepreneurial,5.0,11.0,0.503623188405797,2.3347311460469355,0.1285807509370161,0.11817244394018198,0,0,0,0,0,0,0.12916926799867978,0.18124942712545064,17.79209397988862,76.85118230607233,0,,4.354799085140567,2.4849066497880004,-1.869892435352567,1.8015660877027844,0.17430335178781367,0,0,0
VN,Viet Nam,E - 9_7,Electronic Visual Display Devices and Accessories,E - I,Research and technology,Entrepreneurial,2.0,6.0,0.24347826086956523,0.5969696969696969,0.06368786840632334,0.06862220997780845,0,0,0,0,0,0,0.13165394552021858,0.18638020366313934,17.555763896721917,64.73081173449444,0,,4.185567791727519,1.9459101490553132,-2.2396576426722055,1.3427707447732917,0.19698979149658558,0,0,0
VN,Viet Nam,E - 9_8,Scientific and Electronic Measuring Instruments,E - I,Research and technology,Entrepreneurial,2.0,0.0,1.0434782608695652,0.0,0.04488232511431884,0.0,0,0,0,0,0,0,0.13806108688495966,0.20298966682923555,27.1876476193029,16.40262430838196,0,,2.856621017168743,0.0,-2.856621017168743,-0.8395709734456043,0.2647205319988281,0,0,0
VN,Viet Nam,E - 9_9,Enterprise Communication and Information Management Software,E - I,Research and technology,Entrepreneurial,0.0,2.0,0.0,0.21428571428571427,0.0,0.0652400634124236,0,0,0,0,0,0,0.13035545998258635,0.20503877505435397,13.515269349679913,61.53863127046654,0,,4.135784466124491,1.0986122886681098,-3.037172177456381,1.539084142677622,0.22566566714557554,0,0,0
VN,Viet Nam,P - 0101,Live Equines,P - 1,Agriculture and live animals,Production,0.0,0.0,0.0,0.0,0.0,3.362856066412635e-05,0,0,0,0,0,0,0.12587745977757578,0.18766119618585964,4378338.531462535,10872504.312850395,0,,16.201747712104112,0.0,-16.201747712104112,1.3674536130968107,0.13181486428899258,0,0,0
VN,Viet Nam,P - 0102,Live Cattle,P - 1,Agriculture and live animals,Production,0.0,15443122.888924068,0.0,15443122.888924068,0.0,0.07231942149567767,0,0,0,0,0,0,0.14296595990915664,0.20722053671380977,19576017.2690152,38318089.6796451,0,,17.461432684137836,16.55267440650826,-0.9087582776295768,-1.7281207113568575,0.2174037250284094,0,0,0
VN,Viet Nam,P - 0103,Live Pigs,P - 1,Agriculture and live animals,Production,31554.116736153388,72881.78379708821,31554.116736153388,72881.78379708821,0.0006284149173401193,0.024677578656109058,0,0,0,0,0,0,0.1494428979827332,0.2107318010307641,14653494.65344939,22439571.89521138,0,,16.926336605247414,11.196607728200624,-5.7297288770467905,2.228157862523475,0.09700306021176101,0,0,0
VN,Viet Nam,P - 0104,Live Sheep and Goats,P - 1,Agriculture and live animals,Production,0.0,0.0,0.0,0.0,0.0,0.0,0,0,0,0,0,0,0.12568725395456545,0.21068245264891924,3965177.438396127,6208567.39031166,0,,15.641440894371769,0.0,-15.641440894371769,-3.6061989472233087,0.16724694900829867,0,0,0
VN,Viet Nam,P - 0105,Live Poultry,P - 1,Agriculture and live animals,Production,0.0,684903.1180834507,0.0,684903.1180834507,0.0,0.031350736422345704,0,0,0,0,0,0,0.15302653496057095,0.217122170299085,8784522.885975003,16746395.51945243,0,,16.63369365992387,13.437034133846343,-3.1966595260775286,-0.9711743000265572,0.19060409022321495,0,0,0
VN,Viet Nam,P - 0201,Fresh Beef,P - 1,Agriculture and live animals,Production,25867.74919030231,2784.7441376769943,25867.74919030231,2784.7441376769943,0.0001227210642100906,8.97399784299785e-06,0,0,0,0,0,0,0.13620686271533566,0.18909453759124425,44864836.461248875,93065324.7671698,0,,18.348812232134705,7.932270311528286,-10.41654192060642,0.3227405087833161,0.150567614409398,0,0,0
VN,Viet Nam,P - 0202,Frozen Beef,P - 1,Agriculture and live animals,Production,1067729.730019277,1437219.9438099489,1067729.730019277,1437219.9438099489,0.005041197519640954,0.006766910528259567,0,0,0,0,0,0,0.08813218209794216,0.14186131135438423,38918858.811851226,72477418.07545552,0,,18.098785610282643,14.17822190676349,-3.9205637035191536,-1.1806078542708902,0.13516782598445193,0,0,0
VN,Viet Nam,P - 0203,Pork,P - 1,Agriculture and live animals,Production,43528585.37302205,41661654.148769945,43528585.37302205,41661654.148769945,0.12572173727980793,0.09912068275341439,0,0,0,0,0,0,0.14023759851732592,0.19520330144832337,77169092.24554476,134764360.74834937,0,,18.719038342766822,17.545091722935155,-1.1739466198316677,2.197004474678117,0.11467616580269892,0,0,0
VN,Viet Nam,P - 0204,Sheep and Goat Meat,P - 1,Agriculture and live animals,Production,5577.683957574465,66641.66697756531,5577.683957574465,66641.66697756531,9.217070372679943e-05,0.0006880062205447707,0,0,0,0,0,0,0.09103675689997398,0.13442346231345154,7554017.693587143,8810840.287452076,0,,15.991493485686071,11.107100296711668,-4.884393188974403,-3.015743793354446,0.1324961641692668,0,0,0
VN,Viet Nam,P - 0206,Edible Offal,P - 1,Agriculture and live animals,Production,205648.3422677862,1068110.9001375095,205648.3422677862,1068110.9001375095,0.003043918560446959,0.0924694284881784,0,0,0,0,0,0,0.13443333894177945,0.18470438891936952,12724839.725856138,26111041.145696174,0,,17.077868853540068,13.88140306842337,-3.196465785116697,0.343113570001874,0.1538535613193281,0,0,0
VN,Viet Nam,P - 0207,Poultry Meat,P - 1,Agriculture and live animals,Production,1652960.252655239,3263500.9483210505,1652960.252655239,3263500.9483210505,0.006133241185947481,0.0077308219368947976,0,0,0,0,0,0,0.14760947645649727,0.21239276345221555,64554400.9564981,134687282.6378635,0,,18.718466231860038,14.99831139406077,-3.7201548377992673,-0.054907324455098924,0.17872139033234824,0,0,0
VN,Viet Nam,P - 0208,Other Meat and Offal,P - 1,Agriculture and live animals,Production,5065293.597873676,12526301.730831759,5065293.597873676,12526301.730831759,0.37039047745696557,0.6137150721914766,0,1,0,1,0,1,0.1479411109040199,0.21278514985820146,2292875.241384964,3397276.507658697,1,,15.038484935786888,16.34334120997214,1.3048562741852532,1.3216386774168076,0.1487562194281504,0,0,0
VN,Viet Nam,P - 0210,Preserved Meat,P - 1,Agriculture and live animals,Production,261328.10524041,244244.5514656927,261328.10524041,244244.5514656927,0.005195904606071176,0.026167289852965653,0,0,0,0,0,0,0.1463918184934683,0.20209320686706714,13399163.455724549,22160511.116735145,0,,16.9138225295373,12.405929356702087,-4.507893172835212,0.2660312277672614,0.1544247697032152,0,0,0
VN,Viet Nam,P - 0301,Live Fish,P - 1,Agriculture and live animals,Production,11999186.239348076,15343914.84556991,11999186.239348076,15343914.84556991,0.38690512083703626,0.4363632214531386,0,0,0,0,0,0,0.162166370901928,0.2530637843041035,11068599.759396438,21407921.47922966,0,,16.879271620791318,16.546229591573237,-0.3330420292180811,-2.223794192489117,0.24074842874537572,0,0,0
VN,Viet Nam,P - 0302,Fresh Fish,P - 1,Agriculture and live animals,Production,38226299.29705771,6112418.512797194,38226299.29705771,6112418.512797194,0.18898275561735403,0.022723396362189698,0,0,0,0,0,0,0.34151104849229397,0.17751306524330565,291842794.46398306,95579667.20801705,0,,18.3754706797546,15.625833245038029,-2.74963743471657,-2.104401410179444,0.2526117171010643,0,0,0
VN,Viet Nam,P - 0303,Frozen Fish,P - 1,Agriculture and live animals,Production,245749248.80603343,312924871.15091366,245749248.80603343,312924871.15091366,0.5292013434456542,0.5627281821705349,1,1,1,1,1,1,0.6394054665294674,0.6637973825055141,879687778.5892353,865654330.612488,,0,20.57899623166119,19.561473694616843,-1.0175225370443464,-3.526080267037587,0.33265507030174923,0,0,0
VN,Viet Nam,P - 0304,Fish Fillets,P - 1,Agriculture and live animals,Production,2198329284.9805813,1516929316.6669314,2198329284.9805813,1516929316.6669314,0.9137753319371466,0.8697960144568422,1,1,1,1,1,1,0.2619847109907486,0.34480757219653435,191998105.32928777,321018610.95265985,,0,19.58700966057438,21.139953942731534,1.5529442821571529,-1.7843027115634773,0.2560320350373966,0,0,0
VN,Viet Nam,P - 0305,Processed Fish,P - 1,Agriculture and live animals,Production,77211453.78697443,251417293.40911818,77211453.78697443,251417293.40911818,0.5903315014458813,0.7970145280724356,1,1,1,1,0,1,0.19912591641947092,0.249802721993215,31351104.477505736,39742940.040275745,,0,17.497942799402296,19.34262464415337,1.8446818447510758,-3.45823141745219,0.25251418962752503,0,0,0
VN,Viet Nam,P - 0306,Crustaceans,P - 1,Agriculture and live animals,Production,2038320985.3557339,1085650308.0790637,2038320985.3557339,1085650308.0790637,0.9006299183098975,0.8163295576677975,1,1,1,1,1,1,0.49351823777918036,0.5559654011641194,629275751.3693569,708227234.94925,,0,20.378275554893623,20.805445007598955,0.427169452705332,-3.8951155133015027,0.21944131935757513,0,0,0
VN,Viet Nam,P - 0307,Molluscs,P - 1,Agriculture and live animals,Production,396280485.1480648,237993652.24772307,396280485.1480648,237993652.24772307,0.7765300378913428,0.6633993084330607,1,1,1,1,1,1,0.6124787178592993,0.5162969645330122,432021118.11537254,269077847.81878096,,0,19.41051129651109,19.287754564253802,-0.12275673225728667,-2.6858061698264195,0.23062314001959816,0,0,0
VN,Viet Nam,P - 0401,Milk and Cream,P - 1,Agriculture and live animals,Production,2704858.0549220666,5838514.187206099,2704858.0549220666,5838514.187206099,0.028273864506696594,0.04696442098637462,0,0,0,0,0,0,0.1573408005475008,0.2227912487649636,25503880.377113122,46273556.62635964,0,,17.6500812463294,15.579987073711633,-2.0700941726177664,-0.22941690380961308,0.19873579843320185,0,0,0
VN,Viet Nam,P - 0402,Concentrated Milk,P - 1,Agriculture and live animals,Production,62016161.78405494,5932527.312862012,62016161.78405494,5932527.312862012,0.20101417812597897,0.11026355989082577,0,0,0,0,0,0,0.13507834544750702,0.18861825079607067,44823598.47626503,56094331.24402131,0,,17.842545335870764,15.595961039781638,-2.246584296089125,-1.3948517751397522,0.1989634949923617,0,0,0
VN,Viet Nam,P - 0403,Yogurt and Fermented Dairy,P - 1,Agriculture and live animals,Production,2577991.596808731,2512661.1410711,2577991.596808731,2512661.1410711,0.049286090563941926,0.06135088545104125,0,0,0,0,0,0,0.15871850958473208,0.2292910663460444,13843807.726635456,23161259.87011674,0,,16.957991650902056,14.736853363026896,-2.22113828787516,-0.9970689782510049,0.23356468878486436,0,0,0
VN,Viet Nam,P - 0404,Whey Products,P - 1,Agriculture and live animals,Production,59657.79333964153,43130.41162662897,59657.79333964153,43130.41162662897,0.001052743683326257,0.014263088574107022,0,0,0,0,0,0,0.14402789484237477,0.20640466966939355,13892026.927848842,19729168.646286193,0,,16.797608791268573,10.67200681868266,-6.125601972585912,2.1155995546132216,0.1500032469399728,0,0,0
VN,Viet Nam,P - 0405,Butter and Dairy Spreads,P - 1,Agriculture and live animals,Production,1176881.818423994,17873.06854178944,1176881.818423994,17873.06854178944,0.014695523360169901,0.02341282782867885,0,0,0,0,0,0,0.14022597038295542,0.19410026255049637,16996045.5383998,35397338.30778483,0,,17.38214721448225,9.791106256654217,-7.591040957828032,-0.19934754894867845,0.1550404607015645,0,0,0
VN,Viet Nam,P - 0406,Cheese,P - 1,Agriculture and live animals,Production,372238.12430598924,11824550.297335597,372238.12430598924,11824550.297335597,0.0011972749502878427,0.020238660198553,0,0,0,0,0,0,0.15505441212351614,0.220862455945988,84192012.7121714,173174534.2527861,0,,18.969810518183973,16.2856885463653,-2.684121971818673,0.6208396901169333,0.19629938631905353,0,0,0
VN,Viet Nam,P - 0407,Fresh Eggs,P - 1,Agriculture and live animals,Production,3609042.1985553545,3832005.8506480427,3609042.1985553545,3832005.8506480427,0.07818557476146462,0.03870749086955993,0,0,0,0,0,0,0.1628251108362786,0.23166713550246498,13010234.162385432,25951811.960112773,0,,17.071752028723985,15.158899205818692,-1.9128528229052932,-1.3052167654762836,0.23115186473124344,0,0,0
VN,Viet Nam,P - 0409,Honey,P - 1,Agriculture and live animals,Production,81998419.26707639,25927669.846163567,81998419.26707639,25927669.846163567,0.8016723089478355,0.5609125046671024,1,1,1,1,1,1,0.1697802860999899,0.2365071554282007,5949027.163848589,11295359.09640759,,0,16.239902588421433,17.070821328804843,0.8309187403834102,-1.586091909988988,0.21506551943426316,0,0,0
VN,Viet Nam,P - 0504,Animal Casings,P - 1,Agriculture and live animals,Production,1155.4226132319409,15090.777923176476,1155.4226132319409,15090.777923176476,2.4509500204901393e-05,0.00013370491640033109,0,0,0,0,0,0,0.13656975896978552,0.1953545231395007,9003561.020106724,13109971.570900898,0,,16.388883763510457,9.621905366105572,-6.766978397404884,-0.5454823112470616,0.1902567699969853,0,0,0
VN,Viet Nam,P - 0511,Other Animal By-products,P - 1,Agriculture and live animals,Production,10645038.322903521,41637234.27352563,10645038.322903521,41637234.27352563,0.3320565049223361,0.501116971629471,0,1,0,1,0,1,0.14507258669355033,0.17847756193603337,4877299.709651669,8790381.559528751,1,,15.989168790844987,17.544505403577954,1.555336612732967,-1.3145015798776971,0.2593354299603528,0,0,0
VN,Viet Nam,P - 0601,Bulbs and Roots,P - 2,Plant products and food processing,Production,410680.45914184867,40499.42135029802,410680.45914184867,40499.42135029802,0.023181651822107137,0.0054947880204805335,0,0,0,0,0,0,0.12742192684702744,0.18077358380428252,3711859.126509853,6371602.118447254,0,,15.667361662831727,10.609067656751575,-5.058294006080152,-0.3230169758432338,0.10439617936767498,0,0,0
VN,Viet Nam,P - 0602,Live Plants,P - 2,Plant products and food processing,Production,10648530.970254935,17172444.909223042,10648530.970254935,17172444.909223042,0.1134282131508175,0.13181590733170365,0,0,0,0,0,0,0.158365435803038,0.22141099440441703,26823574.314799033,58272233.05743366,0,,17.88063627813776,16.658816675216503,-1.2218196029212578,-1.787885558360957,0.17868443349765128,0,0,0
VN,Viet Nam,P - 0603,Cut Flowers,P - 2,Plant products and food processing,Production,28858264.64653172,46103573.760828346,28858264.64653172,46103573.760828346,0.2602672826135347,0.3048012401871942,0,0,0,0,0,0,0.1487874767521618,0.18560317408553104,23160711.558422312,34878949.81306791,0,,17.36739407665207,17.646401048579364,0.27900697192729496,-3.604233358060234,0.12101837273361239,0,0,0
VN,Viet Nam,P - 0604,Ornamental Foliage,P - 2,Plant products and food processing,Production,2101289.550920481,754200.3105279873,2101289.550920481,754200.3105279873,0.14398324595040587,0.1183956561685109,0,0,0,0,0,0,0.18148052816643778,0.21624397654608532,5800504.764899951,6577943.553519062,0,,15.699232876616724,13.53341460144475,-2.165818275171974,-1.5868249262338905,0.20888716281081976,0,0,0
VN,Viet Nam,P - 0701,Potatoes,P - 2,Plant products and food processing,Production,308094.7587938829,89271.29114482594,308094.7587938829,89271.29114482594,0.006611041278615363,0.02625450180667639,0,0,0,0,0,0,0.1393890984734916,0.1976868001847312,9538830.099324726,17923870.913430564,0,,16.70164400876972,11.39944642918321,-5.30219757958651,-1.7028951547693807,0.18191262120215665,0,0,0
VN,Viet Nam,P - 0702,Tomatoes,P - 2,Plant products and food processing,Production,1371833.7962805177,394340.21588726266,1371833.7962805177,394340.21588726266,0.015668296999051128,0.0023007182775964864,0,0,0,0,0,0,0.1911657390742652,0.3009821554625689,35853669.58987908,109270558.31394802,0,,18.509337560175247,12.88497184366303,-5.624365716512218,-2.823265363739727,0.16187330543836953,0,0,0
VN,Viet Nam,P - 0703,Onions and Garlic,P - 2,Plant products and food processing,Production,23579745.455444485,10460788.714302784,23579745.455444485,10460788.714302784,0.2773899653634174,0.0965984664213984,0,0,0,0,0,0,0.1604980437762147,0.22677064073258332,19587045.75205894,60874519.46145384,0,,17.924325261906084,16.163144512250494,-1.7611807496555905,-4.3333831592644465,0.1824644704580898,0,0,0
VN,Viet Nam,P - 0704,Cabbage and Brassicas,P - 2,Plant products and food processing,Production,3845159.9320374653,32534753.787216004,3845159.9320374653,32534753.787216004,0.1285311030125311,0.38377662867799694,0,0,0,0,0,0,0.1732821087453286,0.2665066927563308,9037268.40880703,35771372.40945071,0,,17.392658506065644,17.297819453990734,-0.09483905207491006,-1.8739703388995768,0.15209221620943908,0,0,0
VN,Viet Nam,P - 0705,Lettuce and Chicory,P - 2,Plant products and food processing,Production,204923.4332857859,4366195.835345475,204923.4332857859,4366195.835345475,0.007984817954934597,0.07135631630829968,0,0,0,0,0,0,0.14585638917616287,0.21451513524873309,6592329.982518155,16384250.158620596,0,,16.611831136209528,15.289402898755466,-1.3224282374540621,-0.07144069165104758,0.118583879045784,0,0,0
VN,Viet Nam,P - 0706,Root Vegetables,P - 2,Plant products and food processing,Production,1324176.570411458,7242388.353416781,1324176.570411458,7242388.353416781,0.06746565984859067,0.21880595273086684,0,0,0,0,0,0,0.14336836514123005,0.21390708424594504,4357846.082298569,11164223.836507196,0,,16.228225012857553,15.795461731107048,-0.43276328175050516,-1.9998104153060405,0.19204987611716984,0,0,0
VN,Viet Nam,P - 0707,Cucumbers,P - 2,Plant products and food processing,Production,56650.529003832366,346342.84027728107,56650.529003832366,346342.84027728107,0.0023742629921336693,0.004400659045876966,0,0,0,0,0,0,0.20189820661378438,0.2693948861030798,11852601.544388104,27412387.175822835,0,,17.12650559238661,12.755187318616064,-4.371318273770546,-1.519528556625482,0.14606893604928264,0,0,0
VN,Viet Nam,P - 0708,Legumes,P - 2,Plant products and food processing,Production,2156514.5311110932,2533653.4501829627,2156514.5311110932,2533653.4501829627,0.13999497039859715,0.11672363412881324,0,0,0,0,0,0,0.1992195036108637,0.2139063469667516,6361441.4342781585,6621642.905034848,0,,15.705854221109275,14.745173265206674,-0.9606809559026015,-6.029045023843236,0.194840515604753,0,0,0
VN,Viet Nam,P - 0709,Other Fresh Vegetables,P - 2,Plant products and food processing,Production,41977969.184387445,35756185.879825465,41977969.184387445,35756185.879825465,0.25732236736017017,0.1597214595273334,0,0,0,0,0,0,0.23361276203925233,0.31799847877684123,69220989.49722458,190035532.53997624,0,,19.06272163127041,17.392233871706747,-1.6704877595636631,-2.865213129534079,0.2367412731409475,0,0,0
VN,Viet Nam,P - 0710,Frozen Vegetables,P - 2,Plant products and food processing,Production,23753024.02647381,43992826.84899518,23753024.02647381,43992826.84899518,0.28057844686443156,0.3126724628257937,0,0,0,0,0,0,0.1775751997438502,0.25609287826562693,23329407.5423795,50305133.89730606,0,,17.733617715293125,17.599537175164105,-0.1340805401290197,-2.1198175761212807,0.2037308750943966,0,0,0
VN,Viet Nam,P - 0712,Dried Vegetables,P - 2,Plant products and food processing,Production,8842679.288406221,14884232.509969331,8842679.288406221,14884232.509969331,0.19125477718683936,0.27620701127862457,0,0,0,0,0,0,0.19834019631104471,0.26271968983575866,18499711.835615817,25373559.688650724,0,,17.049218272087966,16.515813056982488,-0.5334052151054784,-2.710824957037195,0.1932992568742399,0,0,0
VN,Viet Nam,P - 0713,Dried Legumes,P - 2,Plant products and food processing,Production,3027267.3919544015,4722602.19298373,3027267.3919544015,4722602.19298373,0.030539225535906475,0.03391768228715321,0,0,0,0,0,0,0.1465398370219365,0.08440936320838469,34813180.94801637,11842525.333713181,0,,16.28720753743923,15.36787072946554,-0.9193368079736892,-5.969838797557978,0.2229873845911446,0,0,0
VN,Viet Nam,P - 0714,Starchy Roots and Tubers,P - 2,Plant products and food processing,Production,417999836.6432332,198868052.72646007,417999836.6432332,198868052.72646007,0.9354633502589959,0.8166330276047313,1,1,1,1,1,1,0.5642098065603542,0.7495425584373389,212614252.48350543,249018515.9836589,,0,19.333037817060234,19.108152116175454,-0.22488570088478,-6.663227550235074,0.1458798507936554,0,0,0
VN,Viet Nam,P - 0801,Tropical Nuts,P - 2,Plant products and food processing,Production,1633563479.9933465,1895915978.6500614,1633563479.9933465,1895915978.6500614,0.9669395507912959,0.9531111066166179,1,1,1,1,1,1,0.655610052650033,0.6947328008523199,309558618.0567852,234547910.94613653,,0,19.27317044031641,21.362967925266766,2.089797484950356,-7.651505611540726,0.1840810444955934,0,0,0
VN,Viet Nam,P - 0802,Tree Nuts,P - 2,Plant products and food processing,Production,23203869.068882402,32470626.977279074,23203869.068882402,32470626.977279074,0.13401387296931355,0.20379355210786881,0,0,0,0,0,0,0.18266065341631169,0.15874212028656096,51722240.02097839,44228381.545611024,0,,17.604877280005844,17.295846484122347,-0.3090307958834977,-3.675515217920039,0.1783119251150688,0,0,0
VN,Viet Nam,P - 0803,Bananas,P - 2,Plant products and food processing,Production,4812523.006234463,233465091.51695648,4812523.006234463,233465091.51695648,0.04593737358863615,0.6055981922282672,0,1,0,1,0,1,0.343476767427788,0.4543069185769885,179206908.93854502,520712532.648152,1,,20.07070868861,19.268543127182088,-0.8021655614279126,-4.633128127639604,0.19873752291570995,0,0,0
VN,Viet Nam,P - 0804,Tropical Fruits,P - 2,Plant products and food processing,Production,56469804.02423539,22159627.237514853,56469804.02423539,22159627.237514853,0.42702893587643415,0.20326302640289282,0,0,0,0,0,0,0.24865136109744812,0.2918481450766825,80999376.45621221,197331169.9431867,0,,19.100393946061956,16.913782643417203,-2.186611302644753,-5.4978438971333174,0.2468066753698149,0,0,0
VN,Viet Nam,P - 0805,Citrus Fruits,P - 2,Plant products and food processing,Production,9613150.963045215,59273932.42436554,9613150.963045215,59273932.42436554,0.07067193822925928,0.26630917353947337,0,0,0,0,0,0,0.16075186311065146,0.2215802088381498,32491605.967940614,64056384.99917408,0,,17.975274284680825,17.897680196069597,-0.07759408861122807,-2.4741470213971075,0.19099382414642882,0,0,0
VN,Viet Nam,P - 0806,Grapes,P - 2,Plant products and food processing,Production,3802515.868575223,417688.72114028485,3802515.868575223,417688.72114028485,0.040504682196247026,0.005214121551577496,0,0,0,0,0,0,0.14174846535324498,0.18443788253306548,19261337.016958293,34155236.64794652,0,,17.34642650404941,12.942494141947586,-4.403932362101825,-2.467782315857607,0.1494206094454764,0,0,0
VN,Viet Nam,P - 0807,Melons,P - 2,Plant products and food processing,Production,477859.57886241924,8510448.789677626,477859.57886241924,8510448.789677626,0.014142988147858637,0.23273187631298986,0,0,0,0,0,0,0.32882786660633817,0.3487441040016083,41126759.453207076,74974159.3331238,0,,18.13265408324519,15.95680535340401,-2.1758487298411797,-3.8750515217893704,0.20097116563510245,0,0,0
VN,Viet Nam,P - 0808,Apples and Pears,P - 2,Plant products and food processing,Production,675218.4233680592,874445.6441768487,675218.4233680592,874445.6441768487,0.006252367797168699,0.007380547458931659,0,0,0,0,0,0,0.1449839751878831,0.21070783949604222,24555701.506180406,36168035.63434138,0,,17.403686320849822,13.681346558631285,-3.722339762218537,-0.7254522777292721,0.16565461954397034,0,0,0
VN,Viet Nam,P - 0809,Stone Fruits,P - 2,Plant products and food processing,Production,7125.633705164654,106243.1003504274,7125.633705164654,106243.1003504274,0.00013359521033772247,0.003677667645549863,0,0,0,0,0,0,0.1506966582510373,0.23281171714121418,13688196.914417408,38520084.33233756,0,,17.466690360165305,11.573494559131406,-5.893195801033899,-1.796965796159614,0.16833736792471837,0,0,0
VN,Viet Nam,P - 0810,Other Fresh Fruits,P - 2,Plant products and food processing,Production,260424305.1824673,2093028644.8053656,260424305.1824673,2093028644.8053656,0.7292757298523292,0.8427034812982436,1,1,1,1,1,1,0.19989761410964246,0.293358158706954,35465937.75170083,187790472.85797942,,0,19.050837398520997,21.461877966797918,2.4110405682769205,-2.918496328636361,0.20171245494041662,0,0,0
VN,Viet Nam,P - 0811,Frozen Fruits and Nuts,P - 2,Plant products and food processing,Production,17202012.059512757,187431879.77584645,17202012.059512757,187431879.77584645,0.30071702341881174,0.6783314346356439,0,1,0,1,0,1,0.1719501454992534,0.27279419956793594,13676410.771533202,47257343.45828384,1,,17.671118638095308,19.048926034835567,1.377807396740259,-1.252443670893216,0.21927270714410235,0,0,0
VN,Viet Nam,P - 0813,Dried Fruits and Nuts,P - 2,Plant products and food processing,Production,12032363.223645097,17395465.702945165,12032363.223645097,17395465.702945165,0.3388546088862275,0.33119831343349676,0,0,0,0,0,0,0.18729630980333095,0.28989692738339856,9625512.45043544,33697517.58006826,0,,17.33293475997265,16.6717201959263,-0.6612145640463503,-2.6827490099510634,0.23709414146483007,0,0,0
VN,Viet Nam,P - 0901,Coffee,P - 2,Plant products and food processing,Production,2223026018.100685,2118539141.987232,2223026018.100685,2118539141.987232,0.8905024320371954,0.8145186725754126,1,1,1,1,1,1,0.3288173924974739,0.28414811776136223,235399932.4350148,348715207.69087523,,0,19.669766126097322,21.473992604606586,1.804226478509264,-4.304777682882731,0.23285229106708552,0,0,0
VN,Viet Nam,P - 0902,Tea,P - 2,Plant products and food processing,Production,210335909.74773616,60715833.68254967,210335909.74773616,60715833.68254967,0.7409971782921697,0.5475072099706516,1,1,1,1,1,0,0.7409971782921697,0.5475072099706516,0.0,0.0,,0,0.0,17.921715089926405,17.921715089926405,-5.44675230956431,0.17406797188573,0,0,0
VN,Viet Nam,P - 0904,Pepper and Capsicum,P - 2,Plant products and food processing,Production,858876354.1059737,538629984.0219035,858876354.1059737,538629984.0219035,0.9580888902637854,0.9149946109701759,1,1,1,1,1,1,0.6402667419212866,0.7296710873764026,107024001.65329126,209387222.33650333,,0,19.159695838954196,20.104539408945687,0.944843569991491,-4.579348214881353,0.19209873259253676,0,0,0
VN,Viet Nam,P - 0910,Other Spices,P - 2,Plant products and food processing,Production,15998978.648352379,21041281.352380965,15998978.648352379,21041281.352380965,0.4184581054242795,0.37093123044691556,0,0,0,0,0,0,0.3389395744238438,0.4263578527917418,38866191.26400333,83707825.6981231,0,,18.242843040026166,16.861996892283592,-1.3808461477425737,-4.475577936947218,0.27408169245690084,0,0,0
VN,Viet Nam,P - 1001,Wheat,P - 2,Plant products and food processing,Production,4594526.942121891,9696.307341056812,4594526.942121891,9696.307341056812,0.008880336181306077,0.005960608932040613,0,0,0,0,0,0,0.13578170972870374,0.20346946747634842,105857202.8397443,232847565.20371884,0,,19.265894575131547,9.179603532249727,-10.08629104288182,0.8691679707381967,0.14493661272476518,0,0,0
VN,Viet Nam,P - 1003,Barley,P - 2,Plant products and food processing,Production,8801.260289468146,0.0,8801.260289468146,0.0,0.0001113340106498432,0.0033577223504153513,0,0,0,0,0,0,0.13977230149653563,0.20295953606830497,17936484.78130566,40618928.276101425,0,,17.519744754244265,0.0,-17.519744754244265,0.8423526697684163,0.1345541937329451,0,0,0
VN,Viet Nam,P - 1005,Corn,P - 2,Plant products and food processing,Production,9282791.896361658,54269239.33051373,9282791.896361658,54269239.33051373,0.02485806976310113,0.06171812942073833,0,0,0,0,0,0,0.13097723002799155,0.21685496153210618,84465583.22176914,290819720.015825,0,,19.488214117747265,17.809468147977984,-1.678745969769281,-2.0851181167681374,0.1361483661784772,0,0,0
VN,Viet Nam,P - 1006,Rice,P - 2,Plant products and food processing,Production,2818294896.717986,2636492663.3134236,2818294896.717986,2636492663.3134236,0.9135946351392403,0.8737024277491892,1,1,1,1,1,1,0.9214099273062311,0.757049572866892,3864692565.7615848,1327611180.0256407,,0,21.00664705975839,21.692715334573037,0.686068274814648,-4.099706334805619,0.14940320683723532,0,0,0
VN,Viet Nam,P - 1007,Sorghum,P - 2,Plant products and food processing,Production,0.0,0.0,0.0,0.0,0.0,0.0,0,0,0,0,0,0,0.048239566285120467,0.10006280923556429,672423.1593692985,6321817.829493177,0,,15.659517514196361,0.0,-15.659517514196361,-5.3507068491397645,0.07248059190107571,0,0,0
VN,Viet Nam,P - 1101,Wheat Flour,P - 2,Plant products and food processing,Production,60891816.345987305,74628825.94990732,60891816.345987305,74628825.94990732,0.5232994206735403,0.5177744284048273,1,1,1,1,0,0,0.2552114459192498,0.3064922161501597,31849953.61767865,55104200.0251013,,0,17.824736514866494,18.12803741077296,0.30330089590646736,-3.176721675604099,0.2906180458017481,0,0,0
VN,Viet Nam,P - 1103,Cereal Groats and Meal,P - 2,Plant products and food processing,Production,346168.8356461643,120072.76947469113,346168.8356461643,120072.76947469113,0.025090160637077266,0.019767338794820538,0,0,0,0,0,0,0.1550637650783513,0.21179372794196602,3305480.0549058523,6397158.669281732,0,,15.671364648146062,11.695861578507923,-3.9755030696381386,-2.3428381098327664,0.2415747373554236,0,0,0
VN,Viet Nam,P - 1104,Processed Cereal Grains,P - 2,Plant products and food processing,Production,216215.97466186646,409641.1786102579,216215.97466186646,409641.1786102579,0.014858332920002245,0.014300057597952148,0,0,0,0,0,0,0.14454640636100546,0.20370341826385097,2956010.1698230817,10222964.556072798,0,,16.140147272475215,12.923039322528561,-3.2171079499466533,-1.5339291906589119,0.23102174164051592,0,0,0
VN,Viet Nam,P - 1107,Malt,P - 2,Plant products and food processing,Production,372968.3091903331,1666220.7813308071,372968.3091903331,1666220.7813308071,0.009293414469359152,0.04916692731010264,0,0,0,0,0,0,0.13576607816478917,0.19586146867171506,8606279.978682911,19510020.12325338,0,,16.786438795287246,14.326069214896275,-2.460369580390971,0.4589273435118756,0.15338317511676558,0,0,0
VN,Viet Nam,P - 1108,Starches,P - 2,Plant products and food processing,Production,744586255.3965629,449799132.2626589,744586255.3965629,449799132.2626589,0.9427222722265068,0.8987114243284559,1,1,1,1,1,1,0.1576412693621129,0.22930686463812844,14073049.940787159,35138230.84933445,,0,17.374800322136107,19.924311670548235,2.5495113484121283,-0.027390337550220377,0.16915974898982933,0,0,0
VN,Viet Nam,P - 1201,Soybeans,P - 2,Plant products and food processing,Production,1319248.8776226055,132080.29177406663,1319248.8776226055,132080.29177406663,0.00236243406673009,0.0010666617918460497,0,0,0,0,0,0,0.07314039213412545,0.10951268804977413,74213836.73852414,198169402.4649225,0,,19.104632795919976,11.791172858785936,-7.31345993713404,-5.23115436980967,0.0772466181930683,0,0,0
VN,Viet Nam,P - 1202,Peanuts,P - 2,Plant products and food processing,Production,14336215.769142872,1728795.3315398945,14336215.769142872,1728795.3315398945,0.37714897640488537,0.3373739596973613,0,0,0,0,0,0,0.1281794048349458,0.12963507408061625,928900.132669186,990606.2264284109,0,,13.80607339411109,14.362935962203505,0.5568625680924146,-7.810829659548078,0.15260659197417983,0,0,0
VN,Viet Nam,P - 1205,Rapeseed,P - 2,Plant products and food processing,Production,22006.84385531083,0.0,22006.84385531083,0.0,0.00018965198423471762,4.588909054102997e-06,0,0,0,0,0,0,0.14144226152804745,0.20251896561304372,28664609.090636946,55922416.71472205,0,,17.839475890197022,0.0,-17.839475890197022,1.3182966849997138,0.1203956983482514,0,0,0
VN,Viet Nam,P - 1206,Sunflower Seeds,P - 2,Plant products and food processing,Production,117376.16497780332,152541.82292841046,117376.16497780332,152541.82292841046,0.0028337181621501534,0.0028307777304401615,0,0,0,0,0,0,0.1438244741973562,0.2145608901341905,10528483.559406465,24677897.626967102,0,,17.021418608602012,11.93520064169889,-5.0862179669031224,-0.41749592232825194,0.1273514083749486,0,0,0
VN,Viet Nam,P - 1207,Other Oil Seeds,P - 2,Plant products and food processing,Production,4868158.451627402,2461316.3476180895,4868158.451627402,2461316.3476180895,0.08655079581823118,0.08474425584763405,0,0,0,0,0,0,0.13285857365847503,0.09296698489377535,14939135.659453452,1167208.5783386447,0,,13.970126482410164,14.716207271737579,0.7460807893274151,-6.962149230167548,0.2871675687353823,0,0,0
VN,Viet Nam,P - 1208,Oil Seed Meal,P - 2,Plant products and food processing,Production,79779.02969737658,37133.1931944453,79779.02969737658,37133.1931944453,0.0036743357863869195,0.12272801259856095,0,0,0,0,0,0,0.11645552999601463,0.1573270419941025,3355793.6939854766,7257138.284813056,0,,15.797496271243107,10.522293473583423,-5.275202797659684,-5.18412878397519,0.13096398415800456,0,0,0
VN,Viet Nam,P - 1209,Seeds for Sowing,P - 2,Plant products and food processing,Production,12981321.840106944,18317138.31774589,12981321.840106944,18317138.31774589,0.15876621002951438,0.1491614926345943,0,0,0,0,0,0,0.13626656522343294,0.19443190829801968,12988023.82237821,29525495.33161246,0,,17.200764730460595,16.723347754239395,-0.4774169762211997,-2.0190484866738045,0.20217964736883826,0,0,0
VN,Viet Nam,P - 1211,Medicinal Plants,P - 2,Plant products and food processing,Production,13864871.929674705,64277625.300278924,13864871.929674705,64277625.300278924,0.2938702989846792,0.5694674438940937,0,1,0,1,0,1,0.19233888511257907,0.4979604494789043,3762335.785932081,121015442.77959704,1,,18.611428729958543,17.97872217065142,-0.6327065593071239,-4.599927423147249,0.3291617179063803,0,0,0
VN,Viet Nam,P - 1212,Industrial Plant Materials,P - 2,Plant products and food processing,Production,5201477.299525676,13037062.244147057,5201477.299525676,13037062.244147057,0.22651055390298377,0.4692558400490597,0,0,0,0,0,0,0.43107262540215757,0.5224426770377236,36918675.06037057,44287642.05339475,0,,17.606216258258346,16.383306877760482,-1.222909380497864,-4.4857416777496955,0.2512876196992239,0,0,0
VN,Viet Nam,P - 1214,Animal Feed,P - 2,Plant products and food processing,Production,1505415.422896692,4560508.002499353,1505415.422896692,4560508.002499353,0.04892423535539629,0.04905194160821462,0,0,0,0,0,0,0.11270346723972502,0.17399866070506223,4327532.579710973,8944577.049839761,0,,16.00655810219018,15.332944798616268,-0.6736133035739122,-1.0968696842458499,0.11387643644228161,0,0,0
VN,Viet Nam,P - 1302,Plant Extracts and Thickeners,P - 2,Plant products and food processing,Production,8473120.267310275,95649245.84752649,8473120.267310275,95649245.84752649,0.09216917022400505,0.48443253955591775,0,0,0,0,0,0,0.1246817697021421,0.18158136446467005,13760964.914263481,27514097.120156225,0,,17.130209090186884,18.37619837977381,1.2459892895869267,-1.403233126457053,0.19097646778881244,0,0,0
VN,Viet Nam,P - 1502,Beef and Lamb Fat,P - 2,Plant products and food processing,Production,7546914.507295113,25049260.95085862,7546914.507295113,25049260.95085862,0.32383490111114466,0.39933934772814167,0,0,0,0,0,0,0.11587942271931781,0.18019035908033396,2515567.9164921604,7974072.167543262,0,,15.891705982645481,17.036354922021527,1.1446489393760455,0.4043312845174408,0.12377507755911464,0,0,0
VN,Viet Nam,P - 1504,Fish and Marine Oils,P - 2,Plant products and food processing,Production,93142693.01477736,132824390.12876831,93142693.01477736,132824390.12876831,0.8306186894686612,0.7176820794371868,1,1,1,1,1,1,0.13947106258476838,0.19456986474630072,4239550.52403648,10634841.154177677,,0,16.179646164397976,18.704538446279997,2.524892281882021,-1.0383123058423576,0.188752987678443,0,0,0
VN,Viet Nam,P - 1507,Soybean Oil,P - 2,Plant products and food processing,Production,81941640.00605538,64518605.85354976,81941640.00605538,64518605.85354976,0.4260956302486532,0.31132964654112755,0,0,0,0,0,0,0.16265679263953445,0.2258176956840092,25372322.340339974,58032523.618092135,0,,17.876514180615807,17.98246421851373,0.10595003789792301,-2.80513498223496,0.17368298391842424,0,0,0
VN,Viet Nam,P - 1509,Olive Oil,P - 2,Plant products and food processing,Production,5872276.6270908,47646.522383824966,5872276.6270908,47646.522383824966,0.08121618480037945,0.0006709189877964451,0,0,0,0,0,0,0.16681950806448295,0.24759277056027099,17540786.561778627,50452576.63899536,0,,17.73654439640211,10.77158591158832,-6.96495848481379,-1.8556393361556973,0.1038892426737517,0,0,0
VN,Viet Nam,P - 1511,Palm Oil,P - 2,Plant products and food processing,Production,44846441.412425965,1970496.4015758734,44846441.412425965,1970496.4015758734,0.11726037406998584,0.06347389046754297,0,0,0,0,0,0,0.28496309725829394,0.23915847345595348,766108423.6897473,574594760.590119,0,,20.169175587847857,14.493796556953994,-5.675379030893863,-6.205470170282802,0.14054868987507588,0,0,0
VN,Viet Nam,P - 1512,Sunflower and Cotton Oil,P - 2,Plant products and food processing,Production,0.0,153192.0054803791,0.0,153192.0054803791,0.0,0.0004940424690072771,0,0,0,0,0,0,0.1735532313807205,0.24679800597492463,30653313.619931027,101072352.30822276,0,,18.431347187723805,11.93945387911306,-6.491893308610745,-1.924140564563927,0.17758675417073302,0,0,0
VN,Viet Nam,P - 1513,Coconut and Palm Kernel Oil,P - 2,Plant products and food processing,Production,1259171.1224564195,17600703.39049118,1259171.1224564195,17600703.39049118,0.02485546412560566,0.21350053283215217,0,0,0,0,0,0,0.3148574533830594,0.25772686546858004,280757012.1062142,60118300.56514239,0,,17.911824871703853,16.68344948139451,-1.228375390309342,-4.3529351045572975,0.1651172388125947,0,0,0
VN,Viet Nam,P - 1514,Rapeseed Oil,P - 2,Plant products and food processing,Production,42300.07462944479,82626.34367973766,42300.07462944479,82626.34367973766,0.0005037647341693124,0.00036942983909554094,0,0,0,0,0,0,0.14156944985695882,0.2096505620552373,22045925.651379373,60058475.682177804,0,,17.910829256930704,11.322095942013277,-6.588733314917427,1.333727171490336,0.13878840458577635,0,0,0
VN,Viet Nam,P - 1515,Other Vegetable Oils,P - 2,Plant products and food processing,Production,21128181.36167411,17211253.855938222,21128181.36167411,17211253.855938222,0.3343651975769156,0.4145678850071848,0,0,0,0,0,0,0.15490139561568725,0.19694041244718566,8825351.295016218,18108204.856353294,0,,16.711875755727913,16.66107407987813,-0.05080167584978312,-2.6093039441009034,0.24633133600765675,0,0,0
VN,Viet Nam,P - 1516,Hydrogenated Oils,P - 2,Plant products and food processing,Production,4274862.129488658,3577678.9715085523,4274862.129488658,3577678.9715085523,0.07082928738070586,0.04264695466171813,0,0,0,0,0,0,0.1738198409681999,0.23767433261286897,14682736.49029919,31126783.273116797,0,,17.253579237149985,15.090225095648755,-2.1633541415012303,-2.342606333124112,0.18590021852204985,0,0,0
VN,Viet Nam,P - 1517,Margarine,P - 2,Plant products and food processing,Production,288315.4009080083,1590963.9910797353,288315.4009080083,1590963.9910797353,0.0047536700340295385,0.133518772846483,0,0,0,0,0,0,0.1523211918193564,0.21276644922056293,13053049.955812722,31505129.752303734,0,,17.265660971557704,14.279851302728192,-2.9858096688295124,-1.5305553145848458,0.23450518132435316,0,0,0
VN,Viet Nam,P - 1518,Modified Oils and Fats,P - 2,Plant products and food processing,Production,10375282.491259566,44591102.75164515,10375282.491259566,44591102.75164515,0.34591454727845083,0.4520908884010758,0,0,0,0,0,0,0.15718423315375282,0.21742547122976394,5646914.984220189,31864804.912221342,0,,17.277012695772747,17.61304492964211,0.3360322338693642,0.45467678881894297,0.20161921834767657,0,0,0
VN,Viet Nam,P - 1520,Crude Glycerol,P - 2,Plant products and food processing,Production,200269.03223832828,4048.30645565378,200269.03223832828,4048.30645565378,0.011994849358582017,0.0009230612687041672,0,0,0,0,0,0,0.1512337080365271,0.21013156396185576,4777634.854611605,12430070.245816205,0,,16.335629195233636,8.306300899918812,-8.029328295314825,0.7238742217333002,0.1368495776818106,0,0,0
VN,Viet Nam,P - 1601,Sausages,P - 2,Plant products and food processing,Production,862782.027582711,347509.07967238454,862782.027582711,347509.07967238454,0.01634158335339342,0.005092726651639354,0,0,0,0,0,0,0.16142318285106003,0.22562259898737907,15397128.539211228,33218416.421836615,0,,17.31861502169605,12.758548949817778,-4.560066071878273,-0.09857315708857183,0.20422009045711195,0,0,0
VN,Viet Nam,P - 1602,Preserved Meat,P - 2,Plant products and food processing,Production,5969236.10517963,21879651.270079967,5969236.10517963,21879651.270079967,0.03619466167330644,0.08845726233532149,0,0,0,0,0,0,0.15747573506403795,0.22351699422770194,44621048.654420935,85804993.64924136,0,,18.267587775459017,16.901067642799443,-1.3665201326595735,-0.20774852794964657,0.21675908710456684,0,0,0
VN,Viet Nam,P - 1604,Prepared Fish and Caviar,P - 2,Plant products and food processing,Production,423010427.5752483,522190005.33349955,423010427.5752483,522190005.33349955,0.702394722098278,0.7029724559196852,1,1,1,1,1,1,0.30157386363747835,0.3592134923923539,172404643.80910975,228468838.56603855,,0,19.24691038948531,20.073542076423617,0.8266316869383061,-2.7060646190798763,0.24301720583241201,0,0,0
VN,Viet Nam,P - 1605,Prepared Seafood,P - 2,Plant products and food processing,Production,1156945556.2576032,1238738495.3537672,1156945556.2576032,1238738495.3537672,0.9145735385905266,0.8680419646694789,1,1,1,1,1,1,0.20672317300795717,0.5659893682116962,66640886.61218528,421218787.57947177,,0,19.858662944492924,20.937359357069905,1.0786964125769813,-2.7950926483066016,0.22276414691444027,0,0,0
VN,Viet Nam,P - 1701,Sugar,P - 2,Plant products and food processing,Production,263310930.73528942,41279953.64526089,263310930.73528942,41279953.64526089,0.43962870541148263,0.05500794656173135,0,0,0,0,0,0,0.30974518503832155,0.24167337361732,488317554.12750095,415455720.0049437,0,,19.844886598602532,17.53588758042721,-2.308999018175321,-4.322161732280193,0.2495972309584762,0,0,0
VN,Viet Nam,P - 1702,Other Sugars and Syrups,P - 2,Plant products and food processing,Production,2153982.0979862013,64330884.65644156,2153982.0979862013,64330884.65644156,0.030143221903240796,0.3376716493644368,0,0,0,0,0,0,0.14871165609428885,0.21719378749152643,18998107.82460347,50578732.43295966,0,,17.739041758025813,17.979550410686187,0.2405086526603739,0.9983936663403782,0.17149980158954,0,0,0
VN,Viet Nam,P - 1704,Sugar Confectionery,P - 2,Plant products and food processing,Production,90756622.91751903,111237337.363868,90756622.91751903,111237337.363868,0.45434635668965384,0.3545599922183184,1,0,0,0,1,0,0.1638903178634966,0.23144059163732356,30507021.56298252,75698697.6393322,,1,18.142271527233916,18.52717666007388,0.38490513283996464,-1.4283943149329785,0.2553506041893362,0,0,0
VN,Viet Nam,P - 1801,Cocoa Beans,P - 2,Plant products and food processing,Production,8029230.113276874,3528672.381723565,8029230.113276874,3528672.381723565,0.09792946850541971,0.032597578178855786,0,0,0,0,0,0,0.13805525287696951,0.2276053052093051,96339248.145018,334197923.0956755,0,,19.627243962543364,15.076432545731349,-4.5508114168120155,-10.602652253034732,0.16500252274622101,0,0,0
VN,Viet Nam,P - 1803,Cocoa Paste,P - 2,Plant products and food processing,Production,59174.520684974654,3759294.177506061,59174.520684974654,3759294.177506061,0.0019323713182406077,0.0483760285592261,0,0,0,0,0,0,0.13001561805583728,0.16329598747410656,6669332.191647922,15299556.000055159,0,,16.54333443169872,15.139742045003665,-1.4035923866950561,-1.7766922040046391,0.11323988205953851,0,0,0
VN,Viet Nam,P - 1804,Cocoa Butter,P - 2,Plant products and food processing,Production,2035.4431241318848,92298.93366984215,2035.4431241318848,92298.93366984215,5.707784141741843e-05,0.002606900847220593,0,0,0,0,0,0,0.14590324586671113,0.15591014383351817,21388850.631981157,18493980.38834534,0,,16.73295590675744,11.43279870185409,-5.30015720490335,-2.148779894412796,0.10449244939077194,0,0,0
VN,Viet Nam,P - 1805,Cocoa Powder,P - 2,Plant products and food processing,Production,112012.68265537597,118569.58012812716,112012.68265537597,118569.58012812716,0.0043506730128351455,0.003326006206819835,0,0,0,0,0,0,0.15614817324522556,0.20215907990815396,7332362.066641396,13157053.970221506,0,,16.392468672360188,11.68326367514595,-4.709204997214238,-1.0393418665404686,0.14436150891066246,0,0,0
VN,Viet Nam,P - 1806,Chocolate Products,P - 2,Plant products and food processing,Production,8014748.816524367,24407545.49317996,8014748.816524367,24407545.49317996,0.030352869861964272,0.05342725434025252,0,0,0,0,0,0,0.1535456015996232,0.22163295871122485,64720453.00363287,147632014.89700517,0,,18.81023335648041,17.01040292495283,-1.7998304315275782,0.0014917919850494141,0.23741604738592986,0,0,0
VN,Viet Nam,P - 1901,Malt Extract and Food Preparations,P - 2,Plant products and food processing,Production,28026709.629739862,51727341.23843593,28026709.629739862,51727341.23843593,0.13329469973518093,0.21149255245390872,0,0,0,0,0,0,0.1508300433913788,0.2190235167898717,44857344.1290006,98945672.33912364,0,,18.410081503327934,17.761497063092378,-0.6485844402355561,-0.3839275401887567,0.22344916969345446,0,0,0
VN,Viet Nam,P - 1902,Pasta,P - 2,Plant products and food processing,Production,167539734.63466644,220223704.29435524,167539734.63466644,220223704.29435524,0.6465334225375519,0.6272849359506814,1,1,1,1,0,1,0.18265489954043115,0.28699371256325734,28685254.821235567,108200894.29958439,,0,18.499500198830262,19.210154429929823,0.7106542310995607,-2.3890180378879973,0.2520402850887969,0,0,0
VN,Viet Nam,P - 1904,Breakfast Cereals,P - 2,Plant products and food processing,Production,6828024.274688293,8879258.504024254,6828024.274688293,8879258.504024254,0.10383753820832795,0.12102000684800915,0,0,0,0,0,0,0.15788800004729275,0.21561098261687528,15922018.53038583,34439558.14484875,0,,17.354716436769657,15.999228722304823,-1.355487714464834,-1.5834168277140441,0.2508248781162982,0,0,0
VN,Viet Nam,P - 1905,Baked Goods,P - 2,Plant products and food processing,Production,150650613.12917784,223025675.40722048,150650613.12917784,223025675.40722048,0.3367493623045218,0.29387538276013886,0,0,0,0,0,0,0.16588724311504768,0.23554626004930154,90706537.59911108,254547178.54750276,0,,19.354996758099997,19.22279746363575,-0.13219929446424672,-1.499558871832443,0.2774019626725268,0,0,0
VN,Viet Nam,P - 2001,Pickled Vegetables and Fruits,P - 2,Plant products and food processing,Production,32479877.210010756,17417791.908588175,32479877.210010756,17417791.908588175,0.6172859026018361,0.409137946172193,1,1,1,0,1,1,0.2041312301478866,0.28513011797578214,9490087.925584821,19471871.2027691,,0,16.78448153105978,16.673002822658354,-0.1114787084014246,-2.2184073551468164,0.21613888864459818,0,0,0
VN,Viet Nam,P - 2002,Preserved Tomatoes,P - 2,Plant products and food processing,Production,1475654.0577768683,564057.4901035893,1475654.0577768683,564057.4901035893,0.028593546865018266,0.007103510234096116,0,0,0,0,0,0,0.1628242374855851,0.23752497635809858,10793215.724071467,31555406.658649914,0,,17.267255531904507,13.242913230960543,-4.024342300943964,-1.9735048432171616,0.15109808190712082,0,0,0
VN,Viet Nam,P - 2003,Preserved Mushrooms,P - 2,Plant products and food processing,Production,10195811.066059412,5098927.8540631775,10195811.066059412,5098927.8540631775,0.4410003665341153,0.1579352042483329,0,0,0,0,0,0,0.16650158091056158,0.22272565598865626,4676555.897076346,13012815.640288396,0,,16.381445325156925,15.444541047020392,-0.9369042781365327,0.7942382194531459,0.0669712368104373,0,0,0
VN,Viet Nam,P - 2004,Frozen Vegetable Preparations,P - 2,Plant products and food processing,Production,20409557.034545403,23560638.964817498,20409557.034545403,23560638.964817498,0.2158193897474411,0.16415413816308821,0,0,0,0,0,0,0.13621852592451963,0.1837855980611076,17303964.41450818,47805406.89562003,0,,17.682649326953936,16.97508807957134,-0.7075612473825963,0.7186406909533402,0.11271873775437141,0,0,0
VN,Viet Nam,P - 2005,Canned Vegetables,P - 2,Plant products and food processing,Production,41167430.19699079,33798478.037451014,41167430.19699079,33798478.037451014,0.2812187346691544,0.2029680948984702,0,0,0,0,0,0,0.18225117738253996,0.24645801232940293,39004210.38935485,76310576.51438716,0,,18.150322117241203,17.335926360548786,-0.8143957566924165,-1.992952857030806,0.2409409685382974,0,0,0
VN,Viet Nam,P - 2007,Jams and Preserves,P - 2,Plant products and food processing,Production,14934178.099314228,11255435.286601348,14934178.099314228,11255435.286601348,0.3175874311985326,0.22614208059737806,0,0,0,0,0,0,0.16295228776948734,0.22840535685099034,9220574.33223534,20235857.224793807,0,,16.822966748280955,16.236361795374545,-0.5866049529064092,-0.9858191960396069,0.2502890101668025,0,0,0
VN,Viet Nam,P - 2008,Other Preserved Fruits,P - 2,Plant products and food processing,Production,153606573.5354181,635479202.6981448,153606573.5354181,635479202.6981448,0.5289413588738706,0.7377347605736098,1,1,1,1,0,1,0.2010401772852919,0.28741086832788737,55034240.64308655,142385020.90720078,,0,18.774045368174054,20.269889923743847,1.4958445555697928,-2.6230422609959665,0.3032256998892278,0,0,0
VN,Viet Nam,P - 2009,Fruit and Vegetable Juices,P - 2,Plant products and food processing,Production,20301573.03091954,233501195.86782342,20301573.03091954,233501195.86782342,0.11281648986201524,0.5443133404209488,0,1,0,1,0,1,0.16714237116659503,0.21893114286072068,41770776.69597836,64546105.31844238,1,,17.982890353041643,19.268697760832353,1.2858074077907098,-2.481154735770846,0.2768558504975913,0,0,0
VN,Viet Nam,P - 2101,Coffee and Tea Extracts,P - 2,Plant products and food processing,Production,329385085.51746106,428862122.19914055,329385085.51746106,428862122.19914055,0.7931832706609787,0.7806158942928714,1,1,1,1,1,1,0.16138763015401802,0.22775229947478037,25107488.240670532,48414409.99912947,,0,17.695308075284643,19.876646034090893,2.1813379588062496,-0.3697289845992532,0.2140796428446991,0,0,0
VN,Viet Nam,P - 2102,Yeasts and Baking Powder,P - 2,Plant products and food processing,Production,11711997.771180645,14794293.0437994,11711997.771180645,14794293.0437994,0.34340131670666013,0.3265509053199281,0,0,0,0,0,0,0.161391642523739,0.2253412098239905,6219106.852197345,14313338.506405845,0,,16.47670249302797,16.5097521268145,0.03304963378652914,-0.8152282947953738,0.22979673358027478,0,0,0
VN,Viet Nam,P - 2103,Sauces and Condiments,P - 2,Plant products and food processing,Production,41282698.11139212,74365784.98889206,41282698.11139212,74365784.98889206,0.2816289069151827,0.27155558772675065,0,0,0,0,0,0,0.15620881697260677,0.21882818135221038,27913783.240478836,77401758.92066407,0,,18.164520076294526,18.124506528291946,-0.04001354800258028,-1.2407338661051968,0.26218368020744703,0,0,0
VN,Viet Nam,P - 2104,Soups and Broths,P - 2,Plant products and food processing,Production,6206854.305288239,39236305.57279089,6206854.305288239,39236305.57279089,0.1622421676916932,0.3267686476078393,0,0,0,0,0,0,0.15253696005948061,0.22144979400990356,7504543.90005877,17032963.934138265,0,,16.65066113813915,17.48511306419456,0.8344519260554115,-1.2366804692955937,0.22454063679208178,0,0,0
VN,Viet Nam,P - 2105,Ice Cream,P - 2,Plant products and food processing,Production,135447.18568484462,128845.73580798367,135447.18568484462,128845.73580798367,0.003919984932067378,0.002314791179162165,0,0,0,0,0,0,0.16002810256318425,0.2264556565601063,9816651.107833827,25222568.91117225,0,,17.043249783038895,11.766378882488246,-5.27687090055065,-0.40515479748213773,0.23515417439769948,0,0,0
VN,Viet Nam,P - 2106,Other Food Preparations,P - 2,Plant products and food processing,Production,64180740.00430788,291562470.769913,64180740.00430788,291562470.769913,0.16154251669464234,0.3227364919147142,0,0,0,0,0,0,0.15734371372448078,0.2265434650604163,88643856.41551791,247063815.58524042,0,,19.325157227963178,19.490764852182483,0.1656076242193052,-0.22787360771173826,0.2711920545884123,0,0,0
VN,Viet Nam,P - 2201,Water and Ice,P - 2,Plant products and food processing,Production,440782.64755306405,1009127.4839984779,440782.64755306405,1009127.4839984779,0.01311978021715343,0.021197677202506128,0,0,0,0,0,0,0.1478765380677154,0.21661420029283437,7085387.452916551,21818750.133465324,0,,16.898280301784624,13.824597629185822,-3.0736826725988013,-1.2411521921943083,0.23506319091163141,0,0,0
VN,Viet Nam,P - 2202,Soft Drinks,P - 2,Plant products and food processing,Production,69056282.60885528,116338627.13895015,69056282.60885528,116338627.13895015,0.28741687746785055,0.3058020313057911,0,0,0,0,0,0,0.1840907995363888,0.21440649174427695,67589998.57443175,117414045.92378026,0,,18.581217108318146,18.572015704551255,-0.009201403766891048,-1.9683804272879397,0.32803515133647326,0,0,0
VN,Viet Nam,P - 2203,Beer,P - 2,Plant products and food processing,Production,68955702.80657832,62307135.441420555,68955702.80657832,62307135.441420555,0.34701057604500896,0.27554576909057077,0,0,0,0,0,0,0.15464954322966964,0.211037617383545,36455957.08851207,79896469.23681027,0,,18.19624223249921,17.947586526818892,-0.24865570568031714,-1.4363506438888523,0.24443365163158226,0,0,0
VN,Viet Nam,P - 2204,Wine,P - 2,Plant products and food processing,Production,2076699.6252777805,466081.9311592637,2076699.6252777805,466081.9311592637,0.006050718639474111,0.0012616690156017467,0,0,0,0,0,0,0.13747128801140396,0.1961483585221773,68640235.99863714,136706874.43411025,0,,18.733349596216588,13.052118861135174,-5.681230735081414,0.1808939636571028,0.1645714192575906,0,0,0
VN,Viet Nam,P - 2207,Pure Ethyl Alcohol,P - 2,Plant products and food processing,Production,71098636.1098767,6368357.353961754,71098636.1098767,6368357.353961754,0.44177793138774746,0.057666757623517986,0,0,0,0,0,0,0.16603623219335964,0.16645535645770743,46826586.717474885,45660839.661600016,0,,17.6367516102324,15.666852279100436,-1.9698993311319626,-1.6258525155713393,0.17492702727773915,0,0,0
VN,Viet Nam,P - 2208,Spirits and Liqueurs,P - 2,Plant products and food processing,Production,78266981.41005361,56604152.01163224,78266981.41005361,56604152.01163224,0.2121321591755892,0.08721406513888985,0,0,0,0,0,0,0.12669878332669843,0.18197772092521047,51706583.63259046,106704460.91656102,0,,18.48557353279748,17.851592915245437,-0.6339806175520444,-1.1059067319710396,0.27323065566402244,0,0,0
VN,Viet Nam,P - 2301,Animal Feed Meal,P - 2,Plant products and food processing,Production,151522801.03545856,374024122.80031717,151522801.03545856,374024122.80031717,0.7041205292319528,0.747776289176958,1,1,1,1,0,1,0.14116557777470026,0.21465868916408676,20620337.897621255,32931814.874832273,,0,17.30994979631329,19.73983085543852,2.429881059125229,-2.12458945220544,0.2586667376743586,0,0,0
VN,Viet Nam,P - 2302,Cereal Bran and Residues,P - 2,Plant products and food processing,Production,4453103.214262302,136707560.03029832,4453103.214262302,136707560.03029832,0.16928000444172775,0.775270232957257,0,1,0,1,0,1,0.1405672217266601,0.24726456242211703,8159011.825022532,30974429.248074446,1,,17.248672591382125,18.733354611285996,1.4846820199038717,-5.1072025171995685,0.29738920692780835,0,0,0
VN,Viet Nam,P - 2303,Starch and Sugar Residues,P - 2,Plant products and food processing,Production,27188916.38601702,7687446.897556037,27188916.38601702,7687446.897556037,0.30132917610461774,0.15649649025845602,0,0,0,0,0,0,0.14646558388783362,0.20113901356183989,17462438.366570957,28883630.40501588,0,,17.17878560525505,15.855099413520257,-1.3236861917347937,1.0952526683759345,0.13263840667117757,0,0,0
VN,Viet Nam,P - 2304,Soybean Cake,P - 2,Plant products and food processing,Production,24777854.339357417,19142185.626927193,24777854.339357417,19142185.626927193,0.07408037039679867,0.08968865670846271,0,0,0,0,0,0,0.11106769711575952,0.14724552681941291,55581078.45283406,118391400.39858247,0,,18.589506654454194,16.76740518129485,-1.8221014731593428,-2.738966070866908,0.1338538877037794,0,0,0
VN,Viet Nam,P - 2306,Other Oil Cake,P - 2,Plant products and food processing,Production,2425419.8872972736,17914115.915730704,2425419.8872972736,17914115.915730704,0.030998797518748473,0.11547700571064752,0,0,0,0,0,0,0.1571082762429521,0.230503049578775,22080506.15688395,63143993.74361974,0,,17.960928307126036,16.70109961449652,-1.2598286926295152,-1.9087337873121033,0.18967787044427334,0,0,0
VN,Viet Nam,P - 2309,Prepared Animal Feed,P - 2,Plant products and food processing,Production,143771424.2087425,244272357.1972454,143771424.2087425,244272357.1972454,0.3577781939142959,0.3796485099715249,0,1,0,0,0,1,0.16012518788428068,0.21973951892335536,76824563.136442,197864603.27860698,1,,19.103093537974765,19.31379438286462,0.21070084488985685,-0.8411378430929369,0.26374028198359867,0,0,0
VN,Viet Nam,P - 2401,Raw Tobacco,P - 2,Plant products and food processing,Production,25909000.415545862,4397832.3279968,25909000.415545862,4397832.3279968,0.17516887463158715,0.036942381032989184,0,0,0,0,0,0,0.3360512476443428,0.2938779014524985,160392181.3391536,154514206.52959457,0,,18.855796608194538,15.296622552151986,-3.5591740560425524,-5.538744642493834,0.2025971600040049,0,0,0
VN,Viet Nam,P - 2402,Cigars and Cigarettes,P - 2,Plant products and food processing,Production,264066873.63005483,75109689.51558769,264066873.63005483,75109689.51558769,0.5255810111115289,0.2726850081686509,1,0,1,0,0,0,0.2253830321823173,0.29903948211636827,135029056.03241414,200785827.78886724,,1,19.11774936953078,18.13446014323815,-0.98328922629263,-2.875210737840913,0.24971706334977753,0,0,0
VN,Viet Nam,P - 2403,Manufactured Tobacco,P - 2,Plant products and food processing,Production,4802881.822291906,7376402.018213305,4802881.822291906,7376402.018213305,0.0800341885986032,0.06709463678579185,0,0,0,0,0,0,0.15309002254294155,0.24077818655671013,13704804.194455823,70304552.9960684,0,,18.068347134143227,15.813796681854607,-2.254550452288621,-1.955024751249079,0.19060874526024477,0,0,0
VN,Viet Nam,P - 2501,Salt,P - 3,Raw materials and mining,Production,1494495.3602260642,3282284.2724355957,1494495.3602260642,3282284.2724355957,0.05492966127276545,0.07342482185076185,0,0,0,0,0,0,0.14859796144727905,0.20192748719194403,5808794.537175209,10721278.854718488,0,,16.187741095913275,15.004050467158173,-1.1836906287551017,-2.598739478135951,0.25302358558888843,0,0,0
VN,Viet Nam,P - 2503,Sulphur,P - 3,Raw materials and mining,Production,98437.78592548655,20690464.11117058,98437.78592548655,20690464.11117058,0.0034798461314934203,0.2779343888692341,0,0,0,0,0,0,0.1143572940381721,0.26833300718999187,3159911.095562782,11705409.649187572,0,,16.275561741520075,16.845183529467633,0.5696217879475576,-2.484020091138132,0.15442583531564372,0,0,0
VN,Viet Nam,P - 2505,Natural Sands,P - 3,Raw materials and mining,Production,30837659.7497074,23578647.794747498,30837659.7497074,23578647.794747498,0.6579580246996062,0.40098915829029114,1,0,1,0,1,0,0.14504199819743485,0.21510203347456255,3602199.5507488227,14450060.63711324,,1,16.486209238057786,16.975852148409885,0.4896429103520994,-1.8610692343848891,0.22979472433795708,0,0,0
VN,Viet Nam,P - 2507,Kaolin Clay,P - 3,Raw materials and mining,Production,5266145.089730729,2177314.155399125,5266145.089730729,2177314.155399125,0.2505320022158229,0.15515043750055155,0,0,0,0,0,0,0.13049492373017513,0.1931307813378394,3297014.7966927006,6024885.547944869,0,,15.611409206947084,14.593603095655107,-1.0178061112919767,0.34007264360409334,0.12329647254194279,0,0,0
VN,Viet Nam,P - 2508,Other Clays,P - 3,Raw materials and mining,Production,364757.9499633397,334269.07296317664,364757.9499633397,334269.07296317664,0.018124956651042752,0.007250045120770916,0,0,0,0,0,0,0.1457591746932748,0.21070203034726467,4596822.345249184,9786940.028739221,0,,16.096559506921245,12.719704546902776,-3.37685496001847,-0.5917850982645827,0.20043831369902326,0,0,0
VN,Viet Nam,P - 2510,Natural Phosphates,P - 3,Raw materials and mining,Production,25479036.53333843,1812.3327486320761,25479036.53333843,1812.3327486320761,0.40330034210803734,2.493178551672475e-05,0,0,0,0,0,0,0.20081664215890954,0.2029691122984282,7746419.178916552,25754324.48732757,0,,17.064113151057335,7.50292172873628,-9.561191422321055,-4.854090250255983,0.10348035378819742,0,0,0
VN,Viet Nam,P - 2515,Marble and Limestone,P - 3,Raw materials and mining,Production,18351712.42906291,28916977.771483656,18351712.42906291,28916977.771483656,0.39326314109673016,0.5459999542482684,0,1,0,1,0,0,0.2726582989188338,0.4054810117917502,19268244.013360526,30801193.26661626,1,,17.243064022082216,17.179939481315042,-0.06312454076717344,-4.313222840684526,0.14506414699762565,0,0,0
VN,Viet Nam,P - 2516,Granite and Building Stone,P - 3,Raw materials and mining,Production,1732520.8599955938,777497.2918806648,1732520.8599955938,777497.2918806648,0.0740296920541558,0.060076394266756906,0,0,0,0,0,0,0.0915281315940196,0.16003188178722091,3648908.4985468956,5173512.482852332,0,,15.459062606161242,13.563836726095062,-1.8952258800661799,-3.5749169095766993,0.17603865940382712,0,0,0
VN,Viet Nam,P - 2517,Gravel and Crushed Stone,P - 3,Raw materials and mining,Production,49073107.118826054,41602492.44357893,49073107.118826054,41602492.44357893,0.6239170866152828,0.6914824245085591,1,1,1,1,1,1,0.15974103200313816,0.2300226791829219,8991083.246175269,14809231.042574406,,0,16.510761330920747,17.54367066198282,1.032909331062072,-1.249110998610781,0.27039370774310656,0,0,0
VN,Viet Nam,P - 2519,Magnesium Compounds,P - 3,Raw materials and mining,Production,946122.2913619668,128813.84006015124,946122.2913619668,128813.84006015124,0.05084098384190587,0.00951527608109471,0,0,0,0,0,0,0.1284332046766855,0.1755620912513639,3312672.817531535,5848486.195231278,0,,15.58169358665976,11.76613130387364,-3.8155622827861198,-0.32445212354008046,0.12149572638730576,0,0,0
VN,Viet Nam,P - 2520,Gypsum and Plaster,P - 3,Raw materials and mining,Production,166491.65025461352,97385.07868958173,166491.65025461352,97385.07868958173,0.015464593251985095,0.013733123318095041,0,0,0,0,0,0,0.16223622786388978,0.2454434633823052,2518894.1950296685,7960248.882452983,0,,15.889970949595801,11.486438550150192,-4.403532399445609,-2.7310319651153288,0.21076318655518042,0,0,0
VN,Viet Nam,P - 2523,Cement,P - 3,Raw materials and mining,Production,819127792.374656,1053526668.3997359,819127792.374656,1053526668.3997359,0.8590343515812903,0.8631400528579033,1,1,1,1,1,1,0.23178652801186803,0.34672637767951575,58789293.89884333,141174998.3136934,,0,18.765510808661787,20.775409105932933,2.009898297271146,-4.349444807707949,0.3319070661853891,0,0,0
VN,Viet Nam,P - 2529,Feldspar and Fluorspar,P - 3,Raw materials and mining,Production,420367.0158445603,23250684.265778884,420367.0158445603,23250684.265778884,0.03426473652110341,0.6773744542642637,0,1,0,1,0,1,0.12651397229276176,0.18962598233482147,2128442.131098479,5775852.1345937485,1,,15.569196532395269,16.961845163360238,1.3926486309649686,-2.8584949581802794,0.1294918440532599,0,0,0
VN,Viet Nam,P - 2530,Other Minerals,P - 3,Raw materials and mining,Production,23482208.793639272,36395388.93398256,23482208.793639272,36395388.93398256,0.5820057633935092,0.1495231719155683,1,0,1,0,1,0,0.14373612419041043,0.09517372314125133,3473343.7595878397,14960768.927552633,,1,16.520941994931786,17.409952674420847,0.8890106794890613,-3.354362790658397,0.10656445380363179,0,0,0
VN,Viet Nam,P - 2601,Iron Ore,P - 3,Raw materials and mining,Production,60898028.19340657,74191552.42175823,60898028.19340657,74191552.42175823,0.04272096439356812,0.019564297060297407,0,0,0,0,0,0,0.10028008355104825,0.14951869788882652,360239318.84670144,760087055.4427998,0,,20.44894353263559,18.122160866371605,-2.326782666263984,-2.30707037362248,0.09835715226180634,0,0,0
VN,Viet Nam,P - 2602,Manganese Ore,P - 3,Raw materials and mining,Production,2224838.5216402085,0.0,2224838.5216402085,0.0,0.05189694940670984,0.000647055377648697,0,0,0,0,0,0,0.13635024268129056,0.07161245240315514,10273043.80795084,53744188.366955236,0,,17.79974611432747,0.0,-17.79974611432747,-6.667445489535261,0.08567425686670546,0,0,0
VN,Viet Nam,P - 2603,Copper Ore,P - 3,Raw materials and mining,Production,39663499.41301356,16198141.856979754,39663499.41301356,16198141.856979754,0.07197758288589341,0.009531717681230362,0,0,0,0,0,0,0.06540421307821137,0.10200166788503065,45749572.24334004,198440438.02373716,0,,19.105999557769888,16.600407155173084,-2.505592402596804,-5.651976597788939,0.1595645650820279,0,0,0
VN,Viet Nam,P - 2604,Nickel Ore,P - 3,Raw materials and mining,Production,11183029.471136032,29554048.717574105,11183029.471136032,29554048.717574105,0.20061429542310472,0.25322526819059404,0,0,0,0,0,0,0.13123259223815392,0.12971806432971844,11437099.678704932,7854103.316926211,0,,15.87654679604439,17.201731338706402,1.3251845426620115,-4.776640152943572,0.08514637189625766,0,0,0
VN,Viet Nam,P - 2605,Cobalt Ore,P - 3,Raw materials and mining,Production,0.0,0.0,0.0,0.0,0.0,0.0,0,0,0,0,0,0,0.07339521662027505,0.06342680873252425,1429860.827751574,83253.18562893827,0,,11.329653684403887,0.0,-11.329653684403887,-4.415522162368144,0.039230240729785704,0,0,0
VN,Viet Nam,P - 2606,Aluminum Ore,P - 3,Raw materials and mining,Production,16900.825567247484,0.0,16900.825567247484,0.0,0.0004510463948011526,0.0,0,0,0,0,0,0,0.10512071030369916,0.16823465486794678,6266985.0951902885,189433313.30942225,0,,19.059547617173873,0.0,-19.059547617173873,-5.065752229237216,0.07037691648854866,0,0,0
VN,Viet Nam,P - 2607,Lead Ore,P - 3,Raw materials and mining,Production,2146142.107103723,47389445.927654386,2146142.107103723,47389445.927654386,0.03488482897429915,0.36408094095253574,0,0,0,0,0,0,0.10496767581027468,0.20623718901941482,10702205.569789404,23404729.27066377,0,,16.968448708217675,17.67391012322056,0.7054614150028833,-3.8661769185275845,0.14282046465526857,0,0,0
VN,Viet Nam,P - 2608,Zinc Ore,P - 3,Raw materials and mining,Production,1958616.4893859448,28051489.92540959,1958616.4893859448,28051489.92540959,0.027988733233277215,0.16248796968176735,0,0,0,0,0,0,0.09499914238068888,0.11483917471797345,9230468.571194489,15848621.417192828,0,,16.578593140768568,17.149552340941458,0.57095920017289,-4.176536325985041,0.16710649686787477,0,0,0
VN,Viet Nam,P - 2610,Chromium Ore,P - 3,Raw materials and mining,Production,4755185.554745504,2694338.5028848974,4755185.554745504,2694338.5028848974,0.14559209437456413,0.02699164470261023,0,0,0,0,0,0,0.14952998614253515,0.17743869802905526,11427818.970753344,22270535.85487516,0,,16.918775145583094,14.806663649870153,-2.1121114957129414,-9.37819077988422,0.05872291895932235,0,0,0
VN,Viet Nam,P - 2612,Uranium Ore,P - 3,Raw materials and mining,Production,5012207.468493129,1414466.0080101106,5012207.468493129,1414466.0080101106,0.3186166842702833,0.06545707083728342,0,0,0,0,0,0,0.18528209884573746,0.11958342536102118,532700.5655361885,7087066.8329037605,0,,15.773782249201894,14.162263345316088,-1.6115189038858055,-9.182761208376261,0.0461491348199707,0,0,0
VN,Viet Nam,P - 2613,Molybdenum Ore,P - 3,Raw materials and mining,Production,13483245.864738649,41702670.44480307,13483245.864738649,41702670.44480307,0.27316083620235027,0.24992146704491308,0,0,0,0,0,0,0.10056057050550794,0.18394040541281587,6388813.991863992,45318806.89092417,0,,17.62923268951784,17.54607574814159,-0.08315694137624874,-0.4560049243409484,0.07310570716694824,0,0,0
VN,Viet Nam,P - 2614,Titanium Ore,P - 3,Raw materials and mining,Production,83297926.77331,94298345.61142734,83297926.77331,94298345.61142734,0.7966333874677978,0.6225988183518474,1,1,1,1,1,1,0.10980773828939162,0.19809311221402745,2851353.7620143304,7408058.303889139,,0,15.818079060660713,18.361974214167127,2.543895153506414,-4.249947876648485,0.09942801918843425,0,0,0
VN,Viet Nam,P - 2615,Rare Metal Ores,P - 3,Raw materials and mining,Production,29331023.48300842,22834771.89244096,29331023.48300842,22834771.89244096,0.6356353504085756,0.4874268294207219,1,0,1,0,0,0,0.22275954962489666,0.30521035188342194,7611809.945254773,18118768.36747838,,1,16.712458940570656,16.94379505896128,0.2313361183906224,-6.651076553526834,0.15007359828241076,0,0,0
VN,Viet Nam,P - 2616,Precious Metal Ores,P - 3,Raw materials and mining,Production,158653.769733073,16105968.870621866,158653.769733073,16105968.870621866,0.002622738560568514,0.0717598876990797,0,0,0,0,0,0,0.11307069784413527,0.15429451004587086,9593268.825332746,31377276.08544713,0,,17.261594529211273,16.594700560643084,-0.6668939685681892,-4.682552017009055,0.17587543537229508,0,0,0
VN,Viet Nam,P - 2620,Metal-Bearing Residues,P - 3,Raw materials and mining,Production,16737529.003452111,20379738.18930617,16737529.003452111,20379738.18930617,0.2964003341830854,0.1072758657009218,0,0,0,0,0,0,0.14580637317712725,0.20616180739267642,8676212.780217385,24826350.09652829,0,,17.02741619124951,16.83005178829258,-0.19736440295693214,-1.7015623832187632,0.24944419649794625,0,0,0
VN,Viet Nam,P - 2701,Coal and Briquettes,P - 3,Raw materials and mining,Production,938494138.5103861,231386607.56297565,938494138.5103861,231386607.56297565,0.44460953558634075,0.09211458347120514,0,0,0,0,0,0,0.08570468689081162,0.15123995377025157,314832419.3437015,520868526.89013314,0,,20.071008222172786,19.259600499670565,-0.8114077225022207,-3.717491005369625,0.08970459457057255,0,0,0
VN,Viet Nam,P - 2703,Peat,P - 3,Raw materials and mining,Production,63902.78436524162,64920.11443430244,63902.78436524162,64920.11443430244,0.0045282004411055345,0.004840007069370865,0,0,0,0,0,0,0.13161314564096355,0.19882046276852933,2884705.396210269,6607337.182168292,0,,15.70369143513698,11.080928187752022,-4.622763247384958,1.9038492450386841,0.10367603190355112,0,0,0
VN,Viet Nam,P - 2704,Coke,P - 3,Raw materials and mining,Production,11196181.240497971,1764328.0124649024,11196181.240497971,1764328.0124649024,0.15292068946237405,0.017576435618668063,0,0,0,0,0,0,0.12122754739268507,0.14948949018089366,11919354.338299407,24318549.95923597,0,,17.00675003101889,14.383281013159893,-2.623469017858996,-1.0095749196100217,0.09699764502468312,0,0,0
VN,Viet Nam,P - 2707,Coal Tar Oils,P - 3,Raw materials and mining,Production,132214.1127287326,16412258.830018504,132214.1127287326,16412258.830018504,0.0005392530355175833,0.04449561087287152,0,0,0,0,0,0,0.14512668502698095,0.20919340106053688,58673738.767587,114143516.24682634,0,,18.552967137797168,16.613539164128525,-1.9394279736686428,1.3987561212001216,0.174524130743925,0,0,0
VN,Viet Nam,P - 2708,Coal Pitch,P - 3,Raw materials and mining,Production,962208.517607374,0.0,962208.517607374,0.0,0.0844309163296121,0.0,0,0,0,0,0,0,0.10714402506156118,0.17564501530873014,1405864.3441580883,7211746.938191647,0,,15.791221912360632,0.0,-15.791221912360632,1.9179924956911392,0.07725414799041369,0,0,0
VN,Viet Nam,P - 2709,Crude Oil,P - 3,Raw materials and mining,Production,7530623673.11538,1154385672.4644861,7530623673.11538,1154385672.4644861,0.3546393640555162,0.08629769296253464,0,0,0,0,0,0,0.11932035040046421,0.16743923295412813,116172502.02464473,4986919933.861363,0,,22.330084308611386,20.866834154973127,-1.4632501536382598,-5.630390251533069,0.17813202153435834,0,0,0
VN,Viet Nam,P - 2710,Refined Petroleum Products,P - 3,Raw materials and mining,Production,1094516485.4732566,738952724.1122301,1094516485.4732566,738952724.1122301,0.11420583030608278,0.08421083337477372,0,0,0,0,0,0,0.12402864624585845,0.19524594347978252,898292771.1061364,1301995719.7232645,0,,20.987164094032504,20.420744505434865,-0.5664195885976397,-2.016899556081974,0.29377144874666844,0,0,0
VN,Viet Nam,P - 2711,Petroleum Gas,P - 3,Raw materials and mining,Production,63876192.76224978,91243366.79483935,63876192.76224978,91243366.79483935,0.01579880216055588,0.02199060727029198,0,0,0,0,0,0,0.11520124381592288,0.19304365647427874,435479428.33173096,1057206696.0292277,0,,20.778896075359576,18.32904086608504,-2.449855209274535,-3.421186509367031,0.20382788604641552,0,0,0
VN,Viet Nam,P - 2712,Petroleum Wax,P - 3,Raw materials and mining,Production,1335198.9855875499,802105.2702532237,1335198.9855875499,802105.2702532237,0.031916811295826075,0.01383235016761342,0,0,0,0,0,0,0.13574275870639446,0.20518314318535785,8334289.140607543,13710713.399821829,0,,16.433688158118333,13.594996384620588,-2.838691773497745,-0.2534975899950067,0.1498387107281006,0,0,0
VN,Viet Nam,P - 2713,Petroleum Coke,P - 3,Raw materials and mining,Production,105926.4017118857,274996.9594142772,105926.4017118857,274996.9594142772,0.0004739421109270236,0.0035591551621229566,0,0,0,0,0,0,0.1432126405981845,0.2121990603537538,48113808.56073731,81314251.4694988,0,,18.213831866281446,12.524518956309459,-5.689312909971987,-1.0927527726385786,0.20954247474966262,0,0,0
VN,Viet Nam,P - 2714,Natural Bitumen,P - 3,Raw materials and mining,Production,111766.82560616771,186796.22042105751,111766.82560616771,186796.22042105751,0.012778950065536723,0.07842013320701631,0,0,0,0,0,0,0.17143985209050963,0.2252889161737672,2881012.0841376963,2600014.379679544,0,,14.771027918235578,12.137778924693245,-2.633248993542333,-2.1974245940095147,0.21979119880386597,0,0,0
VN,Viet Nam,P - 2715,Bituminous Mixtures,P - 3,Raw materials and mining,Production,36935.53712654873,753016.0786597475,36935.53712654873,753016.0786597475,0.003866511109071164,0.03537899569314164,0,0,0,0,0,0,0.1537967887994608,0.19315697790586864,2493953.8540727864,5412010.899727979,0,,15.50413146703758,13.531843187347862,-1.9722882796897174,-0.906881783876892,0.2136735572708316,0,0,0
VN,Viet Nam,P - 2716,Electrical Energy,P - 3,Raw materials and mining,Production,164454697.1672309,34850114.37491324,164454697.1672309,34850114.37491324,0.3059689276279487,0.057012546036812266,0,0,0,0,0,0,0.1560593261545927,0.2199748063220834,101883223.2710881,324772660.0379817,0,,19.598635991028072,17.366567005779768,-2.232068985248304,-1.3312693640509394,0.23434802463059867,0,0,0
VN,Viet Nam,P - 2803,Carbon and Carbon Black,P - 4,Chemicals and pharmaceuticals,Production,181772.77380239888,204688.0992756712,181772.77380239888,204688.0992756712,0.0037854611171130193,0.005046727869085823,0,0,0,0,0,0,0.13847051177589811,0.19194290477906065,11755207.34252409,23138024.818016578,0,,16.956987961397843,12.229247518036372,-4.727740443361471,2.0652993785029063,0.1285124102465101,0,0,0
VN,Viet Nam,P - 2804,Industrial Gases,P - 4,Chemicals and pharmaceuticals,Production,151670970.5320546,230865716.46944496,151670970.5320546,230865716.46944496,0.5863733421654415,0.6881033432512437,1,1,1,1,0,1,0.13545634482049623,0.20989973354920613,22132256.707237735,48071014.1098755,,0,17.68818995697348,19.25734678980402,1.56915683283054,0.4819850674330379,0.17775822692817286,0,0,0
VN,Viet Nam,P - 2807,Sulphuric Acid,P - 4,Chemicals and pharmaceuticals,Production,129664.79671634139,15902.074893683253,129664.79671634139,15902.074893683253,0.011518537781866192,0.024082924226034183,0,0,0,0,0,0,0.1249843372083883,0.19261202483315482,2219117.893317503,4880997.262906779,0,,15.400860318980424,9.674267759050803,-5.726592559929621,-0.41410570271354363,0.14649326791857403,0,0,0
VN,Viet Nam,P - 2809,Phosphoric Acid,P - 4,Chemicals and pharmaceuticals,Production,1105075.732348152,96961526.87571809,1105075.732348152,96961526.87571809,0.027609438740013845,0.5640048056627609,0,1,0,1,0,0,0.11851688534449363,0.22576245715758514,5105777.372902328,20820026.46040152,1,,16.851425940093623,18.38982483795525,1.5383988978616259,-0.9327567234686711,0.10385561676993064,0,0,0
VN,Viet Nam,P - 2811,Other Inorganic Acids,P - 4,Chemicals and pharmaceuticals,Production,739154.9735082993,8046402.461501822,739154.9735082993,8046402.461501822,0.0171988848832534,0.09372924049014483,0,0,0,0,0,0,0.14594182576770132,0.2119921597078712,10209481.283577446,21248733.291103728,0,,16.871807888789178,15.900735774592356,-0.9710721141968222,-0.18968151116241927,0.2026476300257817,0,0,0
VN,Viet Nam,P - 2814,Ammonia,P - 4,Chemicals and pharmaceuticals,Production,79915.14797783952,302191.76472001453,79915.14797783952,302191.76472001453,0.0007869885342291896,0.0025825305988297536,0,0,0,0,0,0,0.1405376333121485,0.20573525035795606,12495379.13678253,17069221.238440394,0,,16.65278753066525,12.61882038650906,-4.03396714415619,-1.013507528451429,0.11852895469066971,0,0,0
VN,Viet Nam,P - 2815,Caustic Soda and Potash,P - 4,Chemicals and pharmaceuticals,Production,384888.68294529314,422997.3185551634,384888.68294529314,422997.3185551634,0.007322002771254103,0.006387373597707506,0,0,0,0,0,0,0.1333532427252014,0.20613419054801435,10004211.45040961,27056177.265346218,0,,17.113425938853457,12.955123482973619,-4.158302455879838,0.25640107746086255,0.16089854113756588,0,0,0
VN,Viet Nam,P - 2818,Aluminum Oxide,P - 4,Chemicals and pharmaceuticals,Production,50088723.595856935,375747311.0229561,50088723.595856935,375747311.0229561,0.27991506356490503,0.6522713922750389,0,1,0,1,0,0,0.10948257259729136,0.17931849854731471,16188399.935380481,54101708.9314149,1,,17.806376350182564,19.74442743294025,1.938051082757685,0.784981484153974,0.10465536698155992,0,0,0
VN,Viet Nam,P - 2821,Iron Oxides,P - 4,Chemicals and pharmaceuticals,Production,449499.4934050358,2413356.592633757,449499.4934050358,2413356.592633757,0.039268218048299025,0.14719614262345013,0,0,0,0,0,0,0.1347891705558506,0.1757253125485283,2303696.7957813954,2912012.1934707006,0,,14.884355219013278,14.696529527839575,-0.1878256911737033,0.9213350128053459,0.11533584032172318,0,0,0
VN,Viet Nam,P - 2822,Cobalt Oxides,P - 4,Chemicals and pharmaceuticals,Production,0.0,0.0,0.0,0.0,0.0,0.0018626038164648569,0,0,0,0,0,0,0.07363128197521243,0.11669342156785986,648280.4137229947,7512671.708925157,0,,15.83210184710213,0.0,-15.83210184710213,-7.066656464274422,0.044150712413193655,0,0,0
VN,Viet Nam,P - 2825,Other Metal Oxides,P - 4,Chemicals and pharmaceuticals,Production,35811836.40374747,146619169.3941018,35811836.40374747,146619169.3941018,0.49427403964432204,0.5231630970832577,0,1,0,1,0,0,0.13423635973497397,0.17748376223371157,8051579.579680063,47293384.93666003,1,,17.671881011478806,18.803349105539517,1.1314680940607111,0.9635690282112432,0.0952403004064795,0,0,0
VN,Viet Nam,P - 2826,Fluorides,P - 4,Chemicals and pharmaceuticals,Production,436345.61368215963,1760287.884406129,436345.61368215963,1760287.884406129,0.04121595416620285,0.06458630719368559,0,0,0,0,0,0,0.1363091957202814,0.2026617573897141,2228003.826402314,6255227.632230168,0,,15.648928253130439,14.380988492412143,-1.2679397607182956,1.5123645895758726,0.11174687821552767,0,0,0
VN,Viet Nam,P - 2827,Chlorides and Bromides,P - 4,Chemicals and pharmaceuticals,Production,2601965.297057708,8599414.208779136,2601965.297057708,8599414.208779136,0.09862934462047228,0.23187513178550373,0,0,0,0,0,0,0.1350693427122189,0.19676441486842783,4861237.924086141,12269142.00085086,0,,16.322597969166385,15.96720475993253,-0.35539320923385453,0.5925105301211155,0.16799065516991035,0,0,0
VN,Viet Nam,P - 2833,Sulphates,P - 4,Chemicals and pharmaceuticals,Production,873094.3063033646,7987598.152254464,873094.3063033646,7987598.152254464,0.028154897743012712,0.14095179907284164,0,0,0,0,0,0,0.14586119761080635,0.2062565257322989,6765730.179401947,19067076.817826644,0,,16.763473731321447,15.89340079101867,-0.8700729403027765,-0.07432672287962684,0.17395259462270077,0,0,0
VN,Viet Nam,P - 2834,Nitrites and Nitrates,P - 4,Chemicals and pharmaceuticals,Production,67962.06362834963,40546.85605220265,67962.06362834963,40546.85605220265,0.005219841191921802,0.013802547233397432,0,0,0,0,0,0,0.13317131754602501,0.19807700848449417,2572671.772183083,5271068.03722134,0,,15.477743753308268,10.610238186436865,-4.867505566871403,0.4905354130812023,0.13332902954033543,0,0,0
VN,Viet Nam,P - 2835,Phosphates,P - 4,Chemicals and pharmaceuticals,Production,4291444.290554357,17042456.651370905,4291444.290554357,17042456.651370905,0.10140434810316992,0.277374099503874,0,0,0,0,0,0,0.14366829062318917,0.22059541551312561,8935941.114650303,19649109.77608507,0,,16.79354264213015,16.65121829733237,-0.14232434479777822,0.6662776418196886,0.16960983048939926,0,0,0
VN,Viet Nam,P - 2836,Carbonates,P - 4,Chemicals and pharmaceuticals,Production,20595669.765615586,73063460.34106232,20595669.765615586,73063460.34106232,0.25431800588510656,0.25018414213769075,0,0,0,0,0,0,0.14992641656465713,0.17300139256606728,13893605.288698737,48674837.09618413,0,,17.700672782995827,18.106838954900415,0.40616617190458726,-1.6012460677604083,0.14477693232232633,0,0,0
VN,Viet Nam,P - 2841,Oxometallic Salts,P - 4,Chemicals and pharmaceuticals,Production,22460881.679911766,29325065.05468669,22460881.679911766,29325065.05468669,0.5694298096412176,0.17816367581448786,1,0,1,0,0,0,0.12306656107699138,0.1433515609258427,3831224.830891811,57610802.1017507,,1,17.869220661929933,17.19395320500551,-0.6752674569244235,3.0246427796744175,0.03861035177648725,0,0,0
VN,Viet Nam,P - 2843,Precious Metal Compounds,P - 4,Chemicals and pharmaceuticals,Production,164904.65882968123,311998.48041895276,164904.65882968123,311998.48041895276,0.0026091021713185287,0.0030335879664505506,0,0,0,0,0,0,0.12076429725506174,0.1677826746047811,11195345.97283708,29451340.843373284,0,,17.198250030466106,12.650756801466363,-4.547493228999743,3.2722383864074263,0.0675343457641622,0,0,0
VN,Viet Nam,P - 2844,Radioactive Elements,P - 4,Chemicals and pharmaceuticals,Production,297867.94969119434,3781.6907173622385,297867.94969119434,3781.6907173622385,0.001804023317035157,0.0003179654975486087,0,0,0,0,0,0,0.06917954256108438,0.1203185545662957,11927138.095911827,24554622.267032437,0,,17.01641071492412,8.238190865372841,-8.778219849551279,0.15284072771908194,0.07865940206523564,0,0,0
VN,Viet Nam,P - 2849,Carbides,P - 4,Chemicals and pharmaceuticals,Production,11216933.47477599,29061784.46664286,11216933.47477599,29061784.46664286,0.35541944298813477,0.5559520324251414,0,1,0,1,0,0,0.13379861649574165,0.18675033160273385,4366933.508462853,7320276.485655837,1,,15.80615879309549,17.184934654915597,1.3787758618201078,2.461435036169582,0.1305921163279068,0,0,0
VN,Viet Nam,P - 2901,Acyclic Hydrocarbons,P - 4,Chemicals and pharmaceuticals,Production,9638997.608626144,12290891.48367596,9638997.608626144,12290891.48367596,0.03628336628953075,0.024622464735557455,0,0,0,0,0,0,0.1321956168518588,0.20530077980043313,54719234.38681562,82686319.78330639,0,,18.230564738613722,16.324369097593642,-1.90619564102008,1.771162832696979,0.13830819974912945,0,0,0
VN,Viet Nam,P - 2902,Cyclic Hydrocarbons,P - 4,Chemicals and pharmaceuticals,Production,815589.0811198812,339043712.65982914,815589.0811198812,339043712.65982914,0.0013657332415644079,0.4419654951590756,0,0,0,0,0,0,0.13202367536088236,0.19911685754680006,128712506.94938892,131622818.13493977,0,,18.695450959505763,19.641639605880588,0.946188646374825,1.394726887322234,0.11284054140376483,0,0,0
VN,Viet Nam,P - 2903,Halogenated Hydrocarbons,P - 4,Chemicals and pharmaceuticals,Production,525422.8936697644,120117.75065753172,525422.8936697644,120117.75065753172,0.0060370093488862,0.004159573732971502,0,0,0,0,0,0,0.12574782201212845,0.18590152571893898,17415475.669794448,34832927.18389051,0,,17.366073709548907,11.696236121256728,-5.669837588292179,2.744027194618217,0.0918366281532908,0,0,0
VN,Viet Nam,P - 2904,Nitrated Hydrocarbons,P - 4,Chemicals and pharmaceuticals,Production,2797284.477717341,12040855.809379462,2797284.477717341,12040855.809379462,0.14328247715963527,0.20417817652913567,0,0,0,0,0,0,0.13372304161907192,0.19720160724222574,3268600.8399976618,7279955.305163345,0,,15.800635418116855,16.303816158882665,0.50318074076581,0.5148105126968471,0.11117908686072463,0,0,0
VN,Viet Nam,P - 2905,Acyclic Alcohols,P - 4,Chemicals and pharmaceuticals,Production,1964494.8997771002,324787.0396203787,1964494.8997771002,324787.0396203787,0.006300213998065671,0.004716169820872548,0,0,0,0,0,0,0.12156605664946184,0.1882298899838356,35574632.33137058,62206896.28846493,0,,17.94597644044376,12.690928062762763,-5.255048377680998,-0.02518723798247559,0.1663169601370574,0,0,0
VN,Viet Nam,P - 2906,Cyclic Alcohols,P - 4,Chemicals and pharmaceuticals,Production,13572.786368952015,11424.40260182377,13572.786368952015,11424.40260182377,0.0006365360125327712,0.0015067128551373493,0,0,0,0,0,0,0.11896148368599999,0.16300103429309248,3821124.440303775,5372593.860471671,0,,15.496821564015177,9.343594453813203,-6.153227110201973,1.988350693007688,0.08264356085678294,0,0,0
VN,Viet Nam,P - 2907,Phenols,P - 4,Chemicals and pharmaceuticals,Production,198339.10716106687,1545.7170103405342,198339.10716106687,1545.7170103405342,0.002902349714081879,0.0010242369935148186,0,0,0,0,0,0,0.13213515077330348,0.19390714492727976,15899537.511311032,15230611.486034237,0,,16.538817939823332,7.343889905811597,-9.194928034011735,2.8039925341993492,0.10975056876764552,0,0,0
VN,Viet Nam,P - 2909,Ethers,P - 4,Chemicals and pharmaceuticals,Production,317243.173457555,1688287.7317927163,317243.173457555,1688287.7317927163,0.0016602295781358112,0.005993140825101361,0,0,0,0,0,0,0.1242221337620513,0.1894421168770369,34127689.83612788,50402714.89471184,0,,17.735555618389593,14.339225989150952,-3.3963296292386413,1.5983770881177335,0.11018449154315078,0,0,0
VN,Viet Nam,P - 2910,Epoxides,P - 4,Chemicals and pharmaceuticals,Production,3871.457139678531,494180.449320253,3871.457139678531,494180.449320253,9.161386182655307e-05,0.00990603141500924,0,0,0,0,0,0,0.12244888830061036,0.1767922945450213,8664754.839972062,10063117.952990565,0,,16.124387709673446,13.11065803504591,-3.0137296746275357,3.510193033081132,0.0656119471184482,0,0,0
VN,Viet Nam,P - 2912,Aldehydes,P - 4,Chemicals and pharmaceuticals,Production,2214887.1146398517,3522393.0085990177,2214887.1146398517,3522393.0085990177,0.09199808444258335,0.10845202740006658,0,0,0,0,0,0,0.13549702047947088,0.19475650060105948,4877856.720689526,8729592.203476362,0,,15.982229329190151,15.074651432479417,-0.907577896710734,2.312104889160147,0.11764377447346372,0,0,0
VN,Viet Nam,P - 2914,Ketones and Quinones,P - 4,Chemicals and pharmaceuticals,Production,256873.13330153763,183726.05023226474,256873.13330153763,183726.05023226474,0.004227414005145652,0.015672524929296015,0,0,0,0,0,0,0.13367506875656684,0.19149134791035782,13489205.485609794,20563237.535842467,0,,16.839015502481594,12.121206512579683,-4.717808989901911,2.807337007364122,0.1088999730281042,0,0,0
VN,Viet Nam,P - 2915,Saturated Acids,P - 4,Chemicals and pharmaceuticals,Production,550818.9771905557,2805946.631588676,550818.9771905557,2805946.631588676,0.004614687687999454,0.03386872871653297,0,0,0,0,0,0,0.13332534147102154,0.19693003076270313,25228124.312954493,49677929.9855683,0,,17.721071347893908,14.847251876458511,-2.8738194714353966,2.2249031789302736,0.12300403904083315,0,0,0
VN,Viet Nam,P - 2916,Unsaturated Acids,P - 4,Chemicals and pharmaceuticals,Production,230525.27699797455,5756738.396801893,230525.27699797455,5756738.396801893,0.0023197594233434382,0.04305415527764347,0,0,0,0,0,0,0.13381166561931654,0.1909399181172483,22761589.84568651,31116724.456779175,0,,17.253256028626915,15.565881795445915,-1.687374233181,2.3392197874085054,0.1160621913219269,0,0,0
VN,Viet Nam,P - 2917,Polycarboxylic Acids,P - 4,Chemicals and pharmaceuticals,Production,16508873.506244682,43160543.294254355,16508873.506244682,43160543.294254355,0.08320889142653916,0.2336355494544251,0,0,0,0,0,0,0.13967674799746602,0.20315681921188253,45951823.13435431,62930837.5799938,0,,17.957546881014107,17.580437309355652,-0.3771095716584547,2.4159560925886963,0.10646109238243096,0,0,0
VN,Viet Nam,P - 2918,Oxygen Function Acids,P - 4,Chemicals and pharmaceuticals,Production,199913.4364203747,180960.9342471,199913.4364203747,180960.9342471,0.002588958941956184,0.0031979925617609565,0,0,0,0,0,0,0.13761562608192793,0.19609461770792042,16626998.270900622,35653217.08830671,0,,17.389349969707293,12.106041980103056,-5.283307989604237,2.197330174249792,0.14104283726091177,0,0,0
VN,Viet Nam,P - 2920,Other Inorganic Esters,P - 4,Chemicals and pharmaceuticals,Production,0.0,0.0,0.0,0.0,0.0,0.0,0,0,0,0,0,0,0.13141386595411853,0.18854067287213844,2965747.6089879097,5424882.936778056,0,,15.506507063019646,0.0,-15.506507063019646,2.9345464343288183,0.09315236964427576,0,0,0
VN,Viet Nam,P - 2921,Amines,P - 4,Chemicals and pharmaceuticals,Production,141029.0903642939,314056.16507398814,141029.0903642939,314056.16507398814,0.0013771672268418202,0.006944403338093924,0,0,0,0,0,0,0.13231470967606038,0.19325834437364403,22608662.996901743,37981210.719034545,0,,17.452602166974152,12.657330302696263,-4.79527186427789,3.1697979737595654,0.10663978930456625,0,0,0
VN,Viet Nam,P - 2922,Amino Alcohols,P - 4,Chemicals and pharmaceuticals,Production,115509821.91004469,64881067.49623805,115509821.91004469,64881067.49623805,0.4335614463388662,0.2998769115408677,0,0,0,0,0,0,0.13754869064364061,0.2026467213343356,35391975.96586348,62826690.66392149,0,,17.955890567635816,17.988066436443436,0.032175868807620134,1.9820285744195851,0.12765193775363154,0,0,0
VN,Viet Nam,P - 2923,Quaternary Ammonium Salts,P - 4,Chemicals and pharmaceuticals,Production,148152.61370852115,781679.7240451523,148152.61370852115,781679.7240451523,0.007125610232086457,0.022741639146092528,0,0,0,0,0,0,0.1351475296744736,0.1993074746338852,4429150.385470834,10635935.221341282,0,,16.179749034837908,13.569201654885774,-2.610547379952134,1.5591988058716126,0.1499165243876706,0,0,0
VN,Viet Nam,P - 2924,Amides,P - 4,Chemicals and pharmaceuticals,Production,151408.90063494467,18009.647769687253,151408.90063494467,18009.647769687253,0.0019712025311202567,0.0007876246844577267,0,0,0,0,0,0,0.12650330796175044,0.17881376537102708,14161397.887143059,25438996.72710599,0,,17.051793898140673,9.798718404746253,-7.2530754933944195,3.2805419316423596,0.09583090092113654,0,0,0
VN,Viet Nam,P - 2925,Imides,P - 4,Chemicals and pharmaceuticals,Production,904.2896616801582,0.0,904.2896616801582,0.0,6.873519328654321e-05,7.605836322066054e-05,0,0,0,0,0,0,0.13255849428266822,0.1902768500521972,3101444.1018232494,7804510.478750116,0,,15.870212519165623,0.0,-15.870212519165623,3.0821007390372688,0.10185821647409316,0,0,0
VN,Viet Nam,P - 2926,Nitriles,P - 4,Chemicals and pharmaceuticals,Production,11976.298319801397,3463.551078726012,11976.298319801397,3463.551078726012,0.00019488589345657216,0.00013910421130540254,0,0,0,0,0,0,0.12473565748690905,0.16723616747546555,12042312.303061612,13009415.889268834,0,,16.381184029289678,8.150338344421304,-8.230845684868374,3.907740430238252,0.07965141556068624,0,0,0
VN,Viet Nam,P - 2929,Other Nitrogen Compounds,P - 4,Chemicals and pharmaceuticals,Production,99689.22996137064,267305.9949882231,99689.22996137064,267305.9949882231,0.0018526686553571882,0.012896176452765248,0,0,0,0,0,0,0.12493326573282923,0.1838933670429437,10914464.992724687,21823805.458888125,0,,16.89851197131658,12.49615307083894,-4.4023589004776404,2.317834033285991,0.0903841614061981,0,0,0
VN,Viet Nam,P - 2930,Organo-Sulphur Compounds,P - 4,Chemicals and pharmaceuticals,Production,2260955.238723042,346975.84819580143,2260955.238723042,346975.84819580143,0.029296278541440908,0.006682804231121902,0,0,0,0,0,0,0.13197970147067933,0.19157747395735605,16832467.99873464,26420639.442837328,0,,17.089656097598766,12.757013336806299,-4.332642760792467,2.372889348492184,0.10693549185981623,0,0,0
VN,Viet Nam,P - 2931,Other Organo-Inorganic Compounds,P - 4,Chemicals and pharmaceuticals,Production,5762.340539597835,30792.48209329707,5762.340539597835,30792.48209329707,8.630327290656496e-05,0.0007122808678367395,0,0,0,0,0,0,0.1189166324447787,0.1805187784153558,11560988.663474577,24909401.235258,0,,17.030755889971626,10.335058326219423,-6.695697563752203,3.409631630647022,0.07598005979824421,0,0,0
VN,Viet Nam,P - 2932,Oxygen Heterocycles,P - 4,Chemicals and pharmaceuticals,Production,31190658.768527493,13059254.32408123,31190658.768527493,13059254.32408123,0.30834099946488985,0.11965064200526934,0,0,0,0,0,0,0.13687316710696523,0.19288713485535133,15977087.253718145,36153471.84005684,0,,17.403283569452977,16.385007660591263,-1.018275908861714,2.423523594568364,0.11679997978887309,0,0,0
VN,Viet Nam,P - 2933,Nitrogen Heterocycles,P - 4,Chemicals and pharmaceuticals,Production,300392.99655280536,4972908.57221696,300392.99655280536,4972908.57221696,0.0005344687004831904,0.002703332907287606,0,0,0,0,0,0,0.1290414102173462,0.17433404871642527,114863043.5680916,318292989.39600253,0,,19.57848287000544,15.419515653782698,-4.158967216222743,3.104566486599839,0.10760776237196337,0,0,0
VN,Viet Nam,P - 2934,Nucleic Acids,P - 4,Chemicals and pharmaceuticals,Production,267089.3905995391,116093.97939251826,267089.3905995391,116093.97939251826,0.0014955705149778825,0.0007195556001427478,0,0,0,0,0,0,0.1342457106128998,0.1891642304275144,40139832.27273415,94489993.86596042,0,,18.364004512424597,11.662163922931116,-6.7018405894934805,3.6230820087578204,0.09976230815736298,0,0,0
VN,Viet Nam,P - 2935,Sulphonamides,P - 4,Chemicals and pharmaceuticals,Production,119201.62718866293,0.0,119201.62718866293,0.0,0.0015972170418322715,5.65453921874924e-05,0,0,0,0,0,0,0.12208610347534796,0.17880916279499307,13271866.35221629,25102893.507828526,0,,17.038493716490276,0.0,-17.038493716490276,2.9065128936582205,0.07738656231850345,0,0,0
VN,Viet Nam,P - 2936,Vitamins,P - 4,Chemicals and pharmaceuticals,Production,1509815.5254511917,986572.2832428262,1509815.5254511917,986572.2832428262,0.023163268927687407,0.025970661736972066,0,0,0,0,0,0,0.13959017273893368,0.19502654530434171,14800905.60663823,32051082.11329951,0,,17.282841535246657,13.801992887790979,-3.4808486474556783,2.1442565006438703,0.1291070703509283,0,0,0
VN,Viet Nam,P - 2937,Hormones,P - 4,Chemicals and pharmaceuticals,Production,7597.299374675776,28139.410145389822,7597.299374675776,28139.410145389822,5.4299712090506606e-05,9.681079393710556e-05,0,0,0,0,0,0,0.12712498609568523,0.1777548245786826,27104540.24642014,93723404.67118855,0,,18.355858509731387,10.24496190573593,-8.110896603995457,3.397709732148397,0.08029090301831775,0,0,0
VN,Viet Nam,P - 2939,Alkaloids,P - 4,Chemicals and pharmaceuticals,Production,1018660.6726830899,13611253.58582479,1018660.6726830899,13611253.58582479,0.03903330122737069,0.2939909430345741,0,0,0,0,0,0,0.13009712794024728,0.2017909277985177,4855353.434829559,8101350.203888186,0,,15.90754142102538,16.426407551556654,0.5188661305312738,1.302558789735173,0.13546693273868404,0,0,0
VN,Viet Nam,P - 2941,Antibiotics,P - 4,Chemicals and pharmaceuticals,Production,826319.211306142,66281.81751484053,826319.211306142,66281.81751484053,0.006872495663831452,0.026435911637275072,0,0,0,0,0,0,0.14017074253180523,0.20137747743305356,28893715.378306106,40237193.636283085,0,,17.510302365527366,11.101685979913416,-6.40861638561395,2.751705281486578,0.1076168609525266,0,0,0
VN,Viet Nam,P - 3001,Therapeutic Glands and Organs,P - 4,Chemicals and pharmaceuticals,Production,12167.285984636996,2683405.6219355683,12167.285984636996,2683405.6219355683,0.00023062427478471795,0.05899464574400696,0,0,0,0,0,0,0.12165985343661963,0.18951705998482568,9532552.285727598,19410783.87553686,0,,16.781339390985917,14.802597672876228,-1.9787417181096885,2.4141263105543995,0.12064012676960446,0,0,0
VN,Viet Nam,P - 3002,Blood Products and Vaccines,P - 4,Chemicals and pharmaceuticals,Production,3471956.317602611,6916914.328458473,3471956.317602611,6916914.328458473,0.003546477302325423,0.0025348514469378317,0,0,0,0,0,0,0.13259544960733113,0.19088319509312873,207241381.37134492,1096137325.2173774,0,,20.815058315266732,15.749480466429077,-5.0655778488376555,2.7241135223575466,0.11127628226459525,0,0,0
VN,Viet Nam,P - 3003,Bulk Pharmaceuticals,P - 4,Chemicals and pharmaceuticals,Production,11177976.211871404,1364154.9639227462,11177976.211871404,1364154.9639227462,0.0794453051325309,0.01604522717408896,0,0,0,0,0,0,0.1414375198501238,0.21020802371087824,27644496.99412822,58481571.485225424,0,,17.884222262326528,14.126046453900743,-3.7581758084257846,1.5129023505233519,0.16395042986682748,0,0,0
VN,Viet Nam,P - 3004,Retail Pharmaceuticals,P - 4,Chemicals and pharmaceuticals,Production,72126899.98000549,141164413.3950598,72126899.98000549,141164413.3950598,0.024039742762804937,0.03133854222901469,0,0,0,0,0,0,0.15302357591672547,0.21576559227495115,774948999.726222,1777431382.3618484,0,,21.298435116005898,18.76543582856248,-2.532999287443417,0.9439023634580944,0.19284906373378446,0,0,0
VN,Viet Nam,P - 3005,Medical Dressings,P - 4,Chemicals and pharmaceuticals,Production,7604204.475662981,20838138.970115636,7604204.475662981,20838138.970115636,0.10260812814412965,0.13894263112001792,0,0,0,0,0,0,0.15030493852349322,0.21397508837754214,18013082.893043697,41014705.6805711,0,,17.529441259877412,16.852295517992637,-0.6771457418847753,1.4112791354787149,0.175266308875769,0,0,0
VN,Viet Nam,P - 3006,Other Pharmaceutical Goods,P - 4,Chemicals and pharmaceuticals,Production,2418457.806564758,8581879.725868184,2418457.806564758,8581879.725868184,0.01787022141528445,0.04796090719836692,0,0,0,0,0,0,0.13900433829644154,0.20355002205404324,30541977.64206088,66015573.7192855,0,,18.005401252746893,15.965163646262729,-2.0402376064841636,1.4736526413755533,0.1676796212276614,0,0,0
VN,Viet Nam,P - 3102,Nitrogen Fertilizers,P - 4,Chemicals and pharmaceuticals,Production,146958207.4528729,184681578.13879037,146958207.4528729,184681578.13879037,0.34869003962349815,0.3842140435851692,0,0,0,0,0,0,0.16421335020497727,0.25876774748339176,64722330.09549753,118561646.907342,0,,18.59094361876888,19.034143706242215,0.44320008747333617,-2.5427032906245666,0.24420386760273824,0,0,0
VN,Viet Nam,P - 3103,Phosphate Fertilizers,P - 4,Chemicals and pharmaceuticals,Production,10563909.717386672,53903875.992612384,10563909.717386672,53903875.992612384,0.3261305081823769,0.473100884923461,0,0,0,0,0,0,0.17792028131176502,0.2883249569777046,5455147.320533426,14749816.869802183,0,,16.506741292863847,17.802712962654443,1.295971669790596,-2.4669400966745028,0.11572208895959972,0,0,0
VN,Viet Nam,P - 3104,Potash Fertilizers,P - 4,Chemicals and pharmaceuticals,Production,16392194.815556692,27156439.628132995,16392194.815556692,27156439.628132995,0.08975972504072985,0.1662983950161617,0,0,0,0,0,0,0.10849695166565988,0.11223712054748815,25926832.628912963,30918261.477965612,0,,17.24685758598959,17.11712480008339,-0.12973278590620296,-0.29549892508095105,0.09677714069459266,0,0,0
VN,Viet Nam,P - 3105,Mixed Fertilizers,P - 4,Chemicals and pharmaceuticals,Production,228173575.1837624,114630061.0720932,228173575.1837624,114630061.0720932,0.5049354680452374,0.29014808513071655,1,0,1,0,0,0,0.16581908691665365,0.22595887036101542,60055057.45314793,110985519.93270324,,1,18.524910308720585,18.557220649590594,0.0323103408700085,-1.596378446187278,0.19571269189551205,0,0,0
VN,Viet Nam,P - 3204,Synthetic Dyes,P - 4,Chemicals and pharmaceuticals,Production,8510548.573715707,15089045.73871727,8510548.573715707,15089045.73871727,0.06620438887214286,0.09334819489607703,0,0,0,0,0,0,0.14239223862546876,0.2079083622745349,29412749.592605375,48151983.27378749,0,,17.689872905614482,16.529479657026762,-1.1603932485877202,1.205693249598945,0.15694878173470023,0,0,0
VN,Viet Nam,P - 3206,Other Coloring Matter,P - 4,Chemicals and pharmaceuticals,Production,14823918.07141737,46289800.76482655,14823918.07141737,46289800.76482655,0.10893759611302747,0.20687225964917413,0,0,0,0,0,0,0.14275056797644084,0.20750749894515552,28333945.24532386,51585932.67112742,0,,17.75875959001604,17.650432230536122,-0.10832735947991878,1.4940584892222533,0.1639537431520307,0,0,0
VN,Viet Nam,P - 3207,Ceramic and Glass Pigments,P - 4,Chemicals and pharmaceuticals,Production,5266463.754232278,21711441.274408646,5266463.754232278,21711441.274408646,0.10420522719281693,0.32205186688305765,0,0,0,0,0,0,0.13653410947665584,0.20435238644210524,10938726.03696677,19385828.229058016,0,,16.78005290501302,16.893349973291738,0.11329706827871888,1.2845089528284688,0.1307175507865361,0,0,0
VN,Viet Nam,P - 3208,Non-Aqueous Paints,P - 4,Chemicals and pharmaceuticals,Production,20655033.163604457,34483309.18564192,20655033.163604457,34483309.18564192,0.1315342117635676,0.18449525558296592,0,0,0,0,0,0,0.15624120543969247,0.21756371134160277,37912574.25529388,65863216.956055164,0,,18.00309069427238,17.355986002215626,-0.6471046920567538,-0.35488264673027753,0.23993832853631125,0,0,0
VN,Viet Nam,P - 3209,Water-Based Paints,P - 4,Chemicals and pharmaceuticals,Production,2413035.234136083,6791150.212594914,2413035.234136083,6791150.212594914,0.03863332129514679,0.08879171337881464,0,0,0,0,0,0,0.15761676889402695,0.2143219404034001,16977593.726674438,27639989.918633737,0,,17.134774228304853,15.731131030464864,-1.4036431978399886,-0.6624927017782759,0.266937562157005,0,0,0
VN,Viet Nam,P - 3212,Metallic Pigments,P - 4,Chemicals and pharmaceuticals,Production,853718.0273565353,399511.41623455536,853718.0273565353,399511.41623455536,0.03651935274010714,0.031026321347302904,0,0,0,0,0,0,0.14424957066042818,0.2100138340334568,5168435.722405684,7446925.798680188,0,,15.823311995005716,12.898000123141193,-2.9253118718645226,1.2799891839143365,0.19336487532537575,0,0,0
VN,Viet Nam,P - 3214,Putty and Mastics,P - 4,Chemicals and pharmaceuticals,Production,2857382.2813124326,5398694.72410824,2857382.2813124326,5398694.72410824,0.036301114738371866,0.037068127823556736,0,0,0,0,0,0,0.15600643811324702,0.22386315994393508,20433088.92380152,46768536.78554201,0,,17.66072126527368,15.501667949788265,-2.159053315485414,0.2595365783473668,0.22256536659485238,0,0,0
VN,Viet Nam,P - 3215,Printing and Writing Inks,P - 4,Chemicals and pharmaceuticals,Production,3261998.618300634,11115985.441398615,3261998.618300634,11115985.441398615,0.023228274982959155,0.08997907142278937,0,0,0,0,0,0,0.14496594182215863,0.21590835522746368,35069238.83145672,46302820.20089249,0,,17.650713450264753,16.223894850106348,-1.4268186001584056,1.0619706165201286,0.17727408217212015,0,0,0
VN,Viet Nam,P - 3301,Essential Oils,P - 4,Chemicals and pharmaceuticals,Production,12333166.685400229,13064755.113822792,12333166.685400229,13064755.113822792,0.2338207724918142,0.19391042403784337,0,0,0,0,0,0,0.1436096895747856,0.1982495508531463,12053313.14949857,20084984.411915474,0,,16.81548309945788,16.385428789623145,-0.430054309834734,-2.877904715727845,0.25618055816840185,0,0,0
VN,Viet Nam,P - 3302,Fragrance Compounds,P - 4,Chemicals and pharmaceuticals,Production,3305010.9397464544,2659536.152801283,3305010.9397464544,2659536.152801283,0.015027290832704529,0.00978114949486122,0,0,0,0,0,0,0.12377829733648289,0.17586489158570906,34830524.5228249,84666975.81444132,0,,18.254236199470686,14.79366266291137,-3.460573536559316,0.013708073611923388,0.16191694552305322,0,0,0
VN,Viet Nam,P - 3303,Perfumes,P - 4,Chemicals and pharmaceuticals,Production,5797847.362369757,2091049.2429474269,5797847.362369757,2091049.2429474269,0.032459081026186325,0.010269839636391352,0,0,0,0,0,0,0.143298466399027,0.2097402253820675,37267071.90792097,109865556.59043923,0,,18.514767972533313,14.55317700631312,-3.961590966220193,0.27308645714157775,0.17663221048980016,0,0,0
VN,Viet Nam,P - 3304,Cosmetics and Makeup,P - 4,Chemicals and pharmaceuticals,Production,32323400.27758462,51384241.950361304,32323400.27758462,51384241.950361304,0.08841490276385285,0.06576943375522497,0,0,0,0,0,0,0.1472804298658927,0.21194072605710146,78086940.79599354,266106250.4553306,0,,19.399406228551825,17.754842126041105,-1.6445641025107207,0.6010898203086321,0.1981378282335949,0,0,0
VN,Viet Nam,P - 3305,Hair Care Products,P - 4,Chemicals and pharmaceuticals,Production,66834858.6512118,25886068.794753518,66834858.6512118,25886068.794753518,0.3268551973916515,0.15414103194270656,0,0,0,0,0,0,0.16237501009297373,0.2266222348447685,41286673.2788296,76257781.09076051,0,,18.1496300284507,17.06921553621644,-1.0804144922342616,0.19462497889768637,0.23523108413504343,0,0,0
VN,Viet Nam,P - 3306,Oral Care Products,P - 4,Chemicals and pharmaceuticals,Production,39817354.22197496,26976111.701804414,39817354.22197496,26976111.701804414,0.4332972176045888,0.2678746587785122,0,0,0,0,0,0,0.1540006067788472,0.21999615143320495,14049490.679849595,27825509.13058843,0,,17.141463788492,17.110462317629544,-0.031001470862456415,0.14122514008176829,0.2024583716459825,0,0,0
VN,Viet Nam,P - 3307,Personal Care Products,P - 4,Chemicals and pharmaceuticals,Production,85412999.09151271,82964670.87323275,85412999.09151271,82964670.87323275,0.4257245595959761,0.31971799938342027,0,0,0,0,0,0,0.15964374202502804,0.2283791442186023,33525899.682165973,69309045.3998658,0,,18.054085995321174,18.233925435068887,0.17983943974771321,0.3300034258263558,0.2211450337705572,0,0,0
VN,Viet Nam,P - 3401,Soap and Cleansing Products,P - 4,Chemicals and pharmaceuticals,Production,35003619.86856242,13064513.03327514,35003619.86856242,13064513.03327514,0.3206231496429817,0.17347333897387343,0,0,0,0,0,0,0.25139482373657934,0.2617412734960072,39745516.6333567,46228003.48210463,0,,17.649096330033956,16.385410260169678,-1.2636860698642778,-2.841884038622458,0.2763830703705468,0,0,0
VN,Viet Nam,P - 3402,Detergents and Surfactants,P - 4,Chemicals and pharmaceuticals,Production,138645935.7306706,200684856.6046665,138645935.7306706,200684856.6046665,0.30909960273583026,0.3041146668047546,0,0,0,0,0,0,0.16107507975076116,0.2281766026086422,86458136.16275749,186888619.81170148,0,,19.046023386739773,19.117246363011244,0.07122297627147134,-0.7444733482316875,0.2502273436391053,0,0,0
VN,Viet Nam,P - 3403,Lubricating Preparations,P - 4,Chemicals and pharmaceuticals,Production,14560177.823625501,6616531.625128338,14560177.823625501,6616531.625128338,0.14666733179219926,0.0714026747994411,0,0,0,0,0,0,0.14267908222609912,0.20591623915991294,21533618.90617171,41813336.891681045,0,,17.548725934914863,15.705082018057162,-1.843643916857701,1.6482967559837152,0.15195532109069249,0,0,0
VN,Viet Nam,P - 3404,Artificial Wax,P - 4,Chemicals and pharmaceuticals,Production,1034612.8910089716,8267559.398574968,1034612.8910089716,8267559.398574968,0.03444823347258946,0.16372599281475553,0,0,0,0,0,0,0.13938894177557482,0.20485358603115358,7307078.731453183,13700542.37392289,0,,16.43294605234196,15.927850029354184,-0.505096022987777,1.8227140331229958,0.14094006377100626,0,0,0
VN,Viet Nam,P - 3405,Polishes and Cleaners,P - 4,Chemicals and pharmaceuticals,Production,2172784.358758055,1063922.7430952059,2172784.358758055,1063922.7430952059,0.0916980470315848,0.04409487834385409,0,0,0,0,0,0,0.15690295622213324,0.21409385045279933,6141918.364464859,10517301.392890504,0,,16.168532305859614,13.877474276292006,-2.2910580295676084,0.3734541522819652,0.17738259123359668,0,0,0
VN,Viet Nam,P - 3406,Candles,P - 4,Chemicals and pharmaceuticals,Production,157407189.02396917,460323633.1421768,157407189.02396917,460323633.1421768,0.8390487639587995,0.881895316735873,1,1,1,1,1,1,0.15836055596620402,0.22278154645911138,9794659.058518464,22500769.593062636,,0,16.929060115168742,19.947440352553382,3.0183802373846405,1.0713925422614867,0.15673381260787092,0,0,0
VN,Viet Nam,P - 3501,Casein and Derivatives,P - 4,Chemicals and pharmaceuticals,Production,105971.77447204002,69630.87103724502,105971.77447204002,69630.87103724502,0.004282636916232229,0.0013290684988002295,0,0,0,0,0,0,0.12353619034666785,0.1735953415738806,4320045.161377126,9342745.43610418,0,,16.05011081795526,11.150977658712222,-4.899133159243039,1.4271285397241782,0.08027732647853499,0,0,0
VN,Viet Nam,P - 3503,Gelatin and Animal Glues,P - 4,Chemicals and pharmaceuticals,Production,123866.58004080759,15742798.978763761,123866.58004080759,15742798.978763761,0.006037052545236949,0.38700620098070226,0,0,0,0,0,0,0.13279598215816407,0.19626808544904234,4126630.6624076604,10132111.95899697,0,,16.131220438777934,16.57189367450817,0.4406732357302374,-0.22275854252977004,0.14619161071891704,0,0,0
VN,Viet Nam,P - 3504,Protein Substances,P - 4,Chemicals and pharmaceuticals,Production,281016.717605976,7541675.151564981,281016.717605976,7541675.151564981,0.011405125730428595,0.12147115428394854,0,0,0,0,0,0,0.1406576904997356,0.20287425172669113,6018055.8968300205,18029657.930768274,0,,16.70752867823786,15.835955016547437,-0.871573661690423,3.003043105779652,0.12582348068067134,0,0,0
VN,Viet Nam,P - 3505,Modified Starches and Glues,P - 4,Chemicals and pharmaceuticals,Production,47981703.35981091,120917027.02030411,47981703.35981091,120917027.02030411,0.5754006454026046,0.6835959980437182,1,1,1,1,0,1,0.14645304288660796,0.21329660519974727,9748245.37726257,22855753.31327081,,0,16.944713473503104,18.610615149507858,1.6659016760047543,1.0416209632138553,0.14130911787680447,0,0,0
VN,Viet Nam,P - 3506,Prepared Adhesives,P - 4,Chemicals and pharmaceuticals,Production,34333934.81157225,63925526.50427742,34333934.81157225,63925526.50427742,0.2619933754754583,0.3464686570314079,0,0,0,0,0,0,0.15044146426320212,0.21406886401426692,25256264.703243215,55085197.24203191,0,,17.824391603588566,17.973229331032037,0.14883772744347112,0.8060036913519484,0.1852859037971727,0,0,0
VN,Viet Nam,P - 3507,Enzymes,P - 4,Chemicals and pharmaceuticals,Production,487326.6580276402,731031.7300063275,487326.6580276402,731031.7300063275,0.010749342087546085,0.008449439386002486,0,0,0,0,0,0,0.13897710156015866,0.19681078051987716,10439312.784216719,28041994.22513017,0,,17.149213773987547,13.502213512020038,-3.6470002619675093,2.0567227110041832,0.13021260878713678,0,0,0
VN,Viet Nam,P - 3603,Detonators and Fuses,P - 4,Chemicals and pharmaceuticals,Production,248205.880931595,375923.283952946,248205.880931595,375923.283952946,0.015713355578656572,0.03539271586662005,0,0,0,0,0,0,0.13421006000448527,0.18379487183374782,3038719.893773991,6791207.008317335,0,,15.731139393624975,12.837143029628304,-2.8939963639966706,-1.0571611744867953,0.16839455162449318,0,0,0
VN,Viet Nam,P - 3701,Photographic Plates and Film,P - 4,Chemicals and pharmaceuticals,Production,13830712.57236132,270067.83961463574,13830712.57236132,270067.83961463574,0.208680214632916,0.006629234937787013,0,0,0,0,0,0,0.13602710416078798,0.1947690074507043,12004694.293778207,16096997.087290637,0,,16.594143358364395,12.506432167019032,-4.087711191345363,2.449337085464377,0.09920653149514293,0,0,0
VN,Viet Nam,P - 3702,Film in Rolls,P - 4,Chemicals and pharmaceuticals,Production,169658.24684119713,150224.06525258766,169658.24684119713,150224.06525258766,0.006237260643206331,0.011991379844895633,0,0,0,0,0,0,0.11084518767398856,0.17305749179862775,3749676.249797554,4554750.233170641,0,,15.331681473171765,11.919889883567738,-3.411791589604027,2.590685446665271,0.08407059306971582,0,0,0
VN,Viet Nam,P - 3703,Photographic Paper,P - 4,Chemicals and pharmaceuticals,Production,948195.7209829721,27019.787612502947,948195.7209829721,27019.787612502947,0.06745900833984955,0.01368415712274054,0,0,0,0,0,0,0.13109867364259248,0.19981525724333443,2587729.6255892995,1663051.3409905336,0,,14.324165231516535,10.204361760330771,-4.119803471185763,1.806244082662951,0.09855665930573577,0,0,0
VN,Viet Nam,P - 3707,Photographic Chemicals,P - 4,Chemicals and pharmaceuticals,Production,4441107.922694064,14527836.78424702,4441107.922694064,14527836.78424702,0.06553618136519763,0.16953918323677972,0,0,0,0,0,0,0.1321865464834469,0.18335166776317155,15094473.91338193,19387223.63914811,0,,16.780124883356297,16.49157721402898,-0.28854766932731835,2.4899598048498883,0.08431419760733269,0,0,0
VN,Viet Nam,P - 3801,Artificial Graphite,P - 4,Chemicals and pharmaceuticals,Production,2098.753952254183,43787.95473578971,2098.753952254183,43787.95473578971,0.00012221583370837735,0.002234500342364846,0,0,0,0,0,0,0.13392534136955694,0.185164914462468,4048687.161916275,13933545.810003806,0,,16.449809930001646,10.68713688958111,-5.762673040420536,2.363611611242096,0.09570868058136953,0,0,0
VN,Viet Nam,P - 3802,Activated Carbon,P - 4,Chemicals and pharmaceuticals,Production,25806647.91008148,19464861.822312817,25806647.91008148,19464861.822312817,0.5218517132284084,0.45497392966750627,1,0,1,0,0,0,0.1464942611920716,0.20621756946285139,6414667.477236694,14412765.674757658,,1,16.483624946407016,16.78412149159949,0.30049654519247326,-0.2525517023195857,0.15350735209903493,0,0,0
VN,Viet Nam,P - 3806,Rosin and Derivatives,P - 4,Chemicals and pharmaceuticals,Production,37082026.77583857,52144244.833475724,37082026.77583857,52144244.833475724,0.665644565885028,0.7873488643473383,1,1,1,1,0,1,0.14375239490419223,0.19674630783128663,5029715.836951201,5680906.878142271,,0,15.552621615625753,17.76952439455964,2.2169027789338855,0.4156995098986394,0.11111687811888568,0,0,0
VN,Viet Nam,P - 3808,Pesticides and Herbicides,P - 4,Chemicals and pharmaceuticals,Production,101279321.50651996,63291824.23986189,101279321.50651996,63291824.23986189,0.24134038833807334,0.15414137520216029,0,0,0,0,0,0,0.15060633787469582,0.20404999190260142,77109232.12519574,158211838.20460233,0,,18.879445447442073,17.96326673564457,-0.9161787117975031,0.14180324677548187,0.20439366693729888,0,0,0
VN,Viet Nam,P - 3809,Textile and Leather Finishing,P - 4,Chemicals and pharmaceuticals,Production,100418245.70575514,149976709.6389488,100418245.70575514,149976709.6389488,0.7128972909617799,0.7347093826003567,1,1,1,1,1,1,0.1510983065361316,0.224078084775823,10512571.409442462,19942305.180191945,,0,16.80835397178786,18.825990577599068,2.0176366058112087,0.5554869619294819,0.18850826638662418,0,0,0
VN,Viet Nam,P - 3810,Metal Treatment Preparations,P - 4,Chemicals and pharmaceuticals,Production,1852334.4918561056,1243844.203098844,1852334.4918561056,1243844.203098844,0.10596204591842069,0.06660035954939704,0,0,0,0,0,0,0.13903002731780364,0.20417211103569136,3994747.4316651453,7595071.703883177,0,,15.843010266564374,14.033718109730605,-1.8092921568337683,2.085615553652512,0.12272478061963751,0,0,0
VN,Viet Nam,P - 3811,Fuel Additives,P - 4,Chemicals and pharmaceuticals,Production,441289.1341780424,726491.9018981792,441289.1341780424,726491.9018981792,0.003814617338180688,0.004583337239010018,0,0,0,0,0,0,0.12833839558667906,0.1773179617071456,23570667.49923264,40720011.96406464,0,,17.52223024857743,13.495983991673828,-4.026246256903601,1.1543853662894379,0.11623766191696279,0,0,0
VN,Viet Nam,P - 3812,Rubber and Plastic Additives,P - 4,Chemicals and pharmaceuticals,Production,10907609.430736067,17606855.998464085,10907609.430736067,17606855.998464085,0.21463221876922145,0.2251289558582539,0,0,0,0,0,0,0.14316296614592922,0.20322323944737852,9960026.800097547,18323594.893837597,0,,16.7237001803641,16.683798986318614,-0.03990119404548764,1.5677439913604758,0.1502208707797509,0,0,0
VN,Viet Nam,P - 3814,Paint Removers and Solvents,P - 4,Chemicals and pharmaceuticals,Production,6282580.38680532,4901687.002986534,6282580.38680532,4901687.002986534,0.2434957963914539,0.3215005374817063,0,0,0,0,0,0,0.15382910006842224,0.2213693981112249,5012268.516555476,8935303.134696487,0,,16.005520744574596,15.405090194163074,-0.6004305504115219,-0.4418183541199602,0.23624467145051398,0,0,0
VN,Viet Nam,P - 3815,Catalysts,P - 4,Chemicals and pharmaceuticals,Production,1652989.7977083628,1426566.7640339194,1652989.7977083628,1426566.7640339194,0.010090695204654807,0.006478669699582247,0,0,0,0,0,0,0.13257770313487224,0.1951318266475338,34688975.08564105,100918002.56835099,0,,18.429818899222305,14.170781952211541,-4.259036947010763,1.5272730366470357,0.1281596389234952,0,0,0
VN,Viet Nam,P - 3816,Refractory Materials,P - 4,Chemicals and pharmaceuticals,Production,2587879.692980965,1063037.02271309,2587879.692980965,1063037.02271309,0.11099145218773744,0.03183083662720418,0,0,0,0,0,0,0.15199806538902108,0.21428288168296872,5745531.223192023,11742133.688267848,0,,16.278694186181585,13.8766414259347,-2.4020527602468853,1.157879855987394,0.16510569233870026,0,0,0
VN,Viet Nam,P - 3817,Mixed Alkylbenzenes,P - 4,Chemicals and pharmaceuticals,Production,115232.03826539483,0.0,115232.03826539483,0.0,0.004166096352319555,0.0002249959007314308,0,0,0,0,0,0,0.11029692567898523,0.17916037720703595,3471835.280731271,5514703.4112595655,0,,15.522928612000277,0.0,-15.522928612000277,0.4765151809367964,0.07786438470888156,0,0,0
VN,Viet Nam,P - 3818,Electronic Grade Chemicals,P - 4,Chemicals and pharmaceuticals,Production,478809.2412842537,385138673.750903,478809.2412842537,385138673.750903,0.005493579261593626,0.6321488756238325,0,1,0,1,0,0,0.12328988197253615,0.18230548701953583,16976614.874177653,63099246.73392363,1,,17.96021940563251,19.769114021555904,1.8088946159233927,4.003975442051479,0.06065597366531004,0,0,0
VN,Viet Nam,P - 3821,Culture Media,P - 4,Chemicals and pharmaceuticals,Production,4041.341195140031,751172.6680029711,4041.341195140031,751172.6680029711,0.0002807545207038404,0.01936062664230029,0,0,0,0,0,0,0.1339300071308111,0.19397694593979845,3307712.065194493,11862685.937355034,0,,16.288908480457295,13.52939215301763,-2.7595163274396644,2.808961070948538,0.12629916695914054,0,0,0
VN,Viet Nam,P - 3822,Laboratory Reagents,P - 4,Chemicals and pharmaceuticals,Production,304661.2015487169,6662.1220985365035,304661.2015487169,6662.1220985365035,0.0014787864727445017,0.014307543209436856,0,0,0,0,0,0,0.13728584401445065,0.1761218251734597,47346450.07004132,977472.8455623314,0,,13.792726814025725,8.804343437253786,-4.988383376771939,1.1927104518581149,0.18721030171968733,0,0,0
VN,Viet Nam,P - 3823,Industrial Fatty Acids,P - 4,Chemicals and pharmaceuticals,Production,170680388.55424646,376450546.0176463,170680388.55424646,376450546.0176463,0.2560660381701075,0.285318216254422,0,0,0,0,0,0,0.1493097549634686,0.20136895929949467,127643110.12041035,320626213.9677843,0,,19.585786563255336,19.746297247354438,0.1605106840991013,0.3854410059578371,0.20974750168761053,0,0,0
VN,Viet Nam,P - 3901,Ethylene Polymers,P - 5,"Plastics, rubber and leather",Production,40966671.56101498,128605763.65104814,40966671.56101498,128605763.65104814,0.056108230311435366,0.12190114645582718,0,0,0,0,0,0,0.14266973616110026,0.20894885252803577,153574743.35932446,266297729.74838173,0,,19.400125529337345,18.672262194976568,-0.7278633343607765,0.7322553353335542,0.17556186574422558,0,0,0
VN,Viet Nam,P - 3902,Propylene Polymers,P - 5,"Plastics, rubber and leather",Production,139837711.42141038,360762530.8482236,139837711.42141038,360762530.8482236,0.25808984411748304,0.44197435816559166,0,1,0,0,0,1,0.14228631495202024,0.21373472275439936,93216588.90721953,142455571.9860651,1,,18.77454074054423,19.70373049333291,0.9291897527886803,0.7897151839352243,0.17701112580435813,0,0,0
VN,Viet Nam,P - 3903,Styrene Polymers,P - 5,"Plastics, rubber and leather",Production,54265919.27634273,89593072.62359287,54265919.27634273,89593072.62359287,0.21293552949016545,0.3309248535766887,0,0,0,0,0,0,0.14218106005328557,0.21215752072149563,47793765.78349817,59924649.3018765,0,,17.90859850267114,18.310788571648988,0.40219006897784837,1.7396076349958494,0.15684200740747833,0,0,0
VN,Viet Nam,P - 3904,Vinyl Chloride Polymers,P - 5,"Plastics, rubber and leather",Production,78786284.25700489,70499627.78855206,78786284.25700489,70499627.78855206,0.3028515090373285,0.26253135034546254,0,0,0,0,0,0,0.1469413329718168,0.20677045474830075,46269226.04662775,80208479.04445884,0,,18.20013980346226,18.071118002358027,-0.12902180110423345,0.8602612651103737,0.15594001745851305,0,0,0
VN,Viet Nam,P - 3905,Vinyl Acetate Polymers,P - 5,"Plastics, rubber and leather",Production,1779943.8358006012,2722645.5701663294,1779943.8358006012,2722645.5701663294,0.04242203599913705,0.10750342715808925,0,0,0,0,0,0,0.14089451556809846,0.1998872720405721,9558336.768161932,21850200.544192076,0,,16.899720703453816,14.8171149689485,-2.082605734505316,1.1912645873423302,0.13841187575314343,0,0,0
VN,Viet Nam,P - 3906,Acrylic Polymers,P - 5,"Plastics, rubber and leather",Production,11017424.17247513,17488301.13945034,11017424.17247513,17488301.13945034,0.07025682014751732,0.07639747001825523,0,0,0,0,0,0,0.13850027820065516,0.20062091816002683,35128957.955021255,62004173.00391786,0,,17.942712263387136,16.677042766207716,-1.2656694971794202,1.3533675503179452,0.14848699031215448,0,0,0
VN,Viet Nam,P - 3907,Polyethers and Polyesters,P - 5,"Plastics, rubber and leather",Production,35756142.92342875,564738904.3175637,35756142.92342875,564738904.3175637,0.06772832406356438,0.4602053347207175,0,0,0,0,0,0,0.14801418814495948,0.22160133559164313,127504971.8337863,249748790.6140469,0,,19.33596613709904,20.151874067820724,0.8159079307216857,0.42213921458622333,0.18023677023093718,0,0,0
VN,Viet Nam,P - 3908,Polyamides,P - 5,"Plastics, rubber and leather",Production,55306623.72419753,69685141.24326205,55306623.72419753,69685141.24326205,0.29549685481777394,0.3089125762441799,0,0,0,0,0,0,0.13678310121029008,0.1985742368307248,31424793.429908685,57168849.68367485,0,,17.861519739551543,18.05949768576581,0.1979779462142659,3.173897644568104,0.11795774848216546,0,0,0
VN,Viet Nam,P - 3909,Amino and Phenolic Resins,P - 5,"Plastics, rubber and leather",Production,13648154.744290205,33438226.197599735,13648154.744290205,33438226.197599735,0.0836221067091393,0.13018847362388905,0,0,0,0,0,0,0.14535366761122973,0.20934274135779207,39343873.55803971,76216768.02896094,0,,18.14909206244277,17.325210330349616,-0.8238817320931524,2.1316809215882313,0.1527064773871887,0,0,0
VN,Viet Nam,P - 3910,Silicones,P - 5,"Plastics, rubber and leather",Production,1008823.2251733535,14904776.642932165,1008823.2251733535,14904776.642932165,0.014954726950517479,0.20441807341902302,0,0,0,0,0,0,0.13407568183219343,0.19469540697956778,15615971.643068796,30804291.994943663,0,,17.243164621183617,16.517192366696023,-0.7259722544875942,2.6865436497749315,0.10951595969913847,0,0,0
VN,Viet Nam,P - 3911,Other Synthetic Polymers,P - 5,"Plastics, rubber and leather",Production,4197011.969688075,15888071.024705444,4197011.969688075,15888071.024705444,0.0712175885274907,0.14814315959837027,0,0,0,0,0,0,0.13169499980894273,0.19756743689628697,12136160.569431925,26499532.065913893,0,,17.092637670647022,16.581079198533846,-0.5115584721131761,2.172332440616252,0.11458452257868254,0,0,0
VN,Viet Nam,P - 3912,Cellulose Derivatives,P - 5,"Plastics, rubber and leather",Production,1018271.3110901377,349268.2528412959,1018271.3110901377,349268.2528412959,0.018178940466475474,0.007280713264926887,0,0,0,0,0,0,0.13594634862701144,0.1895295332235201,11796995.951707462,23104997.353998248,0,,16.955559531046433,12.76359840184547,-4.191961129200962,1.3361131395696781,0.1292786153453108,0,0,0
VN,Viet Nam,P - 3913,Natural Polymers,P - 5,"Plastics, rubber and leather",Production,2085816.3845273915,7043371.1545377765,2085816.3845273915,7043371.1545377765,0.07962801128020111,0.14250247182373607,0,0,0,0,0,0,0.13308938991296587,0.1975368257578346,5146598.163201762,13848060.4912997,0,,16.443655816274575,15.767597612674834,-0.6760582035997409,2.2356188741412772,0.13433190941453216,0,0,0
VN,Viet Nam,P - 3914,Ion-Exchange Resins,P - 5,"Plastics, rubber and leather",Production,227815.5735543402,34587.25824566748,227815.5735543402,34587.25824566748,0.016730843878068877,0.004059941264881408,0,0,0,0,0,0,0.13308846038773392,0.19009032068132217,3098109.358771799,8243795.462590167,0,,15.924971531530762,10.451269546389543,-5.4737019851412185,3.2535049403772325,0.09969765555971498,0,0,0
VN,Viet Nam,P - 3915,Plastic Waste,P - 5,"Plastics, rubber and leather",Production,131978465.60573953,9106276.080301685,131978465.60573953,9106276.080301685,0.692943176379088,0.27642523160511995,1,0,1,0,1,0,0.16292076278633474,0.20834522590845492,18998181.89360186,10975805.102353122,,1,16.211203963189828,16.024474522736103,-0.18672944045372475,-2.2729723080733444,0.3287366926660566,0,0,0
VN,Viet Nam,P - 3916,Plastic Profiles and Rods,P - 5,"Plastics, rubber and leather",Production,8818176.942742424,27010218.88815322,8818176.942742424,27010218.88815322,0.14562926763951858,0.2221768615727526,0,0,0,0,0,0,0.1531466954008681,0.2192656910290802,14272639.00770033,34141500.412369885,0,,17.346024252464613,17.111725866726154,-0.23429838573845885,1.4665726660150886,0.16722090098024867,0,0,0
VN,Viet Nam,P - 3917,Plastic Pipes and Tubes,P - 5,"Plastics, rubber and leather",Production,62809756.68348514,140205094.80158025,62809756.68348514,140205094.80158025,0.21517162054478683,0.25586816152968606,0,0,0,0,0,0,0.16051018812289544,0.22751634472544593,65765672.43401861,138581859.6838531,0,,18.746971760858283,18.758616878563156,0.011645117704873087,-0.743075808137845,0.26808233123310965,0,0,0
VN,Viet Nam,P - 3918,Plastic Floor and Wall Coverings,P - 5,"Plastics, rubber and leather",Production,13716650.729235718,758220242.0356655,13716650.729235718,758220242.0356655,0.17955865550472697,0.8311878605480766,0,1,0,1,0,1,0.14387531266947567,0.207338053477763,15851873.797294779,57621250.41599236,1,,17.869402005815783,20.446484459497363,2.57708245368158,1.199048494782094,0.11171578217232365,0,0,0
VN,Viet Nam,P - 3919,Self-Adhesive Plastic Films,P - 5,"Plastics, rubber and leather",Production,22995430.82945536,139409808.67864567,22995430.82945536,139409808.67864567,0.11537288649961945,0.33839096834215454,0,0,0,0,0,0,0.14568071018593,0.2111699470452857,46125414.28965683,103455204.63508217,0,,18.454649281190257,18.752928424536787,0.29827914334653016,1.4404315690201441,0.16840071966248604,0,0,0
VN,Viet Nam,P - 3920,Plastic Sheets and Films,P - 5,"Plastics, rubber and leather",Production,184774828.71223402,316672131.63525033,184774828.71223402,316672131.63525033,0.2654399271916438,0.2849972955542743,0,0,0,0,0,0,0.15862230161624724,0.22782653395899366,150633374.67177647,279755900.8811452,0,,19.44942800191731,19.573377514695206,0.12394951277789801,-0.0951138134823101,0.22288919026901108,0,0,0
VN,Viet Nam,P - 3921,Other Plastic Sheets,P - 5,"Plastics, rubber and leather",Production,147435802.18143767,182207618.8074353,147435802.18143767,182207618.8074353,0.3838942077741303,0.40877178263361924,0,0,0,0,0,0,0.1582964396742177,0.22666860013831044,68367433.84028529,143125414.45280477,0,,18.779231834995585,19.020657363032203,0.24142552803661843,0.7880895842466336,0.21926031361637477,0,0,0
VN,Viet Nam,P - 3922,Plastic Sanitary Ware,P - 5,"Plastics, rubber and leather",Production,19936950.144056197,17675047.47165043,19936950.144056197,17675047.47165043,0.344058695417446,0.3348397070289061,0,0,0,0,0,0,0.16098715393281782,0.22653784758714968,11654507.294400092,25434454.94268045,0,,17.051615345905276,16.6876645121279,-0.3639508337773769,0.6058671025489376,0.18008433417814,0,0,0
VN,Viet Nam,P - 3923,Plastic Packaging,P - 5,"Plastics, rubber and leather",Production,750076393.1410098,912920949.1021057,750076393.1410098,912920949.1021057,0.6013829246866084,0.5514096382742963,1,1,1,1,1,0,0.16737251248233231,0.23062788040850585,149611140.89124617,322753880.79648393,,0,19.59240061487349,20.632159852228177,1.0397592373546871,-1.27718917507245,0.28118876168074586,0,0,0
VN,Viet Nam,P - 3924,Plastic Household Items,P - 5,"Plastics, rubber and leather",Production,116758224.91581798,255451468.41280282,116758224.91581798,255451468.41280282,0.46860785258845994,0.4642948167073401,0,0,0,0,0,0,0.16893682757479334,0.23023101121388068,43233201.170911364,133070464.00744258,0,,18.706389357971194,19.358543005976653,0.6521536480054593,-1.0347050467744143,0.18262953104914004,0,0,0
VN,Viet Nam,P - 3925,Plastic Building Materials,P - 5,"Plastics, rubber and leather",Production,27695900.00099617,156602054.30455512,27695900.00099617,156602054.30455512,0.2118683136813112,0.4525792471432411,0,0,0,0,0,0,0.15880526617347457,0.22932118785174538,29663869.4176319,80530925.47503372,0,,18.204151848424704,18.86921846598501,0.6650666175603064,-0.11355509792649932,0.2265712643175665,0,0,0
VN,Viet Nam,P - 3926,Other Plastic Articles,P - 5,"Plastics, rubber and leather",Production,578339250.8439796,1104932516.0389752,578339250.8439796,1104932516.0389752,0.4619142089053287,0.39513944509169124,0,0,0,0,0,0,0.15858642570923528,0.2198248601912607,200120121.09793848,619625867.7998414,0,,20.244626416442163,20.823050099498282,0.5784236830561191,1.0249467320064072,0.1926782725239723,0,0,0
VN,Viet Nam,P - 4001,Natural Rubber,P - 5,"Plastics, rubber and leather",Production,2465033270.9139256,565919706.1661519,2465033270.9139256,565919706.1661519,0.8963050095996111,0.8043348164877085,1,1,1,1,1,1,0.4000914799775782,0.5058721142596654,728690236.136265,446676141.9170218,,0,19.917344377501944,20.153962765973883,0.23661838847193906,-5.284437716742155,0.11593467644519656,0,0,0
VN,Viet Nam,P - 4002,Synthetic Rubber,P - 5,"Plastics, rubber and leather",Production,16103725.358300254,1551627743.0435505,16103725.358300254,1551627743.0435505,0.0697908283972967,0.8391882807867898,0,1,0,1,0,1,0.13568090841827068,0.20918144476831835,51191993.18400639,106844540.15650699,1,,18.486885449575563,21.16257037429543,2.6756849247198673,1.6484147460600542,0.13019322822186552,0,0,0
VN,Viet Nam,P - 4005,Compounded Rubber,P - 5,"Plastics, rubber and leather",Production,87415948.9882913,3312861.6626909464,87415948.9882913,3312861.6626909464,0.4533444595517675,0.07775929706063163,0,0,0,0,0,0,0.14916341245526504,0.2120438857572341,30144540.484016888,29916703.28262192,0,,17.2139275540216,15.013323226360292,-2.2006043276613063,1.9768449366234635,0.14492282887809835,0,0,0
VN,Viet Nam,P - 4008,Vulcanized Rubber Sheets,P - 5,"Plastics, rubber and leather",Production,10299791.714987006,8210098.799935012,10299791.714987006,8210098.799935012,0.1962381332784025,0.17202605719902397,0,0,0,0,0,0,0.15313507999330433,0.2198567536102111,12243492.781420851,21412931.067938842,0,,16.87950559971514,15.920875637254243,-0.9586299624608987,1.5936948795260644,0.1759217911598939,0,0,0
VN,Viet Nam,P - 4009,Rubber Tubes and Pipes,P - 5,"Plastics, rubber and leather",Production,10218748.579088122,52357533.33491052,10218748.579088122,52357533.33491052,0.09987128231437328,0.26143514932362183,0,0,0,0,0,0,0.15156508260273796,0.22417696631883938,25752341.114293188,56293203.50407284,0,,17.846084384298667,17.773606407272855,-0.07247797702581238,1.0554437822736995,0.18910921728400984,0,0,0
VN,Viet Nam,P - 4010,Rubber Belting,P - 5,"Plastics, rubber and leather",Production,16189213.969513793,20541147.84797168,16189213.969513793,20541147.84797168,0.2153138731782351,0.22438308358057724,0,0,0,0,0,0,0.14925196685045397,0.2119785897881545,15721434.392308788,28161001.597943768,0,,17.153448692240485,16.837940693128953,-0.3155079991115315,1.5153856486255428,0.17258326163343157,0,0,0
VN,Viet Nam,P - 4011,New Tires,P - 5,"Plastics, rubber and leather",Production,378672918.6961272,1604031476.9602764,378672918.6961272,1604031476.9602764,0.3092430134394491,0.6026832434632946,0,1,0,1,0,1,0.15788079607974484,0.22592136471195015,259187529.9273717,454972897.88761103,1,,19.935748412256913,21.195785970861685,1.2600375586047718,0.33161539318312505,0.17781688295708578,0,0,0
VN,Viet Nam,P - 4012,Used and Retreaded Tires,P - 5,"Plastics, rubber and leather",Production,4785945.120588723,52138751.404291354,4785945.120588723,52138751.404291354,0.13718723676838065,0.6004140148838256,0,1,0,1,0,1,0.1526793373806337,0.2196259276929003,8726145.513509903,13312658.375536088,1,,16.404225973233512,17.7694190383792,1.3651930651456894,0.8146506826167716,0.173900211265021,0,0,0
VN,Viet Nam,P - 4013,Inner Tubes,P - 5,"Plastics, rubber and leather",Production,63725771.51053355,37042284.58824508,63725771.51053355,37042284.58824508,0.8048604327767747,0.8030026837071947,1,1,1,1,1,1,0.19790761132155205,0.2480610774903616,7517300.443886191,7644877.1741246525,,0,15.849546461852032,17.42757067178466,1.5780242099326287,0.08304006246354124,0.11992324071656855,0,0,0
VN,Viet Nam,P - 4014,Rubber Medical Articles,P - 5,"Plastics, rubber and leather",Production,8057627.130050662,3755919.770953328,8057627.130050662,3755919.770953328,0.410518968902649,0.24022160087956454,0,0,0,0,0,0,0.15613465152345837,0.22237040198644653,3478155.861889673,6484007.486701961,0,,15.684849470705132,15.138844025092423,-0.5460054456127086,0.5685706817068701,0.1756445540371756,0,0,0
VN,Viet Nam,P - 4015,Rubber Clothing,P - 5,"Plastics, rubber and leather",Production,71991855.8732597,120110555.3039566,71991855.8732597,120110555.3039566,0.5059948072937731,0.5595746858542948,1,1,1,1,0,0,0.2173917763008176,0.24786807168130207,43474637.37123606,56715404.82448743,,0,17.853556439455055,18.6039231791406,0.7503667396855462,-0.7031785386858531,0.12678217163398672,0,0,0
VN,Viet Nam,P - 4016,Other Rubber Articles,P - 5,"Plastics, rubber and leather",Production,273357235.391099,370476575.49643403,273357235.391099,370476575.49643403,0.5295579217472783,0.5240523654770222,1,1,1,1,0,0,0.15957120951935755,0.22595000087148745,73387045.5971616,142219843.0772169,,0,18.772884616069845,19.730300779369703,0.9574161632998575,1.226815167332026,0.20232204778294127,0,0,0
VN,Viet Nam,P - 4101,Raw Bovine Hides,P - 5,"Plastics, rubber and leather",Production,763721.6851806885,450698.3666277794,763721.6851806885,450698.3666277794,0.01145593937586644,0.10624445791274241,0,0,0,0,0,0,0.1295038187733131,0.1439474516616898,11347058.482115595,662252.6008628057,0,,13.403403844435964,13.018555803369964,-0.38484804106600023,-3.699777534046758,0.2112200231618585,0,0,0
VN,Viet Nam,P - 4102,Raw Sheep Skins,P - 5,"Plastics, rubber and leather",Production,21343.135340495406,0.0,21343.135340495406,0.0,0.0013556371207446706,0.0,0,0,0,0,0,0,0.11245472730435806,0.23287397336490379,1689756.4267874733,1006522.142743536,0,,13.822012517084811,0.0,-13.822012517084811,-4.28507204131587,0.17694831637854866,0,0,0
VN,Viet Nam,P - 4104,Tanned Bovine Leather,P - 5,"Plastics, rubber and leather",Production,208944724.99684006,193048047.88707304,208944724.99684006,193048047.88707304,0.5339053986026985,0.6089921247898281,1,1,1,1,0,1,0.16947626397698978,0.20872717386552098,65556118.06278427,50920807.224070325,,0,17.74578220395623,19.07844967384838,1.3326674698921472,-2.496335333489638,0.23827605021128836,0,0,0
VN,Viet Nam,P - 4105,Tanned Sheep Leather,P - 5,"Plastics, rubber and leather",Production,873653.5519517782,885479.1194078033,873653.5519517782,885479.1194078033,0.055427583633512946,0.08272271035925667,0,0,0,0,0,0,0.06644004636297332,0.36025406473548666,1555407.0420583098,4236880.263306382,0,,15.259338005450713,13.693885284691335,-1.565452720759378,-4.601467222087659,0.1645765231462276,0,0,0
VN,Viet Nam,P - 4106,Other Tanned Leather,P - 5,"Plastics, rubber and leather",Production,1086407.4794958236,141781.5061532515,1086407.4794958236,141781.5061532515,0.07033686931688961,0.10961656151809919,0,0,0,0,0,0,0.0643390028510325,0.19130941132310844,842247.1019411272,1279525.5674839339,0,,14.062000698324157,11.862049515605241,-2.199951182718916,-5.118934080321467,0.13628937700729993,0,0,0
VN,Viet Nam,P - 4107,Finished Bovine Leather,P - 5,"Plastics, rubber and leather",Production,50229666.16142279,19975206.873066604,50229666.16142279,19975206.873066604,0.8015924296307173,0.6563019554771595,1,1,1,1,1,1,0.16679933738593855,0.21427942060669045,3245636.4642161587,3093429.90058115,,0,14.94479135673301,16.810002456224122,1.8652110994911126,-2.0264098014164023,0.16148359000171777,0,0,0
VN,Viet Nam,P - 4201,Saddlery and Harness,P - 5,"Plastics, rubber and leather",Production,20301883.25397734,79065581.72217561,20301883.25397734,79065581.72217561,0.6158666986478792,0.7095397303629918,1,1,1,1,0,0,0.14945535961412412,0.21507132935598255,3554503.403155655,11927996.479580408,,0,16.294398924123907,18.185788227078405,1.8913893029544973,0.4591651648191432,0.1425492627512743,0,0,0
VN,Viet Nam,P - 4202,Luggage and Bags,P - 5,"Plastics, rubber and leather",Production,1604761109.3114226,2928061587.656315,1604761109.3114226,2928061587.656315,0.7416571994962766,0.7303160111907745,1,1,1,1,0,1,0.16543292510777172,0.2216475260379844,203668187.59672686,504914987.08104724,,0,20.039900632635224,21.797606467201412,1.7577058345661882,-0.5139443094445734,0.14588679107905816,0,0,0
VN,Viet Nam,P - 4203,Leather Clothing,P - 5,"Plastics, rubber and leather",Production,69876144.11569294,156270067.8221612,69876144.11569294,156270067.8221612,0.4416351673093433,0.6367456018637412,0,1,0,1,0,1,0.17304002502051952,0.24404978828335863,32913495.456211742,49795830.98777286,1,,17.723441843467615,18.867096278794847,1.1436544353272318,-1.238812480695269,0.19587870659452758,0,0,0
VN,Viet Nam,P - 4205,Other Leather Articles,P - 5,"Plastics, rubber and leather",Production,1567647.8565799736,8814445.52658908,1567647.8565799736,8814445.52658908,0.05603422556759681,0.25311543587829916,0,0,0,0,0,0,0.16585985222039543,0.23878260864026582,8833442.609115075,14427673.303457702,0,,16.484658746829073,15.991902584161549,-0.49275616266752387,-0.7551852890905739,0.17209607803225233,0,0,0
VN,Viet Nam,P - 4301,Raw Furskins,P - 5,"Plastics, rubber and leather",Production,0.0,0.0,0.0,0.0,0.0,7.280202661611147e-05,0,0,0,0,0,0,0.12991848220486127,0.19270196074017998,12444119.584338084,3203601.5968831764,0,,14.979786546045387,0.0,-14.979786546045387,1.0919107403702006,0.10133465796810663,0,0,0
VN,Viet Nam,P - 4302,Dressed Furskins,P - 5,"Plastics, rubber and leather",Production,6812320.023772557,141832.21221390818,6812320.023772557,141832.21221390818,0.23225637266364949,0.017621593561424037,0,0,0,0,0,0,0.14976139011196268,0.22894871470259154,5935171.7098096125,6833014.147403998,0,,15.737276590561862,11.862407084371098,-3.8748695061907643,-0.21505502462452913,0.13053270679713047,0,0,0
VN,Viet Nam,P - 4303,Fur Clothing,P - 5,"Plastics, rubber and leather",Production,2828586.406321474,4239026.670897914,2828586.406321474,4239026.670897914,0.059540983877148596,0.12165161989253052,0,0,0,0,0,0,0.1520110113803222,0.1745631132387581,11773224.531637684,6875310.969613567,0,,15.743447577885723,15.259844478008189,-0.48360309987753425,0.48821898555600524,0.1002372647002562,0,0,0
VN,Viet Nam,P - 4401,Fuel Wood and Wood Waste,P - 6,"Wood, paper and textiles",Production,1175263814.189906,2492962246.2436657,1175263814.189906,2492962246.2436657,0.9410456510655111,0.9421272734192276,1,1,1,1,1,1,0.16722980381660943,0.22674455552351072,22548888.071351778,58870558.05727287,,0,17.890851677430778,21.636737497868822,3.745885820438044,-0.19692759433434498,0.19785887946115832,0,0,0
VN,Viet Nam,P - 4403,Rough Wood,P - 6,"Wood, paper and textiles",Production,152103421.47462675,2814479.1530536935,152103421.47462675,2814479.1530536935,0.4746180431432326,0.015863536339431637,0,0,0,0,0,0,0.16826923159066742,0.14943701030218318,81378970.9393614,36193121.78125374,0,,17.40437968032941,14.850288132183861,-2.554091548145548,-3.4111902998279304,0.27389909128750606,0,0,0
VN,Viet Nam,P - 4407,Sawn Wood,P - 6,"Wood, paper and textiles",Production,248802419.82331407,76185401.41778557,248802419.82331407,76185401.41778557,0.41166630731681364,0.09917921357000395,0,0,0,0,0,0,0.16055649440753036,0.19119735293303503,105103184.15531507,159622485.6776592,0,,18.888322127025656,18.14868043298473,-0.7396416940409267,-2.646324931004669,0.25523295032254517,0,0,0
VN,Viet Nam,P - 4408,Wood Veneer Sheets,P - 6,"Wood, paper and textiles",Production,39922103.04228377,119030481.04486287,39922103.04228377,119030481.04486287,0.580967992607134,0.7093188379281526,1,1,1,1,1,1,0.1563843237967391,0.23121086280371403,7565558.700446918,22418746.323885,,0,16.925408100893222,18.594890169912077,1.669482069018855,-2.1927170394601347,0.21755638315028433,0,0,0
VN,Viet Nam,P - 4409,Wood Molding,P - 6,"Wood, paper and textiles",Production,43826884.89152495,90449893.00465341,43826884.89152495,90449893.00465341,0.47546241266801564,0.47021893670070025,0,1,0,0,0,1,0.17939615455901953,0.22923855186891012,17894916.68938076,26659522.51698847,1,,17.098656999974043,18.320306597938153,1.2216495979641095,-1.922926071319061,0.24601974878353824,0,0,0
VN,Viet Nam,P - 4410,Particle Board,P - 6,"Wood, paper and textiles",Production,10540596.560111104,14582775.16528915,10540596.560111104,14582775.16528915,0.11763415349411847,0.09250605105005896,0,0,0,0,0,0,0.1580731392410597,0.22012749614283936,22734298.759891465,45854126.93913307,0,,17.64097578400202,16.495351675561185,-1.1456241084408347,1.3534818302282405,0.1760638000161031,0,0,0
VN,Viet Nam,P - 4411,Fiberboard,P - 6,"Wood, paper and textiles",Production,42778927.13312826,77796333.78268778,42778927.13312826,77796333.78268778,0.29701235506035767,0.3293366720310443,0,0,0,0,0,0,0.15687330724397394,0.2202018618906684,29221131.44075188,47398784.09196822,0,,17.674107155365693,18.169604877276505,0.4954977219108123,0.16441948324816252,0.19610096576691752,0,0,0
VN,Viet Nam,P - 4412,Plywood,P - 6,"Wood, paper and textiles",Production,227933593.3794039,691083676.5455339,227933593.3794039,691083676.5455339,0.5913926532546844,0.7743825250164904,1,1,1,1,0,1,0.17367739040833585,0.2400895261155769,52593441.61110751,91797288.73454647,,0,18.33509333156607,20.353771470703613,2.018678139137542,-1.653330974017646,0.20562494633564676,0,0,0
VN,Viet Nam,P - 4414,Picture Frames,P - 6,"Wood, paper and textiles",Production,28646817.03240793,7112747.67743205,28646817.03240793,7112747.67743205,0.7503300590501955,0.47017452758507366,1,0,1,0,0,0,0.16740317038826133,0.21993509965538974,3531616.849972116,4945566.957920339,,1,15.414002371432566,15.777399320240603,0.3633969488080364,0.5779693704393207,0.1354677244059902,0,0,0
VN,Viet Nam,P - 4415,Wood Packaging,P - 6,"Wood, paper and textiles",Production,18520892.679151785,7857484.764930064,18520892.679151785,7857484.764930064,0.3757554497729486,0.16192537154075573,0,0,0,0,0,0,0.16555724376009454,0.2304111182795575,9404053.300174331,24773157.776068695,0,,17.02527131760101,15.876977235998393,-1.148294081602618,-0.28420840876621206,0.23854716294492379,0,0,0
VN,Viet Nam,P - 4418,Wood Building Materials,P - 6,"Wood, paper and textiles",Production,64690931.36791189,143162278.80179495,64690931.36791189,143162278.80179495,0.29779555333518715,0.5757196635983161,0,1,0,1,0,1,0.16259265645300333,0.22314855593510266,47335330.49756796,70814974.93487118,1,,18.075581060799625,18.77948936858718,0.7039083077875539,-0.3267830863795649,0.22680915974276122,0,0,0
VN,Viet Nam,P - 4420,Decorative Wood Articles,P - 6,"Wood, paper and textiles",Production,20599791.300526347,42218198.96349947,20599791.300526347,42218198.96349947,0.5961017364197119,0.5864814726831848,1,1,1,1,0,0,0.26950934471122956,0.29801573421963184,12100742.405084416,21095923.464862604,,0,16.864590426465742,17.5583619647882,0.6937715383224585,-1.0187423284849517,0.18642975531237388,0,0,0
VN,Viet Nam,P - 4421,Other Wood Articles,P - 6,"Wood, paper and textiles",Production,81109916.16038853,156752405.13495937,81109916.16038853,156752405.13495937,0.6015482477230646,0.5673032255279746,1,1,1,1,0,0,0.17518919854024562,0.24187640811055788,18855910.684861623,46725980.550211295,,0,17.65981091804537,18.870178087502772,1.2103671694574025,-0.9288853093408691,0.1847523843116663,0,0,0
VN,Viet Nam,P - 4602,Basketwork,P - 6,"Wood, paper and textiles",Production,162314623.4030027,213186311.54793683,162314623.4030027,213186311.54793683,0.8991987994117822,0.8893674229238068,1,1,1,1,1,1,0.578304227251009,0.47900237058666345,50547029.63282493,54293180.727743074,,0,17.809909210311773,19.17767704813847,1.3677678378266975,-2.7566749527398926,0.149147371296382,0,0,0
VN,Viet Nam,P - 4702,Chemical Dissolving Pulp,P - 6,"Wood, paper and textiles",Production,7278.634873126875,0.0,7278.634873126875,0.0,0.0001636349420298029,0.01288964723996729,0,0,0,0,0,0,0.11886923076711993,0.16956995266859154,7451935.359318827,18556629.15218335,0,,16.736337703761066,0.0,-16.736337703761066,1.8062455630504723,0.08016051179767214,0,0,0
VN,Viet Nam,P - 4703,Chemical Soda Pulp,P - 6,"Wood, paper and textiles",Production,30176799.16697701,379994.4899198641,30176799.16697701,379994.4899198641,0.09413749930540492,0.008593707442309827,0,0,0,0,0,0,0.1289783874313904,0.18023243728214278,56394402.89416623,109396629.62916726,0,,18.51049064884137,12.8479146630002,-5.662575985841169,2.0328141020388806,0.10175549774826634,0,0,0
VN,Viet Nam,P - 4705,Semi-Chemical Pulp,P - 6,"Wood, paper and textiles",Production,0.0,0.0,0.0,0.0,0.0,0.0,0,0,0,0,0,0,0.11415588515670144,0.15863667684429078,2744999.460976125,4247937.88029311,0,,15.261944453922135,0.0,-15.261944453922135,2.6323294817699168,0.07302222714208514,0,0,0
VN,Viet Nam,P - 4707,Paper Waste,P - 6,"Wood, paper and textiles",Production,4951862.75266836,381940.94837733,4951862.75266836,381940.94837733,0.052786724158786824,0.0023601813585447814,0,0,0,0,0,0,0.1520344651594824,0.22138899175090115,23680672.912021674,27044870.043045323,0,,17.11300793503985,12.853023908441854,-4.259984026597996,-0.9924702956104289,0.2684659628268967,0,0,0
VN,Viet Nam,P - 4801,Newsprint,P - 6,"Wood, paper and textiles",Production,112565.59722097738,2553452.5311900177,112565.59722097738,2553452.5311900177,0.0014726360935420845,0.031632314232461635,0,0,0,0,0,0,0.12938771971660937,0.18983071674254676,15120289.056175042,24448401.70009086,0,,17.01207544251147,14.752957326819274,-2.2591181156921962,1.9344109408138286,0.11950554416156392,0,0,0
VN,Viet Nam,P - 4802,Printing Paper,P - 6,"Wood, paper and textiles",Production,4997093.063459399,4869872.221283223,4997093.063459399,4869872.221283223,0.022308915191388674,0.03074836779208615,0,0,0,0,0,0,0.14274362336773627,0.20710845367667013,53718990.982686855,54000789.82745443,0,,17.80450924937417,15.398578462129205,-2.405930787244966,1.1460005752961482,0.15235332352318093,0,0,0
VN,Viet Nam,P - 4803,Tissue Paper,P - 6,"Wood, paper and textiles",Production,40300729.2291473,75042297.88961622,40300729.2291473,75042297.88961622,0.5281154473370411,0.5517037122272674,1,1,1,1,1,1,0.1611292900328477,0.24401964797585707,10684803.415653376,27189498.43774648,,0,17.11834140664686,18.13356249771559,1.0152210910687316,-1.0315934965547215,0.19290019089059482,0,0,0
VN,Viet Nam,P - 4804,Kraft Paper,P - 6,"Wood, paper and textiles",Production,5565588.4238617,48250495.35774162,5565588.4238617,48250495.35774162,0.04269455607922811,0.2805593785647691,0,0,0,0,0,0,0.14282229353269132,0.20187762060216108,30715690.779646177,54879938.74203976,0,,17.8206584433864,17.691916672903435,-0.1287417704829643,0.7342659359888238,0.15506549410115886,0,0,0
VN,Viet Nam,P - 4805,Other Uncoated Paper,P - 6,"Wood, paper and textiles",Production,53243139.17910981,481472122.64574003,53243139.17910981,481472122.64574003,0.32176029933904615,0.6654675200659178,0,1,0,1,0,1,0.1502319673316484,0.22333474531398892,29501791.615829974,72077876.38764277,1,,18.09325772282358,19.992358892709746,1.8991011698861655,0.3485851110025554,0.1917339130196376,0,0,0
VN,Viet Nam,P - 4806,Specialty Papers,P - 6,"Wood, paper and textiles",Production,126711.34658443618,305738.73544691765,126711.34658443618,305738.73544691765,0.007711178048962896,0.014106552566695364,0,0,0,0,0,0,0.13471249922151507,0.20658504297276858,3829309.774698635,9002323.38003301,0,,16.012993366404086,12.630489481266883,-3.3825038851372025,2.310359140668158,0.1152899969203648,0,0,0
VN,Viet Nam,P - 4808,Corrugated Paper,P - 6,"Wood, paper and textiles",Production,1699001.9972267116,9138378.741575176,1699001.9972267116,9138378.741575176,0.08543009830156874,0.2844484567020626,0,0,0,0,0,0,0.15932629168470994,0.22763942531095196,5272788.71002344,9823590.223379046,0,,16.10029731850528,16.02799365655349,-0.07230366195178917,-0.5918167013733914,0.20930179735636661,0,0,0
VN,Viet Nam,P - 4809,Carbon Paper,P - 6,"Wood, paper and textiles",Production,123598.56420175653,43554.0525850186,123598.56420175653,43554.0525850186,0.010333277848984834,0.012535992551944994,0,0,0,0,0,0,0.14120487610331728,0.20364893219762514,3065293.5885894783,4950449.079516961,0,,15.414989055566373,10.681780993576764,-4.733208061989609,0.025556187182412253,0.10971931182530859,0,0,0
VN,Viet Nam,P - 4810,Coated Paper,P - 6,"Wood, paper and textiles",Production,4081241.7893836405,27922672.813990686,4081241.7893836405,27922672.813990686,0.013246706052028297,0.05967994631988726,0,0,0,0,0,0,0.1390591018750751,0.19957106524773102,71921914.88677926,92166278.08580957,0,,18.339104885032455,17.144949598249827,-1.1941552867826282,1.9574677766838833,0.13512873946458465,0,0,0
VN,Viet Nam,P - 4811,Other Coated Paper,P - 6,"Wood, paper and textiles",Production,36234536.42360833,135219177.67128578,36234536.42360833,135219177.67128578,0.19582405287961502,0.31485641252066743,0,0,0,0,0,0,0.14810579069290053,0.21888219618476393,38214249.53784968,92622961.04274781,0,,18.344047639100932,18.722407565590355,0.3783599264894235,1.4176564458957488,0.17269561514885803,0,0,0
VN,Viet Nam,P - 4813,Cigarette Paper,P - 6,"Wood, paper and textiles",Production,17161752.70390979,17760833.94788464,17161752.70390979,17760833.94788464,0.43449213098824435,0.43137321711481597,0,0,0,0,0,0,0.1483676665595995,0.22051914431131273,6158667.849741241,11639855.47945871,0,,16.26994567024814,16.692506307254572,0.42256063700643054,0.21390624417914644,0.18343718314686916,0,0,0
VN,Viet Nam,P - 4814,Wallpaper,P - 6,"Wood, paper and textiles",Production,3236356.6777306343,1263817.4839594453,3236356.6777306343,1263817.4839594453,0.11893007972499305,0.06611053259840075,0,0,0,0,0,0,0.13763159452421853,0.19047186400086438,6038104.6371377455,6261504.76409205,0,,15.649931251546697,14.049648238914367,-1.60028301263233,1.7049338563381764,0.12526340263917454,0,0,0
VN,Viet Nam,P - 4817,Paper Stationery,P - 6,"Wood, paper and textiles",Production,1329830.227362779,5935209.827038687,1329830.227362779,5935209.827038687,0.10909721232764455,0.31809545412210344,0,0,0,0,0,0,0.16033064136069863,0.22572168222945554,3203429.23100772,5364340.7393377945,0,,15.495284231148842,15.596413108063683,0.1011288769148404,0.2605138667062583,0.18538225141680004,0,0,0
VN,Viet Nam,P - 4818,Sanitary Paper Products,P - 6,"Wood, paper and textiles",Production,78991230.90426098,170999251.83055836,78991230.90426098,170999251.83055836,0.23561948924422343,0.2945411533476832,0,0,0,0,0,0,0.16588135350281727,0.23349124477520372,78185326.75914693,155855842.41301638,0,,18.86444205730225,18.957169745045448,0.09272768774319928,-0.981184622888919,0.2455049538981348,0,0,0
VN,Viet Nam,P - 4819,Paper Packaging,P - 6,"Wood, paper and textiles",Production,140213173.12204826,349817810.8515707,140213173.12204826,349817810.8515707,0.3893028796505495,0.4831908525535308,0,0,0,0,0,0,0.1768396815958284,0.2403934357042372,76053160.57282713,161778986.39518675,0,,18.90174168638742,19.67292303935408,0.7711813529666607,-1.541671488898703,0.2721580494007332,0,0,0
VN,Viet Nam,P - 4820,Paper Books and Albums,P - 6,"Wood, paper and textiles",Production,100778139.27375776,196885155.4216949,100778139.27375776,196885155.4216949,0.6913521994655673,0.7472459678039763,1,1,1,1,0,1,0.180404252836726,0.2695629029101986,16766139.740211712,40074758.028708495,,0,17.506257243433915,19.098131154387236,1.5918739109533213,-1.7758304229529227,0.2187717810720488,0,0,0
VN,Viet Nam,P - 4821,Paper Labels,P - 6,"Wood, paper and textiles",Production,22249648.267423123,46117279.93615972,22249648.267423123,46117279.93615972,0.3408098841182765,0.461756633175375,0,0,0,0,0,0,0.1633262144344072,0.22443295103678565,13290866.30789805,24467002.066723034,0,,17.012835954143217,17.64669829534266,0.6338623411994426,-0.6131277745448919,0.24508669898925547,0,0,0
VN,Viet Nam,P - 4823,Other Paper Articles,P - 6,"Wood, paper and textiles",Production,41690245.73972238,169219852.6683228,41690245.73972238,169219852.6683228,0.26417522612896543,0.4980522791617701,0,0,0,0,0,0,0.15702228960328746,0.225401872952656,32612979.927299086,65144053.00989462,0,,17.992111591213476,18.946709336718044,0.954597745504568,0.24078369956832918,0.20253033259726044,0,0,0
VN,Viet Nam,P - 4901,Books and Brochures,P - 6,"Wood, paper and textiles",Production,1803407.8838831936,59575439.65726669,1803407.8838831936,59575439.65726669,0.011642217417077372,0.1709441388240402,0,0,0,0,0,0,0.1551019600506754,0.2218068517965994,41202084.08990678,60516473.23182452,0,,17.918426187286258,17.90275397760266,-0.01567220968359706,0.3201947450320052,0.22681264739778256,0,0,0
VN,Viet Nam,P - 4902,Newspapers and Periodicals,P - 6,"Wood, paper and textiles",Production,88888.40268370658,121606.2188897115,88888.40268370658,121606.2188897115,0.001683410993218941,0.028157771752138273,0,0,0,0,0,0,0.15140106409270768,0.2127174914480464,14210306.345260415,9312891.53706985,0,,16.04691029241326,11.708551612621457,-4.338358679791801,1.6694914534209373,0.1562028352636626,0,0,0
VN,Viet Nam,P - 4907,Stamps and Securities,P - 6,"Wood, paper and textiles",Production,120899.41256280922,1286311.346738496,120899.41256280922,1286311.346738496,0.004985887439440718,0.013973839173000803,0,0,0,0,0,0,0.09143441156729361,0.11991736126140418,2547710.3894378664,3703908.597988918,0,,15.124899467859896,14.067290036666854,-1.0576094311930415,-3.4514076756497483,0.20002407718818158,0,0,0
VN,Viet Nam,P - 4908,Transfers,P - 6,"Wood, paper and textiles",Production,9318762.99853981,11764367.928213941,9318762.99853981,11764367.928213941,0.47357646186452285,0.5743767370973522,0,1,0,1,0,0,0.142506551398738,0.21039617950377298,2830101.955960369,4622698.425494421,1,,15.34648938365882,16.280585938944114,0.9340965552852936,0.8995698579179487,0.1415148198906456,0,0,0
VN,Viet Nam,P - 4909,Greeting Cards,P - 6,"Wood, paper and textiles",Production,1888888.0536529832,34552705.336688705,1888888.0536529832,34552705.336688705,0.13541698896313387,0.7652267282121114,0,1,0,1,0,0,0.12879214202635986,0.19809631948182985,2488688.5625759326,3654815.7754487717,1,,15.111556520073297,17.357996436128726,2.2464399160554294,1.8026951694353281,0.10073323210076965,0,0,0
VN,Viet Nam,P - 4911,Other Printed Matter,P - 6,"Wood, paper and textiles",Production,2538443.432841669,19821431.747888673,2538443.432841669,19821431.747888673,0.020493321190719147,0.1457045327983192,0,0,0,0,0,0,0.15744226758054666,0.2223121819488478,34755864.41159053,45677401.31771164,0,,17.637114254744773,16.802274372239776,-0.8348398825049976,0.6358838074393327,0.22110465506347277,0,0,0
VN,Viet Nam,P - 5007,Silk Fabrics,P - 6,"Wood, paper and textiles",Production,12576647.468192963,10422673.295643037,12576647.468192963,10422673.295643037,0.3850773194181367,0.45452456704539,0,0,0,0,0,0,0.14388642442144872,0.21999544251207057,5851867.7572486065,6007715.800850341,0,,15.608555334306192,16.159494211614103,0.5509388773079102,-0.05189800408935518,0.09280528705902918,0,0,0
VN,Viet Nam,P - 5101,Raw Wool,P - 6,"Wood, paper and textiles",Production,58863.24244670669,0.0,58863.24244670669,0.0,0.0013785097229377246,1.7917740461673874e-05,0,0,0,0,0,0,0.11397605155915085,0.12229401001359717,5669671.989946997,3429812.543570857,0,,15.04801645718957,0.0,-15.04801645718957,-1.8925945264210806,0.09649932852417108,0,0,0
VN,Viet Nam,P - 5105,Processed Wool,P - 6,"Wood, paper and textiles",Production,19621.080815568897,872.6349471075927,19621.080815568897,872.6349471075927,0.000852696677392464,0.0014574375164426686,0,0,0,0,0,0,0.11124484048405779,0.1322690191950936,3464688.0607742826,3136590.8609111095,0,,14.95864737380283,6.772662607747746,-8.185984766055084,-1.097971580655843,0.08560518727014715,0,0,0
VN,Viet Nam,P - 5107,Combed Wool Yarn,P - 6,"Wood, paper and textiles",Production,2000139.9511904228,22097624.357247688,2000139.9511904228,22097624.357247688,0.11554824144320469,0.5750805402158873,0,1,0,1,0,0,0.15319585847307177,0.21414547276431717,4642718.309017418,6585640.761397803,1,,15.70040234648183,16.91098071081653,1.210578364334701,1.3775947369554233,0.11227927508518173,0,0,0
VN,Viet Nam,P - 5111,Carded Wool Fabrics,P - 6,"Wood, paper and textiles",Production,426863.7619903768,165636.2541731524,426863.7619903768,165636.2541731524,0.032389077775106495,0.041269027962280394,0,0,0,0,0,0,0.14641502207920734,0.20930210616616957,3263519.992702337,4217479.9194571385,0,,15.254748569256197,12.01755546044623,-3.237193108809967,2.0677643641672234,0.12829060839758666,0,0,0
VN,Viet Nam,P - 5112,Combed Wool Fabrics,P - 6,"Wood, paper and textiles",Production,2032062.3259101543,83915.25902804278,2032062.3259101543,83915.25902804278,0.07022259843197513,0.02073099826035588,0,0,0,0,0,0,0.1438157426779479,0.20160927038439366,6662801.734495728,8699404.04734914,0,,15.97876519592426,11.337574664241034,-4.641190531683225,1.7080211597378017,0.1328290909411522,0,0,0
VN,Viet Nam,P - 5201,Raw Cotton,P - 6,"Wood, paper and textiles",Production,217203.62358057432,428399.1496944751,217203.62358057432,428399.1496944751,0.0011240407931896478,0.07281624624492235,0,0,0,0,0,0,0.11641641859706607,0.11362146665308077,69271591.3356535,3965006.8956022398,0,,15.193018404373753,12.96781296698255,-2.225205437391203,-8.843646993567942,0.14440373072086712,0,0,0
VN,Viet Nam,P - 5205,Cotton Yarn High Content,P - 6,"Wood, paper and textiles",Production,956026990.7988762,1646684998.904269,956026990.7988762,1646684998.904269,0.8612446345221039,0.9233260580006816,1,1,1,1,1,1,0.5681758244983713,0.6722964974213133,328877605.54020685,381613579.467909,,0,19.759919085133433,21.22203001296126,1.4621109278278261,-4.522468572603923,0.13024132502828337,0,0,0
VN,Viet Nam,P - 5208,Light Cotton Fabrics,P - 6,"Wood, paper and textiles",Production,11333055.030176504,91879620.71908149,11333055.030176504,91879620.71908149,0.0631497447846378,0.43137316709018386,0,0,0,0,0,0,0.25217440307335454,0.3137434428128596,121285145.56800297,116747224.01646884,0,,18.57552168563525,18.335989818657428,-0.23953186697782058,-2.205243218585674,0.15935016925077555,0,0,0
VN,Viet Nam,P - 5209,Heavy Cotton Fabrics,P - 6,"Wood, paper and textiles",Production,27094500.94803824,82672109.17083906,27094500.94803824,82672109.17083906,0.23791937409522268,0.5863231060704971,0,1,0,1,0,0,0.33411599028362143,0.557930696516778,99008812.38355626,157035839.43440264,1,,18.87198462028165,18.230392862134003,-0.6415917581476478,-2.2457297349832004,0.15062646157550566,0,0,0
VN,Viet Nam,P - 5210,Cotton Blend Light Fabrics,P - 6,"Wood, paper and textiles",Production,10203702.760784857,10275102.302338356,10203702.760784857,10275102.302338356,0.2722154521150455,0.4534600968492211,0,0,0,0,0,0,0.2053516529388432,0.30125159307834165,14850031.47651372,18276139.043506544,0,,16.721106944336015,16.14523437205159,-0.5758725722844247,-0.9714409738056508,0.11741615012987164,0,0,0
VN,Viet Nam,P - 5211,Cotton Blend Heavy Fabrics,P - 6,"Wood, paper and textiles",Production,3042265.7271365738,20322027.331721682,3042265.7271365738,20322027.331721682,0.0920852114528475,0.4405404654191677,0,0,0,0,0,0,0.17547490931642235,0.28422566134660027,11359670.5795548,31827979.930215005,0,,17.275856364328163,16.827215995167414,-0.44864036916074923,-0.9031188618190589,0.11878930020364878,0,0,0
VN,Viet Nam,P - 5309,Flax Fabrics,P - 6,"Wood, paper and textiles",Production,61798.754510643914,1857772.739537648,61798.754510643914,1857772.739537648,0.00578733459117925,0.09180861123807169,0,0,0,0,0,0,0.14723482209707844,0.21020680404305642,2935672.609501701,10121396.654762182,0,,16.13016232046562,14.434889414588397,-1.6952729058772213,1.6821137906005876,0.11513382409264693,0,0,0
VN,Viet Nam,P - 5401,Man-Made Thread,P - 6,"Wood, paper and textiles",Production,21373556.19340817,18726177.56634577,21373556.19340817,18726177.56634577,0.6394244283597103,0.6287273041759902,1,1,1,1,0,0,0.18588096195977027,0.25831654841981905,4562700.519973373,9211707.001178283,,0,16.03598584176274,16.7454330261797,0.709447184416959,-0.7982207597098728,0.1762633668830888,0,0,0
VN,Viet Nam,P - 5402,Synthetic Filament Yarn,P - 6,"Wood, paper and textiles",Production,480552438.46023166,570386991.076134,480552438.46023166,570386991.076134,0.7386923501715652,0.7632113878635207,1,1,1,1,1,1,0.1618086689239594,0.22385000637668342,54027568.75039781,90102456.41534042,,0,18.316457996516732,20.16182562188871,1.8453676253719777,0.6292872804387336,0.16602462087056422,0,0,0
VN,Viet Nam,P - 5403,Artificial Filament Yarn,P - 6,"Wood, paper and textiles",Production,4224789.595526733,1388567.4786098707,4224789.595526733,1388567.4786098707,0.24253339657039602,0.0979885129612958,0,0,0,0,0,0,0.15737535294901694,0.19539161881735378,4809302.750135642,7220619.085782925,0,,15.792451391638618,14.14378390292114,-1.6486674887174786,2.083022487993536,0.08282750118780961,0,0,0
VN,Viet Nam,P - 5404,Synthetic Monofilament,P - 6,"Wood, paper and textiles",Production,1943143.3229928552,37691706.54930387,1943143.3229928552,37691706.54930387,0.13833953493853957,0.7135631163215309,0,1,0,1,0,1,0.15139886047396772,0.2176255847215501,3635402.533239238,7031955.120023526,1,,15.76597547828552,17.444950669319326,1.678975191033805,1.1477756690328482,0.1323085958275368,0,0,0
VN,Viet Nam,P - 5407,Synthetic Filament Fabrics,P - 6,"Wood, paper and textiles",Production,288807699.57640445,211638748.67342043,288807699.57640445,211638748.67342043,0.5347234409607223,0.4277902842313631,1,0,1,0,0,0,0.1796075667678069,0.24251142266505235,103704185.46806484,208863248.40502527,,1,19.157190286708623,19.170391368183758,0.013201081475134657,-0.3942790126246955,0.13514167504176017,0,0,0
VN,Viet Nam,P - 5408,Artificial Filament Fabrics,P - 6,"Wood, paper and textiles",Production,5780985.578479852,1081871.8707279803,5780985.578479852,1081871.8707279803,0.27985312737386125,0.0618734367021871,0,0,0,0,0,0,0.15252913324344436,0.204233960094935,3972092.6404561726,5961437.385272944,0,,15.600822349734662,13.894204236779402,-1.70661811295526,1.0519996184578115,0.13044590729353137,0,0,0
VN,Viet Nam,P - 5501,Synthetic Filament Tow,P - 6,"Wood, paper and textiles",Production,761531.130527657,29003.048855929293,761531.130527657,29003.048855929293,0.055144429161810886,0.010323829508986311,0,0,0,0,0,0,0.14179393317181319,0.19346412295808435,3169294.331865959,4138900.3626292,0,,15.235940939238688,10.275190714944943,-4.960750224293745,0.5205843939922314,0.09109624277969382,0,0,0
VN,Viet Nam,P - 5502,Artificial Filament Tow,P - 6,"Wood, paper and textiles",Production,491361.668139968,639692.9401302101,491361.668139968,639692.9401302101,0.016619155686594448,0.03770105622320071,0,0,0,0,0,0,0.10628777971710957,0.17387654799596575,4724373.171988353,9689648.119557288,0,,16.08656877263933,13.36874512240635,-2.717823650232978,1.3483763805831515,0.08197476524466864,0,0,0
VN,Viet Nam,P - 5503,Raw Synthetic Staple Fiber,P - 6,"Wood, paper and textiles",Production,111329108.25787623,145481831.63573292,111329108.25787623,145481831.63573292,0.5966761674987907,0.6565646479452099,1,1,1,1,0,1,0.15050800722664953,0.2208270571417508,21777195.30833258,32137267.38221314,,0,17.285526923442426,18.79556177516988,1.510034851727454,0.4832353958328869,0.13602033954557377,0,0,0
VN,Viet Nam,P - 5504,Raw Artificial Staple Fiber,P - 6,"Wood, paper and textiles",Production,1671853.2589474015,174059.18511997632,1671853.2589474015,174059.18511997632,0.0680024757851431,0.00823839893321907,0,0,0,0,0,0,0.1326180189238839,0.21238114478865566,7703882.741910556,18106588.581750013,0,,16.711786495270424,12.067156409884111,-4.6446300853863125,0.901059466663474,0.05837178035080453,0,0,0
VN,Viet Nam,P - 5509,Synthetic Staple Yarn,P - 6,"Wood, paper and textiles",Production,404974991.7743336,198594074.79529706,404974991.7743336,198594074.79529706,0.8665744080978568,0.7845744842550372,1,1,1,1,1,1,0.24512996537716517,0.41165129657080585,40258944.26983515,84853658.70543462,,0,18.256438680186793,19.106773479298088,0.8503347991112946,-1.2897113681777144,0.16151688364360567,0,0,0
VN,Viet Nam,P - 5510,Artificial Staple Yarn,P - 6,"Wood, paper and textiles",Production,64142330.38006655,28903133.38124501,64142330.38006655,28903133.38124501,0.7935613881404244,0.5870024814260217,1,1,1,1,0,0,0.21202209247412906,0.2948749153013853,8837377.769355299,12137591.002260275,,0,16.311817971553836,17.179460603300168,0.8676426317463317,-0.47931418858141367,0.10419930270086716,0,0,0
VN,Viet Nam,P - 5512,Synthetic Staple Fabrics,P - 6,"Wood, paper and textiles",Production,11091305.798532914,7803403.479880969,11091305.798532914,7803403.479880969,0.25856966124781305,0.2229138738494762,0,0,0,0,0,0,0.15545495095201717,0.21297073355006269,9859791.602043917,14429956.735600313,0,,16.484817001819938,15.870070668213332,-0.6147463336066057,0.21822729207269118,0.15011057264048025,0,0,0
VN,Viet Nam,P - 5513,Synthetic-Cotton Light Blends,P - 6,"Wood, paper and textiles",Production,4464817.827825865,15202259.286728613,4464817.827825865,15202259.286728613,0.11316945058744572,0.3363117486578664,0,0,0,0,0,0,0.3213053817360722,0.47133375587769955,37924015.313420184,37471424.02437702,0,,17.43908920112162,16.53695467783555,-0.9021345232860725,-2.489279749342479,0.11688825801304402,0,0,0
VN,Viet Nam,P - 5514,Synthetic-Cotton Heavy Blends,P - 6,"Wood, paper and textiles",Production,13839410.424964854,6998607.51705419,13839410.424964854,6998607.51705419,0.3912948253229661,0.4133591309223023,0,0,0,0,0,0,0.15989735746592637,0.22701885662105376,7122885.53947562,12190710.35563163,0,,16.316184855426005,15.7612219039816,-0.5549629514444057,-0.7465889877554114,0.15964253852472177,0,0,0
VN,Viet Nam,P - 5515,Other Synthetic Fabrics,P - 6,"Wood, paper and textiles",Production,28278566.435093176,30345581.77418041,28278566.435093176,30345581.77418041,0.3993952241071092,0.37283986068022995,0,0,0,0,0,0,0.1899615388559686,0.23453323016170807,18400812.59041391,27040354.120214466,0,,17.112840942196826,17.22816152201678,0.11532057981995436,-0.13350495340996982,0.1381385211003675,0,0,0
VN,Viet Nam,P - 5516,Artificial Staple Fabrics,P - 6,"Wood, paper and textiles",Production,2444455.342952711,950954.5469902651,2444455.342952711,950954.5469902651,0.06850011949700455,0.026283024705297534,0,0,0,0,0,0,0.16044094665169942,0.21720950722377322,11205351.499487054,25722032.079176098,0,,17.062858500833936,13.765222596996812,-3.297635903837124,0.5849144379914578,0.09588642648610071,0,0,0
VN,Viet Nam,P - 5601,Textile Wadding,P - 6,"Wood, paper and textiles",Production,8287545.678279131,22873899.79663446,8287545.678279131,22873899.79663446,0.2698371845514052,0.4047621387243592,0,0,0,0,0,0,0.15930282203516077,0.22526131400638538,6589553.256998756,15970105.900419537,0,,16.58622921399594,16.945507115365153,0.35927790136921445,-0.09244253211991638,0.20102210156907913,0,0,0
VN,Viet Nam,P - 5602,Felt,P - 6,"Wood, paper and textiles",Production,586051.4530406145,5369353.089621474,586051.4530406145,5369353.089621474,0.04303878966296953,0.22465964469722155,0,0,0,0,0,0,0.15470151283861297,0.21664883076847677,3758985.4330442594,6449739.981611235,0,,15.679550530075874,15.49621817798838,-0.18333235208749343,1.104347278116305,0.15319033591085102,0,0,0
VN,Viet Nam,P - 5603,Nonwoven Fabrics,P - 6,"Wood, paper and textiles",Production,29314624.923344273,83674831.33440104,29314624.923344273,83674831.33440104,0.17907320414305514,0.3411257439663178,0,0,0,0,0,0,0.146480812840485,0.2164094560653404,35487628.0988352,72050016.29420735,0,,18.092871120440414,18.242448801287935,0.14957768084752132,1.4159889147406157,0.1630926267865765,0,0,0
VN,Viet Nam,P - 5607,Twine and Rope,P - 6,"Wood, paper and textiles",Production,33682181.49146726,54054580.12976183,33682181.49146726,54054580.12976183,0.5823206477647224,0.6613560900245541,1,1,1,1,0,1,0.17145987896314077,0.23784668291128966,8094696.648798287,16659612.746199027,,0,16.628498009932347,17.805504855715185,1.177006845782838,-1.8641257683605792,0.22089925610371183,0,0,0
VN,Viet Nam,P - 5608,Netting,P - 6,"Wood, paper and textiles",Production,128157230.83564948,79705491.38982315,128157230.83564948,79705491.38982315,0.8873295363233752,0.7969270577611738,1,1,1,1,1,1,0.1763752608691601,0.2530845920675597,6196678.893575925,13544618.614777757,,0,16.42149995003411,18.193849054683685,1.7723491046495745,-0.8910653605159151,0.19995719553439018,0,0,0
VN,Viet Nam,P - 5701,Knotted Carpets,P - 6,"Wood, paper and textiles",Production,350563.6622983205,364048.25168302824,350563.6622983205,364048.25168302824,0.01939191457764426,0.023015518962845396,0,0,0,0,0,0,0.21931892208906903,0.217213766260615,9260268.471976437,2825743.797859459,0,,14.85428253307436,12.805044444287242,-2.049238088787117,-2.1126155164501026,0.15036361780545954,0,0,0
VN,Viet Nam,P - 5702,Woven Carpets,P - 6,"Wood, paper and textiles",Production,29976651.480492584,15767087.999657996,29976651.480492584,15767087.999657996,0.36861330279764437,0.2229368342910183,0,0,0,0,0,0,0.16301210546112344,0.24076099728559552,16270221.281521711,31297460.827436876,0,,17.259047560447087,16.573435350882953,-0.6856122095641339,-1.1879031146004913,0.15383137992755247,0,0,0
VN,Viet Nam,P - 5703,Tufted Carpets,P - 6,"Wood, paper and textiles",Production,4098601.6184547744,198521337.76912475,4098601.6184547744,198521337.76912475,0.056780265322724816,0.7507710771009578,0,1,0,1,0,1,0.14941940607113013,0.22022098997815165,19453836.938138254,32518419.527756296,1,,17.297317272207174,19.106407152410146,1.809089880202972,0.9008280485414767,0.14448830151165606,0,0,0
VN,Viet Nam,P - 5705,Other Carpets,P - 6,"Wood, paper and textiles",Production,603052.520752389,7737836.45425345,603052.520752389,7737836.45425345,0.03241537583371536,0.22441820581558364,0,0,0,0,0,0,0.15116748436297284,0.2526966304469753,4915678.473168295,18165394.38899871,0,,16.71502898992952,15.861632807851564,-0.8533961820779581,-0.8861625581477074,0.12187626074704543,0,0,0
VN,Viet Nam,P - 5801,Pile Fabrics,P - 6,"Wood, paper and textiles",Production,3440977.274221902,2275050.087314863,3440977.274221902,2275050.087314863,0.10299551706155617,0.13821012498150134,0,0,0,0,0,0,0.14808682771312007,0.20401339272809532,8449876.597882029,10001072.387596555,0,,16.118202983957584,14.637513066077634,-1.4806899178799497,1.8863735177887138,0.11488172018302568,0,0,0
VN,Viet Nam,P - 5804,Net Fabrics and Lace,P - 6,"Wood, paper and textiles",Production,3148099.2729672133,6442618.833312516,3148099.2729672133,6442618.833312516,0.18112680480140475,0.3377497470271296,0,0,0,0,0,0,0.19724265839939725,0.33835482207420353,6757262.671459747,16772948.24514604,0,,16.635277982686862,15.678445821772227,-0.9568321609146349,-0.965385575668214,0.10351626558675994,0,0,0
VN,Viet Nam,P - 5806,Narrow Fabrics,P - 6,"Wood, paper and textiles",Production,32070584.313185252,62342934.738083854,32070584.313185252,62342934.738083854,0.4995803248625473,0.606193194193797,0,1,0,1,0,0,0.1663903454877094,0.2271276703115088,11064853.80729839,22676374.292755082,1,,16.936834204507896,17.94816092356045,1.0113267190525548,-0.04160533627739154,0.17044873958541942,0,0,0
VN,Viet Nam,P - 5807,Textile Labels,P - 6,"Wood, paper and textiles",Production,10042898.533256562,16969114.42382947,10042898.533256562,16969114.42382947,0.5149908660442658,0.6552807741826797,1,1,1,1,0,0,0.1731985885841112,0.24305140756507915,3416097.1896122815,5815844.4379130555,,0,15.576096722517923,16.64690550997258,1.0708087874546575,-0.8829353859102511,0.18256060846734046,0,0,0
VN,Viet Nam,P - 5810,Embroidery,P - 6,"Wood, paper and textiles",Production,6243285.466150748,4589677.072811948,6243285.466150748,4589677.072811948,0.21794478872899983,0.17262011109860734,0,0,0,0,0,0,0.2000824984282732,0.2861115668881041,11840931.778714059,19328910.613812357,0,,16.77711254405415,15.339320442934762,-1.4377921011193902,-1.1815870160428101,0.11203209605860817,0,0,0
VN,Viet Nam,P - 5902,Tire Cord Fabrics,P - 6,"Wood, paper and textiles",Production,361104594.40582067,433327906.3732951,361104594.40582067,433327906.3732951,0.923766721838438,0.9370876637663387,1,1,1,1,1,1,0.153398562719086,0.22423989179521397,8836569.58067486,14907107.394425482,,0,16.517348730603704,19.887005291221158,3.3696565606174538,1.9872885690690585,0.08095908787201973,0,0,0
VN,Viet Nam,P - 5903,Plastic-Coated Fabrics,P - 6,"Wood, paper and textiles",Production,48353752.606813006,68026218.86330704,48353752.606813006,68026218.86330704,0.2876587741051745,0.35542477045369897,0,0,0,0,0,0,0.147379160318172,0.2102265580265754,33127603.43817455,62097999.80615316,0,,17.94422435324787,18.03540377504622,0.09117942179835126,1.7011098770069673,0.1344637423795527,0,0,0
VN,Viet Nam,P - 5906,Rubberized Fabrics,P - 6,"Wood, paper and textiles",Production,866313.7166114665,9422428.368496045,866313.7166114665,9422428.368496045,0.057594497081344315,0.3967638953813524,0,0,0,0,0,0,0.14806816921196658,0.21371531177494932,3953231.218086561,7411479.675665392,0,,15.818540798588039,16.058603508048215,0.24006270946017594,1.7937650844969368,0.13908629601339423,0,0,0
VN,Viet Nam,P - 5911,Technical Textiles,P - 6,"Wood, paper and textiles",Production,10811965.76269171,18134831.21937232,10811965.76269171,18134831.21937232,0.18729345936802555,0.20585493061085963,0,0,0,0,0,0,0.14989156397059705,0.2172958735921153,12990387.616934052,24491769.00498232,0,,17.013847700917825,16.713345078898545,-0.30050262201928035,1.8082346551644246,0.17274043923913762,0,0,0
VN,Viet Nam,P - 6001,Knitted Pile Fabrics,P - 6,"Wood, paper and textiles",Production,12200538.941927765,26211569.80842153,12200538.941927765,26211569.80842153,0.22399824319016454,0.5713045755754806,0,1,0,1,0,0,0.18043510326369297,0.3523643200211207,16998134.347764906,82909438.15526077,1,,18.23325947556899,17.08171150514899,-1.1515479704199976,-0.11120359601385078,0.1017844376869269,0,0,0
VN,Viet Nam,P - 6002,Narrow Elastic Knits,P - 6,"Wood, paper and textiles",Production,249366933.98780796,759918103.3988461,249366933.98780796,759918103.3988461,0.50850348268363,0.6931170024895592,1,1,1,1,0,0,0.1890034268830162,0.3021269065435422,102962291.97426423,306355406.7781884,,0,19.540256449267353,20.448721228068468,0.9084647788011146,-1.1833520572894436,0.16566250008877087,0,0,0
VN,Viet Nam,P - 6101,Men's Knit Coats,P - 6,"Wood, paper and textiles",Production,155341497.04134092,259511503.50742236,155341497.04134092,259511503.50742236,0.890899729088949,0.8899436133086329,1,1,1,1,1,1,0.35190136108329106,0.3464187458948696,22995623.75723905,37705290.70112012,,0,17.44531100599315,19.374311592949457,1.929000586956306,-2.442634123229469,0.24319800440725764,0,0,0
VN,Viet Nam,P - 6102,Women's Knit Coats,P - 6,"Wood, paper and textiles",Production,218569559.97321525,338002449.80096966,218569559.97321525,338002449.80096966,0.906512991854022,0.8729690362080219,1,1,1,1,1,1,0.3315520545590213,0.3587309131279094,25124969.11005948,54148004.26266277,,0,17.807231693478155,19.638563704311448,1.8313320108332931,-2.524113330274083,0.23174459494254518,0,0,0
VN,Viet Nam,P - 6103,Men's Knit Suits,P - 6,"Wood, paper and textiles",Production,334906027.1453309,732212062.4149348,334906027.1453309,732212062.4149348,0.6608955149741285,0.8224878559568037,1,1,1,1,0,1,0.6659962873162154,0.5329041184189841,567254417.2015293,381462033.5849517,,0,19.759521887576703,20.411580734088215,0.6520588465115118,-3.0511466055628347,0.22727925153509368,0,0,0
VN,Viet Nam,P - 6104,Women's Knit Suits,P - 6,"Wood, paper and textiles",Production,1336448355.1386325,1880582762.78329,1336448355.1386325,1880582762.78329,0.7480431762220354,0.823897153771694,1,1,1,1,1,1,0.4681068037434779,0.40344787043326547,819968957.0113693,606785282.4384377,,0,20.223685552406312,21.35484754648996,1.131161994083648,-2.266974375655715,0.2166471361920485,0,0,0
VN,Viet Nam,P - 6105,Men's Knit Shirts,P - 6,"Wood, paper and textiles",Production,450835210.4842335,769429238.7491022,450835210.4842335,769429238.7491022,0.8413447282730118,0.8613821229103036,1,1,1,1,1,1,0.5485682061890642,0.5627824591699006,201080522.10461184,267710207.9125384,,0,19.405415643409825,20.461159550873464,1.0557439074636399,-3.2346117856644407,0.22590587976527818,0,0,0
VN,Viet Nam,P - 6106,Women's Knit Blouses,P - 6,"Wood, paper and textiles",Production,249173239.78507012,375509181.4588376,249173239.78507012,375509181.4588376,0.8163785901691232,0.8677267442267027,1,1,1,1,1,1,0.38859655771318496,0.4430225858693341,80247859.96395423,71105279.56553818,,0,18.07967216157312,19.7437934828211,1.664121321247979,-2.8116082006149337,0.2554412967660329,0,0,0
VN,Viet Nam,P - 6107,Men's Knit Underwear,P - 6,"Wood, paper and textiles",Production,369807394.75057346,446857514.2052261,369807394.75057346,446857514.2052261,0.8534058556763493,0.8200597275081032,1,1,1,1,1,1,0.3926487075386423,0.4917857584153577,91242927.32123542,182564726.16661063,,0,19.02261533751258,19.917750343833593,0.8951350063210128,-2.7896028320262904,0.20853395964931443,0,0,0
VN,Viet Nam,P - 6108,Women's Knit Underwear,P - 6,"Wood, paper and textiles",Production,306484918.4910813,622079986.3190322,306484918.4910813,622079986.3190322,0.7262405213824666,0.7901089891404551,1,1,1,1,0,1,0.35252086811970196,0.43317885069171175,148566798.72760668,256813095.15913713,,0,19.36385912598418,20.24857923941151,0.8847201134273277,-2.5538501371418487,0.1874121071878325,0,0,0
VN,Viet Nam,P - 6109,Knit T-Shirts and Vests,P - 6,"Wood, paper and textiles",Production,1357890122.4182596,1766598294.5468361,1357890122.4182596,1766598294.5468361,0.7634662117794052,0.7588299939258915,1,1,1,1,1,1,0.452330520665093,0.44607204672897766,755126948.1701635,937952386.601995,,0,20.659209746196048,21.292321667453624,0.6331119212575764,-2.6077224407049107,0.24714865411788958,0,0,0
VN,Viet Nam,P - 6110,Knit Sweaters,P - 6,"Wood, paper and textiles",Production,1943301861.7479172,2995630446.030895,1943301861.7479172,2995630446.030895,0.8072838558347828,0.8058222199576242,1,1,1,1,0,1,0.3785011508879247,0.4093276381501067,658035574.9735024,1023616702.4146198,,0,20.74660798041944,21.82042054620521,1.0738125657857687,-2.7473838795390355,0.2174772032528978,0,0,0
VN,Viet Nam,P - 6111,Babies' Knit Clothing,P - 6,"Wood, paper and textiles",Production,109659927.77105606,221464039.9651925,109659927.77105606,221464039.9651925,0.6434838716220918,0.7557878515096397,1,1,1,1,0,1,0.3692313634046987,0.45052194630156184,86223423.6652002,142563333.35144144,,0,18.77529691052269,19.2157707909981,0.4404738804754089,-2.7512784292339836,0.18147337022420437,0,0,0
VN,Viet Nam,P - 6112,Knit Sportswear,P - 6,"Wood, paper and textiles",Production,122071383.57133186,345751888.1290372,122071383.57133186,345751888.1290372,0.7419428879392136,0.848219153480322,1,1,1,1,0,1,0.19218398225506547,0.2694878511566469,18102126.741201803,42449250.22559172,,0,17.56381983159296,19.6612319923526,2.0974121607596423,-1.6394121021851784,0.20147302563690211,0,0,0
VN,Viet Nam,P - 6114,Other Knit Garments,P - 6,"Wood, paper and textiles",Production,347768785.7424328,412934924.0880813,347768785.7424328,412934924.0880813,0.8540866294188346,0.76274508060318,1,1,1,1,1,1,0.40197739910224933,0.40425714084290176,86753894.57091746,176546997.46044818,,0,18.989097679120505,19.83880057213774,0.8497028930172341,-2.4147976645006093,0.20159148522847214,0,0,0
VN,Viet Nam,P - 6115,Knit Hosiery,P - 6,"Wood, paper and textiles",Production,95812820.85975248,253952145.81228375,95812820.85975248,253952145.81228375,0.40458602129794513,0.5552188719535253,0,1,0,1,0,0,0.2009585393353326,0.29584147228797286,66318292.582930036,137524982.76993227,1,,18.73931615871039,19.35265640885677,0.6133402501463792,-1.8359996101947789,0.20201237505528835,0,0,0
VN,Viet Nam,P - 6116,Knit Gloves,P - 6,"Wood, paper and textiles",Production,86873879.56754723,241858542.61438635,86873879.56754723,241858542.61438635,0.6798253005662034,0.7838131601661666,1,1,1,1,0,1,0.1810697385337123,0.25025895950695515,19010963.59390071,42517688.17213662,,0,17.56543076311585,19.30386358269733,1.7384328195814795,-1.3715699305837545,0.1412441226151285,0,0,0
VN,Viet Nam,P - 6117,Knit Accessories,P - 6,"Wood, paper and textiles",Production,10403789.246802099,28016191.96447504,10403789.246802099,28016191.96447504,0.25689710370197427,0.45954420452284833,0,0,0,0,0,0,0.17807541089781848,0.25798214928688457,11725502.14499401,26296773.582609408,0,,17.084956850182653,17.148293221136644,0.0633363709539907,-1.7697727177109923,0.18092634636398344,0,0,0
VN,Viet Nam,P - 6201,Men's Woven Coats,P - 6,"Wood, paper and textiles",Production,1003119046.1811906,1516410159.3935392,1003119046.1811906,1516410159.3935392,0.88446256276809,0.8786199347369374,1,1,1,1,1,1,0.25646509044193777,0.2771822720110007,103807498.42919776,157792972.73399854,,0,18.876794438984202,21.139611641922663,2.262817202938461,-1.5182912162217101,0.19697741187108964,0,0,0
VN,Viet Nam,P - 6202,Women's Woven Coats,P - 6,"Wood, paper and textiles",Production,866983299.3159512,1519514491.56394,866983299.3159512,1519514491.56394,0.8494674527372411,0.8487689663687693,1,1,1,1,0,1,0.21289920397335846,0.2363731347768783,84509856.60635747,134956971.7768661,,0,18.720466565429273,21.141656707994585,2.4211901425653117,-1.3103786436947618,0.17706788751614452,0,0,0
VN,Viet Nam,P - 6203,Men's Woven Suits,P - 6,"Wood, paper and textiles",Production,1989521814.693569,2165022564.6625156,1989521814.693569,2165022564.6625156,0.8184336222989462,0.8046583264042836,1,1,1,1,1,1,0.3853432405943412,0.45274628321526306,644600746.0289268,965973611.3141804,,0,20.688647075358745,21.49569662128535,0.8070495459266063,-2.8294396836927658,0.23822609289178612,0,0,0
VN,Viet Nam,P - 6204,Women's Woven Suits,P - 6,"Wood, paper and textiles",Production,2362618349.414459,2566059880.016092,2362618349.414459,2566059880.016092,0.812447030008646,0.763073648016912,1,1,1,1,1,1,0.34589058121844324,0.38660179484695,635728528.1106753,1102053415.3040097,,0,20.820441018647596,21.66563743919496,0.8451964205473637,-2.305346304408713,0.22070605937248086,0,0,0
VN,Viet Nam,P - 6205,Men's Woven Shirts,P - 6,"Wood, paper and textiles",Production,676450595.5878628,727137700.8294201,676450595.5878628,727137700.8294201,0.8213139571470834,0.8361114328747941,1,1,1,1,1,1,0.4788821833806475,0.5604556835026875,292697745.8146838,363775302.8481423,,0,19.712046937874213,20.40462642860638,0.6925794907321681,-2.9616224311297534,0.23175448232622217,0,0,0
VN,Viet Nam,P - 6206,Women's Woven Blouses,P - 6,"Wood, paper and textiles",Production,388469729.0956528,386222075.79968727,388469729.0956528,386222075.79968727,0.75447338551654,0.7623839626081972,1,1,1,1,1,1,0.36689415976219075,0.3785742545399371,158407051.11247385,160535561.87583345,,0,18.89402605154047,19.771923090487714,0.8778970389472427,-2.2545115976439027,0.23058078024631573,0,0,0
VN,Viet Nam,P - 6207,Men's Woven Underwear,P - 6,"Wood, paper and textiles",Production,63276426.07347694,66607557.33769744,63276426.07347694,66607557.33769744,0.8120281479023517,0.819726056309486,1,1,1,1,1,1,0.4331021503045576,0.47721000058604207,22706248.388000485,28286773.37799182,,0,17.157904916911026,18.014328617625296,0.8564237007142701,-2.5952445553242662,0.21837887899213898,0,0,0
VN,Viet Nam,P - 6208,Women's Woven Underwear,P - 6,"Wood, paper and textiles",Production,46955876.95656485,78740024.27756913,46955876.95656485,78740024.27756913,0.6560226989718778,0.7320949480468787,1,1,1,1,0,1,0.42346616607370596,0.4165733082889124,39396912.58886981,47789421.949510515,,0,17.682314895769377,18.181662164505585,0.4993472687362086,-2.2166558126135585,0.1946040005899386,0,0,0
VN,Viet Nam,P - 6209,Babies' Woven Clothing,P - 6,"Wood, paper and textiles",Production,57686910.377306886,71607567.48149571,57686910.377306886,71607567.48149571,0.7139387161512131,0.751024728474183,1,1,1,1,0,1,0.32935081931048804,0.3861847700172162,25936332.37966981,30940943.763393015,,0,17.247590937982142,18.08671133139331,0.839120393411168,-2.4930912179968896,0.19666132719235205,0,0,0
VN,Viet Nam,P - 6210,Coated Fabric Garments,P - 6,"Wood, paper and textiles",Production,462456611.51555157,1148033936.8843436,462456611.51555157,1148033936.8843436,0.7922438958777891,0.8763029148018978,1,1,1,1,0,1,0.22047063329872504,0.2724745644483198,71315841.00714895,91570887.80105081,,0,18.33262397128395,20.861316697023845,2.5286927257398943,-2.1613787281203196,0.2155267496554664,0,0,0
VN,Viet Nam,P - 6211,Woven Sportswear,P - 6,"Wood, paper and textiles",Production,394822244.73356295,943551069.5713404,394822244.73356295,943551069.5713404,0.7768014509569532,0.8295228859297573,1,1,1,1,1,1,0.3756355409569159,0.4322330728569876,152275898.97765702,271939953.27980584,,0,19.421091843565765,20.665161050159412,1.2440692065936467,-2.4848349978160384,0.24305188605580894,0,0,0
VN,Viet Nam,P - 6212,Foundation Garments,P - 6,"Wood, paper and textiles",Production,178844278.68857855,851031562.9019624,178844278.68857855,851031562.9019624,0.6563761655389049,0.857171461945447,1,1,1,1,0,1,0.2174139325074257,0.32449612880325207,53913679.168030515,129598254.51613717,,0,18.67994988126822,20.5619597762164,1.8820098949481796,-1.8412068669186503,0.19066184292411206,0,0,0
VN,Viet Nam,P - 6214,Scarves and Shawls,P - 6,"Wood, paper and textiles",Production,3641536.481089124,4062346.3095778627,3641536.481089124,4062346.3095778627,0.0649052819892555,0.15766399769921727,0,0,0,0,0,0,0.16401794797188368,0.21610777621898414,19138719.70020837,20285860.75446415,0,,16.825434736070058,15.217271519579104,-1.6081632164909543,-1.4468115318604435,0.13525328668629205,0,0,0
VN,Viet Nam,P - 6215,Neckties,P - 6,"Wood, paper and textiles",Production,8646566.612034122,2256373.082359759,8646566.612034122,2256373.082359759,0.4510560050976694,0.2708479143988328,0,0,0,0,0,0,0.1503018872059807,0.20302940551247384,3344959.4675942,2099559.710856873,0,,14.557238695505102,14.629269694502854,0.0720309989977519,0.9124917063380662,0.11300813237747398,0,0,0
VN,Viet Nam,P - 6217,Other Clothing Accessories,P - 6,"Wood, paper and textiles",Production,13378429.51287984,23461530.69790528,13378429.51287984,23461530.69790528,0.3608936400267121,0.41644693891233114,0,0,0,0,0,0,0.1673632997861033,0.2837941077757,8346648.012874769,26668206.031086184,0,,17.098982665967522,16.9708726888241,-0.12810997714342065,-1.8890170411658467,0.20944900358273566,0,0,0
VN,Viet Nam,P - 6301,Blankets and Rugs,P - 6,"Wood, paper and textiles",Production,26770828.559984867,55738700.96834413,26770828.559984867,55738700.96834413,0.3466402435952199,0.43523895130410056,0,0,0,0,0,0,0.2764217771257646,0.2778942376502055,45828847.14301378,50327518.33597074,0,,17.734062589557933,17.836185292490807,0.10212270293287418,-1.7756949236406094,0.12935916486583918,0,0,0
VN,Viet Nam,P - 6302,Bed and Table Linens,P - 6,"Wood, paper and textiles",Production,208278892.40374112,249321193.18825758,208278892.40374112,249321193.18825758,0.4942591168904334,0.4858681434616744,0,0,0,0,0,0,0.2613153406542757,0.32835312594773475,162484769.5290494,259284591.7435354,0,,19.37343683009153,19.334252559674688,-0.03918427041684325,-1.8748240117769737,0.16166397755591297,0,0,0
VN,Viet Nam,P - 6303,Curtains and Blinds,P - 6,"Wood, paper and textiles",Production,173142447.4729586,73007149.62502371,173142447.4729586,73007149.62502371,0.7889869173022522,0.53979236210727,1,1,1,1,0,0,0.1748727470824251,0.23186193389777715,17534188.97489809,30682264.39578394,,0,17.23919537123485,18.106067948082956,0.866872576848106,-0.01982660619336485,0.14583657533502972,0,0,0
VN,Viet Nam,P - 6304,Furnishing Textiles,P - 6,"Wood, paper and textiles",Production,129474737.61031826,102975381.80283529,129474737.61031826,102975381.80283529,0.6710207010827484,0.6356398476574813,1,1,1,1,1,1,0.22687813528483033,0.3835113861382511,37217526.079390876,85417631.28028025,,0,18.26306310442963,18.45000051571418,0.18693741128454988,-1.8173879276367961,0.15839793922783485,0,0,0
VN,Viet Nam,P - 6305,Textile Sacks and Bags,P - 6,"Wood, paper and textiles",Production,254830621.52344587,366544397.36943966,254830621.52344587,366544397.36943966,0.8280736890538326,0.8532203069090656,1,1,1,1,1,1,0.5501897252767346,0.5471514877957596,116268050.35084653,149162699.51853526,,0,18.820548217955032,19.719630213480375,0.8990819955253428,-4.319881839865424,0.2597657499097292,0,0,0
VN,Viet Nam,P - 6306,Tarpaulins and Tents,P - 6,"Wood, paper and textiles",Production,60475326.06318477,143822115.95128056,60475326.06318477,143822115.95128056,0.6006964082664233,0.6465716678301968,1,1,1,1,0,0,0.17259070481334868,0.23258432687400163,15394772.512999859,41285044.58542357,,0,17.53601089999737,18.784087794980163,1.2480768949827947,-1.097717247600928,0.19234641803356842,0,0,0
VN,Viet Nam,P - 6307,Other Textile Articles,P - 6,"Wood, paper and textiles",Production,338612365.42454463,492176926.0985562,338612365.42454463,492176926.0985562,0.7417034069387463,0.6807527201643954,1,1,1,1,0,0,0.1710848801950894,0.2442029422852143,41437815.29825447,106642279.1436062,,0,18.484990615297875,20.014348817737044,1.5293582024391696,-1.143433303336003,0.2027544196141295,0,0,0
VN,Viet Nam,P - 6309,Used Clothing,P - 6,"Wood, paper and textiles",Production,415171.30721665703,896397.2792427483,415171.30721665703,896397.2792427483,0.009923409173328979,0.016152231287747166,0,0,0,0,0,0,0.1379586093316434,0.201654432908981,8557019.107826402,19377426.150255863,0,,16.77961939762904,13.706140101276041,-3.0734792963529998,-1.3598119236399198,0.23918370815957724,0,0,0
VN,Viet Nam,P - 6402,Rubber and Plastic Footwear,P - 7,Construction materials and precious goods,Production,1651005302.9179819,3933897482.8202267,1651005302.9179819,3933897482.8202267,0.832349990557204,0.8646351031452325,1,1,1,1,1,1,0.2707680836773172,0.299138457724642,278569637.0036381,474871635.42206365,,0,19.978555086366303,22.092896497554985,2.1143414111886827,-1.4791903700643947,0.1547322109126234,0,0,0
VN,Viet Nam,P - 6403,Leather Footwear,P - 7,Construction materials and precious goods,Production,3466857454.493306,6548286478.758947,3466857454.493306,6548286478.758947,0.8713589894431062,0.9001037382478488,1,1,1,1,1,1,0.19341564551008647,0.24547307115097708,223842318.19124696,351278317.1343681,,0,19.677089396385643,22.602469246225045,2.925379849839402,-0.8106718560058527,0.19522385696117628,0,0,0
VN,Viet Nam,P - 6404,Textile Footwear,P - 7,Construction materials and precious goods,Production,2683018973.154295,8553455640.448511,2683018973.154295,8553455640.448511,0.928963232019216,0.9409944314232433,1,1,1,1,1,1,0.19220466741553663,0.2275393503384892,97396059.24098486,237169116.82635224,,0,19.284284021950537,22.869601206831426,3.585317184880889,-0.43230035769650454,0.16326278961796226,0,0,0
VN,Viet Nam,P - 6405,Other Footwear,P - 7,Construction materials and precious goods,Production,150736264.23818356,142270744.3973371,150736264.23818356,142270744.3973371,0.7037521097991803,0.7801017599221859,1,1,1,1,0,1,0.27436786006616287,0.3058186898919274,48777059.99443839,32521492.785591617,,0,17.29741177595522,18.773242457928568,1.475830681973349,-2.234957673913614,0.24112344386952198,0,0,0
VN,Viet Nam,P - 6406,Footwear Parts,P - 7,Construction materials and precious goods,Production,307922097.5034278,545617065.7242346,307922097.5034278,545617065.7242346,0.7896768494334429,0.833798678880102,1,1,1,1,1,1,0.2249080337715156,0.2995354535216184,45767380.47429646,86660567.8742291,,0,18.27750953869286,20.11742794465722,1.839918405964358,-1.0987585838931941,0.16648317086662442,0,0,0
VN,Viet Nam,P - 6505,Textile and Knit Headwear,P - 7,Construction materials and precious goods,Production,171039671.1727577,542198122.8934513,171039671.1727577,542198122.8934513,0.796565314311048,0.8401411519075623,1,1,1,1,0,1,0.18678764118113939,0.2614130272952343,19831071.5328106,65760676.43399898,,0,18.001532610271045,20.111142034848474,2.109609424577428,-1.4271246728101592,0.18121853849735878,0,0,0
VN,Viet Nam,P - 6506,Other Headgear,P - 7,Construction materials and precious goods,Production,25694807.221842505,111782443.0548813,25694807.221842505,111782443.0548813,0.4767326391740915,0.6496275972419209,0,1,0,1,0,0,0.15423840270121741,0.2196370692484132,8569875.264059987,22814399.01015952,1,,16.942902473955304,18.532065076434222,1.5891626024789183,0.743271974958945,0.17626403117590225,0,0,0
VN,Viet Nam,P - 6601,Umbrellas,P - 7,Construction materials and precious goods,Production,6360577.216691054,7841634.213936726,6360577.216691054,7841634.213936726,0.1668805546272816,0.15904419008503326,0,0,0,0,0,0,0.17123427326724447,0.2083706912811368,13116732.461171357,17928204.852045268,0,,16.70188577655033,15.87495794378444,-0.8269278327658913,0.3574388199554522,0.10438903079013108,0,0,0
VN,Viet Nam,P - 6702,Artificial Flowers,P - 7,Construction materials and precious goods,Production,2101920.548840767,10276117.241391178,2101920.548840767,10276117.241391178,0.06595948307584738,0.0817844034774436,0,0,0,0,0,0,0.1630895623362239,0.23143038417661607,10532361.763823558,38957954.33287199,0,,17.477993554172304,16.145333143703827,-1.3326604104684776,0.3153492483570174,0.05067815787618489,0,0,0
VN,Viet Nam,P - 6704,Wigs and Hairpieces,P - 7,Construction materials and precious goods,Production,11173836.738892674,46200569.54782644,11173836.738892674,46200569.54782644,0.21965241909590455,0.3758204684307866,0,0,0,0,0,0,0.22524465653580122,0.3758204684307866,15959358.014550913,0.0,0,,0.0,17.648502705495765,17.648502705495765,-5.565750723165786,0.09721087750172504,0,0,0
VN,Viet Nam,P - 6801,Stone Paving,P - 7,Construction materials and precious goods,Production,33622402.35237371,27303049.659804262,33622402.35237371,27303049.659804262,0.8174964799195007,0.7914506851770826,1,1,1,1,1,1,0.19806202952984428,0.23554228997440207,3074307.0127542973,2932530.206288442,,0,14.891376500983732,17.12250899969247,2.231132498708739,-0.5207748149829936,0.15209764570403794,0,0,0
VN,Viet Nam,P - 6802,Worked Building Stone,P - 7,Construction materials and precious goods,Production,69578834.35646969,87402645.22663619,69578834.35646969,87402645.22663619,0.33170394935450753,0.36841611810831565,0,0,0,0,0,0,0.21429919586734283,0.3092374687624311,64789263.50458329,119853112.76336056,0,,18.601777499010815,18.28603611736005,-0.3157413816507635,-2.7655807949677134,0.16256784784389003,0,0,0
VN,Viet Nam,P - 6804,Millstones and Grindstones,P - 7,Construction materials and precious goods,Production,3960263.2382856784,24929962.675568473,3960263.2382856784,24929962.675568473,0.09083116940357006,0.22857829047639902,0,0,0,0,0,0,0.1478001013031891,0.21121379897147471,10782369.278428162,22237099.240326278,0,,16.917272633968395,17.031580998441658,0.11430836447326342,2.017388722764417,0.14638744900267842,0,0,0
VN,Viet Nam,P - 6805,Abrasive Materials,P - 7,Construction materials and precious goods,Production,2220476.405582582,2937298.228200725,2220476.405582582,2937298.228200725,0.05337503456564531,0.053797129215693545,0,0,0,0,0,0,0.14817488135270912,0.21442784875010124,10885216.174268411,21030985.608270265,0,,16.86150746090418,14.89300108725217,-1.9685063736520085,2.1837526480741816,0.15610013439867806,0,0,0
VN,Viet Nam,P - 6806,Mineral Wool and Insulation,P - 7,Construction materials and precious goods,Production,2447868.8517689714,5935156.667458966,2447868.8517689714,5935156.667458966,0.05585621244008726,0.066185495969363,0,0,0,0,0,0,0.14848027450286522,0.2172285319302671,10992981.594204562,23163800.76605372,0,,16.958101349445133,15.596404151378009,-1.3616971980671249,1.9949103324829205,0.1765163346800023,0,0,0
VN,Viet Nam,P - 6807,Asphalt Articles,P - 7,Construction materials and precious goods,Production,205344.45029279916,286719.873502225,205344.45029279916,286719.873502225,0.007973137059541117,0.006677862394490163,0,0,0,0,0,0,0.14753955422261789,0.2133590866297768,6087794.010672862,9274006.946965046,0,,16.042726200841205,12.56626445529805,-3.476461745543155,0.6474513074623525,0.17194901950500807,0,0,0
VN,Viet Nam,P - 6809,Plaster Articles,P - 7,Construction materials and precious goods,Production,941168.219061397,4738083.898277775,941168.219061397,4738083.898277775,0.042539780783605395,0.07166372281263307,0,0,0,0,0,0,0.15953832533955356,0.22332138437477658,6029230.453275402,12684307.220433835,0,,16.35587621428473,15.371143582129985,-0.9847326321547456,-1.002785551332846,0.21962405991720746,0,0,0
VN,Viet Nam,P - 6810,Concrete Articles,P - 7,Construction materials and precious goods,Production,105033250.5352332,366410598.7964811,105033250.5352332,366410598.7964811,0.5713152008469623,0.7201857107148175,1,1,1,1,0,1,0.16223469803443283,0.23204723812782393,23452370.463865254,59243678.67956331,,0,17.897169660214765,19.719265119921346,1.8220954597065813,0.04123387658137418,0.1935190608130771,0,0,0
VN,Viet Nam,P - 6813,Friction Materials,P - 7,Construction materials and precious goods,Production,527964.8234188746,2113122.73612684,527964.8234188746,2113122.73612684,0.03428178366317035,0.10085208790256571,0,0,0,0,0,0,0.1411875665543737,0.1974878713177439,3705166.389878217,5659857.444290331,0,,15.548909440023916,14.56367785433791,-0.9852315856860052,0.46476462440908295,0.1553035843960335,0,0,0
VN,Viet Nam,P - 6815,Other Stone Articles,P - 7,Construction materials and precious goods,Production,6755542.87311248,26444181.408164956,6755542.87311248,26444181.408164956,0.11171678464100533,0.20117667306751608,0,0,0,0,0,0,0.1418691027162167,0.21152067963562565,13605476.070540236,39481896.68512431,0,,17.49135283837347,17.090546745315496,-0.4008060930579731,1.2859076271621142,0.15349966907015627,0,0,0
VN,Viet Nam,P - 6902,Refractory Ceramics,P - 7,Construction materials and precious goods,Production,2255079.993873293,10608456.21269065,2255079.993873293,10608456.21269065,0.05055707779815483,0.1567557533225746,0,0,0,0,0,0,0.14406260928954906,0.2050491483468651,11263275.966265747,20748836.82420229,0,,16.84800079460027,16.17716209122281,-0.6708387033774592,1.1346255151403415,0.1266218049658462,0,0,0
VN,Viet Nam,P - 6903,Industrial Ceramics,P - 7,Construction materials and precious goods,Production,3856488.349549482,3836886.717906092,3856488.349549482,3836886.717906092,0.1604277385284098,0.1518373637816915,0,0,0,0,0,0,0.14098675889244172,0.20970514401049584,5100074.196077303,9862205.50189835,0,,16.104220484697095,15.160172105810586,-0.9440483788865084,1.3682873400846258,0.13863616037649484,0,0,0
VN,Viet Nam,P - 6907,Ceramic Tiles,P - 7,Construction materials and precious goods,Production,86237268.08716816,178861716.42134872,86237268.08716816,178861716.42134872,0.5801474993611091,0.4052658548964175,1,0,1,0,0,0,0.1883729348196118,0.3579225664096477,25142725.988531936,232096824.10657424,,1,19.262665192161766,19.002123536878862,-0.2605416552829034,-3.319466950625373,0.1554702270504208,0,0,0
VN,Viet Nam,P - 6909,Technical Ceramics,P - 7,Construction materials and precious goods,Production,4107162.297597378,22068299.89739437,4107162.297597378,22068299.89739437,0.08636707792292361,0.20938035497859064,0,0,0,0,0,0,0.13691884224439427,0.19468118593846254,10844655.769699432,28900444.8378949,0,,17.179367579880445,16.909652788291215,-0.2697147915892302,2.1784812582688526,0.10514891158922082,0,0,0
VN,Viet Nam,P - 6910,Ceramic Sanitary Ware,P - 7,Construction materials and precious goods,Production,103737646.14155333,131051116.58579595,103737646.14155333,131051116.58579595,0.639166928152398,0.5175064764239773,1,1,1,1,0,0,0.17115513836666155,0.24505587571228285,20330847.97135482,62442408.22069717,,0,17.949755237439483,18.69109801563167,0.7413427781921875,0.2572009662575707,0.13383556564184013,0,0,0
VN,Viet Nam,P - 6911,Porcelain Tableware,P - 7,Construction materials and precious goods,Production,5382431.25328436,5173547.547197289,5382431.25328436,5173547.547197289,0.1060660594490853,0.05168405583105724,0,0,0,0,0,0,0.15917413596170205,0.21054975361822126,14450425.800400142,44721259.53930535,0,,17.615959573786522,15.459069383803987,-2.1568901899825352,0.6756039272513467,0.10330860693302768,0,0,0
VN,Viet Nam,P - 6912,Other Ceramic Tableware,P - 7,Construction materials and precious goods,Production,10452673.647556262,10433043.502887016,10452673.647556262,10433043.502887016,0.4090926766155216,0.20740454734952832,0,0,0,0,0,0,0.16282885611189474,0.22214173179560917,4781397.143296868,10452880.352925818,0,,16.162388225921948,16.16048868302972,-0.0018995428922288227,0.4706653457550056,0.1836272829898488,0,0,0
VN,Viet Nam,P - 6913,Ornamental Ceramics,P - 7,Construction materials and precious goods,Production,49676639.746691704,69693888.03872532,49676639.746691704,69693888.03872532,0.57224309043148,0.6816632798351626,1,1,1,1,0,0,0.19363785298648037,0.2171563661558426,17937304.289057195,12556955.767806113,,0,16.345785394089177,18.05962319668943,1.7138378026002528,0.4922989071995146,0.12487283326926896,0,0,0
VN,Viet Nam,P - 6914,Other Ceramic Articles,P - 7,Construction materials and precious goods,Production,81524818.39658567,53708594.68542821,81524818.39658567,53708594.68542821,0.8083539220728079,0.7141466541901149,1,1,1,1,0,0,0.1572192284907541,0.21998600429189222,5973554.278674028,11282383.779867543,,0,16.23875319834376,17.799083615299423,1.560330416955665,1.0025055773591491,0.14284537014299784,0,0,0
VN,Viet Nam,P - 7002,Glass Rods and Tubes,P - 7,Construction materials and precious goods,Production,312380.9018577625,300426.86667328706,312380.9018577625,300426.86667328706,0.01663772476450265,0.013375083979577767,0,0,0,0,0,0,0.12683801421272448,0.180796525010754,4075042.6161687938,4971593.482630021,0,,15.419251168075345,12.61296295979368,-2.8062882082816643,2.9553768563944103,0.07576874497408723,0,0,0
VN,Viet Nam,P - 7004,Drawn Glass Sheets,P - 7,Construction materials and precious goods,Production,811252.2893935038,4096.558997246421,811252.2893935038,4096.558997246421,0.05057172695663975,0.006420757299221287,0,0,0,0,0,0,0.11739610704936154,0.17139208358776553,4052993.2241971865,2897994.7368374085,0,,14.879529930791085,8.31814670886611,-6.5613832219249755,0.14735401386676875,0.08556664083582755,0,0,0
VN,Viet Nam,P - 7005,Float Glass Sheets,P - 7,Construction materials and precious goods,Production,132698225.30705257,79229905.3436495,132698225.30705257,79229905.3436495,0.7092901801464429,0.45211661032827816,1,0,1,0,1,0,0.1526510920328927,0.22316225247115903,15790443.456183165,29131587.54249478,,1,17.18733366031847,18.187864390858806,1.000530730540337,-0.2612938896559451,0.17267418255710962,0,0,0
VN,Viet Nam,P - 7006,Worked Glass Sheets,P - 7,Construction materials and precious goods,Production,142616146.15523478,46063381.029361054,142616146.15523478,46063381.029361054,0.8575527767684704,0.4080712629194912,1,0,1,0,1,0,0.14618650392159338,0.20164073304782626,6768352.031062635,12637639.212280555,,1,16.35219023718744,17.645528876264795,1.293338639077355,2.6302734745304193,0.09625038343008632,0,0,0
VN,Viet Nam,P - 7007,Safety Glass,P - 7,Construction materials and precious goods,Production,6676692.402227564,117138738.516044,6676692.402227564,117138738.516044,0.06438941561549706,0.4285113884608794,0,0,0,0,0,0,0.15350741774857482,0.22258162089793357,27903179.030373007,59164875.834715195,0,,17.895838627073203,18.578869598076672,0.6830309710034683,1.2553540216360968,0.17199982529860577,0,0,0
VN,Viet Nam,P - 7008,Insulating Glass Units,P - 7,Construction materials and precious goods,Production,2281496.4369073217,1177061.867694941,2281496.4369073217,1177061.867694941,0.13920561041679086,0.0858270808653957,0,0,0,0,0,0,0.1547146175695054,0.22352552213030316,4052202.115788241,11993239.736869868,0,,16.299853777127534,13.978532798320586,-2.3213209788069484,1.1675378705875696,0.1604936710268613,0,0,0
VN,Viet Nam,P - 7009,Glass Mirrors,P - 7,Construction materials and precious goods,Production,50399333.904888205,59996697.43080546,50399333.904888205,59996697.43080546,0.4777028425130543,0.413619597308668,0,0,0,0,0,0,0.14886883336551582,0.21522885902670405,15480587.007765468,41221401.777316496,0,,17.534468164320515,17.909800092519138,0.37533192819862293,1.395968202536831,0.12890349128345654,0,0,0
VN,Viet Nam,P - 7010,Glass Containers,P - 7,Construction materials and precious goods,Production,8913946.177262554,17807074.603844777,8913946.177262554,17807074.603844777,0.0867116852777228,0.09159214548681116,0,0,0,0,0,0,0.1659207754012775,0.22371598779592475,28742531.56117169,75611385.95056759,0,,18.141117450846806,16.695106442111776,-1.4460110087350309,-1.303237737429087,0.2500739027811734,0,0,0
VN,Viet Nam,P - 7013,Glass Tableware,P - 7,Construction materials and precious goods,Production,25773062.570943072,20349734.104672115,25773062.570943072,20349734.104672115,0.1911459880847559,0.14719230467422736,0,0,0,0,0,0,0.15510140325615415,0.2185538494939713,32581449.16641582,50883745.717163324,0,,17.745054112594,16.828578452798727,-0.9164756597952746,1.0062334414189629,0.14850162778489556,0,0,0
VN,Viet Nam,P - 7018,Glass Beads and Ornaments,P - 7,Construction materials and precious goods,Production,2285652.792773551,1533503.39243978,2285652.792773551,1533503.39243978,0.11576687855116237,0.06252220356369897,0,0,0,0,0,0,0.14117116806225607,0.19404647033885797,4672850.574472278,9789763.641520917,0,,16.096847973515047,14.243066126855641,-1.8537818466594054,1.2176846889600157,0.09327274537928033,0,0,0
VN,Viet Nam,P - 7019,Glass Fibers,P - 7,Construction materials and precious goods,Production,8123276.23809161,19356974.864189487,8123276.23809161,19356974.864189487,0.07226997080438868,0.12964798436295785,0,0,0,0,0,0,0.15091235779529533,0.2246495384332599,27772880.3667052,58078379.17561543,0,,17.877304038553593,16.778563422249263,-1.0987406163043296,0.9492682433138938,0.19491191784134454,0,0,0
VN,Viet Nam,P - 7020,Other Glass Articles,P - 7,Construction materials and precious goods,Production,331090727.76537734,254059710.54157,331090727.76537734,254059710.54157,0.9217574318360502,0.8813809000065514,1,1,1,1,1,1,0.15177612044405825,0.2195745620855339,8260234.144880373,16399764.013385791,,0,16.61277756423969,19.35307988216404,2.7403023179243498,1.3689880637270235,0.1503046391232186,0,0,0
VN,Viet Nam,P - 7101,Pearls,P - 7,Construction materials and precious goods,Production,2642968.554891114,7920962.210154715,2642968.554891114,7920962.210154715,0.11939878451076566,0.410452627117969,0,0,0,0,0,0,0.10268767350935167,0.15624925406992426,4384555.766502365,2902699.475689765,0,,14.881152060174047,15.885023373839584,1.0038713136655364,-0.39244582135249595,0.0886180689041281,0,0,0
VN,Viet Nam,P - 7102,Diamonds,P - 7,Construction materials and precious goods,Production,240780164.45293534,134344090.84079355,240780164.45293534,134344090.84079355,0.15422949253024568,0.251523238187039,0,0,0,0,0,0,0.08657509955666504,0.0816503978119898,187309367.31847593,73983851.6308095,0,,18.119357419665917,18.71591491618083,0.5965574965149116,-2.648842156597823,0.11486820801781024,0,0,0
VN,Viet Nam,P - 7103,Precious and Semi-Precious Stones,P - 7,Construction materials and precious goods,Production,1858844.9553480153,8014965.521734372,1858844.9553480153,8014965.521734372,0.024029077728508482,0.040044560897687875,0,0,0,0,0,0,0.08622598272362997,0.07684216935218174,10711732.175261877,10970176.572053589,0,,16.210691019180896,15.896821167065648,-0.3138698521152481,-4.910767206241169,0.13646735119074885,0,0,0
VN,Viet Nam,P - 7106,Silver,P - 7,Construction materials and precious goods,Production,4499691.542316563,1235726.3263556482,4499691.542316563,1235726.3263556482,0.0167961716768283,0.0024701438220101797,0,0,0,0,0,0,0.12272679326738933,0.16517776830355171,39252058.12596679,73450496.05800797,0,,18.11212222785885,14.027170282917243,-4.084951944941608,-0.07453968584387868,0.14243195481486362,0,0,0
VN,Viet Nam,P - 7110,Platinum,P - 7,Construction materials and precious goods,Production,605797.0451514906,279955.5214426871,605797.0451514906,279955.5214426871,0.002257356392307729,0.0004188601299841023,0,0,0,0,0,0,0.12308275220219349,0.1603839694096739,49361513.788698494,110277758.06343241,0,,18.518512823487512,12.54238958953228,-5.9761232339552315,2.4427929514925424,0.07599942125064826,0,0,0
VN,Viet Nam,P - 7112,Precious Metal Scrap,P - 7,Construction materials and precious goods,Production,7803281.153971673,55771471.80464273,7803281.153971673,55771471.80464273,0.04032636227788119,0.15097381908532978,0,0,0,0,0,0,0.14360877409375614,0.20265275041609818,42987297.677255765,75057151.7982038,0,,18.133760418606958,17.836773056563615,-0.29698736204334253,-1.5824901394522088,0.24587378793470344,0,0,0
VN,Viet Nam,P - 7113,Precious Metal Jewelry,P - 7,Construction materials and precious goods,Production,192895418.46085232,264783482.1502702,192895418.46085232,264783482.1502702,0.15693461335936443,0.17082346965797499,0,0,0,0,0,0,0.1479876685916148,0.19105145190731293,296488506.8713712,354696632.34659123,0,,19.686773428147045,19.39442300527158,-0.2923504228754652,0.11641895332888996,0.14343497575036138,0,0,0
VN,Viet Nam,P - 7115,Other Precious Metal Articles,P - 7,Construction materials and precious goods,Production,2723281.5059056557,250408.60919423058,2723281.5059056557,250408.60919423058,0.01674781599389081,0.00751210344451837,0,0,0,0,0,0,0.10537192486803147,0.17210481607744643,21802340.1445335,21626381.457429945,0,,16.889424537406146,12.430853292848084,-4.458571244558062,1.2975985458531532,0.10623746151219637,0,0,0
VN,Viet Nam,P - 7117,Imitation Jewelry,P - 7,Construction materials and precious goods,Production,30060779.96408196,85712787.24264249,30060779.96408196,85712787.24264249,0.34618144756350694,0.41909546166439554,0,0,0,0,0,0,0.1553202999900993,0.21295913736776712,16358115.817630816,41627652.007789604,0,,17.544275240156708,18.266512593469994,0.722237353313286,0.43038560599351666,0.15202213440203477,0,0,0
VN,Viet Nam,P - 7201,Pig Iron,P - 8,Base metals and metal products,Production,154129.1558832661,6942010.557124774,154129.1558832661,6942010.557124774,0.002958325613152536,0.3003844466039889,0,0,0,0,0,0,0.10832438739807383,0.1762423292127422,8122689.12644075,12826679.027321827,0,,16.36703793672425,15.753102140214464,-0.613935796509784,0.9915217753527471,0.09433287683480189,0,0,0
VN,Viet Nam,P - 7202,Ferro-Alloys,P - 8,Base metals and metal products,Production,260459568.25855097,93074790.37530868,260459568.25855097,93074790.37530868,0.5095027020675702,0.15973987932450767,1,0,1,0,0,0,0.13342016430074916,0.16100040739793664,41524217.859696224,98557894.92149906,,1,18.406154709322532,18.34891393625193,-0.05724077307060327,-1.8365913492302248,0.18549795231900612,0,0,0
VN,Viet Nam,P - 7203,Direct Reduced Iron,P - 8,Base metals and metal products,Production,157605.97552764896,133172800.4677769,157605.97552764896,133172800.4677769,0.004702684729629191,0.527474451984375,0,1,0,1,0,0,0.1373238277607847,0.27044023310703125,4180521.0450320826,14308736.66823205,1,,16.4763809343804,18.70715810203544,2.230777167655038,-2.245325902036688,0.1047602283314127,0,0,0
VN,Viet Nam,P - 7204,Iron and Steel Scrap,P - 8,Base metals and metal products,Production,9891354.569521625,107224432.73478915,9891354.569521625,107224432.73478915,0.02432441704830843,0.11557262151638789,0,0,0,0,0,0,0.10360721395381114,0.1734685406480403,60925597.09044441,108114869.22032012,0,,18.4987048330039,18.490434707260142,-0.008270125743756296,-2.1923050625334746,0.3741434029617039,0,0,0
VN,Viet Nam,P - 7205,Iron and Steel Granules,P - 8,Base metals and metal products,Production,1064942.9984014272,582399.998626297,1064942.9984014272,582399.998626297,0.048910801194799805,0.01439477936505257,0,0,0,0,0,0,0.14136180748554872,0.2076287317741668,5341033.60753792,9704951.635333681,0,,16.08814689413374,13.274914490537418,-2.813232403596322,1.0675522095991723,0.13457126274575834,0,0,0
VN,Viet Nam,P - 7206,Iron and Steel Ingots,P - 8,Base metals and metal products,Production,253212.71225560008,899097.7858925601,253212.71225560008,899097.7858925601,0.012089925779980795,0.28794549850995366,0,0,0,0,0,0,0.14058518084466623,0.20355892347505464,3291226.750197145,2494991.1403760193,0,,14.729796137012903,13.709148191613327,-1.0206479453995758,-0.7087826703853637,0.14562460527568993,0,0,0
VN,Viet Nam,P - 7207,Iron and Steel Semi-Finished,P - 8,Base metals and metal products,Production,172573461.45363835,413942280.9491553,172573461.45363835,413942280.9491553,0.39397846173304774,0.5676464030613808,0,1,0,1,0,0,0.14567925251224384,0.22896690932670755,58050038.352464184,93415111.3741484,1,,18.3525636928315,19.84123710648858,1.4886734136570823,-0.6025511437597824,0.16523929510144392,0,0,0
VN,Viet Nam,P - 7208,Hot-Rolled Steel Sheets,P - 8,Base metals and metal products,Production,16355589.549916849,1308748790.8466697,16355589.549916849,1308748790.8466697,0.03424615055886922,0.5567870302313339,0,1,0,1,0,0,0.14514976064863616,0.21630381855565492,111602606.07075946,292859481.1491952,1,,19.49520346883603,20.99233739701329,1.4971339281772593,1.0296453522198126,0.16094198182699637,0,0,0
VN,Viet Nam,P - 7209,Cold-Rolled Steel Sheets,P - 8,Base metals and metal products,Production,233211079.54881227,142716134.16655,233211079.54881227,142716134.16655,0.573481335614501,0.5013983422122178,1,1,1,1,0,0,0.1451637664197766,0.2107073188186138,41207228.42220864,60993390.69388698,,0,17.926276083382056,18.77636814659852,0.850092063216465,0.36212300149260795,0.15580588561769163,0,0,0
VN,Viet Nam,P - 7210,Coated Steel Sheets,P - 8,Base metals and metal products,Production,638718006.7906685,1154672864.2314882,638718006.7906685,1154672864.2314882,0.572799793618213,0.6802431787569708,1,1,1,1,0,1,0.15028301816491713,0.2120646293332895,124402413.52511297,243054962.91684714,,0,19.308798164686177,20.867082907236156,1.5582847425499793,-0.40869529142617383,0.18603351237308155,0,0,0
VN,Viet Nam,P - 7211,Narrow Steel Sheets,P - 8,Base metals and metal products,Production,16590511.763927916,1737762.9437189335,16590511.763927916,1737762.9437189335,0.26083716109799987,0.09293426205298179,0,0,0,0,0,0,0.14509797531530944,0.21240902051021834,12012028.526023427,21631955.935049906,0,,16.889682267024487,14.368109754937983,-2.521572512086504,1.0535124238348816,0.14966320675920924,0,0,0
VN,Viet Nam,P - 7212,Narrow Coated Steel,P - 8,Base metals and metal products,Production,39348416.19397544,106553216.98172425,39348416.19397544,106553216.98172425,0.48865136589755975,0.6639325266178459,0,1,0,1,0,0,0.15299511041719333,0.22152959589683344,11479498.207381396,28425709.802697986,1,,17.16280460353969,18.484155117664518,1.321350514124827,1.2494405208698562,0.16906520134086558,0,0,0
VN,Viet Nam,P - 7213,Hot-Rolled Steel Coils,P - 8,Base metals and metal products,Production,123094031.77100618,158589274.70991114,123094031.77100618,158589274.70991114,0.49133336656903576,0.6210713328885481,1,1,0,1,1,1,0.1508524193664903,0.23246766881123254,31601728.49989029,60348693.78845844,,0,17.91564987790788,18.88182824640408,0.9661783684961982,-0.9193342696029669,0.1986902874774065,0,0,0
VN,Viet Nam,P - 7214,Hot-Worked Steel Bars,P - 8,Base metals and metal products,Production,119285194.31624295,167995154.0923203,119285194.31624295,167995154.0923203,0.3456047885406538,0.6224961305762817,0,1,0,1,0,1,0.17687115424007463,0.3009792937547406,74954115.22110716,149023995.53978413,1,,18.819617901545055,18.9394456982155,0.11982779667044596,-3.090474518335109,0.2840875970867075,0,0,0
VN,Viet Nam,P - 7215,Other Steel Bars,P - 8,Base metals and metal products,Production,11631473.784072362,10840671.978025079,11631473.784072362,10840671.978025079,0.2871846441536843,0.3680196733271808,0,0,0,0,0,0,0.15101777374144432,0.21233054822525335,7222729.643447202,11988247.508186916,0,,16.299437436949155,16.198815634892355,-0.10062180205679994,-0.3396598578637192,0.19309157324913667,0,0,0
VN,Viet Nam,P - 7216,Steel Sections,P - 8,Base metals and metal products,Production,46188668.95511556,93588853.32528415,46188668.95511556,93588853.32528415,0.2349755549848708,0.3512573904390997,0,0,0,0,0,0,0.1571887861055122,0.22415879129779379,41201249.85844287,79794977.66787203,0,,18.19497113647874,18.354421856636183,0.15945072015744444,-0.860359019984434,0.20902720371024064,0,0,0
VN,Viet Nam,P - 7217,Iron and Steel Wire,P - 8,Base metals and metal products,Production,29412679.67875962,98170107.46714929,29412679.67875962,98170107.46714929,0.29443383796873246,0.5122516528322835,0,1,0,1,0,0,0.16273649043273863,0.23591850491576552,21629544.149648856,44015722.43444535,1,,17.6000574788308,18.402212332559092,0.8021548537282932,-0.5414347890902157,0.1818120916061268,0,0,0
VN,Viet Nam,P - 7218,Stainless Steel Primary,P - 8,Base metals and metal products,Production,2492527.254745972,6378077.378653763,2492527.254745972,6378077.378653763,0.11208679179854145,0.08882886383925974,0,0,0,0,0,0,0.13336876056927502,0.18722079090647123,4299026.499032444,19614510.612962786,0,,16.791780238664924,15.668377415384404,-1.1234028232805198,2.5465375571921784,0.07955206831559258,0,0,0
VN,Viet Nam,P - 7219,Wide Stainless Steel Sheets,P - 8,Base metals and metal products,Production,177667676.49297875,468033255.76287323,177667676.49297875,468033255.76287323,0.3992823448771794,0.5127086989263797,0,1,0,1,0,0,0.1420829335616596,0.20379115503520848,68236110.27980544,138755499.3794557,1,,18.748223952179536,19.964049912816307,1.2158259606367707,2.5917937275742347,0.10344331234842508,0,0,0
VN,Viet Nam,P - 7220,Narrow Stainless Steel,P - 8,Base metals and metal products,Production,19387011.18737654,12959274.24006159,19387011.18737654,12959274.24006159,0.30976172813334235,0.16808716308403668,0,0,0,0,0,0,0.14082030354060737,0.19903733635947296,10857573.327053182,21845613.838328958,0,,16.899510765466168,16.37732232448991,-0.522188440976258,2.8127628432586587,0.10824217094162726,0,0,0
VN,Viet Nam,P - 7221,Stainless Steel Coils,P - 8,Base metals and metal products,Production,304768.82995652483,850328.3696170963,304768.82995652483,850328.3696170963,0.01796359944415396,0.10412741743348655,0,0,0,0,0,0,0.12785394204544034,0.17752066275171577,3717083.0278551257,5000058.610207299,0,,15.424960392368767,13.653379047077388,-1.771581345291379,3.729765185761119,0.06392852900677458,0,0,0
VN,Viet Nam,P - 7222,Stainless Steel Bars,P - 8,Base metals and metal products,Production,10708727.960814085,6557364.195059504,10708727.960814085,6557364.195059504,0.15372117956004896,0.09048307274798681,0,0,0,0,0,0,0.1418263242361669,0.20257772930845525,14755300.224069418,30119119.64012266,0,,17.220670765254727,15.696099433143885,-1.5245713321108418,2.3770328545625254,0.12137205227625315,0,0,0
VN,Viet Nam,P - 7223,Stainless Steel Wire,P - 8,Base metals and metal products,Production,10876704.249988167,29958183.381564982,10876704.249988167,29958183.381564982,0.35774165000839014,0.5379602361655021,0,1,0,1,0,0,0.13919901940879356,0.20413815012330347,4858131.74603935,10057068.158598587,1,,16.123786344065852,17.215313113360565,1.0915267692947133,1.9981431360025703,0.12155297312966733,0,0,0
VN,Viet Nam,P - 7224,Alloy Steel Primary,P - 8,Base metals and metal products,Production,455012.8113540193,71042531.03728557,455012.8113540193,71042531.03728557,0.013849630501560115,0.5012473176095726,0,1,0,1,0,0,0.13760437529656694,0.1958816416966581,7559353.37852516,15938904.698446847,1,,16.584273577680328,18.078789298429758,1.4945157207494297,1.9717183507696352,0.11954077724153933,0,0,0
VN,Viet Nam,P - 7225,Wide Alloy Steel Sheets,P - 8,Base metals and metal products,Production,15602474.538807582,49299091.785083495,15602474.538807582,49299091.785083495,0.06387017658122227,0.17464837278680104,0,0,0,0,0,0,0.13487922689689258,0.19503742016437392,56830408.66231476,135174595.65416825,0,,18.72207780934898,17.713416236918317,-1.0086615724306647,3.326921554638825,0.10555406990961706,0,0,0
VN,Viet Nam,P - 7226,Narrow Alloy Steel,P - 8,Base metals and metal products,Production,5987367.271173388,4217716.222147414,5987367.271173388,4217716.222147414,0.16588411415364057,0.0840913640108278,0,0,0,0,0,0,0.1401717310088117,0.20485295546248503,7357302.967374596,19493722.40152872,0,,16.785603094875825,15.254804597030855,-1.5307984978449696,2.7682934932080507,0.11787915601492384,0,0,0
VN,Viet Nam,P - 7227,Alloy Steel Coils,P - 8,Base metals and metal products,Production,11914249.48751967,38835302.4169654,11914249.48751967,38835302.4169654,0.14889553766187794,0.5331611350976073,0,1,0,1,0,0,0.1314586542216835,0.19589550173105816,17043432.662614487,15966414.519141149,1,,16.58599804409921,17.474840272782455,0.8888422286832451,1.3716979353905752,0.11860359434211475,0,0,0
VN,Viet Nam,P - 7228,Alloy Steel Bars,P - 8,Base metals and metal products,Production,12401219.494548887,5385624.01021445,12401219.494548887,5385624.01021445,0.06973191966015455,0.06830359325976323,0,0,0,0,0,0,0.1391414604477198,0.20530306014786912,39371329.71122014,49262110.349019885,0,,17.7126658110662,15.499243926872781,-2.2134218841934175,0.6761685253026158,0.16893487502984567,0,0,0
VN,Viet Nam,P - 7229,Alloy Steel Wire,P - 8,Base metals and metal products,Production,19518073.043033447,72349483.83990976,19518073.043033447,72349483.83990976,0.47165560433998843,0.6866026415899472,0,1,0,1,0,1,0.1443888526752972,0.21107164172440784,5919589.626462992,11987267.634934353,1,,16.29935569746072,18.097018890628163,1.7976631931674447,1.9084285805196861,0.13152362908883733,0,0,0
VN,Viet Nam,P - 7301,Steel Sheet Piling,P - 8,Base metals and metal products,Production,19121583.70601521,1867207.3381785413,19121583.70601521,1867207.3381785413,0.4546018645212633,0.32591837873053453,0,0,0,0,0,0,0.1511887871068167,0.22041417473305183,6154389.58865946,9969783.143524919,0,,16.115069491104336,14.439955006109932,-1.6751144849944044,-0.04112833065624099,0.16508946147786982,0,0,0
VN,Viet Nam,P - 7302,Railway Track Materials,P - 8,Base metals and metal products,Production,1687022.5333655041,147919.39301177306,1687022.5333655041,147919.39301177306,0.03742818274877974,0.004701626643517153,0,0,0,0,0,0,0.14016062634831575,0.20333169304411927,11136887.357693864,18169559.649341114,0,,16.715258260076773,11.904429522978603,-4.81082873709817,1.9279134932415731,0.12682357242415263,0,0,0
VN,Viet Nam,P - 7303,Cast Iron Pipes,P - 8,Base metals and metal products,Production,8764106.329984574,5698333.193322284,8764106.329984574,5698333.193322284,0.31662474387169853,0.13223785771436447,0,0,0,0,0,0,0.14378365953140404,0.2063282684578779,4124191.498201005,6859597.693290462,0,,15.741159498470564,15.5556844433068,-0.1854750551637636,0.12103211812722733,0.1349870161575325,0,0,0
VN,Viet Nam,P - 7304,Seamless Steel Pipes,P - 8,Base metals and metal products,Production,91213613.1370714,17658432.2405488,91213613.1370714,17658432.2405488,0.2084972509527907,0.05248151084926917,0,0,0,0,0,0,0.13957950357323354,0.1980834082461889,79529757.51226726,107986313.88482015,0,,18.49751506303015,16.686724031228696,-1.810791031801454,0.7120630473836393,0.17614349741964463,0,0,0
VN,Viet Nam,P - 7305,Large Welded Pipes,P - 8,Base metals and metal products,Production,17467112.434928786,9692933.752343766,17467112.434928786,9692933.752343766,0.11989603914843701,0.16979276728498946,0,0,0,0,0,0,0.13110593431436712,0.20406267445058696,25149537.333648022,37965201.8472684,0,,17.4521805836224,16.086907802031863,-1.3652727815905372,1.1825530271249751,0.1318210278875317,0,0,0
VN,Viet Nam,P - 7306,Other Steel Pipes,P - 8,Base metals and metal products,Production,335877935.9369871,316626432.3891637,335877935.9369871,316626432.3891637,0.5782833805007551,0.5635203936744265,1,1,1,1,1,1,0.1642827553257299,0.2375509951054098,72812744.60628982,138171429.19236064,,0,18.744005719940855,19.57323319336363,0.829227473422776,-1.1584155873850117,0.22765046737136307,0,0,0
VN,Viet Nam,P - 7307,Pipe Fittings,P - 8,Base metals and metal products,Production,86792943.00487569,176811345.70664325,86792943.00487569,176811345.70664325,0.309419160742061,0.4430123818346212,0,0,0,0,0,0,0.1524850669049542,0.21820395822237992,52842406.79966302,90225779.7439703,0,,18.31782576175544,18.99059388431348,0.6727681225580397,1.3511903780850458,0.18661162802191908,0,0,0
VN,Viet Nam,P - 7308,Steel Structures,P - 8,Base metals and metal products,Production,173623923.15528727,586180668.6797286,173623923.15528727,586180668.6797286,0.25890798456056013,0.4767112688560267,0,0,0,0,0,0,0.1624038807991967,0.23563191304333736,151337523.60775766,327384061.87819505,0,,19.6066445438857,20.18913861005718,0.5824940661714813,-0.055160799678194865,0.23079244230889356,0,0,0
VN,Viet Nam,P - 7309,Large Steel Containers,P - 8,Base metals and metal products,Production,35490131.92726823,17451595.676412728,35490131.92726823,17451595.676412728,0.44955395591482417,0.3314741761338176,0,0,0,0,0,0,0.15713050291101133,0.22354766701957088,11678501.593557607,20887391.250711836,0,,16.85465629331889,16.67494170250779,-0.17971459081109842,-0.14020659496926816,0.24952536958340837,0,0,0
VN,Viet Nam,P - 7310,Small Steel Containers,P - 8,Base metals and metal products,Production,9724502.047546713,15653629.099740248,9724502.047546713,15653629.099740248,0.13171639862662907,0.12644544251812723,0,0,0,0,0,0,0.15893030145348586,0.22990976291192008,18255339.604401544,33980292.920393795,0,,17.341291323976236,16.566213403307945,-0.7750779206682914,-0.5443496193738844,0.25126372610510045,0,0,0
VN,Viet Nam,P - 7311,Gas Containers,P - 8,Base metals and metal products,Production,5101819.724978367,15804383.125110667,5101819.724978367,15804383.125110667,0.1191817883659016,0.25783985186416036,0,0,0,0,0,0,0.15893833790664633,0.20349010374788346,10269095.409970444,19054823.576105196,0,,16.76283088606064,16.5757979357806,-0.18703295028004163,-0.9808262069864073,0.24817464079189566,0,0,0
VN,Viet Nam,P - 7312,Steel Wire Rope,P - 8,Base metals and metal products,Production,215617731.65369043,310789276.63367933,215617731.65369043,310789276.63367933,0.7567754555732059,0.7903393587399317,1,1,1,1,1,1,0.15672552944083495,0.2216889730745608,19754858.376702253,35079767.10065339,,0,17.3731351148607,19.554625676614517,2.1814905617538187,0.8825082636576496,0.18534214235509427,0,0,0
VN,Viet Nam,P - 7314,Steel Wire Mesh,P - 8,Base metals and metal products,Production,13461642.099822383,51918642.93769824,13461642.099822383,51918642.93769824,0.21345172553798264,0.383793550177777,0,0,0,0,0,0,0.16362683968877828,0.2270678978250489,15875992.169588177,31463022.188194826,0,,17.264323547232856,17.765188511715827,0.5008649644829717,-0.5237510444297262,0.21639541287177746,0,0,0
VN,Viet Nam,P - 7315,Steel Chain,P - 8,Base metals and metal products,Production,16953327.12664837,13404566.68635162,16953327.12664837,13404566.68635162,0.2504864246593476,0.1907905078525605,0,0,0,0,0,0,0.14907242249070426,0.20983156063140035,14215457.040749874,25367417.469160885,0,,17.048976171142268,16.41110607895323,-0.6378700921890363,1.5399417312056514,0.1562138179636841,0,0,0
VN,Viet Nam,P - 7317,Nails and Fasteners,P - 8,Base metals and metal products,Production,33253767.669368353,5929367.998147226,33253767.669368353,5929367.998147226,0.5655727261320692,0.21416333062087642,1,0,1,0,0,0,0.16325420989745867,0.23550956856098632,8166717.90278452,19686543.438933197,,1,16.795445936937057,15.595428356905256,-1.2000175800318011,-1.6805000069184037,0.1885713194150857,0,0,0
VN,Viet Nam,P - 7318,Screws and Bolts,P - 8,Base metals and metal products,Production,321931323.3971237,415322159.6989197,321931323.3971237,415322159.6989197,0.5164854700368108,0.4839642984233535,1,0,1,0,0,0,0.1486528364540346,0.21488101546296753,82930129.66505444,189979743.30616152,,1,19.062428015526688,19.844565067877856,0.7821370523511675,1.9029573571875555,0.15789529497566726,0,0,0
VN,Viet Nam,P - 7320,Steel Springs,P - 8,Base metals and metal products,Production,6619040.506958931,11327329.12005532,6619040.506958931,11327329.12005532,0.09380293414562374,0.13050455814845677,0,0,0,0,0,0,0.15080724016315447,0.21807434466991754,18334697.213594366,35516556.590747915,0,,17.385509556716823,16.242728958284978,-1.1427805984318447,1.699128122876379,0.16141213092305934,0,0,0
VN,Viet Nam,P - 7321,Steel Stoves and Ranges,P - 8,Base metals and metal products,Production,27301876.620733295,114305935.66478042,27301876.620733295,114305935.66478042,0.21736717600812713,0.40021669832472756,0,0,0,0,0,0,0.1606840390844366,0.22641434870511265,29312519.77831375,54523520.27065666,0,,17.81414274947617,18.55438906674065,0.7402463172644822,0.33555796080275907,0.17881149438664484,0,0,0
VN,Viet Nam,P - 7322,Steel Radiators,P - 8,Base metals and metal products,Production,159449.37580647654,15895797.97407777,159449.37580647654,15895797.97407777,0.004723671854018574,0.25535519835848225,0,0,0,0,0,0,0.14896806447389774,0.21536385193971258,8926310.599389074,15336618.631639432,0,,16.545753966623767,16.581565416812598,0.03581145018883092,1.9017233211168603,0.150817953298771,0,0,0
VN,Viet Nam,P - 7323,Steel Household Items,P - 8,Base metals and metal products,Production,69481387.38500433,118378605.56474005,69481387.38500433,118378605.56474005,0.4009431425860526,0.3602765877683923,0,0,0,0,0,0,0.15599435102047746,0.21205333631531328,32137819.462686516,76269028.4510557,0,,18.149777508886462,18.589398576290368,0.4396210674039054,-0.0853755799750747,0.1326318406560108,0,0,0
VN,Viet Nam,P - 7324,Steel Sanitary Ware,P - 8,Base metals and metal products,Production,1352419.530836815,77651430.58244538,1352419.530836815,77651430.58244538,0.0396423028052335,0.611230198614344,0,1,0,1,0,0,0.15409997061894434,0.2181220410305791,9391676.446753155,21165165.49160408,1,,16.867867298270696,18.16774054373732,1.2998732454666246,1.2806471621429827,0.13393606076291525,0,0,0
VN,Viet Nam,P - 7325,Cast Iron Articles,P - 8,Base metals and metal products,Production,24731425.34355393,31444822.106362678,24731425.34355393,31444822.106362678,0.23778334502193973,0.31843080004936297,0,0,0,0,0,0,0.15758316511513903,0.22453303948827766,22044915.678751774,37971217.70936934,0,,17.452339028331544,17.263744920450602,-0.18859410788094166,0.585848958800116,0.18409278460673625,0,0,0
VN,Viet Nam,P - 7326,Other Steel Articles,P - 8,Base metals and metal products,Production,134748700.53214163,345782813.9189997,134748700.53214163,345782813.9189997,0.2329070538723774,0.33058584119782114,0,0,0,0,0,0,0.15821519882011542,0.22561481112074872,127591221.73339503,302020565.7370997,0,,19.5260056747988,19.661321433388032,0.13531575858923262,0.5778134189035871,0.21852126027362598,0,0,0
VN,Viet Nam,P - 7402,Unrefined Copper,P - 8,Base metals and metal products,Production,454797.55453840346,11615888.31501588,454797.55453840346,11615888.31501588,0.005945578303232988,0.04963319693723269,0,0,0,0,0,0,0.06164546879262518,0.11062786728160859,7203074.611827374,29105995.184046388,0,,17.186454765350007,16.267884487335326,-0.9185702780146805,-6.228066580093951,0.10618965503090039,0,0,0
VN,Viet Nam,P - 7403,Refined Copper,P - 8,Base metals and metal products,Production,602290.680453984,103712494.17092197,602290.680453984,103712494.17092197,0.0009342542425259092,0.08940123083123654,0,0,0,0,0,0,0.11130900036940733,0.1236879784718168,108718292.63327527,117965401.35923651,0,,18.58590193909286,18.457133159392516,-0.12876877970034428,-3.4510138681765845,0.16344640067301802,0,0,0
VN,Viet Nam,P - 7404,Copper Scrap,P - 8,Base metals and metal products,Production,12673195.425898999,60768075.64614043,12673195.425898999,60768075.64614043,0.05588582514869424,0.14950001922273187,0,0,0,0,0,0,0.1211545476303784,0.1769444390780168,36815659.93080746,68154810.19213201,0,,18.03729231071154,17.9225751538845,-0.11471715682703731,-3.0664326650313734,0.38456774752269196,0,0,0
VN,Viet Nam,P - 7407,Copper Bars and Rods,P - 8,Base metals and metal products,Production,2207236.0010612723,6678635.917516819,2207236.0010612723,6678635.917516819,0.03352886411139492,0.12005217239110819,0,0,0,0,0,0,0.15022004634764682,0.2158955136258994,17264649.215320442,26906497.455729157,0,,17.10787839367663,15.714424470426975,-1.3934539232496537,0.9572221991031915,0.16040460591126474,0,0,0
VN,Viet Nam,P - 7408,Copper Wire,P - 8,Base metals and metal products,Production,30008485.220052943,312845860.4764946,30008485.220052943,312845860.4764946,0.12684297801105823,0.524687338418053,0,1,0,1,0,0,0.13598877674848703,0.21740904285116885,43096561.20422457,110685277.70140584,1,,18.522201405108607,19.561221171861806,1.0390197667531993,-0.4097162181885188,0.14291686316799904,0,0,0
VN,Viet Nam,P - 7409,Copper Sheets,P - 8,Base metals and metal products,Production,1159131.5725794388,1800455.2628430943,1159131.5725794388,1800455.2628430943,0.0143789253337024,0.089858556712106,0,0,0,0,0,0,0.14326527331271618,0.2008338326523767,20644348.162651792,38753337.35544637,0,,17.47272746116113,14.403550670103204,-3.0691767910579273,0.6732884303613942,0.11819319859947222,0,0,0
VN,Viet Nam,P - 7410,Copper Foil,P - 8,Base metals and metal products,Production,958425.6956270668,2851869.965749862,958425.6956270668,2851869.965749862,0.02298611429390631,0.04163760344742935,0,0,0,0,0,0,0.13021939275979963,0.1793266652629179,9597295.524750182,19318014.6497098,0,,16.7765486718313,14.863485816067094,-1.9130628557642062,2.0157265412498058,0.08485871561192933,0,0,0
VN,Viet Nam,P - 7411,Copper Tubes,P - 8,Base metals and metal products,Production,125340161.72414392,694131987.5151455,125340161.72414392,694131987.5151455,0.6330868777252786,0.8722582816127814,1,1,1,1,0,1,0.14870816611519022,0.21932479947648548,19459580.668391354,40870288.73355326,,0,17.525913944665156,20.358172685568494,2.832258740903338,1.3380662463640003,0.12375840554980506,0,0,0
VN,Viet Nam,P - 7412,Copper Pipe Fittings,P - 8,Base metals and metal products,Production,22858210.94058309,51835344.32979496,22858210.94058309,51835344.32979496,0.36002650391384117,0.4701610104007472,0,0,0,0,0,0,0.14819124289996513,0.21359978944869915,11126744.7132245,25223332.052871414,0,,17.04328003888345,17.7635828168141,0.7203027779306517,2.2767390184492347,0.14337798232745327,0,0,0
VN,Viet Nam,P - 7413,Copper Cable,P - 8,Base metals and metal products,Production,5419960.85701479,26894277.026942674,5419960.85701479,26894277.026942674,0.21437951920031734,0.5641345978662399,0,1,0,1,0,0,0.14551397384433104,0.22122078934380324,4808106.212850996,12982676.402313575,1,,16.379126519333887,17.10742410919244,0.7282975898585526,0.15250474189921215,0.14088714950955603,0,0,0
VN,Viet Nam,P - 7419,Other Copper Articles,P - 8,Base metals and metal products,Production,7000171.692255165,423573.07769552304,7000171.692255165,423573.07769552304,0.16996887731382948,0.2395970147412774,0,0,0,0,0,0,0.14915150921350534,0.21163457608580818,9241602.398435209,2218886.7172997706,0,,14.612516600048526,12.956483695594963,-1.6560329044535624,1.3407302912220322,0.15668420991434492,0,0,0
VN,Viet Nam,P - 7501,Nickel Intermediates,P - 8,Base metals and metal products,Production,0.0,326453.7969045448,0.0,326453.7969045448,0.0,0.004160144581833388,0,0,0,0,0,0,0.07922465202403642,0.07435541761870758,6460446.341386134,21419063.89496023,0,,16.87979196633347,12.696046770654608,-4.183745195678863,-4.117482591916191,0.05893958041526177,0,0,0
VN,Viet Nam,P - 7502,Unwrought Nickel,P - 8,Base metals and metal products,Production,0.0,3463195.3184617274,0.0,3463195.3184617274,0.0,0.008802507890989412,0,0,0,0,0,0,0.10764335004522199,0.16794490835341025,17122659.49608178,38845761.37316377,0,,17.475109552204803,15.057702512064104,-2.4174070401406986,1.2404100915559897,0.09313047859812115,0,0,0
VN,Viet Nam,P - 7505,Nickel Bars and Wire,P - 8,Base metals and metal products,Production,16826.96293443814,3343170.801528629,16826.96293443814,3343170.801528629,0.0005348677399945178,0.05356727555723659,0,0,0,0,0,0,0.1262713748966962,0.18296817121670206,6276467.836934866,16506958.228330588,0,,16.619292621364224,15.022430555505203,-1.5968620658590211,3.437626637361301,0.08670396382983213,0,0,0
VN,Viet Nam,P - 7506,Nickel Sheets,P - 8,Base metals and metal products,Production,18807.536674197363,48302.429813609684,18807.536674197363,48302.429813609684,0.0013428875183153562,0.014054511414296209,0,0,0,0,0,0,0.12832515688237528,0.17920166308967533,2941686.1774491435,7429330.493609334,0,,15.820946438703828,10.78525784775327,-5.035688590950558,3.6645161687696777,0.07891505190568603,0,0,0
VN,Viet Nam,P - 7507,Nickel Tubes,P - 8,Base metals and metal products,Production,0.0,93810.30141328623,0.0,93810.30141328623,0.0,0.004999916289550306,0,0,0,0,0,0,0.12695032656231042,0.1872475740906375,2209784.1145595554,5502780.375437315,0,,15.520764227002175,11.449040611886856,-4.071723615115319,2.938243324821874,0.10454427163527591,0,0,0
VN,Viet Nam,P - 7508,Other Nickel Articles,P - 8,Base metals and metal products,Production,1211334.5159076797,569640.0638139514,1211334.5159076797,569640.0638139514,0.08423579491518218,0.315072595274935,0,0,0,0,0,0,0.1375427274227476,0.195716241946808,3026092.8347796034,11468109.456853807,0,,16.2550807376842,13.252761728851372,-3.0023190088328278,2.5090143785059023,0.11418237363054043,0,0,0
VN,Viet Nam,P - 7601,Unwrought Aluminum,P - 8,Base metals and metal products,Production,31819584.31437253,485194610.7659269,31819584.31437253,485194610.7659269,0.06903535956033904,0.4051266333184856,0,1,0,0,0,1,0.13066443968729605,0.20629617887654883,61576464.22257361,177192896.82728356,1,,18.99274951535056,20.000060629790987,1.0073111144404265,-1.7375052982066295,0.20967257146595616,0,0,0
VN,Viet Nam,P - 7602,Aluminum Scrap,P - 8,Base metals and metal products,Production,39592859.30135564,34821221.73441519,39592859.30135564,34821221.73441519,0.2508108931262032,0.1634931624403461,0,0,0,0,0,0,0.11045619955985192,0.17692142206260003,17177447.706798054,44529022.867635354,0,,17.61165175627692,17.365737607552653,-0.24591414872426753,-2.5990831533350436,0.3693571800983138,0,0,0
VN,Viet Nam,P - 7604,Aluminum Bars,P - 8,Base metals and metal products,Production,81096499.54072894,166293027.69516674,81096499.54072894,166293027.69516674,0.35039798521176685,0.4302423233279259,0,0,0,0,0,0,0.1633526466311366,0.23534626058860686,44228041.441168815,105361143.62283516,0,,18.472904479262414,18.92926202323137,0.4563575439689558,-0.24484028378256592,0.22802376591189946,0,0,0
VN,Viet Nam,P - 7605,Aluminum Wire,P - 8,Base metals and metal products,Production,2346136.792420188,20492313.822360866,2346136.792420188,20492313.822360866,0.06314767081199986,0.25516134954071845,0,0,0,0,0,0,0.1275801875542963,0.20505934888584063,5262176.33031911,19467332.96067395,0,,16.784248437344583,16.835560487106942,0.051312049762358924,-0.42517857255871977,0.1486430040725142,0,0,0
VN,Viet Nam,P - 7606,Aluminum Sheets,P - 8,Base metals and metal products,Production,25893609.553229332,14434360.979266131,25893609.553229332,14434360.979266131,0.0833389638346184,0.027372218938585394,0,0,0,0,0,0,0.14534550529075957,0.2136182534489535,72577800.62981309,150637957.96403307,0,,18.830389893124416,16.485122170536435,-2.3452677225879803,1.1300398130818432,0.15913879920706278,0,0,0
VN,Viet Nam,P - 7607,Aluminum Foil,P - 8,Base metals and metal products,Production,7303674.305649244,17667819.404487792,7303674.305649244,17667819.404487792,0.05780873101995933,0.10652850371310515,0,0,0,0,0,0,0.1494627898730028,0.21562318933935282,31029294.49003775,62990249.06349232,0,,17.958490511482157,16.687255486630352,-1.271235024851805,0.9532413215889952,0.16651937037458583,0,0,0
VN,Viet Nam,P - 7608,Aluminum Tubes,P - 8,Base metals and metal products,Production,8075390.038060841,16686746.275307149,8075390.038060841,16686746.275307149,0.25781113325520105,0.5201959260176107,0,1,0,1,0,0,0.15205754326174808,0.22551070402073564,6682433.842207829,12685706.703564143,1,,16.355986540043762,16.630125386009688,0.2741388459659255,0.4915352242977479,0.16898060514726512,0,0,0
VN,Viet Nam,P - 7610,Aluminum Structures,P - 8,Base metals and metal products,Production,39270597.68958892,204833882.4714179,39270597.68958892,204833882.4714179,0.27352989583483334,0.5589873694713346,0,1,0,1,0,0,0.16240233226510378,0.23324184083557564,31624789.57171652,94129348.42960005,1,,18.36018045209614,19.137709884082625,0.7775294319864834,0.4362746756484303,0.22679979422755717,0,0,0
VN,Viet Nam,P - 7612,Small Aluminum Containers,P - 8,Base metals and metal products,Production,53184495.4142006,59470961.45496299,53184495.4142006,59470961.45496299,0.5285632021174412,0.4375459026469044,1,1,1,0,0,1,0.16012299339521643,0.22935175534627844,13615866.303034937,30506175.64537,,0,17.23343973403761,17.90099872542542,0.6675589913878106,-0.07382719335774013,0.22162888943333595,0,0,0
VN,Viet Nam,P - 7614,Aluminum Cable,P - 8,Base metals and metal products,Production,2570852.245757473,11979269.209513493,2570852.245757473,11979269.209513493,0.12180471856895102,0.30263770200330237,0,0,0,0,0,0,0.1555525589654864,0.23503526469371872,4886523.191311186,10702828.750955654,0,,16.186018727174172,16.298688231393157,0.11266950421898514,-1.5385872379753947,0.142228480761761,0,0,0
VN,Viet Nam,P - 7615,Aluminum Household Items,P - 8,Base metals and metal products,Production,31892028.784631938,75661575.09761462,31892028.784631938,75661575.09761462,0.37872325163784926,0.517427614904393,0,1,0,1,0,0,0.16155292421971898,0.22393070537664175,15742165.980293961,30611090.567203533,1,,17.23687297076286,18.14178100827144,0.9049080375085801,-0.5998162136091211,0.15435243154552472,0,0,0
VN,Viet Nam,P - 7616,Other Aluminum Articles,P - 8,Base metals and metal products,Production,45734591.03365681,221651920.64103988,45734591.03365681,221651920.64103988,0.22967542594368856,0.5176792809216068,0,1,0,1,0,0,0.1577452741610614,0.2277247523672318,44941759.66456399,104756643.191923,1,,18.467150543794823,19.216618788826935,0.7494682450321122,0.5939633715507704,0.1931770502859327,0,0,0
VN,Viet Nam,P - 7801,Unwrought Lead,P - 8,Base metals and metal products,Production,51546393.15772519,39006621.83913054,51546393.15772519,39006621.83913054,0.4448305900727964,0.2868009454967697,0,0,0,0,0,0,0.16688611600006148,0.2562019191980148,14595383.146039182,21253769.68604947,0,,16.872044881642754,17.479242006064712,0.6071971244219583,-4.175575776562594,0.28066224732354067,0,0,0
VN,Viet Nam,P - 7901,Unwrought Zinc,P - 8,Base metals and metal products,Production,7578088.759062533,5677993.520281455,7578088.759062533,5677993.520281455,0.0702766433363116,0.033667900213965894,0,0,0,0,0,0,0.12450712995153819,0.17937474384152602,17089822.08175325,39293158.44658156,0,,17.48656100180589,15.55210865093559,-1.9344523508702984,-0.10498606818268322,0.1371571036531159,0,0,0
VN,Viet Nam,P - 7907,Other Zinc Articles,P - 8,Base metals and metal products,Production,3966628.0868729064,6789777.877598432,3966628.0868729064,6789777.877598432,0.24562865952131996,0.32900513949459564,0,0,0,0,0,0,0.15775687767119745,0.2230883586888072,3746206.4503636993,6120332.129448115,0,,15.62712708592345,15.730928933113352,0.10380184718990293,0.34655025604061784,0.17164057039686562,0,0,0
VN,Viet Nam,P - 8001,Unwrought Tin,P - 8,Base metals and metal products,Production,49929034.694084056,251057.1560668232,49929034.694084056,251057.1560668232,0.4276570895428558,0.01878053451223351,0,0,0,0,0,0,0.18344661328487585,0.18828887081931503,37871381.69793581,28628525.087160017,0,,17.16991419433658,12.43343988875359,-4.736474305582991,-2.5880243675225643,0.10923098454675668,0,0,0
VN,Viet Nam,P - 8101,Tungsten and Articles,P - 8,Base metals and metal products,Production,8696512.524339803,3875998.2653058353,8696512.524339803,3875998.2653058353,0.41700498635750144,0.2135523475882366,0,0,0,0,0,0,0.13599194314969454,0.20000465548833637,2784118.38342341,4693500.1332615055,0,,15.361689372212549,15.170314062443198,-0.19137530976935047,1.6098162030259304,0.14004240073515395,0,0,0
VN,Viet Nam,P - 8102,Molybdenum and Articles,P - 8,Base metals and metal products,Production,824100.1667804555,99074.73548501218,824100.1667804555,99074.73548501218,0.09375113852454219,0.007456613514919639,0,0,0,0,0,0,0.10991588530280152,0.184923830427295,1416030.8350914873,4239597.10366489,0,,15.259979035844093,11.503639841548742,-3.756339194295352,2.1563418496520503,0.10006332629403732,0,0,0
VN,Viet Nam,P - 8104,Magnesium and Articles,P - 8,Base metals and metal products,Production,222586.09915143836,420011.3858542357,222586.09915143836,420011.3858542357,0.011244570888621186,0.027910914840243273,0,0,0,0,0,0,0.135585977155873,0.19958680225391268,4591263.371576215,9552687.246119745,0,,16.072333164585835,12.948039479953858,-3.1242936846319775,2.700288987180397,0.10499715246942412,0,0,0
VN,Viet Nam,P - 8105,Cobalt and Articles,P - 8,Base metals and metal products,Production,99770.47885746091,221282.88438509966,99770.47885746091,221282.88438509966,0.004204934461020378,0.00494759403586168,0,0,0,0,0,0,0.10329801974569085,0.12441282466557901,2592760.6002935576,5386708.698860826,0,,15.499445311007111,12.307201700907111,-3.1922436101000002,-2.3612494026795425,0.09780637135430433,0,0,0
VN,Viet Nam,P - 8108,Titanium and Articles,P - 8,Base metals and metal products,Production,31222589.584690973,4870449.616102958,31222589.584690973,4870449.616102958,0.3819236185253187,0.08732874866729358,0,0,0,0,0,0,0.13091629900289084,0.19258336362150122,10984918.869835733,26583426.991949074,0,,17.09579857178045,15.398697019752145,-1.697101552028304,3.0006245107730467,0.10779645878372564,0,0,0
VN,Viet Nam,P - 8111,Manganese and Articles,P - 8,Base metals and metal products,Production,4845237.821486192,165408.8947398854,4845237.821486192,165408.8947398854,0.345392134432261,0.007365532467620846,0,0,0,0,0,0,0.11354509276055649,0.14185143723229435,1698877.1654069524,3259797.9450817597,0,,14.997176078153212,12.01618188287723,-2.980994195275981,1.4012949430560857,0.05956886544753952,0,0,0
VN,Viet Nam,P - 8112,Other Rare Metals,P - 8,Base metals and metal products,Production,126099.3419125873,0.0,126099.3419125873,0.0,0.007514887637906757,0.004994935252104356,0,0,0,0,0,0,0.11348496168087331,0.16226433404695545,2572001.337290228,5968232.570115922,0,,15.601961557183666,0.0,-15.601961557183666,1.7861755453858617,0.11384944470475704,0,0,0
VN,Viet Nam,P - 8201,Agricultural Hand Tools,P - 8,Base metals and metal products,Production,15576015.888554806,39054873.5628835,15576015.888554806,39054873.5628835,0.5173779352875602,0.641486536239361,1,1,1,1,0,0,0.15013179673447338,0.21390949680401367,4030903.6016273065,9997929.782210562,,0,16.11788870776811,17.48047825521453,1.3625895474464187,0.6387066753519531,0.15088285749160546,0,0,0
VN,Viet Nam,P - 8202,Hand Saws,P - 8,Base metals and metal products,Production,1546188.6513879206,47714235.420793824,1546188.6513879206,47714235.420793824,0.03824443846833338,0.4149893413004064,0,0,0,0,0,0,0.14524893985065307,0.20329546501239326,10415026.491480496,20810555.676771447,0,,16.850970948457558,17.68074036878799,0.8297694203304324,2.45786992201003,0.13688816124898717,0,0,0
VN,Viet Nam,P - 8203,Hand Tools and Pliers,P - 8,Base metals and metal products,Production,10087375.445192946,55319155.751112066,10087375.445192946,55319155.751112066,0.3316735103382723,0.5939556412581223,0,1,0,1,0,0,0.14863173461363374,0.21181662407820517,5711583.633948988,12773855.255831024,1,,16.362911160169762,17.82862982153388,1.465718661364118,1.4954252951072629,0.14217140917210644,0,0,0
VN,Viet Nam,P - 8204,Wrenches and Spanners,P - 8,Base metals and metal products,Production,2596903.59634933,45468310.24044841,2596903.59634933,45468310.24044841,0.11222602293606054,0.4649234593208083,0,0,0,0,0,0,0.13968881525802335,0.2009933364773771,4902501.589408712,12675643.16576315,0,,16.3551929279066,17.632526185028976,1.2773332571223754,1.7902877541665152,0.14347497141801385,0,0,0
VN,Viet Nam,P - 8205,Other Hand Tools,P - 8,Base metals and metal products,Production,20562280.690044355,51527148.80392525,20562280.690044355,51527148.80392525,0.2565292771769569,0.3398066669115873,0,0,0,0,0,0,0.14469496825870623,0.2031431966163662,14107373.36600394,33600174.326134615,0,,17.330041842959538,17.757619407381803,0.4275775644222648,0.7348943826896637,0.18898377435375632,0,0,0
VN,Viet Nam,P - 8207,Interchangeable Tools,P - 8,Base metals and metal products,Production,23733983.29491603,96145629.55696625,23733983.29491603,96145629.55696625,0.09710482642593277,0.26865204017595945,0,0,0,0,0,0,0.14587394051063104,0.21094760626181605,53113894.065964445,89987480.86411765,0,,18.31518112822188,18.38137458494114,0.06619345671925814,1.4428806161177485,0.18187286627799712,0,0,0
VN,Viet Nam,P - 8208,Machine Knife Blades,P - 8,Base metals and metal products,Production,19226772.536579475,31688045.176058043,19226772.536579475,31688045.176058043,0.42445552138016784,0.47446239535959484,0,0,0,0,0,0,0.14897790432438332,0.21586202247606562,6965891.402036225,15343545.441954397,0,,16.54620551635893,17.271450075492435,0.7252445591335039,1.5398567691784528,0.17221714068627,0,0,0
VN,Viet Nam,P - 8209,Tool Tips,P - 8,Base metals and metal products,Production,131246.51223893015,3287123.4298695563,131246.51223893015,3287123.4298695563,0.0019397399655773527,0.03878159303444817,0,0,0,0,0,0,0.1326635003507199,0.1928310507693951,15463176.163946953,23210156.256319538,0,,16.960100553596885,15.005523707077284,-1.9545768465196005,3.2480905017321744,0.10619879353036357,0,0,0
VN,Viet Nam,P - 8211,Knives and Blades,P - 8,Base metals and metal products,Production,17800111.563145045,45049431.56256206,17800111.563145045,45049431.56256206,0.43981410138605204,0.5634817364879449,0,1,0,1,0,0,0.14818496441721535,0.21137005736794412,6422078.753856821,13779657.067603983,1,,16.438704009570223,17.6232709462137,1.1845669366434777,2.1028626872366565,0.12388898023191396,0,0,0
VN,Viet Nam,P - 8212,Razors,P - 8,Base metals and metal products,Production,44871244.48452334,193653377.6570321,44871244.48452334,193653377.6570321,0.47091504750282254,0.793323505583649,0,1,0,1,0,1,0.14643658299820722,0.22156970013165994,12999305.900517333,21486883.630669817,1,,16.88295328978356,19.081580411007703,2.198627121224142,0.44588203262118925,0.1442763474142554,0,0,0
VN,Viet Nam,P - 8215,Tableware,P - 8,Base metals and metal products,Production,128427995.41982152,131380921.07190228,128427995.41982152,131380921.07190228,0.8161564159274215,0.7902227753110422,1,1,1,1,1,1,0.1588281178139999,0.20811022978935473,9587916.62631332,17268165.494218607,,0,16.664375277388796,18.69361146376219,2.0292361863733923,1.48229929832183,0.09514612627008777,0,0,0
VN,Viet Nam,P - 8301,Locks and Keys,P - 8,Base metals and metal products,Production,7279527.5558033995,184647099.6532232,7279527.5558033995,184647099.6532232,0.058014460195603745,0.5409098977819358,0,1,0,1,0,0,0.15421061089375196,0.22316497537252936,35526434.8821945,70527494.70171624,1,,18.071513201701805,19.033956997288627,0.9624437955868217,1.2895821893301755,0.1599795147783974,0,0,0
VN,Viet Nam,P - 8302,Furniture Hardware,P - 8,Base metals and metal products,Production,81743219.64999822,311255184.36498505,81743219.64999822,311255184.36498505,0.2311819722606972,0.40878177484744677,0,0,0,0,0,0,0.15616515445550244,0.22266277540960785,81239043.8133665,179785294.38323635,0,,19.007273893471808,19.5561236654116,0.5488497719397927,1.069961483526502,0.17434534383449707,0,0,0
VN,Viet Nam,P - 8303,Safes,P - 8,Base metals and metal products,Production,7228636.201797759,16226435.02098649,7228636.201797759,16226435.02098649,0.37511248347504006,0.4941821638189055,0,0,0,0,0,0,0.15626167468339724,0.2210811888779211,3612744.754625413,6717342.631444225,0,,15.720203341410636,16.602152323324322,0.8819489819136859,1.2567900459866448,0.1511027182589488,0,0,0
VN,Viet Nam,P - 8305,Stationery Hardware,P - 8,Base metals and metal products,Production,5026397.535436274,3962545.332449897,5026397.535436274,3962545.332449897,0.342533319145947,0.29082041955824994,0,0,0,0,0,0,0.15207582289129443,0.21303127925303586,2907599.274872988,4051936.3492672173,0,,15.21470568254984,15.192397389831148,-0.022308292718690836,0.9408300060313379,0.1273479376197243,0,0,0
VN,Viet Nam,P - 8306,Decorative Metal Items,P - 8,Base metals and metal products,Production,6122464.136942622,7007957.878207218,6122464.136942622,7007957.878207218,0.21290940873745812,0.1773665144402958,0,0,0,0,0,0,0.1541442438977983,0.1971851677800746,7112371.94620081,12574983.61355616,0,,16.347220050375267,15.76255704374542,-0.5846630066298459,0.023897375935763528,0.13714315245711692,0,0,0
VN,Viet Nam,P - 8307,Flexible Metal Tubing,P - 8,Base metals and metal products,Production,4191473.3274078425,30837640.747349963,4191473.3274078425,30837640.747349963,0.166487713613346,0.4590700031751277,0,0,0,0,0,0,0.14708313864267536,0.21603000018139015,5714453.901982567,13126014.319364483,0,,16.390106721115878,17.244246636399374,0.854139915283497,1.6077548826967818,0.15972309161427478,0,0,0
VN,Viet Nam,P - 8308,Clothing Hardware,P - 8,Base metals and metal products,Production,8430173.367053512,29508983.29724564,8430173.367053512,29508983.29724564,0.23611780892579332,0.4204045789523343,0,0,0,0,0,0,0.15309746088125675,0.22047009931565184,8105521.648153841,20892522.895592783,0,,16.854901944597305,17.20020532739237,0.3453033827950662,1.1966484738838865,0.149532825907931,0,0,0
VN,Viet Nam,P - 8309,Bottle Caps and Closures,P - 8,Base metals and metal products,Production,17239904.64532442,28366987.124013852,17239904.64532442,28366987.124013852,0.21599216171633204,0.2721941730556193,0,0,0,0,0,0,0.15978841993996296,0.22344573242627233,18052027.278434522,43679080.710523464,0,,17.59237986606921,17.160736637032688,-0.43164322903652064,-0.16310559251051848,0.2120026130230971,0,0,0
VN,Viet Nam,P - 8311,Welding Materials,P - 8,Base metals and metal products,Production,53621833.95270381,79157819.31786886,53621833.95270381,79157819.31786886,0.6067912851585691,0.6773994302927072,1,1,1,1,1,1,0.15438263615008968,0.22045615365260746,9437244.773218317,15677893.545452144,,0,16.567762287432647,18.18695414317387,1.6191918557412244,0.6186873591755093,0.19263310528021393,0,0,0
VN,Viet Nam,P - 8401,Nuclear Reactors,P - 9,Machinery and transportation,Production,0.0,0.0,0.0,0.0,0.0,0.0,0,0,0,0,0,0,0.11263512903557517,0.14750232419919443,9038770.452471823,9625408.695448758,0,,16.079917002993135,0.0,-16.079917002993135,2.551888976215109,0.06655508385606072,0,0,0
VN,Viet Nam,P - 8402,Steam Boilers,P - 9,Machinery and transportation,Production,238714697.22374693,117579622.80641565,238714697.22374693,117579622.80641565,0.7572477086264752,0.7140929286466933,1,1,1,1,1,1,0.1522722774133301,0.2232164605822099,22591448.51748126,20668786.841651157,,0,16.84413528657364,18.5826263114641,1.738491024890461,0.24792833544980195,0.17899363518847003,0,0,0
VN,Viet Nam,P - 8403,Heating Boilers,P - 9,Machinery and transportation,Production,3992148.681689005,188258.51778322094,3992148.681689005,188258.51778322094,0.0507199659861535,0.0037287615100849024,0,0,0,0,0,0,0.15042901932696973,0.21755290515071274,21015391.3582974,33747223.31916909,0,,17.334408729505732,12.14557670365748,-5.188832025848251,1.5875403542554443,0.1449235545614817,0,0,0
VN,Viet Nam,P - 8404,Boiler Auxiliaries,P - 9,Machinery and transportation,Production,6540759.833527115,8006430.54675029,6540759.833527115,8006430.54675029,0.20364591890148512,0.3170305553555214,0,0,0,0,0,0,0.14819368290256252,0.21723050547801487,7052919.361882689,6653564.05405169,0,,15.71066336733629,15.895755719998546,0.18509235266225588,2.2434546290657518,0.1588196089493006,0,0,0
VN,Viet Nam,P - 8405,Gas Generators,P - 9,Machinery and transportation,Production,122988.66989084505,226446.72417520027,122988.66989084505,226446.72417520027,0.011995285070818826,0.02704186586327497,0,0,0,0,0,0,0.14416348297504242,0.21463658491610532,2372067.3738725847,3639718.206278171,0,,15.107417095505022,12.330269398923702,-2.77714769658132,0.3657828198566916,0.20067785597467105,0,0,0
VN,Viet Nam,P - 8406,Steam Turbines,P - 9,Machinery and transportation,Production,424570.8548318809,17239366.277373906,424570.8548318809,17239366.277373906,0.005392698824427418,0.20177422885259336,0,0,0,0,0,0,0.1378896926356836,0.20210092689915787,18679249.055927422,14239633.435988877,0,,16.471539791988587,16.662706121677946,0.19116632968935932,1.135900127199117,0.14294342153777517,0,0,0
VN,Viet Nam,P - 8407,Spark Ignition Engines,P - 9,Machinery and transportation,Production,11562288.766280783,132079346.35138729,11562288.766280783,132079346.35138729,0.0243612071596319,0.15547968736996323,0,0,0,0,0,0,0.13450569440110427,0.2003181409165063,100083483.27402025,202507097.0138781,0,,19.126285495816948,18.698913416251003,-0.42737207956594503,1.185522695300493,0.1386667837845085,0,0,0
VN,Viet Nam,P - 8408,Diesel Engines,P - 9,Machinery and transportation,Production,8555599.503827067,533561.0659773522,8555599.503827067,533561.0659773522,0.01695369818792801,0.008809827387230506,0,0,0,0,0,0,0.13557931460259728,0.18389896589856206,119986949.44772953,159549782.25862008,0,,18.887866552233326,13.187330680309392,-5.700535871923934,2.2208886435875383,0.11893575065855153,0,0,0
VN,Viet Nam,P - 8409,Engine Parts,P - 9,Machinery and transportation,Production,98945563.03617816,192374665.6766746,98945563.03617816,192374665.6766746,0.1305003282157793,0.1800903619304342,0,0,0,0,0,0,0.14882902018857083,0.2167374234937102,174420602.8313426,303788885.6837107,0,,19.5318435664289,19.07495541744696,-0.45688814898193897,1.202609791631565,0.182195334144594,0,0,0
VN,Viet Nam,P - 8410,Water Turbines,P - 9,Machinery and transportation,Production,103153.38744012905,361849.08076196705,103153.38744012905,361849.08076196705,0.0052399486893859645,0.05139020258855475,0,0,0,0,0,0,0.14515999088193912,0.21009825964927467,4675502.694582563,4225597.5941063,0,,15.256671487816293,12.798985263486088,-2.457686224330205,1.0636800882988724,0.14784309441323065,0,0,0
VN,Viet Nam,P - 8411,Gas Turbines,P - 9,Machinery and transportation,Production,15929026.514360052,453492834.0615071,15929026.514360052,453492834.0615071,0.01593336136705363,0.19313085996228796,0,0,0,0,0,0,0.13266641852859845,0.19900853108461536,189899504.52535298,530989127.4588287,0,,20.090252105284435,19.932490028191804,-0.1577620770926309,1.5696317765507812,0.16094132705304287,0,0,0
VN,Viet Nam,P - 8412,Other Engines and Motors,P - 9,Machinery and transportation,Production,21173957.20076747,23541426.27486675,21173957.20076747,23541426.27486675,0.10389791726820514,0.07856582366240675,0,0,0,0,0,0,0.14628681019200515,0.21064728348993542,45792634.56848035,98596423.3435368,0,,18.406545554650968,16.974272289855847,-1.4322732647951213,1.2661930403113275,0.19769709004349542,0,0,0
VN,Viet Nam,P - 8413,Liquid Pumps,P - 9,Machinery and transportation,Production,52793853.88733993,187075230.51982087,52793853.88733993,187075230.51982087,0.07827256144551029,0.1948237055502741,0,0,0,0,0,0,0.1446672785523543,0.21158747049211996,151971530.81556672,297514020.3383348,0,,19.510971912388374,19.047021401507486,-0.46395051088088834,1.5303008854735778,0.18305202947772173,0,0,0
VN,Viet Nam,P - 8414,Air Pumps and Compressors,P - 9,Machinery and transportation,Production,148402929.95039016,705315644.2836889,148402929.95039016,705315644.2836889,0.1740224670598073,0.38001757212437215,0,0,0,0,0,0,0.14956070251342674,0.215531535897455,191346629.79122028,400647859.7991221,0,,19.80859344684831,20.374155984384796,0.5655625375364863,1.6035645442271274,0.16585417626296467,0,0,0
VN,Viet Nam,P - 8415,Air Conditioning Equipment,P - 9,Machinery and transportation,Production,50804774.33782247,86195693.7718635,50804774.33782247,86195693.7718635,0.11034139009784488,0.1142831016158854,0,0,0,0,0,0,0.15316366100581885,0.21943649224051645,119529994.91353832,279884945.5471494,0,,19.4498891715001,18.272130789744693,-1.1777583817554067,1.5457221077354633,0.15958024804407323,0,0,0
VN,Viet Nam,P - 8416,Furnace Burners,P - 9,Machinery and transportation,Production,1506323.933280247,4862951.661843275,1506323.933280247,4862951.661843275,0.04737205082208126,0.1904255828888003,0,0,0,0,0,0,0.14727497987724264,0.21526773250539227,8085677.065727755,10535010.84260407,0,,16.170214729339783,15.397156354985936,-0.7730583743538464,1.8301424003643667,0.1641242599503286,0,0,0
VN,Viet Nam,P - 8417,Industrial Furnaces,P - 9,Machinery and transportation,Production,5157099.574553352,9484816.451256266,5157099.574553352,9484816.451256266,0.08850968016870749,0.11937244143063414,0,0,0,0,0,0,0.15090441488431763,0.2137923040235715,14673065.23043251,24737523.345192373,0,,17.023831853033652,16.065202915120317,-0.9586289379133355,1.7535554107478168,0.1577591286093491,0,0,0
VN,Viet Nam,P - 8418,Refrigeration Equipment,P - 9,Machinery and transportation,Production,93799030.03883842,260777830.1235446,93799030.03883842,260777830.1235446,0.1801897883191056,0.2796086738187667,0,0,0,0,0,0,0.16154777946778665,0.2243649385485818,129613545.19295257,284049263.68502927,0,,19.464658248282593,19.37917938104314,-0.08547886723945197,1.2266298973778653,0.1830991972825083,0,0,0
VN,Viet Nam,P - 8419,Heat Treatment Equipment,P - 9,Machinery and transportation,Production,215783809.67320132,64993584.244835205,215783809.67320132,64993584.244835205,0.3631197893965392,0.16109370670240544,0,0,0,0,0,0,0.1509360930594452,0.21785447978910355,101884633.39623849,218353204.09843343,0,,19.201624516507753,17.98979913444888,-1.2118253820588727,1.798988475432594,0.18485576449245175,0,0,0
VN,Viet Nam,P - 8420,Rolling Machines,P - 9,Machinery and transportation,Production,360883.3272822551,2158318.1929656966,360883.3272822551,2158318.1929656966,0.027841861741875782,0.09954781607970396,0,0,0,0,0,0,0.14372891183903896,0.20020277938974618,3176589.554084658,6918632.3603087105,0,,15.749728816805012,14.58484032533862,-1.1648884914663924,2.1261433469821704,0.1266358934781566,0,0,0
VN,Viet Nam,P - 8421,Centrifuges and Filters,P - 9,Machinery and transportation,Production,32483497.53419888,213003741.9230234,32483497.53419888,213003741.9230234,0.05540355465134301,0.15374635964132147,0,0,0,0,0,0,0.15115656553503376,0.22009845866332353,149710836.17737928,394602080.58260375,0,,19.793388426710198,19.176820295927868,-0.6165681307823299,1.406789393829667,0.1891381416435636,0,0,0
VN,Viet Nam,P - 8422,Packaging Machinery,P - 9,Machinery and transportation,Production,10669481.578461073,25408697.404540952,10669481.578461073,25408697.404540952,0.03579247204256198,0.06304824812101655,0,0,0,0,0,0,0.14654716574781906,0.21521199052381643,74177899.09809482,152810823.02320728,0,,18.844711270036026,17.050602130235486,-1.7941091398005398,1.4056000989327937,0.17695707666979532,0,0,0
VN,Viet Nam,P - 8423,Weighing Machines,P - 9,Machinery and transportation,Production,10268760.96776333,10419927.807810385,10268760.96776333,10419927.807810385,0.2054920844224454,0.16025251870979418,0,0,0,0,0,0,0.1466601726741095,0.20957467104393818,10294107.203648936,19814916.953801695,0,,16.801945643987537,16.159230762002277,-0.6427148819852597,1.4728420105794549,0.16256204819915882,0,0,0
VN,Viet Nam,P - 8424,Spraying Equipment,P - 9,Machinery and transportation,Production,22573366.028236654,206732663.3285918,22573366.028236654,206732663.3285918,0.11073346926433471,0.4367857443942278,0,0,0,0,0,0,0.1480152208072882,0.21655894555818173,46137055.34283253,99742468.57748139,0,,18.41810211792693,19.146937039881454,0.7288349219545225,1.5463059339145737,0.18548631117393596,0,0,0
VN,Viet Nam,P - 8425,Hoists and Winches,P - 9,Machinery and transportation,Production,25145856.969262026,12109542.075577054,25145856.969262026,12109542.075577054,0.23929127154854624,0.08484584458795869,0,0,0,0,0,0,0.14753997740124894,0.2076053427036578,20056351.12131682,33750182.80499745,0,,17.33449642134198,16.309504383651216,-1.0249920376907653,0.8616115884049591,0.19624462894167388,0,0,0
VN,Viet Nam,P - 8426,Cranes,P - 9,Machinery and transportation,Production,27596426.02785041,8807592.847843237,27596426.02785041,8807592.847843237,0.1414762327999668,0.0754055013366841,0,0,0,0,0,0,0.1430018286877879,0.20189337834296545,39114624.80346215,62736137.59315026,0,,17.95444821266047,15.991124844587056,-1.9633233680734143,0.3173647072223448,0.20494141893928,0,0,0
VN,Viet Nam,P - 8427,Fork-Lift Trucks,P - 9,Machinery and transportation,Production,2550420.7863419387,108770504.68755427,2550420.7863419387,108770504.68755427,0.01647186310599284,0.247698155619869,0,0,0,0,0,0,0.13553407068448423,0.1957228366290346,36061895.34413886,120552547.78923465,0,,18.607596305372795,18.50475076820471,-0.10284553716808631,2.4731480208010193,0.12771373608886136,0,0,0
VN,Viet Nam,P - 8428,Lifting Equipment,P - 9,Machinery and transportation,Production,18430074.351390816,40389056.33792002,18430074.351390816,40389056.33792002,0.06496880769238761,0.08051097017494856,0,0,0,0,0,0,0.151381726147878,0.21454385176394988,71154031.31627342,156333460.11228007,0,,18.86750185509145,17.514069448270455,-1.3534324068209962,1.816591056493622,0.1833607631870583,0,0,0
VN,Viet Nam,P - 8429,Earth Moving Equipment,P - 9,Machinery and transportation,Production,13071347.727335913,3972477.9954607887,13071347.727335913,3972477.9954607887,0.02984621039248133,0.014508088926347385,0,0,0,0,0,0,0.13064402778518033,0.16771718937163946,89771673.45981494,199793313.55826625,0,,19.112793962949567,15.194900889892759,-3.917893073056808,-0.21598184960306985,0.17253314450227908,0,0,0
VN,Viet Nam,P - 8430,Excavating Machinery,P - 9,Machinery and transportation,Production,9595022.962592864,76964559.74207258,9595022.962592864,76964559.74207258,0.058888877959677344,0.26642329783159646,0,0,0,0,0,0,0.1255855922624453,0.14955430272879688,25636225.812694255,32693732.967400473,0,,17.302693995713646,18.158855623767415,0.8561616280537692,-1.4157202638589739,0.23573928406924408,0,0,0
VN,Viet Nam,P - 8431,Machinery Parts,P - 9,Machinery and transportation,Production,75890696.00128157,203582311.31894672,75890696.00128157,203582311.31894672,0.1028095641341262,0.16384105522419146,0,0,0,0,0,0,0.14796093779560782,0.2150594239845934,155754098.18181932,277337367.9352821,0,,19.440745261460837,19.131580964205458,-0.30916429725537853,0.4954913771637529,0.23102514023860518,0,0,0
VN,Viet Nam,P - 8432,Soil Preparation Equipment,P - 9,Machinery and transportation,Production,6013102.067624633,7247369.814956455,6013102.067624633,7247369.814956455,0.06516409567743943,0.15855112329965557,0,0,0,0,0,0,0.15088790940540142,0.21451116887163604,23092247.876270622,49763560.98286259,0,,17.722793587090123,15.796149314845914,-1.926644272244209,1.5959225369604826,0.1773518919883227,0,0,0
VN,Viet Nam,P - 8433,Harvesting Equipment,P - 9,Machinery and transportation,Production,4926501.490103036,159317287.79362902,4926501.490103036,159317287.79362902,0.023138515914445414,0.3446067612572384,0,0,0,0,0,0,0.14557151184388414,0.2086791153924265,54162631.17016568,123909698.20884499,0,,18.635063626092716,18.886408298769307,0.25134467267659133,2.230076237995712,0.1611002124857615,0,0,0
VN,Viet Nam,P - 8434,Dairy Machinery,P - 9,Machinery and transportation,Production,63804.65258165206,126805.22578639656,63804.65258165206,126805.22578639656,0.0029288033055159127,0.006172116664005783,0,0,0,0,0,0,0.14943058089598532,0.21473189753709743,5775646.569766798,10258237.719488233,0,,16.143591718203588,11.750415419041737,-4.393176299161851,1.5617521871915863,0.16370167860982504,0,0,0
VN,Viet Nam,P - 8436,Agricultural Machinery,P - 9,Machinery and transportation,Production,2377887.1727235205,5959323.012399999,2377887.1727235205,5959323.012399999,0.0345499098454967,0.07787645320447963,0,0,0,0,0,0,0.14981229439553326,0.21182402989598803,18116943.498351686,38177514.155919924,0,,17.45775729179505,15.60046761187066,-1.857289679924392,1.9050907181426149,0.15925741916907338,0,0,0
VN,Viet Nam,P - 8437,Grain Processing Equipment,P - 9,Machinery and transportation,Production,36411248.551882826,11746449.878489312,36411248.551882826,11746449.878489312,0.5923581331984503,0.34747678173926083,1,0,1,0,0,0,0.149698654172229,0.2081777402943323,6656682.983800534,9812135.524103459,,1,16.09913059825714,16.279061700032752,0.17993110177561178,0.5518717099586526,0.17100971475936838,0,0,0
VN,Viet Nam,P - 8438,Food Processing Equipment,P - 9,Machinery and transportation,Production,6216697.02870032,19595892.007927477,6216697.02870032,19595892.007927477,0.044816696569542416,0.10036793822484918,0,0,0,0,0,0,0.15330922931434546,0.21731965416435334,35782947.78324762,68620871.65364331,0,,18.04410731250467,16.790830561832223,-1.2532767506724483,0.9064916476402786,0.19204785453006545,0,0,0
VN,Viet Nam,P - 8439,Paper Making Equipment,P - 9,Machinery and transportation,Production,2794891.328414318,888294.9414536246,2794891.328414318,888294.9414536246,0.05312345813439505,0.02592008497285366,0,0,0,0,0,0,0.14171755208490755,0.20173101716019656,12627452.203360947,25191600.97847227,0,,17.042021242117393,13.697060233855792,-3.344961008261601,2.8898869607777784,0.11678168012243173,0,0,0
VN,Viet Nam,P - 8440,Book Binding Equipment,P - 9,Machinery and transportation,Production,515635.03964205715,445150.96002400166,515635.03964205715,445150.96002400166,0.042072710159893,0.035600348162139445,0,0,0,0,0,0,0.1459492419508395,0.21012603424629875,3153520.340784469,3625998.457731275,0,,15.103640520746804,13.006170986056263,-2.097469534690541,1.7586488078778892,0.14730619007157802,0,0,0
VN,Viet Nam,P - 8441,Paper Converting Equipment,P - 9,Machinery and transportation,Production,6714214.619694713,16872413.87695875,6714214.619694713,16872413.87695875,0.10295225217764044,0.2019135124919956,0,0,0,0,0,0,0.1470148909571906,0.21311905433717962,15664711.350901144,35988779.55651907,0,,17.39871779663925,16.641190590511183,-0.7575272061280671,1.9038589960839771,0.15282608600169387,0,0,0
VN,Viet Nam,P - 8442,Printing Plate Equipment,P - 9,Machinery and transportation,Production,692107.641950151,1724330.744683043,692107.641950151,1724330.744683043,0.027476441686281466,0.0890768105517241,0,0,0,0,0,0,0.14839066406406237,0.21927816861142455,6659767.324877764,5318277.266382717,0,,15.486660174798411,14.360350139004366,-1.1263100357940452,1.1237068406827895,0.18933822824360985,0,0,0
VN,Viet Nam,P - 8443,Printing Equipment,P - 9,Machinery and transportation,Production,230067620.95954642,1115670046.1647468,230067620.95954642,1115670046.1647468,0.3070303266832586,0.5992469466338441,0,1,0,1,0,1,0.14436249242364962,0.21319185428733917,146656549.33286154,186335158.39333904,1,,19.043057542367496,20.832721000528068,1.7896634581605717,1.6953439977350595,0.14956181254325057,0,0,0
VN,Viet Nam,P - 8445,Textile Spinning Equipment,P - 9,Machinery and transportation,Production,449315.8920034811,1722046.5184344288,449315.8920034811,1722046.5184344288,0.01106668618214414,0.06966231637618733,0,0,0,0,0,0,0.12906137025781844,0.18470596094057395,9322301.397506015,16781307.50018824,0,,16.635776235712072,14.359024558498737,-2.276751677213335,1.5238127108977426,0.08510054624462489,0,0,0
VN,Viet Nam,P - 8446,Weaving Machines,P - 9,Machinery and transportation,Production,1614622.3806857814,469935.59176917095,1614622.3806857814,469935.59176917095,0.06937203632299786,0.02934916244214171,0,0,0,0,0,0,0.132439891503495,0.17865110372306384,4961766.238245416,7367930.660437573,0,,15.812647581689353,13.060353053455493,-2.7522945282338593,2.0980905680530197,0.08010554922915472,0,0,0
VN,Viet Nam,P - 8447,Knitting Equipment,P - 9,Machinery and transportation,Production,1412030.8962358336,8137213.744779172,1412030.8962358336,8137213.744779172,0.04557574149406651,0.3243161431320053,0,0,0,0,0,0,0.14230330577076286,0.18916169839359354,7855453.754194947,10945636.690674512,0,,16.208451550437346,15.911958510479524,-0.29649303995782184,1.5661551192423602,0.08832326845064878,0,0,0
VN,Viet Nam,P - 8448,Textile Auxiliaries,P - 9,Machinery and transportation,Production,25165880.07383617,49275933.0186381,25165880.07383617,49275933.0186381,0.3191358945318429,0.43161586325413354,0,0,0,0,0,0,0.14525458056457005,0.21085262105675706,14769887.212048037,21918165.12419141,0,,16.902826354326667,17.712946366046914,0.8101200117202474,1.7069504224203766,0.13288561800292906,0,0,0
VN,Viet Nam,P - 8450,Washing Machines,P - 9,Machinery and transportation,Production,89635628.73262,607974025.595128,89635628.73262,607974025.595128,0.3815689563461776,0.7569613063050682,0,1,0,1,0,0,0.1573128718889405,0.23044526093353632,45938600.3265997,85083486.37641828,1,,18.259143536835893,20.225642719602032,1.9664991827661389,0.8000767877466671,0.143786253301212,0,0,0
VN,Viet Nam,P - 8451,Textile Processing Equipment,P - 9,Machinery and transportation,Production,3228780.4819653328,11777556.411022805,3228780.4819653328,11777556.411022805,0.04421334011509422,0.14173359192370333,0,0,0,0,0,0,0.14924097350777263,0.2168507610233478,19817709.9471253,39284195.128399536,0,,17.486332861824458,16.281706364180224,-1.2046264976442345,1.8533043299604228,0.13996130499103795,0,0,0
VN,Viet Nam,P - 8452,Sewing Machines,P - 9,Machinery and transportation,Production,265808803.53428987,298971314.03503066,265808803.53428987,298971314.03503066,0.8457022738582575,0.8541733084065896,1,1,1,1,1,1,0.16451082308147785,0.23300425604541,16337480.362350537,27444758.57619784,,0,17.127685799723633,19.515858190415084,2.3881723906914516,0.002694094701913596,0.1337689401033836,0,0,0
VN,Viet Nam,P - 8454,Metal Casting Equipment,P - 9,Machinery and transportation,Production,11970886.299177408,9929189.64573697,11970886.299177408,9929189.64573697,0.26047998589965454,0.14371427444687446,0,0,0,0,0,0,0.1485581162073669,0.20262018949384722,9949150.600811353,12792935.607472686,0,,16.364403749035795,16.110989526731483,-0.2534142223043112,1.8434302885679774,0.12753168549843008,0,0,0
VN,Viet Nam,P - 8455,Rolling Mills,P - 9,Machinery and transportation,Production,3818915.4834198356,6528762.705490388,3818915.4834198356,6528762.705490388,0.05999523629523638,0.09509060403076801,0,0,0,0,0,0,0.14193798786624817,0.20529314415378075,15416491.045023628,25181126.100783132,0,,17.041605347325447,15.691728157982272,-1.3498771893431751,1.5591311941547725,0.13160858299650607,0,0,0
VN,Viet Nam,P - 8456,Advanced Machine Tools,P - 9,Machinery and transportation,Production,1443783.3869001034,1594132.3020310896,1443783.3869001034,1594132.3020310896,0.015144435057542312,0.03098898968484751,0,0,0,0,0,0,0.1356949250201182,0.19924374635405534,25573934.37896712,30297307.46274369,0,,17.226569436921594,14.2818407622078,-2.9447286747137937,3.0561292993976,0.1124788792487242,0,0,0
VN,Viet Nam,P - 8457,Metal Machining Centers,P - 9,Machinery and transportation,Production,120351.77389955134,161426.0154592725,120351.77389955134,161426.0154592725,0.0013587167823277697,0.0058464483136870015,0,0,0,0,0,0,0.134067897957982,0.19172126055554584,22479548.987608545,35533361.19454077,0,,17.38598259325668,11.991808402838888,-5.394174190417793,3.4259776754275215,0.10633017524052518,0,0,0
VN,Viet Nam,P - 8458,Metal Lathes,P - 9,Machinery and transportation,Production,1264120.9740351145,305464.759151434,1264120.9740351145,305464.759151434,0.019761128982863817,0.007820293093870992,0,0,0,0,0,0,0.14018618743092298,0.19816961557686286,17012147.213030215,29085564.11356009,0,,17.185752564863535,12.629592969974837,-4.5561595948886975,2.542489696411007,0.11470909542216713,0,0,0
VN,Viet Nam,P - 8459,Metal Drilling Equipment,P - 9,Machinery and transportation,Production,1643614.5192439193,709509.4607766336,1643614.5192439193,709509.4607766336,0.03606666770247957,0.04446583678518638,0,0,0,0,0,0,0.14303953213185305,0.2026732270699452,10640903.874183167,12197542.756634586,0,,16.3167451580102,13.47233051934477,-2.8444146386654303,0.7045443587412306,0.1732318775129114,0,0,0
VN,Viet Nam,P - 8460,Metal Finishing Equipment,P - 9,Machinery and transportation,Production,1399055.3420121686,786549.1415475691,1399055.3420121686,786549.1415475691,0.028473357395137736,0.04342982820033892,0,0,0,0,0,0,0.13534320406112274,0.1994161342968514,11804240.942407856,16124856.516039103,0,,16.595872584392442,13.575411752210675,-3.020460832181767,2.6026709056546933,0.1278513809805498,0,0,0
VN,Viet Nam,P - 8461,Other Metal Machine Tools,P - 9,Machinery and transportation,Production,2994132.614876128,2412668.7894561393,2994132.614876128,2412668.7894561393,0.10621315796089596,0.11607450970873605,0,0,0,0,0,0,0.13772652873888575,0.19825600619839642,6295516.149361577,10362652.745560601,0,,16.15371891504041,14.696244488767967,-1.4574744262724444,2.131114720917651,0.13341006023815713,0,0,0
VN,Viet Nam,P - 8462,Metal Forming Equipment,P - 9,Machinery and transportation,Production,23026515.39088294,15554246.856532544,23026515.39088294,15554246.856532544,0.17753460849613273,0.16751710336036893,0,0,0,0,0,0,0.14666584161517277,0.20859456226567694,27676350.687539246,43851401.857565016,0,,17.59631726846149,16.559844333337818,-1.0364729351236726,2.195843766100319,0.14916684361875185,0,0,0
VN,Viet Nam,P - 8463,Other Metal Working Equipment,P - 9,Machinery and transportation,Production,1755464.7041071146,300373.70709356637,1755464.7041071146,300373.70709356637,0.07820212191032692,0.026632875378038302,0,0,0,0,0,0,0.1411640209182556,0.20713787189001515,5149302.152160626,9686543.458326489,0,,16.086248311218988,12.612785997902435,-3.4734623133165528,1.9167398638409177,0.13631685105068697,0,0,0
VN,Viet Nam,P - 8464,Stone Working Equipment,P - 9,Machinery and transportation,Production,2403585.0378583614,7654725.1316387225,2403585.0378583614,7654725.1316387225,0.07568751492221265,0.14499235476714595,0,0,0,0,0,0,0.14274827765746348,0.20553210358365137,7313699.8383897375,11264818.614956789,0,,16.237195118844713,15.850833810031412,-0.3863613088133011,1.989464850751989,0.1392719752495711,0,0,0
VN,Viet Nam,P - 8465,Wood Working Equipment,P - 9,Machinery and transportation,Production,5288655.254669612,16709182.071468351,5288655.254669612,16709182.071468351,0.07984014091845214,0.09957614467047501,0,0,0,0,0,0,0.14925344458584094,0.20916886869292411,16330743.396110445,37655427.78827669,0,,17.44398769273935,16.631469010774953,-0.812518681964395,1.9636512024855812,0.15084214879523306,0,0,0
VN,Viet Nam,P - 8466,Machine Tool Parts,P - 9,Machinery and transportation,Production,49517560.739229746,80342190.21885554,49517560.739229746,80342190.21885554,0.22648404114325235,0.22371391494023257,0,0,0,0,0,0,0.15009908402037989,0.21265706162788597,47111737.48463553,81450602.79988447,0,,18.215507306120326,18.201805460843307,-0.013701845277019231,2.4190147688236614,0.16601050710394682,0,0,0
VN,Viet Nam,P - 8467,Portable Power Tools,P - 9,Machinery and transportation,Production,3223847.513274137,85420343.30916387,3223847.513274137,85420343.30916387,0.03864018380214279,0.51318649499843,0,1,0,1,0,0,0.14442275678316435,0.21089955882464376,19600980.060494825,33429908.651530795,1,,17.32496155577614,18.263094854148726,0.9381332983725841,1.823463214690116,0.16655998799371224,0,0,0
VN,Viet Nam,P - 8468,Welding Equipment,P - 9,Machinery and transportation,Production,1240216.9156970722,264666.826315012,1240216.9156970722,264666.826315012,0.08258980806747655,0.05959303530495323,0,0,0,0,0,0,0.14796009531704116,0.20129845768628504,3518974.249018401,4236211.030610355,0,,15.259180038891346,12.48623083309443,-2.772949205796916,1.1681090736453257,0.172856711570908,0,0,0
VN,Viet Nam,P - 8470,Calculating Machines,P - 9,Machinery and transportation,Production,249748852.33773383,531482681.7998133,249748852.33773383,531482681.7998133,0.8694211521059038,0.8379334705167734,1,1,1,1,1,1,0.14986656015681712,0.22016609199092105,10077800.75066257,28720784.668468513,,0,17.17313165791457,20.091181173465365,2.918049515550795,1.1452817690442594,0.1456176324679257,0,0,0
VN,Viet Nam,P - 8471,Computers and Data Equipment,P - 9,Machinery and transportation,Production,5755131698.58163,11495706224.910093,5755131698.58163,11495706224.910093,0.6042823685759187,0.6933304552471549,1,1,1,1,0,0,0.1418231599169378,0.20558747811339556,957863302.8549973,1197667007.8905845,,0,20.90364134215185,23.16523943093507,2.26159808878322,2.0562919204347145,0.11872018912272726,0,0,0
VN,Viet Nam,P - 8472,Other Office Machines,P - 9,Machinery and transportation,Production,30272874.403833065,135569539.37578994,30272874.403833065,135569539.37578994,0.3049561802190422,0.6923860127799063,0,1,0,1,0,1,0.144362115071578,0.20860987468364248,17570751.962631054,18968938.095173668,1,,16.758313414947928,18.724995279740686,1.9666818647927578,1.35664375326843,0.14440857205422702,0,0,0
VN,Viet Nam,P - 8473,Office Machine Parts,P - 9,Machinery and transportation,Production,369498798.78105694,12957403385.976244,369498798.78105694,12957403385.976244,0.2653216765551392,0.8337352737082127,0,1,0,1,0,1,0.13653449259816575,0.2120626483905355,217765837.12470016,865225668.9510857,1,,20.578500920987107,23.284933151853416,2.7064322308663087,1.8837549929258552,0.1389123311709562,0,0,0
VN,Viet Nam,P - 8474,Mineral Processing Equipment,P - 9,Machinery and transportation,Production,7761637.401593762,14046446.52980757,7761637.401593762,14046446.52980757,0.03741069568578115,0.041896952378954494,0,0,0,0,0,0,0.14949710375238015,0.1938869721713785,47564322.756320804,68499869.2941487,0,,18.042342409714582,16.457880076919825,-1.5844623327947573,-0.4443774172259847,0.23344969002341398,0,0,0
VN,Viet Nam,P - 8475,Glass Making Equipment,P - 9,Machinery and transportation,Production,489212.265525216,69849.23423394392,489212.265525216,69849.23423394392,0.013401207059717124,0.0013608338827411262,0,0,0,0,0,0,0.14131658415755188,0.19785914974744012,9452506.943706397,17882501.20011165,0,,16.699333261996216,11.15410871806451,-5.545224543931706,2.986688910362161,0.11237386139578649,0,0,0
VN,Viet Nam,P - 8476,Vending Machines,P - 9,Machinery and transportation,Production,4085597.5743584544,1755299.8801489505,4085597.5743584544,1755299.8801489505,0.17943544696587121,0.12944360579493522,0,0,0,0,0,0,0.1477530647145012,0.21364301333228966,5097714.41581465,8221184.235265357,0,,15.92222494584313,14.37815084186797,-1.5440741039751593,2.186577820538526,0.14812431373547524,0,0,0
VN,Viet Nam,P - 8477,Plastic Processing Equipment,P - 9,Machinery and transportation,Production,17481692.918645352,24092806.43196648,17481692.918645352,24092806.43196648,0.06805716127561927,0.06831627619941484,0,0,0,0,0,0,0.14418711110084773,0.20584196039683111,61543594.95181758,127802571.28969923,0,,18.66599722716759,16.997423907110402,-1.6685733200571882,2.2764409715627316,0.13335146832370026,0,0,0
VN,Viet Nam,P - 8478,Tobacco Processing Equipment,P - 9,Machinery and transportation,Production,105548.64710408932,313803.45261039276,105548.64710408932,313803.45261039276,0.005105712122224724,0.014320565044419097,0,0,0,0,0,0,0.1346187743569368,0.21505028038710367,4874417.966441289,7145819.261162804,0,,15.782038164879001,12.656525308506064,-3.1255128563729375,-1.5515714910912672,0.18325941788102765,0,0,0
VN,Viet Nam,P - 8479,Other Machinery,P - 9,Machinery and transportation,Production,76900507.9305541,562895882.134639,76900507.9305541,562895882.134639,0.09160383970367568,0.1805162461905584,0,0,0,0,0,0,0.14380394176120043,0.2021041310407118,180119033.11574322,810820811.215615,0,,20.51355764095419,20.14860523673659,-0.36495240421760045,2.5814769609697996,0.14198402725352283,0,0,0
VN,Viet Nam,P - 8480,Foundry Molds,P - 9,Machinery and transportation,Production,49418421.25829257,84523254.13754506,49418421.25829257,84523254.13754506,0.21156735269892368,0.25482420854150567,0,0,0,0,0,0,0.1507904515124006,0.21550919838896562,51339149.42539411,86266234.58857448,0,,18.27294883486917,18.25253726319277,-0.020411571676397955,1.824784902623029,0.14713407445002813,0,0,0
VN,Viet Nam,P - 8481,Valves and Taps,P - 9,Machinery and transportation,Production,198038470.4178258,880599276.9028835,198038470.4178258,880599276.9028835,0.19394268840981213,0.39618848794527206,0,0,0,0,0,0,0.1477482394762521,0.2151537516740575,215450890.668896,448086074.6976858,0,,19.92049590517779,20.59611323127978,0.6756173261019889,1.726268193054786,0.1733450965069474,0,0,0
VN,Viet Nam,P - 8482,Ball and Roller Bearings,P - 9,Machinery and transportation,Production,44716065.42407372,152712356.40663543,44716065.42407372,152712356.40663543,0.12879451319972712,0.3336766185280166,0,0,0,0,0,0,0.149257818546796,0.21522653041667264,88170275.50888091,149625412.31916258,0,,18.823645484205596,18.84406669295667,0.020421208751074005,1.9223343534059847,0.15026017245712883,0,0,0
VN,Viet Nam,P - 8483,Transmission Equipment,P - 9,Machinery and transportation,Production,93658531.70424987,214426590.78783563,93658531.70424987,214426590.78783563,0.15648114945217143,0.22814171997805546,0,0,0,0,0,0,0.14373521339485193,0.20672068780252853,128530799.23258363,271661374.74931276,0,,19.420066906577972,19.18347800833115,-0.23658889824682205,1.9201342667034245,0.15670070068392147,0,0,0
VN,Viet Nam,P - 8484,Gaskets and Seals,P - 9,Machinery and transportation,Production,11859098.369961867,27100877.235408913,11859098.369961867,27100877.235408913,0.23912319691502248,0.33030162883539543,0,0,0,0,0,0,0.14610080255301539,0.20836638483529685,9564179.622324815,18744820.486896448,0,,16.746428084868416,17.11507669253549,0.3686486076670725,1.4069324138680261,0.18270313290058326,0,0,0
VN,Viet Nam,P - 8485,3D Printing Machines,P - 9,Machinery and transportation,Production,15978023.819424368,43671414.215927534,15978023.819424368,43671414.215927534,0.1433251034104479,0.2271148749322448,0,0,0,0,0,0,0.14580150210021162,0.20759181574861435,23259813.22552255,52870320.06413104,0,,17.783352700902313,17.592204331987883,-0.19114836891442977,1.5201301223715795,0.1900501364760468,0,0,0
VN,Viet Nam,P - 8501,Electric Motors and Generators,P - 9,Machinery and transportation,Production,839340119.2967129,1348227767.4473665,839340119.2967129,1348227767.4473665,0.6404305232078629,0.6364697841491077,1,1,1,1,0,1,0.15499906439062278,0.22130877469065235,132732913.96782589,313807674.8423462,,0,19.564290858902048,21.022056802854017,1.4577659439519692,1.0864301457666634,0.18041617722494188,0,0,0
VN,Viet Nam,P - 8502,Generator Sets,P - 9,Machinery and transportation,Production,148558031.98266557,198585996.1748589,148558031.98266557,198585996.1748589,0.3484624390317334,0.5065989385940828,0,1,0,1,0,0,0.14653758058101637,0.21130153163085222,66562602.27889165,96653803.72938024,1,,18.386646128900495,19.1067327994101,0.7200866705096054,0.1564443096273339,0.18227474932704435,0,0,0
VN,Viet Nam,P - 8503,Motor and Generator Parts,P - 9,Machinery and transportation,Production,28990970.473358866,157156016.38154992,28990970.473358866,157156016.38154992,0.13742845659076688,0.31066227421329495,0,0,0,0,0,0,0.15375014589521832,0.2212431011260864,51171628.48215222,115930292.57373205,0,,18.568499650979547,18.87274961116234,0.30424996018279415,1.5876089181356188,0.1712460377253933,0,0,0
VN,Viet Nam,P - 8504,Transformers,P - 9,Machinery and transportation,Production,667743768.6744415,2818273166.161635,667743768.6744415,2818273166.161635,0.43781571624310955,0.6486569592554288,0,1,0,1,0,0,0.1552593471739591,0.22328407824798058,246089681.8968249,660661979.2400637,1,,20.308752890679703,21.75939018226199,1.4506372915822858,1.0666522544292112,0.1931290882149397,0,0,0
VN,Viet Nam,P - 8505,Electromagnets and Magnets,P - 9,Machinery and transportation,Production,16847674.01667788,313441120.1863752,16847674.01667788,313441120.1863752,0.17069574816974437,0.7136341146090955,0,1,0,1,0,0,0.14440849988389026,0.20681358075594639,22245028.379979406,48446483.80138096,1,,17.695970340549874,19.56312208919078,1.8671517486409073,2.5333345114077246,0.126970733916391,0,0,0
VN,Viet Nam,P - 8506,Primary Batteries,P - 9,Machinery and transportation,Production,20114229.95942285,73534616.9674857,20114229.95942285,73534616.9674857,0.2149816995032058,0.3789811366741286,0,0,0,0,0,0,0.14210809903639454,0.2099817369964927,16475008.962988585,35173103.937287256,0,,17.37579228424083,18.1132668460557,0.7374745618148708,0.6983588056455033,0.16558041252873476,0,0,0
VN,Viet Nam,P - 8507,Rechargeable Batteries,P - 9,Machinery and transportation,Production,503500048.5108453,1486112669.8643727,503500048.5108453,1486112669.8643727,0.5910258466467132,0.5002725329323758,1,1,1,1,0,0,0.15653422263631572,0.2118814490002273,97339767.9830329,655758139.7200034,,0,20.301302590999434,21.119429601945306,0.8181270109458723,1.571022720968395,0.12384340655442577,0,0,0
VN,Viet Nam,P - 8508,Vacuum Cleaners,P - 9,Machinery and transportation,Production,2659310.134809948,1066927639.8628191,2659310.134809948,1066927639.8628191,0.01897364196619485,0.7775774880717579,0,1,0,1,0,1,0.14285047886053961,0.21241611633409763,35291690.368884854,95939320.81653981,1,,18.379226485184144,20.78804899146769,2.4088225062835456,2.341995375890485,0.12382663248810884,0,0,0
VN,Viet Nam,P - 8509,Small Electric Appliances,P - 9,Machinery and transportation,Production,230731684.01499933,838944989.8540232,230731684.01499933,838944989.8540232,0.5564322865549879,0.6579055696327097,1,1,1,1,0,0,0.15404158915384472,0.22050002536986368,54793314.49777506,157168692.1263531,,0,18.872830264985513,20.54765569714972,1.6748254321642086,1.3751559038900514,0.13886148855809172,0,0,0
VN,Viet Nam,P - 8510,Electric Grooming Appliances,P - 9,Machinery and transportation,Production,62658.72659263846,27251053.04811991,62658.72659263846,27251053.04811991,0.0020273074055304745,0.3403689331320019,0,0,0,0,0,0,0.14050349735984624,0.2091109201380252,8372820.533897899,23448315.014585283,0,,16.97030923853321,17.1206027589904,0.1502935204571898,1.9357463668615396,0.11114558423946792,0,0,0
VN,Viet Nam,P - 8511,Engine Ignition Equipment,P - 9,Machinery and transportation,Production,41904165.641684346,54440950.49788943,41904165.641684346,54440950.49788943,0.18392809454905656,0.1826670853043988,0,0,0,0,0,0,0.14913132584436334,0.217225887413502,53401583.32051009,96590107.82311213,0,,18.385986900804728,17.81262721351342,-0.5733596872913083,1.3528267859206424,0.15938999940389337,0,0,0
VN,Viet Nam,P - 8512,Vehicle Lighting Equipment,P - 9,Machinery and transportation,Production,94641145.30176108,401425230.6208743,94641145.30176108,401425230.6208743,0.28934894304905656,0.44165792635707374,0,0,0,0,0,0,0.15207609864743646,0.22267342034881477,68706173.74293092,170049531.64279175,0,,18.951600321061992,19.81053185139649,0.8589315303344982,1.1810504010975316,0.157617210712788,0,0,0
VN,Viet Nam,P - 8513,Portable Electric Lamps,P - 9,Machinery and transportation,Production,1081535.711271813,7429133.049937493,1081535.711271813,7429133.049937493,0.02851858553836968,0.1222265837086666,0,0,0,0,0,0,0.13239971478167661,0.18961445716867106,8502490.652413704,15051093.514603112,0,,16.526961271737605,15.820919862114035,-0.7060414096235696,1.7026423002653592,0.10226269829111578,0,0,0
VN,Viet Nam,P - 8514,Industrial Electric Furnaces,P - 9,Machinery and transportation,Production,1265452.6117866202,31278326.302677426,1265452.6117866202,31278326.302677426,0.024447887056449222,0.24439436581630372,0,0,0,0,0,0,0.14445730967565829,0.2111331703910635,13132206.660387808,28062455.81691716,0,,17.149943184647466,17.258435997233203,0.1084928125857374,1.6530551245944582,0.15842977677278755,0,0,0
VN,Viet Nam,P - 8515,Electric Welding Equipment,P - 9,Machinery and transportation,Production,4541490.4062233735,8339866.241071384,4541490.4062233735,8339866.241071384,0.039835933526889376,0.05231300115660601,0,0,0,0,0,0,0.14585059222621324,0.20904488274892036,27957719.21823427,53490704.153362356,0,,17.795018461321312,15.936557855871467,-1.8584606054498458,1.806990622141187,0.16447886527246783,0,0,0
VN,Viet Nam,P - 8516,Electric Heating Appliances,P - 9,Machinery and transportation,Production,121223573.4994196,372063076.5363363,121223573.4994196,372063076.5363363,0.22438582361220663,0.3175598417655569,0,0,0,0,0,0,0.15697376556930734,0.22401309661872815,125013651.96465221,306681228.0373712,0,,19.541319424203255,19.734573961132917,0.1932545369296612,1.3311403092383394,0.16668115625622765,0,0,0
VN,Viet Nam,P - 8517,Telecommunications Equipment,P - 9,Machinery and transportation,Production,2502827812.5219793,5230174540.653567,2502827812.5219793,5230174540.653567,0.5605467332758131,0.9380858042270899,1,1,1,1,0,1,0.14414528306085267,0.2102840263126494,509703382.83472204,300611651.975322,,0,19.52132980025141,22.37771048763149,2.856380687380078,0.9572213107075769,0.11520289310623048,0,0,0
VN,Viet Nam,P - 8518,Audio Equipment,P - 9,Machinery and transportation,Production,1097099000.6287346,5009177642.53977,1097099000.6287346,5009177642.53977,0.7873127118678119,0.8608853544950734,1,1,1,1,0,1,0.14504419498456642,0.219817040476954,79917014.04803507,227578715.3404231,,0,19.243006742401015,22.334537595564214,3.0915308531631993,1.5887080647237142,0.15297349342186808,0,0,0
VN,Viet Nam,P - 8519,Sound Recording Equipment,P - 9,Machinery and transportation,Production,1636897.2403801433,267908279.94102365,1636897.2403801433,267908279.94102365,0.04953470978753028,0.8230112226584283,0,1,0,1,0,1,0.1435154125913892,0.213792170738793,7356227.402307941,14415851.863891525,1,,16.483839052333355,19.40615524460458,2.922316192271225,2.0790564247587415,0.13901486943724436,0,0,0
VN,Viet Nam,P - 8521,Video Recording Equipment,P - 9,Machinery and transportation,Production,112746778.03853683,2311286438.3252754,112746778.03853683,2311286438.3252754,0.18547521352110077,0.8654084348579173,0,1,0,1,0,1,0.14311424604712022,0.21431352195934128,126118464.29452273,192237566.49704567,1,,19.07424249584305,21.56107010660959,2.486827610766543,1.860911071591455,0.14995069703405192,0,0,0
VN,Viet Nam,P - 8522,Audio/Video Parts,P - 9,Machinery and transportation,Production,29782404.363189153,9727092.462592917,29782404.363189153,9727092.462592917,0.36211592242269935,0.3187691480616939,0,0,0,0,0,0,0.14408159513279223,0.2035443466949703,12890424.676435987,5801043.389370458,0,,15.573548526439344,16.09042569037876,0.5168771639394141,2.1429729374775968,0.10880432953011827,0,0,0
VN,Viet Nam,P - 8523,Recording Media,P - 9,Machinery and transportation,Production,43882258.65216164,592036831.0295622,43882258.65216164,592036831.0295622,0.1794277059297428,0.45855083484735537,0,0,0,0,0,0,0.14155220335036933,0.20585361994346357,47946127.93086489,159213275.99926054,0,,18.88575522613368,20.19907940717908,1.3133241810454024,2.1511242364787604,0.1319990112888098,0,0,0
VN,Viet Nam,P - 8524,Display Modules,P - 9,Machinery and transportation,Production,1233937.5367278089,12058.22836003219,1233937.5367278089,12058.22836003219,0.00767745729544907,0.07867940826255189,0,0,0,0,0,0,0.141805353481313,0.16932246200044468,39091593.556814745,41892.05699185396,0,,10.642875387928067,9.397585484820567,-1.2452899031074995,-0.5595332244508262,0.16000005417653934,0,0,0
VN,Viet Nam,P - 8525,Broadcasting Equipment,P - 9,Machinery and transportation,Production,17897697357.31842,59427265089.276024,17897697357.31842,59427265089.276024,0.9005674793436742,0.8885839836832872,1,1,1,1,1,1,0.14905161912783038,0.21376713907042338,505020352.46556056,2415049033.584449,,0,21.604985428020576,24.808018966256753,3.203033538236177,1.6562427475328922,0.1341552118674922,0,0,0
VN,Viet Nam,P - 8526,Radar and Navigation Equipment,P - 9,Machinery and transportation,Production,16758273.851466851,486362408.9634757,16758273.851466851,486362408.9634757,0.09514374830554059,0.6660653337303901,0,1,0,1,0,1,0.14289862331528116,0.21771657674055295,39433445.9904569,92650255.61588402,1,,18.34434228042612,20.002464603482352,1.658122323056233,1.7855647989835313,0.17204555198024354,0,0,0
VN,Viet Nam,P - 8527,Radio Receivers,P - 9,Machinery and transportation,Production,9530886.983344039,215133212.4566739,9530886.983344039,215133212.4566739,0.055900837615432776,0.6403542183881573,0,1,0,1,0,0,0.14475114283948878,0.2124864458756683,41958924.6044698,51217830.367988184,1,,17.751598298284218,19.186767991693575,1.4351696934093567,1.7234203459371205,0.10498013739328371,0,0,0
VN,Viet Nam,P - 8528,Monitors and TV Equipment,P - 9,Machinery and transportation,Production,370107757.14689267,3351382284.9311557,370107757.14689267,3351382284.9311557,0.30578780826096935,0.8191955299854774,0,1,0,1,0,1,0.15962583012537676,0.233621934633095,267201666.0282202,366267568.9657722,1,,19.718874689747693,21.93263872034408,2.213764030596387,0.7160333990361096,0.16915782940086668,0,0,0
VN,Viet Nam,P - 8529,Transmission Equipment Parts,P - 9,Machinery and transportation,Production,134635931.28509018,9689574721.995008,134635931.28509018,9689574721.995008,0.22599985086200838,0.9133950852223418,0,1,0,1,0,1,0.14465055341370475,0.2074015472520547,118278906.22763225,242470098.81746548,1,,19.306388961017984,22.99431637365016,3.6879274126321775,1.8501151995153748,0.1332017144965515,0,0,0
VN,Viet Nam,P - 8530,Traffic Control Equipment,P - 9,Machinery and transportation,Production,1454567.3312902683,810451.3242693746,1454567.3312902683,810451.3242693746,0.05295876392200886,0.024225773583463395,0,0,0,0,0,0,0.15004429103815325,0.21305182228597583,7126175.237659908,11452260.604516229,0,,16.253697788505093,13.605347795811308,-2.6483499926937846,1.8758055354295347,0.1726365564171317,0,0,0
VN,Viet Nam,P - 8531,Signaling Equipment,P - 9,Machinery and transportation,Production,24432696.36660027,900127141.8234019,24432696.36660027,900127141.8234019,0.10267901641962446,0.7828016156669562,0,1,0,1,0,1,0.14647917581012662,0.22267550249561963,55411875.644263774,88133159.13739336,1,,18.294359412113597,20.618046581114726,2.323687169001129,1.5491074444161996,0.18073539873959502,0,0,0
VN,Viet Nam,P - 8532,Electrical Capacitors,P - 9,Machinery and transportation,Production,6101874.400456782,70176504.2348571,6101874.400456782,70176504.2348571,0.025724119440572443,0.19166005278437478,0,0,0,0,0,0,0.14087299746023435,0.1976878461937988,58551032.79259452,115802344.45507877,0,,18.5673953772597,18.066524129712953,-0.5008712475467476,1.7329594030830038,0.12101171210262877,0,0,0
VN,Viet Nam,P - 8533,Electrical Resistors,P - 9,Machinery and transportation,Production,31781921.757903043,53209807.3451454,31781921.757903043,53209807.3451454,0.2836071570891259,0.26016193204669424,0,0,0,0,0,0,0.14630652421297596,0.20567287603320686,19765690.461748686,39524095.73712565,0,,17.49242108784803,17.789753304708245,0.29733221686021594,1.9666702916497723,0.15665950323933628,0,0,0
VN,Viet Nam,P - 8534,Printed Circuits,P - 9,Machinery and transportation,Production,345669944.21019965,1079740344.145354,345669944.21019965,1079740344.145354,0.5141880646017412,0.7011758677115005,1,1,1,1,0,0,0.14583788389026428,0.21081339114546405,91597297.73405106,176486119.9645346,,0,18.988752796483908,20.79998642801503,1.8112336315311204,1.9640218526284032,0.11965099494738958,0,0,0
VN,Viet Nam,P - 8535,High Voltage Electrical Equipment,P - 9,Machinery and transportation,Production,20312030.92454488,20814047.048586212,20312030.92454488,20814047.048586212,0.17185809426899887,0.19617521160236745,0,0,0,0,0,0,0.149313548434528,0.21430245749751992,25296941.76671865,45388369.16370697,0,,17.630766466401028,16.851138703651678,-0.7796277627493495,1.4977962904730897,0.17959735882642056,0,0,0
VN,Viet Nam,P - 8536,Low Voltage Electrical Equipment,P - 9,Machinery and transportation,Production,397123183.9257866,1355779282.8460577,397123183.9257866,1355779282.8460577,0.3237835099271181,0.46867499857479317,0,0,0,0,0,0,0.15821959844037414,0.22331210009370722,251948049.28753272,521387591.58836263,0,,20.07200426284061,21.027642243191107,0.9556379803504953,0.9487057670346302,0.20827272265154748,0,0,0
VN,Viet Nam,P - 8537,Electrical Control Panels,P - 9,Machinery and transportation,Production,70709470.78049175,943963396.5354862,70709470.78049175,943963396.5354862,0.12238367687447603,0.44846010272653164,0,0,0,0,0,0,0.15572970311644907,0.22547688397149782,145528385.10632417,406887379.95655185,0,,19.824046999850445,20.665597949560897,0.8415509497104523,1.2943005499425857,0.19838340789841657,0,0,0
VN,Viet Nam,P - 8538,Electrical Equipment Parts,P - 9,Machinery and transportation,Production,30586527.85333609,252174614.5958956,30586527.85333609,252174614.5958956,0.08398790948493573,0.3378010796800805,0,0,0,0,0,0,0.1528031844324459,0.22369215554495955,96802141.7856926,200036656.25610012,0,,19.114011193997932,19.345632324549477,0.2316211305515452,1.1069745017065404,0.18690488570655697,0,0,0
VN,Viet Nam,P - 8539,Electric Lamps and LED,P - 9,Machinery and transportation,Production,31844357.841416784,32044619.190832343,31844357.841416784,32044619.190832343,0.14778192958702907,0.28555960814653647,0,0,0,0,0,0,0.1487373592486541,0.2171260318470078,54802165.99702391,34194902.38837787,0,,17.347587167196053,17.28263987048113,-0.06494729671492294,1.4277983733866357,0.16841724723043772,0,0,0
VN,Viet Nam,P - 8540,Electronic Tubes,P - 9,Machinery and transportation,Production,2223163.9502363736,141188.57237944365,2223163.9502363736,141188.57237944365,0.062258243264541796,0.01282445950781897,0,0,0,0,0,0,0.12544993584100012,0.19334306738468482,4584572.4229151495,7007420.504246758,0,,15.762480360281103,11.857858751310292,-3.9046216089708103,2.8182507877419667,0.11238426484705838,0,0,0
VN,Viet Nam,P - 8541,Semiconductors,P - 9,Machinery and transportation,Production,216099855.2168269,5360648775.205112,216099855.2168269,5360648775.205112,0.20488805800604903,0.7752672701655999,0,1,0,1,0,0,0.13805586762464445,0.21214801864320731,204568791.48618168,650477835.2980448,1,,20.293217783542442,22.402350845041106,2.109133061498664,1.038352933765381,0.11847337448044244,0,0,0
VN,Viet Nam,P - 8542,Integrated Circuits,P - 9,Machinery and transportation,Production,2273587470.9879656,23233036060.623634,2273587470.9879656,23233036060.623634,0.3810761489028063,0.6898607491970508,0,1,0,1,0,1,0.12949909761894923,0.18578414045774155,836775227.3163413,2277758875.1668425,1,,21.546457847451908,23.868841070910854,2.322383223458946,2.3909000786795427,0.09748788411259493,0,0,0
VN,Viet Nam,P - 8543,Other Electrical Equipment,P - 9,Machinery and transportation,Production,54852761.059554406,749752292.2853754,54852761.059554406,749752292.2853754,0.12243043422683231,0.4115861903626977,0,0,0,0,0,0,0.14203024125213318,0.2109351172198494,95380716.42553872,272012425.21175736,0,,19.42135830781881,20.435253434322128,1.0138951265033178,1.932381363199514,0.1534655582955788,0,0,0
VN,Viet Nam,P - 8544,Electric Wire and Cable,P - 9,Machinery and transportation,Production,2604511515.060243,5255060683.478652,2604511515.060243,5255060683.478652,0.7011052193305044,0.7301041313010455,1,1,1,1,1,1,0.17643089537760598,0.2541543770996499,391294629.254772,924914710.9832885,,0,20.645212087964406,22.382457389158915,1.737245301194509,-1.1767613854464134,0.24958457775299894,0,0,0
VN,Viet Nam,P - 8545,Carbon Electrodes,P - 9,Machinery and transportation,Production,3002176.255589066,5697892.377730447,3002176.255589066,5697892.377730447,0.04626523891188545,0.05867653997372991,0,0,0,0,0,0,0.1375766981829897,0.1952267442589905,15169931.88879643,25022435.56473504,0,,17.035283442943115,15.555607081637897,-1.4796763613052182,2.0069355424763216,0.12063919299684336,0,0,0
VN,Viet Nam,P - 8546,Electrical Insulators,P - 9,Machinery and transportation,Production,15192690.983064134,13119655.056399586,15192690.983064134,13119655.056399586,0.36700669557778726,0.27446522929825423,0,0,0,0,0,0,0.1512467258962351,0.21583964898159022,7254785.409068482,11273364.026317492,0,,16.2379534240859,16.389622125923147,0.15166870183724512,1.7145057006150648,0.15832358095617322,0,0,0
VN,Viet Nam,P - 8547,Insulating Fittings,P - 9,Machinery and transportation,Production,29165290.507510804,75596075.1348415,29165290.507510804,75596075.1348415,0.3924227821354439,0.49254328341132286,0,0,0,0,0,0,0.15394921155515318,0.2188977677283152,13544031.821195155,31897905.778672867,0,,17.27805094737868,18.14091493682447,0.8628639894457883,1.8732209868768672,0.14413183502365912,0,0,0
VN,Viet Nam,P - 8548,Electrical Parts,P - 9,Machinery and transportation,Production,55526722.76298423,45744111.95411569,55526722.76298423,45744111.95411569,0.5789975555011142,0.441612367689199,1,0,1,0,0,0,0.14899571301831352,0.22813617291568158,12046572.968916701,26259450.569357466,,1,17.083536541980983,17.63857366280744,0.5550371208264551,-0.8416621652721004,0.16322766182203893,0,0,0
VN,Viet Nam,P - 8601,Electric Locomotives,P - 9,Machinery and transportation,Production,0.0,4341.09306396167,0.0,4341.09306396167,0.0,0.0002007225435626305,0,0,0,0,0,0,0.13207096461524617,0.1935863024337554,3104041.0969475815,4303462.085575608,0,,15.274930625266922,8.376111783640527,-6.898818841626396,2.4084077288707997,0.08680644528078754,0,0,0
VN,Viet Nam,P - 8602,Other Locomotives,P - 9,Machinery and transportation,Production,43297.22017237099,0.0,43297.22017237099,0.0,0.0012961787262387313,0.0,0,0,0,0,0,0,0.1341358808871546,0.1900374629161645,7513681.546104174,5736004.875037285,0,,15.562273685500484,0.0,-15.562273685500484,1.6513109005445863,0.09635574892421424,0,0,0
VN,Viet Nam,P - 8603,Self-Propelled Rail Cars,P - 9,Machinery and transportation,Production,38967.8147092745,0.0,38967.8147092745,0.0,0.0006477538760038916,0.0,0,0,0,0,0,0,0.12494529519267539,0.18936205745363074,12671793.921115665,23788453.37084301,0,,16.98471091046877,0.0,-16.98471091046877,3.562709152842821,0.07903487223843425,0,0,0
VN,Viet Nam,P - 8604,Railway Service Vehicles,P - 9,Machinery and transportation,Production,0.0,0.0,0.0,0.0,0.0,0.0,0,0,0,0,0,0,0.13040274348890274,0.1881340187130622,2293711.881788117,3873785.943965791,0,,15.169743125041727,0.0,-15.169743125041727,1.031751240952673,0.1173665831873996,0,0,0
VN,Viet Nam,P - 8605,Railway Passenger Cars,P - 9,Machinery and transportation,Production,0.0,0.0,0.0,0.0,0.0,0.0,0,0,0,0,0,0,0.13744068034755824,0.17992969566364844,3966546.057676401,5246696.099915938,0,,15.473109312760837,0.0,-15.473109312760837,2.5334203250548453,0.08989563991346358,0,0,0
VN,Viet Nam,P - 8606,Railway Freight Cars,P - 9,Machinery and transportation,Production,0.0,10524.778945011818,0.0,10524.778945011818,0.0,0.000337990852776918,0,0,0,0,0,0,0.15143764412621022,0.20986716304311404,17751624.17740598,17215428.42126098,0,,16.66131659904202,9.2615826648393,-7.39973393420272,0.00819821859773532,0.12764429333796837,0,0,0
VN,Viet Nam,P - 8607,Railway Equipment Parts,P - 9,Machinery and transportation,Production,363066.4956720057,7157603.730800382,363066.4956720057,7157603.730800382,0.002986918070833181,0.06108587119459791,0,0,0,0,0,0,0.14523658601210945,0.21064770073122907,31651639.97181192,53699126.86126302,0,,17.798907318402385,15.783685948163162,-2.0152213702392228,1.560165995502335,0.15864535886269057,0,0,0
VN,Viet Nam,P - 8609,Transport Containers,P - 9,Machinery and transportation,Production,2151249.180572255,7170040.618935963,2151249.180572255,7170040.618935963,0.02031347087620097,0.03115295030640502,0,0,0,0,0,0,0.12697071887733485,0.20586125795320376,19761105.334843636,87808551.73124622,0,,18.290669465378762,15.785422017152536,-2.5052474482262266,-0.9096613079872632,0.16002062272585935,0,0,0
VN,Viet Nam,P - 8701,Tractors,P - 9,Machinery and transportation,Production,14493090.504605709,5891495.477874818,14493090.504605709,5891495.477874818,0.026468903385638027,0.008636305674175712,0,0,0,0,0,0,0.14188947787801112,0.20454079177785145,134999689.7698205,369501886.0855048,0,,19.727666405472114,15.589020594303701,-4.138645811168413,1.5885217008794161,0.14934543912372572,0,0,0
VN,Viet Nam,P - 8702,Buses,P - 9,Machinery and transportation,Production,1042602.7175180056,2475369.2869771803,1042602.7175180056,2475369.2869771803,0.006771479974292411,0.0246993954471105,0,0,0,0,0,0,0.14576992214626888,0.21225245264306647,36733287.26099982,77073292.37035388,0,,18.160267389037287,14.721900553694203,-3.438366835343084,0.33914756481306163,0.18582704029588978,0,0,0
VN,Viet Nam,P - 8703,Passenger Cars,P - 9,Machinery and transportation,Production,11059444.624280369,156072017.3097934,11059444.624280369,156072017.3097934,0.0016735883803665925,0.016647445179933724,0,0,0,0,0,0,0.14432285825884586,0.21082484884060868,1600662510.4587455,4073773585.971753,0,,22.127835578089282,18.86582811451555,-3.262007463573731,1.7238199002150618,0.15585343890677503,0,0,0
VN,Viet Nam,P - 8704,Trucks,P - 9,Machinery and transportation,Production,3925774.664666056,2970990.7698277086,3925774.664666056,2970990.7698277086,0.00320440548808834,0.002382579556237131,0,0,0,0,0,0,0.13870654070740976,0.19871536442811324,257791526.3629672,677597158.5695701,0,,20.334063509394824,14.904406384271843,-5.429657125122981,0.36255827439755733,0.17019377924641618,0,0,0
VN,Viet Nam,P - 8705,Special Purpose Vehicles,P - 9,Machinery and transportation,Production,6936231.9765735185,2857433.7291474,6936231.9765735185,2857433.7291474,0.04462363704325728,0.01475576995195802,0,0,0,0,0,0,0.13890056602954778,0.20323611518727497,30289960.51410358,63694359.97554691,0,,17.96960659190716,14.865434832447054,-3.1041717594601046,-0.1741577212368259,0.20173082447447493,0,0,0
VN,Viet Nam,P - 8706,Vehicle Chassis,P - 9,Machinery and transportation,Production,21524.62638111266,8849.025424277555,21524.62638111266,8849.025424277555,0.0005750056419651757,0.0017571433381669756,0,0,0,0,0,0,0.1370136237387471,0.20470259014844122,10105672.566651512,11029103.220480349,0,,16.216048174919976,9.088175610797572,-7.127872564122404,2.1159855520573116,0.12665273077721714,0,0,0
VN,Viet Nam,P - 8707,Vehicle Bodies,P - 9,Machinery and transportation,Production,1705795.2490842342,5706592.556331506,1705795.2490842342,5706592.556331506,0.016970040075169973,0.039692268385945126,0,0,0,0,0,0,0.14332929538206388,0.20991054571134796,25547843.802061517,45307598.12456533,0,,17.628985327478777,15.557132828537187,-2.07185249894159,1.3015186123514075,0.14019557754185796,0,0,0
VN,Viet Nam,P - 8708,Vehicle Parts,P - 9,Machinery and transportation,Production,943033650.4532306,1523069923.6602552,943033650.4532306,1523069923.6602552,0.2110916660685364,0.22468523704167906,0,0,0,0,0,0,0.15168886991400476,0.2206607132077554,1003426587.1677935,2050420329.6443007,0,,21.44131064841772,21.143993822254775,-0.29731682616294464,1.4011314293644455,0.1663608025039096,0,0,0
VN,Viet Nam,P - 8709,Industrial Trucks,P - 9,Machinery and transportation,Production,1812552.0778249907,4525475.839463407,1812552.0778249907,4525475.839463407,0.10558975936351256,0.15903558034482093,0,0,0,0,0,0,0.140430464872726,0.20657119961377135,3549952.533769489,7927290.021704207,0,,15.885821923861963,15.32523350845114,-0.5605884154108232,1.284102706539808,0.1577887740567308,0,0,0
VN,Viet Nam,P - 8710,Military Vehicles,P - 9,Machinery and transportation,Production,0.0,0.0,0.0,0.0,0.0,0.0,0,0,0,0,0,0,0.11851884055725115,0.18643632987739384,5505062.248035775,23645191.071718436,0,,16.978670357170213,0.0,-16.978670357170213,1.5292298239229052,0.11969570856662684,0,0,0
VN,Viet Nam,P - 8711,Motorcycles,P - 9,Machinery and transportation,Production,372021951.59372663,885648238.8412076,372021951.59372663,885648238.8412076,0.6315890005330046,0.6797434566879154,1,1,1,1,0,0,0.14012711176400952,0.20618619083773218,63339603.991734006,204501461.829218,,0,19.136085686620657,20.601830409240602,1.4657447226199452,0.6651684758212963,0.14070877205862695,0,0,0
VN,Viet Nam,P - 8712,Bicycles,P - 9,Machinery and transportation,Production,19474947.817277476,168612102.09288722,19474947.817277476,168612102.09288722,0.21032719515257028,0.6334898334899177,0,1,0,1,0,0,0.1591246885707766,0.22380469881170237,24600390.462163888,41508926.534039736,1,,17.54141908336782,18.94311138679711,1.4016923034292894,0.4446208501660507,0.14706337239134515,0,0,0
VN,Viet Nam,P - 8713,Wheelchairs,P - 9,Machinery and transportation,Production,13958535.023979302,13827622.889364319,13958535.023979302,13827622.889364319,0.543059813363093,0.4721795973794172,1,0,1,0,0,0,0.13972841758413865,0.19825728045165303,3005441.112111493,8003096.073077059,,1,15.895339158861658,16.442178880446654,0.5468397215849965,2.353307520935786,0.10371911704951903,0,0,0
VN,Viet Nam,P - 8714,Cycle Parts,P - 9,Machinery and transportation,Production,246660327.49884924,566273450.4556057,246660327.49884924,566273450.4556057,0.6099109166459004,0.6826412982106345,1,1,1,1,0,0,0.15217481939773184,0.21618910652203158,46924926.684760764,119023785.03682034,,0,18.59483391376428,20.154587649278064,1.5597537355137838,1.1319505354611188,0.15011820838623138,0,0,0
VN,Viet Nam,P - 8715,Baby Carriages,P - 9,Machinery and transportation,Production,2668917.552977507,3720858.983528302,2668917.552977507,3720858.983528302,0.11952612049728821,0.06793399476701971,0,0,0,0,0,0,0.15184696345531765,0.2068020687713346,6189608.4975642385,10951177.139078125,0,,16.20895760104899,15.129465377899551,-1.0794922231494386,1.859189327591308,0.09378130374035958,0,0,0
VN,Viet Nam,P - 8716,Trailers,P - 9,Machinery and transportation,Production,29178064.522264946,110598560.40418836,29178064.522264946,110598560.40418836,0.1113557660170648,0.2385420779176836,0,0,0,0,0,0,0.15522716004968506,0.2193671672368053,62894658.28684464,170353502.16139415,0,,18.953386266352872,18.521417639772512,-0.4319686265803604,0.7760140009456694,0.1803983508992931,0,0,0
VN,Viet Nam,P - 8802,Powered Aircraft,P - 9,Machinery and transportation,Production,5127970.262534282,245226674.70103276,5127970.262534282,245226674.70103276,0.003271003815269308,0.11233263761710366,0,0,0,0,0,0,0.11119178858054916,0.15833600084691735,188606479.8479265,278780190.9419594,0,,19.4459341867727,19.31769354771186,-0.1282406390608415,-0.12734883265402322,0.170818806240016,0,0,0
VN,Viet Nam,P - 8805,Aircraft Ground Equipment,P - 9,Machinery and transportation,Production,59486.854103711325,744820.5071461906,59486.854103711325,744820.5071461906,0.0029632355974055606,0.04043873614123597,0,0,0,0,0,0,0.10819911963555946,0.19004479982947328,2602254.1889341115,7818787.394759232,0,,15.872040163786002,13.520899880932738,-2.3511402828532635,1.5226472253148593,0.12430138069645995,0,0,0
VN,Viet Nam,P - 8901,Passenger and Cargo Ships,P - 9,Machinery and transportation,Production,605642322.9841839,77945662.31348199,605642322.9841839,77945662.31348199,0.40379579253364895,0.1723900780791107,0,0,0,0,0,0,0.11788913133404406,0.1368905743249854,268846166.8986953,83434063.79084897,0,,18.239567234665287,18.17152251771236,-0.06804471695292591,0.1114558759577607,0.18818804700894917,0,0,0
VN,Viet Nam,P - 8902,Fishing Vessels,P - 9,Machinery and transportation,Production,54348877.56479231,801056.7997731938,54348877.56479231,801056.7997731938,0.7748348867012016,0.39892904851168215,1,0,1,0,1,0,0.16658207946659864,0.18525312018261153,6178233.132964502,4837956.502178602,,1,15.392003185942094,13.593688382964219,-1.7983148029778757,-0.509770525865992,0.13628331384026732,0,0,0
VN,Viet Nam,P - 8903,Pleasure Boats,P - 9,Machinery and transportation,Production,7334963.572087753,18530412.915905986,7334963.572087753,18530412.915905986,0.06451263603058577,0.09252297465171555,0,0,0,0,0,0,0.14261282731313074,0.18707853070128297,24027163.47280675,61278411.99998895,0,,17.9309381855415,16.734923935621666,-1.196014249919834,0.9850343461957742,0.22407268197094327,0,0,0
VN,Viet Nam,P - 8904,Tugs,P - 9,Machinery and transportation,Production,47187549.214732304,41418795.01773575,47187549.214732304,41418795.01773575,0.40001529526010016,0.6139785871099294,0,1,0,1,0,1,0.16552513634390303,0.2154374690397593,25180062.622424982,8978327.055593178,1,,16.010324237597768,17.539245345854383,1.5289211082566148,-1.1687265527039037,0.16490902844450672,0,0,0
VN,Viet Nam,P - 8905,Special Purpose Vessels,P - 9,Machinery and transportation,Production,4830908.470721179,116815719.6458291,4830908.470721179,116815719.6458291,0.01214536579605864,0.3066743012430222,0,0,0,0,0,0,0.23805952598565472,0.23691148610678567,245886433.58747315,92221843.46006966,0,,18.339707585194198,18.57610821387182,0.23640062867762168,-2.4312930023711714,0.16382742101701991,0,0,0
VN,Viet Nam,P - 8906,Other Vessels,P - 9,Machinery and transportation,Production,79672986.17063266,42715717.83442618,79672986.17063266,42715717.83442618,0.576707415536778,0.5576619636988005,1,1,1,1,1,0,0.11972016715004778,0.20554009622794467,9250994.638840731,19359685.117584936,,0,16.778703426746613,17.57007753304445,0.7913741062978374,1.081573605644275,0.16586232172898446,0,0,0
VN,Viet Nam,P - 8907,Floating Structures,P - 9,Machinery and transportation,Production,8289697.191254821,5379461.588165288,8289697.191254821,5379461.588165288,0.3537141035617219,0.3484491144485335,0,0,0,0,0,0,0.130040043271938,0.2018217252301536,3078460.087142795,4322547.914551807,0,,15.279355812739709,15.498099036472965,0.21874322373325583,-0.2756808664736254,0.24489532966380936,0,0,0
VN,Viet Nam,P - 9001,Optical Fibers and Components,P - 10,Precision goods and miscellaneous,Production,119580845.33176939,263399944.3857416,119580845.33176939,263399944.3857416,0.31975041895510214,0.42502990370162325,0,0,0,0,0,0,0.13900549228875847,0.21042079551311882,66117536.12436783,120826302.08951122,0,,18.609864560570113,19.389184139930006,0.7793195793598926,2.059922381398484,0.13967570024081377,0,0,0
VN,Viet Nam,P - 9002,Mounted Optical Elements,P - 10,Precision goods and miscellaneous,Production,168419629.5790906,264472023.4440453,168419629.5790906,264472023.4440453,0.5753255430008085,0.5858412363323869,1,1,1,1,0,0,0.14053246627864163,0.19753243820626384,33664410.42844075,56129869.74762155,,0,17.843178684183172,19.39324603597146,1.550067351788286,2.677276202972718,0.1012628301523021,0,0,0
VN,Viet Nam,P - 9003,Eyewear Frames,P - 10,Precision goods and miscellaneous,Production,7080404.449554085,16301415.381423015,7080404.449554085,16301415.381423015,0.13633627285223507,0.14621738469651135,0,0,0,0,0,0,0.142983512069613,0.20814542051408652,11361956.799674386,27578431.80954332,0,,17.132544605275587,16.606762556567706,-0.5257820487078817,1.8483521986915221,0.13065050122005484,0,0,0
VN,Viet Nam,P - 9004,Spectacles and Goggles,P - 10,Precision goods and miscellaneous,Production,5465737.751288618,13943934.414113848,5465737.751288618,13943934.414113848,0.06670714477481922,0.08717273064363162,0,0,0,0,0,0,0.13764361207652198,0.20188469267224918,17684020.920764506,51083210.97093027,0,,17.748966468336683,16.450555234366465,-1.2984112339702172,2.2525631195712954,0.13264112505717335,0,0,0
VN,Viet Nam,P - 9005,Telescopes and Binoculars,P - 10,Precision goods and miscellaneous,Production,63885.901477742336,276645.7242253071,63885.901477742336,276645.7242253071,0.004519941267007454,0.010149938904497762,0,0,0,0,0,0,0.1375756989164534,0.21145182161405274,3201710.858174765,7636468.386655248,0,,15.848445932165804,12.530496607393355,-3.3179493247724494,1.9735830745514251,0.16582607244996106,0,0,0
VN,Viet Nam,P - 9006,Cameras and Flash Equipment,P - 10,Precision goods and miscellaneous,Production,1551601055.0424187,13624222.887597265,1551601055.0424187,13624222.887597265,0.9667067695077773,0.9064428890506753,1,1,1,1,1,1,0.13981902104372543,0.20491777077971898,11623394.669122295,10180970.74143614,,0,16.136031020467776,16.42735993451298,0.2913289140452058,1.5489694957461506,0.1578331847075759,0,0,0
VN,Viet Nam,P - 9010,Photo Lab Equipment,P - 10,Precision goods and miscellaneous,Production,2470815.8614218985,8440469.518933289,2470815.8614218985,8440469.518933289,0.011809222201124356,0.24764765686772855,0,0,0,0,0,0,0.11924008960764947,0.17674708842371845,38621958.45008626,2296503.0805864055,0,,14.646898559618345,15.948548613707018,1.3016500540886735,3.6596950782694946,0.06415562541813842,0,0,0
VN,Viet Nam,P - 9011,Optical Microscopes,P - 10,Precision goods and miscellaneous,Production,4532251.246039393,2277795.5751475156,4532251.246039393,2277795.5751475156,0.07834675223343553,0.05690596661949545,0,0,0,0,0,0,0.12713437956211265,0.18895302419110652,11947901.442584518,12336725.112605594,0,,16.328091234321278,14.638719119242152,-1.6893721150791254,2.282102110239906,0.12639300237642584,0,0,0
VN,Viet Nam,P - 9012,Other Microscopes,P - 10,Precision goods and miscellaneous,Production,145589.5803500368,281086.59373120614,145589.5803500368,281086.59373120614,0.007556827783097994,0.008975726083813142,0,0,0,0,0,0,0.12617646442495617,0.18106030909899068,4143317.462059616,13038718.858815432,0,,16.38343393930752,12.546421621204209,-3.8370123181033104,3.844254328437534,0.07929291640645808,0,0,0
VN,Viet Nam,P - 9013,Lasers and Optical Instruments,P - 10,Precision goods and miscellaneous,Production,12639204.897460606,31404693.984230734,12639204.897460606,31404693.984230734,0.015230590318776459,0.29950306309453384,0,0,0,0,0,0,0.1216237559227877,0.2048222889136536,172566861.8612369,56896604.164292894,0,,17.856746234123193,17.262467961492,-0.5942782726311933,2.162261097140537,0.1377587036324441,0,0,0
VN,Viet Nam,P - 9014,Navigation Instruments,P - 10,Precision goods and miscellaneous,Production,1297977.4945539823,1632723.7033892581,1297977.4945539823,1632723.7033892581,0.01869435740903029,0.033761305199986734,0,0,0,0,0,0,0.1347968589969837,0.2006303786661895,13717158.100370836,22216334.866210736,0,,16.916338426067075,14.305760774390714,-2.61057765167636,1.1820867901221992,0.18072567728519012,0,0,0
VN,Viet Nam,P - 9015,Surveying Instruments,P - 10,Precision goods and miscellaneous,Production,11755312.929420983,20237255.794540294,11755312.929420983,20237255.794540294,0.09538129843152209,0.1082156389849533,0,0,0,0,0,0,0.1066052405191542,0.16296847267757403,14648306.982491579,20987757.621108998,0,,16.859449902917813,16.82303585933141,-0.03641404358640443,-0.5262198409004583,0.25464369652145236,0,0,0
VN,Viet Nam,P - 9017,Drawing and Measuring Tools,P - 10,Precision goods and miscellaneous,Production,4307407.060684926,48573102.03675376,4307407.060684926,48573102.03675376,0.15365429208491188,0.5775999258762486,0,1,0,1,0,0,0.14511078827136162,0.20687381452586032,6364328.290457975,10982870.894653194,1,,16.21184751673571,17.69858050021105,1.486732983475342,1.4985656990470382,0.14099588272276242,0,0,0
VN,Viet Nam,P - 9018,Medical Instruments,P - 10,Precision goods and miscellaneous,Production,322790182.26372373,948092292.9139966,322790182.26372373,948092292.9139966,0.24309310089503613,0.3103224264748618,0,0,0,0,0,0,0.14367086626473485,0.20769290963468823,239759974.70615917,662176152.2821581,0,,20.31104217107617,20.669962411929827,0.3589202408536565,1.418556480952274,0.18352344071430488,0,0,0
VN,Viet Nam,P - 9019,Therapy Equipment,P - 10,Precision goods and miscellaneous,Production,4332327.257814331,28900810.716531057,4332327.257814331,28900810.716531057,0.04905600485900654,0.08571279847776735,0,0,0,0,0,0,0.13754919029682552,0.2009248364259398,18772004.70788002,66764834.49284594,0,,18.016687085124214,17.179380239765425,-0.8373068453587891,1.8982159365193014,0.14442984977199233,0,0,0
VN,Viet Nam,P - 9020,Breathing Apparatus,P - 10,Precision goods and miscellaneous,Production,226339.37607862192,2888977.805913979,226339.37607862192,2888977.805913979,0.013765263036057056,0.08686274552568017,0,0,0,0,0,0,0.135259690041156,0.2056563545064342,3608055.676625019,8229640.260173009,0,,15.923252982416821,14.87641364328923,-1.046839339127592,1.02351756259499,0.16282457156202018,0,0,0
VN,Viet Nam,P - 9021,Prosthetics and Orthotics,P - 10,Precision goods and miscellaneous,Production,128540455.49899562,707230552.9395103,128540455.49899562,707230552.9395103,0.21469039572729653,0.36840066835547286,0,0,0,0,0,0,0.13722336518703165,0.1985781410465622,103439520.01608416,286050267.3937981,0,,19.47167811695419,20.376867272454422,0.9051891555002314,1.6293101542200843,0.15731551688568318,0,0,0
VN,Viet Nam,P - 9022,X-Ray Equipment,P - 10,Precision goods and miscellaneous,Production,4969996.029023055,2970199.918849402,4969996.029023055,2970199.918849402,0.02295155139613863,0.014405288879173396,0,0,0,0,0,0,0.13461279618110183,0.19579192405321003,47986260.53348496,97612010.81471154,0,,18.396511115682642,14.904140157935005,-3.492370957747637,2.4124852060983066,0.13812187309150056,0,0,0
VN,Viet Nam,P - 9023,Educational Models,P - 10,Precision goods and miscellaneous,Production,1727639.5951473645,28179515.3680105,1727639.5951473645,28179515.3680105,0.05016366088347517,0.453671446703805,0,0,0,0,0,0,0.13665568993395869,0.20565511954038315,6879576.723785306,12762426.201154312,0,,16.362016037317677,17.15410590204518,0.7920898647275045,1.3551801489190969,0.1807139366554961,0,0,0
VN,Viet Nam,P - 9024,Materials Testing Equipment,P - 10,Precision goods and miscellaneous,Production,1461284.610154044,3496458.4942525052,1461284.610154044,3496458.4942525052,0.05543573444933863,0.08805847683542153,0,0,0,0,0,0,0.13540813501000817,0.19756574531456622,5580188.638633842,9039760.243775114,0,,16.017143320932757,15.067261441403588,-0.949881879529169,1.8599712332988192,0.1634608299812775,0,0,0
VN,Viet Nam,P - 9025,Measuring Instruments,P - 10,Precision goods and miscellaneous,Production,4268744.193131107,81657212.64568135,4268744.193131107,81657212.64568135,0.09229719791201293,0.5019972480005511,0,1,0,1,0,0,0.14663304390131515,0.21690074178874866,11018041.327566326,33591311.359899566,1,,17.329778030783572,18.218040721863826,0.8882626910802536,1.510152606324776,0.18107033120004162,0,0,0
VN,Viet Nam,P - 9026,Flow and Pressure Instruments,P - 10,Precision goods and miscellaneous,Production,77302898.89193381,99806686.46682782,77302898.89193381,99806686.46682782,0.28374690319868184,0.28548297130604355,0,0,0,0,0,0,0.14110029605695845,0.20803934662126772,46086206.88702661,105755529.62843087,0,,18.47664067360993,18.41874574772236,-0.05789492588756673,1.7890890301637263,0.17391030921152173,0,0,0
VN,Viet Nam,P - 9027,Analysis Instruments,P - 10,Precision goods and miscellaneous,Production,35363570.41631035,113263763.36818787,35363570.41631035,113263763.36818787,0.0942713987329864,0.15093971125361952,0,0,0,0,0,0,0.13746275024700905,0.20283891919813474,79692149.28775384,200016967.9701747,0,,19.113912765764063,18.545229854617016,-0.5686829111470466,2.267317680317454,0.1617543393510824,0,0,0
VN,Viet Nam,P - 9028,Utility Meters,P - 10,Precision goods and miscellaneous,Production,108088211.13858876,115433247.52641398,108088211.13858876,115433247.52641398,0.6378762429273864,0.6105900028659882,1,1,1,1,1,0,0.1552904512167273,0.22399636636748463,17567183.305417992,46795446.2543634,,0,17.661296475266113,18.56420298602117,0.9029065107550558,1.15884987927709,0.16982013384227349,0,0,0
VN,Viet Nam,P - 9029,Counters and Speed Indicators,P - 10,Precision goods and miscellaneous,Production,20180333.85024581,110505644.00155407,20180333.85024581,110505644.00155407,0.2224971962325749,0.48881507757885145,0,0,0,0,0,0,0.14799005392026926,0.21486161992866068,19896338.868393082,42817378.05056188,0,,17.572454630718205,18.520577163604152,0.9481225328859466,2.080703194266533,0.12887245084595467,0,0,0
VN,Viet Nam,P - 9030,Electrical Testing Equipment,P - 10,Precision goods and miscellaneous,Production,23726934.68938508,69035672.66534105,23726934.68938508,69035672.66534105,0.10176854707576857,0.19242281145939572,0,0,0,0,0,0,0.13785433191546995,0.19868250496689094,44542989.14951868,114840176.3047765,0,,18.559051957144685,18.05013393860072,-0.5089180185439659,1.8295210474161692,0.16541902723170496,0,0,0
VN,Viet Nam,P - 9031,Other Measuring Equipment,P - 10,Precision goods and miscellaneous,Production,41244720.05596249,304019715.7531685,41244720.05596249,304019715.7531685,0.10888425216060157,0.2632256351249163,0,0,0,0,0,0,0.1419396177421441,0.20480581474593892,79609270.43757617,216994796.32136166,0,,19.19538393573972,19.53260311500801,0.33721917926828837,2.115870158219672,0.17139296247576172,0,0,0
VN,Viet Nam,P - 9032,Control Instruments,P - 10,Precision goods and miscellaneous,Production,17422012.96651587,221104704.9236315,17422012.96651587,221104704.9236315,0.05088607607191518,0.27728957870974985,0,0,0,0,0,0,0.14618440696152057,0.21738485416521586,85958738.5851115,157169372.9050926,0,,18.872834596492325,19.214146929742427,0.3413123332501016,1.7943962340726354,0.174127943412915,0,0,0
VN,Viet Nam,P - 9033,Instrument Parts,P - 10,Precision goods and miscellaneous,Production,23104891.03055694,50316729.70887542,23104891.03055694,50316729.70887542,0.397078711575303,0.46268397999870775,0,0,0,0,0,0,0.15012161546210734,0.21333850539163124,9051043.431249961,15640746.808993272,0,,16.565390105812643,17.733848198231417,1.1684580924187742,1.5690138381520986,0.19003182553461478,0,0,0
VN,Viet Nam,P - 9101,Precious Metal Watches,P - 10,Precision goods and miscellaneous,Production,235632.35046650658,1745113.6868347751,235632.35046650658,1745113.6868347751,0.0017586507869243875,0.04337303098787242,0,0,0,0,0,0,0.12119477459462295,0.18452859284170145,21970345.894252848,47780577.4062116,0,,17.682129805402134,14.37233083457348,-3.3097989708286537,1.238814917965374,0.12387543490452876,0,0,0
VN,Viet Nam,P - 9102,Other Watches,P - 10,Precision goods and miscellaneous,Production,17661032.446286917,57860236.82134154,17661032.446286917,57860236.82134154,0.0762477391514651,0.16766045848837896,0,0,0,0,0,0,0.13453080665465844,0.1955038884352002,49669953.27119173,98396431.69040743,0,,18.404515108219055,17.87354096779316,-0.5309741404258936,1.294673354911605,0.1385100180055721,0,0,0
VN,Viet Nam,P - 9105,Other Clocks,P - 10,Precision goods and miscellaneous,Production,2412706.017829847,733089.4146613629,2412706.017829847,733089.4146613629,0.13504419374224808,0.07650972810399027,0,0,0,0,0,0,0.1384389561196091,0.1971885477873549,4104516.650824736,5185505.561795217,0,,15.461378092423374,13.505024322049623,-1.9563537703737506,2.094104507084598,0.10234911444333489,0,0,0
VN,Viet Nam,P - 9108,Watch Movements,P - 10,Precision goods and miscellaneous,Production,73129.28238359786,69433.7716724344,73129.28238359786,69433.7716724344,0.003062971038669724,0.0035478312636763472,0,0,0,0,0,0,0.12036312997862013,0.16931484960341828,4795509.6787502365,2579826.2753399913,0,,14.763233007114074,11.148143053763912,-3.6150899533501626,3.1401052930002082,0.08463044286665519,0,0,0
VN,Viet Nam,P - 9111,Watch Cases,P - 10,Precision goods and miscellaneous,Production,7843875.001783222,2296145.4442274156,7843875.001783222,2296145.4442274156,0.44898401885090344,0.21340169674054618,0,0,0,0,0,0,0.13469129169159616,0.18509487368120256,2342636.984563796,3629073.7937170407,0,,15.104488295990276,14.646742816716602,-0.45774547927367415,1.8957957979307822,0.0689613957390428,0,0,0
VN,Viet Nam,P - 9113,Watch Straps,P - 10,Precision goods and miscellaneous,Production,16877647.473071914,6250194.240158567,16877647.473071914,6250194.240158567,0.5260087201912982,0.315429149547118,1,0,1,0,0,0,0.14960350057505745,0.2068341328430264,4662083.627553547,10418658.221004734,,1,16.159108912402345,15.648123259650045,-0.5109856527523,0.913428275145467,0.11269404780875462,0,0,0
VN,Viet Nam,P - 9114,Other Clock and Watch Parts,P - 10,Precision goods and miscellaneous,Production,889912.8277940531,2452405.1663775234,889912.8277940531,2452405.1663775234,0.05150655241624477,0.11602366530241681,0,0,0,0,0,0,0.13176278058229107,0.18082796458588785,3623565.7892960594,5208174.327471873,0,,15.46574012733305,14.712580209293183,-0.7531599180398665,1.8383152415555444,0.08720192552828254,0,0,0
VN,Viet Nam,P - 9207,Electric Musical Instruments,P - 10,Precision goods and miscellaneous,Production,4064381.0606742036,6420473.370240558,4064381.0606742036,6420473.370240558,0.17537059951375938,0.1402146925087531,0,0,0,0,0,0,0.1311124201117335,0.19514427670270304,4389337.875233054,11389084.481351292,0,,16.24816604083472,15.675002562382023,-0.5731634784526989,1.8615203550395956,0.11496846153299962,0,0,0
VN,Viet Nam,P - 9209,Musical Instrument Parts,P - 10,Precision goods and miscellaneous,Production,11888315.261959838,7341680.634258804,11888315.261959838,7341680.634258804,0.4818457305040368,0.3377170477938916,0,0,0,0,0,0,0.1456347913397314,0.2140900629315705,3476991.390325487,6644743.689319298,0,,15.70933682791947,15.809078479834895,0.09974165191542461,1.8555665441003042,0.14060786691953697,0,0,0
VN,Viet Nam,P - 9303,Sporting Firearms,P - 10,Precision goods and miscellaneous,Production,4994.169158380618,16000.215656244558,4994.169158380618,16000.215656244558,0.00031178909571972114,0.000527898695905016,0,0,0,0,0,0,0.13373698517186886,0.20256359616821173,3449864.735563978,7356784.350304233,0,,15.811133622235435,9.680419976850981,-6.1307136453844535,2.006258144653352,0.12500066996129286,0,0,0
VN,Viet Nam,P - 9305,Firearm Parts,P - 10,Precision goods and miscellaneous,Production,207270.15464818574,540718.7989268233,207270.15464818574,540718.7989268233,0.012392516177718197,0.018618025224001605,0,0,0,0,0,0,0.1409622493134891,0.20994409089157365,3858468.435517921,10845360.439408518,0,,16.199248029434045,13.200656491912248,-2.998591537521797,2.3190968463348782,0.16091533090312968,0,0,0
VN,Viet Nam,P - 9306,Ammunition and Munitions,P - 10,Precision goods and miscellaneous,Production,145803.7819851839,1328.9894930176551,145803.7819851839,1328.9894930176551,0.002105320479969241,5.5568158293964585e-06,0,0,0,0,0,0,0.1358834505057891,0.21059508193252677,15285949.748395309,45854712.55621136,0,,17.64098855522601,7.192926321197869,-10.44806223402814,0.833550803304525,0.1679219147990599,0,0,0
VN,Viet Nam,P - 9401,Seats,P - 10,Precision goods and miscellaneous,Production,946554092.3133702,3907082617.20915,946554092.3133702,3907082617.20915,0.5790141604727859,0.7837522913358177,1,1,1,1,0,1,0.16270353187771142,0.2336243369947535,223263638.25781584,462458142.6481525,,0,19.95206661060115,22.086056798997237,2.133990188396087,0.3204984579383739,0.18038897454726832,0,0,0
VN,Viet Nam,P - 9402,Medical Furniture,P - 10,Precision goods and miscellaneous,Production,30276357.554560263,26511172.292689305,30276357.554560263,26511172.292689305,0.4576725120489362,0.43586965898230207,0,0,0,0,0,0,0.15248880908622858,0.2145406265484461,10425195.76750966,22494925.361724783,0,,16.928800346712368,17.093076835780334,0.16427648906796577,1.6787168587792938,0.16082930441293117,0,0,0
VN,Viet Nam,P - 9403,Other Furniture,P - 10,Precision goods and miscellaneous,Production,2817839971.486611,5680072741.926833,2817839971.486611,5680072741.926833,0.772820212288917,0.8278682275436526,1,1,1,1,1,1,0.16815247965559338,0.23342289482520054,277042495.43908167,530415564.8326319,,0,20.089171343751893,22.46022987645078,2.3710585326988856,0.13220978053003563,0.19940297553598893,0,0,0
VN,Viet Nam,P - 9404,Bedding and Mattresses,P - 10,Precision goods and miscellaneous,Production,102439184.31916422,259661202.51959524,102439184.31916422,259661202.51959524,0.40467964651413313,0.5323114658490226,0,1,0,1,0,0,0.1767159568776944,0.2507450524507495,55067086.378774196,129234316.79125072,1,,18.67713773162201,19.37488827586829,0.6977505442462792,-1.167511662306337,0.20945191737614852,0,0,0
VN,Viet Nam,P - 9405,Lighting Fixtures,P - 10,Precision goods and miscellaneous,Production,60363103.399616115,469350920.629731,60363103.399616115,469350920.629731,0.11681742175949186,0.38205275586202153,0,0,0,0,0,0,0.15081248393326308,0.21696924480769533,129205977.92344943,305570113.49727947,0,,19.53768981759921,19.966861280375326,0.4291714627761145,1.1750071070279928,0.13913733702252515,0,0,0
VN,Viet Nam,P - 9406,Prefabricated Buildings,P - 10,Precision goods and miscellaneous,Production,111782180.5923483,164333122.3175506,111782180.5923483,164333122.3175506,0.5319824846652751,0.5949600689247934,1,1,1,1,0,0,0.15661781488701035,0.2302391912093783,25917753.85967924,52476548.51951047,,0,17.775876951953645,18.91740616535153,1.1415292133978845,-0.10528005053003234,0.23576542759216698,0,0,0
VN,Viet Nam,P - 9503,Toys and Games,P - 10,Precision goods and miscellaneous,Production,241145571.33888695,1855716356.883396,241145571.33888695,1855716356.883396,0.4800944024187942,0.6751298773567298,0,1,0,1,0,0,0.15743002487361915,0.2235263831163827,82850560.59132794,327590552.30297756,1,,19.607275073455924,21.341536635215306,1.7342615617593822,0.878618847219443,0.12450393836258798,0,0,0
VN,Viet Nam,P - 9504,Gaming Equipment,P - 10,Precision goods and miscellaneous,Production,6266935.225995832,1041146576.776968,6266935.225995832,1041146576.776968,0.030227903739879974,0.6970725039064392,0,1,0,1,0,0,0.1398950572637592,0.21246902331310633,47922052.51684895,181199465.0201474,1,,19.015109004660133,20.76358842144813,1.7484794167879976,1.9720001080254357,0.1330988701206393,0,0,0
VN,Viet Nam,P - 9505,Party and Entertainment Items,P - 10,Precision goods and miscellaneous,Production,11407605.640651448,65357355.248864,11407605.640651448,65357355.248864,0.18217610961069988,0.24635725399245043,0,0,0,0,0,0,0.14970732970715397,0.3053227797520253,16492130.69783819,132744619.76376542,0,,18.703937695711748,17.995380558629147,-0.7085571370826003,-0.12261049432066902,0.0893506242336893,0,0,0
VN,Viet Nam,P - 9506,Sports Equipment,P - 10,Precision goods and miscellaneous,Production,173157612.5266548,858406728.3465675,173157612.5266548,858406728.3465675,0.4458230779834674,0.6702792795642227,0,1,0,1,0,1,0.1546251504757326,0.22021710550142076,64689762.4113458,151849836.66945064,1,,18.838402680436367,20.570588588656566,1.732185908220199,1.0535368220093617,0.17116289279542127,0,0,0
VN,Viet Nam,P - 9507,Fishing Equipment,P - 10,Precision goods and miscellaneous,Production,64242351.99187557,129863639.52967419,64242351.99187557,129863639.52967419,0.6877945501504579,0.752779432194991,1,1,1,1,0,1,0.1635249557803358,0.2332113522681576,10511761.575014578,22632947.582485378,,0,16.934917304415237,18.681995538916826,1.7470782345015898,-0.3732922304323182,0.1660215561023945,0,0,0
VN,Viet Nam,P - 9603,Brooms and Brushes,P - 10,Precision goods and miscellaneous,Production,95515397.1410386,141514739.9324574,95515397.1410386,141514739.9324574,0.5488082758934255,0.4819487833059345,1,0,1,0,0,0,0.163953142109302,0.2163381634111954,25597355.206026807,66960031.782965265,,1,18.019606473735656,18.767914445822715,0.7483079720870585,-0.14959907793905225,0.18693887286276928,0,0,0
VN,Viet Nam,P - 9606,Buttons and Fasteners,P - 10,Precision goods and miscellaneous,Production,11144228.374940813,16978163.00213762,11144228.374940813,16978163.00213762,0.4207972132483151,0.4728386061505803,0,0,0,0,0,0,0.16728627092101533,0.22696326587467303,5808275.419788238,9767273.516478563,0,,16.094548020564638,16.64743860591873,0.552890585354092,-0.3706730608967882,0.15035887684032317,0,0,0
VN,Viet Nam,P - 9607,Zippers,P - 10,Precision goods and miscellaneous,Production,28213213.832763933,34272512.6417365,28213213.832763933,34272512.6417365,0.5602029543962036,0.6100282720322028,1,1,1,1,0,0,0.16197442390579392,0.22905926583877326,7735237.937151079,19472612.255359083,,0,16.78451958792875,17.349854239329506,0.5653346514007573,-0.06525427763874891,0.14430707894419326,0,0,0
VN,Viet Nam,P - 9608,Pens,P - 10,Precision goods and miscellaneous,Production,28554773.640122794,42095103.45853789,28554773.640122794,42095103.45853789,0.32294764075543253,0.3452857247424758,0,0,0,0,0,0,0.14982062320571254,0.2112103262842229,16756288.068612782,33442829.045354027,0,,17.325347973142698,17.55544200824596,0.23009403510326365,0.7554958478119517,0.14215273990724261,0,0,0
VN,Viet Nam,P - 9609,Pencils and Crayons,P - 10,Precision goods and miscellaneous,Production,40503958.04260035,41552878.19890575,40503958.04260035,41552878.19890575,0.7416114321044994,0.6812474125479854,1,1,1,1,0,1,0.16338746972756452,0.2257217878494071,5059694.59799777,10150066.8208856,,0,16.1329909452904,17.542477371664134,1.4094864263737357,0.4882620618571896,0.13425873115041084,0,0,0
VN,Viet Nam,P - 9612,Ribbons and Ink Pads,P - 10,Precision goods and miscellaneous,Production,9630658.517381968,6785104.741621138,9630658.517381968,6785104.741621138,0.3530291759187758,0.2616585081277419,0,0,0,0,0,0,0.1492781478147002,0.21250155606160304,4580246.924879204,6323671.745494478,0,,15.659810727948248,15.7302404357459,0.07042970779765234,1.5651905140825908,0.1384540867235186,0,0,0
VN,Viet Nam,P - 9613,Lighters,P - 10,Precision goods and miscellaneous,Production,45016468.97243121,15330224.20919261,45016468.97243121,15330224.20919261,0.7066626564160952,0.4231416034091542,1,0,1,0,0,0,0.15679028063398787,0.21255588541918558,6057084.8613955295,10636027.298677579,,1,16.179757691991902,16.54533694148977,0.36557924949786624,0.915058845495771,0.12073630550942899,0,0,0
VN,Viet Nam,P - 9701,Original Paintings,P - 10,Precision goods and miscellaneous,Production,1601156.1675441687,7204824.976546441,1601156.1675441687,7204824.976546441,0.010583500565771876,0.018027246610720245,0,0,0,0,0,0,0.11140073749767583,0.15689689048233885,20970187.706550967,39314552.301733375,0,,17.487105321311752,15.790261633972984,-1.6968436873387684,1.1828640870796128,0.13708240074008965,0,0,0
VN,Viet Nam,P - 9703,Original Sculptures,P - 10,Precision goods and miscellaneous,Production,467395.35415427206,984668.352449137,467395.35415427206,984668.352449137,0.010457122341285296,0.012019055026953045,0,0,0,0,0,0,0.10701480378529661,0.16242652193642992,5679158.534310966,8191773.599534624,0,,15.918641111177644,13.800061181007392,-2.1185799301702524,-0.26360416299259226,0.15431801724707617,0,0,0
VN,Viet Nam,P - 9706,Antiques,P - 10,Precision goods and miscellaneous,Production,479635.4475912497,43848.474872702514,479635.4475912497,43848.474872702514,0.015115479547207294,0.004429121661400718,0,0,0,0,0,0,0.053265542345276286,0.11826974198140723,1031509.9684708404,2691822.4531884827,0,,14.80572938557108,10.688518022191621,-4.117211363379459,-1.033126647454973,0.13231550186854765,0,0,0
VN,Viet Nam,S - 1077290770,Sustainable Agroforesty Practices,S - 6,Agricultural and environmental sciences,Science,12.0,59.0,1.6481481481481481,10.970707070707068,0.3700326298123581,0.4473573410137906,0,0,0,0,0,0,0.13982625269310656,0.27844352408446577,4.879988937340031,37.34158594661363,0,,3.6465351020883627,4.0943445622221,0.4478094601337377,-4.250371727377774,0.37600959398915573,0,0,0
VN,Viet Nam,S - 1118837902,Studies on Spinal Disorders and Treatments,S - 2,Medical and health sciences,Science,1.0,1.0,0.06666666666666667,0.25,0.060258600890935106,0.13833246072023933,0,0,0,0,0,0,0.14148434863057208,0.2155026271595852,8.676570739780237,16.30576930935391,0,,2.851039931999428,0.6931471805599453,-2.1578927514394826,0.2032299654760609,0.20907981781791718,0,0,0
VN,Viet Nam,S - 1158833789,Studies on Genitourinary Health and Diseases,S - 2,Medical and health sciences,Science,7.0,3.0,1.2333333333333332,0.6777777777777778,0.2697855862352999,0.09989993967901432,0,0,0,0,0,0,0.13287513558074399,0.20803382854091432,4.814515450781984,10.596082460936397,0,,2.4506673221876603,1.3862943611198906,-1.0643729610677697,-2.750300448062014,0.26613535690652224,0,0,0
VN,Viet Nam,S - 11_1,"Plant Pathogens: Genetics, Resistance, and Control Strategies",S - 6,Agricultural and environmental sciences,Science,7.0,28.0,1.2361111111111112,5.692446633825945,0.15870311909727364,0.29793125267063214,0,0,0,0,0,0,0.13371611303745104,0.21513127625008477,10.407245989357865,36.38750080543255,0,,3.621336445498896,3.367295829986474,-0.25404061551242174,-2.9854448859305758,0.2910072438573426,0,0,0
VN,Viet Nam,S - 11_10,Nutritional Science and Sustainable Agriculture Research,S - 6,Agricultural and environmental sciences,Science,1.0,14.0,0.16666666666666666,2.6333333333333337,0.06652852334274038,0.32386894796499804,0,0,0,0,0,0,0.13022521726696823,0.3303727698116891,3.4096732021695204,17.901262804113,0,,2.9392287348660058,2.70805020110221,-0.2311785337637957,-5.120872159429512,0.3763257090298265,0,0,0
VN,Viet Nam,S - 11_11,Biomass Utilization and Sustainable Bioenergy Research,S - 6,Agricultural and environmental sciences,Science,3.0,5.0,0.6111111111111112,0.9583333333333333,0.31102121130264315,0.2368668229762048,0,0,0,0,0,0,0.14923962626996376,0.21890164670858892,3.3616466594712637,7.832176020267787,0,,2.1784014191671877,1.791759469228055,-0.3866419499391327,-2.0376942540328766,0.27295632213503057,0,0,0
VN,Viet Nam,S - 11_12,Genomics and Breeding for Crop Improvement,S - 6,Agricultural and environmental sciences,Science,0.0,11.0,0.0,1.7582846003898638,0.0,0.2647881858654682,0,0,0,0,0,0,0.1392180236427221,0.20484814643488952,7.281465688459436,17.04685429214845,0,,2.8929713921475124,2.4849066497880004,-0.40806474235951207,-3.7714300951439235,0.3060515562762771,0,0,0
VN,Viet Nam,S - 11_13,Antioxidant and Antimicrobial Properties of Natural Products,S - 6,Agricultural and environmental sciences,Science,21.0,106.0,4.541666666666667,31.091666666666658,0.33026970553025686,0.46358879687371657,0,0,0,0,0,0,0.18033664245260775,0.3743711846237288,14.212979599506966,75.65358190867845,0,,4.339296334932807,4.672828834461906,0.3335324995290989,-3.732513666649646,0.3704730533985394,0,0,0
VN,Viet Nam,S - 11_15,Epidemiology and Control of Livestock Diseases,S - 6,Agricultural and environmental sciences,Science,33.0,25.0,5.204761904761904,3.8228174603174594,0.5209095423755442,0.41090465487823535,1,0,1,0,0,0,0.12811908757867194,0.1809981629098771,4.617748558869524,13.537629414542184,,1,2.6767404199232803,3.258096538021482,0.5813561180982019,-4.482146525751888,0.35166571463904595,0,0,0
VN,Viet Nam,S - 11_16,"Food Safety, Agriculture Practices and Environmental Impact",S - 6,Agricultural and environmental sciences,Science,3.0,12.0,0.5,2.597222222222222,0.17906010845481155,0.3310345751235885,0,0,0,0,0,0,0.15213909200600198,0.23215153773145641,6.4180287637005495,12.860491033298443,0,,2.629042421222108,2.5649493574615367,-0.06409306376057122,-2.7377737956176684,0.29968447603006626,0,0,0
VN,Viet Nam,S - 11_17,"Invasive Species: Impact, Control, and Ecological Consequences",S - 6,Agricultural and environmental sciences,Science,2.0,2.0,0.3333333333333333,0.5833333333333334,0.2885988619486721,0.2881109895872992,0,0,0,0,0,0,0.14871050442143657,0.22115858467373425,1.9089851734421701,3.915646033649316,0,,1.5924231861922749,1.0986122886681098,-0.49381089752416507,-2.4943505901915737,0.2497554448493543,0,0,0
VN,Viet Nam,S - 11_18,Marine Life Biology and Conservation Strategies,S - 6,Agricultural and environmental sciences,Science,2.0,6.0,0.10833333333333334,1.0277777777777777,0.3652894269774658,0.3845935736827881,0,0,0,0,0,0,0.13934473886843043,0.20277141911316293,1.4581020694769946,3.279057259957384,0,,1.4537327189664095,1.9459101490553132,0.4921774300889037,-1.0375431730045614,0.23056778257821625,0,0,0
VN,Viet Nam,S - 11_20,Nutritional Analysis and Health Benefits of Natural Products,S - 6,Agricultural and environmental sciences,Science,0.0,4.0,0.0,0.6111111111111112,0.0,0.29056651467036765,0,0,0,0,0,0,0.13651564582211903,0.3144237535828415,0.48175717431534226,5.662723939750513,0,,1.8965284008971515,1.6094379124341003,-0.2870904884630512,-4.419104786071802,0.27518111504767995,0,0,0
VN,Viet Nam,S - 11_21,Comprehensive Analysis of Food Processing and Quality Management,S - 6,Agricultural and environmental sciences,Science,4.0,25.0,0.6666666666666666,5.005365769496206,0.18241686293227166,0.3131704092892272,0,0,0,0,0,0,0.15670390186345648,0.23211336807229596,9.46980842371252,32.962965975097376,0,,3.5252706949409314,3.258096538021482,-0.26717415691944923,-2.7077821931046833,0.32412448748679307,0,0,0
VN,Viet Nam,S - 11_22,GABA Metabolism and Impact on Plant Stress Response,S - 6,Agricultural and environmental sciences,Science,2.0,7.0,0.6666666666666666,1.6111111111111112,0.3958056954978973,0.3703622255638061,0,0,0,0,0,0,0.1402763800002111,0.2276206021850927,1.232168448348844,6.460970844738229,0,,2.0096855457935274,2.0794415416798357,0.06975599588630832,-1.2485816951279665,0.20534993517254996,0,0,0
VN,Viet Nam,S - 11_23,Plant Biology: Stress Resistance and Growth Mechanisms,S - 6,Agricultural and environmental sciences,Science,10.0,59.0,1.8333333333333333,13.314285714285711,0.14016014497794954,0.27664513131834095,0,0,0,0,0,0,0.15318444171452547,0.21625378197413284,33.290284974666044,81.15945850215334,0,,4.408661974826351,4.0943445622221,-0.3143174126042503,-1.905023567445289,0.25252380925522194,0,0,0
VN,Viet Nam,S - 11_24,Genetic and Nutritional Analysis of Diverse Crops,S - 6,Agricultural and environmental sciences,Science,0.0,4.0,0.0,0.7222222222222221,0.0,0.4408956921441006,0,0,0,0,0,0,0.14868777290658852,0.33751274115173413,0.8703607801041817,2.950245120396107,0,,1.373777632784132,1.6094379124341003,0.23566027964996827,-3.9900865571529325,0.23349452614451013,0,0,0
VN,Viet Nam,S - 11_25,Toxic Compounds in Food: Health Impacts and Mitigation,S - 6,Agricultural and environmental sciences,Science,0.0,2.0,0.0,0.2777777777777778,0.0,0.10521192265564523,0,0,0,0,0,0,0.15364192054974318,0.21949365622973727,3.931468692646304,7.682711840085268,0,,2.161333903851009,1.0986122886681098,-1.0627216151828993,-2.7141163124598164,0.26365568428348607,0,0,0
VN,Viet Nam,S - 11_26,Plant-Fungi Interactions and Evolutionary Botany,S - 6,Agricultural and environmental sciences,Science,3.0,10.0,0.5,2.4642857142857144,0.18780391170076308,0.23986203900918357,0,0,0,0,0,0,0.15165133595734853,0.22944882574420558,6.359952752574687,17.805558330740517,0,,2.9341524820287663,2.3978952727983707,-0.5362572092303957,-2.0680356989370656,0.28545705819585765,0,0,0
VN,Viet Nam,S - 11_27,Genetic and Environmental Influences on Fruit Production,S - 6,Agricultural and environmental sciences,Science,0.0,22.0,0.0,6.3888888888888875,0.0,0.26675862388937066,0,0,0,0,0,0,0.15203090636637906,0.23427119232192767,10.754025296899332,31.037397057663437,0,,3.4669038785024577,3.1354942159291497,-0.33140966257330806,-2.9209075129434128,0.29336107940709455,0,0,0
VN,Viet Nam,S - 11_28,Sustainability in Integrated Rice-Fish Farming Systems,S - 6,Agricultural and environmental sciences,Science,3.0,8.0,0.40277777777777773,1.611111111111111,0.8098241632518893,0.8316400527736734,1,1,1,1,1,1,0.11359963047207394,0.20829556667975513,0.1288116086202191,1.146367545338596,,0,0.7637768995055483,2.1972245773362196,1.4334476778306713,-2.381531461169,0.15458524749200483,0,0,0
VN,Viet Nam,S - 11_29,Non-Destructive Techniques for Estimating Leaf Area,S - 6,Agricultural and environmental sciences,Science,2.0,9.0,0.3333333333333333,2.1527777777777777,0.4852457757302098,0.5284168554230733,0,1,0,1,0,0,0.1481807142715498,0.22095699374608999,0.9144989376157282,4.333044699564303,1,,1.6739223132755015,2.302585092994046,0.6286627797185445,-1.8221408695185728,0.21012559109350856,0,0,0
VN,Viet Nam,S - 11_3,"Diversity, Evolution, and Ecological Impact of Non-Vascular Organisms",S - 6,Agricultural and environmental sciences,Science,4.0,6.0,0.5111111111111111,1.4166666666666667,0.24422576964209777,0.27542569301735387,0,0,0,0,0,0,0.15760920186444533,0.22573542936902827,6.86456471852172,11.6079397840073,0,,2.5343267570894685,1.9459101490553132,-0.5884166080341553,-1.3333325879525326,0.2962926922842234,0,0,0
VN,Viet Nam,S - 11_30,Advancements in Animal Health and Nutrition Research,S - 6,Agricultural and environmental sciences,Science,21.0,26.0,3.1138888888888885,4.583333333333334,0.32408176462163335,0.2722216950630943,0,0,0,0,0,0,0.1437557260509083,0.20850137929334478,15.011506362566482,32.880036588155555,0,,3.522825949717024,3.295836866004329,-0.22698908371269466,-3.03508169341527,0.32595154774466806,0,0,0
VN,Viet Nam,S - 11_31,"Ecology, Evolution, and Conservation of Animal Species",S - 6,Agricultural and environmental sciences,Science,5.0,18.0,0.611111111111111,2.275785325785326,0.1577181848330107,0.37586347183652624,0,0,0,0,0,0,0.12056023654897617,0.18864626970007872,9.436398153812107,8.80167087154069,0,,2.282552868239537,2.9444389791664403,0.6618861109269032,-3.5661287488006037,0.334816467749847,0,0,0
VN,Viet Nam,S - 11_32,Enzymatic Bioremediation and Textile Wastewater Treatment,S - 6,Agricultural and environmental sciences,Science,0.0,6.0,0.0,1.26984126984127,0.0,0.3771824150730459,0,0,0,0,0,0,0.15263237161950102,0.224433129211388,1.9725285804284165,5.366002467628815,0,,1.8509717164860928,1.9459101490553132,0.09493843256922041,-0.5102304192261441,0.20288472712176966,0,0,0
VN,Viet Nam,S - 11_33,"Plant Biodiversity, Evolution, and Conservation Studies",S - 6,Agricultural and environmental sciences,Science,1.0,8.0,0.06666666666666667,1.1055555555555554,0.09083339749467337,0.3891571377691495,0,0,0,0,0,0,0.14964271288517214,0.22116494804380085,5.290395393679889,9.207609202047227,0,,2.323133442371094,2.1972245773362196,-0.1259088650348743,-1.6706227129890956,0.3068592242050921,0,0,0
VN,Viet Nam,S - 11_35,Interdisciplinary Studies on Biopolymers and Their Applications,S - 6,Agricultural and environmental sciences,Science,6.0,14.0,0.9444444444444444,3.838888888888889,0.236623008620059,0.20297702491072778,0,0,0,0,0,0,0.1486189788935295,0.22582788426896605,8.78788855992137,36.344300300636974,0,,3.620180297541312,2.70805020110221,-0.9121300964391019,-1.5269922843835189,0.244129768702245,0,0,0
VN,Viet Nam,S - 11_4,Insect-Related Studies in Ecology and Pest Management,S - 6,Agricultural and environmental sciences,Science,15.0,43.0,3.4166666666666665,7.562125642388799,0.1849700054737212,0.2741028853140917,0,0,0,0,0,0,0.12421214082887301,0.15753825002528737,16.818466363522433,24.59891250709406,0,,3.2425498703915694,3.784189633918261,0.5416397635266916,-3.7739278701606698,0.374872305079824,0,0,0
VN,Viet Nam,S - 11_5,"Food Security, Nutrition, and Sustainable Rural Development",S - 6,Agricultural and environmental sciences,Science,9.0,6.0,1.6250000000000002,1.277777777777778,0.6223313818853158,0.40696703556860064,1,0,1,0,0,0,0.14092791221377576,0.2321039854835602,1.4785765842992844,6.5862691018014985,,1,2.0263399161151945,1.9459101490553132,-0.08042976705988125,-3.0230360090113284,0.2918615219190314,0,0,0
VN,Viet Nam,S - 11_6,Advancements in Cocoa Production and Processing,S - 6,Agricultural and environmental sciences,Science,3.0,11.0,0.5,3.094444444444445,0.2569547423951094,0.295423075232161,0,0,0,0,0,0,0.14906834031692384,0.24355511655219006,2.665694831097129,14.449651448910533,0,,2.7375864431482095,2.4849066497880004,-0.2526797933602092,-2.7189203892806315,0.27896908852060687,0,0,0
VN,Viet Nam,S - 11_7,Insect Biodiversity and Evolutionary Phylogenetics,S - 6,Agricultural and environmental sciences,Science,2.0,3.0,0.41666666666666663,0.5555555555555556,0.16273993657981575,0.1608461287981596,0,0,0,0,0,0,0.1578355640649453,0.2187292011896074,6.214792387405451,10.698080036406626,0,,2.459424728885497,1.3862943611198906,-1.0731303677656066,-1.9792774974823701,0.2977055465775124,0,0,0
VN,Viet Nam,S - 11_8,Impacts and Implications of Genetically Modified Crops,S - 6,Agricultural and environmental sciences,Science,0.0,0.0,0.0,0.0,0.0,0.0,0,0,0,0,0,0,0.1420567626425859,0.18622026039307882,0.855653770001558,0.9755509609718866,0,,0.680847327029567,0.0,-0.680847327029567,-1.7715447509004323,0.18436049378560607,0,0,0
VN,Viet Nam,S - 11_9,Plant Hormones and Interactions in Ecosystems,S - 6,Agricultural and environmental sciences,Science,2.0,9.0,0.2777777777777778,1.7222222222222219,0.14742982251756817,0.29993370060720703,0,0,0,0,0,0,0.145997808561216,0.21843375814860475,4.776432875274007,10.41125744603577,0,,2.4346003634140416,2.302585092994046,-0.13201527041999572,-2.6378601961251835,0.28906387057397565,0,0,0
VN,Viet Nam,S - 1318885856,Cancer Research and Treatment Advances,S - 2,Medical and health sciences,Science,7.0,19.0,0.8547619047619046,2.6438873626373627,0.11247795491064015,0.11740890500696875,0,0,0,0,0,0,0.1428439079383498,0.20991907522042313,28.3771844825742,84.47496197699517,0,,4.448223490681688,2.995732273553991,-1.452491217127697,0.5769555315482495,0.218317028312618,0,0,0
VN,Viet Nam,S - 13_0,Industrial Biotechnology and Enzyme Applications,S - 8,Life sciences,Science,7.0,14.0,1.6111111111111112,2.566666666666667,0.2942189098444999,0.32955398205236225,0,0,0,0,0,0,0.15246934548564842,0.22392798452338336,8.03815847635692,14.75614617058207,0,,2.757230522203357,2.70805020110221,-0.049180321101146784,-1.2095998091321336,0.23339224838501754,0,0,0
VN,Viet Nam,S - 13_1,"RNA Structure, Regulation, and Metabolic Pathways",S - 8,Life sciences,Science,6.0,6.0,0.8749999999999999,1.1809523809523808,0.12932518311039923,0.10897035240669309,0,0,0,0,0,0,0.14341949925696915,0.20815700293333866,20.803807922199994,39.24070077805488,0,,3.6948789406014475,1.9459101490553132,-1.7489687915461343,0.36909140852940864,0.2006262841611318,0,0,0
VN,Viet Nam,S - 13_10,Molecular Mechanisms in Disease Pathogenesis and Aging,S - 8,Life sciences,Science,7.0,9.0,0.5615079365079365,1.1597308488612832,0.09988211297779714,0.09939284358120733,0,0,0,0,0,0,0.14776077470713705,0.21439312918707346,34.85236632851022,48.153079415254744,0,,3.8949394980436503,2.302585092994046,-1.5923544050496043,0.06737599189093912,0.2160281732923024,0,0,0
VN,Viet Nam,S - 13_11,"Genomics and Bioinformatics: Analysis, Interpretation, and Education",S - 8,Life sciences,Science,4.0,19.0,0.5138888888888888,2.775786688944583,0.10659441069944514,0.1720664515173498,0,0,0,0,0,0,0.14190922487757832,0.20921472271640196,15.100570159388683,43.82112445218141,0,,3.802679556237047,2.995732273553991,-0.8069472826830562,-1.5567771354335789,0.2615903179462727,0,0,0
VN,Viet Nam,S - 13_12,Oxidative Stress and Redox Regulation in Cellular Processes,S - 8,Life sciences,Science,12.0,10.0,1.8722222222222227,2.055555555555556,0.2152547369367078,0.12760302339203292,0,0,0,0,0,0,0.1472609772150038,0.21369142806296518,21.264070973020697,36.593441976888286,0,,3.626829619675405,2.3978952727983707,-1.2289343468770344,-0.542131427245951,0.21800818941151068,0,0,0
VN,Viet Nam,S - 13_13,Molecular Mechanisms in Cellular Function and Pathology,S - 8,Life sciences,Science,11.0,8.0,2.1055555555555556,1.8611111111111112,0.12685799881442167,0.14271491788066937,0,0,0,0,0,0,0.14632836330526802,0.20498405627833333,37.088744892812535,44.06850492512029,0,,3.8081836638674607,2.1972245773362196,-1.610959086531241,0.22038782546793012,0.23589682342317364,0,0,0
VN,Viet Nam,S - 13_14,Metabolic Processes in Disease Pathogenesis and Treatment,S - 8,Life sciences,Science,3.0,9.0,0.8333333333333333,2.111111111111111,0.07184593731746469,0.1428102229034315,0,0,0,0,0,0,0.13903147807421412,0.20951786019228377,18.482251831186048,36.72714946575724,0,,3.630379980254291,2.302585092994046,-1.3277948872602452,-0.04624373120618482,0.2109573568530339,0,0,0
VN,Viet Nam,S - 13_15,DNA Barcoding and Species Identification Research,S - 8,Life sciences,Science,8.0,14.0,1.15,2.3855263157894733,0.43659315249141456,0.3461294634251745,0,0,0,0,0,0,0.15341819937836595,0.20976211020672464,4.427539394509861,8.024673245611329,0,,2.199962298091082,2.70805020110221,0.5080879030111283,-3.3338639059812483,0.35974174921517255,0,0,0
VN,Viet Nam,S - 13_16,"Genetic Disorders: Mechanisms, Manifestations, and Management",S - 8,Life sciences,Science,4.0,5.0,0.7083333333333333,0.9999999999999999,0.10837698525288417,0.0957643539644386,0,0,0,0,0,0,0.13877434033711586,0.21874852756463872,13.153218927876308,27.269164419270517,0,,3.3417716141151765,1.791759469228055,-1.5500121448871216,-0.5161126695027088,0.24904878236939793,0,0,0
VN,Viet Nam,S - 13_17,Genetics and Pathogenesis in Human Digestive Health,S - 8,Life sciences,Science,4.0,12.0,0.5111111111111111,1.4734496697229615,0.14005508826381707,0.13150198646354058,0,0,0,0,0,0,0.14356807878889175,0.19851153297178367,10.62511186859732,43.57130339326001,0,,3.7970902302656744,2.5649493574615367,-1.2321408728041376,-1.2542382376244965,0.28592591638550563,0,0,0
VN,Viet Nam,S - 13_18,Molecular Mechanisms and Applications in Biosynthesis,S - 8,Life sciences,Science,7.0,17.0,1.4166666666666667,3.716810966810967,0.13303970038932242,0.16689327267833695,0,0,0,0,0,0,0.1472054459026092,0.2057357219491082,22.840055679503607,38.94287398611719,0,,3.6874502829881597,2.8903717578961645,-0.7970785250919952,-2.4608635429784456,0.24792930551064074,0,0,0
VN,Viet Nam,S - 13_19,"Molecular Mechanisms in Health, Disease, and Therapeutic Development",S - 8,Life sciences,Science,4.0,6.0,0.38888888888888884,1.2499999999999998,0.07964012216348941,0.09308768792039138,0,0,0,0,0,0,0.14441622378915656,0.21230634982233246,24.267929318218584,43.28542266872992,0,,3.790655563502551,1.9459101490553132,-1.8447454144472377,0.39761688882022855,0.18465669644442873,0,0,0
VN,Viet Nam,S - 13_2,Molecular Mechanisms in Angiogenesis and Cancer Progression,S - 8,Life sciences,Science,0.0,2.0,0.0,0.2222222222222222,0.0,0.1919000913620077,0,0,0,0,0,0,0.143394472736282,0.21785642316770507,9.978190447748275,9.81908106646845,0,,2.381311340649769,1.0986122886681098,-1.2826990519816592,0.7690379615684079,0.1909214683356447,0,0,0
VN,Viet Nam,S - 13_20,Pathogenesis and Genomic Analysis of Infectious Diseases,S - 8,Life sciences,Science,17.0,23.0,2.5658730158730156,3.19522977022977,0.3776068248062681,0.34999674334593844,0,0,0,0,0,0,0.1351258353853635,0.21757590085216602,6.117903508928407,13.945984960891396,0,,2.704442699277925,3.1780538303479458,0.4736111310700206,-4.0751596354454085,0.34941981691097135,0,0,0
VN,Viet Nam,S - 13_21,Protein Analysis and Engineering in Biomedical Research,S - 8,Life sciences,Science,5.0,22.0,0.5555555555555556,4.538888888888888,0.11156716199340581,0.3209659377759558,0,0,0,0,0,0,0.1448203860093776,0.21862508228925925,20.746862749317444,36.96688465842888,0,,3.6367143234304105,3.1354942159291497,-0.5012201075012608,0.12276884095468171,0.22514098437677596,0,0,0
VN,Viet Nam,S - 13_22,Genomics in Plant Breeding and Genetic Diversity,S - 8,Life sciences,Science,8.0,7.0,1.0652777777777775,1.3611111111111112,0.2918862724282262,0.24815667242663375,0,0,0,0,0,0,0.13511356230536295,0.18613984748844747,6.268585314612619,9.854722410034345,0,,2.3846002304592226,2.0794415416798357,-0.3051586887793869,-3.334760868043559,0.29782043586207513,0,0,0
VN,Viet Nam,S - 13_23,Fish-Based Biological and Physiological Studies,S - 8,Life sciences,Science,2.0,2.0,0.2777777777777778,0.25,0.19403632020740413,0.24197368039521028,0,0,0,0,0,0,0.14203005011577874,0.20992358052583357,4.14446451176328,6.085238027774292,0,,1.9580134685944417,1.0986122886681098,-0.8594011799263319,0.23542788439618895,0.20682673045469355,0,0,0
VN,Viet Nam,S - 13_24,Molecular Signaling Pathways in Health and Disease,S - 8,Life sciences,Science,5.0,7.0,0.75,1.6309523809523812,0.08128232968210967,0.08378656907341168,0,0,0,0,0,0,0.14136265490548244,0.20858536833939237,28.692814207556538,37.349476116627116,0,,3.6467408671365718,2.0794415416798357,-1.567299325456736,0.9289122146412266,0.19506006353418082,0,0,0
VN,Viet Nam,S - 13_25,Genetic Engineering and Biotechnological Production Techniques,S - 8,Life sciences,Science,14.0,37.0,2.427777777777778,8.48293650793651,0.2709083588642081,0.34990498588341706,0,0,0,0,0,0,0.151651396161266,0.21971239300846127,18.518304925607747,38.71813350249934,0,,3.681807846695686,3.6375861597263857,-0.0442216869693004,-1.4085018744314155,0.2531712592815185,0,0,0
VN,Viet Nam,S - 13_26,Pharmacological Potential of Natural Compounds and Proteins,S - 8,Life sciences,Science,8.0,19.0,1.8333333333333333,4.999999999999999,0.4061176778571592,0.49313295589249273,0,0,0,0,0,0,0.15283567977525603,0.26750038000328175,3.960872168901955,13.318042427782007,0,,2.6615204502174032,2.995732273553991,0.3342118233365876,-2.896154204362878,0.264006912475954,0,0,0
VN,Viet Nam,S - 13_27,Pharmacological Properties and Therapeutic Potential of Plant Compounds,S - 8,Life sciences,Science,20.0,33.0,4.305555555555555,9.763888888888888,0.4766796016263368,0.5205303531609441,0,1,0,1,0,0,0.173008263996553,0.26906142925360693,8.31341451958908,20.827940281840803,1,,3.0831908134690797,3.5263605246161616,0.4431697111470818,-2.6065364410467495,0.2392002274136812,0,0,0
VN,Viet Nam,S - 13_28,Advancements in Metabolic Research and Biochemical Analysis,S - 8,Life sciences,Science,13.0,23.0,2.1222222222222222,3.986507936507937,0.22152669716588222,0.20184681515507658,0,0,0,0,0,0,0.14975308932911216,0.20236646588883087,22.9245991830363,41.36032000647301,0,,3.7462120751539865,3.1780538303479458,-0.5681582448060407,-1.4289778527490025,0.2890040925411167,0,0,0
VN,Viet Nam,S - 13_29,Genetics and Communication in Sex Differentiation,S - 8,Life sciences,Science,1.0,4.0,0.16666666666666666,0.9619883040935673,0.056565191900257855,0.19767505831024076,0,0,0,0,0,0,0.13562197416760108,0.2052611399951171,6.352353178255266,10.2853232192064,0,,2.423503051348608,1.6094379124341003,-0.8140651389145079,-1.2947328650235066,0.2473432108045212,0,0,0
VN,Viet Nam,S - 13_3,"Evolution, Diversity, and Pathogenicity of Microbial Organisms",S - 8,Life sciences,Science,9.0,22.0,1.172222222222222,4.144827586206896,0.18573646357390558,0.3275836571585831,0,0,0,0,0,0,0.14235530662870924,0.20655064266443887,15.89644460557351,30.897489887181468,0,,3.4625273197726094,3.1354942159291497,-0.32703310384345974,-2.642956590916356,0.3132956328743385,0,0,0
VN,Viet Nam,S - 13_30,RNA Mechanisms and Applications in Cancer Research,S - 8,Life sciences,Science,16.0,36.0,2.8277777777777775,8.195507708665605,0.12043866928325056,0.1299065567326459,0,0,0,0,0,0,0.1407109229444911,0.20894349406245913,56.39341737286242,154.25174374525903,0,,5.0450479526040315,3.6109179126442243,-1.4341300399598071,0.0893065844693623,0.1988533914735141,0,0,0
VN,Viet Nam,S - 13_31,Computational Bioinformatics in Immunology and Proteomics,S - 8,Life sciences,Science,2.0,8.0,0.11363636363636363,1.4976190476190474,0.23762453695001587,0.2956675834127275,0,0,0,0,0,0,0.13307755156513695,0.20745132974601455,2.2698394153608334,8.032743780248467,0,,2.2008561729086096,2.1972245773362196,-0.0036315955723900117,-2.3359785996448674,0.2440213076318885,0,0,0
VN,Viet Nam,S - 13_32,Molecular Mechanisms in Development and Regeneration,S - 8,Life sciences,Science,2.0,2.0,0.15,0.2777777777777778,0.0789122238781461,0.05820873262742917,0,0,0,0,0,0,0.14424218876818443,0.21249412514960608,13.011270046155303,17.99027223371396,0,,2.94392686035672,1.0986122886681098,-1.8453145716886101,0.6094241703319325,0.18537533615496102,0,0,0
VN,Viet Nam,S - 13_33,"Signaling Pathways in Development, Disease, and Therapy",S - 8,Life sciences,Science,2.0,3.0,0.13333333333333333,0.6666666666666666,0.06617636599291804,0.08423796065200348,0,0,0,0,0,0,0.14339413536512163,0.21069502267505985,14.936840167655177,16.3647655186507,0,,2.8544431830038444,1.3862943611198906,-1.4681488218839538,1.1709823275476414,0.17014185349708816,0,0,0
VN,Viet Nam,S - 13_34,DNA Structures and Their Therapeutic Implications,S - 8,Life sciences,Science,1.0,3.0,0.16666666666666666,0.8333333333333333,0.0670507167911643,0.15009213702920943,0,0,0,0,0,0,0.14588822057829107,0.21844347858403249,8.22831291963989,13.373203688166155,0,,2.665365618051936,1.3862943611198906,-1.2790712569320453,-0.22977991344007817,0.20984839056734167,0,0,0
VN,Viet Nam,S - 13_35,"DNA-Based Nanotechnology, Computation, and Interaction Dynamics",S - 8,Life sciences,Science,12.0,31.0,2.261111111111111,7.805555555555555,0.25316852482391183,0.2855407000056202,0,0,0,0,0,0,0.1466282351639845,0.21181540847780284,18.87388701046126,49.79857972202516,0,,3.9278683959657466,3.4657359027997265,-0.46213249316602,-0.5976285757586222,0.21218012181345428,0,0,0
VN,Viet Nam,S - 13_36,Bioinformatics and Genomic Data Analysis Techniques,S - 8,Life sciences,Science,3.0,6.0,0.5,1.4166666666666665,0.11560205574130139,0.1151175500763425,0,0,0,0,0,0,0.14492635090490508,0.2141165972200932,12.12498076376539,22.966236615788084,0,,3.1766460321894763,1.9459101490553132,-1.230735883134163,-0.5132122566885762,0.23361860630868125,0,0,0
VN,Viet Nam,S - 13_37,Advancements in Bioimaging and Molecular Interaction Techniques,S - 8,Life sciences,Science,1.0,2.0,0.1111111111111111,0.4583333333333333,0.06753668268407347,0.11717760700154616,0,0,0,0,0,0,0.14276263982213247,0.2111575811894419,8.043466775904287,19.892903544270624,0,,3.039409557976541,1.0986122886681098,-1.9407972693084312,0.9863236347553407,0.18611079559429894,0,0,0
VN,Viet Nam,S - 13_4,Plant-Derived Compounds in Disease Treatment and Prevention,S - 8,Life sciences,Science,11.0,10.0,2.333333333333333,2.8888888888888884,0.6004012623968372,0.5960371165953273,1,1,1,1,0,0,0.15121795816456648,0.24553351393118994,2.7378823565597057,4.367746761462568,,0,1.6804082229721082,2.3978952727983707,0.7174870498262624,-2.3896187643445517,0.22561887316844045,0,0,0
VN,Viet Nam,S - 13_5,Epigenetic Modifications and Implications in Biomedical Research,S - 8,Life sciences,Science,7.0,11.0,1.4,1.8198412698412698,0.11402867973056667,0.09954991055440851,0,0,0,0,0,0,0.14217108392126465,0.21017878699570747,26.501092742645646,56.58689706803008,0,,4.053295060366203,2.4849066497880004,-1.5683884105782027,0.11311511201162705,0.19735160702278687,0,0,0
VN,Viet Nam,S - 13_6,"Bioactive Compounds: Roles, Effects, and Therapeutic Applications",S - 8,Life sciences,Science,6.0,8.0,1.3333333333333333,1.4444444444444444,0.2757283506834911,0.23453167141733183,0,0,0,0,0,0,0.15140261149471745,0.22424540331059595,8.031349361520043,20.274162543641424,0,,3.057493310283571,2.1972245773362196,-0.8602687329473513,-1.282894518309972,0.2532066631660042,0,0,0
VN,Viet Nam,S - 13_7,Interdisciplinary Studies on Electromagnetic Fields and Biotechnology,S - 8,Life sciences,Science,0.0,8.0,0.0,1.4861111111111112,0.0,0.24241221051052214,0,0,0,0,0,0,0.14969696855573628,0.22439875238976167,8.034315747665081,16.579556413595427,0,,2.866736659492466,2.1972245773362196,-0.6695120821562464,-0.6323348138581435,0.2453957832717799,0,0,0
VN,Viet Nam,S - 13_8,Genetic Variation and Its Implications in Health and Evolution,S - 8,Life sciences,Science,12.0,11.0,1.4930555555555556,1.0813615234667866,0.1944043549437697,0.1262071512221785,0,0,0,0,0,0,0.11207652708706782,0.20147463873238086,12.736515457678307,30.0168215437733,0,,3.4345296877587836,2.4849066497880004,-0.9496230379707833,-2.7905896933348693,0.3402414804443542,0,0,0
VN,Viet Nam,S - 13_9,Microbial Interactions and Antibiotic Resistance,S - 8,Life sciences,Science,18.0,45.0,3.01111111111111,9.780555555555555,0.22834868174627998,0.3536316968352526,0,0,0,0,0,0,0.13366650747160816,0.1926501190007992,19.31085257797797,29.106724900610686,0,,3.4047485654255456,3.828641396489095,0.42389283106354947,-3.29775449736108,0.3492991897934204,0,0,0
VN,Viet Nam,S - 14_0,"Tourism, Hospitality, and Consumer Behavior Studies",S - 5,Business and economics,Science,2.0,8.0,0.5833333333333333,2.4833333333333334,0.3718819262881149,0.5746130594061091,0,1,0,1,0,1,0.14657102014914614,0.22610622757883567,1.471877577703699,3.2083359872977755,1,,1.437067317138131,2.1972245773362196,0.7601572601980886,0.7664734538964287,0.19145675168990114,0,0,0
VN,Viet Nam,S - 14_1,"Regulation, Competition, and Corporate Influence in Markets",S - 5,Business and economics,Science,7.0,15.0,1.780952380952381,2.5940476190476187,0.43759166963633017,0.4206761839205691,0,0,0,0,0,0,0.13672557960316775,0.18738006443996838,1.6176726783222226,4.089330235640895,0,,1.627146237550992,2.772588722239781,1.1454424846887892,-4.084423566667826,0.4096783884680837,0,0,0
VN,Viet Nam,S - 14_10,Innovations and Impacts in Finance and Consumption,S - 5,Business and economics,Science,0.0,40.0,0.0,9.872222222222224,0.0,0.5426031965615274,0,1,0,1,0,0,0.14550270830972464,0.22730919193561935,2.382524839404675,20.26906785422021,1,,3.0572538038146013,3.713572066704308,0.6563182628897066,-1.4686676731341284,0.28222250983830066,0,0,0
VN,Viet Nam,S - 14_11,"Digital Economy: Impact, Regulation, and Global Trade",S - 5,Business and economics,Science,0.0,4.0,0.0,1.1111111111111112,0.0,0.540416828065087,0,1,0,1,0,0,0.12631388238006552,0.2273061386438622,0.18113567884480364,1.7794246093521155,1,,1.0222439312270575,1.6094379124341003,0.5871939812070428,-0.35761195679423446,0.18191338001885016,0,0,0
VN,Viet Nam,S - 14_12,Supply Chain Management and Optimization Strategies,S - 5,Business and economics,Science,3.0,108.0,0.6203703703703703,29.258333333333326,0.12378246178116692,0.5300286935791548,0,1,0,1,0,0,0.14702936780710907,0.2268247209034614,9.806639955673086,53.52607505131026,1,,3.9986790285610936,4.6913478822291435,0.6926688536680499,-2.3902218492525042,0.31668150572353954,0,0,0
VN,Viet Nam,S - 14_13,Global Governance and Sustainable Development in Digital Economy,S - 5,Business and economics,Science,2.0,5.0,0.2037037037037037,1.5444444444444445,0.3991768998138916,0.4924090155493928,0,0,0,0,0,0,0.13879296693855042,0.21869749547815448,1.2112715696925416,3.0295115720106365,0,,1.39364517060127,1.791759469228055,0.39811429862678493,-1.702549392594098,0.2403069923652772,0,0,0
VN,Viet Nam,S - 14_14,Strategic Management and Innovation in Business,S - 5,Business and economics,Science,4.0,32.0,1.1666666666666667,10.944444444444445,0.18418996908143342,0.45838338230289805,0,0,0,0,0,0,0.14875705169385753,0.2219158892392279,8.943359314960038,16.191567068966293,0,,2.8444189769015833,3.4965075614664802,0.6520885845648969,-1.5360384438312078,0.2955442419667283,0,0,0
VN,Viet Nam,S - 14_15,"Innovation, Entrepreneurship and Sustainable Development Strategies",S - 5,Business and economics,Science,5.0,78.0,0.7037037037037036,28.54166666666667,0.20660043500406428,0.5774406074896664,0,1,0,1,0,1,0.14738152235839153,0.22729129011570506,8.432111613848868,25.904804205110853,1,,3.292304865647141,4.3694478524670215,1.0771429868198803,-3.182827918715655,0.34951573991914964,0,0,0
VN,Viet Nam,S - 14_16,Organizational Change and Agility in Digital Transformation,S - 5,Business and economics,Science,0.0,3.0,0.0,0.6833333333333333,0.0,0.42288528319013535,0,0,0,0,0,0,0.1391478677393013,0.22871445420608133,0.40718511518372535,2.1819634081142842,0,,1.1574984301996571,1.3862943611198906,0.22879593092023343,-0.27781686802431743,0.22210700120974203,0,0,0
VN,Viet Nam,S - 14_17,"Financial Management, Investment Strategies and Economic Implications",S - 5,Business and economics,Science,1.0,37.0,0.16666666666666666,11.083333333333332,0.118980316161779,0.6915475902052443,0,1,0,1,0,1,0.1438142558444341,0.23126333421565032,3.5980233470858245,10.402994125261412,1,,2.4338759634827194,3.6375861597263857,1.2037101962436663,-2.132581669136992,0.2943490781079264,0,0,0
VN,Viet Nam,S - 14_18,Strategic Management and Organizational Performance Studies,S - 5,Business and economics,Science,5.0,9.0,1.5833333333333333,2.833333333333333,0.4140754400821618,0.5979017883133285,0,1,0,1,0,1,0.15608438339885536,0.23413864062772569,3.5553504076813955,6.723028819624789,1,,2.044206621242056,2.302585092994046,0.2583784717519899,-1.7676814072500282,0.2869552459503074,0,0,0
VN,Viet Nam,S - 14_19,SWOT Analysis and Strategic Decision-Making Across Industries,S - 5,Business and economics,Science,0.0,2.0,0.0,0.6666666666666666,0.0,0.6988659249146618,0,1,0,1,0,1,0.11910079916830142,0.23414463848719472,0.02874663810518583,0.6091099427236037,1,,0.47568119552273225,1.0986122886681098,0.6229310931453775,0.28767720604820524,0.1421726845919475,0,0,0
VN,Viet Nam,S - 14_2,Business Strategy and Information Technology Integration,S - 5,Business and economics,Science,0.0,13.0,0.0,2.986111111111111,0.0,0.413820702718517,0,0,0,0,0,0,0.14269804256141622,0.22927068103717982,1.1860599211635372,8.703511100067573,0,,2.2724877890934656,2.6390573296152584,0.3665695405217928,-1.152995173234473,0.27588740648290155,0,0,0
VN,Viet Nam,S - 14_20,Improving Interprofessional Communication in Healthcare,S - 5,Business and economics,Science,0.0,0.0,0.0,0.0,0.0,0.0,0,0,0,0,0,0,0.11706969907837485,0.1913782735454037,0.7490294553586355,1.3743930013644399,0,,0.8647418264480189,0.0,-0.8647418264480189,-0.48931955652231224,0.13974111816278925,0,0,0
VN,Viet Nam,S - 14_21,Infrastructure Project Management and Financial Sustainability,S - 5,Business and economics,Science,0.0,3.0,0.0,0.6666666666666666,0.0,0.41742518814117513,0,0,0,0,0,0,0.13912486146792016,0.2087550700953983,0.606808738952828,2.104106545110548,0,,1.1327259268319272,1.3862943611198906,0.2535684342879634,-1.0818590591582562,0.19442473311634945,0,0,0
VN,Viet Nam,S - 14_3,"Cooperative and Banking Systems: Governance, Risk, and Performance",S - 5,Business and economics,Science,0.0,29.0,0.0,7.0666666666666655,0.0,0.7417807913511077,0,1,0,1,0,1,0.14290410631007833,0.29464458709668984,1.0235938100426318,6.000087649358742,1,,1.9459226703138852,3.4011973816621555,1.4552747113482702,-3.9470342862530665,0.2807885249201973,0,0,0
VN,Viet Nam,S - 14_4,Operations and Quality Management Across Industries,S - 5,Business and economics,Science,1.0,12.0,0.25,3.944444444444445,0.1569094984297833,0.5641978911502069,0,1,0,1,0,0,0.15155076798865205,0.22924525412160904,2.899537606064804,6.523033237511597,1,,2.017969412687638,2.5649493574615367,0.5469799447738986,-1.0122694484934307,0.2527267244628327,0,0,0
VN,Viet Nam,S - 14_5,Skills Development and Integration in Accounting Education,S - 5,Business and economics,Science,0.0,1.0,0.0,0.16666666666666666,0.0,0.5494390150228038,0,1,0,1,0,0,0.12021171358195067,0.19429718475169325,0.2561054309703397,0.4583350908404753,1,,0.3772954362884964,0.6931471805599453,0.3158517442714489,0.5540660894048706,0.12375291826657848,0,0,0
VN,Viet Nam,S - 14_6,Organizational Performance and Behavior Analysis,S - 5,Business and economics,Science,1.0,42.0,0.16666666666666666,10.905555555555557,0.08432565725849507,0.5699462888089799,0,1,0,1,0,1,0.14441383625599608,0.22913922297598266,5.460306058808433,18.593737679777345,1,,2.975210009049703,3.7612001156935624,0.7859901066438595,-1.4767668484869323,0.26904123545118497,0,0,0
VN,Viet Nam,S - 14_7,"Corporate Governance, Ethics, and Financial Performance",S - 5,Business and economics,Science,10.0,136.0,3.4166666666666665,44.20555555555556,0.2537338980122045,0.6681414998891125,0,1,0,1,0,1,0.1482282335203187,0.2257777932085159,13.51597184116875,40.09105451704474,1,,3.7157904461592177,4.919980925828125,1.2041904796689074,-1.8526269513215063,0.2985679402473226,0,0,0
VN,Viet Nam,S - 14_8,Organizational Development and Innovation in Education,S - 5,Business and economics,Science,0.0,6.0,0.0,1.0555555555555556,0.0,0.37532001866544806,0,0,0,0,0,0,0.13887862799840506,0.20814446788683255,3.794854256034776,5.81193826145415,0,,1.9186766995553413,1.9459101490553132,0.027233449499971973,0.4216094713717489,0.18718687691743258,0,0,0
VN,Viet Nam,S - 14_9,Consumer Behavior and Marketing Strategies Analysis,S - 5,Business and economics,Science,7.0,233.0,2.25,66.31944444444444,0.20742266739091655,0.6585676570208988,0,1,0,1,0,1,0.1457619833045733,0.23721892872657252,11.524587850400351,70.26566976087939,1,,4.266414721436962,5.455321115357702,1.1889063939207398,-2.3283792500658405,0.30907206157025047,0,0,0
VN,Viet Nam,S - 1578567585,Studies on Bone Health and Disorders,S - 2,Medical and health sciences,Science,7.0,6.0,1.5416666666666667,0.9277777777777778,0.1575145068214005,0.17760897053883967,0,0,0,0,0,0,0.14404943171644058,0.21652968782969076,16.835331843341994,25.81383143422227,0,,3.288917852675768,1.9459101490553132,-1.3430077036204546,-0.0044718184261605745,0.2270323033048915,0,0,0
VN,Viet Nam,S - 15_0,Chemical Properties and Applications in Diverse Fields,S - 9,Chemistry and pharmaceuticals,Science,17.0,38.0,4.6805555555555545,8.541666666666664,0.2993897006961469,0.3623718174525465,0,0,0,0,0,0,0.1491903158114578,0.22432333196711315,17.609986804882336,45.667417901101324,0,,3.8430462316923677,3.6635616461296463,-0.1794845855627214,-1.0463917908961184,0.25476567397129257,0,0,0
VN,Viet Nam,S - 15_1,Catalysis and Chemical Processes in Energy Production,S - 9,Chemistry and pharmaceuticals,Science,9.0,58.0,1.8055555555555558,7.971031746031744,0.1915657383549247,0.3738773717109779,0,0,0,0,0,0,0.14604825125547907,0.21416000037067529,19.14857162664857,65.04425337848915,0,,4.19032502307257,4.07753744390572,-0.11278757916685045,-0.5054674626006798,0.21147391685033665,0,0,0
VN,Viet Nam,S - 16_0,Applications and Analysis in Thermodynamics and Kinetics,S - 9,Chemistry and pharmaceuticals,Science,0.0,0.0,0.0,0.0,0.0,0.0,0,0,0,0,0,0,0.14232805062687218,0.22247182546228872,1.0861414298064982,2.226277643775222,0,,1.171329040406143,0.0,-1.171329040406143,0.888724033828862,0.20422370632001105,0,0,0
VN,Viet Nam,S - 16_1,Catalysis in Organic Synthesis and Environmental Applications,S - 9,Chemistry and pharmaceuticals,Science,3.0,60.0,0.6944444444444444,14.530952380952382,0.12531326555419786,0.4467912601357042,0,0,0,0,0,0,0.1420604299445661,0.2283241341097155,9.99353692220295,39.29365274004946,0,,3.696193956301259,4.110873864173311,0.4146799078720522,-1.6037371561687508,0.21757769252576042,0,0,0
VN,Viet Nam,S - 16_10,Synthesis and Bioactivity of Heterocyclic Compounds,S - 9,Chemistry and pharmaceuticals,Science,4.0,21.0,0.5249999999999999,6.083333333333333,0.15037061742934454,0.2763005166553101,0,0,0,0,0,0,0.1492011051689725,0.2466436102247708,11.060874865651726,28.30164562285347,0,,3.377643679048357,3.091042453358316,-0.286601225690041,-2.7195977811859673,0.2868513201555415,0,0,0
VN,Viet Nam,S - 16_11,Chemical Analysis and Health Effects of Natural Products,S - 9,Chemistry and pharmaceuticals,Science,0.0,6.0,0.0,1.4166666666666665,0.0,0.35296571794033665,0,0,0,0,0,0,0.15921799954695473,0.28344902922485793,2.442631716951885,6.305978394183938,0,,1.9886929710985206,1.9459101490553132,-0.04278282204320738,-3.881643480866994,0.28972097375255473,0,0,0
VN,Viet Nam,S - 16_12,Surfactants and Polymers: Computational Chemistry and Physics,S - 9,Chemistry and pharmaceuticals,Science,5.0,19.0,0.6388888888888888,1.8833333333333335,0.2773783791295087,0.6135375608292718,0,1,0,1,0,0,0.14899473068110375,0.2163346992314189,6.327607100232021,8.04681438423706,1,,2.202412694002918,2.995732273553991,0.7933195795510728,-0.27435983653764817,0.20308684830591897,0,0,0
VN,Viet Nam,S - 16_13,"Organic Chemistry: Reactions, Mechanisms, and Applications",S - 9,Chemistry and pharmaceuticals,Science,5.0,18.0,0.9583333333333333,3.638888888888889,0.19652363042162244,0.34702244160411094,0,0,0,0,0,0,0.1502918346079825,0.2226597674804908,10.093979954259535,21.199870507181352,0,,3.1000864558513728,2.9444389791664403,-0.1556474766849325,-1.1841785513012677,0.25950515809489305,0,0,0
VN,Viet Nam,S - 16_14,Advancements and Applications in Analytical Chemistry,S - 9,Chemistry and pharmaceuticals,Science,9.0,42.0,1.8333333333333335,8.504761904761903,0.20835129010851383,0.3359783417936644,0,0,0,0,0,0,0.149685587787442,0.2411530735997396,14.378756430866137,43.91235373993493,0,,3.8047128958784744,3.7612001156935624,-0.043512780184912,-2.276850317832548,0.28547231620584507,0,0,0
VN,Viet Nam,S - 16_2,Advances in Catalysis and Organometallic Chemistry,S - 9,Chemistry and pharmaceuticals,Science,5.0,11.0,1.0555555555555556,3.7777777777777777,0.08568291377158456,0.10904377442055038,0,0,0,0,0,0,0.13973125278565676,0.20528144849247415,27.90352189306396,45.2065562808429,0,,3.8331216988600576,2.4849066497880004,-1.3482150490720572,0.2724151743840091,0.17280980267286605,0,0,0
VN,Viet Nam,S - 16_3,Advancements in Organic Synthesis and Green Chemistry,S - 9,Chemistry and pharmaceuticals,Science,12.0,23.0,2.9027777777777772,6.36111111111111,0.2301515431289568,0.290405686058576,0,0,0,0,0,0,0.14426608913315664,0.21953146829342157,17.973198526022514,31.50737099189826,0,,3.481466863371232,3.1780538303479458,-0.30341303302328626,-1.206713678142462,0.23965182931152845,0,0,0
VN,Viet Nam,S - 16_4,Chemistry and Applications of Advanced Materials,S - 9,Chemistry and pharmaceuticals,Science,17.0,56.0,4.750000000000001,14.15595238095238,0.3428520182816382,0.37913647221829266,0,0,0,0,0,0,0.14709781511429612,0.21648271288097606,14.277746377019719,53.752377754886446,0,,4.00282079706658,4.04305126783455,0.040230470767970594,-0.7961328055511787,0.20082145278364522,0,0,0
VN,Viet Nam,S - 16_5,Synthesis and Applications of Heterocyclic Compounds in Medicine,S - 9,Chemistry and pharmaceuticals,Science,0.0,3.0,0.0,0.75,0.0,0.2355144833337527,0,0,0,0,0,0,0.14342777061868814,0.27761203653952227,1.9891386057019518,7.234738332326646,0,,2.108361588058177,1.3862943611198906,-0.7220672269382866,-3.250337967458064,0.2042111969867982,0,0,0
VN,Viet Nam,S - 16_6,Advancements in Spectroscopy and Proteomics Techniques,S - 9,Chemistry and pharmaceuticals,Science,2.0,6.0,0.2222222222222222,1.472222222222222,0.06945916939790146,0.1156631483015394,0,0,0,0,0,0,0.1441412849086787,0.21333163546847642,15.367679799711942,27.275014184263355,0,,3.3419785236559347,1.9459101490553132,-1.3960683746006215,0.7999042794307558,0.1928023876840409,0,0,0
VN,Viet Nam,S - 16_7,Innovations and Advances in Chemistry Research,S - 9,Chemistry and pharmaceuticals,Science,7.0,13.0,1.25,2.236111111111111,0.16597263725592454,0.2074180147574236,0,0,0,0,0,0,0.14816440688563326,0.2184313564405269,17.861904522677293,36.616343607968616,0,,3.6274386263787233,2.6390573296152584,-0.9883812967634649,-0.914227682490818,0.24095600869523287,0,0,0
VN,Viet Nam,S - 16_8,Stereochemistry and Molecular Structure Analysis Techniques,S - 9,Chemistry and pharmaceuticals,Science,3.0,19.0,0.4444444444444444,1.9849206349206348,0.12082243735545702,0.34795618000423845,0,0,0,0,0,0,0.14883547733727417,0.21835422201481522,12.132274513732433,19.341037558994906,0,,3.01264040008612,2.995732273553991,-0.016908126532129142,-0.32956048482700234,0.23701001666375052,0,0,0
VN,Viet Nam,S - 16_9,Advancements in Ion Detection and Bioimaging Techniques,S - 9,Chemistry and pharmaceuticals,Science,2.0,46.0,0.2777777777777778,11.236507936507936,0.05893643351868016,0.32553703986482474,0,0,0,0,0,0,0.14997785775190825,0.21947107023879492,17.953296647913195,49.80245270023768,0,,3.9279446349196636,3.8501476017100584,-0.07779703320960518,-0.8651961250644211,0.22086597106713568,0,0,0
VN,Viet Nam,S - 17_0,Computational Mathematics and Cryptography Techniques,S - 4,Computer science,Science,3.0,1.0,1.0833333333333333,0.16666666666666666,0.5591829634545016,0.4484660593310416,1,0,1,0,0,0,0.14678475147543568,0.2067431054052568,1.0472089347536242,1.438750052035663,,1,0.891485634292206,0.6931471805599453,-0.19833845373226067,2.0529006127289535,0.14285264749769302,0,0,0
VN,Viet Nam,S - 17_1,Software Development and Engineering Processes,S - 4,Computer science,Science,0.0,1.0,0.0,0.5,0.0,0.18879640332220665,0,0,0,0,0,0,0.14266943145864688,0.21825429859484807,1.5002805737927616,2.8963194376563957,0,,1.3600323736041016,0.6931471805599453,-0.6668851930441563,0.0449467603219181,0.2132621042079119,0,0,0
VN,Viet Nam,S - 17_10,Advanced Computing Systems and Optimization Techniques,S - 4,Computer science,Science,2.0,3.0,0.5,0.31666666666666665,0.2190329728892984,0.19648099575600242,0,0,0,0,0,0,0.14493331096527262,0.21765169019711397,3.5623652359965607,7.850267539474394,0,,2.1804476890119915,1.3862943611198906,-0.7941533278921009,-0.787610594972114,0.22357167609485368,0,0,0
VN,Viet Nam,S - 17_11,"IoT, Security, and Wireless Sensor Networks",S - 4,Computer science,Science,4.0,88.0,0.8333333333333333,17.091269841269842,0.31679293371716727,0.4780410433875597,0,0,0,0,0,0,0.14770591035020095,0.23048417305281496,3.6646401658702876,44.76388975771711,0,,3.8234953469055695,4.48863636973214,0.6651410228265702,-2.460650722292387,0.29541445938333294,0,0,0
VN,Viet Nam,S - 17_12,Human-Computer Interaction and Recognition Technologies,S - 4,Computer science,Science,0.0,16.0,0.0,3.75,0.0,0.34031628696711963,0,0,0,0,0,0,0.14695521211527493,0.2183869051849908,3.553693716952647,17.456120550831145,0,,2.9153960526463463,2.833213344056216,-0.0821827085901301,-0.7897052606227973,0.21868322696108233,0,0,0
VN,Viet Nam,S - 17_13,Cryptography and Security Techniques Analysis,S - 4,Computer science,Science,2.0,22.0,0.6666666666666666,6.2749999999999995,0.20809216101099198,0.3764854217002754,0,0,0,0,0,0,0.14307853735628348,0.21640165656359006,3.205413233028807,16.78925286413395,0,,2.8785945032766524,3.1354942159291497,0.2568997126524972,-1.3172741932968994,0.22569699289480183,0,0,0
VN,Viet Nam,S - 17_14,Data Analysis and Information Retrieval Techniques,S - 4,Computer science,Science,11.0,78.0,2.7525252525252526,17.034424603174596,0.2796881723274242,0.4137858409767634,0,0,0,0,0,0,0.14661684031792854,0.21309274739123896,11.626158985176062,48.19484485201959,0,,3.895788838578018,4.3694478524670215,0.47365901388900333,-2.2067551376062284,0.2906007958946116,0,0,0
VN,Viet Nam,S - 17_15,Machine Learning and Natural Language Processing Techniques,S - 4,Computer science,Science,1.0,29.0,0.16666666666666666,7.695535714285713,0.1530368220388841,0.4862047574231613,0,0,0,0,0,0,0.14879507311707799,0.2179317644508595,3.206875083449579,17.337301343223576,0,,2.908937310048378,3.4011973816621555,0.4922600716137775,-1.060697097023807,0.22852820045940014,0,0,0
VN,Viet Nam,S - 17_16,Interdisciplinary Studies in Information Theory and Security,S - 4,Computer science,Science,6.0,13.0,1.4277777777777776,3.0833333333333335,0.27242839752020165,0.2066260153253816,0,0,0,0,0,0,0.14871812361804765,0.21686082393123154,8.077046191858445,27.624750370958512,0,,3.3542717411711735,2.6390573296152584,-0.7152144115559151,-0.19590428742091243,0.22572545238718317,0,0,0
VN,Viet Nam,S - 17_17,Distributed Systems and Network Architectures,S - 4,Computer science,Science,0.0,8.0,0.0,1.2253968253968255,0.0,0.29769700231251967,0,0,0,0,0,0,0.13835749338636963,0.20926590065954123,3.8121463218418485,11.796515001914281,0,,2.5491728683791512,2.1972245773362196,-0.3519482910429317,0.12111102619862162,0.18213485370159033,0,0,0
VN,Viet Nam,S - 17_18,Advancements in Visual Content Analysis and Understanding,S - 4,Computer science,Science,0.0,9.0,0.0,1.8923611111111112,0.0,0.37294543336179825,0,0,0,0,0,0,0.1351467304039948,0.20353393129402525,0.82145149112215,8.411894998365236,0,,2.241974314658096,2.302585092994046,0.060610778335949966,-0.2114002070888422,0.15608138651367245,0,0,0
VN,Viet Nam,S - 17_19,Data Management and Sharing in Scientific Research,S - 4,Computer science,Science,0.0,1.0,0.0,0.08333333333333333,0.0,0.21633047215988485,0,0,0,0,0,0,0.12416047902366867,0.20426385032385977,0.3772037252644012,2.368585489860837,0,,1.2144929203041417,0.6931471805599453,-0.5213457397441964,-0.023265986574175203,0.1733274193625137,0,0,0
VN,Viet Nam,S - 17_2,Machine Learning Techniques in Image and Face Recognition,S - 4,Computer science,Science,3.0,18.0,0.6666666666666666,5.059027777777779,0.2495201385820764,0.35118150736893117,0,0,0,0,0,0,0.14274500990927208,0.20895113045323144,4.071480978514168,14.702444085032804,0,,2.7538163744442015,2.9444389791664403,0.1906226047222388,-0.8831151503504622,0.18129280902548203,0,0,0
VN,Viet Nam,S - 17_20,Human-Computer Interaction and User-Centered Design,S - 4,Computer science,Science,0.0,1.0,0.0,0.05555555555555555,0.0,0.11116230113979675,0,0,0,0,0,0,0.13424853735203227,0.2087483659431551,1.850606643405326,7.898073010957747,0,,2.1858347376724776,0.6931471805599453,-1.4926875571125322,0.3374853829763697,0.20134721926221077,0,0,0
VN,Viet Nam,S - 17_21,Advanced Techniques and Applications in Speech and Signal Processing,S - 4,Computer science,Science,0.0,6.0,0.0,1.255952380952381,0.0,0.2910480593463879,0,0,0,0,0,0,0.14384062685304103,0.2124212089100655,4.981419944456476,12.236844234403602,0,,2.5830041712229166,1.9459101490553132,-0.6370940221676034,-0.923154341403133,0.21845545482388132,0,0,0
VN,Viet Nam,S - 17_22,Advancements and Applications in Neural Networks,S - 4,Computer science,Science,0.0,8.0,0.0,2.125,0.0,0.26727930654428406,0,0,0,0,0,0,0.14732717113654897,0.2153145825582099,3.241538251583642,18.889571337972395,0,,2.990195540998266,2.1972245773362196,-0.7929709636620466,-1.0273845525740433,0.21978348803802847,0,0,0
VN,Viet Nam,S - 17_23,Advanced Computational Systems and Intelligent Design Methods,S - 4,Computer science,Science,6.0,23.0,1.7333333333333334,6.566666666666667,0.4296055944791667,0.5615034941461111,0,1,0,1,0,0,0.15537591198711448,0.2300286741119257,4.12863813183971,11.185450979648914,1,,2.50024269744266,3.1780538303479458,0.6778111329052856,-1.1697525081819877,0.22346980990884813,0,0,0
VN,Viet Nam,S - 17_24,"Security, Privacy, and Authentication in Digital Technologies",S - 4,Computer science,Science,0.0,11.0,0.0,2.677777777777778,0.0,0.41238974546311,0,0,0,0,0,0,0.14031729616098812,0.22485862373271967,1.4148662700406243,6.436413097623764,0,,2.0063886220579104,2.4849066497880004,0.47851802773009,-3.220785822827238,0.25519257184678984,0,0,0
VN,Viet Nam,S - 17_25,Advancements in Digital Imaging and Reconstruction Techniques,S - 4,Computer science,Science,1.0,5.0,0.25,0.8055555555555555,0.11347558907602044,0.2735816319904298,0,0,0,0,0,0,0.14409587237174515,0.21307777159367383,4.186366662393816,14.163965384496352,0,,2.7189219149092216,1.791759469228055,-0.9271624456811667,1.5283995457886321,0.15953667434877575,0,0,0
VN,Viet Nam,S - 17_26,Deep Learning Applications in Visual Processing and Analysis,S - 4,Computer science,Science,0.0,62.0,0.0,14.682738095238093,0.0,0.3439459235576406,0,0,0,0,0,0,0.14225450197442385,0.21464045928137812,5.096844334411495,65.17167646818216,0,,4.192252523477273,4.143134726391533,-0.04911779708574038,-1.4822225315417457,0.229643389141038,0,0,0
VN,Viet Nam,S - 17_27,"Wireless Networks: Optimization, Security, and Spectrum Access",S - 4,Computer science,Science,5.0,11.0,1.1833333333333331,3.0476190476190474,0.28264247602417714,0.5348375239119761,0,1,0,1,0,0,0.13992873443314838,0.21459203487944137,5.205995491474622,6.49275384260876,1,,2.0139363991955106,2.4849066497880004,0.47097025059248976,-0.3438336619669609,0.19042347477922136,0,0,0
VN,Viet Nam,S - 17_28,Machine Learning Applications in Diverse Scientific Domains,S - 4,Computer science,Science,9.0,26.0,1.4166666666666667,5.105555555555556,0.2825828083510549,0.3434403209753039,0,0,0,0,0,0,0.13973453476263353,0.23056285076463387,6.99627373643914,30.549190064569334,0,,3.4515479171702026,3.295836866004329,-0.15571105116587347,-2.804278116407088,0.3156276369399002,0,0,0
VN,Viet Nam,S - 17_29,Advancements in Digital Imaging and Video Processing Techniques,S - 4,Computer science,Science,1.0,11.0,0.3333333333333333,2.4166666666666665,0.1352886261519815,0.42003637818689743,0,0,0,0,0,0,0.14370576815705657,0.2141888245560878,3.2777361587360088,9.85740480947886,0,,2.3848473181288043,2.4849066497880004,0.100059331659196,-1.0761243215614211,0.20057291922795342,0,0,0
VN,Viet Nam,S - 17_3,Impact and Applications of Artificial Intelligence and Technology,S - 4,Computer science,Science,0.0,32.0,0.0,7.16111111111111,0.0,0.49379573230525253,0,0,0,0,0,0,0.13941623013376944,0.22736120787606032,0.624414467075313,19.250391477748455,0,,3.0081741256001746,3.4965075614664802,0.4883334358663056,-1.847939519341537,0.29248412939231705,0,0,0
VN,Viet Nam,S - 17_30,Semantic Web and Knowledge Representation in Information Systems,S - 4,Computer science,Science,0.0,5.0,0.0,0.6555555555555556,0.0,0.3840591194643903,0,0,0,0,0,0,0.14992722531792513,0.21480889343110246,3.4818023399732994,3.5848221857509897,0,,1.5227513232226981,1.791759469228055,0.26900814600535683,0.674076273782003,0.18748003461363819,0,0,0
VN,Viet Nam,S - 17_31,"Virtual Reality: Presence, Embodiment, and Interaction",S - 4,Computer science,Science,0.0,9.0,0.0,1.7083333333333333,0.0,0.3197346454888683,0,0,0,0,0,0,0.13259349466337178,0.22238991004226807,0.8100636830449893,10.232837781683353,0,,2.418841433326932,2.302585092994046,-0.11625634033288623,-0.07696325816219614,0.25558536026025114,0,0,0
VN,Viet Nam,S - 17_32,"Augmented Reality: Advances, Challenges, and Applications",S - 4,Computer science,Science,0.0,0.0,0.0,0.0,0.0,0.0,0,0,0,0,0,0,0.1320307143504719,0.2206920428688451,0.588740648755405,4.564605923229454,0,,1.716426168784261,0.0,-1.716426168784261,0.20921844587734612,0.2309319116432679,0,0,0
VN,Viet Nam,S - 17_33,Digital Communication and Information Technology Impact,S - 4,Computer science,Science,0.0,23.0,0.0,6.013888888888888,0.0,0.6241394719732511,0,1,0,1,0,1,0.14075944487237033,0.24508527622033485,1.1900377525577222,7.035677597636648,1,,2.0838913263913543,3.1780538303479458,1.0941625039565914,-2.8860116714361235,0.287215825724274,0,0,0
VN,Viet Nam,S - 17_34,Optimization of Text Data Compression Algorithms,S - 4,Computer science,Science,0.0,0.0,0.0,0.0,0.0,0.0,0,0,0,0,0,0,0.14252813167716033,0.20109907440854238,1.0309513834417152,1.0974558961325735,0,,0.7407251322645323,0.0,-0.7407251322645323,1.6788482368999416,0.1321199063052809,0,0,0
VN,Viet Nam,S - 17_35,Optimization and Applications of Evolutionary Algorithms,S - 4,Computer science,Science,8.0,27.0,1.3333333333333335,7.025,0.48336217396821823,0.5092890973501278,0,1,0,1,0,0,0.1464301756979975,0.22614326624117093,3.2937652960631056,16.055108702384338,1,,2.8364497894876086,3.332204510175204,0.4957547206875952,-1.4502356097747449,0.2270631146221548,0,0,0
VN,Viet Nam,S - 17_36,Synchronization in Complex Networked Systems,S - 4,Computer science,Science,3.0,8.0,1.1666666666666665,1.936111111111111,0.2175276426792186,0.25191976923902965,0,0,0,0,0,0,0.14236124495127916,0.213809009555094,4.75493828581303,13.826557200408619,0,,2.6964199781809968,2.1972245773362196,-0.4991954008447772,-0.5311967510416041,0.19996835098936133,0,0,0
VN,Viet Nam,S - 17_37,Advanced Iterative Algorithms and Numerical Techniques,S - 4,Computer science,Science,18.0,14.0,4.416666666666667,3.3611111111111107,0.6985197013133664,0.678387232398098,1,1,1,1,0,0,0.1526117784719425,0.22377515822499527,2.9426292892749872,3.576067931396915,,0,1.5208400991152358,2.70805020110221,1.1872101019869743,-1.4663148658849792,0.21481971787278212,0,0,0
VN,Viet Nam,S - 17_38,"Modeling, Simulation, and Optimization in Intelligent Systems",S - 4,Computer science,Science,0.0,10.0,0.0,2.5833333333333326,0.0,0.34559463676284036,0,0,0,0,0,0,0.14249307080543425,0.20940459265973238,3.1900005679754857,13.310421856359373,0,,2.660988072963284,2.3978952727983707,-0.2630928001649133,0.48772287417451565,0.15246194839702845,0,0,0
VN,Viet Nam,S - 17_39,Digital Transformation and Knowledge Management in Academia,S - 4,Computer science,Science,0.0,4.0,0.0,1.4166666666666665,0.0,0.3616803903097466,0,0,0,0,0,0,0.14140001532008234,0.21811560337180075,1.540935223363765,3.317517582080124,0,,1.4626806033130046,1.6094379124341003,0.14675730912109564,-0.8428270235298051,0.23551927057332267,0,0,0
VN,Viet Nam,S - 17_4,Advanced Techniques in Digital Image Processing,S - 4,Computer science,Science,1.0,17.0,0.16666666666666666,4.597222222222222,0.12655535467756054,0.3825996074342441,0,0,0,0,0,0,0.14295728242768715,0.20913266184111592,3.4729732293635536,16.39969523783064,0,,2.8564526909998884,2.8903717578961645,0.03391906689627611,-1.102790591650164,0.20190475344938136,0,0,0
VN,Viet Nam,S - 17_40,Technological Innovations in Education and Learning,S - 4,Computer science,Science,1.0,15.0,0.3333333333333333,4.6000000000000005,0.2454311453039809,0.44172364351349025,0,0,0,0,0,0,0.14704767211945952,0.23411696242707333,1.5013772749045122,10.187652506863829,0,,2.414810715406503,2.772588722239781,0.3577780068332781,-2.582970693572944,0.30529782937543126,0,0,0
VN,Viet Nam,S - 17_41,Advanced Algorithms and Complexity in Graph Theory,S - 4,Computer science,Science,2.0,5.0,0.2777777777777778,1.1944444444444444,0.19483769278010551,0.39418048788450494,0,0,0,0,0,0,0.14437862348419048,0.21047774459964647,4.077420519133803,4.638238388038573,0,,1.7295716741745226,1.791759469228055,0.062187795053532335,0.6590969575520085,0.18572410889625474,0,0,0
VN,Viet Nam,S - 17_42,Advanced Techniques in Image Analysis and Processing,S - 4,Computer science,Science,4.0,6.0,0.9166666666666666,1.6111111111111112,0.29776745849438896,0.31308076542573754,0,0,0,0,0,0,0.1447688230321027,0.22131353247793745,4.194601122838961,13.539165953144192,0,,2.676846108227924,1.9459101490553132,-0.7309359591726106,-1.2522413994419832,0.21487871526319913,0,0,0
VN,Viet Nam,S - 17_43,Computational Mechanics and Multiscale Analysis Methods,S - 4,Computer science,Science,7.0,15.0,1.8888888888888888,2.9444444444444446,0.4398755328317645,0.611090488733059,0,1,0,1,0,0,0.1467683023511365,0.22038735849393468,3.5557152244301853,6.694132963256301,1,,2.0404580856021877,2.772588722239781,0.7321306366375935,-0.13210482034266927,0.19884243527914744,0,0,0
VN,Viet Nam,S - 17_44,Bayesian Inference and Probabilistic Models in Machine Learning,S - 4,Computer science,Science,0.0,0.0,0.0,0.0,0.0,0.0,0,0,0,0,0,0,0.13437869758608334,0.20006547156368829,2.63412376828954,4.928263856432215,0,,1.7797313971976048,0.0,-1.7797313971976048,1.1956279537851555,0.15796877112307608,0,0,0
VN,Viet Nam,S - 17_45,Advancements and Applications in Machine Learning,S - 4,Computer science,Science,3.0,24.0,0.7777777777777777,6.280952380952381,0.2428909151072203,0.24693693864837993,0,0,0,0,0,0,0.14326834903525348,0.21267466516635392,4.557840232353025,39.940995650211306,0,,3.712131899678784,3.2188758248682006,-0.49325607481058364,0.6276710707780114,0.18507905175813233,0,0,0
VN,Viet Nam,S - 17_5,Advanced Algorithms and Techniques in Robotics and AI,S - 4,Computer science,Science,7.0,29.0,1.6666666666666665,7.969444444444444,0.36032942511179605,0.4536105658606201,0,0,0,0,0,0,0.15239085690245768,0.21809678533797774,6.342231884460772,17.292763212587484,0,,2.9065055287711994,3.4011973816621555,0.4946918528909561,-0.5868948859583857,0.19917770540901472,0,0,0
VN,Viet Nam,S - 17_6,"Software Analysis, Verification, and Testing Techniques",S - 4,Computer science,Science,1.0,6.0,0.25,1.9166666666666665,0.13543370402386787,0.26614641904115965,0,0,0,0,0,0,0.14997972838947846,0.2221489199380678,3.6802236296453597,10.246272243312497,0,,2.4200367175898494,1.9459101490553132,-0.47412656853453616,-0.14267238307553784,0.22662462580537793,0,0,0
VN,Viet Nam,S - 17_7,Digital Transformation and Innovation in Education,S - 4,Computer science,Science,1.0,10.0,0.3333333333333333,2.7916666666666665,0.17158721299501428,0.3052258711083012,0,0,0,0,0,0,0.14437212945011235,0.23478238740698848,1.7985467813652616,11.21128256104241,0,,2.5023603244605193,2.3978952727983707,-0.10446505166214859,-3.370872904551054,0.3311903144276078,0,0,0
VN,Viet Nam,S - 17_8,Machine Learning in Cybersecurity and Network Analysis,S - 4,Computer science,Science,2.0,50.0,0.5,19.94345238095238,0.1547812506114409,0.35620016454822684,0,0,0,0,0,0,0.14521991547807953,0.21653681066203015,5.459074014039251,46.47980259773676,0,,3.8603044121451404,3.9318256327243257,0.07152122057918531,-1.8229168137785199,0.26770689073728304,0,0,0
VN,Viet Nam,S - 17_9,Optimization and Analysis of Wireless Network Systems,S - 4,Computer science,Science,3.0,13.0,0.5833333333333333,1.8511904761904763,0.269539835685827,0.4560784355601565,0,0,0,0,0,0,0.1469629242138666,0.2129891397170584,3.6576520471405845,9.245454385587024,0,,2.326834132643609,2.6390573296152584,0.3122231969716496,-0.6091635625930529,0.19291001529625243,0,0,0
VN,Viet Nam,S - 18_0,Methodologies and Applications in Knowledge Synthesis,S - 5,Business and economics,Science,1.0,6.0,0.1111111111111111,0.8888888888888888,0.09239542810975745,0.19591022629354635,0,0,0,0,0,0,0.1407889643250462,0.21578259435481248,5.113469351020804,12.961024505128357,0,,2.6362694832609233,1.9459101490553132,-0.69035933420561,-0.7693903245469937,0.2275963243560362,0,0,0
VN,Viet Nam,S - 18_1,Methodologies and Applications in Data Analysis,S - 5,Business and economics,Science,5.0,90.0,1.0833333333333333,23.883333333333322,0.19887789528597638,0.616977094470828,0,1,0,1,0,1,0.14409016485125326,0.23437872418501776,7.966752541304155,30.485059718112353,1,,3.4495131386551963,4.51085950651685,1.0613463678616535,-2.8801952985441805,0.32008913777176273,0,0,0
VN,Viet Nam,S - 18_2,Optimization and Uncertainty Management in Complex Systems,S - 5,Business and economics,Science,2.0,15.0,0.6111111111111112,4.0,0.18332431750391862,0.474956035437291,0,0,0,0,0,0,0.14723746367324206,0.21772535273448484,4.252625744110571,11.314951597889687,0,,2.5108141012269525,2.772588722239781,0.26177462101282867,-0.6929430468002301,0.21634715862939569,0,0,0
VN,Viet Nam,S - 18_3,"Interdisciplinary Studies in Science, Technology, and Innovation",S - 5,Business and economics,Science,0.0,13.0,0.0,2.555555555555555,0.0,0.4324637411729015,0,0,0,0,0,0,0.13926270812421782,0.21933041997825023,2.2491174739114927,7.67374874836681,0,,2.1603010789303356,2.6390573296152584,0.4787562506849228,-1.049871709438612,0.23960249152299154,0,0,0
VN,Viet Nam,S - 18_4,Strategic Interactions and Optimization in Networked Systems,S - 5,Business and economics,Science,0.0,1.0,0.0,0.16666666666666666,0.0,0.205258052097374,0,0,0,0,0,0,0.136220593456704,0.20499201768472802,2.757718737067537,5.281504226546689,0,,1.8376094783183838,0.6931471805599453,-1.1444622977584387,1.7150960951695968,0.1527771406614996,0,0,0
VN,Viet Nam,S - 18_5,Risk and Decision Making in Business Contexts,S - 5,Business and economics,Science,3.0,19.0,0.38888888888888884,5.333333333333334,0.1297563228307,0.3869818423837367,0,0,0,0,0,0,0.14447260054979605,0.2224219942794745,9.673965446572236,23.285764304638004,0,,3.189890347595569,2.995732273553991,-0.19415807404157803,-1.4974106179426607,0.25068192421146485,0,0,0
VN,Viet Nam,S - 18_6,Impact and Applications of Data-Driven Technologies,S - 5,Business and economics,Science,0.0,5.0,0.0,1.5833333333333333,0.0,0.5544968363293404,0,1,0,1,0,1,0.12237254405451589,0.22815216438914032,0.486093542518281,3.23699069349143,1,,1.4438532751566264,1.791759469228055,0.34790619407142853,-0.4918754029185153,0.21237034346612008,0,0,0
VN,Viet Nam,S - 18_7,Forecasting Techniques in Various Disciplines,S - 5,Business and economics,Science,0.0,19.0,0.0,4.222222222222222,0.0,0.5186507585788538,0,1,0,1,0,0,0.14630287584831608,0.22915186216418554,1.5360204223598277,10.067024045288715,1,,2.4039698799818976,2.995732273553991,0.5917623935720933,-1.993498950509761,0.2707673490557997,0,0,0
VN,Viet Nam,S - 18_8,Decision Making Using Advanced Set Theories,S - 5,Business and economics,Science,2.0,31.0,0.23333333333333334,11.511111111111111,0.24592930504483512,0.6185156275325341,0,1,0,1,0,0,0.1543475412781058,0.2657941463647428,3.2645286032323453,20.611332381697757,1,,3.0732178244116644,3.4657359027997265,0.3925180783880622,-2.3394587311937705,0.2258337222840143,0,0,0
VN,Viet Nam,S - 19_0,Interdisciplinary Studies on Earth and Marine Ecosystem Dynamics,S - 6,Agricultural and environmental sciences,Science,25.0,42.0,4.3583333333333325,7.739285714285713,0.20055292995096022,0.2526442882489754,0,0,0,0,0,0,0.12524256614506066,0.15966706547666015,25.958418658597708,34.33644041893367,0,,3.5649147379626953,3.7612001156935624,0.19628537773086707,-1.6051533858544003,0.3296373776085561,0,0,0
VN,Viet Nam,S - 19_1,Interdisciplinary Applications of Geospatial Technologies,S - 6,Agricultural and environmental sciences,Science,7.0,22.0,1.0,3.4768518518518516,0.2571440284210692,0.34837503419410876,0,0,0,0,0,0,0.13623998747980445,0.20634907129439137,6.537064822396182,19.39035679338716,0,,3.0150620828828587,3.1354942159291497,0.12043213304629097,-2.9329886792167397,0.2952040096653671,0,0,0
VN,Viet Nam,S - 19_2,"Geodynamics, Tectonics and Seismic Activity Studies",S - 6,Agricultural and environmental sciences,Science,21.0,14.0,5.622222222222222,3.538888888888889,0.2509319326964514,0.1911510617728472,0,0,0,0,0,0,0.12320762959893186,0.20716719908162537,13.32279025637104,39.99904550943499,0,,3.713548786175635,2.70805020110221,-1.005498585073425,-1.609516690053843,0.2601148273740675,0,0,0
VN,Viet Nam,S - 19_3,Impacts and Dynamics of Climate Change,S - 6,Agricultural and environmental sciences,Science,17.0,29.0,2.7888888888888888,4.124603174603174,0.1746773522361386,0.16744203500465887,0,0,0,0,0,0,0.07232504231456195,0.17962891849659443,8.2088179585655,51.5097812334874,0,,3.9609994614534565,3.4011973816621555,-0.559802079791301,-1.3155545021992847,0.29338046971224724,0,0,0
VN,Viet Nam,S - 19_4,Evolutionary Patterns and Phylogenetic Analysis Across Species,S - 6,Agricultural and environmental sciences,Science,5.0,2.0,0.8888888888888888,0.11944444444444444,0.25934297210476936,0.14727341572676855,0,0,0,0,0,0,0.13681593435015454,0.20500477038477244,5.07010633944218,7.281844347676303,0,,2.1140656908965725,1.0986122886681098,-1.0154534022284627,-1.2069128389772725,0.24947887373300187,0,0,0
VN,Viet Nam,S - 19_5,Advancements in Geophysical Exploration Techniques,S - 6,Agricultural and environmental sciences,Science,3.0,16.0,0.5555555555555556,3.111111111111111,0.15189606051778956,0.348102981792544,0,0,0,0,0,0,0.1336610377219427,0.19950001069914114,5.46366849871362,14.13981330951875,0,,2.7173279169899964,2.833213344056216,0.11588542706621974,-1.0855032984765784,0.23078562879653763,0,0,0
VN,Viet Nam,S - 19_6,"Geoscience: Analysis, Modeling, and Sustainability",S - 6,Agricultural and environmental sciences,Science,0.0,16.0,0.0,3.6944444444444446,0.0,0.3556374112692106,0,0,0,0,0,0,0.14040576230511292,0.22221734579570512,4.855905135019229,20.17044222101643,0,,3.052605973970473,2.833213344056216,-0.2193926299142568,-2.401907089547932,0.28885653506842185,0,0,0
VN,Viet Nam,S - 19_7,Modeling and Analysis of Geophysical and Climatic Processes,S - 6,Agricultural and environmental sciences,Science,22.0,35.0,3.283333333333333,6.522354497354498,0.29301107374265134,0.29397566392406177,0,0,0,0,0,0,0.0932052056583323,0.16347632250618727,6.185387116411753,20.29911019092092,0,,3.0586652967686416,3.58351893845611,0.5248536416874683,-2.428251466840484,0.29703736944669595,0,0,0
VN,Viet Nam,S - 2020830663,Analysis of Parasitic Diseases,S - 2,Medical and health sciences,Science,4.0,5.0,0.45833333333333326,0.5111111111111111,0.20658744826254236,0.20805080587086772,0,0,0,0,0,0,0.17570401841749625,0.1824149764709435,4.76114451124915,4.96003267447712,0,,1.7850759633570494,1.791759469228055,0.006683505871005524,-4.934312978316001,0.3443559385186906,0,0,0
VN,Viet Nam,S - 2024860811,Studies on Kidney Diseases and Treatments,S - 2,Medical and health sciences,Science,8.0,6.0,1.2888888888888892,1.011111111111111,0.17040209399347375,0.14866593280534088,0,0,0,0,0,0,0.1456998137334501,0.21484918331179464,17.56381865935162,37.277363577046785,0,,3.6448586921399952,1.9459101490553132,-1.698948543084682,-1.359816509989966,0.26312822960839527,0,0,0
VN,Viet Nam,S - 20_0,Economic and Cultural Dynamics in Entertainment Industries,S - 5,Business and economics,Science,0.0,0.0,0.0,0.0,0.0,0.0,0,0,0,0,0,0,0.13828441208266204,0.21190096364379055,1.0851866105045405,2.5876494560451704,0,,1.2774972404396268,0.0,-1.2774972404396268,2.0096312509922813,0.17984527730158512,0,0,0
VN,Viet Nam,S - 20_1,Macroeconomic Dynamics and Financial Stability Analysis,S - 5,Business and economics,Science,1.0,22.0,0.16666666666666666,4.883333333333334,0.052746647674363795,0.47470781885880425,0,0,0,0,0,0,0.14213669542506166,0.21565806739845894,9.182130263409103,13.273549407816798,0,,2.6584081327125753,3.1354942159291497,0.4770860832165744,-1.9604150881577778,0.2846029458705445,0,0,0
VN,Viet Nam,S - 20_10,"Financial Systems, Credit Risk, and Housing Market Dynamics",S - 5,Business and economics,Science,1.0,33.0,0.3333333333333333,8.927777777777777,0.08898132212661804,0.6585699634261659,0,1,0,1,0,1,0.14628640439668003,0.22756584334969526,5.49575361465469,12.652889793450615,1,,2.613951205704213,3.5263605246161616,0.9124093189119487,-1.6904572040259958,0.26236544895237657,0,0,0
VN,Viet Nam,S - 20_11,Impacts of Economic Factors and Digitalization on Global Development,S - 5,Business and economics,Science,1.0,43.0,0.030303030303030304,10.776984126984125,0.19661731435696528,0.5936075389077716,0,1,0,1,0,1,0.1204876677754873,0.2771157874687559,0.9817582374161473,18.700297889051704,1,,2.9806337569012777,3.784189633918261,0.8035558770169833,-4.257546566655664,0.3874822354484024,0,0,0
VN,Viet Nam,S - 20_13,Economic Perspectives in Law and Public Policy,S - 5,Business and economics,Science,0.0,1.0,0.0,0.3333333333333333,0.0,0.427140361054532,0,0,0,0,0,0,0.12652955396194232,0.20025483876173725,0.5786224581572026,1.0852477564663832,0,,0.734887676232703,0.6931471805599453,-0.04174049567275773,2.21981334448147,0.1169127381885489,0,0,0
VN,Viet Nam,S - 20_14,Market Dynamics and Antitrust Enforcement Studies,S - 5,Business and economics,Science,1.0,0.0,0.16666666666666666,0.0,0.381635784621646,0.0,0,0,0,0,0,0,0.13519007317637372,0.18482740670014716,0.7131982934145227,0.8451882846458117,0,,0.612581323584154,0.0,-0.612581323584154,2.234971999374592,0.09897147810563568,0,0,0
VN,Viet Nam,S - 20_15,Global Economic Development and Financial Dynamics,S - 5,Business and economics,Science,2.0,30.0,0.3333333333333333,7.886111111111109,0.17984668637007517,0.6106816870042767,0,1,0,1,0,1,0.14525897517054684,0.247753574398955,3.3675801151907843,9.390562502052992,1,,2.3408979424380805,3.4339872044851463,1.0930892620470658,-4.195933071902218,0.3368577273327954,0,0,0
VN,Viet Nam,S - 20_2,"Economic Development, Innovation, and Sustainability Studies",S - 5,Business and economics,Science,0.0,3.0,0.0,0.7777777777777777,0.0,0.3531866032718934,0,0,0,0,0,0,0.14323098787325947,0.2292686184334993,0.6662817596355777,4.419069995676888,0,,1.6899242132152439,1.3862943611198906,-0.3036298520953533,-1.392729050084671,0.24027013299352007,0,0,0
VN,Viet Nam,S - 20_3,Financial Market Modeling and Asset Pricing Analysis,S - 5,Business and economics,Science,3.0,43.0,0.9999999999999999,7.514285714285715,0.13627409361576656,0.6013775032049156,0,1,0,1,0,0,0.14875673528330705,0.2216386280207082,10.385094237121848,21.236375841174723,1,,3.1017294993217708,3.784189633918261,0.6824601345964902,-1.2518859710711148,0.25531612364568834,0,0,0
VN,Viet Nam,S - 20_4,Economic and Environmental Implications of Policy and Resources,S - 5,Business and economics,Science,1.0,233.0,0.1111111111111111,50.25436507936509,0.05956594121939447,0.6540841103739892,0,1,0,1,0,0,0.1465781642020966,0.2391757171361624,8.32406387252621,65.3682828516609,1,,4.195219274466063,5.455321115357702,1.2601018408916387,-2.73031214096097,0.2937208614051666,0,0,0
VN,Viet Nam,S - 20_5,"Economic Development, Innovation, and Global Competitiveness",S - 5,Business and economics,Science,1.0,37.0,0.16666666666666666,9.819444444444445,0.07101910149990706,0.560240459871131,0,1,0,1,0,0,0.14908974613800943,0.2234446740197461,7.437277041323556,15.058209505561138,1,,2.776220214480294,3.6375861597263857,0.8613659452460918,-2.371424245098208,0.32309131929852725,0,0,0
VN,Viet Nam,S - 20_6,Economics and Policy in Healthcare and Insurance,S - 5,Business and economics,Science,22.0,24.0,3.3226190476190474,4.740873015873016,0.3225421941022925,0.27129577618851064,0,0,0,0,0,0,0.11851546848699371,0.16395126687345815,8.641005073827078,17.375101156189125,0,,2.910996550182475,3.2188758248682006,0.3078792746857255,-3.9229242486726075,0.37146583337243805,0,0,0
VN,Viet Nam,S - 20_7,"Fiscal Policy, Taxation, and Economic Implications Research",S - 5,Business and economics,Science,7.0,34.0,1.4722222222222223,11.588888888888889,0.34515189385746875,0.6147379023824702,0,1,0,1,0,0,0.1494956933567838,0.2492900311289531,6.326979164970062,14.455281309707786,1,,2.7379507772759357,3.5553480614894135,0.8173972842134778,-3.6171386261225753,0.31660258514255507,0,0,0
VN,Viet Nam,S - 20_8,"Economic Theory, Behavior, and Institutional Design",S - 5,Business and economics,Science,0.0,0.0,0.0,0.0,0.0,0.0,0,0,0,0,0,0,0.13039848918074415,0.19538596732907992,1.0473176552625882,1.1535274387313352,0,,0.767107166889568,0.0,-0.767107166889568,2.117166089361346,0.14268294254127004,0,0,0
VN,Viet Nam,S - 20_9,Spatial Economics and Regional Development Analysis,S - 5,Business and economics,Science,3.0,0.0,0.9444444444444444,0.0,0.36835324990375495,0.0,0,0,0,0,0,0,0.14062052581011966,0.2060852151617386,2.4120645089423944,4.928262037336798,0,,1.7797310903462666,0.0,-1.7797310903462666,1.0434707352413988,0.16097379714340784,0,0,0
VN,Viet Nam,S - 2185987103,Analysis of Fungal Infections and Treatment,S - 2,Medical and health sciences,Science,3.0,4.0,0.7916666666666666,0.5801282051282051,0.21105046807846517,0.21621605821282447,0,0,0,0,0,0,0.1468373329792346,0.18580567167823403,4.7253347379437916,5.583438478155861,0,,1.8845571739169276,1.6094379124341003,-0.2751192614828273,-3.2259244425923517,0.30059578968783834,0,0,0
VN,Viet Nam,S - 21_0,"Renewable Energy: Integration, Efficiency, and Sustainability",S - 3,Engineering and energy,Science,6.0,155.0,1.1944444444444446,27.47612433862435,0.16507337931544722,0.5083431833743272,0,1,0,1,0,0,0.1506461980098967,0.244052903577078,14.662254189151723,77.36290749866899,1,,4.361350696760999,5.049856007249537,0.6885053104885381,-3.004633639482287,0.3403988570312547,0,0,0
VN,Viet Nam,S - 21_1,Advancements in Solar Energy Conversion Technologies,S - 3,Engineering and energy,Science,24.0,227.0,5.361111111111112,50.879298941798936,0.31444945549338155,0.46238400485057174,0,0,0,0,0,0,0.1449810292001072,0.2397100909414507,20.1348664410282,132.04582123203744,0,,4.890693589429814,5.429345628954441,0.538652039524627,-2.115190940994705,0.23204922481796783,0,0,0
VN,Viet Nam,S - 21_2,Global Impact and Implications of Gas Flaring,S - 3,Engineering and energy,Science,0.0,2.0,0.0,0.31666666666666665,0.0,0.5881508791327994,0,1,0,1,0,1,0.13073829392536684,0.21246115792544304,0.18642482169146302,0.6724249664146311,1,,0.5142746488836007,1.0986122886681098,0.584337639784509,-2.495527318653489,0.16960073851883323,0,0,0
VN,Viet Nam,S - 21_3,Chemical Processes in Energy Production and Conversion,S - 3,Engineering and energy,Science,3.0,42.0,0.6944444444444444,6.831481481481479,0.11886881473073556,0.2517817786086173,0,0,0,0,0,0,0.1438516056129537,0.20872077708717823,12.679292636240824,82.4471526051274,0,,4.424213528556596,3.7612001156935624,-0.6630134128630334,0.16182195456070522,0.18079851686537052,0,0,0
VN,Viet Nam,S - 2282278658,Sustainable Soil-Plant-Microbe Interactions,S - 6,Agricultural and environmental sciences,Science,9.0,27.0,1.5833333333333333,5.208333333333334,0.2593367642216025,0.2494119860254595,0,0,0,0,0,0,0.14340078440251722,0.22012427231345497,8.166624605413446,37.4161953707291,0,,3.648479125126344,3.332204510175204,-0.3162746149511402,-2.8258385603261624,0.2900282559266941,0,0,0
VN,Viet Nam,S - 22_0,Gecko Adhesion Mechanics and Biomimetic Applications,S - 3,Engineering and energy,Science,0.0,2.0,0.0,0.5,0.0,0.2783336422204896,0,0,0,0,0,0,0.14517177302310658,0.21208262284377388,2.992024381414822,7.320425797808247,0,,2.118713431144771,1.0986122886681098,-1.0201011424766613,1.7996168915051975,0.15281810077316144,0,0,0
VN,Viet Nam,S - 22_1,"Maritime Safety, Technology, and Environmental Management",S - 3,Engineering and energy,Science,4.0,17.0,0.611111111111111,4.097222222222222,0.3443764459210898,0.35147701616439486,0,0,0,0,0,0,0.14840592262269786,0.21883402615763203,3.4647911818194332,19.886224758525767,0,,3.039089839204366,2.8903717578961645,-0.14871808130820163,-0.23642382906433446,0.2324490413766415,0,0,0
VN,Viet Nam,S - 22_10,Advanced Energy Technologies and Thermochemical Processes,S - 3,Engineering and energy,Science,3.0,63.0,0.75,7.765079365079362,0.1166110001090756,0.3797323347997953,0,0,0,0,0,0,0.1459245499948667,0.2191172647459864,11.842293511788373,49.26760085629546,0,,3.917360751407366,4.1588830833596715,0.24152233195230544,-1.02439293017717,0.23217053705888777,0,0,0
VN,Viet Nam,S - 22_11,"Transportation Efficiency, Maintenance, and Environmental Impact",S - 3,Engineering and energy,Science,2.0,17.0,0.5,3.742063492063492,0.17241652882211636,0.409906592651933,0,0,0,0,0,0,0.149514232853557,0.2255844214736683,5.234277824956727,21.639754929851645,0,,3.119707428623199,2.8903717578961645,-0.22933567072703465,-1.1770031910193186,0.24391528169991908,0,0,0
VN,Viet Nam,S - 22_12,Advancements in Civil Engineering and Construction Technologies,S - 3,Engineering and energy,Science,17.0,137.0,4.0,34.89444444444445,0.3645996777112677,0.5185740360217704,0,1,0,1,0,0,0.15490126677701974,0.22846398123744918,13.798052266213022,82.8267610230283,1,,4.42875230045883,4.927253685157205,0.49850138469837546,-1.7920834449996306,0.25480394844432275,0,0,0
VN,Viet Nam,S - 22_13,Satellite Remote Sensing and Geospatial Analysis,S - 3,Engineering and energy,Science,0.0,3.0,0.0,0.5833333333333334,0.0,0.22972817445167723,0,0,0,0,0,0,0.13941547020405212,0.2026197066535092,2.350385601275325,5.88594351007311,0,,1.9294821612917892,1.3862943611198906,-0.5431878001718986,0.40218554931016565,0.1600864815180631,0,0,0
VN,Viet Nam,S - 22_14,Wireless Energy Transfer and Application Technologies,S - 3,Engineering and energy,Science,2.0,44.0,0.3333333333333333,10.37142857142857,0.19622757508215158,0.5514503049291117,0,1,0,1,0,0,0.1467674477993898,0.2185763653750406,4.259781009356644,15.919692464302294,1,,2.8284781781442354,3.8066624897703196,0.9781843116260842,-1.7691606406021876,0.24400571438204746,0,0,0
VN,Viet Nam,S - 22_15,Advancements in Nanomaterial-Based Sensor Technologies,S - 3,Engineering and energy,Science,34.0,167.0,8.680555555555554,38.836111111111116,0.2806328172396997,0.3697259420662639,0,0,0,0,0,0,0.15292418724293888,0.22273705690433404,45.71985999997237,163.3871973124152,0,,5.102224604361028,5.123963979403259,0.021739375042230336,-1.3975688079391468,0.23362321328406696,0,0,0
VN,Viet Nam,S - 22_16,Mechanical Behavior and Simulation in Materials Science,S - 3,Engineering and energy,Science,27.0,78.0,7.087301587301587,18.761507936507936,0.42222858782125605,0.5371102761963927,0,1,0,1,0,0,0.1488980280177291,0.21539654172718883,16.427020734714798,43.260780162119595,1,,3.7900989612664597,4.3694478524670215,0.5793488912005618,-0.021827031493739678,0.21272383331025105,0,0,0
VN,Viet Nam,S - 22_17,Advancements in Spacecraft Technology and Operations,S - 3,Engineering and energy,Science,2.0,1.0,0.3333333333333333,0.3333333333333333,0.32615967351280245,0.09038718246299587,0,0,0,0,0,0,0.14010825048995712,0.20702840501289743,1.8558594998077829,7.146587572768919,0,,2.097599136844569,0.6931471805599453,-1.4044519562846234,0.8918933254422599,0.1668478158441869,0,0,0
VN,Viet Nam,S - 22_18,Advancements and Applications in Robotics and Control Systems,S - 3,Engineering and energy,Science,8.0,39.0,1.3333333333333333,12.322222222222221,0.28242444726561455,0.4012409042429857,0,0,0,0,0,0,0.14999457830571333,0.21801251916290904,10.279781194074626,35.006283154367786,0,,3.583693455292933,3.6888794541139363,0.10518599882100332,-0.250350661198688,0.20612945383301576,0,0,0
VN,Viet Nam,S - 22_19,Advanced Wireless Communication and Network Optimization,S - 3,Engineering and energy,Science,5.0,67.0,1.0999999999999999,17.40198412698413,0.26225475814735,0.5721235106364752,0,1,0,1,0,0,0.14228333620888123,0.21010532621590125,6.201198744796539,23.70734172271601,1,,3.2071004352056316,4.219507705176107,1.0124072699704754,-1.3128546737282063,0.20519205987157815,0,0,0
VN,Viet Nam,S - 22_2,Integration and Optimization of Renewable Energy in Power Systems,S - 3,Engineering and energy,Science,6.0,69.0,1.25,15.55595238095238,0.2356873640505581,0.36286153149340594,0,0,0,0,0,0,0.1516299970894433,0.23203263214457182,9.754492835589632,64.0651545657409,0,,4.175389145784815,4.248495242049359,0.07310609626454401,-2.319620707349459,0.3010027797801237,0,0,0
VN,Viet Nam,S - 22_20,Machine Learning in Fault Diagnosis and Prognostics,S - 3,Engineering and energy,Science,3.0,17.0,0.5833333333333333,3.8749999999999996,0.23046853714547128,0.2881314725099341,0,0,0,0,0,0,0.1464698087247477,0.21423068403015502,4.690481974979953,25.918006213858845,0,,3.2927954386554994,2.8903717578961645,-0.4024236807593349,-1.1220057718670382,0.20164849247329214,0,0,0
VN,Viet Nam,S - 22_21,Geotechnical Engineering and Soil Mechanics,S - 3,Engineering and energy,Science,21.0,94.0,4.86111111111111,27.849999999999998,0.3304153874804907,0.4581801701421075,0,0,0,0,0,0,0.14945062072987952,0.21636528589769094,16.933076284114843,68.88373989928982,0,,4.246833002713133,4.553876891600541,0.3070438888874074,-1.9145212884929814,0.24119577725986807,0,0,0
VN,Viet Nam,S - 22_22,Process Optimization and Simulation Techniques,S - 3,Engineering and energy,Science,3.0,3.0,0.5833333333333333,0.4714285714285714,0.33748380175704973,0.25651596065300486,0,0,0,0,0,0,0.14667580051069504,0.22022799690401776,2.671990511675684,6.714677836070491,0,,2.04312472681886,1.3862943611198906,-0.6568303656989694,-0.6852908808158424,0.23558975925754336,0,0,0
VN,Viet Nam,S - 22_23,Advanced Control and Optimization in Engineering Systems,S - 3,Engineering and energy,Science,14.0,57.0,4.0,16.750000000000004,0.3448745069777164,0.49477586450723976,0,0,0,0,0,0,0.1498212612849812,0.22100932317694094,12.444922274461247,36.91592734182514,0,,3.635371270295709,4.060443010546419,0.42507174025071004,-0.9278383851309042,0.2160210507229678,0,0,0
VN,Viet Nam,S - 22_24,Biologically Inspired Adaptive Design and Morphological Analysis,S - 3,Engineering and energy,Science,0.0,5.0,0.0,1.8333333333333333,0.0,0.5977715729554123,0,1,0,1,0,0,0.1324846265063986,0.20874862312774592,0.49186208962643957,1.4542778810730537,1,,0.8978325758491006,1.791759469228055,0.8939268933789544,1.031404833324358,0.1673588752911244,0,0,0
VN,Viet Nam,S - 22_25,Nanotechnology Applications and Interdisciplinary Studies,S - 3,Engineering and energy,Science,0.0,23.0,0.0,3.7777777777777772,0.0,0.2531975742877628,0,0,0,0,0,0,0.14277101626538147,0.20541119032378313,7.359146080965992,37.46990293662054,0,,3.649876193668235,3.1780538303479458,-0.4718223633202894,-0.02952214700419136,0.16360878539433812,0,0,0
VN,Viet Nam,S - 22_26,Advanced Material Analysis and Nanoparticle Synthesis Techniques,S - 3,Engineering and energy,Science,3.0,9.0,0.8333333333333333,2.4722222222222223,0.2002798393599748,0.27280340230329536,0,0,0,0,0,0,0.1503653504211441,0.222323069871732,6.6923245278997,13.212403978765277,0,,2.6541151029423298,2.302585092994046,-0.3515300099482839,-0.7448902676602976,0.24383309682365784,0,0,0
VN,Viet Nam,S - 22_27,Advancements in Noninvasive Cancer Detection and Treatment Technologies,S - 3,Engineering and energy,Science,1.0,0.0,0.16666666666666666,0.0,0.1394358117543914,0.0,0,0,0,0,0,0,0.13524683611844646,0.2120090375824849,2.881485909985618,5.817612632704436,0,,1.9195093567165633,0.0,-1.9195093567165633,0.6461933550534905,0.18912045874029118,0,0,0
VN,Viet Nam,S - 22_28,Advancements in Optical and Photonic Technologies,S - 3,Engineering and energy,Science,8.0,27.0,1.9166666666666667,8.208333333333334,0.1685419655721609,0.26677196450255397,0,0,0,0,0,0,0.14597839310052882,0.21191574515653477,21.243470988627145,42.17220425901133,0,,3.7651968682363357,3.332204510175204,-0.4329923580611319,-0.43232850895924324,0.22140859123121295,0,0,0
VN,Viet Nam,S - 22_29,Innovations and Approaches in Engineering Education,S - 3,Engineering and energy,Science,1.0,2.0,0.16666666666666666,0.6666666666666666,0.21008952476732412,0.18908669998134758,0,0,0,0,0,0,0.14052716541147253,0.21843666438041245,1.844900493540504,5.486926032395311,0,,1.8697887717295467,1.0986122886681098,-0.7711764830614369,-0.4704262865841745,0.24004525405551025,0,0,0
VN,Viet Nam,S - 22_3,Advancements in Concrete and Structural Engineering,S - 3,Engineering and energy,Science,33.0,136.0,8.722222222222221,41.66388888888888,0.5071983965224824,0.5167310214171918,1,1,1,1,0,0,0.15440098617295064,0.22658572611164257,13.750524234504331,64.43357303656079,,0,4.181035475927424,4.919980925828125,0.7389454499007009,-2.0766522396190688,0.2453284773517523,0,0,0
VN,Viet Nam,S - 22_30,"Mechanical Systems: Dynamics, Friction, and Joint Analysis",S - 3,Engineering and energy,Science,1.0,6.0,0.25,1.6111111111111112,0.2142067953290512,0.23640922304014145,0,0,0,0,0,0,0.14510827652812072,0.21209863572550483,2.0039825595241787,9.897457976868525,0,,2.388529548905359,1.9459101490553132,-0.44261939985004584,0.28831922452552056,0.14789817315788278,0,0,0
VN,Viet Nam,S - 22_31,Advancements in Diverse Laser Technologies,S - 3,Engineering and energy,Science,1.0,5.0,0.16666666666666666,0.9166666666666666,0.09046319856765046,0.1656750729428446,0,0,0,0,0,0,0.14602995702985647,0.2174258097432634,5.918999542960796,16.160907956147824,0,,2.8426340038574938,1.791759469228055,-1.0508745346294388,1.1169593941473888,0.1840335049611621,0,0,0
VN,Viet Nam,S - 22_32,"Interdisciplinary Studies in Architecture, Urbanism and Cognition",S - 3,Engineering and energy,Science,0.0,1.0,0.0,0.16666666666666666,0.0,0.2603301370821404,0,0,0,0,0,0,0.13859280312769443,0.218066184560537,1.3109540351909295,4.247581779011879,0,,1.6577673569669908,0.6931471805599453,-0.9646201764070456,-0.03483672459390428,0.20008935959770727,0,0,0
VN,Viet Nam,S - 22_33,Heat Transfer and Thermal Analysis Across Disciplines,S - 3,Engineering and energy,Science,8.0,55.0,1.7638888888888888,8.91746031746032,0.2153923866442976,0.29733105181481767,0,0,0,0,0,0,0.1440321242722565,0.2704337468059196,11.751133271375808,66.16233911578777,0,,4.207112660605024,4.02535169073515,-0.18176096986987478,-2.8182682762449196,0.24928086832428872,0,0,0
VN,Viet Nam,S - 22_34,Sustainable Utilization and Management of Industrial Waste,S - 3,Engineering and energy,Science,5.0,18.0,0.9444444444444444,3.753174603174604,0.37224915402517267,0.3373381110671903,0,0,0,0,0,0,0.14933006972012913,0.22746234745133836,3.596572647267336,21.568196256842647,0,,3.11654166990624,2.9444389791664403,-0.17210269073979978,-1.6684363480210216,0.23075511234327797,0,0,0
VN,Viet Nam,S - 22_35,Advancements in Antenna Design and Wireless Communication Systems,S - 3,Engineering and energy,Science,5.0,32.0,0.861111111111111,8.330555555555554,0.2671267594695459,0.36829662624492043,0,0,0,0,0,0,0.14311411949575736,0.2107198338803704,6.229838739731834,31.902799212210297,0,,3.4935577365900237,3.4965075614664802,0.0029498248764565638,-0.8309596712456949,0.18187213413833925,0,0,0
VN,Viet Nam,S - 22_36,Advancements in Nanotechnology and Microelectronics,S - 3,Engineering and energy,Science,8.0,12.0,1.4444444444444444,2.7777777777777777,0.17435109149799288,0.16933077476123914,0,0,0,0,0,0,0.145920495659796,0.20903562632549758,19.370201964728775,37.523516664792965,0,,3.651268877279785,2.5649493574615367,-1.0863195198182485,0.9208679298451488,0.1909015429313388,0,0,0
VN,Viet Nam,S - 22_37,Three-Dimensional Imaging and Processing Techniques,S - 3,Engineering and energy,Science,1.0,7.0,0.16666666666666666,1.4444444444444444,0.12365157922183519,0.2829756251997962,0,0,0,0,0,0,0.140949827761702,0.2164125388941665,3.841936576126026,15.418409890761739,0,,2.798403259551922,2.0794415416798357,-0.7189617178720864,-0.09842074631189306,0.19650062071409827,0,0,0
VN,Viet Nam,S - 22_38,Advancements and Challenges in Electronic Materials and Systems,S - 3,Engineering and energy,Science,1.0,5.0,0.1111111111111111,1.25,0.08519721230149242,0.18643061530530733,0,0,0,0,0,0,0.14590400940344767,0.21606877431323407,5.7974390174725645,14.823571481945422,0,,2.761500694252394,1.791759469228055,-0.9697412250243391,0.6243622775735952,0.1951152519782909,0,0,0
VN,Viet Nam,S - 22_39,Advanced Measurement Techniques and Error Compensation,S - 3,Engineering and energy,Science,1.0,8.0,0.25,2.4166666666666665,0.1618201882381536,0.34162137903865164,0,0,0,0,0,0,0.14437985462471542,0.2168771740102045,2.85136345780705,8.098687266432758,0,,2.208130146680883,2.1972245773362196,-0.01090556934466358,0.8870206704182619,0.18141679260197296,0,0,0
VN,Viet Nam,S - 22_4,Advancements in Optical Communication Technologies,S - 3,Engineering and energy,Science,1.0,19.0,0.16666666666666666,5.144841269841269,0.0974061695084477,0.42667118705798257,0,0,0,0,0,0,0.14471626907443766,0.21865497255848956,5.137134109156641,15.330546273938817,0,,2.7930373585930286,2.995732273553991,0.20269491496096226,-0.3870340335257963,0.21527331929129676,0,0,0
VN,Viet Nam,S - 22_40,Sustainable Urban Development and Construction Practices,S - 3,Engineering and energy,Science,2.0,52.0,0.2222222222222222,12.16111111111111,0.13460380810286837,0.38498896394409127,0,0,0,0,0,0,0.15432309035588912,0.2298417178793165,7.32718894483754,47.73966300258104,0,,3.886493133987294,3.970291913552122,0.08379877956482806,-2.203764995143016,0.30095058044583173,0,0,0
VN,Viet Nam,S - 22_41,Advancements in Clean Fuel Production Technologies,S - 3,Engineering and energy,Science,6.0,46.0,1.1388888888888888,6.013888888888889,0.23430780293552886,0.533877479518924,0,1,0,1,0,0,0.1510111554332661,0.24141555820487282,9.505823667009345,30.39830399959881,1,,3.446753878703836,3.8501476017100584,0.40339372300622234,-2.41081995788308,0.24254081984679382,0,0,0
VN,Viet Nam,S - 22_42,Advancements in Microfluidic Technologies and Applications,S - 3,Engineering and energy,Science,11.0,24.0,2.3333333333333335,7.069444444444445,0.26371717075080287,0.2810185160603654,0,0,0,0,0,0,0.14621093716530129,0.21923883811192146,14.978067326198325,44.819596589254644,0,,3.8247118727363656,3.2188758248682006,-0.605836047868165,-0.2215908578455788,0.22059851354751034,0,0,0
VN,Viet Nam,S - 22_43,Advanced Techniques in RF and Frequency Analysis,S - 3,Engineering and energy,Science,0.0,0.0,0.0,0.0,0.0,0.0,0,0,0,0,0,0,0.14401007472861163,0.20279450613425112,1.2541660816291442,1.538301002449888,0,,0.931494960545983,0.0,-0.931494960545983,2.5011516129862827,0.1219852291194703,0,0,0
VN,Viet Nam,S - 22_44,Advanced Composite Materials and Structural Analysis,S - 3,Engineering and energy,Science,52.0,159.0,13.802777777777777,40.60793650793652,0.5745688737469661,0.657244713384286,1,1,1,1,0,0,0.15302806405186611,0.22145414401778313,16.80411819287628,52.76141993736044,,0,3.9845561083913954,5.075173815233827,1.0906177068424312,-0.9037574048944876,0.22404534108712995,0,0,0
VN,Viet Nam,S - 22_45,Advanced Imaging Techniques and Applications in Deep Learning,S - 3,Engineering and energy,Science,3.0,36.0,0.5833333333333333,8.84722222222222,0.1665751178547098,0.3481369002359165,0,0,0,0,0,0,0.141473978724327,0.21308414833381162,6.739986884470758,32.28208212175202,0,,3.5050191777505457,3.6109179126442243,0.10589873489367863,-1.3726984178570403,0.20792376210340816,0,0,0
VN,Viet Nam,S - 22_46,Smart Refrigeration and RFID Technologies in IoT Applications,S - 3,Engineering and energy,Science,2.0,10.0,0.5,1.7694444444444444,0.2718865914141698,0.3495763902578644,0,0,0,0,0,0,0.14624258962560982,0.2235386824849242,2.5558405563090303,9.220152198114988,0,,2.3243614768481335,2.3978952727983707,0.07353379595023712,-1.8301151629727812,0.21866830107631713,0,0,0
VN,Viet Nam,S - 22_47,Advancements in Microelectronics and Nanoscale Lithography Techniques,S - 3,Engineering and energy,Science,2.0,8.0,0.3333333333333333,3.25,0.18188347847564237,0.4327440620712032,0,0,0,0,0,0,0.14563760186831626,0.21408842424415128,4.870736917440365,12.445224888661034,0,,2.5986240161455396,2.1972245773362196,-0.40139943880932005,0.8283281673263614,0.1617707251580575,0,0,0
VN,Viet Nam,S - 22_48,Advanced Localization and Navigation Technologies,S - 3,Engineering and energy,Science,2.0,22.0,0.5,5.097222222222221,0.16756079198091148,0.32873775113346204,0,0,0,0,0,0,0.14681414188252556,0.21939518067216307,5.392470820774064,26.041585518515106,0,,3.297375885495498,3.1354942159291497,-0.1618816695663483,0.1366881149867834,0.19190555355920938,0,0,0
VN,Viet Nam,S - 22_49,Digital Transformation in Industry and Manufacturing,S - 3,Engineering and energy,Science,2.0,25.0,0.2777777777777778,7.13611111111111,0.4051888654823409,0.41935795203806064,0,0,0,0,0,0,0.14173855043697,0.23599624210337325,1.11965457928481,25.328635915125954,0,,3.270657164916877,3.258096538021482,-0.012560626895394833,-1.772000953054696,0.29149049398756277,0,0,0
VN,Viet Nam,S - 22_5,"Advanced Materials: Synthesis, Properties, and Applications",S - 3,Engineering and energy,Science,5.0,45.0,1.0138888888888888,17.297619047619047,0.10618181094412638,0.22047655612831224,0,0,0,0,0,0,0.1450125062035205,0.21217403485525535,21.405738362084016,100.47472639790769,0,,4.619809766470109,3.828641396489095,-0.7911683699810137,0.03581794269528805,0.20637875666948824,0,0,0
VN,Viet Nam,S - 22_50,Advancements in Photovoltaic and Light-Emitting Technologies,S - 3,Engineering and energy,Science,6.0,45.0,1.0833333333333333,8.513888888888888,0.13071745547717056,0.2456641915737788,0,0,0,0,0,0,0.14521550859902732,0.21273622541031845,21.086215781608054,85.37344695944269,0,,4.458680301717131,3.828641396489095,-0.6300389052280355,-1.0705018529447805,0.20975941693956857,0,0,0
VN,Viet Nam,S - 22_51,Advancements in Plasma and Electromagnetic Technologies,S - 3,Engineering and energy,Science,0.0,0.0,0.0,0.0,0.0,0.0,0,0,0,0,0,0,0.14411687989544336,0.2069469935269741,7.023626464476392,17.169330875551836,0,,2.8997350559485873,0.0,-2.8997350559485873,0.9559840663794199,0.17944370584323588,0,0,0
VN,Viet Nam,S - 22_52,Advancements and Challenges in Telecommunication Technologies,S - 3,Engineering and energy,Science,1.0,66.0,0.16666666666666666,13.022222222222219,0.17458747146186043,0.5320661237834612,0,1,0,1,0,0,0.14771815087247966,0.22480461971182888,2.3589246817937726,30.82950905423303,1,,3.4603938171798583,4.204692619390966,0.7442988022111074,-1.5766396694023381,0.2647899494710154,0,0,0
VN,Viet Nam,S - 22_53,Innovation and Sustainability in Industrial Technologies,S - 3,Engineering and energy,Science,5.0,31.0,1.0,11.861111111111112,0.2973923967884773,0.44045867513561215,0,0,0,0,0,0,0.15385289774112665,0.22679630857950522,5.9542112625500305,30.526210249102405,0,,3.4508192712521626,3.4657359027997265,0.014916631547563952,-0.9659380696022948,0.23410537540016713,0,0,0
VN,Viet Nam,S - 22_54,Advancements in Sensor Technology and Material Characterization,S - 3,Engineering and energy,Science,9.0,10.0,1.8333333333333333,1.9277777777777776,0.3725285153270273,0.31762499224932644,0,0,0,0,0,0,0.1507503813699225,0.2206106813780313,7.470067923500498,17.659656115446367,0,,2.926363766280806,2.3978952727983707,-0.5284684934824355,-0.384409822759384,0.2088839728808593,0,0,0
VN,Viet Nam,S - 22_55,Optimization and Modernization in Military Operations,S - 3,Engineering and energy,Science,0.0,0.0,0.0,0.0,0.0,0.0,0,0,0,0,0,0,0.1123890270939866,0.18586638467937916,0.07584363952910236,0.5012825621702132,0,,0.40631978421527415,0.0,-0.40631978421527415,0.1474137787139443,0.08777645321639944,0,0,0
VN,Viet Nam,S - 22_56,Optimization in Logistics and Operations Research,S - 3,Engineering and energy,Science,6.0,34.0,1.3333333333333333,9.283333333333331,0.3009331805914174,0.48218792763619756,0,0,0,0,0,0,0.15338386420827016,0.22978281431795233,6.899551467299362,25.533436396026204,0,,3.278405688447028,3.5553480614894135,0.27694237304238545,-1.8284771314913777,0.26511701829844286,0,0,0
VN,Viet Nam,S - 22_57,Cryogenic Techniques in Fluid Management and Processing,S - 3,Engineering and energy,Science,0.0,3.0,0.0,0.537037037037037,0.0,0.2888502506296593,0,0,0,0,0,0,0.14512699314285402,0.2208336969915288,1.5107173027096437,7.643233816637039,0,,2.156776797122047,1.3862943611198906,-0.7704824360021563,0.14456222943732797,0.2137829618553973,0,0,0
VN,Viet Nam,S - 22_58,Infrastructure Management and Environmental Resilience,S - 3,Engineering and energy,Science,5.0,26.0,0.5587301587301587,6.443650793650794,0.2592033710931169,0.3718499067616275,0,0,0,0,0,0,0.13467193349627157,0.23576162065014392,3.7669505035294315,18.055451846788415,0,,2.9473532468123746,3.295836866004329,0.3484836191919545,-3.571761008955115,0.325272997155396,0,0,0
VN,Viet Nam,S - 22_59,Engineering Optimization and Sustainable Energy Technologies,S - 3,Engineering and energy,Science,4.0,12.0,0.6666666666666666,2.5527777777777776,0.2995630472229826,0.30950801428542896,0,0,0,0,0,0,0.1487776549365307,0.22033487374127805,4.670641695805479,19.084168538697483,0,,2.999931869827026,2.5649493574615367,-0.43498251236548935,-1.0309320809855753,0.25218351526664207,0,0,0
VN,Viet Nam,S - 22_6,Fluid Dynamics and Thermal Phenomena Research,S - 3,Engineering and energy,Science,4.0,6.0,0.7499999999999999,1.222222222222222,0.1800091963902668,0.21549097683636828,0,0,0,0,0,0,0.1463086351864278,0.21002586906165724,9.057302933214011,28.841191961512486,0,,3.395889719628677,1.9459101490553132,-1.4499795705733638,0.05827640164147026,0.1961200073122651,0,0,0
VN,Viet Nam,S - 22_60,Tribological Properties and Performance Enhancement Techniques,S - 3,Engineering and energy,Science,1.0,20.0,0.1111111111111111,4.377777777777778,0.10297712148429486,0.3966723255806103,0,0,0,0,0,0,0.1480923020151131,0.2282780146616517,4.836206084020385,18.954424200061972,0,,2.9934508831639137,3.044522437723423,0.05107155455950929,-1.2536810595033931,0.2236430785659815,0,0,0
VN,Viet Nam,S - 22_61,Advancements in Membrane Technology and Applications,S - 3,Engineering and energy,Science,6.0,23.0,1.4444444444444446,3.5999999999999996,0.22786937395867962,0.2682052419763863,0,0,0,0,0,0,0.14613521483853445,0.21327626579334338,10.367528182486708,42.503628322555365,0,,3.7728443443301583,3.1780538303479458,-0.5947905139822125,0.03613699637719862,0.1903583570725752,0,0,0
VN,Viet Nam,S - 22_62,"Smart Grid Systems: Development, Management, and Security",S - 3,Engineering and energy,Science,10.0,37.0,2.1666666666666665,9.369444444444444,0.35219988497827037,0.32941539145221316,0,0,0,0,0,0,0.14627753475149616,0.22843611380482776,7.286545546146962,45.70280688675909,0,,3.8438042675101625,3.6375861597263857,-0.2062181077837768,-2.2207751890393967,0.278134966737292,0,0,0
VN,Viet Nam,S - 22_63,Power Electronics and Renewable Energy Applications,S - 3,Engineering and energy,Science,8.0,20.0,2.0,4.68888888888889,0.32377578570740473,0.2917000665084933,0,0,0,0,0,0,0.14824891560137116,0.21898383748975334,7.679890698055022,25.071549405136118,0,,3.2608446586740425,3.044522437723423,-0.21632222095061948,-1.1631496994473562,0.24482556270076558,0,0,0
VN,Viet Nam,S - 22_64,Advancements in Optoelectronic Imaging and Monitoring Technologies,S - 3,Engineering and energy,Science,0.0,13.0,0.0,2.5500000000000003,0.0,0.24761956201535115,0,0,0,0,0,0,0.14385623726864127,0.22016296124320395,6.78561593694498,22.710342922085694,0,,3.16591136315643,2.6390573296152584,-0.5268540335411718,0.10888178267632942,0.20723625607934873,0,0,0
VN,Viet Nam,S - 22_65,Advancements in 3D Printing and Biomaterial Technologies,S - 3,Engineering and energy,Science,8.0,51.0,2.333333333333333,13.207539682539682,0.1691692745360869,0.2613650915995994,0,0,0,0,0,0,0.1483887741250477,0.2232262396489649,20.796502795123615,104.72265931152072,0,,4.660819243709554,3.9512437185814275,-0.7095755251281264,-0.6221468674527387,0.24759691961917715,0,0,0
VN,Viet Nam,S - 22_66,Renewable Energy and Biofuels: Production and Conversion Techniques,S - 3,Engineering and energy,Science,17.0,70.0,3.458333333333333,15.658730158730155,0.25198583320535134,0.3720835687367937,0,0,0,0,0,0,0.15253057972925324,0.22667808284157592,25.869024597525446,67.4200946608406,0,,4.22566656307438,4.2626798770413155,0.03701331396693508,-1.7709525268373387,0.2614697945603803,0,0,0
VN,Viet Nam,S - 22_67,CMOS Technology in Circuit Design and Optimization,S - 3,Engineering and energy,Science,0.0,9.0,0.0,1.3611111111111112,0.0,0.29724518302382696,0,0,0,0,0,0,0.14030180697502392,0.21488431991410645,3.370393127957329,9.173429961746846,0,,2.3197794159088234,2.302585092994046,-0.017194322914777516,0.8581247716339049,0.18973153140535354,0,0,0
VN,Viet Nam,S - 22_68,Solar Energy Optimization and Thermal Performance Analysis,S - 3,Engineering and energy,Science,0.0,16.0,0.0,2.280952380952381,0.0,0.26929074525102553,0,0,0,0,0,0,0.14271305265107376,0.29114185212360966,3.6754267738955164,29.900203444582544,0,,3.430762767849098,2.833213344056216,-0.597549423792882,-3.3873853039935833,0.22135616603243113,0,0,0
VN,Viet Nam,S - 22_69,Memristive Devices in Neuromorphic Computing,S - 3,Engineering and energy,Science,1.0,10.0,0.16666666666666666,1.3253968253968254,0.11259544847969336,0.1877300782260216,0,0,0,0,0,0,0.13804457899226896,0.2059244940464295,4.140270659728085,22.711677712851497,0,,3.1659676572893365,2.3978952727983707,-0.7680723844909658,0.7169824488113535,0.17539005271158756,0,0,0
VN,Viet Nam,S - 22_7,Advancements in Vibration Control and Acoustic Metamaterials,S - 3,Engineering and energy,Science,11.0,26.0,2.3333333333333335,6.582539682539683,0.49356412947828415,0.4502260416013398,0,0,0,0,0,0,0.14633792565507936,0.21564895043078114,4.899237813523085,19.02026736082186,0,,2.9967451284843083,3.295836866004329,0.29909173752002083,-0.045871030417237155,0.19265168884859885,0,0,0
VN,Viet Nam,S - 22_70,Optimization and Analysis in Structural Engineering,S - 3,Engineering and energy,Science,25.0,59.0,6.677777777777776,15.944444444444445,0.6977562722801619,0.7485153388391517,1,1,1,1,1,0,0.15030195472736235,0.21648291289972854,4.6035577718931515,13.12307194454154,,0,2.647809768214116,4.0943445622221,1.4465347940079845,-0.28896550245596636,0.19339336621195383,0,0,0
VN,Viet Nam,S - 22_71,Dynamics and Phenomena of Liquid-Surface Interactions,S - 3,Engineering and energy,Science,0.0,6.0,0.0,1.6666666666666665,0.0,0.22433584255053501,0,0,0,0,0,0,0.13930443610783896,0.2035974137525631,3.453648137787289,10.186322125977496,0,,2.4146917932293097,1.9459101490553132,-0.4687816441739965,0.07405232238590052,0.1718309547766801,0,0,0
VN,Viet Nam,S - 22_72,Sustainable Techniques for Metal Recovery and Remediation,S - 3,Engineering and energy,Science,7.0,29.0,1.7166666666666668,5.611111111111112,0.27190866088024085,0.3815176672155561,0,0,0,0,0,0,0.14812424071185165,0.22315052808008198,8.197364255380679,35.7641160775324,0,,3.6045222628603812,3.4011973816621555,-0.20332488119822578,-2.0458092844450357,0.23672535920348833,0,0,0
VN,Viet Nam,S - 22_73,Biomechanical Analysis in Sports Performance and Injury,S - 3,Engineering and energy,Science,1.0,1.0,0.16666666666666666,0.3333333333333333,0.11436978671763219,0.09948233213970736,0,0,0,0,0,0,0.1434637575300128,0.21797527550037135,4.097299907287153,7.105404295842281,0,,2.0925310362189804,0.6931471805599453,-1.399383855659035,1.5707391193341715,0.21085173013496986,0,0,0
VN,Viet Nam,S - 22_74,Optimization and Design in Manufacturing Processes,S - 3,Engineering and energy,Science,2.0,24.0,0.6666666666666666,8.166666666666666,0.17024245006470531,0.4411716684072857,0,0,0,0,0,0,0.15271695031525553,0.22486439656325552,5.271907765349344,20.830664960235197,0,,3.0833156309424194,3.2188758248682006,0.13556019392578111,-0.1880536376458446,0.24676311303943047,0,0,0
VN,Viet Nam,S - 22_75,Embedded Systems and FPGA-based Applications,S - 3,Engineering and energy,Science,0.0,0.0,0.0,0.0,0.0,0.0,0,0,0,0,0,0,0.1365661850774682,0.1805175860192431,0.27219861404505524,0.3425063598255931,0,,0.2945382846899173,0.0,-0.2945382846899173,1.1206846721687478,0.09098524369091152,0,0,0
VN,Viet Nam,S - 22_76,Intelligent Control Systems and Industrial Applications,S - 3,Engineering and energy,Science,0.0,9.0,0.0,2.611111111111111,0.0,0.4541307084591404,0,0,0,0,0,0,0.14029018096940735,0.22271304425671692,1.637727806808261,7.001643698155131,0,,2.079646982844746,2.302585092994046,0.22293811014929998,-1.0740220650163468,0.20516817481250219,0,0,0
VN,Viet Nam,S - 22_77,Advancements in Electrostatic Applications and Technologies,S - 3,Engineering and energy,Science,3.0,11.0,0.5833333333333333,1.6027777777777779,0.21278507289034265,0.3741494261480765,0,0,0,0,0,0,0.15111640526777798,0.21891551155661126,5.647599209190783,14.746533090700478,0,,2.756620219816043,2.4849066497880004,-0.27171357002804264,-0.23924280086782534,0.21439206793025423,0,0,0
VN,Viet Nam,S - 22_78,Safety and Risk Management in Transportation and Energy Systems,S - 3,Engineering and energy,Science,1.0,13.0,0.16666666666666666,2.8333333333333335,0.11001228285335059,0.315560202392954,0,0,0,0,0,0,0.14688092012417933,0.2182296083895167,4.159170628296931,13.41892429802576,0,,2.66854153115647,2.6390573296152584,-0.029484201541211785,-2.136858325884641,0.25075201248214973,0,0,0
VN,Viet Nam,S - 22_79,Advanced Materials Processing and Surface Modification Techniques,S - 3,Engineering and energy,Science,3.0,15.0,0.75,3.819444444444444,0.15454314024488242,0.30849950104327306,0,0,0,0,0,0,0.14555906793710777,0.21497565789863887,8.161618706025969,32.86607784017896,0,,3.522413859716234,2.772588722239781,-0.7498251374764529,0.09949782043042593,0.21418389375133337,0,0,0
VN,Viet Nam,S - 22_8,Advancements in Geotechnical and Mining Engineering,S - 3,Engineering and energy,Science,3.0,18.0,0.4444444444444444,4.505555555555555,0.20123140574831183,0.31112947033032257,0,0,0,0,0,0,0.13910962025473025,0.19560815175535143,5.070175403506944,22.53354671559213,0,,3.1584269230247726,2.9444389791664403,-0.2139879438583323,-1.5169404469344563,0.19361821481617175,0,0,0
VN,Viet Nam,S - 22_80,Advanced Thermometry Technologies and Applications,S - 3,Engineering and energy,Science,0.0,2.0,0.0,0.39999999999999997,0.0,0.4401315053072666,0,0,0,0,0,0,0.14368313137052585,0.21566415160002037,0.7914250247266343,2.068903415715674,0,,1.121320304212328,1.0986122886681098,-0.022708015544218307,1.0160730918873366,0.14557792951620063,0,0,0
VN,Viet Nam,S - 22_81,Vibration and Dynamics in Transportation Engineering,S - 3,Engineering and energy,Science,27.0,60.0,5.3999999999999995,16.563888888888886,0.6034021228980867,0.5857282287324501,1,1,1,1,0,0,0.1486165676754294,0.21721622127090448,7.114489797020447,29.618450677702423,,0,3.421602790572598,4.110873864173311,0.6892710736007133,-0.2105865160055307,0.20193212037929356,0,0,0
VN,Viet Nam,S - 22_82,Intelligent Transportation and Traffic Management Systems,S - 3,Engineering and energy,Science,8.0,55.0,1.3166666666666667,16.458730158730166,0.3555607918594603,0.3820818798521327,0,0,0,0,0,0,0.14978483505272958,0.219631090167333,6.670964645328306,52.15557639856804,0,,3.973223017413655,4.02535169073515,0.052128673321494734,-1.1427027680963986,0.2224196972094892,0,0,0
VN,Viet Nam,S - 22_83,Non-Destructive Testing and Analysis Techniques,S - 3,Engineering and energy,Science,1.0,35.0,0.3333333333333333,6.897222222222221,0.07310747970969385,0.4219434730274191,0,0,0,0,0,0,0.14593865961644883,0.21971860141970162,7.234734835533622,32.322521190026436,0,,3.506233480403297,3.58351893845611,0.07728545805281284,-0.3010012833955864,0.21748650449329318,0,0,0
VN,Viet Nam,S - 22_84,Advancements in Energy Extraction and Management Technologies,S - 3,Engineering and energy,Science,5.0,15.0,1.5833333333333333,2.6694444444444447,0.19131775094309264,0.22854546532592498,0,0,0,0,0,0,0.1350671711574374,0.21025835907205118,7.255592032956704,29.598862701259222,0,,3.4209628416421234,2.772588722239781,-0.6483741194023422,-1.9094890430099045,0.2237801353801029,0,0,0
VN,Viet Nam,S - 22_85,Turbulent Flow Dynamics and Interactions,S - 3,Engineering and energy,Science,4.0,12.0,0.5694444444444444,2.9166666666666665,0.11843874210847537,0.14523800708080795,0,0,0,0,0,0,0.14016439612752513,0.20654878551039876,13.843856678912983,45.43188284773419,0,,3.8379863536053436,2.5649493574615367,-1.2730369961438068,-1.2230938163874758,0.21108207859910172,0,0,0
VN,Viet Nam,S - 22_9,Advancements in Energy Storage and Battery Technologies,S - 3,Engineering and energy,Science,11.0,88.0,2.2777777777777777,21.12222222222222,0.17437116852676107,0.23429742545274052,0,0,0,0,0,0,0.1415351099189614,0.20756589238237683,25.807725236763815,141.7671064333674,0,,4.961214676266245,4.48863636973214,-0.47257830653410515,-0.9947765219519668,0.20454185829809365,0,0,0
VN,Viet Nam,S - 2338888398,Analysis of Obesity and Associated Health Outcomes,S - 2,Medical and health sciences,Science,14.0,19.0,2.1803030303030306,2.695162365200533,0.23513997942171883,0.25028001904377184,0,0,0,0,0,0,0.14236802991349115,0.19405511715560236,17.979751466050196,16.80804884947124,0,,2.879650537648881,2.995732273553991,0.11608173590511006,-2.7808027876320036,0.38805609669440566,0,0,0
VN,Viet Nam,S - 23_0,Remote Sensing and Biomass Estimation in Forests,S - 6,Agricultural and environmental sciences,Science,5.0,32.0,0.8611111111111112,6.993825496655685,0.21070106811037845,0.3289123554188687,0,0,0,0,0,0,0.13860859815591048,0.19415049685601676,6.733594935926418,28.619510917998177,0,,3.3884332968194064,3.4965075614664802,0.10807426464707381,-2.8580195559640478,0.33114251328885813,0,0,0
VN,Viet Nam,S - 23_1,Biodiversity Conservation and Ecological Management Strategies,S - 6,Agricultural and environmental sciences,Science,5.0,17.0,0.7222222222222222,1.4926250812215722,0.09843308505947176,0.19915856989441236,0,0,0,0,0,0,0.10705457981451383,0.1254324618688259,19.31403318442341,35.359560904292735,0,,3.593457192896775,2.8903717578961645,-0.7030854350006104,-3.9189515344376114,0.4020106017806123,0,0,0
VN,Viet Nam,S - 23_10,Ecological Interactions and Impacts of Pathogens and Pests,S - 6,Agricultural and environmental sciences,Science,16.0,15.0,2.4999999999999996,2.235858585858586,0.3241140096602033,0.23894097402154968,0,0,0,0,0,0,0.10826631018341697,0.16971894352058114,9.729775968620743,13.405326753481331,0,,2.667598051617051,2.772588722239781,0.10499067062273015,-3.517060108080922,0.3367477005367796,0,0,0
VN,Viet Nam,S - 23_11,Fukushima Daiichi Disaster: Environmental and Health Impacts,S - 6,Agricultural and environmental sciences,Science,0.0,4.0,0.0,0.9999999999999999,0.0,0.5284168554230733,0,1,0,1,0,0,0.1460166387586674,0.21021044167834768,1.853314732195624,2.144614719362141,1,,1.1456913768807548,1.6094379124341003,0.46374653555334544,-0.09090079125709441,0.19663984508280383,0,0,0
VN,Viet Nam,S - 23_12,Impacts of Climate Change on Ecological Systems,S - 6,Agricultural and environmental sciences,Science,16.0,36.0,2.1111111111111116,5.630806844115979,0.20842781275955088,0.27825145843446675,0,0,0,0,0,0,0.09429640384689773,0.22655328322449164,9.545124373697352,21.910153932653884,0,,3.131580215458715,3.6109179126442243,0.47933769718550945,-3.4072986214156313,0.4606656209924179,0,0,0
VN,Viet Nam,S - 23_13,Sustainable Waste Management and Resource Recovery,S - 6,Agricultural and environmental sciences,Science,9.0,112.0,1.3555555555555556,26.140277777777772,0.29955247868474066,0.47664612523378364,0,0,0,0,0,0,0.15045450912900268,0.23840957218704406,8.560484439312857,42.51108303469188,0,,3.773015688049823,4.727387818712341,0.9543721306625179,-2.6945133655510425,0.3527664678478572,0,0,0
VN,Viet Nam,S - 23_15,Innovations in Water and Wastewater Treatment Technologies,S - 6,Agricultural and environmental sciences,Science,17.0,137.0,3.3888888888888884,30.34953703703704,0.2694744394864883,0.46686876111973735,0,0,0,0,0,0,0.14927826032474012,0.25442471479452883,18.728006311254934,79.51120640993771,0,,4.388396384797034,4.927253685157205,0.5388573003601707,-2.5482942483443574,0.2699285158940753,0,0,0
VN,Viet Nam,S - 23_16,Environmental Impact and Health Effects of Heavy Metal Contamination,S - 6,Agricultural and environmental sciences,Science,11.0,37.0,2.2777777777777777,9.067063492063491,0.2456459977809327,0.3830405626201292,0,0,0,0,0,0,0.14794408326101327,0.24654198936507407,12.070326447405014,30.63025257107418,0,,3.454114022460326,3.6375861597263857,0.1834721372660595,-2.9635447600528138,0.3074604950416531,0,0,0
VN,Viet Nam,S - 23_17,Microbial Bioremediation and Environmental Impact Mitigation,S - 6,Agricultural and environmental sciences,Science,4.0,5.0,0.6499999999999999,0.9277777777777778,0.24996066735938532,0.28701683097809944,0,0,0,0,0,0,0.15141582058157177,0.21724022007964391,5.68835432428854,13.876167012173843,0,,2.6997604029542144,1.791759469228055,-0.9080009337261594,-1.4688091589634749,0.23856124225979264,0,0,0
VN,Viet Nam,S - 23_18,"Sustainability, Climate Change, and Resource Management",S - 6,Agricultural and environmental sciences,Science,2.0,18.0,0.19166666666666665,2.160714285714286,0.1397254006258742,0.181649410665183,0,0,0,0,0,0,0.1369752059392869,0.20680963983697717,3.941539018035308,20.025856293171397,0,,3.0457529324100028,2.9444389791664403,-0.10131395324356252,-3.3995650990851742,0.37252517288264353,0,0,0
VN,Viet Nam,S - 23_19,Environmental Factors Impacting Human Health,S - 6,Agricultural and environmental sciences,Science,16.0,85.0,2.908730158730158,18.58308622299495,0.29211130696235227,0.39745679539958717,0,0,0,0,0,0,0.13566473728812603,0.24963183508615558,10.98434704593358,61.338311080505996,0,,4.132576181904597,4.454347296253507,0.3217711143489099,-3.734876486152817,0.36540205386703334,0,0,0
VN,Viet Nam,S - 23_2,Impacts and Conservation of Freshwater Biodiversity,S - 6,Agricultural and environmental sciences,Science,31.0,38.0,4.472222222222222,4.85278178611512,0.38467152181364656,0.38859410905117725,0,0,0,0,0,0,0.13426238042452426,0.14062324295275969,15.488970977264522,13.271048538336565,0,,2.658232907299252,3.6635616461296463,1.0053287388303942,-2.979800841886472,0.38612996720245646,0,0,0
VN,Viet Nam,S - 23_20,Environmental Management and Sustainable Development Studies,S - 6,Agricultural and environmental sciences,Science,6.0,13.0,1.25,2.8444444444444446,0.34326310192317977,0.3576818662186519,0,0,0,0,0,0,0.1546997541647408,0.22668235070731915,5.754500417281617,16.034904149853404,0,,2.835264424437482,2.6390573296152584,-0.19620709482222365,-1.6529785648564477,0.26796756140938305,0,0,0
VN,Viet Nam,S - 23_21,Interdisciplinary Studies in Environmental Sustainability,S - 6,Agricultural and environmental sciences,Science,1.0,44.0,0.16666666666666666,12.28888888888889,0.1462309387669165,0.5953720665014823,0,1,0,1,0,1,0.14311904826370545,0.229566625236068,3.0604898626603396,16.991434256516353,1,,2.889895769993914,3.8066624897703196,0.9167667197764056,-2.14554404036174,0.31298864684407834,0,0,0
VN,Viet Nam,S - 23_22,Environmental Risk Assessment and Sustainable Solutions,S - 6,Agricultural and environmental sciences,Science,4.0,8.0,0.9166666666666665,2.0555555555555554,0.3003739364441487,0.25015820346131423,0,0,0,0,0,0,0.15556501247059396,0.2150533794790236,5.004660346553088,18.995205246014816,0,,2.995492507113056,2.1972245773362196,-0.7982679297768365,-2.1382659627624077,0.32804484164577963,0,0,0
VN,Viet Nam,S - 23_23,Microbial Processes in Methane Cycle and Wastewater Treatment,S - 6,Agricultural and environmental sciences,Science,14.0,37.0,2.094444444444444,6.894841269841271,0.19628315389574044,0.2427473767230786,0,0,0,0,0,0,0.14082042510897913,0.20987296331415506,25.08438810968855,64.50731643259024,0,,4.182161837664005,3.6375861597263857,-0.544575677937619,-0.9983821835174707,0.24379647367040252,0,0,0
VN,Viet Nam,S - 23_24,Human Impact and Sustainability in Marine Ecosystems,S - 6,Agricultural and environmental sciences,Science,21.0,115.0,3.6194444444444445,27.730092592592587,0.27247642341455014,0.40990741037665906,0,0,0,0,0,0,0.10366607774573665,0.18018151737930438,11.151064049703205,38.18038425068637,0,,3.6681762197854644,4.7535901911063645,1.0854139713209001,-2.7754455583960027,0.4072087502065739,0,0,0
VN,Viet Nam,S - 23_25,Erosion Studies in Various Materials and Environments,S - 6,Agricultural and environmental sciences,Science,0.0,1.0,0.0,0.16666666666666666,0.0,0.362407247743743,0,0,0,0,0,0,0.12448061187037536,0.21278566452218525,0.39435447117277483,2.4662842830045033,0,,1.243083208415926,0.6931471805599453,-0.5499360278559807,0.4469631978681308,0.15402361587361557,0,0,0
VN,Viet Nam,S - 23_26,Impacts and Management of Biodiversity and Ecosystems,S - 6,Agricultural and environmental sciences,Science,12.0,22.0,1.6250000000000002,3.524248777078966,0.31485507303595567,0.3024047761507706,0,0,0,0,0,0,0.1358382589402877,0.18330588595056246,11.096119378220305,19.034283380737822,0,,2.9974449750799406,3.1354942159291497,0.1380492408492091,-4.255106771943812,0.400503837681699,0,0,0
VN,Viet Nam,S - 23_27,Impact of Environmental Contaminants on Human Health,S - 6,Agricultural and environmental sciences,Science,13.0,31.0,2.9706349206349203,7.503174603174603,0.3199197271731201,0.3259998121159199,0,0,0,0,0,0,0.14896083206162666,0.21650275580537667,12.619690426384752,31.090178185810764,0,,3.4685500077959963,3.4657359027997265,-0.002814104996269773,-0.6758248732857265,0.2538485562939664,0,0,0
VN,Viet Nam,S - 23_28,Integrated Water Resources Management and Sustainability,S - 6,Agricultural and environmental sciences,Science,10.0,53.0,1.5555555555555556,10.615034965034964,0.32946873279194283,0.5183727535903855,0,1,0,1,0,0,0.14086325801527502,0.22626818724106917,7.153740655383157,24.09190683612966,1,,3.2225453573362306,3.9889840465642745,0.7664386892280439,-3.4860037221128763,0.30718906351933206,0,0,0
VN,Viet Nam,S - 23_29,Geospatial Analysis and Predictive Modeling in Earth Sciences,S - 6,Agricultural and environmental sciences,Science,7.0,72.0,1.0555555555555556,13.180799755799752,0.20362998556791415,0.46271556786123275,0,0,0,0,0,0,0.1372312321217854,0.23658619761159222,9.00453596963738,34.85831781259311,0,,3.579575557221501,4.290459441148391,0.7108838839268898,-3.566755485755233,0.3190786130958182,0,0,0
VN,Viet Nam,S - 23_3,Urban Environmental Modeling and Management,S - 6,Agricultural and environmental sciences,Science,3.0,12.0,0.4444444444444444,2.888888888888889,0.19890989484438001,0.24654068643200128,0,0,0,0,0,0,0.14597532888991968,0.21636074213609965,5.68255556616401,18.48573323630839,0,,2.9696825688913964,2.5649493574615367,-0.40473321142985963,-1.0040661329204197,0.23950729759465275,0,0,0
VN,Viet Nam,S - 23_30,Stable Isotopes Applications in Trophic Ecology,S - 6,Agricultural and environmental sciences,Science,0.0,2.0,0.0,0.15873015873015872,0.0,0.10426026166171062,0,0,0,0,0,0,0.14574926101100366,0.20814157883653994,7.320473119561211,11.242456239249762,0,,2.504909930093339,1.0986122886681098,-1.406297641425229,-0.6885497214410424,0.2463151690765294,0,0,0
VN,Viet Nam,S - 23_4,Impact and Management of Water Quality and Pollution,S - 6,Agricultural and environmental sciences,Science,20.0,66.0,3.3880952380952385,16.225396825396825,0.2816308621901368,0.3705305223732918,0,0,0,0,0,0,0.14783327002350657,0.22322840426445337,20.5823214247877,47.010866537508974,0,,3.871427371484506,4.204692619390966,0.3332652479064597,-3.242601766462044,0.3169949187280409,0,0,0
VN,Viet Nam,S - 23_5,"Sustainable Development: Assessment, Strategies, and Impacts",S - 6,Agricultural and environmental sciences,Science,0.0,4.0,0.0,1.2916666666666665,0.0,0.38620620650077675,0,0,0,0,0,0,0.14736160080905472,0.23339361312918136,1.0663873880067036,5.622727013364969,0,,1.8905072206803808,1.6094379124341003,-0.2810693082462805,-2.3361731274058455,0.2912405116856778,0,0,0
VN,Viet Nam,S - 23_6,Impacts and Responses to Climate Change,S - 6,Agricultural and environmental sciences,Science,20.0,55.0,3.1472222222222217,9.548765432098763,0.1757065920155762,0.2166000014518869,0,0,0,0,0,0,0.058585417849943054,0.1666774024546584,8.13762211602432,61.11894906183278,0,,4.129051080266044,4.02535169073515,-0.10369938953089441,-3.1149228619197546,0.34515895469720215,0,0,0
VN,Viet Nam,S - 23_7,Sustainable Urban Development and Environmental Management,S - 6,Agricultural and environmental sciences,Science,13.0,37.0,2.5972222222222228,8.8,0.3519541424604494,0.306231161595156,0,0,0,0,0,0,0.13994565955736138,0.20094628666736494,7.790433949531835,37.31388117689296,0,,3.6458122633407406,3.6375861597263857,-0.00822610361435494,-3.0601893482688554,0.31295874573943483,0,0,0
VN,Viet Nam,S - 23_8,Global Hydrological Phenomena and Climate Change Impacts,S - 6,Agricultural and environmental sciences,Science,9.0,79.0,1.5,13.442415917415914,0.29774659493808747,0.524991423994793,0,1,0,1,0,0,0.14416089753063882,0.24325284420534576,7.238595732617133,30.05258932922152,1,,3.435682197148007,4.382026634673881,0.946344437525874,-4.000897385752404,0.3354919267367002,0,0,0
VN,Viet Nam,S - 23_9,Environmental Impact and Sustainability of Energy Systems,S - 6,Agricultural and environmental sciences,Science,0.0,14.0,0.0,2.329166666666666,0.0,0.2997444957535776,0,0,0,0,0,0,0.14994630380138724,0.2241135488967193,5.289562708623248,32.02834967542767,0,,3.497366273741104,2.70805020110221,-0.7893160726388939,-1.548522078731991,0.26426980823931395,0,0,0
VN,Viet Nam,S - 24_0,Immunological Mechanisms and Biomedical Applications,S - 8,Life sciences,Science,3.0,5.0,0.4444444444444444,1.0303030303030303,0.08497056163789225,0.12841354307037967,0,0,0,0,0,0,0.1418448530457407,0.2139018730998284,15.429320730296713,30.0666989947232,0,,3.4361364736255724,1.791759469228055,-1.6443770043975174,-0.038090917074272757,0.22069807304220734,0,0,0
VN,Viet Nam,S - 24_1,Antimicrobial Resistance and Microbial Impact on Health,S - 8,Life sciences,Science,9.0,16.0,1.7333333333333334,2.148506860371267,0.38188787668207586,0.4219004880741012,0,0,0,0,0,0,0.14457098828061968,0.4219004880741012,4.208206589604946,0.0,0,,0.0,2.833213344056216,2.833213344056216,-5.0121822427532345,0.42382747500039564,0,0,0
VN,Viet Nam,S - 24_2,Immunology and Disease Treatment Research,S - 8,Life sciences,Science,13.0,8.0,2.24239417989418,1.1128427128427127,0.27746025686535675,0.19085105436704497,0,0,0,0,0,0,0.11416952667619462,0.15366878383088406,7.7623942789897695,11.678685206080393,0,,2.5399222532606527,2.1972245773362196,-0.3426976759244331,-3.5481391535439237,0.32185914518740866,0,0,0
VN,Viet Nam,S - 24_3,Epidemiology and Pathogenesis of Zoonotic Diseases,S - 8,Life sciences,Science,19.0,17.0,3.2055555555555553,3.222222222222222,0.31633866688151957,0.33095397651071556,0,0,0,0,0,0,0.31633866688151957,0.33095397651071556,0.0,0.0,0,,0.0,2.8903717578961645,2.8903717578961645,-5.079458180943168,0.44407878618247665,0,0,0
VN,Viet Nam,S - 24_4,Immunological Mechanisms in Inflammation and Disease,S - 8,Life sciences,Science,9.0,12.0,1.4888888888888887,2.439033189033189,0.10298637730491368,0.1013706735883497,0,0,0,0,0,0,0.1337593301025048,0.21237152511577934,30.46676941252074,89.08192744948295,0,,4.5007195612482,2.5649493574615367,-1.9357702037866633,-0.07490882394116205,0.20151090192453075,0,0,0
VN,Viet Nam,S - 24_5,Innate Immunity and Host Defense Mechanisms,S - 8,Life sciences,Science,7.0,23.0,1.2916666666666667,4.008721833721833,0.17983277103342274,0.30035415502483553,0,0,0,0,0,0,0.13577513818705503,0.2009799933872038,11.38854047106004,27.698003778182567,0,,3.3568275655793727,3.1780538303479458,-0.17877373523142692,-1.593698277418452,0.26047410610727106,0,0,0
VN,Viet Nam,S - 2508980079,Studies on Thyroid and Related Disorders,S - 2,Medical and health sciences,Science,1.0,3.0,0.3333333333333333,1.0833333333333333,0.056602622434386886,0.2354903147771456,0,0,0,0,0,0,0.14479430978441635,0.21843402031916329,8.345766377227552,11.84893060479345,0,,2.5532605864612825,1.3862943611198906,-1.166966225341392,0.4956952802633028,0.22178778666813884,0,0,0
VN,Viet Nam,S - 259614356,"Perspectives on Law, Ethics, and Rights",S - 1,Social sciences,Science,0.0,2.0,0.0,0.25,0.0,0.1879193964279472,0,0,0,0,0,0,0.11599437644298317,0.2174931781419609,0.22791106318293744,8.226367664776419,0,,2.2220654352820324,1.0986122886681098,-1.1234531466139226,-0.28078136755228544,0.22810177482191898,0,0,0
VN,Viet Nam,S - 25_0,Advancements in Optical Materials and Photonics Research,S - 7,Physical sciences and mathematics,Science,3.0,9.0,0.3888888888888889,1.4166666666666667,0.08021567973610408,0.14343912477111279,0,0,0,0,0,0,0.1496551903212892,0.21535123578187848,19.52924079802824,33.22783502238991,0,,3.5330392025836312,2.302585092994046,-1.2304541095895853,-0.5729360976748806,0.23205996214184166,0,0,0
VN,Viet Nam,S - 25_10,Biomaterials in Tissue Engineering and Drug Delivery,S - 7,Physical sciences and mathematics,Science,4.0,30.0,0.611111111111111,8.176984126984124,0.13063868239074708,0.3145657988130893,0,0,0,0,0,0,0.14894365192557987,0.21969827850385526,14.925645746220358,46.480945262524386,0,,3.860328478189552,3.4339872044851463,-0.42634127370440567,-0.22807990219852942,0.2142315088663931,0,0,0
VN,Viet Nam,S - 25_11,"Synthesis, Properties, and Applications of Nanomaterials",S - 7,Physical sciences and mathematics,Science,41.0,237.0,10.13888888888889,61.78888888888888,0.24602066325148914,0.4007302163000905,0,0,0,0,0,0,0.14823464823139346,0.22059865062615058,57.917509808123896,190.66019422362552,0,,5.255723982291006,5.472270673671475,0.21654669138046945,-1.713259253292455,0.2429342458438047,0,0,0
VN,Viet Nam,S - 25_12,"Advanced Materials: Properties, Transitions, and Applications",S - 7,Physical sciences and mathematics,Science,5.0,26.0,1.0833333333333333,7.233333333333333,0.13988422853327256,0.30570318374934935,0,0,0,0,0,0,0.14583334569172715,0.2117108295644521,15.945403362073716,40.01448976690638,0,,3.7139254132190107,3.295836866004329,-0.4180885472146816,0.9208386576328587,0.17700441455688673,0,0,0
VN,Viet Nam,S - 25_13,Bioactive Properties and Ethnobotanical Aspects of Latex Compounds,S - 7,Physical sciences and mathematics,Science,3.0,6.0,0.6666666666666666,2.0,0.6132323698027649,0.733532105967391,1,1,1,1,0,1,0.1512276731823894,0.22176550699526534,0.7492157835707596,1.255241228179595,,0,0.8132569420357267,1.9459101490553132,1.1326532070195865,-1.412941582330787,0.14306691050250822,0,0,0
VN,Viet Nam,S - 25_14,"Material Science: Microstructure, Crystallization, and Nanomaterials",S - 7,Physical sciences and mathematics,Science,8.0,66.0,2.0277777777777777,16.56984126984127,0.202735469150086,0.5275256463096859,0,1,0,1,0,0,0.1475134841390671,0.21747825541990712,14.953559235439704,41.05355638606238,1,,3.738943958016576,4.204692619390966,0.4657486613743895,-0.4161578956055089,0.22504781343661345,0,0,0
VN,Viet Nam,S - 25_15,Advanced Materials: Properties and Applications in Electronics,S - 7,Physical sciences and mathematics,Science,13.0,36.0,2.961111111111111,9.53611111111111,0.2588411548335944,0.29607300901739364,0,0,0,0,0,0,0.15100249156870627,0.21544905913387383,19.74513923729188,51.02086878715511,0,,3.9516449609028657,3.6109179126442243,-0.3407270482586413,-0.8535364610411161,0.21716163189742535,0,0,0
VN,Viet Nam,S - 25_16,Synthesis and Applications of Porous Nanomaterials,S - 7,Physical sciences and mathematics,Science,15.0,43.0,4.833333333333333,7.433333333333333,0.3411946787681824,0.3603680690458074,0,0,0,0,0,0,0.14940354506822123,0.21415436285232,14.222302805755028,43.447281181988885,0,,3.7943037943296822,3.784189633918261,-0.010114160411421214,-0.5249782805791808,0.18481904247602043,0,0,0
VN,Viet Nam,S - 25_17,Advanced Materials and Technologies for Energy Storage,S - 7,Physical sciences and mathematics,Science,5.0,58.0,1.0833333333333333,13.461507936507939,0.14714542204701775,0.3066262090056591,0,0,0,0,0,0,0.14291186006788636,0.21272648987919282,15.625933858869718,66.68737627940725,0,,4.214899696939147,4.07753744390572,-0.13736225303342753,-1.250385013648329,0.19160582234114895,0,0,0
VN,Viet Nam,S - 25_18,Biomedical Applications of Metal Alloys and Nanomaterials,S - 7,Physical sciences and mathematics,Science,4.0,17.0,0.9444444444444444,3.7083333333333326,0.24266825066584888,0.25227653828437585,0,0,0,0,0,0,0.14670573409107596,0.21536627001513114,5.906470025706703,27.54758739019657,0,,3.3515724278096326,2.8903717578961645,-0.4612006699134681,-0.8986504831207479,0.2144638860334879,0,0,0
VN,Viet Nam,S - 25_2,"Nanoparticle Synthesis, Characterization, and Applications",S - 7,Physical sciences and mathematics,Science,27.0,76.0,6.638888888888888,21.022222222222208,0.3078467795253445,0.36973085683252643,0,0,0,0,0,0,0.15098605352292357,0.21604086332778638,31.639736232168037,81.16823291801938,0,,4.408768766515548,4.343805421853684,-0.06496334466186404,-0.6148062878609776,0.21412123815118667,0,0,0
VN,Viet Nam,S - 25_3,Corrosion and Material Degradation in Metals,S - 7,Physical sciences and mathematics,Science,0.0,23.0,0.0,5.152777777777778,0.0,0.35872122333617484,0,0,0,0,0,0,0.14655148061653886,0.2180109303850925,6.373220524773902,23.557679614565888,0,,3.2010246205813044,3.1780538303479458,-0.022970790233358684,-0.8193651309839435,0.22456936899874957,0,0,0
VN,Viet Nam,S - 25_4,"Polymer-Based Nanocomposites: Synthesis, Properties, and Applications",S - 7,Physical sciences and mathematics,Science,23.0,115.0,5.833333333333333,32.8031746031746,0.2342833077971259,0.32667559382980904,0,0,0,0,0,0,0.15129428696062508,0.2311699644867465,36.03913267205139,128.0475052778915,0,,4.8601805945395,4.7535901911063645,-0.10659040343313553,-1.9591885529579256,0.2592486099833139,0,0,0
VN,Viet Nam,S - 25_6,Applications and Properties of Luminescent Nanomaterials,S - 7,Physical sciences and mathematics,Science,10.0,70.0,2.0277777777777777,17.083333333333332,0.1740091305779047,0.3211875549913769,0,0,0,0,0,0,0.1464665923919826,0.21420195140950657,24.000250005505695,74.88772925532653,0,,4.329255001441303,4.2626798770413155,-0.06657512439998747,-1.057188089060545,0.21671616262719237,0,0,0
VN,Viet Nam,S - 25_7,Advancements in Magnetic Materials and Applications,S - 7,Physical sciences and mathematics,Science,11.0,27.0,2.115873015873016,6.15,0.23338959583191554,0.32141384970064973,0,0,0,0,0,0,0.1501049114952875,0.2191490251604217,17.716761553709098,32.74086285821958,0,,3.518709650537695,3.332204510175204,-0.18650514036249133,-0.7820615373266129,0.2310962277883135,0,0,0
VN,Viet Nam,S - 25_8,Solid Oxide Fuel Cells and Protonic Conduction Research,S - 7,Physical sciences and mathematics,Science,1.0,7.0,0.3333333333333333,0.6833333333333335,0.095490934879214,0.17043321910425913,0,0,0,0,0,0,0.14659307468920096,0.2146195350783692,5.558655586124356,17.860520971530345,0,,2.937070899916608,2.0794415416798357,-0.8576293582367724,-0.1123363514470544,0.20770788723058503,0,0,0
VN,Viet Nam,S - 25_9,Materials Science in Nuclear and Fusion Energy,S - 7,Physical sciences and mathematics,Science,1.0,9.0,0.3333333333333333,1.775,0.05125663325181858,0.12481145720276733,0,0,0,0,0,0,0.14772275341061902,0.21948022799122777,10.402942338306481,25.644278155125786,0,,3.282574424187394,2.302585092994046,-0.9799893311933481,-1.1133524824230734,0.24862309610511382,0,0,0
VN,Viet Nam,S - 26_0,Advanced Mathematical Theories and Applications,S - 7,Physical sciences and mathematics,Science,0.0,1.0,0.0,0.3333333333333333,0.0,0.24749921403637562,0,0,0,0,0,0,0.1411489619840364,0.21385831588082196,3.1144589513037424,5.5729292835747755,0,,1.882959590601136,0.6931471805599453,-1.1898124100411906,-0.34875272678953645,0.20736733055443968,0,0,0
VN,Viet Nam,S - 26_1,Advanced Mathematical Methods and Their Applications,S - 7,Physical sciences and mathematics,Science,10.0,6.0,3.555555555555556,0.75,0.5315294057152512,0.3288008765878557,1,0,1,0,0,0,0.15610889253856916,0.2560061779978036,3.6514866310173373,7.207992409687396,,1,2.1051083636822985,1.9459101490553132,-0.15919821462698525,-2.5359332467970472,0.26849098595610005,0,0,0
VN,Viet Nam,S - 26_10,Advanced Mathematical Analysis in Differential Equations,S - 7,Physical sciences and mathematics,Science,15.0,39.0,5.416666666666667,9.597619047619046,0.43802941075393825,0.47962537491217544,0,0,0,0,0,0,0.15361119673047835,0.31016222940150356,8.075161807283438,33.38239947227516,0,,3.537544790197468,3.6888794541139363,0.15133466391646833,-3.3865989436446657,0.25457427954294953,0,0,0
VN,Viet Nam,S - 26_11,Statistical Analysis and Probability in Interdisciplinary Research,S - 7,Physical sciences and mathematics,Science,1.0,0.0,0.16666666666666666,0.0,0.17981422070883335,0.0,0,0,0,0,0,0,0.14278215136943564,0.20696962024809187,2.3788542681193743,3.164323429302162,0,,1.4265538204794255,0.0,-1.4265538204794255,0.7052675517001383,0.17687483312984292,0,0,0
VN,Viet Nam,S - 26_2,Advanced Statistical Methods and Applications in Research,S - 7,Physical sciences and mathematics,Science,0.0,3.0,0.0,0.4444444444444444,0.0,0.14682170742921624,0,0,0,0,0,0,0.14008966241116466,0.20725040066003783,8.528390742588035,13.211033396937506,0,,2.6540186626834887,1.3862943611198906,-1.2677243015635982,-2.4657944350039367,0.2870342986389007,0,0,0
VN,Viet Nam,S - 26_3,Granular Data Analysis and Simulation Optimization Techniques,S - 7,Physical sciences and mathematics,Science,0.0,0.0,0.0,0.0,0.0,0.0,0,0,0,0,0,0,0.1125355927536461,0.12615679794715642,0.03129791251863352,0.036127456764270226,0,,0.03549016403473612,0.0,-0.03549016403473612,3.6530565775326376,0.030935604470538468,0,0,0
VN,Viet Nam,S - 26_4,Advanced Algebraic Structures and Geometric Theories,S - 7,Physical sciences and mathematics,Science,5.0,6.0,1.6944444444444444,2.6666666666666665,0.23755491258873862,0.3441739441589973,0,0,0,0,0,0,0.1424043584344889,0.21407759459670442,7.300296675179836,12.527180049013564,0,,2.604700998361756,1.9459101490553132,-0.6587908493064429,0.3606181921019254,0.1990543642757206,0,0,0
VN,Viet Nam,S - 26_5,Advanced Mathematical Concepts and Their Applications,S - 7,Physical sciences and mathematics,Science,2.0,2.0,0.6666666666666666,0.23333333333333334,0.18396851121842206,0.125586345231567,0,0,0,0,0,0,0.147038628553797,0.21644955992129777,4.300421552600243,7.513380985950818,0,,2.1416391593306594,1.0986122886681098,-1.0430268706625496,-1.185292236394228,0.23027507942687472,0,0,0
VN,Viet Nam,S - 26_6,"Mathematics Education: Teaching, Learning, and Cognitive Development",S - 7,Physical sciences and mathematics,Science,0.0,2.0,0.0,0.41666666666666663,0.0,0.32473849971338636,0,0,0,0,0,0,0.13866935230709415,0.214268157516275,2.6068008193148184,2.577733600038309,0,,1.274729527322529,1.0986122886681098,-0.1761172386544192,-1.2565620467046155,0.22169930508681815,0,0,0
VN,Viet Nam,S - 26_7,Mathematical and Computational Methods in Physics,S - 7,Physical sciences and mathematics,Science,8.0,18.0,2.111111111111111,2.783333333333333,0.3147667985376973,0.4203233873311032,0,0,0,0,0,0,0.1435135164104916,0.22290317310785088,6.8724662755515595,14.248288022534645,0,,2.724467235934303,2.9444389791664403,0.2199717432321373,-1.913960657055377,0.24598994508216715,0,0,0
VN,Viet Nam,S - 26_8,Advanced Mathematical Analysis and Operator Theory,S - 7,Physical sciences and mathematics,Science,6.0,2.0,1.6666666666666665,0.23333333333333334,0.48487234900267984,0.27476293674151187,0,0,0,0,0,0,0.14739081627165188,0.2217033948927027,2.5031971722672033,4.060375628569332,0,,1.6214407154392256,1.0986122886681098,-0.5228284267711159,-0.6837445400661593,0.2352619163744912,0,0,0
VN,Viet Nam,S - 26_9,Mathematical Modeling in Diverse Disciplines,S - 7,Physical sciences and mathematics,Science,25.0,29.0,5.177777777777777,5.481349206349207,0.5914479113292912,0.41051373754403814,1,0,1,0,0,0,0.14328450356840758,0.32833434627538527,5.767793168532842,30.79096990868067,,1,3.45918228432457,3.4011973816621555,-0.057984902662414406,-4.894569607410083,0.3966755682383442,0,0,0
VN,Viet Nam,S - 27_0,Neurodevelopment and Health Impacts of Substance Use,S - 2,Medical and health sciences,Science,11.0,21.0,1.788888888888889,4.436852467085026,0.20444841680441758,0.24736484786347693,0,0,0,0,0,0,0.13665237946228995,0.2082351431044132,13.463348521875393,28.519973574665862,0,,3.3850671045647256,3.091042453358316,-0.2940246512064095,-2.4586444016042543,0.27754830774584544,0,0,0
VN,Viet Nam,S - 27_1,"Liver Disease: Epidemiology, Pathogenesis, and Treatment",S - 2,Medical and health sciences,Science,13.0,27.0,2.911111111111111,4.5738590757940605,0.1962036435065176,0.2431877813720965,0,0,0,0,0,0,0.11857563301802432,0.19360260214394256,11.12530669876099,33.91081043363391,0,,3.552796535789731,3.332204510175204,-0.2205920256145273,-2.619249110330634,0.2980739733433799,0,0,0
VN,Viet Nam,S - 27_10,Medicinal Properties of Natural Compounds,S - 2,Medical and health sciences,Science,1.0,2.0,0.16666666666666666,0.3333333333333333,0.2998487026715527,0.37768404530394656,0,0,0,0,0,0,0.15460857759239593,0.24023224930992254,1.2264464359051197,2.6069852808893383,0,,1.2828723212059336,1.0986122886681098,-0.18426003253782386,-1.2956886750826215,0.19318619156646086,0,0,0
VN,Viet Nam,S - 27_100,Molecular Mechanisms in Cancer Progression and Metastasis,S - 2,Medical and health sciences,Science,0.0,8.0,0.0,1.777777777777778,0.0,0.16690690955459858,0,0,0,0,0,0,0.14239254590503936,0.2148703041779918,17.963677936705757,32.03445162748557,0,,3.497551005600938,2.1972245773362196,-1.3003264282647184,-0.26293924943252145,0.21038318342923135,0,0,0
VN,Viet Nam,S - 27_101,Health Challenges and Care in Aging Populations,S - 2,Medical and health sciences,Science,11.0,12.0,2.25,2.8253968253968256,0.30805690155092275,0.21370059449793757,0,0,0,0,0,0,0.14385309840592128,0.20680464623721562,9.44710730211099,26.154875789922013,0,,3.3015566173618938,2.5649493574615367,-0.736607259900357,-2.0727592685711134,0.29957908375324604,0,0,0
VN,Viet Nam,S - 27_102,Interoception and its Impact on Psychological Disorders,S - 2,Medical and health sciences,Science,2.0,3.0,0.2222222222222222,0.5555555555555556,0.2242979193263249,0.17519521065175392,0,0,0,0,0,0,0.1388699846137706,0.2150454219429809,3.2120530402916,6.849640000077886,0,,2.0604676708800316,1.3862943611198906,-0.674173309760141,0.2737958021456976,0.2048991634961653,0,0,0
VN,Viet Nam,S - 27_103,Diagnosis and Management of Endocrine Disorders,S - 2,Medical and health sciences,Science,2.0,1.0,0.2777777777777778,0.1111111111111111,0.14385087493984208,0.07149874115462408,0,0,0,0,0,0,0.14614566497762116,0.2127899699494666,6.382018115996854,9.2637303654632,0,,2.328616357040683,0.6931471805599453,-1.6354691764807376,-0.09971283186443773,0.22926119953879986,0,0,0
VN,Viet Nam,S - 27_104,"Improving Patient Care through Communication, Ethics, and Technology",S - 2,Medical and health sciences,Science,7.0,21.0,1.4444444444444444,3.685714285714285,0.32849920881464967,0.2949548585196856,0,0,0,0,0,0,0.13599913041512088,0.2120169648947773,5.384459447042464,28.98464141335036,0,,3.40068529768121,3.091042453358316,-0.309642844322894,-1.7117179607113497,0.24370144897717505,0,0,0
VN,Viet Nam,S - 27_106,Cellular Mechanisms in Aging and Disease,S - 2,Medical and health sciences,Science,4.0,4.0,0.4861111111111111,0.5833333333333334,0.16439583982000727,0.08553668272469288,0,0,0,0,0,0,0.1445596243363812,0.19651439519247327,11.133283395422382,32.943556443930966,0,,3.5246990405253156,1.6094379124341003,-1.9152611280912153,0.49646385827144146,0.16763935997151372,0,0,0
VN,Viet Nam,S - 27_11,Genetic and Clinical Aspects of Blood Disorders,S - 2,Medical and health sciences,Science,14.0,7.0,3.361111111111111,0.9735449735449735,0.3142910447114031,0.12659505110918515,0,0,0,0,0,0,0.12913565533102903,0.1976349841159174,7.089454003155162,15.960953676108957,0,,2.8309138596855097,2.0794415416798357,-0.7514723180056739,-2.6548839074941273,0.2864032422793407,0,0,0
VN,Viet Nam,S - 27_12,Diagnosis and Management of Ocular Diseases,S - 2,Medical and health sciences,Science,2.0,2.0,0.3611111111111111,0.2777777777777778,0.08811394127557076,0.13250409860795678,0,0,0,0,0,0,0.14031138546053257,0.21296254738696369,8.954662293047186,20.648865157946158,0,,3.0749530354278174,1.0986122886681098,-1.9763407467597076,-0.9330321774502204,0.23657112534525854,0,0,0
VN,Viet Nam,S - 27_13,Molecular Mechanisms in Cancer Progression and Therapy,S - 2,Medical and health sciences,Science,7.0,6.0,0.9888888888888888,1.125,0.14105656239806308,0.1345128514961887,0,0,0,0,0,0,0.14694865539621604,0.2068285547738581,21.844359347157933,30.00470950638819,0,,3.434139112507448,1.9459101490553132,-1.4882289634521346,-0.926805485921042,0.23385671563919888,0,0,0
VN,Viet Nam,S - 27_14,Advancements in Surgical Techniques and Materials,S - 2,Medical and health sciences,Science,0.0,2.0,0.0,0.23333333333333334,0.0,0.07966470850481085,0,0,0,0,0,0,0.14069659381866179,0.2155324254224109,7.69760475038385,17.218763602684596,0,,2.9024520301815455,1.0986122886681098,-1.8038397415134357,-0.578500704662661,0.2348935103753845,0,0,0
VN,Viet Nam,S - 27_15,Pathophysiology and Management of Abdominal Conditions,S - 2,Medical and health sciences,Science,0.0,0.0,0.0,0.0,0.0,0.0,0,0,0,0,0,0,0.14654471171813307,0.21870657530169674,2.0613804558168,3.6516478568885518,0,,1.5372215346477691,0.0,-1.5372215346477691,-0.7167163495296541,0.24219104035144265,0,0,0
VN,Viet Nam,S - 27_16,"Cancer Research: Treatment, Management, and Immunotherapy",S - 2,Medical and health sciences,Science,2.0,8.0,0.41666666666666663,0.7827762515262515,0.07206328398389066,0.13056298426267957,0,0,0,0,0,0,0.14461382693459157,0.21143972234004565,14.630673178159068,57.84843434857501,0,,4.074965229250012,2.1972245773362196,-1.877740651913792,0.5945699265519712,0.2091170751625058,0,0,0
VN,Viet Nam,S - 27_17,Global Maternal and Child Health Research,S - 2,Medical and health sciences,Science,30.0,22.0,4.172371031746031,3.379501604772331,0.4123708602794461,0.26619289938862506,0,0,0,0,0,0,0.3497488371246109,0.26619289938862506,24.540532987817716,0.0,0,,0.0,3.1354942159291497,3.1354942159291497,-6.0653477793334885,0.46346573829249443,0,0,0
VN,Viet Nam,S - 27_18,Maternal and Neonatal Health: Outcomes and Management,S - 2,Medical and health sciences,Science,10.0,13.0,1.2489583333333334,2.983427495291902,0.24524488492764407,0.2382326170720508,0,0,0,0,0,0,0.11966924734792425,0.12520576001088693,5.515578935692001,6.495024452828236,0,,2.014239394101372,2.6390573296152584,0.6248179355138865,-4.542651216731237,0.3748290312390174,0,0,0
VN,Viet Nam,S - 27_20,Ethical and Legal Considerations in Healthcare,S - 2,Medical and health sciences,Science,2.0,0.0,0.2222222222222222,0.0,0.2750932100631871,0.0,0,0,0,0,0,0,0.1246794157307894,0.21147842777142972,1.2079076228306578,5.742296134994037,0,,1.908400539756177,0.0,-1.908400539756177,-1.902566176812275,0.22814793610509382,0,0,0
VN,Viet Nam,S - 27_21,"Infectious Diseases: Epidemiology, Pathogenesis, and Management",S - 2,Medical and health sciences,Science,42.0,53.0,6.122582972582974,7.856272991141412,0.3863897339303124,0.3760896062066701,0,0,0,0,0,0,0.3863897339303124,0.3760896062066701,0.0,0.0,0,,0.0,3.9889840465642745,3.9889840465642745,-5.399407581707385,0.4580471790372143,0,0,0
VN,Viet Nam,S - 27_23,Pathophysiology and Management of Chronic Disorders,S - 2,Medical and health sciences,Science,0.0,2.0,0.0,0.4444444444444444,0.0,0.2556330098718433,0,0,0,0,0,0,0.14573416584950583,0.22059239957194524,6.333336263172173,14.296629672790012,0,,2.7276325213083825,1.0986122886681098,-1.6290202326402727,0.4751358811233269,0.23819822436636462,0,0,0
VN,Viet Nam,S - 27_24,Integrative Approaches in Medicine and Pharmacology,S - 2,Medical and health sciences,Science,4.0,8.0,0.611111111111111,2.4166666666666665,0.25960865485396994,0.3277311130003565,0,0,0,0,0,0,0.14426427647265547,0.22375204753956354,4.116548427586002,8.290010998697193,0,,2.2289397367537,2.1972245773362196,-0.031715159417480265,-3.337768654282005,0.3073430523019585,0,0,0
VN,Viet Nam,S - 27_25,Cancer Survivorship and Quality of Life Studies,S - 2,Medical and health sciences,Science,1.0,1.0,0.16666666666666666,0.16666666666666666,0.07443601963969337,0.07394539934005248,0,0,0,0,0,0,0.14702552061128626,0.21357061854351891,6.50710443525602,12.120450661487588,0,,2.574172132124772,0.6931471805599453,-1.8810249515648265,-1.837388255025847,0.2500616820168006,0,0,0
VN,Viet Nam,S - 27_26,Inflammatory Skin Conditions: Pathogenesis and Treatment,S - 2,Medical and health sciences,Science,0.0,2.0,0.0,0.41666666666666663,0.0,0.1527856084211534,0,0,0,0,0,0,0.1483574995881492,0.21804786018304276,6.5764724913532415,18.90757216987663,0,,2.991100170403554,1.0986122886681098,-1.892487881735444,0.08962287954735099,0.2348647825747386,0,0,0
VN,Viet Nam,S - 27_27,Coronary Procedures and Management Strategies,S - 2,Medical and health sciences,Science,2.0,2.0,0.4444444444444444,0.5,0.14680647439916822,0.11958377578200638,0,0,0,0,0,0,0.14209547987391283,0.22049881570929744,6.031872102204968,11.027812571786583,0,,2.487221682346623,1.0986122886681098,-1.3886093936785133,-0.367155013646402,0.24474694991478532,0,0,0
VN,Viet Nam,S - 27_28,Neurobiological Aspects and Treatment of Neuropsychiatric Disorders,S - 2,Medical and health sciences,Science,6.0,11.0,0.9277777777777777,1.915266106442577,0.11269116967456685,0.12539377547790362,0,0,0,0,0,0,0.14484613924462367,0.21306568170994283,23.74073960814543,36.94001954797722,0,,3.636006479740716,2.4849066497880004,-1.1510998299527158,-1.2477843684177883,0.28940867547253585,0,0,0
VN,Viet Nam,S - 27_29,Management and Pathophysiology of Vascular Diseases,S - 2,Medical and health sciences,Science,2.0,5.0,0.3333333333333333,1.1367521367521365,0.10320669856987452,0.11420085221884413,0,0,0,0,0,0,0.1428688486277123,0.2146944453298397,9.142825909685206,18.334309732868267,0,,2.9618812240272754,1.791759469228055,-1.1701217547992204,0.5648160667388382,0.2060114543631453,0,0,0
VN,Viet Nam,S - 27_3,Diagnosis and Treatment of Rheumatological Disorders,S - 2,Medical and health sciences,Science,0.0,1.0,0.0,0.16666666666666666,0.0,0.10326821389889482,0,0,0,0,0,0,0.14569166607291528,0.2145696185310012,6.646446592115552,12.372770217732295,0,,2.593220566191052,0.6931471805599453,-1.9000733856311065,0.3660732645917205,0.22474032120127477,0,0,0
VN,Viet Nam,S - 27_30,"Cancer Research: Epidemiology, Diagnosis, Treatment, and Impact",S - 2,Medical and health sciences,Science,17.0,23.0,3.327777777777778,3.9990217792543374,0.2717140622953999,0.22735160368315063,0,0,0,0,0,0,0.12917620815309044,0.13759137381757872,11.724720902547034,10.71044470498451,0,,2.460481153403012,3.1780538303479458,0.7175726769449335,-3.8007581201209613,0.4126574648524974,0,0,0
VN,Viet Nam,S - 27_32,Medical Imaging and Diagnostics: Techniques and Applications,S - 2,Medical and health sciences,Science,4.0,40.0,0.6499999999999999,9.185317460317458,0.09662168525837357,0.2923171840607505,0,0,0,0,0,0,0.14039214776681794,0.21223421507965928,18.16079136182997,56.80047546558837,0,,4.05699700169274,3.713572066704308,-0.3434249349884322,-1.7202056164576047,0.2886975645106829,0,0,0
VN,Viet Nam,S - 27_33,Clinical and Genetic Aspects of Various Tumors,S - 2,Medical and health sciences,Science,1.0,2.0,0.25,0.4444444444444444,0.16977977680296752,0.2854598553673243,0,0,0,0,0,0,0.1379415575485868,0.21053697843256533,2.0883070662290404,3.6526551952060506,0,,1.5374380663569782,1.0986122886681098,-0.43882577768886843,0.9434862186367038,0.17971548034562676,0,0,0
VN,Viet Nam,S - 27_34,Dietary Patterns and Health Outcomes,S - 2,Medical and health sciences,Science,10.0,17.0,1.538888888888889,2.4289682539682538,0.25911968712908673,0.199346925988969,0,0,0,0,0,0,0.13854264471201108,0.2155031039446326,9.30182261886726,31.11757266897644,0,,3.4694033155186066,2.8903717578961645,-0.5790315576224421,-1.8343365301504937,0.29689942878588904,0,0,0
VN,Viet Nam,S - 27_35,Medical Imaging Techniques and Radiation Effects,S - 2,Medical and health sciences,Science,3.0,10.0,0.8333333333333333,1.295238095238095,0.09808710001987198,0.15457620555851276,0,0,0,0,0,0,0.14108920473048556,0.21784960787108437,13.954174417447934,30.14320995141226,0,,3.438596242384679,2.3978952727983707,-1.0407009695863083,-0.23909303040274024,0.2348881610952489,0,0,0
VN,Viet Nam,S - 27_36,Trauma and Critical Care: Hemostasis and Fluid Management,S - 2,Medical and health sciences,Science,1.0,10.0,0.16666666666666666,2.111111111111111,0.06358288752979092,0.2384428219982637,0,0,0,0,0,0,0.13102119968118142,0.20423446205222195,4.900311554873134,11.831371122181544,0,,2.5518930413650285,2.3978952727983707,-0.1539977685666578,-2.615312106641355,0.2796894912364145,0,0,0
VN,Viet Nam,S - 27_37,Diabetes Management and Related Health Complications,S - 2,Medical and health sciences,Science,19.0,32.0,3.7777777777777777,6.975118532261387,0.2174921255968194,0.23802416435419213,0,0,0,0,0,0,0.11980348425151682,0.19614883551272672,14.369818959684926,38.29024816674282,0,,3.670976349833007,3.4965075614664802,-0.1744687883665268,-2.1225586013553808,0.3377078343009895,0,0,0
VN,Viet Nam,S - 27_38,Therapeutic Potential of Natural Compounds and Antioxidants,S - 2,Medical and health sciences,Science,4.0,9.0,0.8333333333333333,2.4444444444444446,0.3575443990686401,0.4231260526251786,0,0,0,0,0,0,0.15807510584632115,0.25663869867463596,3.0934834693460473,5.765421919884154,0,,1.9118246277317743,2.302585092994046,0.3907604652622716,-2.4755012577993383,0.23579253167699935,0,0,0
VN,Viet Nam,S - 27_39,Genetic and Pharmacological Aspects of Cardiovascular Diseases,S - 2,Medical and health sciences,Science,4.0,5.0,0.6111111111111112,0.5722222222222222,0.15819554037158137,0.1294547812483953,0,0,0,0,0,0,0.14608896770563876,0.21427119652011112,9.95274496911229,17.374251829571236,0,,2.9109503275119226,1.791759469228055,-1.1191908582838677,-0.7365352511792909,0.2537168420502729,0,0,0
VN,Viet Nam,S - 27_4,"Interdisciplinary Studies on Exercise, Health, and Disease",S - 2,Medical and health sciences,Science,3.0,2.0,0.611111111111111,0.11363636363636363,0.13102220227271627,0.13302671872808508,0,0,0,0,0,0,0.14817198572643267,0.22194441708761237,10.467458272051385,20.957214255032387,0,,3.089095753177032,1.0986122886681098,-1.9904834645089224,-1.2145669590272345,0.2673776275984258,0,0,0
VN,Viet Nam,S - 27_40,Advancements and Ethical Considerations in Organ Transplantation,S - 2,Medical and health sciences,Science,1.0,4.0,0.25,0.5571895424836601,0.07858494694491566,0.17619091362826586,0,0,0,0,0,0,0.14263021749570318,0.2205861022469543,6.491130279399178,13.615475315302293,0,,2.6820809204635347,1.6094379124341003,-1.0726430080294345,0.22578329840445896,0.22795781351316105,0,0,0
VN,Viet Nam,S - 27_41,Diagnosis and Management of Gastrointestinal Disorders,S - 2,Medical and health sciences,Science,3.0,5.0,0.8333333333333333,0.7497685185185186,0.12797353584952245,0.19801131665968774,0,0,0,0,0,0,0.14563126359776013,0.21576505386773157,11.029899135156318,22.391658652990795,0,,3.152379490992993,1.791759469228055,-1.3606200217649382,0.01601820921989403,0.2387919595348803,0,0,0
VN,Viet Nam,S - 27_42,Epidemiology and Management of Viral Diseases,S - 2,Medical and health sciences,Science,89.0,75.0,16.41507936507936,12.558352718482023,0.4841901689525191,0.35274712422479926,0,0,0,0,0,0,0.4841901689525191,,0.0,0.0,0,,0.0,4.330733340286331,4.330733340286331,,,0,0,0
VN,Viet Nam,S - 27_43,"Autoimmune Diseases: Pathogenesis, Diagnosis, and Treatment",S - 2,Medical and health sciences,Science,1.0,6.0,0.1111111111111111,1.5222222222222221,0.053161709585371794,0.16421789828172748,0,0,0,0,0,0,0.145470337596465,0.2181044100230708,8.886366586963394,22.176134051858124,0,,3.1431230445311864,1.9459101490553132,-1.1972128954758732,0.24425010436786546,0.22747143558918678,0,0,0
VN,Viet Nam,S - 27_44,"Neuro-Oncology: Diagnosis, Treatment, and Impact",S - 2,Medical and health sciences,Science,4.0,5.0,0.37142857142857144,1.25,0.17067856968155107,0.14027051584841563,0,0,0,0,0,0,0.14149196096515188,0.20606611053627505,9.474625672385159,20.196528889338456,0,,3.053837436637501,1.791759469228055,-1.262077967409446,0.03226990971616494,0.20867747431954453,0,0,0
VN,Viet Nam,S - 27_45,Diagnosis and Management of Infectious Diseases,S - 2,Medical and health sciences,Science,9.0,17.0,1.5944444444444446,2.498148148148148,0.21332875959679876,0.21424927053089954,0,0,0,0,0,0,0.13404640596346398,0.21312135103307125,9.848093533088404,32.3307159138906,0,,3.5064793716536404,2.8903717578961645,-0.6161076137574759,-0.5818928245711811,0.26194067881680655,0,0,0
VN,Viet Nam,S - 27_46,"Cardiovascular Diseases: Diagnosis, Management, and Molecular Mechanisms",S - 2,Medical and health sciences,Science,10.0,18.0,1.8611111111111112,4.281944444444445,0.15380503475142554,0.18930424720650488,0,0,0,0,0,0,0.1433218127674634,0.2114816503273181,24.216776128732914,52.788634286921535,0,,3.9850621862420894,2.9444389791664403,-1.0406232070756491,-1.3480767488514132,0.27105929654023714,0,0,0
VN,Viet Nam,S - 27_47,"Uterine Conditions: Diagnosis, Management, and Reproductive Outcomes",S - 2,Medical and health sciences,Science,2.0,3.0,0.41666666666666663,1.3333333333333333,0.2526718797109314,0.3511951612425036,0,0,0,0,0,0,0.13595855898565465,0.21586399581971596,2.0850664757927784,5.555721849267522,0,,1.8803382330851859,1.3862943611198906,-0.4940438719652953,0.8121428536306026,0.198923430080386,0,0,0
VN,Viet Nam,S - 27_5,Cardiac Surgery Techniques and Myocardial Injury Management,S - 2,Medical and health sciences,Science,2.0,5.0,0.5,0.9259259259259258,0.15632314093060057,0.1683155974840394,0,0,0,0,0,0,0.14841562345659307,0.22002844318128895,5.966022102420789,12.137957818321429,0,,2.5755055838030345,1.791759469228055,-0.7837461145749796,0.21954804899663333,0.20554089999300917,0,0,0
VN,Viet Nam,S - 27_50,Global Reproductive Health and Fertility Issues,S - 2,Medical and health sciences,Science,6.0,9.0,0.9722222222222221,1.2674799704116875,0.2605689831916765,0.26903007539618756,0,0,0,0,0,0,0.13705792279879858,0.2051654997112455,5.346616005081096,10.39834430541188,0,,2.4334681084852483,2.302585092994046,-0.1308830154912024,-3.022449584251409,0.2968907499327284,0,0,0
VN,Viet Nam,S - 27_51,Diagnosis and Treatment of Physiological Disorders,S - 2,Medical and health sciences,Science,4.0,2.0,0.8333333333333333,0.5,0.14111294188727946,0.23395705020960325,0,0,0,0,0,0,0.1483874191489465,0.21799229587486815,12.272100119823257,22.545934391435566,0,,3.1589531682525465,1.0986122886681098,-2.0603408795844365,-0.15333153450762915,0.23063479724837369,0,0,0
VN,Viet Nam,S - 27_52,Biomechanics and Management of Musculoskeletal Injuries,S - 2,Medical and health sciences,Science,0.0,3.0,0.0,0.8333333333333333,0.0,0.08843104126863428,0,0,0,0,0,0,0.14544523241415214,0.21577681611160848,17.491942538331493,29.555495796115324,0,,3.4195445645649407,1.3862943611198906,-2.03325020344505,-0.1868323190642884,0.24581742876903726,0,0,0
VN,Viet Nam,S - 27_53,HIV/AIDS: Antiretroviral Therapy and Associated Health Impacts,S - 2,Medical and health sciences,Science,26.0,9.0,6.6888227513227525,1.6229344729344728,0.4165107439647952,0.25823692570478674,0,0,0,0,0,0,0.27923377270886074,0.1939520849038831,13.06363256698706,8.681169783963792,0,,2.2701827394380674,2.302585092994046,0.032402353555978536,-5.52828150498375,0.34143297721408333,0,0,0
VN,Viet Nam,S - 27_54,Physiological Responses and Health Impacts of Oxidative Stress,S - 2,Medical and health sciences,Science,4.0,20.0,0.6111111111111112,3.9166666666666665,0.09381814271971617,0.23086840477230522,0,0,0,0,0,0,0.15078819768707244,0.2260903720513077,19.82285354688859,39.779499124928094,0,,3.7081794827003085,3.044522437723423,-0.6636570449768855,-1.1443998535203517,0.27487972205111727,0,0,0
VN,Viet Nam,S - 27_55,"Disability Studies: Epidemiology, Intervention, and Outcomes",S - 2,Medical and health sciences,Science,2.0,2.0,0.2777777777777778,0.6666666666666666,0.1622393168477688,0.15419483636514375,0,0,0,0,0,0,0.13798409034859624,0.216199786015103,4.794164743399852,8.081947957413021,0,,2.206288702359079,1.0986122886681098,-1.1076764136909694,0.4527455429720778,0.20376078262592584,0,0,0
VN,Viet Nam,S - 27_56,Neurodegenerative and Genetic Disorders Research,S - 2,Medical and health sciences,Science,5.0,5.0,0.5111111111111111,0.9296128707893414,0.11742205227212545,0.14492127310405423,0,0,0,0,0,0,0.14338731588277323,0.21449738785247174,19.321490636329614,41.715085300055655,0,,3.7545521435594638,1.791759469228055,-1.9627926743314088,-0.09013587134608421,0.2240594237122151,0,0,0
VN,Viet Nam,S - 27_58,Molecular Classification and Treatment of Lymphoid Disorders,S - 2,Medical and health sciences,Science,0.0,1.0,0.0,0.16666666666666666,0.0,0.032249822210269716,0,0,0,0,0,0,0.1401880781351935,0.20623628200762822,8.482290551821341,21.868524066732476,0,,3.1297614701730883,0.6931471805599453,-2.436614289613143,0.6642025776518451,0.2034371974918679,0,0,0
VN,Viet Nam,S - 27_59,"Trauma and Injury: Epidemiology, Management, and Outcomes",S - 2,Medical and health sciences,Science,5.0,14.0,0.8809523809523808,3.099820318570319,0.13373464644654906,0.19291536383922747,0,0,0,0,0,0,0.13709913627618645,0.20963224581484718,13.58874242594881,26.57340474291747,0,,3.3168517118946568,2.70805020110221,-0.6088015107924467,-0.7410145259735961,0.24565658912495345,0,0,0
VN,Viet Nam,S - 27_6,Management and Impact of Critical Care Infections,S - 2,Medical and health sciences,Science,7.0,17.0,1.0281609195402297,2.4022473131025763,0.25527724946679736,0.2505661096668652,0,0,0,0,0,0,0.1455145781671623,0.20012190691113654,7.8886648101191525,16.633419982163037,0,,2.86979596410636,2.8903717578961645,0.020575793789804564,-2.5164578397811694,0.31312264897140735,0,0,0
VN,Viet Nam,S - 27_60,Diagnosis and Management of Gastrointestinal Disorders,S - 2,Medical and health sciences,Science,2.0,3.0,0.41666666666666663,0.8478260869565217,0.12658699139930563,0.17153457729823954,0,0,0,0,0,0,0.1492466096661235,0.22160023314973118,6.8078051738248595,12.954230630837639,0,,2.6357827333177997,1.3862943611198906,-1.249488372197909,-0.27729868153048887,0.24346668584131834,0,0,0
VN,Viet Nam,S - 27_61,Dacryocystorhinostomy Techniques and Outcomes Analysis,S - 2,Medical and health sciences,Science,0.0,0.0,0.0,0.0,0.0,0.0,0,0,0,0,0,0,0.10239974710366706,0.13021192872038645,0.08061229417043456,0.0578127487879922,0,,0.056203331749541625,0.0,-0.056203331749541625,2.7020614438513797,0.05582787794694689,0,0,0
VN,Viet Nam,S - 27_62,Cardiovascular Health: Risk Factors and Preventive Approaches,S - 2,Medical and health sciences,Science,6.0,11.0,0.9277777777777777,2.1025252525252522,0.1835046725979506,0.24130115060650362,0,0,0,0,0,0,0.14747078776797337,0.20205723366316866,12.932916754305229,18.32448792010985,0,,2.9613730958098428,2.4849066497880004,-0.4764664460218424,-1.6810809942902967,0.29884827701853456,0,0,0
VN,Viet Nam,S - 27_63,Diagnosis and Management of Neonatal and Pulmonary Diseases,S - 2,Medical and health sciences,Science,11.0,13.0,2.1448412698412698,2.186969535324798,0.1663753884985101,0.1471329316620364,0,0,0,0,0,0,0.1405396354853726,0.20418326757441788,20.238931464131586,41.1909867589718,0,,3.7422066143190538,2.6390573296152584,-1.1031492847037954,-2.296153315567387,0.29263856992393394,0,0,0
VN,Viet Nam,S - 27_64,Diagnosis and Management of Venous Disorders,S - 2,Medical and health sciences,Science,3.0,1.0,0.5,0.16666666666666666,0.2767671754484131,0.11988530854855099,0,0,0,0,0,0,0.14552776341396267,0.2129436722383279,3.9000607576703246,5.469785971725166,0,,1.8671430278613486,0.6931471805599453,-1.1739958473014034,-0.16374891841825287,0.2159593596763285,0,0,0
VN,Viet Nam,S - 27_65,"Global Ocular Health: Disorders, Risk Factors, and Treatments",S - 2,Medical and health sciences,Science,1.0,1.0,0.25,0.1111111111111111,0.05215198647996576,0.08073443071214358,0,0,0,0,0,0,0.13535717765096697,0.20813787701037945,7.3172346249950015,13.884464610095208,0,,2.700318025402668,0.6931471805599453,-2.007170844842723,-0.6247489763012045,0.21669319115676128,0,0,0
VN,Viet Nam,S - 27_66,Otorhinolaryngological Disorders and Treatments,S - 2,Medical and health sciences,Science,2.0,0.0,0.41666666666666663,0.0,0.2921563587287761,0.0,0,0,0,0,0,0,0.14410661517339327,0.21584123568321945,2.2393778395124375,4.095039676416119,0,,1.6282674539684336,0.0,-1.6282674539684336,1.1101964800484823,0.1995515902008282,0,0,0
VN,Viet Nam,S - 27_67,Advancements and Challenges in Medical Education and Training,S - 2,Medical and health sciences,Science,3.0,5.0,0.6666666666666666,0.8333333333333333,0.19795453819554967,0.18713025331084654,0,0,0,0,0,0,0.12167396105467979,0.20524878143376651,2.6680954678256508,9.04492678833152,0,,2.3070677098711507,1.791759469228055,-0.5153082406430958,-2.3425521829673186,0.2612990095918326,0,0,0
VN,Viet Nam,S - 27_68,Advancements in Cancer Treatment Modalities and Therapeutics,S - 2,Medical and health sciences,Science,2.0,11.0,0.29166666666666663,1.2875086266390614,0.07882711111756323,0.1736517087344839,0,0,0,0,0,0,0.14898877091203988,0.217175001257142,12.162209908584359,26.33530938137021,0,,3.3081792504233998,2.4849066497880004,-0.8232726006353994,-2.003769099057836,0.27725144170604127,0,0,0
VN,Viet Nam,S - 27_69,Management and Treatment of Spinal Disorders,S - 2,Medical and health sciences,Science,7.0,10.0,1.0454545454545454,1.764547952047952,0.4498284466506074,0.4352841042488784,0,0,0,0,0,0,0.12019156137529208,0.20086128403566364,1.6696169375691263,4.368302683920422,0,,1.6805117848010995,2.3978952727983707,0.7173834879972711,-1.7696490564220582,0.23991440799015448,0,0,0
VN,Viet Nam,S - 27_7,Thrombosis and Coagulation Disorders: Diagnosis and Treatment,S - 2,Medical and health sciences,Science,7.0,6.0,1.0000000000000002,1.1262626262626263,0.20555705002382327,0.10652250431501105,0,0,0,0,0,0,0.14443738647171325,0.21295560600148877,12.935233148027372,22.23254615095174,0,,3.145554146929758,1.9459101490553132,-1.1996439978744446,-0.4405849473706401,0.271677489851433,0,0,0
VN,Viet Nam,S - 27_70,Stem Cells and Regenerative Medicine Research,S - 2,Medical and health sciences,Science,5.0,15.0,1.1666666666666665,4.0,0.11553542180477308,0.1617811193446267,0,0,0,0,0,0,0.14316736586112352,0.21600975952764015,18.171585806700826,40.74465708964983,0,,3.7315714692069033,2.772588722239781,-0.9589827469671222,-0.26992807259125895,0.22461443110144544,0,0,0
VN,Viet Nam,S - 27_71,"Orthopedic Injuries: Epidemiology, Treatment, and Outcomes",S - 2,Medical and health sciences,Science,2.0,1.0,0.41666666666666663,0.5,0.08420756820828076,0.12580796651596005,0,0,0,0,0,0,0.14095551292646258,0.20918127597725128,10.262298412968741,14.367554560955584,0,,2.7322584402046712,0.6931471805599453,-2.039111259644726,-0.20359998204798838,0.21804800147828343,0,0,0
VN,Viet Nam,S - 27_72,Advancements and Outcomes in Orthopedic Surgery,S - 2,Medical and health sciences,Science,3.0,1.0,0.75,0.16666666666666666,0.10439169034439005,0.07429068277307833,0,0,0,0,0,0,0.14396552540785126,0.2162479074005204,13.79008772039538,22.665355599399565,0,,3.1640121896302547,0.6931471805599453,-2.4708650090703093,0.44831625997115526,0.23029191951049008,0,0,0
VN,Viet Nam,S - 27_73,COVID-19 Impact on Healthcare Systems and Practices,S - 2,Medical and health sciences,Science,6.0,15.0,1.1944444444444442,1.9749812312312311,0.28248031766464005,0.2981172834927408,0,0,0,0,0,0,0.11307381179140662,0.23480482882427672,2.533727476316943,15.923320065956698,0,,2.8286925563214176,2.772588722239781,-0.05610383408163644,-4.1563773716405334,0.36055669785167443,0,0,0
VN,Viet Nam,S - 27_74,Anesthesia and Perioperative Care Management,S - 2,Medical and health sciences,Science,8.0,3.0,1.4559386973180075,0.6203703703703703,0.2589107282351021,0.10643609125531557,0,0,0,0,0,0,0.1391144145078209,0.21322657172859732,8.993486368123845,19.159108456402183,0,,3.003656218832536,1.3862943611198906,-1.6173618577126454,-1.4726649935810259,0.25478750269368194,0,0,0
VN,Viet Nam,S - 27_75,Gender-Specific Health Factors and Biomedical Research,S - 2,Medical and health sciences,Science,4.0,6.0,0.6666666666666666,0.8999999999999999,0.2070429986896111,0.16810997922585758,0,0,0,0,0,0,0.14657560278504833,0.20965655781651374,7.084023819270691,10.432079458429635,0,,2.4364233911308464,1.9459101490553132,-0.49051324207553315,-1.4231216178581043,0.23295635544459675,0,0,0
VN,Viet Nam,S - 27_76,"Metabolic Disorders, Obesity, and Cardiovascular Disease",S - 2,Medical and health sciences,Science,8.0,8.0,1.7222222222222223,1.6145124716553287,0.1591427851087817,0.1414664346584977,0,0,0,0,0,0,0.13416674054575717,0.19151035413931378,13.240521741991362,22.65038021716883,0,,3.1633791916446024,2.1972245773362196,-0.9661546143083828,-1.7583167783095874,0.30750338063407184,0,0,0
VN,Viet Nam,S - 27_77,Therapeutic Potential of Medicinal Plants and Compounds,S - 2,Medical and health sciences,Science,10.0,33.0,2.6944444444444446,8.816666666666668,0.35498767904136486,0.4063883501334243,0,0,0,0,0,0,0.15819502131512497,0.30162895831130515,7.4424572007969045,24.950377328037717,0,,3.256186150085673,3.5263605246161616,0.27017437453048876,-2.8452939401948742,0.2966865336572327,0,0,0
VN,Viet Nam,S - 27_78,"Cancer Therapies: Mechanisms, Developments, and Impacts",S - 2,Medical and health sciences,Science,1.0,4.0,0.16666666666666666,1.1666666666666665,0.041959788847690464,0.06847970470459466,0,0,0,0,0,0,0.1473857021656649,0.21365453698436818,13.651803263610686,29.99963354077125,0,,3.4339753831498308,1.6094379124341003,-1.8245374707157305,0.27340119711988475,0.21141314712303852,0,0,0
VN,Viet Nam,S - 27_79,Management of Complications in Cancer Therapy,S - 2,Medical and health sciences,Science,1.0,1.0,0.1111111111111111,0.25,0.18026984406086094,0.1435726052871931,0,0,0,0,0,0,0.14686250106042367,0.22010339668175738,2.225180063916617,4.36551021114945,0,,1.6799914714956097,0.6931471805599453,-0.9868442909356644,-1.0787199882402967,0.23793719387795675,0,0,0
VN,Viet Nam,S - 27_8,"Neurological Disorders: Diagnosis, Pathogenesis, and Treatment",S - 2,Medical and health sciences,Science,8.0,5.0,1.2314814814814816,0.9166666666666666,0.1804413180635324,0.0798207811444391,0,0,0,0,0,0,0.14647421895584192,0.21043426378804253,18.152473359062384,35.851772576284276,0,,3.606903719955644,1.791759469228055,-1.815144250727589,-0.8436543375293186,0.2467988142551155,0,0,0
VN,Viet Nam,S - 27_80,Palliative Care and End-of-Life Ethical Considerations,S - 2,Medical and health sciences,Science,4.0,1.0,0.6666666666666666,0.1111111111111111,0.27130863341590417,0.13143818134333785,0,0,0,0,0,0,0.13614145203815048,0.2103046985889152,3.893266490658526,7.6378392386658955,0,,2.156152463421343,0.6931471805599453,-1.4630052828613977,-1.764377020181792,0.23283164558037361,0,0,0
VN,Viet Nam,S - 27_82,Cardiac Arrhythmia Management and Treatment Techniques,S - 2,Medical and health sciences,Science,0.0,3.0,0.0,0.9166666666666665,0.0,0.10071299041722644,0,0,0,0,0,0,0.14805011250631692,0.2156241165244328,10.024739652769082,21.742362506655216,0,,3.1242293750392243,1.3862943611198906,-1.7379350139193337,0.7897047715448706,0.2127293321921278,0,0,0
VN,Viet Nam,S - 27_83,Management and Complications of Upper Gastrointestinal Disorders,S - 2,Medical and health sciences,Science,1.0,5.0,0.25,0.7333333333333333,0.07988576839143563,0.3393709752767882,0,0,0,0,0,0,0.14559600777473064,0.21840161254510707,5.944391242710142,11.082605661307358,0,,2.4917668696860247,1.791759469228055,-0.7000074004579697,0.04756758066770034,0.2315524262491182,0,0,0
VN,Viet Nam,S - 27_87,Interdisciplinary Studies on Allergies and Immune Disorders,S - 2,Medical and health sciences,Science,6.0,14.0,1.1916666666666664,2.6812274078578424,0.1321463334405317,0.210593077776221,0,0,0,0,0,0,0.13818283705379972,0.2160265857626541,14.117876966382841,36.91995376595143,0,,3.6354774581337423,2.70805020110221,-0.9274272570315323,-1.8002635043648887,0.2994972516568457,0,0,0
VN,Viet Nam,S - 27_88,Comparative and Clinical Anatomy Studies,S - 2,Medical and health sciences,Science,0.0,0.0,0.0,0.0,0.0,0.0,0,0,0,0,0,0,0.13210791789670973,0.21458444328518664,0.4076181513175934,1.5104590507242703,0,,0.9204656251563558,0.0,-0.9204656251563558,0.6461258286169856,0.186967356804714,0,0,0
VN,Viet Nam,S - 27_89,Toxicology and Poisoning Management Studies,S - 2,Medical and health sciences,Science,2.0,1.0,0.3611111111111111,0.16666666666666666,0.4431257779415758,0.2414005453563441,0,0,0,0,0,0,0.14278644157606193,0.20463086618396334,1.091786420852767,2.193585453216005,0,,1.1611442521446755,0.6931471805599453,-0.46799707158473025,-0.24756243665852523,0.1570260608210896,0,0,0
VN,Viet Nam,S - 27_9,Advancements and Applications in Medical Science,S - 2,Medical and health sciences,Science,8.0,20.0,1.6111111111111114,3.5031746031746036,0.219412718782531,0.26813987312528,0,0,0,0,0,0,0.12536665895820334,0.20610986904199893,6.879630117041252,25.117943833623734,0,,3.2626225813105574,3.044522437723423,-0.21810014358713437,-3.0006722741780067,0.30935057130446664,0,0,0
VN,Viet Nam,S - 27_90,Cardiovascular and Neurological Disease Management and Treatment,S - 2,Medical and health sciences,Science,2.0,11.0,0.2222222222222222,1.9031857031857031,0.05566039328088485,0.16582506373040667,0,0,0,0,0,0,0.14085276829963508,0.21554747944956992,16.066175234076596,35.87290927972292,0,,3.6074771155535803,2.4849066497880004,-1.12257046576558,-1.1796622669233707,0.27753127114542436,0,0,0
VN,Viet Nam,S - 27_91,Genomic Analysis and Treatment Strategies in Leukemia,S - 2,Medical and health sciences,Science,2.0,0.0,0.25,0.0,0.08119199432358026,0.0,0,0,0,0,0,0,0.14468198666109633,0.21346536800380866,11.856540561453675,28.67697806493081,0,,3.3903715958961427,0.0,-3.3903715958961427,-0.0687287411704534,0.22823617153033043,0,0,0
VN,Viet Nam,S - 27_92,Advancements in Reconstructive and Surgical Techniques,S - 2,Medical and health sciences,Science,1.0,3.0,0.25,0.6666666666666666,0.06561727895251451,0.2469923840154168,0,0,0,0,0,0,0.1391941716423003,0.21685918818105238,6.815313838654448,9.595245912404401,0,,2.3604054016825655,1.3862943611198906,-0.974111040562675,-0.24661242058862037,0.22034962558790297,0,0,0
VN,Viet Nam,S - 27_93,Genetic and Clinical Aspects of Bone and Tissue Disorders,S - 2,Medical and health sciences,Science,0.0,0.0,0.0,0.0,0.0,0.0,0,0,0,0,0,0,0.1385524047835355,0.19869728470148587,2.0115149839303217,3.1965220957484894,0,,1.4342561098071147,0.0,-1.4342561098071147,1.9862225303695542,0.14744959054754783,0,0,0
VN,Viet Nam,S - 27_94,Alternative Therapies in Biomedical Applications,S - 2,Medical and health sciences,Science,0.0,4.0,0.0,0.8333333333333333,0.0,0.2398103142552554,0,0,0,0,0,0,0.1457786430445416,0.2267350531475302,1.9678102536452045,6.756454882135577,0,,2.0485253847239964,1.6094379124341003,-0.4390874722898961,-0.19598892396100026,0.21141060996019245,0,0,0
VN,Viet Nam,S - 27_95,Diagnosis and Management of Peripheral Nerve Disorders,S - 2,Medical and health sciences,Science,0.0,1.0,0.0,0.16666666666666666,0.0,0.1575839977877216,0,0,0,0,0,0,0.136379447591495,0.20983705643072656,2.8199628951123716,3.853349068769017,0,,1.5796689962865926,0.6931471805599453,-0.8865218157266473,0.6824219030191414,0.18306690236575004,0,0,0
VN,Viet Nam,S - 27_96,Health Impacts of Antioxidants and Phytochemicals,S - 2,Medical and health sciences,Science,5.0,44.0,1.0277777777777777,12.261111111111108,0.18058365190479428,0.41549478222326375,0,0,0,0,0,0,0.15692038240949813,0.2682232659902243,11.64444298754302,44.34737131938591,0,,3.814352210589771,3.8066624897703196,-0.007689720819451296,-2.7979712972877064,0.29957092277895364,0,0,0
VN,Viet Nam,S - 27_98,Translational Medicine and Research Development,S - 2,Medical and health sciences,Science,0.0,1.0,0.0,0.16666666666666666,0.0,0.22723913952442698,0,0,0,0,0,0,0.11944111553938666,0.18969713699372953,0.5549134831128446,1.5305122679749406,0,,0.9284217597040852,0.6931471805599453,-0.23527457914413996,-1.5347914142472094,0.19422162142426924,0,0,0
VN,Viet Nam,S - 27_99,Viral Infections and Associated Diseases in Immunocompromised Individuals,S - 2,Medical and health sciences,Science,5.0,2.0,1.111111111111111,0.19444444444444442,0.18875587064225832,0.13547492217059307,0,0,0,0,0,0,0.1359709461137183,0.19424749560044022,8.460411670599752,12.400929302505599,0,,2.5953240554854546,1.0986122886681098,-1.4967117668173449,-2.5347701004252032,0.2923161709415849,0,0,0
VN,Viet Nam,S - 2884038005,"Studies in Education, Health, and Social Sciences",S - 1,Social sciences,Science,0.0,3.0,0.0,1.0,0.0,0.34708073904662384,0,0,0,0,0,0,0.1296902526703874,0.21319298388479213,1.4800589026350914,3.4736618238607573,0,,1.498207273233172,1.3862943611198906,-0.11191291211328136,-0.1499319279540729,0.2097901864257154,0,0,0
VN,Viet Nam,S - 28_0,"Interdisciplinary Neuroscience: Applications, Education, and Ethics",S - 11,Psychology and neuroscience,Science,2.0,18.0,0.2777777777777778,3.6228327228327233,0.048354119363983816,0.17075355592701988,0,0,0,0,0,0,0.14261855211361904,0.21630126210898895,21.500205571602223,57.03955821142054,0,,4.0611248161920575,2.9444389791664403,-1.1166858370256172,-0.5922433962175295,0.25086527074418263,0,0,0
VN,Viet Nam,S - 28_1,"Neuroscience: Mechanisms, Pathways, and Implications",S - 11,Psychology and neuroscience,Science,6.0,4.0,0.9277777777777778,0.5,0.06897140254075079,0.062083606389256675,0,0,0,0,0,0,0.14327422711328539,0.21136738084780785,43.08003040298445,58.65950388978462,0,,4.08865346342656,1.6094379124341003,-2.4792155509924596,0.5130379238290842,0.20421093678645547,0,0,0
VN,Viet Nam,S - 28_2,Neurobiological Interactions in Health and Disease,S - 11,Psychology and neuroscience,Science,4.0,2.0,0.5833333333333333,0.21428571428571427,0.08515462254301627,0.0476657313570783,0,0,0,0,0,0,0.14402897703308878,0.21456856521254164,20.95617030719645,45.264705638161765,0,,3.8343793731639852,1.0986122886681098,-2.7357670844958752,0.32348361536156395,0.2107130320449548,0,0,0
VN,Viet Nam,S - 28_3,Neural Mechanisms in Cognitive Processes and Perception,S - 11,Psychology and neuroscience,Science,1.0,5.0,0.030303030303030304,0.6666666666666666,0.015535031691816853,0.06262179491864527,0,0,0,0,0,0,0.1359404945376092,0.20799894705648475,31.277244179451625,50.0058928605334,0,,3.9319411723343367,1.791759469228055,-2.1401817031062818,0.7685188488121198,0.19931759311093422,0,0,0
VN,Viet Nam,S - 28_4,"Neurodegeneration, Oxidative Stress, and Neuroprotective Agents",S - 11,Psychology and neuroscience,Science,3.0,4.0,0.4444444444444444,1.527777777777778,0.14816757141003703,0.09736904958476837,0,0,0,0,0,0,0.14432163502163758,0.21178721191309913,9.245693083122623,27.590936443442455,0,,3.3530897600280487,1.6094379124341003,-1.7436518475939484,0.3517708702090698,0.19750766325831537,0,0,0
VN,Viet Nam,S - 28_5,Neurological Study of Visual and Auditory Hallucinations,S - 11,Psychology and neuroscience,Science,0.0,0.0,0.0,0.0,0.0,0.0,0,0,0,0,0,0,0.12265171676964594,0.1362469210160309,0.12301300209506193,0.062374563634591026,0,,0.06050655709139044,0.0,-0.06050655709139044,3.9162704916310433,0.04013496075856605,0,0,0
VN,Viet Nam,S - 28_6,"Neurological Functions, Disorders, and Brain Stimulation Techniques",S - 11,Psychology and neuroscience,Science,2.0,5.0,0.3333333333333333,0.7777777777777777,0.045963995487947114,0.09074937664718578,0,0,0,0,0,0,0.14357840908323405,0.21156549238643257,23.936339813372648,43.57306441160313,0,,3.797129739623062,1.791759469228055,-2.005370270395007,0.8003279131028904,0.2053751751851553,0,0,0
VN,Viet Nam,S - 28_7,Neural Mechanisms in Sensory Perception and Dysfunction,S - 11,Psychology and neuroscience,Science,3.0,5.0,0.5,0.8888888888888888,0.09878409724405368,0.13203690664209886,0,0,0,0,0,0,0.14429879897955594,0.21613352060803553,14.987181885780327,31.76386966871766,0,,3.4893263737647717,1.791759469228055,-1.6975669045367168,0.4536210597452156,0.20297591028249426,0,0,0
VN,Viet Nam,S - 28_8,Molecular Mechanisms in Neurodegenerative Diseases,S - 11,Psychology and neuroscience,Science,1.0,4.0,0.06666666666666667,0.5351684263448969,0.06345699135753757,0.18524210225993712,0,0,0,0,0,0,0.14442865788378428,0.21546036921691428,8.524856338479038,12.680564993050474,0,,2.61597621200314,1.6094379124341003,-1.0065382995690395,-0.3087455813569614,0.22113993058936157,0,0,0
VN,Viet Nam,S - 29_0,Comprehensive Analysis of Nutrition and Health,S - 2,Medical and health sciences,Science,26.0,27.0,4.2781746031746035,3.6542756656931434,0.5091030378652619,0.371186770181719,1,0,1,0,0,0,0.24522369904093463,0.3257413121741757,8.85235350187602,18.222141560798548,,1,2.9560628208937203,3.332204510175204,0.3761416892814835,-5.95003732467563,0.46117103320168845,0,0,0
VN,Viet Nam,S - 29_1,"Nursing Professionalism, Advocacy, and Healthcare Outcomes",S - 2,Medical and health sciences,Science,1.0,1.0,0.047619047619047616,0.3333333333333333,0.20510523040433926,0.1790167360527394,0,0,0,0,0,0,0.13054472294361522,0.2117688245398087,1.4363879809433377,2.542753676455554,0,,1.2649042994629165,0.6931471805599453,-0.5717571189029712,-1.5113735891516984,0.20797230830020186,0,0,0
VN,Viet Nam,S - 29_2,Nutritional Components and Human Health,S - 2,Medical and health sciences,Science,13.0,37.0,1.9583333333333335,8.610317460317457,0.19471984640695214,0.2611938825526144,0,0,0,0,0,0,0.14306338672402485,0.21516590933148305,19.26954640127888,36.60731668336443,0,,3.6271986241078276,3.6375861597263857,0.010387535618558097,-2.564663125179943,0.3286467085006589,0,0,0
VN,Viet Nam,S - 304242710,Perspectives on Disability Studies,S - 1,Social sciences,Science,0.0,1.0,0.0,0.08333333333333333,0.0,0.1729801840710115,0,0,0,0,0,0,0.12497209717751165,0.21720037283732999,1.2768239289445913,3.309588921965358,0,,1.4608425218326555,0.6931471805599453,-0.7676953412727102,-1.1220522581467844,0.22422590023734154,0,0,0
VN,Viet Nam,S - 30_0,Pharmaceutical Research and Clinical Pharmacy Practices,S - 9,Chemistry and pharmaceuticals,Science,11.0,15.0,1.5444444444444447,2.879487179487179,0.2635462311582341,0.25461853605466156,0,0,0,0,0,0,0.13689822483018904,0.20781077465405853,9.18270143985749,14.128442357731581,0,,2.7165765719209514,2.772588722239781,0.05601215031882978,-2.918747134671183,0.32272630112764394,0,0,0
VN,Viet Nam,S - 30_1,Pharmacological Properties of Bioactive Plant Compounds,S - 9,Chemistry and pharmaceuticals,Science,5.0,27.0,0.7777777777777777,9.194444444444445,0.278446842812889,0.48186671941113296,0,0,0,0,0,0,0.1515289664437684,0.32564880562515364,5.221318079037802,20.232013198540315,0,,3.0555100992239987,3.332204510175204,0.27669441095120506,-3.8428353258667203,0.2634019836448838,0,0,0
VN,Viet Nam,S - 30_2,Advancements in Drug Delivery Systems,S - 9,Chemistry and pharmaceuticals,Science,6.0,9.0,1.3333333333333333,3.166666666666666,0.28965628679506444,0.33638749789000166,0,0,0,0,0,0,0.14995293236325438,0.22297717208134935,7.2717706882953905,17.95167777020199,0,,2.941892464295415,2.302585092994046,-0.6393073713013693,-1.1481204912931848,0.25132972931565956,0,0,0
VN,Viet Nam,S - 31_0,Semiconductor Physics and Quantum Computing Applications,S - 7,Physical sciences and mathematics,Science,7.0,12.0,1.6111111111111112,2.819444444444444,0.19913877465217913,0.18267317121883875,0,0,0,0,0,0,0.14702582320440846,0.21181769549884236,14.525835850631792,30.96915568498462,0,,3.464771553119777,2.5649493574615367,-0.8998221956582402,0.13988874872693954,0.21480966384749128,0,0,0
VN,Viet Nam,S - 31_1,Complex Systems and Nonlinear Dynamics Analysis,S - 7,Physical sciences and mathematics,Science,4.0,42.0,1.3333333333333333,5.833730158730156,0.0948472582557477,0.25485865671067015,0,0,0,0,0,0,0.14618954036525225,0.21557896953674338,19.03315232333859,65.8258709204365,0,,4.202090294793576,3.7612001156935624,-0.44089017910001393,-1.2761245333297613,0.24579027989686233,0,0,0
VN,Viet Nam,S - 31_10,Black Hole Astrophysics and Gravitational Wave Research,S - 7,Physical sciences and mathematics,Science,0.0,1.0,0.0,0.08333333333333333,0.0,0.017266361390195415,0,0,0,0,0,0,0.13954323090735032,0.20975382567478912,10.815576485041653,40.732164994602186,0,,3.7312721742690034,0.6931471805599453,-3.038124993709058,0.5237457925300328,0.21010232748113428,0,0,0
VN,Viet Nam,S - 31_11,Advancements in Radiation Detection and Imaging Technologies,S - 7,Physical sciences and mathematics,Science,1.0,5.0,0.125,0.5982323232323232,0.049984537913078844,0.1591929796698298,0,0,0,0,0,0,0.1513451282225266,0.21988311891285658,11.506911991320052,25.78671269308392,0,,3.2879059695356316,1.791759469228055,-1.4961465003075767,-0.5518088434570918,0.2803203121824704,0,0,0
VN,Viet Nam,S - 31_12,Stellar and Planetary Formation and Evolution,S - 7,Physical sciences and mathematics,Science,0.0,16.0,0.0,1.2077380952380952,0.0,0.08249597186023867,0,0,0,0,0,0,0.13938460134763844,0.21042765072387437,36.958529733290305,94.7172699165442,0,,4.561398741076219,2.833213344056216,-1.7281853970200025,1.1783729294728553,0.19466378416409463,0,0,0
VN,Viet Nam,S - 31_13,Origins and Development of Early Life and Prebiotic Chemistry,S - 7,Physical sciences and mathematics,Science,0.0,0.0,0.0,0.0,0.0,0.0,0,0,0,0,0,0,0.13117794372381708,0.19330394153808028,0.5623699919780849,1.5502152044434947,0,,0.9361777495087796,0.0,-0.9361777495087796,3.275041667688579,0.10664445354094401,0,0,0
VN,Viet Nam,S - 31_14,Advanced Studies in Electromagnetic and Quantum Physics,S - 7,Physical sciences and mathematics,Science,1.0,2.0,0.1111111111111111,0.5555555555555556,0.08489998228335756,0.1291570423052468,0,0,0,0,0,0,0.1444892857443128,0.21674233558299538,5.521167534614062,10.198969239702858,0,,2.4158217418964414,1.0986122886681098,-1.3172094532283316,0.8450197215328232,0.21859806697921902,0,0,0
VN,Viet Nam,S - 31_15,Advancements in Photonic and Optical Technologies,S - 7,Physical sciences and mathematics,Science,7.0,19.0,1.9583333333333333,4.18968253968254,0.17654720551277928,0.19076322460372624,0,0,0,0,0,0,0.14592605724211824,0.2125697993993481,17.475907325715337,44.12673427051362,0,,3.8094748485020915,2.995732273553991,-0.8137425749481006,-0.8072961893981445,0.22662122737520315,0,0,0
VN,Viet Nam,S - 31_2,Interdisciplinary Studies in Space Exploration and Astrobiology,S - 7,Physical sciences and mathematics,Science,0.0,0.0,0.0,0.0,0.0,0.0,0,0,0,0,0,0,0.13493604002040852,0.20523568700769365,4.523880824395446,12.043659960982389,0,,2.5683021889720083,0.0,-2.5683021889720083,1.5397073079581378,0.17738462875956748,0,0,0
VN,Viet Nam,S - 31_3,Quantum Phenomena in Condensed Matter Physics,S - 7,Physical sciences and mathematics,Science,7.0,13.0,1.4047619047619047,3.319444444444444,0.1616412413980287,0.17860803143418394,0,0,0,0,0,0,0.14681227591279455,0.2113918336737893,19.73146109998004,50.197812150458084,0,,3.9356967996960828,2.6390573296152584,-1.2966394700808244,0.6671594249218016,0.20059130460989413,0,0,0
VN,Viet Nam,S - 31_4,Quantum Gravity and Cosmological Theories Exploration,S - 7,Physical sciences and mathematics,Science,2.0,5.0,0.75,2.1666666666666665,0.07138531517099901,0.06616709695237327,0,0,0,0,0,0,0.14703847375621357,0.21476310674356738,13.950851509129173,42.93730837676543,0,,3.7827638082928767,1.791759469228055,-1.9910043390648218,-0.2929505696471779,0.25150372061212417,0,0,0
VN,Viet Nam,S - 31_5,"Astronomy: Historical, Cultural, and Technological Perspectives",S - 7,Physical sciences and mathematics,Science,1.0,3.0,0.0625,0.2125,0.03936976276507634,0.04848136705204841,0,0,0,0,0,0,0.13857508183831665,0.20791965359130418,13.245802158702002,33.92267204977408,0,,3.553136247224201,1.3862943611198906,-2.1668418861043106,1.2761836017247803,0.18985854984326894,0,0,0
VN,Viet Nam,S - 31_6,Interdisciplinary Studies in Particle and Astrophysics,S - 7,Physical sciences and mathematics,Science,13.0,18.0,3.7957808123249297,4.036494061494062,0.10838720015343808,0.07576047999728101,0,0,0,0,0,0,0.15046104272486352,0.21981289143540605,59.35851484813696,143.46151537949464,0,,4.973013142526803,2.9444389791664403,-2.0285741633603624,-0.17070261991100483,0.26530523165885306,0,0,0
VN,Viet Nam,S - 31_7,Quantum Mechanics and Coherence in Various Systems,S - 7,Physical sciences and mathematics,Science,1.0,5.0,0.3333333333333333,0.7166666666666666,0.04359699256848379,0.08827342511373375,0,0,0,0,0,0,0.14720170268378674,0.21278660604477687,13.41292954916684,31.812656264454635,0,,3.4908143026857865,1.791759469228055,-1.6990548334577316,1.0241978064276087,0.19605869589971076,0,0,0
VN,Viet Nam,S - 31_8,Advancements in Applied and Theoretical Physics,S - 7,Physical sciences and mathematics,Science,15.0,17.0,2.796772875816993,4.361111111111111,0.1429830129771148,0.1250559968175752,0,0,0,0,0,0,0.15183303288701536,0.22270664554857525,49.09557609370678,101.3704329138638,0,,4.628597929836128,2.8903717578961645,-1.7382261719399636,-0.4225482932160785,0.2722578575499381,0,0,0
VN,Viet Nam,S - 31_9,Advancements in Spectroscopy and Imaging Techniques,S - 7,Physical sciences and mathematics,Science,0.0,4.0,0.0,0.5137085137085137,0.0,0.09359444248718457,0,0,0,0,0,0,0.1456417800034818,0.2126001308667015,10.222442779237934,22.034250844196208,0,,3.136982275358305,1.6094379124341003,-1.527544362924205,0.537341918359892,0.21218900280130526,0,0,0
VN,Viet Nam,S - 32_0,"Mental Health: Impact, Challenges, and Treatment",S - 11,Psychology and neuroscience,Science,6.0,31.0,1.0303030303030303,5.286904761904761,0.1970478883378015,0.2778765608848583,0,0,0,0,0,0,0.1185603587162493,0.2206767003507567,5.398850997205649,29.05109477892503,0,,3.4028990922285733,3.4657359027997265,0.0628368105711532,-3.631483486251684,0.4003623652574466,0,0,0
VN,Viet Nam,S - 32_1,Social Cognition and Intelligence Across Species and Systems,S - 11,Psychology and neuroscience,Science,1.0,10.0,0.1111111111111111,1.0916666666666666,0.05211493574782351,0.2745564907617699,0,0,0,0,0,0,0.1016199114376046,0.18841671236009036,4.790836876253871,9.256139951826805,0,,2.3278765459341577,2.3978952727983707,0.07001872686421295,-2.4937802889389338,0.25781021702712675,0,0,0
VN,Viet Nam,S - 32_10,"Stress, Coping Strategies, and Well-being Across Contexts",S - 11,Psychology and neuroscience,Science,1.0,11.0,0.16666666666666666,2.666666666666667,0.06370137168129057,0.22451275153263375,0,0,0,0,0,0,0.14278602497035345,0.22265381880585353,7.012423917565695,20.050806386111127,0,,3.0469388675234472,2.4849066497880004,-0.5620322177354469,-1.8350954015496723,0.2892930434361042,0,0,0
VN,Viet Nam,S - 32_11,Interdisciplinary Approaches to Enhancing Education,S - 11,Psychology and neuroscience,Science,2.0,13.0,0.2777777777777778,2.92283950617284,0.16078202656762358,0.3463406643844464,0,0,0,0,0,0,0.1441206852107342,0.22121417553033013,4.904414411212484,13.204907191003338,0,,2.653587481740516,2.6390573296152584,-0.014530152125257434,-2.4431744398101576,0.3202247519347963,0,0,0
VN,Viet Nam,S - 32_12,Emotion and Deception Detection in Communication,S - 11,Psychology and neuroscience,Science,0.0,8.0,0.0,1.236111111111111,0.0,0.3463646302916863,0,0,0,0,0,0,0.14129222385464676,0.21573851375210798,1.602406832303794,7.869266381083563,0,,2.1825920850186535,2.1972245773362196,0.014632492317566026,-0.4185703869894711,0.20438012144646933,0,0,0
VN,Viet Nam,S - 32_13,Interdisciplinary Exploration of Consciousness and Perception,S - 11,Psychology and neuroscience,Science,1.0,0.0,0.16666666666666666,0.0,0.11567228096859791,0.0,0,0,0,0,0,0,0.13983620203380093,0.2036848000306333,4.145745909456284,3.9069459993070836,0,,1.5906517522188215,0.0,-1.5906517522188215,1.8772539159813886,0.16176269257629342,0,0,0
VN,Viet Nam,S - 32_14,Emotion Regulation and Mental Health Interventions,S - 11,Psychology and neuroscience,Science,6.0,18.0,1.1666666666666665,3.2746392496392493,0.11594522278791008,0.2168149064027715,0,0,0,0,0,0,0.13991965724021233,0.20394158569421142,20.661974356715024,28.63175535982972,0,,3.388846602484417,2.9444389791664403,-0.4444076233179768,-1.9824683839988129,0.3037001354802113,0,0,0
VN,Viet Nam,S - 32_15,Cognitive Influences in Design and Consumer Behavior,S - 11,Psychology and neuroscience,Science,0.0,3.0,0.0,0.4444444444444444,0.0,0.30994182218038796,0,0,0,0,0,0,0.14796682495836758,0.21756061591798542,1.925527799968172,5.048979248073806,0,,1.7998895384813998,1.3862943611198906,-0.4135951773615092,0.8773157223018476,0.19581738089565798,0,0,0
VN,Viet Nam,S - 32_16,Interdisciplinary Studies in Psychology and Behavior,S - 11,Psychology and neuroscience,Science,1.0,4.0,0.01282051282051282,0.6927609427609427,0.09779856557676016,0.22563680459427,0,0,0,0,0,0,0.1483749419322521,0.22594920519899628,5.373102468086076,8.245221197320559,0,,2.2241067907097642,1.6094379124341003,-0.614668878275664,-0.9285318430548328,0.269105743212158,0,0,0
VN,Viet Nam,S - 32_17,Interdisciplinary Perspectives on Educational Psychology,S - 11,Psychology and neuroscience,Science,0.0,6.0,0.0,1.5833333333333335,0.0,0.29143305948846887,0,0,0,0,0,0,0.14216081103075448,0.22073406049347724,6.642618959003333,13.279327719987016,0,,2.6588128773709325,1.9459101490553132,-0.7129027283156193,-1.648921148069333,0.27945131336366524,0,0,0
VN,Viet Nam,S - 32_18,"Trauma, Mental Health, and Resilience: Interdisciplinary Perspectives",S - 11,Psychology and neuroscience,Science,3.0,6.0,0.5833333333333333,0.5,0.14047106641370202,0.15557809956818705,0,0,0,0,0,0,0.13254504401188497,0.20938225633697302,6.255699039924604,13.80032780078234,0,,2.6946493292263,1.9459101490553132,-0.7487391801709868,-1.9740271866432366,0.23898411132632164,0,0,0
VN,Viet Nam,S - 32_19,Language and Cognitive Development Across Modalities,S - 11,Psychology and neuroscience,Science,2.0,6.0,0.2777777777777778,1.9166666666666665,0.08274903294572639,0.26944637286048395,0,0,0,0,0,0,0.1437207084912793,0.22176660979404642,11.698278212429688,15.334112101046323,0,,2.7932556879617754,1.9459101490553132,-0.8473455389064621,-0.49435814330516964,0.26646242103651047,0,0,0
VN,Viet Nam,S - 32_2,Psychology of Motivation and Learning Across Domains,S - 11,Psychology and neuroscience,Science,2.0,18.0,0.5,4.3198412698412705,0.11641490315185993,0.33975552156041644,0,0,0,0,0,0,0.14377558769363308,0.2183311530971262,7.626580103261085,17.699809338294468,0,,2.928513327995433,2.9444389791664403,0.015925651171007082,-1.841973526200336,0.2964787832569902,0,0,0
VN,Viet Nam,S - 32_20,"Psychology of Time, Behavior, and Identity Formation",S - 11,Psychology and neuroscience,Science,2.0,12.0,0.2777777777777778,2.4444444444444446,0.09657593629557584,0.2670026076144685,0,0,0,0,0,0,0.1396406181489569,0.2219172790034092,9.122251764521152,20.020119376523105,0,,3.045480044620267,2.5649493574615367,-0.48053068715873026,-0.6303857957184743,0.25868568890894167,0,0,0
VN,Viet Nam,S - 32_21,Childrens Perceptions of Scientists: Media and Cultural Influences,S - 11,Psychology and neuroscience,Science,0.0,0.0,0.0,0.0,0.0,0.0,0,0,0,0,0,0,0.11275129052115566,0.13938766678663764,0.06722998623428961,0.07126815379175223,0,,0.06884313714962714,0.0,-0.06884313714962714,1.910479541763924,0.0698731509917553,0,0,0
VN,Viet Nam,S - 32_3,Psychological Factors Influencing Emotional Well-being and Social Interactions,S - 11,Psychology and neuroscience,Science,4.0,22.0,1.4999999999999998,5.87962962962963,0.13014295086997635,0.28802908758388307,0,0,0,0,0,0,0.14349805859549486,0.2216180540124817,12.704680712359927,31.990666838655862,0,,3.4962246983934584,3.1354942159291497,-0.3607304824643087,-1.7666930101264517,0.31172657846200313,0,0,0
VN,Viet Nam,S - 32_4,Cognitive Abilities Enhancement and Assessment Research,S - 11,Psychology and neuroscience,Science,0.0,0.0,0.0,0.0,0.0,0.0,0,0,0,0,0,0,0.13669829150205345,0.20438199215811056,2.5448394862308508,3.196139061793162,0,,1.4341648314989826,0.0,-1.4341648314989826,1.9991596050453118,0.1580005976809101,0,0,0
VN,Viet Nam,S - 32_5,Interdisciplinary Perspectives on Mental Health and Psychopathology,S - 11,Psychology and neuroscience,Science,5.0,9.0,1.0833333333333333,1.3686868686868685,0.093413634616191,0.13171715340226406,0,0,0,0,0,0,0.13424217550960482,0.2172264887692684,18.228049029563287,45.94015855797707,0,,3.8488735683033477,2.302585092994046,-1.5462884753093018,-0.8965157757015361,0.2513401382487643,0,0,0
VN,Viet Nam,S - 32_6,Interdisciplinary Communication and Knowledge Exchange,S - 11,Psychology and neuroscience,Science,0.0,0.0,0.0,0.0,0.0,0.0,0,0,0,0,0,0,0.09252665591589607,0.143002480916606,0.02577661533999037,0.0601010822046164,0,,0.05836426414783845,0.0,-0.05836426414783845,2.1125999525834938,0.06205776004603264,0,0,0
VN,Viet Nam,S - 32_7,Effects of Sleep Patterns on Health and Performance,S - 11,Psychology and neuroscience,Science,2.0,5.0,0.1414141414141414,0.861111111111111,0.17277448283572736,0.20254213701026183,0,0,0,0,0,0,0.14133036494994888,0.21521549549813568,4.3164603096119905,11.309183434153553,0,,2.5103456044587102,1.791759469228055,-0.7185861352306553,-0.5937785217349058,0.2181060012957338,0,0,0
VN,Viet Nam,S - 32_8,Psychological Approaches in Coaching and Development,S - 11,Psychology and neuroscience,Science,0.0,1.0,0.0,0.3333333333333333,0.0,0.07526927219799479,0,0,0,0,0,0,0.13898226318829063,0.2189582480532754,5.366623612918968,9.314919988450878,0,,2.3335913896778986,0.6931471805599453,-1.6404442091179532,0.48959547092752387,0.21167553791847,0,0,0
VN,Viet Nam,S - 32_9,"Collective Memory, Trauma, and Societal Impact Studies",S - 11,Psychology and neuroscience,Science,0.0,1.0,0.0,0.08333333333333333,0.0,0.6114304507606045,0,1,0,1,0,1,0.12545616947427032,0.19828313554408947,0.25157184978369684,0.4042707518235582,1,,0.3395181301909362,0.6931471805599453,0.3536290503690091,2.714967453849893,0.11030592948692156,0,0,0
VN,Viet Nam,S - 3371536588,Advanced Materials: Properties and Applications,S - 7,Physical sciences and mathematics,Science,40.0,158.0,8.277777777777779,38.208730158730155,0.25503099768461224,0.3140772164029943,0,0,0,0,0,0,0.14857461494573218,0.21508577542623333,54.48006157237279,181.78243961265736,0,,5.208296591017578,5.0689042022202315,-0.13939238879734628,-0.8785966611176182,0.24598815687665918,0,0,0
VN,Viet Nam,S - 33_0,Youth Participation and Engagement in Research and Policy,S - 1,Social sciences,Science,0.0,2.0,0.0,0.6666666666666666,0.0,0.209389388040293,0,0,0,0,0,0,0.13284117001339926,0.2174015853683789,2.7675577377289953,5.247885542776037,0,,1.8322430933516698,1.0986122886681098,-0.73363080468356,-0.48863313543923975,0.20321215989480063,0,0,0
VN,Viet Nam,S - 33_1,Territorial Development and Sustainability Across Regions,S - 1,Social sciences,Science,0.0,1.0,0.0,0.16666666666666666,0.0,0.1588018024265091,0,0,0,0,0,0,0.1476212470364525,0.2224556502523843,1.8173426460730346,4.176164455535136,0,,1.6440643294015733,0.6931471805599453,-0.950917148841628,1.0272224683495197,0.1941314304373373,0,0,0
VN,Viet Nam,S - 33_10,"Governance, Democracy, and Political Dynamics in Public Administration",S - 1,Social sciences,Science,0.0,8.0,0.0,2.6666666666666665,0.0,0.4300081063221455,0,0,0,0,0,0,0.13728525167058567,0.22155437229024705,4.290699097302516,10.2261563355375,0,,2.4182464426244907,2.1972245773362196,-0.22102186528827117,-1.3641539227771906,0.2549467599426917,0,0,0
VN,Viet Nam,S - 33_100,Qualitative Research Methods in Social Sciences and Education,S - 1,Social sciences,Science,0.0,0.0,0.0,0.0,0.0,0.0,0,0,0,0,0,0,0.12486411659615983,0.17336829181102145,0.9217255475948539,1.3527030013554229,0,,0.8555648805102372,0.0,-0.8555648805102372,-2.0765530138707726,0.1859621714275705,0,0,0
VN,Viet Nam,S - 33_101,"Youth Behavior, Public Policy, and Social Change",S - 1,Social sciences,Science,0.0,0.0,0.0,0.0,0.0,0.0,0,0,0,0,0,0,0.12723708719874477,0.20988438695153327,0.9113219821226213,1.893063438090815,0,,1.0623159538872873,0.0,-1.0623159538872873,0.8467939031912981,0.20418784288213282,0,0,0
VN,Viet Nam,S - 33_102,Transnational Experiences and Diasporic Identities,S - 1,Social sciences,Science,2.0,2.0,0.2222222222222222,0.14814814814814814,0.33235052926976,0.35284159483050065,0,0,0,0,0,0,0.09706937227873157,0.20095256592785285,0.7545421029479076,1.8190827858590142,0,,1.0364115788022301,1.0986122886681098,0.062200709865879666,-1.7855474841668764,0.20062233913943617,0,0,0
VN,Viet Nam,S - 33_103,Geography Education and Spatial Analysis Techniques,S - 1,Social sciences,Science,0.0,1.0,0.0,0.3333333333333333,0.0,0.3067010084359745,0,0,0,0,0,0,0.14082295093450284,0.2200278401386172,1.2915491167610942,2.5074285688094697,0,,1.254883167515392,0.6931471805599453,-0.5617359869554467,0.5506230016943323,0.21170749197628355,0,0,0
VN,Viet Nam,S - 33_104,"Technology, Aging, and Societal Impact",S - 1,Social sciences,Science,0.0,3.0,0.0,0.380718954248366,0.0,0.22424461408370858,0,0,0,0,0,0,0.13998407922580283,0.22547067432988277,3.4398470275178297,9.965765062128042,0,,2.394778152543714,1.3862943611198906,-1.0084837914238236,-0.8657261429757257,0.2575529843892173,0,0,0
VN,Viet Nam,S - 33_106,Legal Aspects of Digital Technologies and Intellectual Property,S - 1,Social sciences,Science,0.0,0.0,0.0,0.0,0.0,0.0,0,0,0,0,0,0,0.12630853412941945,0.18892550272703956,0.05594067567425692,0.21551016755675334,0,,0.19516387965617032,0.0,-0.19516387965617032,4.1582935173688895,0.07517293467826658,0,0,0
VN,Viet Nam,S - 33_107,"Global Human Rights, Justice, and Governance",S - 1,Social sciences,Science,0.0,1.0,0.0,0.1111111111111111,0.0,0.24045141342773207,0,0,0,0,0,0,0.13340725476851,0.21048537025130779,1.488154801723903,2.2193836920006986,0,,1.1691899412372164,0.6931471805599453,-0.47604276067727114,0.7301341843541261,0.17077933461770034,0,0,0
VN,Viet Nam,S - 33_11,Impact of Social Media on Behavior and Communication,S - 1,Social sciences,Science,3.0,118.0,0.6666666666666666,31.41944444444444,0.1388730279666457,0.5544017910838918,0,1,0,1,0,0,0.14426343758200094,0.22871926495008968,8.273762648342313,45.33450253249424,1,,3.8358868786584615,4.77912349311153,0.9432366144530682,-2.0291496564094764,0.3128898099890468,0,0,0
VN,Viet Nam,S - 33_110,"Nationalism, Identity, and Extremism in Historical Context",S - 1,Social sciences,Science,0.0,0.0,0.0,0.0,0.0,0.0,0,0,0,0,0,0,0.13593168335087583,0.20598858552046181,0.7521902634647372,3.1039470854947524,0,,1.411949214387383,0.0,-1.411949214387383,1.9735186590591072,0.1572099237608835,0,0,0
VN,Viet Nam,S - 33_111,Survey Methodology and Data Quality Analysis,S - 1,Social sciences,Science,0.0,0.0,0.0,0.0,0.0,0.0,0,0,0,0,0,0,0.1274776592296376,0.17684831535418144,0.301292634192035,0.4204977068145417,0,,0.3510073079598991,0.0,-0.3510073079598991,0.9360954320955768,0.1047815527907239,0,0,0
VN,Viet Nam,S - 33_112,Global Impact and Cultural Aspects of War,S - 1,Social sciences,Science,0.0,0.0,0.0,0.0,0.0,0.0,0,0,0,0,0,0,0.12051985995399986,0.18673500865531575,0.5147451434454993,1.1909113169694667,0,,0.7843175837418775,0.0,-0.7843175837418775,-0.9722825959027417,0.1496134038571977,0,0,0
VN,Viet Nam,S - 33_113,Comprehensive Analysis of Podcasting Evolution and Impact,S - 1,Social sciences,Science,0.0,0.0,0.0,0.0,0.0,0.0,0,0,0,0,0,0,0.11123861297518262,0.1892442457646012,0.060595981084597614,0.465689289828264,0,,0.38232563681848714,0.0,-0.38232563681848714,1.8696002714856716,0.11463804440031715,0,0,0
VN,Viet Nam,S - 33_114,"Race, Power Dynamics, and Social Structures in Education",S - 1,Social sciences,Science,0.0,0.0,0.0,0.0,0.0,0.0,0,0,0,0,0,0,0.10752428869234441,0.1601874729873657,0.6361064386319749,1.027117096573081,0,,0.7066146342142979,0.0,-0.7066146342142979,0.8311882391195139,0.09843210800302248,0,0,0
VN,Viet Nam,S - 33_13,Interdisciplinary Analysis of Religion in Society,S - 1,Social sciences,Science,1.0,0.0,0.16666666666666666,0.0,0.19264088661722778,0.0,0,0,0,0,0,0,0.13944070338791822,0.19775131184004974,1.847488302761448,1.8213113378288164,0,,1.0372017902792643,0.0,-1.0372017902792643,-1.9654632544178607,0.21689708597947902,0,0,0
VN,Viet Nam,S - 33_14,"Educational Leadership, Teacher Motivation, and Organizational Culture",S - 1,Social sciences,Science,0.0,4.0,0.0,1.5,0.0,0.48040949043120657,0,0,0,0,0,0,0.12170157296128654,0.22686769199133494,0.22582062134837722,2.4622798516564326,0,,1.2419272887430706,1.6094379124341003,0.3675106236910297,-1.250257942783883,0.22108217360712057,0,0,0
VN,Viet Nam,S - 33_15,Global Security Studies and Countermeasures,S - 1,Social sciences,Science,0.0,1.0,0.0,0.3333333333333333,0.0,0.15442652418805478,0,0,0,0,0,0,0.12220142659099928,0.2117200742589202,0.9147657566720069,3.6248094453915054,0,,1.531435169119173,0.6931471805599453,-0.8382879885592277,-1.6837508886478676,0.24048807226804336,0,0,0
VN,Viet Nam,S - 33_16,"Migration, Social Integration, and Policy Implications",S - 1,Social sciences,Science,4.0,5.0,0.696969696969697,1.5,0.2903214228273069,0.22254595313050402,0,0,0,0,0,0,0.14768744579451182,0.21480768182249935,4.480594474630779,7.575107964678566,0,,2.148863583605811,1.791759469228055,-0.35710411437775624,-1.6216885129042866,0.24674788531785555,0,0,0
VN,Viet Nam,S - 33_17,Gender Inequality and Labor Market Dynamics,S - 1,Social sciences,Science,4.0,8.0,0.611111111111111,1.8055555555555556,0.2566014403026803,0.30962513715803636,0,0,0,0,0,0,0.13570461365759026,0.2200262541056949,3.331295191686655,11.256273527594663,0,,2.506037930601241,2.1972245773362196,-0.30881335326502146,-2.110072821819351,0.28245140771474964,0,0,0
VN,Viet Nam,S - 33_18,Intersectionality in Feminism and Social Justice Studies,S - 1,Social sciences,Science,0.0,0.0,0.0,0.0,0.0,0.0,0,0,0,0,0,0,0.1361452629410639,0.2095936616873805,2.1411730344431152,5.528237674444757,0,,1.8761370254617724,0.0,-1.8761370254617724,-0.53267259428508,0.19529382923160563,0,0,0
VN,Viet Nam,S - 33_19,"Cultural, Social, and Historical Analysis Across Societies",S - 1,Social sciences,Science,4.0,8.0,1.7777777777777777,2.3611111111111107,0.6746066440344781,0.8439179059332872,1,1,1,1,0,1,0.1341776450002189,0.2027927255647786,0.6885984457976815,1.0811825266028572,,0,0.7329362545708099,2.1972245773362196,1.4642883227654098,2.2585082241478327,0.1322049646696645,0,0,0
VN,Viet Nam,S - 33_2,Education Technology and Digital Communication Studies,S - 1,Social sciences,Science,0.0,0.0,0.0,0.0,0.0,0.0,0,0,0,0,0,0,0.11986745667445264,0.14483090807787505,0.08013643244675667,0.11109282338682282,0,,0.1053440565705168,0.0,-0.1053440565705168,-0.3687796442826263,0.05181144844120659,0,0,0
VN,Viet Nam,S - 33_20,Pedagogical Strategies and Learning Environment Impact,S - 1,Social sciences,Science,0.0,3.0,0.0,0.9999999999999999,0.0,0.5660578492005165,0,1,0,1,0,0,0.13515803218821998,0.21617879553776792,0.49029501738277503,1.5788455827560073,1,,0.9473418502543717,1.3862943611198906,0.4389525108655189,-0.23162957442141774,0.19962433751509026,0,0,0
VN,Viet Nam,S - 33_21,Research Methods in Social Sciences and Education,S - 1,Social sciences,Science,2.0,0.0,0.5833333333333333,0.0,0.40444926393555425,0.0,0,0,0,0,0,0,0.14186227606074067,0.20850491720151246,1.1687528918762164,3.947143188970208,0,,1.598810276433559,0.0,-1.598810276433559,-3.0638800441413676,0.28655816003326584,0,0,0
VN,Viet Nam,S - 33_22,Perception and Communication in Societal Risk Management,S - 1,Social sciences,Science,0.0,3.0,0.0,0.6111111111111112,0.0,0.21214042679878833,0,0,0,0,0,0,0.13704207600601187,0.2190463666936782,3.079056566014218,13.236923006723186,0,,2.655838801646429,1.3862943611198906,-1.2695444405265384,-1.1886699457249903,0.25044544879574104,0,0,0
VN,Viet Nam,S - 33_23,Conflict Resolution and Peacebuilding Studies,S - 1,Social sciences,Science,0.0,1.0,0.0,0.05555555555555555,0.0,0.25257463046510076,0,0,0,0,0,0,0.10217509309345797,0.19817053001770815,0.7439186070723687,2.2710947791038354,0,,1.1851247237108546,0.6931471805599453,-0.49197754315090936,-3.4334330770086527,0.28532004234549563,0,0,0
VN,Viet Nam,S - 33_24,Workplace Learning and Skill Development in Education,S - 1,Social sciences,Science,1.0,10.0,0.16666666666666666,3.3333333333333335,0.18013942288232795,0.6087499811689695,0,1,0,1,0,1,0.13874401144267715,0.2331151508788619,2.1406687944614067,4.626670620029156,1,,1.7275179031112713,2.3978952727983707,0.6703773696870994,-1.2013483724899283,0.2337346141111973,0,0,0
VN,Viet Nam,S - 33_25,"Resilience, Adaptation, and Management in Disaster Contexts",S - 1,Social sciences,Science,10.0,13.0,1.6333333333333333,2.0138888888888893,0.5460215698024995,0.37642547565248796,1,0,1,0,0,0,0.11870896847945912,0.1842995404520458,2.0530075350436183,6.229646919415255,,1,1.9781901994892823,2.6390573296152584,0.6608671301259761,-4.3618723160316595,0.3700338622383231,0,0,0
VN,Viet Nam,S - 33_27,Advancements and Innovations in Educational Research,S - 1,Social sciences,Science,1.0,17.0,0.25,5.75,0.05944171676741629,0.38890183854589666,0,0,0,0,0,0,0.13536639375953677,0.2129687502073462,6.13544402844514,10.378134309827928,0,,2.4316934706029514,2.8903717578961645,0.45867828729321314,-2.2349387169186787,0.29832368344565147,0,0,0
VN,Viet Nam,S - 33_28,"Violence, Abuse, and Harassment: Prevalence, Impact, and Interventions",S - 1,Social sciences,Science,9.0,8.0,2.0833333333333335,1.0976190476190475,0.3548590675592734,0.3200142764600438,0,0,0,0,0,0,0.18089352921763172,0.19174918141324757,4.462200005369397,5.8309615107778265,0,,1.9214654412407666,2.1972245773362196,0.275759136095453,-5.181129765455338,0.31097785972201875,0,0,0
VN,Viet Nam,S - 33_29,"Urban Governance, Neoliberalism, and Environmental Justice",S - 1,Social sciences,Science,5.0,4.0,0.8333333333333333,0.611111111111111,0.433857297324182,0.2703557185662495,0,0,0,0,0,0,0.14584016748106765,0.20727445018524648,2.71392413791059,5.555944445405998,0,,1.880372186990585,1.6094379124341003,-0.27093427455648467,-2.1428530112937216,0.22613524533763732,0,0,0
VN,Viet Nam,S - 33_3,Impacts and Dynamics of Globalization,S - 1,Social sciences,Science,1.0,0.0,0.25,0.0,0.1923419026309851,0.0,0,0,0,0,0,0,0.1422622022583665,0.20735720013201675,2.240073671401585,2.7379847152271437,0,,1.318546620000705,0.0,-1.318546620000705,2.1781608526018887,0.17237264765437854,0,0,0
VN,Viet Nam,S - 33_30,Impact of Media on Politics and Public Opinion,S - 1,Social sciences,Science,0.0,4.0,0.0,0.611111111111111,0.0,0.1458633526304111,0,0,0,0,0,0,0.13867598043956725,0.21585304335165303,5.620010469388966,16.097332926872724,0,,2.838922482155426,1.6094379124341003,-1.2294845697213257,-0.13999909377242606,0.22587394554727924,0,0,0
VN,Viet Nam,S - 33_31,"Urban Studies: Governance, Development, and Social Dynamics",S - 1,Social sciences,Science,3.0,4.0,0.5833333333333334,0.8333333333333333,0.5391619976128326,0.46501184715691146,1,0,1,0,0,0,0.1246516847671999,0.18741109652764024,0.7707452588570202,1.318656792909289,,1,0.8409880494376125,1.6094379124341003,0.7684498629964878,-4.546369377929379,0.21303604555081476,0,0,0
VN,Viet Nam,S - 33_32,Communication Strategies and Linguistic Patterns in Crises,S - 1,Social sciences,Science,0.0,2.0,0.0,0.4444444444444444,0.0,0.2687039013873934,0,0,0,0,0,0,0.13816964034865453,0.2126582441288257,1.0145650009461589,3.436811778754813,0,,1.4899360506619177,1.0986122886681098,-0.3913237619938079,-0.11108961004549966,0.21173126506478965,0,0,0
VN,Viet Nam,S - 33_33,Pedagogical Strategies in Contemporary Education,S - 1,Social sciences,Science,1.0,9.0,0.3333333333333333,2.5,0.1755705284108576,0.48003576625453964,0,0,0,0,0,0,0.14143631799128395,0.23955942304211325,2.0604129751941995,4.376639476307559,0,,1.6820635463528528,2.302585092994046,0.6205215466411931,-3.15923534453182,0.31092599517028363,0,0,0
VN,Viet Nam,S - 33_34,Transnational Cultural Exchanges and Archaeological Studies,S - 1,Social sciences,Science,0.0,1.0,0.0,0.1111111111111111,0.0,0.4017810230245166,0,0,0,0,0,0,0.10153202197407872,0.16992338838331547,0.3547844011085874,0.5995421727109402,0,,0.469717446243624,0.6931471805599453,0.2234297343163213,-3.5302961308381198,0.17149471260950416,0,0,0
VN,Viet Nam,S - 33_35,"Global Governance, Policy, and Sociopolitical Dynamics",S - 1,Social sciences,Science,2.0,3.0,0.41666666666666663,0.9583333333333333,0.21049380728362685,0.2816924113961231,0,0,0,0,0,0,0.1407833315353185,0.2148174182389229,3.4917839362610614,7.016348778338004,0,,2.0814830536676716,1.3862943611198906,-0.695188692547781,-0.36566295317022796,0.23101914463787543,0,0,0
VN,Viet Nam,S - 33_36,Citizenship Education in Diverse Global Contexts,S - 1,Social sciences,Science,0.0,4.0,0.0,0.8333333333333333,0.0,0.43933905778661664,0,0,0,0,0,0,0.13098768628240856,0.2096829354859664,1.5238183284572306,2.884233440045157,0,,1.3569256516212038,1.6094379124341003,0.25251226081289646,-0.15141773203143372,0.18971810372385733,0,0,0
VN,Viet Nam,S - 33_37,Factors Influencing Higher Education Outcomes and Engagement,S - 1,Social sciences,Science,1.0,4.0,0.1111111111111111,0.9444444444444444,0.1750775775418056,0.2917623178932698,0,0,0,0,0,0,0.12107144078400231,0.2032124599053763,1.3394102115330027,3.02684129324411,0,,1.392982270425726,1.6094379124341003,0.2164556420083743,-0.7758450098001715,0.2040542067659988,0,0,0
VN,Viet Nam,S - 33_38,Sustainable Development and Community Participation in Territorial Governance,S - 1,Social sciences,Science,0.0,0.0,0.0,0.0,0.0,0.0,0,0,0,0,0,0,0.12645439018209348,0.19486723681106033,0.4684117094538133,0.7956406234957718,0,,0.5853618515813804,0.0,-0.5853618515813804,-1.426518748716075,0.19121885235863825,0,0,0
VN,Viet Nam,S - 33_39,Impact of Digital Transformation on Society and Economy,S - 1,Social sciences,Science,0.0,9.0,0.0,2.011111111111111,0.0,0.356979157453662,0,0,0,0,0,0,0.1440449870346159,0.22471807335636876,1.0313683643489933,8.641289947103958,0,,2.26605491161068,2.302585092994046,0.036530181383366056,-0.5901556698322503,0.23378017422687858,0,0,0
VN,Viet Nam,S - 33_4,Social Determinants and Impacts on Community Well-being,S - 1,Social sciences,Science,2.0,8.0,0.2222222222222222,1.2226190476190477,0.08499882649828426,0.21397016902480953,0,0,0,0,0,0,0.13747168366365004,0.19003860799191108,8.385607765779199,17.059699593210702,0,,2.8936829140304905,2.1972245773362196,-0.6964583366942709,-1.983778903651466,0.2846162499089937,0,0,0
VN,Viet Nam,S - 33_40,"Higher Education: Teaching, Learning, and Institutional Impact",S - 1,Social sciences,Science,0.0,4.0,0.0,1.25,0.0,0.4087554700619725,0,0,0,0,0,0,0.1349342328427425,0.22096979068578926,1.3415019011471272,2.6722526401890723,0,,1.3008052721859187,1.6094379124341003,0.3086326402481816,-1.5541638728782636,0.24467551659932488,0,0,0
VN,Viet Nam,S - 33_41,"Neoliberalism, Power Dynamics, and Cultural Anthropology",S - 1,Social sciences,Science,0.0,0.0,0.0,0.0,0.0,0.0,0,0,0,0,0,0,0.11316034843377644,0.17478904658654854,0.6049025137013799,0.9968632343627376,0,,0.6915775665414844,0.0,-0.6915775665414844,-0.17331694917735163,0.12809692671888806,0,0,0
VN,Viet Nam,S - 33_42,"International Relations, Diplomacy, and Cultural Exchange",S - 1,Social sciences,Science,0.0,0.0,0.0,0.0,0.0,0.0,0,0,0,0,0,0,0.1351786666765741,0.19626246769217412,0.3457326555760885,0.6493896405709949,0,,0.5004053046716727,0.0,-0.5004053046716727,1.187161860116884,0.1598981104506307,0,0,0
VN,Viet Nam,S - 33_43,"Gender Dynamics, Identity, and Media Influence",S - 1,Social sciences,Science,0.0,3.0,0.0,0.6666666666666666,0.0,0.16702255425862322,0,0,0,0,0,0,0.1378406037283435,0.21588129069946027,3.674674639165781,7.256897131704255,0,,2.111048867044044,1.3862943611198906,-0.7247545059241534,0.5574475958515389,0.2005444808901333,0,0,0
VN,Viet Nam,S - 33_45,Intercultural Communication and Education in Multilingual Contexts,S - 1,Social sciences,Science,5.0,11.0,1.5,2.9444444444444446,0.3745317156014667,0.5160532271637519,0,1,0,1,0,0,0.14549893059998184,0.2184239211146081,3.3572619625010987,5.419810133734112,1,,1.8593885430798271,2.4849066497880004,0.6255181067081732,-1.0310957948953041,0.24134689101947188,0,0,0
VN,Viet Nam,S - 33_46,Intersectionality in Health Outcomes and Healthcare Disparities,S - 1,Social sciences,Science,2.0,1.0,0.5,0.08333333333333333,0.2045948536327694,0.08479941889221498,0,0,0,0,0,0,0.12822440397114598,0.17951008882399228,2.8460974230119103,5.724575790643423,0,,1.905768844040083,0.6931471805599453,-1.212621663480138,-2.647920813329626,0.23782789629942258,0,0,0
VN,Viet Nam,S - 33_47,"Political Theory, Biopolitics and Human Rights",S - 1,Social sciences,Science,0.0,0.0,0.0,0.0,0.0,0.0,0,0,0,0,0,0,0.1220150435990777,0.16693758662932381,0.1471003358325249,0.1122614308009099,0,,0.10639526783790673,0.0,-0.10639526783790673,3.2882048500800383,0.07475596987587836,0,0,0
VN,Viet Nam,S - 33_48,"Globalization, Sustainability, and Economic Development Studies",S - 1,Social sciences,Science,1.0,4.0,0.16666666666666666,0.9166666666666666,0.22246316013490178,0.3301481943398748,0,0,0,0,0,0,0.14277268372088336,0.21876867287566734,1.6930717838412357,5.26947139677915,0,,1.835692044357029,1.6094379124341003,-0.22625413192292876,-1.0341756173607768,0.2690940578242336,0,0,0
VN,Viet Nam,S - 33_49,Ethics and Integrity in Sports and Academia,S - 1,Social sciences,Science,0.0,2.0,0.0,0.3333333333333333,0.0,0.41550221706705937,0,0,0,0,0,0,0.1312317853747934,0.2195087525906894,0.5046882900956755,2.0238390925732896,0,,1.106527246773697,1.0986122886681098,-0.007914958105587289,-0.5134018051707957,0.22006918215926208,0,0,0
VN,Viet Nam,S - 33_5,Qualitative Research Methods in Social Sciences,S - 1,Social sciences,Science,0.0,3.0,0.0,1.1666666666666665,0.0,0.376813672538733,0,0,0,0,0,0,0.12752642179943363,0.21722460569803773,0.46434630791111564,3.632310663872059,0,,1.533055807078673,1.3862943611198906,-0.1467614459587825,-0.33497119793650854,0.1919245846351382,0,0,0
VN,Viet Nam,S - 33_50,"Globalization, Identity, and Sociocultural Impact",S - 1,Social sciences,Science,0.0,0.0,0.0,0.0,0.0,0.0,0,0,0,0,0,0,0.12821027460257736,0.19088910332963296,0.4596754356945657,0.7671828048031553,0,,0.569386642883559,0.0,-0.569386642883559,2.4496366985866675,0.11051609934159308,0,0,0
VN,Viet Nam,S - 33_51,"Critical Theories in Politics, Education, and Social Change",S - 1,Social sciences,Science,0.0,0.0,0.0,0.0,0.0,0.0,0,0,0,0,0,0,0.13398206967983928,0.1883826991478438,0.9393148833855864,1.0753211079328702,0,,0.7301158925210118,0.0,-0.7301158925210118,2.4212911623802267,0.12481200469838302,0,0,0
VN,Viet Nam,S - 33_52,Global Trends and Reforms in Higher Education,S - 1,Social sciences,Science,2.0,9.0,0.2777777777777778,2.444444444444444,0.29870959778747,0.5498567442751563,0,1,0,1,0,1,0.14766805377885442,0.22151110819913417,2.2992973451128824,4.89143167795037,1,,1.7734990373884716,2.302585092994046,0.5290860556055743,-0.5538853737189166,0.2531001613446627,0,0,0
VN,Viet Nam,S - 33_53,"Intersection of Politics, Economics, and Social Welfare",S - 1,Social sciences,Science,0.0,1.0,0.0,0.16666666666666666,0.0,0.1684383343817168,0,0,0,0,0,0,0.1456056835127932,0.2058455435124075,2.8066757137290677,3.455584528390964,0,,1.4941582595865506,0.6931471805599453,-0.8010110790266053,1.0196710443806487,0.16695893721379151,0,0,0
VN,Viet Nam,S - 33_54,"Economic, Environmental, and Policy Aspects of Logistics",S - 1,Social sciences,Science,0.0,1.0,0.0,0.5,0.0,0.23783365130029457,0,0,0,0,0,0,0.13657079767911665,0.20931323077446473,0.5083331996180085,2.1461085520099497,0,,1.146166308811932,0.6931471805599453,-0.45301912825198676,-0.04789510938956695,0.19795505627857168,0,0,0
VN,Viet Nam,S - 33_55,"Generational Impact on Education, Workplaces, and Consumer Behavior",S - 1,Social sciences,Science,0.0,2.0,0.0,0.3333333333333333,0.0,0.6346510587502728,0,1,0,1,0,0,0.12381812803604758,0.22320200165582396,0.06026790695731614,0.7296031348389338,1,,0.5478919803658577,1.0986122886681098,0.550720308302252,0.3335281636944548,0.14519083868508625,0,0,0
VN,Viet Nam,S - 33_56,"Criminology, Social Impact, and Justice System Analysis",S - 1,Social sciences,Science,0.0,3.0,0.0,0.4444444444444444,0.0,0.2484653348618016,0,0,0,0,0,0,0.12293302935742238,0.2009905202067874,3.002673674528815,4.9303102574087205,0,,1.7800765316087361,1.3862943611198906,-0.39378217048884556,-1.2247500393615007,0.19801190615664047,0,0,0
VN,Viet Nam,S - 33_58,"Social Identity, Power Dynamics, and Justice Perception",S - 1,Social sciences,Science,0.0,0.0,0.0,0.0,0.0,0.0,0,0,0,0,0,0,0.1399194055573677,0.21692540281231368,5.813320760799222,8.917779108355562,0,,2.2943290160257743,0.0,-2.2943290160257743,0.47622019580481334,0.20377282404218833,0,0,0
VN,Viet Nam,S - 33_59,European Legal Systems and Governance Analysis,S - 1,Social sciences,Science,0.0,0.0,0.0,0.0,0.0,0.0,0,0,0,0,0,0,0.1454675947942473,0.214399785550644,2.20791447078839,3.518496444522093,0,,1.5081792934882776,0.0,-1.5081792934882776,1.693921287153138,0.1704030329606632,0,0,0
VN,Viet Nam,S - 33_61,Ethnic Conflict and Socio-Political Dynamics in Regions,S - 1,Social sciences,Science,0.0,0.0,0.0,0.0,0.0,0.0,0,0,0,0,0,0,0.12393678132663523,0.1962853493095446,0.6847037282140519,0.7528806163142352,0,,0.5612605011181544,0.0,-0.5612605011181544,-1.0473479338038758,0.19715800407754638,0,0,0
VN,Viet Nam,S - 33_62,Complex Dynamics and Impacts of Family Relationships,S - 1,Social sciences,Science,0.0,1.0,0.0,0.3333333333333333,0.0,0.25413631262464176,0,0,0,0,0,0,0.14174416272293003,0.20831056254130303,3.8652015567555797,6.182711173033106,0,,1.9716769124879192,0.6931471805599453,-1.278529731927974,-1.5656875722985792,0.21488703731315606,0,0,0
VN,Viet Nam,S - 33_63,Urban Mobility and Spatial Network Analysis,S - 1,Social sciences,Science,1.0,3.0,0.5,0.5833333333333333,0.2297813706913498,0.22172926814807317,0,0,0,0,0,0,0.14141512998187095,0.21202077641648537,1.7039306849562228,8.906543988586249,0,,2.29319554771846,1.3862943611198906,-0.9069011865985692,-0.44644510411685273,0.20601227056174848,0,0,0
VN,Viet Nam,S - 33_64,Decolonization and Postcolonial Studies Across Cultures,S - 1,Social sciences,Science,0.0,0.0,0.0,0.0,0.0,0.0,0,0,0,0,0,0,0.0904957440006672,0.13852503066429522,0.4292342177542603,0.8602138247639701,0,,0.6206914406682887,0.0,-0.6206914406682887,-4.082557303742563,0.14346117819313203,0,0,0
VN,Viet Nam,S - 33_65,Impact of Technology on Education and Pedagogy,S - 1,Social sciences,Science,1.0,0.0,0.3333333333333333,0.0,0.34055600162733257,0.0,0,0,0,0,0,0,0.1341567068806906,0.21500102664335985,0.6328899535217203,1.0892700101555723,0,,0.7368147275276232,0.0,-0.7368147275276232,-2.4256561484761683,0.23474138521967766,0,0,0
VN,Viet Nam,S - 33_66,Impact and Spread of Misinformation in Digital Media,S - 1,Social sciences,Science,2.0,8.0,1.1666666666666667,1.1057692307692306,0.4880680416904682,0.27480861482917823,0,0,0,0,0,0,0.13369269995270375,0.2211330199609871,0.8297867977135458,13.774178202513054,0,,2.692880940933968,2.1972245773362196,-0.49565636359774823,-2.5832324818531576,0.2979385638799423,0,0,0
VN,Viet Nam,S - 33_68,Influences and Inequalities in Educational Achievement,S - 1,Social sciences,Science,2.0,9.0,0.41666666666666663,1.4880195080576761,0.10939690098361708,0.2665054098018943,0,0,0,0,0,0,0.13485187316347585,0.17016928132104564,6.600982718731251,5.416339012558411,0,,1.8588477077840153,2.302585092994046,0.4437373852100306,-3.1839750641159448,0.3583659968532553,0,0,0
VN,Viet Nam,S - 33_69,"Global Security, Digital Sovereignty, and Hybrid Warfare",S - 1,Social sciences,Science,0.0,0.0,0.0,0.0,0.0,0.0,0,0,0,0,0,0,0.12242048109630721,0.20937317793750124,0.18020581674890454,1.4922349655767828,0,,0.9131798844325372,0.0,-0.9131798844325372,0.5965502683696783,0.19452751389362039,0,0,0
VN,Viet Nam,S - 33_7,Globalization and Interdisciplinary Knowledge Integration,S - 1,Social sciences,Science,0.0,1.0,0.0,0.16666666666666666,0.0,0.588755028188798,0,1,0,1,0,0,0.12223170873294677,0.18184891500824257,0.22342327578198823,0.2803438301316856,1,,0.24712865915074025,0.6931471805599453,0.44601852140920506,-1.228743570199414,0.1524053674581113,0,0,0
VN,Viet Nam,S - 33_71,"Intersections of Diversity, Spirituality, and Workplace Dynamics",S - 1,Social sciences,Science,2.0,22.0,0.3333333333333333,5.249999999999999,0.1587712880567969,0.5171935514103668,0,1,0,1,0,0,0.1459323613617338,0.22507682956468636,5.2419358844766055,10.503453059670761,1,,2.4426472563567003,3.1354942159291497,0.6928469595724494,-2.496751211704614,0.30208445259984007,0,0,0
VN,Viet Nam,S - 33_72,"Ancient Mediterranean Civilizations: Society, Economy, and Technology",S - 1,Social sciences,Science,0.0,0.0,0.0,0.0,0.0,0.0,0,0,0,0,0,0,0.11979036541789725,0.18966211722796944,0.3421779508100197,0.34048697918637705,0,,0.293032965246013,0.0,-0.293032965246013,2.6757250207934864,0.1089218782123637,0,0,0
VN,Viet Nam,S - 33_73,Lifestyle Migration and Mobility in Retirement,S - 1,Social sciences,Science,0.0,0.0,0.0,0.0,0.0,0.0,0,0,0,0,0,0,0.1353827932248844,0.2039803349981398,1.0174757748130228,2.2253463974472227,0,,1.1710403545408425,0.0,-1.1710403545408425,1.7083132061013373,0.14553121492659857,0,0,0
VN,Viet Nam,S - 33_74,"Intersections of Religion, Culture, and Environment",S - 1,Social sciences,Science,2.0,4.0,0.41666666666666663,1.0,0.5977062337717323,0.5412239907669016,1,1,1,1,0,1,0.1369250716036237,0.22700874569616047,0.5203883996861796,1.8052440993031134,,0,1.0314905581128457,1.6094379124341003,0.5779473543212545,-1.1614299268598747,0.21359220569564688,0,0,0
VN,Viet Nam,S - 33_75,Technological and Psychological Aspects of Legal Proceedings,S - 1,Social sciences,Science,0.0,1.0,0.0,0.08333333333333333,0.0,0.4246980361665088,0,0,0,0,0,0,0.12790925910590495,0.21270004552339428,0.4018232656181997,1.1150817327318192,0,,0.7490934560692138,0.6931471805599453,-0.05594627550926856,1.9292670466935797,0.15091339506787738,0,0,0
VN,Viet Nam,S - 33_76,Media Influence on Society and Communication Studies,S - 1,Social sciences,Science,0.0,0.0,0.0,0.0,0.0,0.0,0,0,0,0,0,0,0.13800703905308945,0.21235481600565545,3.1958854416394606,4.481472031717234,0,,1.7013736838148226,0.0,-1.7013736838148226,0.4759353393643724,0.19599090720256665,0,0,0
VN,Viet Nam,S - 33_77,Multimedia Interaction and Engagement in Television Viewing,S - 1,Social sciences,Science,0.0,1.0,0.0,0.5,0.0,0.6276256184778691,0,1,0,1,0,0,0.13405172777966687,0.19965248482541778,0.24303615062799336,0.3528901623852705,1,,0.3022431650989812,0.6931471805599453,0.3909040154609641,1.656767445532969,0.10995696241187147,0,0,0
VN,Viet Nam,S - 33_78,Global Legal Systems and Regulatory Challenges,S - 1,Social sciences,Science,0.0,3.0,0.0,1.5,0.0,0.6267015791787126,0,1,0,1,0,0,0.1361625011423457,0.19435203166566134,0.40583606201554967,1.2399179364900954,1,,0.8064392297003592,1.3862943611198906,0.5798551314195314,-0.015647946916555622,0.1349260955990235,0,0,0
VN,Viet Nam,S - 33_79,"Innovation, Education, and Social Impact in a Global Context",S - 1,Social sciences,Science,0.0,2.0,0.0,0.5,0.0,0.39452739149503635,0,0,0,0,0,0,0.12988610721827282,0.2217899077310382,0.23406922058351295,1.7579104221085284,0,,1.0144732995501469,1.0986122886681098,0.08413898911796291,-0.38687833713266845,0.21813585717476064,0,0,0
VN,Viet Nam,S - 33_80,Responsibility to Protect in International Relations,S - 1,Social sciences,Science,0.0,0.0,0.0,0.0,0.0,0.0,0,0,0,0,0,0,0.12374226171721742,0.19421647193032082,0.5215385980226939,0.631113011749617,0,,0.48926261109106206,0.0,-0.48926261109106206,-0.8382459535963231,0.15631084733919204,0,0,0
VN,Viet Nam,S - 33_81,Vaccine Hesitancy and Its Global Health Implications,S - 1,Social sciences,Science,5.0,10.0,0.6083333333333333,1.5672771672771673,0.49867431340965096,0.3231210427649572,0,0,0,0,0,0,0.14940311631238895,0.20670505817068235,1.061736847677097,7.83397616601567,0,,2.178605215187411,2.3978952727983707,0.21929005761095954,-5.079389440849439,0.42107078733376163,0,0,0
VN,Viet Nam,S - 33_82,Cultural Heritage in Sustainable Tourism and Urban Development,S - 1,Social sciences,Science,0.0,0.0,0.0,0.0,0.0,0.0,0,0,0,0,0,0,0.14506949451869097,0.1979689494707732,0.13972823979185894,0.20713976572385157,0,,0.1882537313716688,0.0,-0.1882537313716688,1.502368102005853,0.09418417170078681,0,0,0
VN,Viet Nam,S - 33_83,Urban Mobility and Transportation Infrastructure Analysis,S - 1,Social sciences,Science,3.0,11.0,0.6666666666666666,2.4333333333333336,0.16808638412634105,0.2441124442661584,0,0,0,0,0,0,0.14758088531545693,0.21758252685807178,7.480200900942736,30.726257443363327,0,,3.457144648539589,2.4849066497880004,-0.9722379987515888,-0.8386288868952392,0.22250219744525435,0,0,0
VN,Viet Nam,S - 33_84,Advanced Techniques in Latent Fingerprint Detection,S - 1,Social sciences,Science,0.0,1.0,0.0,0.3333333333333333,0.0,0.5819849801108573,0,1,0,1,0,0,0.12493293393390992,0.20034625003011422,0.2944651577077914,0.7330087629767905,1,,0.5498590672566286,0.6931471805599453,0.1432881133033167,1.5205024139940257,0.10091791223023064,0,0,0
VN,Viet Nam,S - 33_85,"Global Development: Economic, Social, and Environmental Perspectives",S - 1,Social sciences,Science,11.0,15.0,1.6055555555555556,3.5666666666666664,0.4317207836305057,0.4888201830861034,0,0,0,0,0,0,0.1678482430308709,0.251374111262473,3.9415027017734356,8.41706124550049,0,,2.2425230702235117,2.772588722239781,0.5300656520162694,-5.661885865143425,0.3333805212123951,0,0,0
VN,Viet Nam,S - 33_86,Interdisciplinary Exploration of Human Society and Culture,S - 1,Social sciences,Science,0.0,0.0,0.0,0.0,0.0,0.0,0,0,0,0,0,0,0.11336981190939055,0.16322595509721535,0.05224025308427631,0.07468301079575305,0,,0.07202574441746541,0.0,-0.07202574441746541,3.3284970803613385,0.046720036649641215,0,0,0
VN,Viet Nam,S - 33_88,Online Collaboration and Knowledge Sharing Dynamics,S - 1,Social sciences,Science,2.0,16.0,0.6666666666666666,3.972222222222222,0.27336259679440067,0.5702064276642489,0,1,0,1,0,0,0.1430864349640599,0.22168540656117672,2.301916854041939,5.049939159476965,1,,1.8000482157073863,2.833213344056216,1.03316512834883,-0.5257929307402671,0.21891051153642455,0,0,0
VN,Viet Nam,S - 33_89,Impacts and Sustainability in Diverse Tourism Contexts,S - 1,Social sciences,Science,6.0,50.0,1.8333333333333333,14.640151515151517,0.33326745339750735,0.5452725888780726,0,1,0,1,0,0,0.1452697818953352,0.23788733881778462,4.674340923100193,21.53084125405622,1,,3.1148850930305136,3.9318256327243257,0.8169405396938121,-2.5020972174476395,0.33427127459991474,0,0,0
VN,Viet Nam,S - 33_90,Impact of Educational Technology on Distance Learning,S - 1,Social sciences,Science,0.0,12.0,0.0,5.166666666666667,0.0,0.5539893323562952,0,1,0,1,0,0,0.1189133222878445,0.28943780711859657,0.8374075658360625,7.218378290248076,1,,2.1063729013132053,2.5649493574615367,0.4585764561483314,-3.1513138288388993,0.31972208551877024,0,0,0
VN,Viet Nam,S - 33_91,Personalisation in Social Care Services,S - 1,Social sciences,Science,0.0,1.0,0.0,0.08333333333333333,0.0,0.438503234707879,0,0,0,0,0,0,0.12161003653173388,0.19355601743371473,0.5129077157601545,0.850115142032214,0,,0.6152478760898031,0.6931471805599453,0.07789930447014215,2.989215710910748,0.10554158862098792,0,0,0
VN,Viet Nam,S - 33_92,Impact of Adversity on Child Development and Mental Health,S - 1,Social sciences,Science,0.0,1.0,0.0,0.06666666666666667,0.0,0.11400431718330258,0,0,0,0,0,0,0.1413912035332591,0.20718260859379045,3.1793330636263404,4.575287640963962,0,,1.7183439108069591,0.6931471805599453,-1.0251967302470137,-1.5433569781951766,0.20771468261819342,0,0,0
VN,Viet Nam,S - 33_94,"Internet Privacy, Trust, and Online Security Mechanisms",S - 1,Social sciences,Science,1.0,1.0,0.25,0.1111111111111111,0.3263887127957516,0.24071640673126177,0,0,0,0,0,0,0.13851394754048985,0.2172207656205975,0.9231971644516049,5.377411197758553,0,,1.852762246634032,0.6931471805599453,-1.1596150660740867,0.2947759588331176,0.20971710115507225,0,0,0
VN,Viet Nam,S - 33_96,Social Behavior and Its Impact Across Disciplines,S - 1,Social sciences,Science,4.0,4.0,0.5405982905982907,0.8999999999999999,0.194397997247363,0.14567395306174763,0,0,0,0,0,0,0.13999982950928994,0.20999814840484,7.938013715882953,11.215606090670926,0,,2.502714322035512,1.6094379124341003,-0.8932764096014119,-0.5780604819462279,0.2217079401173019,0,0,0
VN,Viet Nam,S - 33_97,"Cultural Identity, Globalization, and Social Dynamics",S - 1,Social sciences,Science,0.0,0.0,0.0,0.0,0.0,0.0,0,0,0,0,0,0,0.11602650238217524,0.18979004285327988,0.3438109966313432,0.6387859981432257,0,,0.49395572268484894,0.0,-0.49395572268484894,0.4684211327882195,0.15970266123629803,0,0,0
VN,Viet Nam,S - 33_99,Human Evolution: Cultural and Biological Perspectives,S - 1,Social sciences,Science,0.0,0.0,0.0,0.0,0.0,0.0,0,0,0,0,0,0,0.12821140298089628,0.21084744074795492,3.21095516855421,7.0997713206542885,0,,2.091835829261873,0.0,-2.091835829261873,-1.1453089318429865,0.2373332088098768,0,0,0
VN,Viet Nam,S - 34_0,"Animal Health, Welfare, and Disease Management Studies",S - 2,Medical and health sciences,Science,3.0,10.0,0.3888888888888889,1.638888888888889,0.11723040102343257,0.23581701500805735,0,0,0,0,0,0,0.1363448409284842,0.21241055198634004,7.161679256686579,15.835550549376482,0,,2.8234927547439828,2.3978952727983707,-0.4255974819456121,-2.7042371483154395,0.29690556842933163,0,0,0
VN,Viet Nam,S - 35_0,Oral Pathology and Management in Dentistry,S - 2,Medical and health sciences,Science,1.0,1.0,0.1111111111111111,0.16666666666666666,0.12499375340759497,0.12082274843119752,0,0,0,0,0,0,0.1488548261132468,0.22370065292841734,3.6105914281139913,5.379080228451098,0,,1.853023922144375,0.6931471805599453,-1.1598767415844295,-1.343456820968984,0.2484001008681879,0,0,0
VN,Viet Nam,S - 35_1,Advancements and Challenges in Dental Research and Practice,S - 2,Medical and health sciences,Science,6.0,13.0,1.4444444444444444,4.204761904761905,0.15620154794765043,0.17474764510036317,0,0,0,0,0,0,0.13782004496962494,0.226990362683464,11.129432673911385,35.33520675008309,0,,3.5927871541606557,2.6390573296152584,-0.9537298245453973,-2.084637748744813,0.3076401944548564,0,0,0
VN,Viet Nam,S - 3680146165,Research and Treatment of Digestive Tract Cancers,S - 2,Medical and health sciences,Science,7.0,17.0,1.1083333333333334,2.2309373496873497,0.15089752088642017,0.20744004667974242,0,0,0,0,0,0,0.14461713509912852,0.18128272725096334,18.90790393332922,28.544769188377636,0,,3.3859067125612547,2.8903717578961645,-0.49553495466509023,-1.323472803278271,0.3001755519218196,0,0,0
VN,Viet Nam,S - 3698807275,Sustainable Water Management,S - 6,Agricultural and environmental sciences,Science,6.0,14.0,1.1666666666666665,2.694444444444444,0.292969858377978,0.27866128765848397,0,0,0,0,0,0,0.14631833492435467,0.32523034922907934,3.4174194183760247,23.570207246152652,0,,3.201534621424362,2.70805020110221,-0.4934844203221518,-4.539981008703307,0.33060731048911707,0,0,0
VN,Viet Nam,S - 36_0,"Healthcare Access, Quality, and Policy Analysis",S - 2,Medical and health sciences,Science,9.0,7.0,1.417049808429119,1.3542207792207792,0.28141357956550644,0.22011019409536,0,0,0,0,0,0,0.1066129336409979,0.1908586084400897,3.3832742957724777,8.904210189636935,0,,2.292959938418671,2.0794415416798357,-0.21351839673883521,-4.219824583257989,0.3049040750648505,0,0,0
VN,Viet Nam,S - 36_1,"Oral Health and Disorders: Diagnosis, Management, and Impact",S - 2,Medical and health sciences,Science,1.0,6.0,0.16666666666666666,1.8333333333333333,0.0926638561443783,0.21762473938589896,0,0,0,0,0,0,0.1434794254744889,0.22013014178231285,4.657669453161331,10.068131563970462,0,,2.404069948732461,1.9459101490553132,-0.4581597996771476,-0.1801723119259261,0.22751429797259645,0,0,0
VN,Viet Nam,S - 36_10,Occupational Health and Exposure-Related Risks,S - 2,Medical and health sciences,Science,3.0,8.0,0.37037037037037035,1.5111111111111108,0.2622261539224982,0.3852121662161758,0,0,0,0,0,0,0.14932179011267668,0.22684364133666288,3.5681053834370995,7.1319686828515065,0,,2.09580304465828,2.1972245773362196,0.10142153267793974,-2.3169016352092164,0.28735248122445584,0,0,0
VN,Viet Nam,S - 36_11,Interdisciplinary Applications of Technology in Healthcare,S - 2,Medical and health sciences,Science,0.0,6.0,0.0,1.5666666666666664,0.0,0.30367054290469264,0,0,0,0,0,0,0.1407164791614575,0.23391978553627024,1.4168939033361467,10.00023841819417,0,,2.3979169469447728,1.9459101490553132,-0.4520067978894595,-2.699159221958943,0.2925361503483256,0,0,0
VN,Viet Nam,S - 36_12,Improving Safety and Quality in Healthcare Settings,S - 2,Medical and health sciences,Science,9.0,16.0,1.9444444444444446,5.731746031746032,0.30219840512097634,0.3171107358129319,0,0,0,0,0,0,0.14260157060797746,0.21884086006595457,7.580978609797446,19.22949772904183,0,,3.0071418228458198,2.833213344056216,-0.1739284787896036,-2.8847999550314873,0.2860024231722907,0,0,0
VN,Viet Nam,S - 36_13,Healthcare Workforce and Public Health Preparedness,S - 2,Medical and health sciences,Science,1.0,7.0,0.16666666666666666,1.0555555555555554,0.10350038889607414,0.23919761231871206,0,0,0,0,0,0,0.15372958126569974,0.15183148112585898,2.3490246877898944,4.039303299303934,0,,1.6172678382629482,2.0794415416798357,0.46217370341688757,-5.114213917275922,0.3556451502451614,0,0,0
VN,Viet Nam,S - 36_14,"Infant Health: Skin Care, Behavioral Responses, and Infections",S - 2,Medical and health sciences,Science,3.0,2.0,0.5694444444444444,0.3333333333333333,0.28539008006239497,0.1953980071181849,0,0,0,0,0,0,0.14509888847888985,0.2059662786368865,2.9758550012414737,4.674163296393289,0,,1.7359231157387072,1.0986122886681098,-0.6373108270705974,-1.3177025314470558,0.2214341389109828,0,0,0
VN,Viet Nam,S - 36_15,Implementation and Collaboration in Healthcare Practices,S - 2,Medical and health sciences,Science,4.0,2.0,0.5388888888888889,0.3333333333333333,0.2507707905714992,0.1075972780453732,0,0,0,0,0,0,0.12567581839188652,0.19662162455847867,3.083303291347996,8.258333609323358,0,,2.225524076667487,1.0986122886681098,-1.1269117879993773,-2.5430571408333105,0.2305632365195351,0,0,0
VN,Viet Nam,S - 36_2,Occupational Stress and Burnout in Healthcare Professions,S - 2,Medical and health sciences,Science,3.0,13.0,0.5277777777777778,2.3682539682539683,0.18500671941852484,0.31730655708965033,0,0,0,0,0,0,0.14004381105293875,0.22168392730173295,4.532661141407605,13.905878317040719,0,,2.701755653071876,2.6390573296152584,-0.06269832345661763,-2.2132455151152173,0.31113480434440277,0,0,0
VN,Viet Nam,S - 36_3,Health Communication and Technology in Patient Care,S - 2,Medical and health sciences,Science,7.0,15.0,1.3777777777777778,2.0250000000000004,0.25052948799751723,0.27405700250922227,0,0,0,0,0,0,0.11501855238078777,0.19984785238420183,3.3414243463552618,15.18471466894707,0,,2.7840672578713765,2.772588722239781,-0.011478535631595399,-4.507827072471762,0.33666674990049117,0,0,0
VN,Viet Nam,S - 36_4,"Aging Population: Healthcare, Policy, and Social Implications",S - 2,Medical and health sciences,Science,9.0,14.0,1.3531746031746033,2.6084967320261434,0.2267241023273157,0.21154936940573102,0,0,0,0,0,0,0.11943576835598102,0.19715416434278898,6.23416862602354,17.40927321458672,0,,2.912854516713776,2.70805020110221,-0.20480431561156598,-3.3978734006858557,0.31593214579656015,0,0,0
VN,Viet Nam,S - 36_5,Health Promotion and Education in Youth and Academic Settings,S - 2,Medical and health sciences,Science,7.0,10.0,1.0714285714285714,1.2340227333871403,0.21862153573070084,0.2293984242261701,0,0,0,0,0,0,0.17334581075135386,0.16029914414105487,6.452215052855575,7.354381990057686,0,,2.1227861904375196,2.3978952727983707,0.2751090823608511,-5.3479477081511,0.38502418595236265,0,0,0
VN,Viet Nam,S - 36_6,Health Behavior and Psychological Resilience Research,S - 2,Medical and health sciences,Science,1.0,4.0,0.16666666666666666,0.6111111111111112,0.14484329473498286,0.31426474102295,0,0,0,0,0,0,0.1464247901643028,0.21648504449427708,3.077622253679621,5.857104402486841,0,,1.9252852538661838,1.6094379124341003,-0.3158473414320835,-0.9638456290291785,0.24099987639011636,0,0,0
VN,Viet Nam,S - 36_8,Occupational and Environmental Health Impacts,S - 2,Medical and health sciences,Science,5.0,12.0,0.861111111111111,3.0,0.19876598102178178,0.2499352471315585,0,0,0,0,0,0,0.14976355120308765,0.21983267655580715,10.399654244428941,22.887572297069383,0,,3.1733583361267255,2.5649493574615367,-0.6084089786651887,-1.7122108611871387,0.2777056333923365,0,0,0
VN,Viet Nam,S - 36_9,"Physical Education, Sports Science, and Health Promotion",S - 2,Medical and health sciences,Science,0.0,0.0,0.0,0.0,0.0,0.0,0,0,0,0,0,0,0.13980376082921023,0.22417121934718426,0.80582475639988,2.8804051244786257,0,,1.3559395617098884,0.0,-1.3559395617098884,0.045390690564584474,0.21423835293213164,0,0,0
VN,Viet Nam,S - 3969021481,"Cancer Research: Diagnosis, Treatment, and Molecular Analysis",S - 2,Medical and health sciences,Science,7.0,12.0,0.728174603174603,1.480863808795526,0.1831122259530276,0.19207911616175918,0,0,0,0,0,0,0.14694923879958738,0.21779440851359577,15.303801466987393,33.14751855903262,0,,3.5306899203908486,2.5649493574615367,-0.9657405629293119,-0.9943273214883144,0.2664007015754881,0,0,0
VN,Viet Nam,S - 3977039544,Studies on COVID-19 Impacts and Responses,S - 2,Medical and health sciences,Science,4.0,30.0,0.625,5.903470400808222,0.32736606516759015,0.2497017471725431,0,0,0,0,0,0,0.1297827223870576,0.1111779340974525,2.178485997656213,7.142751009640331,0,,2.0971280847904756,3.4339872044851463,1.3368591196946706,-3.8450451822780027,0.42358162402604915,0,0,0
VN,Viet Nam,S - 4019419616,Sustainable Rural Livelihoods,S - 6,Agricultural and environmental sciences,Science,17.0,43.0,3.2055555555555557,10.090548340548342,0.4851468621434441,0.5143347841794709,0,1,0,1,0,0,0.19459195143836536,0.35747627463779774,5.748891998404293,34.53422998121141,1,,3.5704964567380792,3.784189633918261,0.21369317718018177,-5.532235576487304,0.3840043729721414,0,0,0
VN,Viet Nam,S - 4216827806,"Legal, Ethical, and Societal Studies",S - 1,Social sciences,Science,0.0,2.0,0.0,0.3333333333333333,0.0,0.4771231203312073,0,0,0,0,0,0,0.1234593670605018,0.197826652571378,0.3737722997981343,1.2304532394621237,0,,0.8022048112158481,1.0986122886681098,0.2964074774522617,-1.3057003046976716,0.1518936297596525,0,0,0
VN,Viet Nam,S - 490447809,Studies in Global Sociocultural Dynamics,S - 1,Social sciences,Science,1.0,0.0,0.01282051282051282,0.0,0.19078788432532598,0.0,0,0,0,0,0,0,0.14295682586167252,0.20621872891841134,2.078593282756843,3.082741034708201,0,,1.4067685850769402,0.0,-1.4067685850769402,-0.807087015189962,0.19630232676343737,0,0,0
VN,Viet Nam,S - 915163410,Analysis of Pain Management Strategies,S - 2,Medical and health sciences,Science,6.0,6.0,0.6592592592592592,1.5,0.16453089022002448,0.18088479805394272,0,0,0,0,0,0,0.14153057615184608,0.2145994151495716,13.088580337428153,24.860142159138068,0,,3.252702870588388,1.9459101490553132,-1.3067927215330746,-0.09333880717454439,0.2151816039745233,0,0,0
VN,Viet Nam,S - 940322883,Exploration of Sociomateriality and Posthumanism,S - 1,Social sciences,Science,0.0,3.0,0.0,0.6666666666666666,0.0,0.336744959234431,0,0,0,0,0,0,0.12932345105274684,0.19432109849967083,1.7926702331661297,3.0698036579099894,0,,1.4035947569910978,1.3862943611198906,-0.01730039587120724,-1.6017204008244608,0.19415420981243567,0,0,0
VN,Viet Nam,T - 1197027848,Fire-Fighting Non-Chemicals,T - 33,Processing and environmental,Technology,0.0,0.0,0.0,0.0,0.0,0.0,0,0,0,0,0,0,0.13275395735803433,0.1924219783056056,2.0064757516963847,6.034815805369717,0,,1.950871507617998,0.0,-1.950871507617998,2.4590493210522677,0.13204225033270683,0,0,0
VN,Viet Nam,T - IPC4+A01B,Plowing and Tilling,T - 34,Chemicals,Technology,0.0,0.0,0.0,0.0,0.0,0.0,0,0,0,0,0,0,0.13282567956265684,0.19854395643225992,1.9937005445699492,9.423398638436382,0,,2.3440531480621267,0.0,-2.3440531480621267,2.3841110913269596,0.13453431287685258,0,0,0
VN,Viet Nam,T - IPC4+A01C,Planting and Sowing,T - 34,Chemicals,Technology,0.0,0.0,0.0,0.0,0.0,0.0,0,0,0,0,0,0,0.13283506522941832,0.20434305493462354,2.957271345836474,8.053660927354448,0,,2.203169198274331,0.0,-2.203169198274331,1.8870107350893766,0.1592543318115277,0,0,0
VN,Viet Nam,T - IPC4+A01D,Harvesting and Mowing,T - 34,Chemicals,Technology,0.0,1.0,0.0,0.12499999999999999,0.0,0.12860312174398317,0,0,0,0,0,0,0.13516445547336778,0.1931481538105207,2.6927369961327656,10.060413032096346,0,,2.403372340071066,0.6931471805599453,-1.7102251595111206,3.230633532607314,0.12413554474939031,0,0,0
VN,Viet Nam,T - IPC4+A01F,Threshing and Baling,T - 34,Chemicals,Technology,0.0,0.0,0.0,0.0,0.0,0.0,0,0,0,0,0,0,0.1255282514496181,0.17830184518500855,0.9604065918885148,2.150314078870186,0,,1.1475021554449085,0.0,-1.1475021554449085,3.5024028250043875,0.09583635820284904,0,0,0
VN,Viet Nam,T - IPC4+A01G,Horticulture and Gardening,T - 34,Chemicals,Technology,1.0,4.0,1.0,1.8166666666666667,0.13007669516875378,0.16093114168239714,0,0,0,0,0,0,0.1432767748079998,0.21615589803661028,5.435978769648431,19.730713054061972,0,,3.03161632306123,1.6094379124341003,-1.4221784106271296,1.3820936555599534,0.2053442849932135,0,0,0
VN,Viet Nam,T - IPC4+A01H,Plant Breeding,T - 31,Biopharma,Technology,2.0,1.0,0.8611111111111114,0.3333333333333333,0.15942302061333058,0.10954576743370116,0,0,0,0,0,0,0.12981029409170716,0.18429976617756702,6.492851574032842,9.199244715128753,0,,2.3223136700121745,0.6931471805599453,-1.629166489452229,0.6265833166300137,0.16766347912061572,0,0,0
VN,Viet Nam,T - IPC4+A01K,Animal Husbandry,T - 34,Chemicals,Technology,0.0,8.0,0.0,8.666666666666666,0.0,0.2879477007021359,0,0,0,0,0,0,0.1441949050170709,0.20911458036360908,7.478626406749603,20.39027679557751,0,,3.062936463430294,2.1972245773362196,-0.8657118860940742,1.6496207079707825,0.1953457677888595,0,1,0
VN,Viet Nam,T - IPC4+A01M,Pest Control and Trapping,T - 34,Chemicals,Technology,1.0,2.0,0.12698412698412698,0.9411764705882353,0.2105734625544415,0.23332407886412637,0,0,0,0,0,0,0.139192472414441,0.20886647631256477,2.4218499824553086,8.349181537109768,0,,2.2352888033310916,1.0986122886681098,-1.1366765146629818,1.653059055876132,0.1677458282127631,0,0,0
VN,Viet Nam,T - IPC4+A01N,Pesticides and Preservation,T - 34,Chemicals,Technology,4.0,1.0,0.883669108669108,0.5,0.09050753285338399,0.03766833031831755,0,0,0,0,0,0,0.13056579923344808,0.21384926047126612,23.56064909593866,39.123900797234626,0,,3.6919721866135027,0.6931471805599453,-2.9988250060535573,-0.20116438118644284,0.24096635014478104,0,0,0
VN,Viet Nam,T - IPC4+A01P,Biocidal Activity,T - 34,Chemicals,Technology,3.0,0.0,0.2475274725274725,0.0,0.1437137306236516,0.0,0,0,0,0,0,0,0.1399346007793805,0.2158139479989028,12.475256709868617,27.276896911924176,0,,3.342045107706766,0.0,-3.342045107706766,0.10106244788871387,0.22266750036600036,0,0,0
VN,Viet Nam,T - IPC4+A21B,Baking Ovens,T - 34,Chemicals,Technology,0.0,0.0,0.0,0.0,0.0,0.0,0,0,0,0,0,0,0.13056246311238856,0.19453773897254695,0.666441808103087,1.019879940377256,0,,0.7030380741899527,0.0,-0.7030380741899527,3.2824057423212154,0.11332649222905677,0,0,0
VN,Viet Nam,T - IPC4+A21C,Dough Processing,T - 34,Chemicals,Technology,0.0,0.0,0.0,0.0,0.0,0.0,0,0,0,0,0,0,0.1303946253049974,0.18531833253872157,0.5886853155911304,1.0926507257161981,0,,0.7384315521929468,0.0,-0.7384315521929468,3.782481979606038,0.09536324356440368,0,0,0
VN,Viet Nam,T - IPC4+A21D,Baking Methods,T - 31,Biopharma,Technology,0.0,0.0,0.0,0.0,0.0,0.0,0,0,0,0,0,0,0.1391224334059266,0.2002877469922132,2.306784456504206,3.657786755809274,0,,1.5385403902100976,0.0,-1.5385403902100976,2.910287888036574,0.14177678926171558,0,0,0
VN,Viet Nam,T - IPC4+A22C,Meat Processing,T - 34,Chemicals,Technology,0.0,0.0,0.0,0.0,0.0,0.0,0,0,0,0,0,0,0.12562291230777278,0.18243305537857668,0.8578296464794501,1.8155211749353986,0,,1.035147386527941,0.0,-1.035147386527941,2.4087028357896205,0.10592401370650074,0,0,0
VN,Viet Nam,T - IPC4+A23B,Food Preservation,T - 31,Biopharma,Technology,0.0,0.0,0.0,0.0,0.0,0.0,0,0,0,0,0,0,0.14270108038025459,0.2005207133648912,2.015976750973847,3.330567944566506,0,,1.4656986984399252,0.0,-1.4656986984399252,0.8854241469282307,0.16455043716182735,0,0,0
VN,Viet Nam,T - IPC4+A23C,Dairy Products,T - 31,Biopharma,Technology,0.0,0.0,0.0,0.0,0.0,0.0,0,0,0,0,0,0,0.14299978160193436,0.20321645894216106,3.891857645037276,7.040895628386025,0,,2.084540473552164,0.0,-2.084540473552164,1.16652248034316,0.1755534128399227,0,0,0
VN,Viet Nam,T - IPC4+A23D,Edible Oils and Fats,T - 31,Biopharma,Technology,0.0,0.0,0.0,0.0,0.0,0.0,0,0,0,0,0,0,0.1338909062750376,0.2009201352875558,2.4695775100055997,4.064518154054234,0,,1.6222590007081854,0.0,-1.6222590007081854,1.5841581672092266,0.14845862605650947,0,0,0
VN,Viet Nam,T - IPC4+A23F,Coffee and Tea,T - 31,Biopharma,Technology,0.0,0.0,0.0,0.0,0.0,0.0,0,0,0,0,0,0,0.13171316956179396,0.1921865711539012,1.6274560669858702,2.754750612061648,0,,1.3230218681135,0.0,-1.3230218681135,1.251729261421307,0.128259799519803,0,0,0
VN,Viet Nam,T - IPC4+A23G,Chocolate and Confectionery,T - 31,Biopharma,Technology,0.0,0.0,0.0,0.0,0.0,0.0,0,0,0,0,0,0,0.14174173274940968,0.2044732064298855,3.9970612267460135,6.086232000602914,0,,1.9581537466076981,0.0,-1.9581537466076981,2.1703344391954538,0.1446094384038973,0,0,0
VN,Viet Nam,T - IPC4+A23J,Food Proteins,T - 31,Biopharma,Technology,0.0,2.0,0.0,0.36178861788617883,0.0,0.2213356691529014,0,0,0,0,0,0,0.13814942330306362,0.2015282464221446,2.017780449219296,7.517666899162261,0,,2.1421424652142234,1.0986122886681098,-1.0435301765461136,2.2649133848920893,0.14706535165178938,0,0,0
VN,Viet Nam,T - IPC4+A23K,Animal Feed,T - 31,Biopharma,Technology,0.0,2.0,0.0,1.0,0.0,0.15204665722941446,0,0,0,0,0,0,0.14137273348905122,0.2032775608002477,5.002296737308133,11.886430966337628,0,,2.556174894696821,1.0986122886681098,-1.4575626060287112,2.44642940890226,0.16759051197717853,0,0,0
VN,Viet Nam,T - IPC4+A23L,General Food Products,T - 31,Biopharma,Technology,1.0,8.0,0.06521739130434782,4.9327913279132805,0.044650243532940496,0.1531850807365933,0,0,0,0,0,0,0.14139547950612213,0.20899607964976388,19.893579768839917,49.94544407292582,0,,3.9307553361009058,2.1972245773362196,-1.7335307587646862,0.8490703699125424,0.22807002245101712,0,0,0
VN,Viet Nam,T - IPC4+A23N,Fruit and Vegetable Processing,T - 34,Chemicals,Technology,0.0,1.0,0.0,0.5,0.0,0.36123008086314545,0,0,0,0,0,0,0.13162165297279996,0.20323834280075503,0.6606471150728367,1.9071235335066714,0,,1.0671641158601775,0.6931471805599453,-0.37401693530023217,2.1664591489547655,0.1373458551460484,0,0,0
VN,Viet Nam,T - IPC4+A23P,Food Shaping,T - 34,Chemicals,Technology,0.0,1.0,0.0,0.0975609756097561,0.0,0.18186859181952625,0,0,0,0,0,0,0.13608962462128132,0.2098002202803391,2.362658229610501,6.687012702363028,0,,2.039532242813012,0.6931471805599453,-1.3463850622530664,1.8399876527562173,0.16641701129147057,0,0,0
VN,Viet Nam,T - IPC4+A24B,Tobacco Preparation,T - 52,Consumer,Technology,0.0,0.0,0.0,0.0,0.0,0.0,0,0,0,0,0,0,0.12822347683727356,0.19591243502815964,1.158211793064836,8.64965377655006,0,,2.266922036629547,0.0,-2.266922036629547,1.8566061998730417,0.13011601739573417,0,0,0
VN,Viet Nam,T - IPC4+A24C,Cigarette Manufacturing,T - 52,Consumer,Technology,0.0,0.0,0.0,0.0,0.0,0.0,0,0,0,0,0,0,0.11690907888177365,0.18547105863909197,0.7424396125307873,3.2405690929705995,0,,1.4446974802773984,0.0,-1.4446974802773984,2.94623388269172,0.09181392037982349,0,0,0
VN,Viet Nam,T - IPC4+A24D,Cigarettes and Filters,T - 52,Consumer,Technology,0.0,0.0,0.0,0.0,0.0,0.0,0,0,0,0,0,0,0.1283350728133437,0.18916450590774136,1.6886184271515994,8.917095837996456,0,,2.2942601201682282,0.0,-2.2942601201682282,2.005447721901589,0.12052419819634158,0,0,0
VN,Viet Nam,T - IPC4+A24F,Smoking Accessories,T - 52,Consumer,Technology,0.0,0.0,0.0,0.0,0.0,0.0,0,0,0,0,0,0,0.12483103793841972,0.190170977080148,1.495634609886156,30.163110370808,0,,3.4392350353664995,0.0,-3.4392350353664995,2.1990172585606924,0.1255839281028173,0,0,0
VN,Viet Nam,T - IPC4+A41B,Shirts and Underwear,T - 52,Consumer,Technology,0.0,0.0,0.0,0.0,0.0,0.0,0,0,0,0,0,0,0.137252416259439,0.18657861306229837,0.8990941589906858,1.5670103688914805,0,,0.9427419411841101,0.0,-0.9427419411841101,2.3470591467654764,0.09456115734908398,0,0,0
VN,Viet Nam,T - IPC4+A41D,Outerwear and Protective Clothing,T - 52,Consumer,Technology,0.0,1.0,0.0,0.01282051282051282,0.0,0.20635635690477028,0,0,0,0,0,0,0.1379462574019622,0.20563752717950545,3.402887483165479,10.864372683442049,0,,2.4735400173093858,0.6931471805599453,-1.7803928367494404,1.2341966812975134,0.18881195298852788,0,0,0
VN,Viet Nam,T - IPC4+A42B,Hats and Headwear,T - 52,Consumer,Technology,0.0,0.0,0.0,0.0,0.0,0.0,0,0,0,0,0,0,0.12425027417809141,0.19069635074535904,1.0144329316661382,2.9690616912934837,0,,1.3785297169639532,0.0,-1.3785297169639532,2.9228859793805184,0.13015927092220558,0,0,0
VN,Viet Nam,T - IPC4+A43B,Footwear Design,T - 52,Consumer,Technology,3.0,3.0,2.263157894736842,0.7341238882821033,0.3555865266929733,0.33031088808083964,0,0,0,0,0,0,0.1388730748193592,0.20217004388694107,3.315976350090753,8.377848845538807,0,,2.2383504025527263,1.3862943611198906,-0.8520560414328358,2.2879171199140194,0.1350223181023359,0,0,0
VN,Viet Nam,T - IPC4+A43C,Shoe Fasteners,T - 52,Consumer,Technology,0.0,0.0,0.0,0.0,0.0,0.0,0,0,0,0,0,0,0.13196940175709101,0.16940469193125496,0.7026488525953574,1.5620490723734142,0,,0.9408073572229639,0.0,-0.9408073572229639,3.654524242827098,0.07294440506266024,0,0,0
VN,Viet Nam,T - IPC4+A44B,Buttons and Fasteners,T - 52,Consumer,Technology,2.0,0.0,0.07763157894736841,0.0,0.36263633033604015,0.0,0,0,0,0,0,0,0.12974005437173464,0.19392309222215248,1.8995637120038797,3.349646211659795,0,,1.470094511140155,0.0,-1.470094511140155,2.1542010949258765,0.11336681546362937,0,0,0
VN,Viet Nam,T - IPC4+A44C,Jewelry and Coins,T - 52,Consumer,Technology,0.0,0.0,0.0,0.0,0.0,0.0,0,0,0,0,0,0,0.13477056373441368,0.19236774174654514,1.0977043215175055,2.689948568429843,0,,1.3056125198604063,0.0,-1.3056125198604063,1.7523116668368164,0.13199536632328454,0,0,0
VN,Viet Nam,T - IPC4+A45C,Bags and Luggage,T - 52,Consumer,Technology,0.0,1.0,0.0,0.043478260869565216,0.0,0.35002777460272827,0,0,0,0,0,0,0.13311791403281814,0.1962507190689806,2.2051563953472213,4.695331894203931,0,,1.7396468733755655,0.6931471805599453,-1.0464996928156203,2.316454607693649,0.14192186556500128,0,0,0
VN,Viet Nam,T - IPC4+A45D,Beauty and Grooming Tools,T - 52,Consumer,Technology,0.0,1.0,0.0,0.06153846153846154,0.0,0.16693323442597552,0,0,0,0,0,0,0.12224750989179493,0.19110799345017676,3.3456314743909616,9.157820708462836,0,,2.318243921943982,0.6931471805599453,-1.6250967413840365,2.1950711691756872,0.1199299292525414,0,0,0
VN,Viet Nam,T - IPC4+A45F,Travel Equipment,T - 52,Consumer,Technology,0.0,0.0,0.0,0.0,0.0,0.0,0,0,0,0,0,0,0.12789405326585615,0.19368431902160815,0.997323905888063,3.0357029572813534,0,,1.3951805014878684,0.0,-1.3951805014878684,2.91966477887506,0.12101410343576023,0,0,0
VN,Viet Nam,T - IPC4+A46B,Brushes,T - 52,Consumer,Technology,0.0,0.0,0.0,0.0,0.0,0.0,0,0,0,0,0,0,0.1289366625360487,0.1957693393024805,2.08812380359348,4.681479061448885,0,,1.7372115969777575,0.0,-1.7372115969777575,2.0124500951936812,0.1443300791736273,0,0,0
VN,Viet Nam,T - IPC4+A47B,Furniture,T - 52,Consumer,Technology,0.0,2.0,0.0,2.999999999999999,0.0,0.16919311975185686,0,0,0,0,0,0,0.14290373143870233,0.20022682621684995,6.053490134747759,9.963363146923722,0,,2.394559090920194,1.0986122886681098,-1.2959468022520844,2.442125820620638,0.14856016363805433,0,1,0
VN,Viet Nam,T - IPC4+A47C,Chairs and Beds,T - 52,Consumer,Technology,3.0,0.0,4.640384615384615,0.0,0.27812558647547503,0.0,0,0,0,0,0,0,0.1438243793791816,0.20189017787767535,5.431146387010349,10.720396693530233,0,,2.4613306311468897,0.0,-2.4613306311468897,1.9603115089517282,0.1476843334320712,1,0,0
VN,Viet Nam,T - IPC4+A47D,Childrens Furniture,T - 52,Consumer,Technology,0.0,0.0,0.0,0.0,0.0,0.0,0,0,0,0,0,0,0.13373405675732694,0.19736301207806456,0.883042838804928,2.181144842634155,0,,1.1572411454097755,0.0,-1.1572411454097755,3.9145048154523794,0.09972490942659838,0,0,0
VN,Viet Nam,T - IPC4+A47F,Commercial Furniture,T - 52,Consumer,Technology,0.0,0.0,0.0,0.0,0.0,0.0,0,0,0,0,0,0,0.13717577504243395,0.19745497740272333,2.54004417146791,3.7727899558659805,0,,1.5629310303229773,0.0,-1.5629310303229773,3.3939982451659207,0.12454668960766077,0,0,0
VN,Viet Nam,T - IPC4+A47G,Household Equipment,T - 52,Consumer,Technology,1.0,0.0,2.4,0.0,0.15103301734127952,0.0,0,0,0,0,0,0,0.1365642245111875,0.20898555825910492,4.157953820197154,9.275743605295599,0,,2.3297861281087617,0.0,-2.3297861281087617,2.015713642792697,0.16719411935161796,1,0,0
VN,Viet Nam,T - IPC4+A47J,Kitchen Equipment,T - 52,Consumer,Technology,0.0,0.0,0.0,0.0,0.0,0.0,0,0,0,0,0,0,0.1375940953568978,0.20378029095990693,8.53942499455897,19.466448539668953,0,,3.0187868887572957,0.0,-3.0187868887572957,2.023661907649146,0.14984619698590887,0,0,0
VN,Viet Nam,T - IPC4+A47K,Bathroom Equipment,T - 52,Consumer,Technology,0.0,0.0,0.0,0.0,0.0,0.0,0,0,0,0,0,0,0.13341614226797582,0.19996399717991517,3.418626924875956,7.267796316997158,0,,2.1123680064165513,0.0,-2.1123680064165513,2.712264910059105,0.14263439535428152,0,0,0
VN,Viet Nam,T - IPC4+A47L,Cleaning Equipment,T - 52,Consumer,Technology,0.0,1.0,0.0,1.9999999999999998,0.0,0.080065087934907,0,0,0,0,0,0,0.13174047897972055,0.19335483991774657,5.678823447519215,18.01188669298579,0,,2.9450643989710006,0.6931471805599453,-2.251917218411055,2.708373940311469,0.11050272649023732,0,1,0
VN,Viet Nam,T - IPC4+A61B,Medical Diagnosis and Surgery,T - 21,Instruments,Technology,0.0,6.0,0.0,1.3125,0.0,0.057031643898780286,0,0,0,0,0,0,0.12785416943257838,0.1985080350618606,51.8160374215013,172.9534266728034,0,,5.158787600586468,1.9459101490553132,-3.2128774515311544,1.0817735660661472,0.1979080250919704,0,0,0
VN,Viet Nam,T - IPC4+A61C,Dentistry,T - 21,Instruments,Technology,2.0,1.0,0.21014492753623187,0.25,0.18408355250965133,0.08871728392504291,0,0,0,0,0,0,0.1283467283132321,0.2036342716705238,4.789868660026686,15.190174593746738,0,,2.7844045516799905,0.6931471805599453,-2.091257371120045,1.0013878793715916,0.18388470359071055,0,0,0
VN,Viet Nam,T - IPC4+A61D,Veterinary Equipment,T - 21,Instruments,Technology,0.0,0.0,0.0,0.0,0.0,0.0,0,0,0,0,0,0,0.12977502137895722,0.18581293606044016,0.9644728379110664,1.8918148478173236,0,,1.0618842800538302,0.0,-1.0618842800538302,3.844672431657425,0.10739015817266497,0,0,0
VN,Viet Nam,T - IPC4+A61F,Medical Implants and Prosthetics,T - 21,Instruments,Technology,7.0,7.0,5.516849816849819,2.261904761904762,0.1360923703037748,0.10750147920047697,0,0,0,0,0,0,0.1254636773602713,0.1984308941811317,22.97281674893306,55.52058752153879,0,,4.034604952693984,2.0794415416798357,-1.9551634110141483,0.6579926297328971,0.20863426005202018,0,0,0
VN,Viet Nam,T - IPC4+A61G,Medical Transport and Furniture,T - 21,Instruments,Technology,1.0,0.0,1.0,0.0,0.16919797229644543,0.0,0,0,0,0,0,0,0.13873400009337988,0.20865958995330405,3.7833765481228063,9.983539290979179,0,,2.396397723938813,0.0,-2.396397723938813,2.666080777558511,0.15158960062272372,0,0,0
VN,Viet Nam,T - IPC4+A61H,Physical Therapy,T - 21,Instruments,Technology,1.0,0.0,2.4,0.0,0.1484285380097307,0.0,0,0,0,0,0,0,0.14135364661377053,0.20672241585899298,4.757610882281911,13.044726797470314,0,,2.6422470084247096,0.0,-2.6422470084247096,2.215057329771052,0.17250940097987144,1,0,0
VN,Viet Nam,T - IPC4+A61J,Medical Containers,T - 21,Instruments,Technology,0.0,3.0,0.0,0.9225609756097559,0.0,0.19761253141345664,0,0,0,0,0,0,0.13373207096706446,0.2055752522908916,6.4130069587167755,13.556016976510474,0,,2.6780044460387686,1.3862943611198906,-1.291710084918878,1.5597504791590693,0.1601341398103815,0,0,0
VN,Viet Nam,T - IPC4+A61K,Pharmaceuticals,T - 31,Biopharma,Technology,20.0,40.0,7.331527394042926,20.585639032511402,0.0919155366052241,0.1283523905988744,0,0,0,0,0,0,0.11287658338795113,0.17761318532707138,73.12158667333966,272.9135114558512,0,,5.61281240493863,3.713572066704308,-1.8992403382343221,-0.19586568993828243,0.2744414631998544,0,0,0
VN,Viet Nam,T - IPC4+A61L,Medical Sterilization,T - 21,Instruments,Technology,5.0,6.0,0.5206709956709956,1.6516045548654243,0.1476563223292988,0.13390606348116355,0,0,0,0,0,0,0.13218970069607996,0.20981581231824867,19.101234281489496,49.57983061469508,0,,3.923552892376881,1.9459101490553132,-1.977642743321568,1.1954283419809488,0.20160196666877178,0,0,0
VN,Viet Nam,T - IPC4+A61M,Medical Delivery Devices,T - 21,Instruments,Technology,0.0,2.0,0.0,0.5833333333333333,0.0,0.02712431604822707,0,0,0,0,0,0,0.12921877782005453,0.19203208848811354,27.200465684775093,73.36107447443554,0,,4.308932612378159,1.0986122886681098,-3.2103203237100493,1.127417989648379,0.19357929150401704,0,0,0
VN,Viet Nam,T - IPC4+A61N,Medical Therapy Devices,T - 21,Instruments,Technology,0.0,2.0,0.0,0.24166666666666667,0.0,0.09663256790622532,0,0,0,0,0,0,0.13567237617135672,0.20507505266418832,12.797327694701416,36.75779153942361,0,,3.6311918527931426,1.0986122886681098,-2.532579564125033,2.033112965930411,0.1653741380275842,0,0,0
VN,Viet Nam,T - IPC4+A61P,Drug Therapy,T - 31,Biopharma,Technology,14.0,32.0,4.141001941444638,10.463564084570805,0.08566866692290022,0.1267568341426152,0,0,0,0,0,0,0.1120197560742045,0.17375542060691285,55.38420337035474,209.30980655484507,0,,5.348581712885574,3.4965075614664802,-1.8520741514190937,-0.25451006625095235,0.27631976942095515,0,0,0
VN,Viet Nam,T - IPC4+A61Q,Cosmetic Applications,T - 31,Biopharma,Technology,1.0,3.0,0.6666666666666666,0.5615384615384615,0.05261111793365096,0.09485040488083546,0,0,0,0,0,0,0.12380388332063996,0.19806712015008132,11.507483912746341,34.655466360663596,0,,3.573902469205794,1.3862943611198906,-2.187608108085904,1.0470248939214077,0.17953559004420325,0,0,0
VN,Viet Nam,T - IPC4+A62B,Life-Saving Equipment,T - 52,Consumer,Technology,0.0,0.0,0.0,0.0,0.0,0.0,0,0,0,0,0,0,0.12749031294334412,0.19994833592971364,2.596670741704663,6.795893998285563,0,,2.0535971846166983,0.0,-2.0535971846166983,1.6965238749535396,0.16575074419467953,0,0,0
VN,Viet Nam,T - IPC4+A62D,Fire-Fighting Chemicals,T - 41,Machines,Technology,0.0,0.0,0.0,0.0,0.0,0.0,0,0,0,0,0,0,0.1256651520173025,0.19264735036159733,0.94371421019386,1.5256790659873325,0,,0.9265099635949302,0.0,-0.9265099635949302,1.8082715979527086,0.12194390776832736,0,0,0
VN,Viet Nam,T - IPC4+A63B,Sports Equipment,T - 52,Consumer,Technology,1.0,2.0,0.025,0.1641025641025641,0.10929150278688657,0.2117899340561093,0,0,0,0,0,0,0.13736453600797063,0.20606115107567688,6.674551964847342,15.927924863526849,0,,2.8289646170747607,1.0986122886681098,-1.7303523284066509,1.729328835852078,0.18558197991682604,0,0,0
VN,Viet Nam,T - IPC4+A63C,Skating and Skiing,T - 52,Consumer,Technology,0.0,0.0,0.0,0.0,0.0,0.0,0,0,0,0,0,0,0.13267442419128808,0.19403964690848285,1.0602488543065771,1.6033032139844017,0,,0.9567811055843173,0.0,-0.9567811055843173,3.670241541612065,0.11234832961514356,0,0,0
VN,Viet Nam,T - IPC4+A63F,Games,T - 52,Consumer,Technology,2.0,2.0,0.2090909090909091,0.375,0.16464226140529545,0.12313595919886063,0,0,0,0,0,0,0.13564938461198137,0.19808120565152706,7.522526478273726,20.348365073582773,0,,3.0609751593926857,1.0986122886681098,-1.962362870724576,2.2346388435211124,0.14553398037345977,0,0,0
VN,Viet Nam,T - IPC4+A63H,Toys,T - 52,Consumer,Technology,1.0,1.0,0.09999999999999999,0.5,0.2370189194426536,0.2441888816080992,0,0,0,0,0,0,0.13541789639607657,0.20734520504160928,2.065060087904487,4.2598927198919725,0,,1.6601106310838285,0.6931471805599453,-0.9669634505238832,2.3624380575485624,0.1389663998048085,0,0,0
VN,Viet Nam,T - IPC4+B01D,Separation Processes,T - 33,Processing and environmental,Technology,4.0,5.0,0.4953472059855038,3.6113636363636354,0.08795260643776216,0.10756534495176776,0,0,0,0,0,0,0.13810500840301956,0.21262568627816592,30.41766666670701,75.99904600381176,0,,4.3437930322160465,1.791759469228055,-2.5520335629879916,1.0179001767169351,0.20545145664197362,0,0,0
VN,Viet Nam,T - IPC4+B01F,Mixing and Dissolving,T - 33,Processing and environmental,Technology,1.0,0.0,0.17391304347826086,0.0,0.10208768674164788,0.0,0,0,0,0,0,0,0.14377695816594355,0.20061898257996005,8.125977272051845,12.796172429363505,0,,2.624391193500657,0.0,-2.624391193500657,2.211126295030749,0.17973457741071566,0,0,0
VN,Viet Nam,T - IPC4+B01J,Chemical Processes and Catalysis,T - 33,Processing and environmental,Technology,10.0,8.0,4.05274902402562,3.392879424497072,0.16945358254540588,0.15024182458218274,0,0,0,0,0,0,0.13974224266069094,0.21103013988711744,31.72729192679749,62.2476822086671,0,,4.147058482013929,2.1972245773362196,-1.9498339046777091,0.7417241787644784,0.20609104473487955,0,0,0
VN,Viet Nam,T - IPC4+B01L,Laboratory Equipment,T - 33,Processing and environmental,Technology,2.0,1.0,0.07804743519029234,0.009009009009009009,0.17826063904187814,0.06488024859887798,0,0,0,0,0,0,0.13604785100960806,0.19829385780821399,7.185840848734623,20.912639762135754,0,,3.0870636284191746,0.6931471805599453,-2.393916447859229,1.9034118998992078,0.17980417203848476,0,0,0
VN,Viet Nam,T - IPC4+B02C,Crushing and Grinding,T - 33,Processing and environmental,Technology,1.0,0.0,0.0625,0.0,0.16422749096561343,0.0,0,0,0,0,0,0,0.14264812620707887,0.20688944547818308,4.204179105296398,6.729642156854229,0,,2.045062568753431,0.0,-2.045062568753431,1.6051105062454132,0.1773704140436074,0,0,0
VN,Viet Nam,T - IPC4+B03B,Liquid Separation,T - 33,Processing and environmental,Technology,0.0,0.0,0.0,0.0,0.0,0.0,0,0,0,0,0,0,0.13007836104312565,0.19430182697576243,0.8119448597134024,1.8055780027779675,0,,1.0316095793433084,0.0,-1.0316095793433084,3.075110218143865,0.13360570857430845,0,0,0
VN,Viet Nam,T - IPC4+B03C,Magnetic Separation,T - 33,Processing and environmental,Technology,0.0,0.0,0.0,0.0,0.0,0.0,0,0,0,0,0,0,0.13572338453617602,0.20057483779848775,1.901383137492569,3.95325032569762,0,,1.6000439925465562,0.0,-1.6000439925465562,2.376184613915012,0.1420723195172348,0,0,0
VN,Viet Nam,T - IPC4+B04B,Centrifuges,T - 33,Processing and environmental,Technology,0.0,0.0,0.0,0.0,0.0,0.0,0,0,0,0,0,0,0.13227646360400042,0.1771224626788426,1.131585260579003,1.4888518241919455,0,,0.9118214893481507,0.0,-0.9118214893481507,3.7199097253894697,0.09245408959012216,0,0,0
VN,Viet Nam,T - IPC4+B05B,Spraying and Atomizing,T - 33,Processing and environmental,Technology,4.0,2.0,2.5056935817805384,0.5,0.23248609433906275,0.15409750715555146,0,0,0,0,0,0,0.13604470572381402,0.20418622006400422,8.447724272046663,20.229523098335882,0,,3.0553928118894156,1.0986122886681098,-1.9567805232213058,1.9954788567087016,0.15072707297131577,0,0,0
VN,Viet Nam,T - IPC4+B05C,Fluid Application Equipment,T - 32,Materials,Technology,2.0,0.0,0.4420289855072464,0.0,0.19801674196391772,0.0,0,0,0,0,0,0,0.1330308610100883,0.18843107751541138,5.895380708178747,9.184318998765765,0,,2.320849184288274,0.0,-2.320849184288274,3.364136173763145,0.10488872172941328,0,0,0
VN,Viet Nam,T - IPC4+B05D,Surface Coating Processes,T - 32,Materials,Technology,5.0,0.0,0.4172494172494173,0.0,0.15385556626070163,0.0,0,0,0,0,0,0,0.14066117048395896,0.19203326588234487,21.628161265036837,14.946933423301271,0,,2.769266548884183,0.0,-2.769266548884183,1.8457307481475824,0.14764793353980452,0,0,0
VN,Viet Nam,T - IPC4+B06B,Mechanical Vibration,T - 33,Processing and environmental,Technology,0.0,0.0,0.0,0.0,0.0,0.0,0,0,0,0,0,0,0.13209476943069967,0.2021456665249414,1.6644752077196943,5.797820719255892,0,,1.916602078354213,0.0,-1.916602078354213,3.0347047233703535,0.13577134771632499,0,0,0
VN,Viet Nam,T - IPC4+B07B,Sieving and Screening,T - 33,Processing and environmental,Technology,0.0,0.0,0.0,0.0,0.0,0.0,0,0,0,0,0,0,0.1365311158100329,0.1991536426647362,1.3328879626250167,2.968677709140132,0,,1.37843296847316,0.0,-1.37843296847316,3.099691040953925,0.13814905887924162,0,0,0
VN,Viet Nam,T - IPC4+B07C,Sorting and Postal Processing,T - 33,Processing and environmental,Technology,0.0,0.0,0.0,0.0,0.0,0.0,0,0,0,0,0,0,0.12685036767475436,0.19861719054474908,1.17979462462388,4.189499800166953,0,,1.646637314916019,0.0,-1.646637314916019,2.284791212314589,0.1442438321412747,0,0,0
VN,Viet Nam,T - IPC4+B08B,Cleaning Equipment,T - 33,Processing and environmental,Technology,0.0,4.0,0.0,1.2833333333333332,0.0,0.15259029194497692,0,0,0,0,0,0,0.13194347794675576,0.19968322381781947,6.740886440527097,19.80985854299474,0,,3.0354268428329316,1.6094379124341003,-1.4259889303988313,2.7587820942396952,0.14155363395098153,0,0,0
VN,Viet Nam,T - IPC4+B09B,Waste Disposal,T - 33,Processing and environmental,Technology,2.0,0.0,0.1625,0.0,0.30692171949097063,0.0,0,0,0,0,0,0,0.14251681631478655,0.21575790950680157,2.733317296935839,7.907041343042192,0,,2.1868421260738757,0.0,-2.1868421260738757,1.6122055396545276,0.1920102728568675,0,0,0
VN,Viet Nam,T - IPC4+B21B,Metal Rolling,T - 41,Machines,Technology,0.0,0.0,0.0,0.0,0.0,0.0,0,0,0,0,0,0,0.126094191187105,0.16697975926774392,2.648064541827372,4.403861568255789,0,,1.6871138032368658,0.0,-1.6871138032368658,2.9803236039206515,0.08803121948547306,0,0,0
VN,Viet Nam,T - IPC4+B21C,Metal Sheet and Wire Manufacturing,T - 41,Machines,Technology,0.0,0.0,0.0,0.0,0.0,0.0,0,0,0,0,0,0,0.1296824950993225,0.19286721798054005,1.943927956765398,4.139131712738321,0,,1.6368841377144026,0.0,-1.6368841377144026,3.6310388033932903,0.11935605694032576,0,0,0
VN,Viet Nam,T - IPC4+B21D,Sheet Metal Working,T - 41,Machines,Technology,0.0,0.0,0.0,0.0,0.0,0.0,0,0,0,0,0,0,0.13826245379735833,0.19877470940584746,8.131483641373478,11.804104421637188,0,,2.549765777466207,0.0,-2.549765777466207,3.27106996991463,0.12722309255272468,0,0,0
VN,Viet Nam,T - IPC4+B21F,Wire Working,T - 41,Machines,Technology,0.0,0.0,0.0,0.0,0.0,0.0,0,0,0,0,0,0,0.11831181125656234,0.18308111504391292,0.5711620097401642,1.438492455872507,0,,0.8913800024057545,0.0,-0.8913800024057545,3.9616828656296774,0.09357075726513292,0,0,0
VN,Viet Nam,T - IPC4+B21J,Forging and Hammering,T - 41,Machines,Technology,0.0,0.0,0.0,0.0,0.0,0.0,0,0,0,0,0,0,0.1267506089643845,0.1812560851669534,1.4885952866896317,1.927555968517427,0,,1.0741679345025195,0.0,-1.0741679345025195,4.67181058205744,0.0803852958180622,0,0,0
VN,Viet Nam,T - IPC4+B21K,Forged Metal Products,T - 41,Machines,Technology,0.0,0.0,0.0,0.0,0.0,0.0,0,0,0,0,0,0,0.12780478054333808,0.1780837882226583,1.4832423734811835,0.9780559507067881,0,,0.6821145193054132,0.0,-0.6821145193054132,4.146379300182719,0.07624574645840212,0,0,0
VN,Viet Nam,T - IPC4+B22C,Foundry Molding,T - 32,Materials,Technology,0.0,0.0,0.0,0.0,0.0,0.0,0,0,0,0,0,0,0.13039761033929195,0.19338768816587426,1.3110094481384311,2.0358046616470085,0,,1.1104765167674533,0.0,-1.1104765167674533,3.5462963190703016,0.10211161611914418,0,0,0
VN,Viet Nam,T - IPC4+B22D,Metal Casting,T - 32,Materials,Technology,0.0,0.0,0.0,0.0,0.0,0.0,0,0,0,0,0,0,0.13172672808217656,0.1908670458546288,3.917535797589334,7.04874150106761,0,,2.0855157439377354,0.0,-2.0855157439377354,2.524079796450973,0.11669784607591871,0,0,0
VN,Viet Nam,T - IPC4+B22F,Powder Metallurgy,T - 32,Materials,Technology,3.0,3.0,0.27540204678362573,0.46875,0.24971210378407396,0.20247295750404334,0,0,0,0,0,0,0.13397783769167426,0.19600669679692806,5.794787511817492,18.92246467294548,0,,2.991847973064225,1.3862943611198906,-1.6055536119443345,2.7335160964229055,0.15196950839756473,0,0,0
VN,Viet Nam,T - IPC4+B23B,Turning and Boring,T - 41,Machines,Technology,2.0,1.0,0.375,0.30000000000000004,0.20906271885197233,0.1374213693891446,0,0,0,0,0,0,0.12824898881756464,0.18974412091310583,4.68496587308411,8.401625404905944,0,,2.240882589743337,0.6931471805599453,-1.5477354091833915,3.2582315855303245,0.12039315361858977,0,0,0
VN,Viet Nam,T - IPC4+B23C,Milling,T - 41,Machines,Technology,0.0,1.0,0.0,0.8999999999999999,0.0,0.2723906717689992,0,0,0,0,0,0,0.11998476709738784,0.1974337585066105,1.6471732477888854,3.1896808252769695,0,,1.4326245556809982,0.6931471805599453,-0.7394773751210529,3.270932380406102,0.12483479936913222,0,0,0
VN,Viet Nam,T - IPC4+B23D,Cutting and Shearing,T - 41,Machines,Technology,0.0,0.0,0.0,0.0,0.0,0.0,0,0,0,0,0,0,0.12863594957020627,0.19776283325392982,2.5159552320466347,4.633505767046896,0,,1.7287319423274077,0.0,-1.7287319423274077,3.611047847237765,0.12734615736367594,0,0,0
VN,Viet Nam,T - IPC4+B23H,Electrical Discharge Machining,T - 41,Machines,Technology,0.0,0.0,0.0,0.0,0.0,0.0,0,0,0,0,0,0,0.11991842336766206,0.17238589165094245,0.6681740628978589,0.9801897393118923,0,,0.6831926680505398,0.0,-0.6831926680505398,4.625312410647326,0.07005542223759197,0,0,0
VN,Viet Nam,T - IPC4+B23K,Welding and Soldering,T - 41,Machines,Technology,2.0,7.0,1.5366847826086956,1.633910533910534,0.11456756533512694,0.2233492724572749,0,0,0,0,0,0,0.13306342827610046,0.2011011208480413,12.896956202765946,35.47141135105208,0,,3.596528703031279,2.0794415416798357,-1.5170871613514434,2.774547556540466,0.13526248501165505,0,0,0
VN,Viet Nam,T - IPC4+B23P,General Metalworking,T - 41,Machines,Technology,2.0,1.0,0.35714285714285704,0.05555555555555555,0.09571587453548655,0.1280766518728414,0,0,0,0,0,0,0.1279955566004805,0.20072505304735205,13.809376296121812,10.081818091359464,0,,2.4053057555260504,0.6931471805599453,-1.712158574966105,2.1174259609062602,0.14380990948711117,0,0,0
VN,Viet Nam,T - IPC4+B23Q,Machine Tools,T - 41,Machines,Technology,0.0,0.0,0.0,0.0,0.0,0.0,0,0,0,0,0,0,0.12856147291714212,0.19177568286730176,5.382912863655122,14.093798395530664,0,,2.7142839571768596,0.0,-2.7142839571768596,3.391010938554386,0.11680679369133803,0,0,0
VN,Viet Nam,T - IPC4+B24B,Grinding and Polishing,T - 41,Machines,Technology,0.0,7.0,0.0,2.196825396825397,0.0,0.3631235309347085,0,0,0,0,0,0,0.13183455023140161,0.1907026021855915,5.666104669203823,13.614550570659373,0,,2.682017646852568,2.0794415416798357,-0.6025761051727323,2.549101038058665,0.12360149000214327,0,0,0
VN,Viet Nam,T - IPC4+B24C,Abrasive Blasting,T - 41,Machines,Technology,0.0,0.0,0.0,0.0,0.0,0.0,0,0,0,0,0,0,0.12275548445232567,0.19036251979428792,0.7332444857530623,1.472391853279512,0,,0.9051860437318316,0.0,-0.9051860437318316,3.444430072567227,0.10193783453803797,0,0,0
VN,Viet Nam,T - IPC4+B24D,Grinding Tools,T - 41,Machines,Technology,0.0,0.0,0.0,0.0,0.0,0.0,0,0,0,0,0,0,0.13049772921565828,0.18732654557154743,2.3375608251742857,2.8071066373681015,0,,1.336869487874389,0.0,-1.336869487874389,3.335248034051715,0.11602317699439281,0,0,0
VN,Viet Nam,T - IPC4+B25B,Hand Tools and Fastening,T - 41,Machines,Technology,1.0,0.0,0.3333333333333333,0.0,0.1680613856616658,0.0,0,0,0,0,0,0,0.13426530581569,0.20279690438327808,3.6627738327947768,9.22129301431341,0,,2.324473094807407,0.0,-2.324473094807407,2.4882322184819277,0.14116046946106542,0,0,0
VN,Viet Nam,T - IPC4+B25C,Nailing and Stapling Tools,T - 41,Machines,Technology,0.0,0.0,0.0,0.0,0.0,0.0,0,0,0,0,0,0,0.10304085022476703,0.15327203413644266,0.36986149962093595,0.6411247964051082,0,,0.4953818582140038,0.0,-0.4953818582140038,3.8988355925952143,0.06958030661541854,0,0,0
VN,Viet Nam,T - IPC4+B25D,Percussive Tools,T - 41,Machines,Technology,1.0,0.0,0.3333333333333333,0.0,0.35483493628474644,0.0,0,0,0,0,0,0,0.1286145077669739,0.1760524813909379,1.0076664469299934,1.3346247452906232,0,,0.8478511695508617,0.0,-0.8478511695508617,4.163423842824656,0.08141207360158563,0,0,0
VN,Viet Nam,T - IPC4+B25F,Multi-Purpose Tools,T - 41,Machines,Technology,0.0,1.0,0.0,0.75,0.0,0.18682434548191254,0,0,0,0,0,0,0.12590584292576049,0.18291362883548734,2.14653431950963,5.669414453987768,0,,1.8975320680661087,0.6931471805599453,-1.2043848875061633,3.7397166217397837,0.08655546678362007,0,0,0
VN,Viet Nam,T - IPC4+B25G,Tool Handles,T - 41,Machines,Technology,0.0,0.0,0.0,0.0,0.0,0.0,0,0,0,0,0,0,0.12866834512188566,0.1858718967611895,0.737648849519756,1.1855945767817062,0,,0.781887909050528,0.0,-0.781887909050528,3.9421447884629397,0.0787921422662293,0,0,0
VN,Viet Nam,T - IPC4+B25H,Workshop Equipment,T - 41,Machines,Technology,0.0,0.0,0.0,0.0,0.0,0.0,0,0,0,0,0,0,0.13038408527478892,0.1928718661625278,0.8012899029463375,2.091098106956312,0,,1.1285264021986396,0.0,-1.1285264021986396,3.871735356451061,0.10415149042199043,0,0,0
VN,Viet Nam,T - IPC4+B25J,Manipulators and Robots,T - 41,Machines,Technology,1.0,7.0,0.1,4.485930735930736,0.13176552037513772,0.16370359015744607,0,0,0,0,0,0,0.1351262800093797,0.20233348669953582,5.538545900784362,40.117998501809225,0,,3.7164459453953684,2.0794415416798357,-1.6370044037155327,2.5383585777689763,0.1511514954816971,0,0,0
VN,Viet Nam,T - IPC4+B26B,Hand Cutting Tools,T - 41,Machines,Technology,0.0,1.0,0.0,0.375,0.0,0.2527338766837196,0,0,0,0,0,0,0.12431694941579638,0.1910576040790163,1.4851461285060974,3.5624314907204613,0,,1.517855703063371,0.6931471805599453,-0.8247085225034257,2.9066639325064036,0.10830277154842745,0,0,0
VN,Viet Nam,T - IPC4+B26D,Cutting Machines,T - 41,Machines,Technology,0.0,1.0,0.0,0.375,0.0,0.17960319119972246,0,0,0,0,0,0,0.13730809846124598,0.19014619870445182,4.030342015625117,5.562500877498527,0,,1.8813717616317944,0.6931471805599453,-1.1882245810718493,3.229807180725697,0.13105013666605667,0,0,0
VN,Viet Nam,T - IPC4+B26F,Perforating and Punching,T - 41,Machines,Technology,1.0,0.0,0.1,0.0,0.29896200030435643,0.0,0,0,0,0,0,0,0.12979091527823688,0.19468396529761767,1.4129537707272504,2.604671905159475,0,,1.282230755543692,0.0,-1.282230755543692,3.3318861897890764,0.12211097265382392,0,0,0
VN,Viet Nam,T - IPC4+B27B,Wood Saws,T - 41,Machines,Technology,0.0,0.0,0.0,0.0,0.0,0.0,0,0,0,0,0,0,0.1219398907191858,0.18613396918509303,0.9288813163971817,1.6726215341874118,0,,0.9830598387249438,0.0,-0.9830598387249438,3.6189126208108613,0.10368179473023936,0,0,0
VN,Viet Nam,T - IPC4+B27N,Particle Board Manufacturing,T - 41,Machines,Technology,0.0,0.0,0.0,0.0,0.0,0.0,0,0,0,0,0,0,0.13604473715599638,0.19036504781177588,1.1398179814996672,2.1188382691632777,0,,1.1374605828549011,0.0,-1.1374605828549011,2.689232122896424,0.12144325095628865,0,0,0
VN,Viet Nam,T - IPC4+B28B,Ceramic and Cement Shaping,T - 34,Chemicals,Technology,1.0,0.0,0.5,0.0,0.17553520296279757,0.0,0,0,0,0,0,0,0.1335107084180614,0.20153500817676365,3.2463850015841316,6.947138903830359,0,,2.072811977580974,0.0,-2.072811977580974,3.4111028551579925,0.13506281484122207,0,0,0
VN,Viet Nam,T - IPC4+B28D,Stone Working,T - 34,Chemicals,Technology,0.0,0.0,0.0,0.0,0.0,0.0,0,0,0,0,0,0,0.12581210763514222,0.18596975803235877,1.5717516041668818,3.1415266601248315,0,,1.4210644783467823,0.0,-1.4210644783467823,2.110084828850311,0.11276829321094706,0,0,0
VN,Viet Nam,T - IPC4+B29B,Plastic Material Preparation,T - 34,Chemicals,Technology,1.0,2.0,0.021739130434782608,0.18661257606490872,0.13901822101377873,0.23595683741224938,0,0,0,0,0,0,0.13958964020125858,0.20651076816946987,5.334195087778942,13.326379102238402,0,,2.66210253037448,1.0986122886681098,-1.56349024170637,1.9843979176472568,0.1515009512583408,0,0,0
VN,Viet Nam,T - IPC4+B29C,Plastic Shaping,T - 34,Chemicals,Technology,6.0,6.0,0.648208713483313,2.935413741093254,0.12146724949041604,0.11609805054645864,0,0,0,0,0,0,0.1380592947921887,0.20348314334294973,34.99574661864948,74.08669424068236,0,,4.318643369180562,1.9459101490553132,-2.372733220125249,1.4802358918890848,0.19600670766472794,0,0,0
VN,Viet Nam,T - IPC4+B29D,Specific Plastic Articles,T - 34,Chemicals,Technology,2.0,5.0,0.3373819163292847,0.9652716628111284,0.15080371537203055,0.22737114679330914,0,0,0,0,0,0,0.14253574346220724,0.2012894613517527,10.148491815159627,15.469693765312385,0,,2.8015219505323157,1.791759469228055,-1.0097624813042607,2.2653974879944543,0.14475276218903174,0,0,0
VN,Viet Nam,T - IPC4+B29K,Plastic Materials Index,T - 34,Chemicals,Technology,3.0,2.0,0.2378389154704944,0.11140583554376657,0.21852895574694453,0.11518022781136819,0,0,0,0,0,0,0.13619661949930745,0.19794765439757417,7.377672675387183,14.99428228071718,0,,2.7722313009172135,1.0986122886681098,-1.6736190122491037,1.8641592121494113,0.15649359186625897,0,0,0
VN,Viet Nam,T - IPC4+B29L,Plastic Articles Index,T - 34,Chemicals,Technology,3.0,3.0,0.3249601275917065,0.19059135590575754,0.20333252527156567,0.1586571729767477,0,0,0,0,0,0,0.13547258291139405,0.201062775804799,8.611663701771825,16.99071566314333,0,,2.8898558283353575,1.3862943611198906,-1.503561467215467,2.2794115178740597,0.16442438198528564,0,0,0
VN,Viet Nam,T - IPC4+B30B,Presses,T - 41,Machines,Technology,0.0,0.0,0.0,0.0,0.0,0.0,0,0,0,0,0,0,0.13706599806559663,0.1926573135498499,2.315338723202139,4.060300943681076,0,,1.6214259565665903,0.0,-1.6214259565665903,3.9003503157087054,0.10864512849239927,0,0,0
VN,Viet Nam,T - IPC4+B31B,Paper Container Manufacturing,T - 41,Machines,Technology,0.0,0.0,0.0,0.0,0.0,0.0,0,0,0,0,0,0,0.12888640108403898,0.19014700583000985,2.1049100524733513,3.3101463676911567,0,,1.460971863560178,0.0,-1.460971863560178,4.052989774147691,0.09453612607022113,0,0,0
VN,Viet Nam,T - IPC4+B31F,Paper Working,T - 41,Machines,Technology,0.0,1.0,0.0,0.14285714285714285,0.0,0.3886383729290519,0,0,0,0,0,0,0.12671451535016026,0.18238590930076068,0.979035017997578,1.5184352805353099,0,,0.9236377882499162,0.6931471805599453,-0.23049060768997087,4.201415955733678,0.08747960426762129,0,0,0
VN,Viet Nam,T - IPC4+B32B,Layered Products,T - 32,Materials,Technology,15.0,7.0,2.575151273846926,1.9488178488178491,0.18624030481794684,0.13244163840793044,0,0,0,0,0,0,0.13013330454250197,0.19330752841771331,39.78583852529486,69.32752901469779,0,,4.253163315545134,2.0794415416798357,-2.173721773865298,0.9740062209162237,0.17037983489570357,0,0,0
VN,Viet Nam,T - IPC4+B33Y,3D Printing,T - 34,Chemicals,Technology,0.0,1.0,0.0,0.08333333333333333,0.0,0.06965702881657218,0,0,0,0,0,0,0.11928329541115994,0.1938393858163223,0.7048688396976442,26.635247338484433,0,,3.3190920354345868,0.6931471805599453,-2.6259448548746414,2.0378324536813697,0.16853047252117898,0,0,0
VN,Viet Nam,T - IPC4+B41C,Printing Surface Manufacturing,T - 41,Machines,Technology,2.0,0.0,0.35467980295566515,0.0,0.4810300059741561,0.0,0,0,0,0,0,0,0.12193797000723185,0.16691081671761898,0.7446239505714204,0.6961369758324035,0,,0.5283532981605956,0.0,-0.5283532981605956,4.869458182187203,0.051535644488447496,0,0,0
VN,Viet Nam,T - IPC4+B41F,Printing Machines,T - 41,Machines,Technology,1.0,0.0,0.16666666666666666,0.0,0.18549595767454216,0.0,0,0,0,0,0,0,0.13172047124855016,0.1921339197156206,3.0959772307543805,3.9724074256604163,0,,1.6039041143098243,0.0,-1.6039041143098243,3.619601750072832,0.10544680748159518,0,0,0
VN,Viet Nam,T - IPC4+B41J,Typewriters and Selective Printing,T - 41,Machines,Technology,1.0,3.0,1.4999999999999996,5.166666666666668,0.06002217567496065,0.10448716285318868,0,0,0,0,0,0,0.11831863963614231,0.17477216550701039,10.106872125583383,21.41052340180451,0,,3.109530643265419,1.3862943611198906,-1.7232362821455285,3.7132334975151977,0.07073072761996549,1,1,0
VN,Viet Nam,T - IPC4+B41M,Printing Processes,T - 41,Machines,Technology,2.0,0.0,0.059482758620689656,0.0,0.1848962209605904,0.0,0,0,0,0,0,0,0.12846098375509454,0.18979399264789418,4.805308929595856,9.135225649591444,0,,2.3160170440459966,0.0,-2.3160170440459966,3.547515694211761,0.10912946567495917,0,0,0
VN,Viet Nam,T - IPC4+B41N,Printing Plates,T - 41,Machines,Technology,1.0,0.0,0.034482758620689655,0.0,0.3518683000762556,0.0,0,0,0,0,0,0,0.1230289097050642,0.17140614914357347,0.8052092808011748,0.748414479636303,0,,0.5587093656224111,0.0,-0.5587093656224111,4.083834958622801,0.061183791449580124,0,0,0
VN,Viet Nam,T - IPC4+B42D,Books and Printed Matter,T - 52,Consumer,Technology,0.0,0.0,0.0,0.0,0.0,0.0,0,0,0,0,0,0,0.1354932667422046,0.19473196525498437,3.3034737604603963,4.292001223842848,0,,1.6661964775155034,0.0,-1.6661964775155034,3.068843166057177,0.13060277327234449,0,0,0
VN,Viet Nam,T - IPC4+B43K,Writing Implements,T - 52,Consumer,Technology,0.0,0.0,0.0,0.0,0.0,0.0,0,0,0,0,0,0,0.11349790570977084,0.15896785418443485,0.5021472396871945,0.960902671356205,0,,0.6734049138336943,0.0,-0.6734049138336943,4.424956285608871,0.057404845236443305,0,0,0
VN,Viet Nam,T - IPC4+B44C,Decorative Effects,T - 52,Consumer,Technology,0.0,0.0,0.0,0.0,0.0,0.0,0,0,0,0,0,0,0.14219406869075144,0.1912893163268916,4.070762180932951,3.0118097516350417,0,,1.389242449143589,0.0,-1.389242449143589,4.06387807090082,0.1020470329835729,0,0,0
VN,Viet Nam,T - IPC4+B44F,Special Designs,T - 52,Consumer,Technology,0.0,0.0,0.0,0.0,0.0,0.0,0,0,0,0,0,0,0.12945410679100267,0.1865276439640408,1.1593731159169804,0.8669731353677236,0,,0.6243184752582688,0.0,-0.6243184752582688,4.415638789037377,0.09037337590214148,0,0,0
VN,Viet Nam,T - IPC4+B60B,Vehicle Wheels,T - 42,Engines and transport,Technology,0.0,0.0,0.0,0.0,0.0,0.0,0,0,0,0,0,0,0.13419221091513897,0.2011243202727149,2.5406479529423525,6.550977907027533,0,,2.021677078983017,0.0,-2.021677078983017,3.0685833418142154,0.13035726340731726,0,0,0
VN,Viet Nam,T - IPC4+B60C,Vehicle Tires,T - 42,Engines and transport,Technology,0.0,1.0,0.0,0.017241379310344827,0.0,0.10567620867013301,0,0,0,0,0,0,0.13616239892377743,0.19661721464893897,6.950786533353007,13.494576697359655,0,,2.673774558591529,0.6931471805599453,-1.9806273780315835,2.3320906186346617,0.10944158335604635,0,0,0
VN,Viet Nam,T - IPC4+B60D,Vehicle Connections,T - 42,Engines and transport,Technology,0.0,0.0,0.0,0.0,0.0,0.0,0,0,0,0,0,0,0.12556752766724966,0.1896488481153397,0.7613314943160987,2.2629253017087767,0,,1.1826241248296168,0.0,-1.1826241248296168,3.7783575774715854,0.10140306413847529,0,0,0
VN,Viet Nam,T - IPC4+B60G,Vehicle Suspension,T - 42,Engines and transport,Technology,0.0,0.0,0.0,0.0,0.0,0.0,0,0,0,0,0,0,0.13441110926431518,0.20303469554360334,3.3196587648478033,7.319192384576,0,,2.1185651809600627,0.0,-2.1185651809600627,2.815320546221683,0.13665833015435647,0,0,0
VN,Viet Nam,T - IPC4+B60H,Vehicle Climate Control,T - 42,Engines and transport,Technology,0.0,0.0,0.0,0.0,0.0,0.0,0,0,0,0,0,0,0.12854402915240984,0.19370427218169087,3.5342637683033047,11.975008094465476,0,,2.5630250529026615,0.0,-2.5630250529026615,2.578191220924798,0.11954089945161483,0,0,0
VN,Viet Nam,T - IPC4+B60J,Vehicle Windows and Doors,T - 42,Engines and transport,Technology,0.0,1.0,0.0,0.25,0.0,0.12004149185135628,0,0,0,0,0,0,0.1345773238858827,0.19219137260042243,4.281774394011764,11.668770971323449,0,,2.539139986575339,0.6931471805599453,-1.8459928060153934,2.9033025956543743,0.10557287499947643,0,0,0
VN,Viet Nam,T - IPC4+B60K,Vehicle Propulsion Systems,T - 42,Engines and transport,Technology,0.0,1.0,0.0,0.2,0.0,0.039602109625696505,0,0,0,0,0,0,0.13592894272814665,0.19048986676092652,16.658398452030834,39.48717817386998,0,,3.7009853356883315,0.6931471805599453,-3.007838155128386,2.6788691647670824,0.12796846860750993,0,0,0
VN,Viet Nam,T - IPC4+B60L,Electric Vehicle Systems,T - 42,Engines and transport,Technology,0.0,0.0,0.0,0.0,0.0,0.0,0,0,0,0,0,0,0.13162875879815344,0.1949530302026525,13.596310821914866,50.412735348467976,0,,3.9398859111967917,0.0,-3.9398859111967917,3.1957563822924056,0.1363042883921874,0,0,0
VN,Viet Nam,T - IPC4+B60N,Vehicle Seating,T - 42,Engines and transport,Technology,0.0,0.0,0.0,0.0,0.0,0.0,0,0,0,0,0,0,0.13583696438012535,0.19058203856094544,5.795366902816121,13.617867013565823,0,,2.6822445485729696,0.0,-2.6822445485729696,3.1644159762234074,0.111790486625759,0,0,0
VN,Viet Nam,T - IPC4+B60P,Cargo Vehicles,T - 42,Engines and transport,Technology,0.0,0.0,0.0,0.0,0.0,0.0,0,0,0,0,0,0,0.13983684174031075,0.1984202274143317,3.073115968679777,7.839195534339355,0,,2.1791958696057487,0.0,-2.1791958696057487,2.496458838377189,0.1391319147318383,0,0,0
VN,Viet Nam,T - IPC4+B60Q,Vehicle Lighting,T - 42,Engines and transport,Technology,0.0,1.0,0.0,0.25,0.0,0.10050542927768741,0,0,0,0,0,0,0.13212674326503404,0.1952028714120878,4.558448730034568,14.902646355520801,0,,2.766485532831148,0.6931471805599453,-2.0733383522712026,3.2594702641629816,0.10375376301802282,0,0,0
VN,Viet Nam,T - IPC4+B60R,Vehicle Accessories,T - 42,Engines and transport,Technology,2.0,2.0,0.18803418803418803,0.25555555555555554,0.08595813903484668,0.04333251678545676,0,0,0,0,0,0,0.13555182947439776,0.19469558011339086,20.756581251834834,55.16211329031657,0,,4.0282423888229015,1.0986122886681098,-2.9296301001547915,2.90347295638592,0.13085842601311992,0,0,0
VN,Viet Nam,T - IPC4+B60S,Vehicle Servicing,T - 42,Engines and transport,Technology,0.0,0.0,0.0,0.0,0.0,0.0,0,0,0,0,0,0,0.13668171097150886,0.1967597588612979,3.3024326717994725,8.170725177498017,0,,2.2160163646571913,0.0,-2.2160163646571913,3.0692787282046017,0.11807093118113941,0,0,0
VN,Viet Nam,T - IPC4+B60T,Vehicle Braking,T - 42,Engines and transport,Technology,0.0,0.0,0.0,0.0,0.0,0.0,0,0,0,0,0,0,0.12584575220781788,0.19005073934706787,5.231230064052417,15.261558150415262,0,,2.7888039267373417,0.0,-2.7888039267373417,2.9581001198575225,0.11461099711336821,0,0,0
VN,Viet Nam,T - IPC4+B60W,Vehicle Control Systems,T - 42,Engines and transport,Technology,0.0,1.0,0.0,0.6000000000000001,0.0,0.04692237247512303,0,0,0,0,0,0,0.12222107682253198,0.18302187620535657,8.535445217608636,45.17202296403701,0,,3.83237405111105,0.6931471805599453,-3.1392268705511044,2.9483941660908695,0.12076871911171701,0,0,0
VN,Viet Nam,T - IPC4+B61B,Railway Systems,T - 42,Engines and transport,Technology,0.0,0.0,0.0,0.0,0.0,0.0,0,0,0,0,0,0,0.12927960242188707,0.19429444399509666,0.6349523734491215,2.57205971817818,0,,1.2731423812894453,0.0,-1.2731423812894453,3.4914295830732494,0.10992879454915067,0,0,0
VN,Viet Nam,T - IPC4+B61C,Locomotives,T - 42,Engines and transport,Technology,0.0,0.0,0.0,0.0,0.0,0.0,0,0,0,0,0,0,0.12146094884636592,0.1800201123877309,0.6234025677145828,1.6948694983755082,0,,0.9913497795801539,0.0,-0.9913497795801539,3.729028853881527,0.08907291279810345,0,0,0
VN,Viet Nam,T - IPC4+B61D,Railway Car Bodies,T - 42,Engines and transport,Technology,0.0,0.0,0.0,0.0,0.0,0.0,0,0,0,0,0,0,0.13229185727027779,0.1873172661435996,1.5554979190799623,3.856253415905465,0,,1.5802672385375298,0.0,-1.5802672385375298,3.3298809685826987,0.10464009224907514,0,0,0
VN,Viet Nam,T - IPC4+B61F,Railway Suspension,T - 42,Engines and transport,Technology,0.0,0.0,0.0,0.0,0.0,0.0,0,0,0,0,0,0,0.12740515637621058,0.18215749755301108,0.7674361576085359,1.7563144540527338,0,,1.0138944446299356,0.0,-1.0138944446299356,4.029480861891083,0.07808211406917605,0,0,0
VN,Viet Nam,T - IPC4+B61L,Railway Traffic Control,T - 42,Engines and transport,Technology,0.0,0.0,0.0,0.0,0.0,0.0,0,0,0,0,0,0,0.13095804846791625,0.19101981282415717,1.3148471526059222,5.1913050878648095,0,,1.8231459025774448,0.0,-1.8231459025774448,3.9991781187149518,0.0976036984061094,0,0,0
VN,Viet Nam,T - IPC4+B62B,Hand-Propelled Vehicles,T - 42,Engines and transport,Technology,0.0,0.0,0.0,0.0,0.0,0.0,0,0,0,0,0,0,0.13184101292214848,0.19268403441572574,1.7000213133718591,5.042127179496763,0,,1.798756131981075,0.0,-1.798756131981075,4.1086741612608995,0.10821461386154971,0,0,0
VN,Viet Nam,T - IPC4+B62D,Motor Vehicles,T - 42,Engines and transport,Technology,0.0,1.0,0.0,1.0,0.0,0.04590776454269054,0,0,0,0,0,0,0.1287156997403481,0.19773306362346887,11.282250559374459,35.14798555034039,0,,3.587621222303555,0.6931471805599453,-2.8944740417436097,2.7106005754766413,0.15338991988040285,0,0,0
VN,Viet Nam,T - IPC4+B62J,Bicycle Accessories,T - 42,Engines and transport,Technology,0.0,3.0,0.0,1.9893048128342246,0.0,0.24837800564564888,0,0,0,0,0,0,0.13140361162609202,0.19889116048200353,2.161506930206122,8.130932606841304,0,,2.2116678369083895,1.3862943611198906,-0.825373475788499,3.310622784656093,0.12200163612781283,0,0,0
VN,Viet Nam,T - IPC4+B62K,Bicycle Frames,T - 42,Engines and transport,Technology,0.0,1.0,0.0,0.35294117647058826,0.0,0.18077178693620302,0,0,0,0,0,0,0.131316994871677,0.19584134584866641,2.5364890698159597,5.985449926925824,0,,1.9438294039381028,0.6931471805599453,-1.2506822233781576,3.339026186175741,0.12881687620382126,0,0,0
VN,Viet Nam,T - IPC4+B62M,Vehicle Propulsion,T - 42,Engines and transport,Technology,0.0,1.0,0.0,0.08823529411764705,0.0,0.19253190902910952,0,0,0,0,0,0,0.12871198736677683,0.20056541391625524,1.9346027867069044,6.4385951769893826,0,,2.0066820107190777,0.6931471805599453,-1.3135348301591323,3.1575089941139405,0.12114832396513364,0,0,0
VN,Viet Nam,T - IPC4+B63B,Ships and Watercraft,T - 42,Engines and transport,Technology,0.0,0.0,0.0,0.0,0.0,0.0,0,0,0,0,0,0,0.1378705668738512,0.20591989255501128,4.8124810996792,14.134737450066073,0,,2.716992595119126,0.0,-2.716992595119126,2.7506104263673095,0.16712864565589663,0,0,0
VN,Viet Nam,T - IPC4+B63C,Marine Safety and Underwater,T - 42,Engines and transport,Technology,0.0,0.0,0.0,0.0,0.0,0.0,0,0,0,0,0,0,0.1350548978297503,0.19780009078401062,1.1222220857642764,2.0740391785423755,0,,1.122992390169335,0.0,-1.122992390169335,2.283687139209076,0.15017832346086946,0,0,0
VN,Viet Nam,T - IPC4+B63H,Marine Propulsion,T - 42,Engines and transport,Technology,0.0,0.0,0.0,0.0,0.0,0.0,0,0,0,0,0,0,0.1327884512416663,0.1934286835177696,2.1141761148050926,5.403771496464092,0,,1.8568871131212477,0.0,-1.8568871131212477,3.2164926774166105,0.13392322197293235,0,0,0
VN,Viet Nam,T - IPC4+B64C,Airplanes and Helicopters,T - 42,Engines and transport,Technology,1.0,4.0,0.003484320557491289,1.5358974358974358,0.12441070666651008,0.1863974119228971,0,0,0,0,0,0,0.133206091476335,0.2014823284854883,5.839775101371057,19.006346323377464,0,,2.996049539388736,1.6094379124341003,-1.3866116269546358,2.7819729065190657,0.14590290435772085,0,0,0
VN,Viet Nam,T - IPC4+B64D,Aircraft Equipment,T - 42,Engines and transport,Technology,0.0,1.0,0.0,0.06666666666666667,0.0,0.07069929907359547,0,0,0,0,0,0,0.12624376801033174,0.19489958353216094,5.072779104233216,18.818981964693165,0,,2.986640163540947,0.6931471805599453,-2.2934929829810016,2.3195098034345842,0.14220139215663508,0,0,0
VN,Viet Nam,T - IPC4+B64F,Aircraft Ground Support,T - 42,Engines and transport,Technology,0.0,0.0,0.0,0.0,0.0,0.0,0,0,0,0,0,0,0.12750407604036443,0.19479794537939188,1.4421021494355457,5.3104470517364515,0,,1.8422065221792403,0.0,-1.8422065221792403,2.9489401500996286,0.13587968273915624,0,0,0
VN,Viet Nam,T - IPC4+B64G,Spacecraft,T - 42,Engines and transport,Technology,0.0,1.0,0.0,0.037037037037037035,0.0,0.2592403918586943,0,0,0,0,0,0,0.10853663565185177,0.19853421971506116,0.42971279248329314,3.9981796634206592,0,,1.6090737788296374,0.6931471805599453,-0.9159265982696921,2.7467333263123153,0.12007219900923947,0,0,0
VN,Viet Nam,T - IPC4+B65B,Packaging Machines,T - 41,Machines,Technology,0.0,3.0,0.0,1.1249442586399105,0.0,0.18017822707235567,0,0,0,0,0,0,0.12392438440681627,0.20085554972571093,8.314497743066386,19.624463474342846,0,,3.026477918517196,1.3862943611198906,-1.6401835573973054,2.306425950482047,0.1568636025764294,0,0,0
VN,Viet Nam,T - IPC4+B65C,Labeling Machines,T - 41,Machines,Technology,0.0,0.0,0.0,0.0,0.0,0.0,0,0,0,0,0,0,0.13029844010028271,0.17512057420325092,1.0382494200709027,1.5869015090982816,0,,0.9504608310057425,0.0,-0.9504608310057425,4.780788448876723,0.06420961537078722,0,0,0
VN,Viet Nam,T - IPC4+B65D,Containers,T - 41,Machines,Technology,3.0,5.0,1.5434782608695652,1.6981844242713808,0.0763329193546966,0.1042395827565291,0,0,0,0,0,0,0.1377938827595196,0.2085780345465638,29.61439054610713,58.611908697415586,0,,4.087855364471195,1.791759469228055,-2.29609589524314,1.2781768309347519,0.20104489419433283,0,0,0
VN,Viet Nam,T - IPC4+B65F,Refuse Collection,T - 33,Processing and environmental,Technology,0.0,0.0,0.0,0.0,0.0,0.0,0,0,0,0,0,0,0.13659862972593692,0.19817007362180766,0.9289971738570026,2.7615116363855416,0,,1.3248209075626143,0.0,-1.3248209075626143,3.2134411545956967,0.12437323275919654,0,0,0
VN,Viet Nam,T - IPC4+B65G,Transport and Storage Systems,T - 41,Machines,Technology,2.0,2.0,0.5333333333333333,0.7,0.12249790955396432,0.08209636244584567,0,0,0,0,0,0,0.13831947527390187,0.2035709332847138,11.904161032974592,35.76501644246167,0,,3.604546752879465,1.0986122886681098,-2.5059344642113555,2.566370703206052,0.16097036933901354,0,0,0
VN,Viet Nam,T - IPC4+B65H,Material Handling,T - 41,Machines,Technology,0.0,1.0,0.0,0.6666666666666666,0.0,0.08400641687745837,0,0,0,0,0,0,0.13213413399076382,0.19777016771573216,9.203041164779304,18.723452768749866,0,,2.981808423541276,0.6931471805599453,-2.2886612429813304,3.267828883262434,0.12820406922605396,0,0,0
VN,Viet Nam,T - IPC4+B66B,Elevators and Escalators,T - 41,Machines,Technology,0.0,5.0,0.0,2.5,0.0,0.41428515932179866,0,0,0,0,0,0,0.12730432637046332,0.1977734801476665,2.6437036175583244,7.59429301810565,0,,2.1510983804319794,1.791759469228055,-0.35933891120392447,2.5505765618553347,0.11216278898659741,0,0,0
VN,Viet Nam,T - IPC4+B66C,Cranes,T - 41,Machines,Technology,0.0,0.0,0.0,0.0,0.0,0.0,0,0,0,0,0,0,0.1356141709239047,0.20262957396264755,3.1120511521772,8.037204414524577,0,,2.201349880396715,0.0,-2.201349880396715,2.862275327485228,0.1315799838699782,0,0,0
VN,Viet Nam,T - IPC4+B66D,Winches and Hoists,T - 41,Machines,Technology,0.0,0.0,0.0,0.0,0.0,0.0,0,0,0,0,0,0,0.1361354896757799,0.19087018718476223,1.1246892481418735,1.9294367819504943,0,,1.0748101799611864,0.0,-1.0748101799611864,3.847807919658069,0.10010028859697032,0,0,0
VN,Viet Nam,T - IPC4+B66F,Lifting Equipment,T - 41,Machines,Technology,1.0,0.0,0.1,0.0,0.23228484072820554,0.0,0,0,0,0,0,0,0.1345175699269417,0.19645719156842245,2.29446605514101,7.406573258827284,0,,2.1290139306444384,0.0,-2.1290139306444384,2.6990185148103185,0.12271074453133389,0,0,0
VN,Viet Nam,T - IPC4+B67B,Container Closure,T - 41,Machines,Technology,0.0,0.0,0.0,0.0,0.0,0.0,0,0,0,0,0,0,0.12860645743495286,0.18216326570112043,0.8407703724000835,1.0863025591495499,0,,0.7353933887979804,0.0,-0.7353933887979804,3.767543388329856,0.09102714483726293,0,0,0
VN,Viet Nam,T - IPC4+B67C,Container Filling,T - 41,Machines,Technology,0.0,0.0,0.0,0.0,0.0,0.0,0,0,0,0,0,0,0.12243425731179888,0.18252197875505155,0.9642164765757726,1.9865739534174096,0,,1.0941268954543408,0.0,-1.0941268954543408,3.2165537871173218,0.09220121632805102,0,0,0
VN,Viet Nam,T - IPC4+B67D,Liquid Dispensing,T - 41,Machines,Technology,0.0,0.0,0.0,0.0,0.0,0.0,0,0,0,0,0,0,0.1311414759017518,0.20060050627004847,4.133073325102152,6.412111314758822,0,,2.00311532649151,0.0,-2.00311532649151,2.6213611918642843,0.14699449113014573,0,0,0
VN,Viet Nam,T - IPC4+B68G,Leather Working and Upholstering,T - 52,Consumer,Technology,0.0,0.0,0.0,0.0,0.0,0.0,0,0,0,0,0,0,0.13014180629780886,0.174121858052488,0.4030825146969962,0.6751313616686406,0,,0.5158915870787603,0.0,-0.5158915870787603,2.9363839624232253,0.07173277520209756,0,0,0
VN,Viet Nam,T - IPC4+B81B,Microstructural Devices,T - 32,Materials,Technology,2.0,1.0,0.07702702702702702,0.009009009009009009,0.24790159290921243,0.1540603695876953,0,0,0,0,0,0,0.1346586619953535,0.1972095403240477,4.045900858225663,6.799450308052744,0,,2.0540532578856134,0.6931471805599453,-1.360906077325668,1.9615908307145382,0.14814692696217832,0,0,0
VN,Viet Nam,T - IPC4+B81C,Microstructure Manufacturing,T - 32,Materials,Technology,1.0,0.0,0.07500000000000001,0.0,0.19269864471977305,0.0,0,0,0,0,0,0,0.13249470081070855,0.19734021071434785,2.9910027900818275,4.49018458476343,0,,1.7029618769532144,0.0,-1.7029618769532144,2.4655604128893707,0.132216506394765,0,0,0
VN,Viet Nam,T - IPC4+B82B,Nanostructures,T - 32,Materials,Technology,3.0,0.0,0.24023199023199024,0.0,0.31477390227251384,0.0,0,0,0,0,0,0,0.14859525663901296,0.19261558185302305,4.417703400293659,1.514347029688477,0,,0.9220131394993564,0.0,-0.9220131394993564,1.8949604665891915,0.14269012077004972,0,0,0
VN,Viet Nam,T - IPC4+B82Y,Nanotechnology Applications,T - 32,Materials,Technology,10.0,4.0,1.405141838837491,0.20606060606060608,0.27329075155215715,0.19293267110352774,0,0,0,0,0,0,0.14414765618966607,0.20859400311445486,17.68976973540243,21.620645755152932,0,,3.118863018253651,1.6094379124341003,-1.509425105819551,1.088735267915709,0.19404050646777646,0,0,0
VN,Viet Nam,T - IPC4+C01B,Basic Inorganic Chemistry,T - 32,Materials,Technology,12.0,6.0,2.387818311956243,1.4468381291910701,0.2829826160629912,0.17109921077705625,0,0,0,0,0,0,0.14781391788771647,0.2074904708219949,21.030049514238723,39.32885329269118,0,,3.6970671753714814,1.9459101490553132,-1.7511570263161682,1.2010977103181721,0.19215375818059804,0,0,0
VN,Viet Nam,T - IPC4+C01D,Alkali Metal Compounds,T - 32,Materials,Technology,1.0,1.0,0.13333333333333333,0.045454545454545456,0.32528377280365095,0.2829602648756225,0,0,0,0,0,0,0.14138894041405825,0.1842456366289436,1.3302740598426561,2.6888060023242173,0,,1.305302829084327,0.6931471805599453,-0.6121556485243816,2.739731835109479,0.10397253521867321,0,0,0
VN,Viet Nam,T - IPC4+C01F,Alkaline Earth and Rare Earth Compounds,T - 32,Materials,Technology,1.0,0.0,0.027777777777777776,0.0,0.20235091136298805,0.0,0,0,0,0,0,0,0.13723616649593004,0.20562349077356473,2.9107965367399977,5.67513949531933,0,,1.89839010224313,0.0,-1.89839010224313,0.8466499175097577,0.16798328809950086,0,0,0
VN,Viet Nam,T - IPC4+C01G,Other Metal Compounds,T - 32,Materials,Technology,3.0,1.0,0.2811111111111111,0.03529411764705882,0.25824867702612553,0.15449482800600584,0,0,0,0,0,0,0.1416375654709125,0.1886504469594487,6.105275731372162,12.743984673548574,0,,2.6206012501036593,0.6931471805599453,-1.927454069543714,1.5482812365709646,0.13756478207407932,0,0,0
VN,Viet Nam,T - IPC4+C02F,Water Treatment,T - 33,Processing and environmental,Technology,2.0,4.0,0.1625,0.8666666666666667,0.11049001919378629,0.16275235482917783,0,0,0,0,0,0,0.14146443966896174,0.21036445969851025,11.883319718203879,27.123055106103088,0,,3.336589706350488,1.6094379124341003,-1.7271517939163876,1.3685423373844863,0.2099041574431873,0,0,0
VN,Viet Nam,T - IPC4+C03B,Glass Manufacturing,T - 34,Chemicals,Technology,3.0,8.0,0.875,1.3127344877344878,0.2735633738729233,0.4505716417497271,0,0,0,0,0,0,0.13657336166537276,0.2008432530702541,5.60217158590711,10.204446881968607,0,,2.416310742533233,2.1972245773362196,-0.2190861651970133,2.9317819446667914,0.12435403885319041,0,0,0
VN,Viet Nam,T - IPC4+C03C,Glass Composition and Treatment,T - 32,Materials,Technology,4.0,11.0,1.6249999999999998,2.8576118326118327,0.2298682919708648,0.37565233216797395,0,0,0,0,0,0,0.1364919573198622,0.20096612568225483,8.62589021426592,19.747163171244082,0,,3.03240952269157,2.4849066497880004,-0.5475028729035696,2.0112795420194347,0.13662244221180347,0,0,0
VN,Viet Nam,T - IPC4+C04B,Cement and Ceramics,T - 32,Materials,Technology,6.0,2.0,0.7317049808429118,0.6058823529411764,0.23268775421695478,0.10262508075884626,0,0,0,0,0,0,0.13946388172334667,0.21083990014411635,12.748917454485909,28.14704964270331,0,,3.372353694730843,1.0986122886681098,-2.273741406062733,1.1055948252226904,0.18627238054755935,0,0,0
VN,Viet Nam,T - IPC4+C05F,Organic Fertilizers,T - 34,Chemicals,Technology,0.0,0.0,0.0,0.0,0.0,0.0,0,0,0,0,0,0,0.14336603137158827,0.2095314029996157,1.300952208612391,3.7040194485011697,0,,1.5484173450480616,0.0,-1.5484173450480616,1.2645648793368083,0.19722525738139637,0,0,0
VN,Viet Nam,T - IPC4+C05G,Fertilizer Mixtures,T - 34,Chemicals,Technology,0.0,1.0,0.0,1.0,0.0,0.2903449241342899,0,0,0,0,0,0,0.13980097605331038,0.20863392689182936,1.0247684032715276,4.227679592411485,0,,1.6539675070459656,0.6931471805599453,-0.9608203264860203,0.7275378145723309,0.19249683388853336,0,0,0
VN,Viet Nam,T - IPC4+C06B,Explosives,T - 34,Chemicals,Technology,0.0,0.0,0.0,0.0,0.0,0.0,0,0,0,0,0,0,0.11879282066574239,0.17416155747055848,0.3351572907226913,0.5236796231669529,0,,0.4211282141458591,0.0,-0.4211282141458591,4.306750925710276,0.08512856987056773,0,0,0
VN,Viet Nam,T - IPC4+C07B,General Organic Chemistry,T - 31,Biopharma,Technology,0.0,1.0,0.0,0.05462184873949579,0.0,0.14713573181545092,0,0,0,0,0,0,0.13318696365700497,0.19900156799041824,9.084296664762936,7.761166799500749,0,,2.170329092368502,0.6931471805599453,-1.4771819118085565,1.337037415879014,0.16803893472587836,0,0,0
VN,Viet Nam,T - IPC4+C07C,Basic Organic Compounds,T - 31,Biopharma,Technology,13.0,9.0,3.46337729723928,2.5283625730994155,0.17916539230834297,0.17419097817550092,0,0,0,0,0,0,0.1334295127664864,0.20756188783393187,32.0418072329494,56.54668823585753,0,,4.052596587653812,2.302585092994046,-1.7500114946597662,0.29243841167414514,0.21342246086772076,0,0,0
VN,Viet Nam,T - IPC4+C07D,Heterocyclic Compounds,T - 31,Biopharma,Technology,11.0,25.0,3.0439887672930954,6.780811510675165,0.11068518411359453,0.2002469963449578,0,0,0,0,0,0,0.10758694194407895,0.1994950223031487,29.6354911651962,109.32168855362808,0,,4.7034005393290075,3.258096538021482,-1.4453040013075253,-0.2133032805191168,0.23642086622087152,0,0,0
VN,Viet Nam,T - IPC4+C07F,Organometallic Compounds,T - 31,Biopharma,Technology,2.0,3.0,0.34035909445745516,0.11601731601731602,0.097146146695569,0.14411151468041847,0,0,0,0,0,0,0.12866368500518313,0.19643928453130363,10.557293721467389,26.015558899871554,0,,3.296412955583656,1.3862943611198906,-1.9101185944637653,0.6068355281884795,0.20074862040798025,0,0,0
VN,Viet Nam,T - IPC4+C07H,Sugar Chemistry,T - 31,Biopharma,Technology,3.0,1.0,0.4920977011494253,0.23529411764705885,0.09437420929994872,0.09140135374508242,0,0,0,0,0,0,0.1399466789296426,0.20047112057176775,20.478999395034947,21.077333626817097,0,,3.0945514544618375,0.6931471805599453,-2.401404273901892,1.103551060359737,0.1814473292959672,0,0,0
VN,Viet Nam,T - IPC4+C07J,Steroids,T - 31,Biopharma,Technology,0.0,2.0,0.0,0.25366876310272535,0.0,0.42794576328826267,0,0,0,0,0,0,0.13824935015874854,0.19353744539986065,1.954161231204268,3.4322322490490476,0,,1.48890335083578,1.0986122886681098,-0.3902910621676703,3.058432371564617,0.11214802614384092,0,0,0
VN,Viet Nam,T - IPC4+C07K,Peptides,T - 31,Biopharma,Technology,7.0,13.0,1.5622006565523896,2.952999366822896,0.10109036629944326,0.09891114880681227,0,0,0,0,0,0,0.13960972202868777,0.19697968040625646,44.75207886986938,132.39817979870628,0,,4.893338488701074,2.6390573296152584,-2.254281159085816,0.1777764996683611,0.2275296055925308,0,0,0
VN,Viet Nam,T - IPC4+C08B,Polysaccharides,T - 34,Chemicals,Technology,1.0,0.0,0.18181818181818182,0.0,0.1409016719703969,0.0,0,0,0,0,0,0,0.13923418965471615,0.20160367739448282,4.7224826118541205,7.771322150541069,0,,2.171487553349711,0.0,-2.171487553349711,2.5930014837457414,0.15369176519023178,0,0,0
VN,Viet Nam,T - IPC4+C08C,Rubber Treatment,T - 34,Chemicals,Technology,2.0,0.0,0.1923076923076923,0.0,0.41299774931765887,0.0,0,0,0,0,0,0,0.138538680006573,0.17841265538608425,1.8362033574281078,1.6507816084702522,0,,0.9748545431024835,0.0,-0.9748545431024835,2.066381697442558,0.07647964925720285,0,0,0
VN,Viet Nam,T - IPC4+C08F,Addition Polymers,T - 34,Chemicals,Technology,13.0,6.0,4.300354372017738,1.4126456876456877,0.25289864843710796,0.15677592981596916,0,0,0,0,0,0,0.14042696875897814,0.1882265441000493,24.573248293271273,37.422526331237954,0,,3.6486439108068693,1.9459101490553132,-1.702733761751556,1.4029514674693353,0.16017724457492125,0,0,0
VN,Viet Nam,T - IPC4+C08G,Condensation Polymers,T - 34,Chemicals,Technology,10.0,5.0,2.50520990381592,0.5934571175950486,0.1987822771690884,0.1239768996955837,0,0,0,0,0,0,0.1415626219844374,0.19391508984302772,29.49191589758257,54.2328499897096,0,,4.011557884785435,1.791759469228055,-2.21979841555738,1.7273885654218943,0.14365478440915055,0,0,0
VN,Viet Nam,T - IPC4+C08J,Polymer Processing,T - 34,Chemicals,Technology,9.0,4.0,0.6807765914148892,0.5580540149505666,0.1882887655585011,0.08242292079541493,0,0,0,0,0,0,0.13798552304020498,0.20156720345640497,26.181824144511477,55.64837752914761,0,,4.036863346801697,1.6094379124341003,-2.4274254343675965,1.0093898042447058,0.18332627111603975,0,0,0
VN,Viet Nam,T - IPC4+C08K,Polymer Additives,T - 34,Chemicals,Technology,8.0,10.0,2.2469955576338547,1.2739395805344083,0.16950529953518262,0.16825145384675647,0,0,0,0,0,0,0.13363261399914833,0.19723871646136745,25.45924237082316,62.70918682269077,0,,4.154328772315826,2.3978952727983707,-1.7564334995174553,1.208594328484077,0.15217406078815315,0,0,0
VN,Viet Nam,T - IPC4+C08L,Polymer Compositions,T - 34,Chemicals,Technology,14.0,11.0,1.9722007897539813,1.240416494425115,0.1844874710857465,0.14021502620868356,0,0,0,0,0,0,0.13766339053101595,0.20080247757959588,41.188378488490144,91.67725981277772,0,,4.529123133015498,2.4849066497880004,-2.044216483227498,1.322758365640163,0.15908096917929127,0,0,0
VN,Viet Nam,T - IPC4+C09B,Organic Dyes,T - 34,Chemicals,Technology,2.0,2.0,0.8678160919540232,0.9825000000000002,0.22289447243079427,0.2896113232456318,0,0,0,0,0,0,0.1327642265563148,0.20201324639641607,4.458511429330949,5.869164943007685,0,,1.927042547610163,1.0986122886681098,-0.8284302589420531,2.5765991849269096,0.13137220840658437,0,0,0
VN,Viet Nam,T - IPC4+C09C,Pigment Treatment,T - 34,Chemicals,Technology,1.0,0.0,0.07692307692307693,0.0,0.16822272449484102,0.0,0,0,0,0,0,0,0.1419979682363751,0.18531525446945743,3.884786181329206,4.442128225328672,0,,1.6941702022533849,0.0,-1.6941702022533849,3.1027582507704925,0.10522457892508198,0,0,0
VN,Viet Nam,T - IPC4+C09D,Paints and Coatings,T - 34,Chemicals,Technology,8.0,2.0,1.0651698875836808,2.2499999999999996,0.19741463285541652,0.04699095759148862,0,0,0,0,0,0,0.13132912222575732,0.19226246605516584,18.135194882799905,43.56888151396778,0,,3.797035891601348,1.0986122886681098,-2.6984236029332385,1.424655905865916,0.16597941095038599,0,1,0
VN,Viet Nam,T - IPC4+C09G,Polishing Compounds,T - 34,Chemicals,Technology,0.0,0.0,0.0,0.0,0.0,0.0,0,0,0,0,0,0,0.11707019588293782,0.16236004706826537,0.8159698983026729,1.9540812297313446,0,,1.0831876819475525,0.0,-1.0831876819475525,3.3750633698007015,0.07137955936203218,0,0,0
VN,Viet Nam,T - IPC4+C09J,Adhesives,T - 34,Chemicals,Technology,2.0,1.0,0.37142857142857155,0.25,0.12568711969934102,0.07304670537529838,0,0,0,0,0,0,0.13317574767694684,0.18612653039680052,11.351066746765717,26.81174392920822,0,,3.3254583749891578,0.6931471805599453,-2.6323111944292124,2.3038877211102458,0.1219312598998543,0,0,0
VN,Viet Nam,T - IPC4+C09K,Specialty Materials,T - 34,Chemicals,Technology,6.0,12.0,0.2843023834403145,1.3722398434898433,0.14520864043211676,0.21185958566189753,0,0,0,0,0,0,0.1293271892824555,0.19256490669018714,20.707325322592727,43.220633711835475,0,,3.7891915062138932,2.5649493574615367,-1.2242421487523565,1.1990705799734938,0.15584713285237572,0,0,0
VN,Viet Nam,T - IPC4+C10B,Coal Distillation,T - 34,Chemicals,Technology,0.0,0.0,0.0,0.0,0.0,0.0,0,0,0,0,0,0,0.1282233071476725,0.20178304692974527,1.4126457354706574,3.810271142400427,0,,1.5707534530903289,0.0,-1.5707534530903289,1.9307108300854554,0.16705218883994252,0,0,0
VN,Viet Nam,T - IPC4+C10G,Oil Refining,T - 34,Chemicals,Technology,3.0,1.0,1.606060606060606,0.1875,0.21396639269713577,0.10645595924341211,0,0,0,0,0,0,0.13245463928067158,0.19862649043448394,5.237960468797214,11.565490345021281,0,,2.5309541949075136,0.6931471805599453,-1.8378070143475682,1.7131166657272712,0.16215765402462898,0,0,0
VN,Viet Nam,T - IPC4+C10J,Producer Gas,T - 34,Chemicals,Technology,0.0,0.0,0.0,0.0,0.0,0.0,0,0,0,0,0,0,0.13288578609305865,0.20093524877916466,1.883720765792344,2.0625122388446595,0,,1.1192355722202998,0.0,-1.1192355722202998,2.23500685865798,0.1572568957192115,0,0,0
VN,Viet Nam,T - IPC4+C10L,Fuels,T - 34,Chemicals,Technology,4.0,1.0,0.8619871794871794,1.0,0.29392899030873954,0.1695466370106507,0,0,0,0,0,0,0.14180280672074796,0.2093182233330951,5.437650765650007,6.777052261254509,0,,2.051177379666376,0.6931471805599453,-1.3580301991064307,2.2024179467411926,0.1810781122042958,0,0,0
VN,Viet Nam,T - IPC4+C10M,Lubricants,T - 34,Chemicals,Technology,0.0,0.0,0.0,0.0,0.0,0.0,0,0,0,0,0,0,0.12416938709791393,0.17170934900225981,3.0461453067838278,4.383248007253742,0,,1.683291910829198,0.0,-1.683291910829198,3.9972246406342844,0.09453241202552226,0,0,0
VN,Viet Nam,T - IPC4+C10N,Lubricant Index,T - 34,Chemicals,Technology,0.0,0.0,0.0,0.0,0.0,0.0,0,0,0,0,0,0,0.1159040307781854,0.16455620389899261,1.6875246378280462,3.274615700893343,0,,1.4526942038200954,0.0,-1.4526942038200954,4.347245590770979,0.07695311927380685,0,0,0
VN,Viet Nam,T - IPC4+C11B,Fats and Oils Production,T - 34,Chemicals,Technology,0.0,0.0,0.0,0.0,0.0,0.0,0,0,0,0,0,0,0.13587964599555305,0.19141870895141658,3.4280494287869656,4.633699440407971,0,,1.7287663205707304,0.0,-1.7287663205707304,1.6248324056758383,0.1511310537322531,0,0,0
VN,Viet Nam,T - IPC4+C11C,Fatty Acids,T - 34,Chemicals,Technology,1.0,0.0,0.3333333333333333,0.0,0.2776134148144789,0.0,0,0,0,0,0,0,0.137323438494447,0.19464360525991223,1.6008624438820531,1.7434599493516107,0,,1.0092198790329385,0.0,-1.0092198790329385,2.826424578444687,0.129058814141336,0,0,0
VN,Viet Nam,T - IPC4+C11D,Detergents and Soaps,T - 34,Chemicals,Technology,2.0,4.0,0.05432156495986283,0.7280936454849498,0.1446175061261488,0.20009053640660315,0,0,0,0,0,0,0.1333489159951991,0.2009367841443842,8.25613163852375,16.616343798613514,0,,2.868827096059952,1.6094379124341003,-1.2593891836258517,2.0317862198657966,0.136795335994314,0,0,0
VN,Viet Nam,T - IPC4+C12G,Wine and Alcoholic Beverages,T - 31,Biopharma,Technology,0.0,0.0,0.0,0.0,0.0,0.0,0,0,0,0,0,0,0.13684706054044313,0.19721620501014145,0.773762724014637,1.9507780659606953,0,,1.0820688867486195,0.0,-1.0820688867486195,2.1250914438551383,0.12932471907396328,0,0,0
VN,Viet Nam,T - IPC4+C12M,Microbiology Equipment,T - 31,Biopharma,Technology,4.0,2.0,0.38748621070049655,0.3619501854795975,0.19337880526869486,0.08999331341914797,0,0,0,0,0,0,0.13937135404578316,0.19991086884762402,11.959857008953636,29.509706935598395,0,,3.4180448931628904,1.0986122886681098,-2.3194326044947804,1.9493728203261782,0.1857930208871347,0,0,0
VN,Viet Nam,T - IPC4+C12N,Microorganisms and Enzymes,T - 31,Biopharma,Technology,14.0,16.0,3.8938071597048287,6.017096949704554,0.13226626687782161,0.08353607932727374,0,0,0,0,0,0,0.14070303679784707,0.19639364466551426,66.57672322635773,167.53085792085542,0,,5.127118866087061,2.833213344056216,-2.293905522030845,0.22461863255438125,0.22754056074310033,0,0,0
VN,Viet Nam,T - IPC4+C12P,Fermentation Processes,T - 31,Biopharma,Technology,14.0,3.0,2.5772540399209207,1.5643493761140812,0.2272906278035878,0.057943206317114235,0,0,0,0,0,0,0.14474660860299726,0.2047350086252147,30.86396696197061,50.59288864241802,0,,3.9433838459824777,1.3862943611198906,-2.557089484862587,0.6933981948838445,0.21818413139974172,0,0,0
VN,Viet Nam,T - IPC4+C12Q,Biochemical Testing,T - 31,Biopharma,Technology,8.0,4.0,0.7206981869873855,0.9488836662749706,0.14293710418212321,0.051339727866515174,0,0,0,0,0,0,0.13958482598914643,0.1976986322201359,34.1001567426026,69.21498165613559,0,,4.251561702167323,1.6094379124341003,-2.6421237897332226,0.7241011513438864,0.20561089412682904,0,0,0
VN,Viet Nam,T - IPC4+C12R,Microbiology Index,T - 31,Biopharma,Technology,6.0,2.0,0.5743563300142247,0.2372549019607843,0.34632402462481654,0.16098208723222118,0,0,0,0,0,0,0.14860569509738186,0.2061041971876953,6.604437133892202,15.851113166500873,0,,2.8244167179101076,1.0986122886681098,-1.7258044292419978,2.2597291254114276,0.16978866384448849,0,0,0
VN,Viet Nam,T - IPC4+C13K,Sugar Production,T - 31,Biopharma,Technology,0.0,0.0,0.0,0.0,0.0,0.0,0,0,0,0,0,0,0.13848835034838544,0.18161856447827912,1.1581416239272717,0.8612303190015326,0,,0.6212377308844377,0.0,-0.6212377308844377,3.5630275421753774,0.09200609760087837,0,0,0
VN,Viet Nam,T - IPC4+C14C,Leather Chemistry,T - 33,Processing and environmental,Technology,0.0,0.0,0.0,0.0,0.0,0.0,0,0,0,0,0,0,0.13434892846249966,0.1701304606671341,0.3611689246204673,0.3977675613060624,0,,0.3348763648278502,0.0,-0.3348763648278502,4.724772657064409,0.06021432419776342,0,0,0
VN,Viet Nam,T - IPC4+C21B,Iron and Steel Manufacturing,T - 32,Materials,Technology,0.0,0.0,0.0,0.0,0.0,0.0,0,0,0,0,0,0,0.13257689922324076,0.18810972646796068,1.3349639604997434,2.5302201953573764,0,,1.2613602472879695,0.0,-1.2613602472879695,2.625958154121742,0.11028871407360752,0,0,0
VN,Viet Nam,T - IPC4+C21C,Steel Processing,T - 32,Materials,Technology,0.0,0.0,0.0,0.0,0.0,0.0,0,0,0,0,0,0,0.12537505545637256,0.18730488217506264,0.9736212337137828,2.4859798381330496,0,,1.248749163413017,0.0,-1.248749163413017,3.7508865655899513,0.10026529509821931,0,0,0
VN,Viet Nam,T - IPC4+C21D,Metal Heat Treatment,T - 32,Materials,Technology,1.0,0.0,0.027777777777777776,0.0,0.14432773727460974,0.0,0,0,0,0,0,0,0.12960354202866745,0.18596773872975816,5.146975394771928,13.589750298195687,0,,2.68031924780261,0.0,-2.68031924780261,3.986493033394212,0.0937095023023222,0,0,0
VN,Viet Nam,T - IPC4+C22B,Metal Production,T - 32,Materials,Technology,1.0,1.0,0.13333333333333333,0.27272727272727276,0.17051787599829676,0.17553611993474383,0,0,0,0,0,0,0.1341789752778324,0.20432692985880746,2.953142691224892,10.489630032033563,0,,2.4414448922155043,0.6931471805599453,-1.748297711655559,1.7230920910020004,0.16402106443152778,0,0,0
VN,Viet Nam,T - IPC4+C22C,Alloys,T - 32,Materials,Technology,3.0,3.0,0.4633549453343503,0.5520833333333333,0.16817966745261806,0.1508447089054125,0,0,0,0,0,0,0.13333151809175206,0.19133083676477178,11.759816680470946,26.94808903488163,0,,3.3303488264186933,1.3862943611198906,-1.9440544652988028,2.610342026848315,0.12937696128165468,0,0,0
VN,Viet Nam,T - IPC4+C22F,Non-ferrous Heat Treatment,T - 32,Materials,Technology,0.0,0.0,0.0,0.0,0.0,0.0,0,0,0,0,0,0,0.12422530371519747,0.18552993608156065,2.264675147670184,5.117801329519169,0,,1.811202772092454,0.0,-1.811202772092454,3.8567351533731444,0.09120518276154044,0,0,0
VN,Viet Nam,T - IPC4+C23C,Metal Coating,T - 32,Materials,Technology,6.0,10.0,1.4123546388252268,2.2294011544011543,0.15772055353104528,0.20166102720761397,0,0,0,0,0,0,0.1397751138302598,0.1963389231331469,26.135336700794937,53.56779972197212,0,,3.9994439600988736,2.3978952727983707,-1.601548687300503,0.32162724269321025,0.16133425948692212,0,0,0
VN,Viet Nam,T - IPC4+C23F,Metal Surface Treatment,T - 32,Materials,Technology,1.0,1.0,0.07142857142857142,0.19047619047619047,0.14716240326254143,0.20296255311586656,0,0,0,0,0,0,0.12692223287217289,0.19127117874406052,3.8501275901967023,4.646938521908142,0,,1.7311135437725995,0.6931471805599453,-1.0379663632126541,1.8471165073680127,0.1277548587585814,0,0,0
VN,Viet Nam,T - IPC4+C23G,Metal Cleaning,T - 32,Materials,Technology,0.0,0.0,0.0,0.0,0.0,0.0,0,0,0,0,0,0,0.11821754249153568,0.17336084302711527,0.6735045479527502,1.332239532206172,0,,0.8468289785676613,0.0,-0.8468289785676613,2.2972203367389032,0.08845695264231278,0,0,0
VN,Viet Nam,T - IPC4+C25B,Electrolytic Production,T - 32,Materials,Technology,0.0,2.0,0.0,0.48333333333333345,0.0,0.17474235011371764,0,0,0,0,0,0,0.13888758797042866,0.2037134736721704,3.725311062811863,14.703540241749938,0,,2.753886180039605,1.0986122886681098,-1.6552738913714953,2.2811787749612913,0.16818083465622027,0,0,0
VN,Viet Nam,T - IPC4+C25C,Electrolytic Metal Production,T - 32,Materials,Technology,0.0,0.0,0.0,0.0,0.0,0.0,0,0,0,0,0,0,0.12455563787840372,0.19076632881439515,0.9487266974242925,1.909725242859527,0,,1.0680586584643856,0.0,-1.0680586584643856,2.716122377796086,0.11643913052162949,0,0,0
VN,Viet Nam,T - IPC4+C25D,Electroplating,T - 32,Materials,Technology,4.0,1.0,0.622742127153892,0.4,0.3299611697834012,0.24637991348319202,0,0,0,0,0,0,0.13909081646751006,0.197843784454175,5.170240319267962,10.05966070456763,0,,2.4033043179172555,0.6931471805599453,-1.7101571373573101,1.8846145656831816,0.11803858201523379,0,0,0
VN,Viet Nam,T - IPC4+C30B,Crystal Growth,T - 32,Materials,Technology,7.0,1.0,1.2764652014652014,0.4444444444444446,0.4044190795239873,0.12304909885592981,0,0,0,0,0,0,0.14130334133973663,0.20440015278700052,5.6456091297535185,12.124126511065175,0,,2.574452254725144,0.6931471805599453,-1.8813050741651987,2.1046747267732706,0.12323832262420527,0,0,0
VN,Viet Nam,T - IPC4+C40B,Combinatorial Chemistry,T - 31,Biopharma,Technology,2.0,0.0,0.0312862950058072,0.0,0.17196238116931178,0.0,0,0,0,0,0,0,0.1377052913323148,0.192710156031817,7.140297240869695,6.886610425377134,0,,2.0651664386703725,0.0,-2.0651664386703725,1.8428140839635854,0.13696016138421424,0,0,0
VN,Viet Nam,T - IPC4+D01D,Synthetic Fiber Manufacturing,T - 41,Machines,Technology,0.0,1.0,0.0,0.07142857142857142,0.0,0.19308342664211225,0,0,0,0,0,0,0.136796477648831,0.20489032770874036,2.647759034965331,5.9313534398031615,0,,1.936055095691843,0.6931471805599453,-1.2429079151318976,2.640341912645503,0.13351175358780998,0,0,0
VN,Viet Nam,T - IPC4+D01F,Synthetic Fiber Chemistry,T - 41,Machines,Technology,2.0,1.0,0.1979020979020979,0.14285714285714285,0.23604023650154932,0.14588409243158781,0,0,0,0,0,0,0.14421152116997699,0.2039144845984618,4.825960709770181,8.893887228751172,0,,2.29191711479748,0.6931471805599453,-1.5987699342375348,2.6038023838337865,0.14064333028597653,0,0,0
VN,Viet Nam,T - IPC4+D01H,Spinning and Twisting,T - 41,Machines,Technology,0.0,0.0,0.0,0.0,0.0,0.0,0,0,0,0,0,0,0.126189108859714,0.18844799410827948,0.6705764592844311,1.2160128557903762,0,,0.7957095702176573,0.0,-0.7957095702176573,4.36069553713657,0.05965860856006775,0,0,0
VN,Viet Nam,T - IPC4+D02G,Yarn Texturing,T - 41,Machines,Technology,1.0,0.0,0.015384615384615385,0.0,0.23479569228982722,0.0,0,0,0,0,0,0,0.13746603733845883,0.18700267490921724,2.3238407310654754,3.1613239881111115,0,,1.4258332900100368,0.0,-1.4258332900100368,3.63729530546491,0.09679050826180496,0,0,0
VN,Viet Nam,T - IPC4+D03D,Weaving,T - 41,Machines,Technology,0.0,0.0,0.0,0.0,0.0,0.0,0,0,0,0,0,0,0.13808566545109358,0.1928831544288988,3.0398164983868794,4.581742658210261,0,,1.719501031975127,0.0,-1.719501031975127,3.397748348224881,0.10292881707539646,0,0,0
VN,Viet Nam,T - IPC4+D04B,Knitting,T - 41,Machines,Technology,0.0,0.0,0.0,0.0,0.0,0.0,0,0,0,0,0,0,0.13532379518159285,0.1888295809720118,1.5264185288170589,3.031332564537406,0,,1.3940969824777683,0.0,-1.3940969824777683,2.5908364812504026,0.12600203741268243,0,0,0
VN,Viet Nam,T - IPC4+D04H,Non-woven Fabrics,T - 41,Machines,Technology,0.0,1.0,0.0,0.125,0.0,0.14403480993848877,0,0,0,0,0,0,0.12984822073548705,0.2018884075048969,4.11506332471539,8.68171333098887,0,,2.2702388826293465,0.6931471805599453,-1.577091702069401,1.2215659162536463,0.14593068933879594,0,0,0
VN,Viet Nam,T - IPC4+D05B,Sewing,T - 41,Machines,Technology,0.0,0.0,0.0,0.0,0.0,0.0,0,0,0,0,0,0,0.11948482388926503,0.17764269731356053,0.4917366492987349,0.9774998078689723,0,,0.6818333235011197,0.0,-0.6818333235011197,4.5325508014679725,0.06254143605069042,0,0,0
VN,Viet Nam,T - IPC4+D06B,Textile Wet Processing,T - 33,Processing and environmental,Technology,0.0,0.0,0.0,0.0,0.0,0.0,0,0,0,0,0,0,0.12830842849698454,0.20054014300807213,0.6877750791892859,1.584463296626784,0,,0.9495178642092531,0.0,-0.9495178642092531,3.2092529884309626,0.10321235467124669,0,0,0
VN,Viet Nam,T - IPC4+D06F,Laundry and Ironing,T - 52,Consumer,Technology,0.0,0.0,0.0,0.0,0.0,0.0,0,0,0,0,0,0,0.13936883588751217,0.19600764831284898,5.627074963893482,11.823979547976972,0,,2.551316820481976,0.0,-2.551316820481976,3.5655102896187088,0.09470855960427202,0,0,0
VN,Viet Nam,T - IPC4+D06M,Textile Treatment,T - 41,Machines,Technology,0.0,0.0,0.0,0.0,0.0,0.0,0,0,0,0,0,0,0.13834405007602793,0.20048661258572126,5.125608359547161,9.165363147646502,0,,2.3189861717394225,0.0,-2.3189861717394225,2.6789233833366852,0.14055219295398605,0,0,0
VN,Viet Nam,T - IPC4+D06N,Coated Textile Materials,T - 52,Consumer,Technology,0.0,1.0,0.0,0.49999999999999994,0.0,0.29388432575582596,0,0,0,0,0,0,0.1312865073528937,0.20299328252211166,1.2006952439484118,3.1472506256541384,0,,1.422445614850237,0.6931471805599453,-0.7292984342902916,3.2111522259011656,0.11331266320905396,0,0,0
VN,Viet Nam,T - IPC4+D06P,Textile Dyeing and Printing,T - 41,Machines,Technology,0.0,0.0,0.0,0.0,0.0,0.0,0,0,0,0,0,0,0.1319203776586977,0.19017958745083136,1.4043630713016224,2.2392184389043077,0,,1.1753320781449976,0.0,-1.1753320781449976,3.8143725520780962,0.099979953881203,0,0,0
VN,Viet Nam,T - IPC4+D21C,Pulp Production,T - 41,Machines,Technology,0.0,0.0,0.0,0.0,0.0,0.0,0,0,0,0,0,0,0.1353583624906862,0.18327405253659731,1.938192643544609,2.2871426974759985,0,,1.1900187064188175,0.0,-1.1900187064188175,2.5712161193880285,0.11102900582754552,0,0,0
VN,Viet Nam,T - IPC4+D21F,Paper Manufacturing,T - 41,Machines,Technology,0.0,0.0,0.0,0.0,0.0,0.0,0,0,0,0,0,0,0.1224908150143272,0.187334710203231,1.4665808701880432,2.278727624581717,0,,1.187455427801041,0.0,-1.187455427801041,3.7228424998785967,0.0798252568399847,0,0,0
VN,Viet Nam,T - IPC4+D21H,Paper Compositions,T - 41,Machines,Technology,2.0,0.0,0.059482758620689656,0.0,0.21704706270670465,0.0,0,0,0,0,0,0,0.1384219190629089,0.1941037498116235,5.263545374287638,8.81949781744344,0,,2.28436998230553,0.0,-2.28436998230553,2.997927759998949,0.12221614212152833,0,0,0
VN,Viet Nam,T - IPC4+E01B,Railway Tracks,T - 51,Civil engineering,Technology,0.0,0.0,0.0,0.0,0.0,0.0,0,0,0,0,0,0,0.13038530867583778,0.1924120652344454,1.1767619851401214,2.6643838280390844,0,,1.298660197886184,0.0,-1.298660197886184,3.0294155066336144,0.11022357232874035,0,0,0
VN,Viet Nam,T - IPC4+E01C,Road Construction,T - 51,Civil engineering,Technology,0.0,0.0,0.0,0.0,0.0,0.0,0,0,0,0,0,0,0.1394578823333253,0.2041691823651829,2.6635608735422602,6.266504022588178,0,,1.983275298663812,0.0,-1.983275298663812,3.044907166327977,0.15480746455678304,0,0,0
VN,Viet Nam,T - IPC4+E01D,Bridges,T - 51,Civil engineering,Technology,0.0,0.0,0.0,0.0,0.0,0.0,0,0,0,0,0,0,0.12678093245724945,0.17381079617128872,0.5891890519676712,1.4910561998543463,0,,0.9127067971874656,0.0,-0.9127067971874656,2.7579056275687877,0.09569841152828755,0,0,0
VN,Viet Nam,T - IPC4+E01F,Road Equipment and Signs,T - 51,Civil engineering,Technology,0.0,0.0,0.0,0.0,0.0,0.0,0,0,0,0,0,0,0.14062854633032534,0.2026074614170528,1.5316472212073853,3.060900688564697,0,,1.401404793483858,0.0,-1.401404793483858,3.20793788814844,0.13493642499957884,0,0,0
VN,Viet Nam,T - IPC4+E01H,Street Cleaning,T - 51,Civil engineering,Technology,1.0,0.0,1.0,0.0,0.42506576863747225,0.0,0,0,0,0,0,0,0.13285355623471498,0.18316612692895137,0.6842289404757028,1.4986826927188157,0,,0.9157636700890179,0.0,-0.9157636700890179,3.8584593389266977,0.09069717281600409,0,0,0
VN,Viet Nam,T - IPC4+E02B,Water Engineering,T - 51,Civil engineering,Technology,0.0,0.0,0.0,0.0,0.0,0.0,0,0,0,0,0,0,0.13954032360556665,0.2053770032320217,2.2526426743896373,4.371270704337415,0,,1.6810645107586872,0.0,-1.6810645107586872,2.5651833232806873,0.15951825349275905,0,0,0
VN,Viet Nam,T - IPC4+E02D,Foundations and Excavations,T - 51,Civil engineering,Technology,1.0,2.0,1.7142857142857137,2.0,0.18505572654196606,0.24242416987392154,0,0,0,0,0,0,0.13961083348524836,0.20146785406049084,3.312957114367638,7.488304722068437,0,,2.1386893010052206,1.0986122886681098,-1.0400770123371108,1.90657703321746,0.1601730497612937,1,0,0
VN,Viet Nam,T - IPC4+E02F,Dredging and Earthmoving,T - 51,Civil engineering,Technology,0.0,0.0,0.0,0.0,0.0,0.0,0,0,0,0,0,0,0.1330292915067051,0.18384339881094647,4.290152858199525,9.932229997175876,0,,2.3917153067372876,0.0,-2.3917153067372876,1.6192555799119548,0.1279151112968746,0,0,0
VN,Viet Nam,T - IPC4+E03B,Water Supply Systems,T - 51,Civil engineering,Technology,0.0,0.0,0.0,0.0,0.0,0.0,0,0,0,0,0,0,0.13368623690228404,0.1953649107140351,1.3344031146527273,2.5279004978222734,0,,1.2607029341817015,0.0,-1.2607029341817015,2.145882947415873,0.1367388604013978,0,0,0
VN,Viet Nam,T - IPC4+E03C,Plumbing,T - 51,Civil engineering,Technology,0.0,0.0,0.0,0.0,0.0,0.0,0,0,0,0,0,0,0.13503999948113274,0.1988004205806531,1.6659559404322057,4.745853832259471,0,,1.7484785220608081,0.0,-1.7484785220608081,2.7096806624646685,0.13437959493558402,0,0,0
VN,Viet Nam,T - IPC4+E03D,Toilets and Water Closets,T - 51,Civil engineering,Technology,0.0,0.0,0.0,0.0,0.0,0.0,0,0,0,0,0,0,0.13549935443663744,0.19807953901930359,1.2173444739841344,3.4348991759851533,0,,1.4895048817906484,0.0,-1.4895048817906484,2.622464049729576,0.1216160936927143,0,0,0
VN,Viet Nam,T - IPC4+E03F,Sewers and Cesspools,T - 51,Civil engineering,Technology,0.0,0.0,0.0,0.0,0.0,0.0,0,0,0,0,0,0,0.12996714314581614,0.19449481959329842,1.0259168451466636,2.4348550984687627,0,,1.2339747409326605,0.0,-1.2339747409326605,3.3656621750524933,0.12376226574215915,0,0,0
VN,Viet Nam,T - IPC4+E04B,Building Construction,T - 51,Civil engineering,Technology,0.0,2.0,0.0,0.5344827586206896,0.0,0.15024915885345297,0,0,0,0,0,0,0.14956097736242605,0.21857765363988155,10.091926793222726,18.216224621296302,0,,2.955754954554087,1.0986122886681098,-1.8571426658859773,1.7633986786442193,0.19915518497160492,0,0,0
VN,Viet Nam,T - IPC4+E04C,Building Materials,T - 51,Civil engineering,Technology,2.0,0.0,0.8333333333333333,0.0,0.2191028831841823,0.0,0,0,0,0,0,0,0.14955082412906848,0.21737393986029901,5.387788896551772,8.118030282090976,0,,2.2102538029187655,0.0,-2.2102538029187655,1.6773115210950724,0.20289354175897395,0,0,0
VN,Viet Nam,T - IPC4+E04D,Roofs and Gutters,T - 51,Civil engineering,Technology,0.0,0.0,0.0,0.0,0.0,0.0,0,0,0,0,0,0,0.13641959802603806,0.19506956550026888,2.4606247226414926,3.8380487220218815,0,,1.5765114828320173,0.0,-1.5765114828320173,3.4670930178348347,0.1138234476483953,0,0,0
VN,Viet Nam,T - IPC4+E04F,Building Finishing,T - 51,Civil engineering,Technology,0.0,0.0,0.0,0.0,0.0,0.0,0,0,0,0,0,0,0.14791121422780432,0.20969885823271606,5.700990872347688,11.270352333669216,0,,2.507185973361017,0.0,-2.507185973361017,2.434289056708357,0.154241513243032,0,0,0
VN,Viet Nam,T - IPC4+E04G,Scaffolding and Construction Aids,T - 51,Civil engineering,Technology,0.0,0.0,0.0,0.0,0.0,0.0,0,0,0,0,0,0,0.1422082808063146,0.20547374380857075,3.308289189555399,7.865392687620044,0,,2.182155234948955,0.0,-2.182155234948955,2.1312322391474856,0.16692559234714777,0,0,0
VN,Viet Nam,T - IPC4+E04H,Special Purpose Buildings,T - 51,Civil engineering,Technology,1.0,1.0,0.045454545454545456,0.6666666666666669,0.14044203704040686,0.1137037551798353,0,0,0,0,0,0,0.1399377554805789,0.20995020784094448,4.938119438120781,12.387209969616489,0,,2.5942997712715177,0.6931471805599453,-1.9011525907115723,2.09833092948997,0.18332367370897534,0,0,0
VN,Viet Nam,T - IPC4+E05B,Locks,T - 51,Civil engineering,Technology,0.0,2.0,0.0,0.44230769230769224,0.0,0.1466230738009954,0,0,0,0,0,0,0.1379045658088686,0.20322404748720835,5.113122179183916,12.628052382949766,0,,2.6121303435651635,1.0986122886681098,-1.5135180548970537,2.8209096730641012,0.14220944025923465,0,0,0
VN,Viet Nam,T - IPC4+E05C,Bolts and Fasteners,T - 51,Civil engineering,Technology,0.0,1.0,0.0,0.17857142857142855,0.0,0.26430200971707485,0,0,0,0,0,0,0.13967526851453932,0.19886770897709147,2.280603632225213,3.383936842995992,0,,1.4779471432910292,0.6931471805599453,-0.7847999627310839,3.436301638573893,0.12479694893210819,0,0,0
VN,Viet Nam,T - IPC4+E05D,Hinges,T - 51,Civil engineering,Technology,0.0,0.0,0.0,0.0,0.0,0.0,0,0,0,0,0,0,0.1335332941408785,0.2014995098448979,2.5561234912392963,6.5744515800774765,0,,2.0247809501048826,0.0,-2.0247809501048826,3.5243250297877324,0.12102557406253692,0,0,0
VN,Viet Nam,T - IPC4+E05F,Door and Window Mechanisms,T - 51,Civil engineering,Technology,0.0,1.0,0.0,0.019230769230769232,0.0,0.15240862261343646,0,0,0,0,0,0,0.13224076266246174,0.2009284710100257,3.0493516055454006,8.792282236874446,0,,2.2815945485648066,0.6931471805599453,-1.5884473680048612,3.6470502035411942,0.11707968856739263,0,0,0
VN,Viet Nam,T - IPC4+E06B,Doors and Windows,T - 51,Civil engineering,Technology,0.0,1.0,0.0,2.0,0.0,0.11209086820067059,0,0,0,0,0,0,0.14398598949674507,0.20690691771356592,7.062922176579542,13.064204633458186,0,,2.6436328909975337,0.6931471805599453,-1.9504857104375883,2.5748833112955825,0.1493548095854669,0,1,0
VN,Viet Nam,T - IPC4+E21B,Drilling and Wells,T - 51,Civil engineering,Technology,1.0,1.0,0.2857142857142857,1.4999999999999996,0.04372309779964631,0.04165458012613909,0,0,0,0,0,0,0.11833460489003127,0.18474011994891937,9.408222822079672,19.4451821333426,0,,3.0177472622309534,0.6931471805599453,-2.324600081671008,-0.025667024450071244,0.17922536101325778,0,1,0
VN,Viet Nam,T - IPC4+E21C,Mining and Quarrying,T - 51,Civil engineering,Technology,0.0,0.0,0.0,0.0,0.0,0.0,0,0,0,0,0,0,0.13018788984498258,0.1599523643608429,1.0116884953063008,1.1072371374975827,0,,0.7453776759487594,0.0,-0.7453776759487594,1.9535983400084063,0.09837637107169096,0,0,0
VN,Viet Nam,T - IPC4+E21D,Tunnels and Shafts,T - 51,Civil engineering,Technology,0.0,0.0,0.0,0.0,0.0,0.0,0,0,0,0,0,0,0.12577540437756396,0.16816198616984965,0.8331264052194444,2.1053117267922277,0,,1.1331141054483578,0.0,-1.1331141054483578,1.7276771947047591,0.10051851525393489,0,0,0
VN,Viet Nam,T - IPC4+F01B,Positive Displacement Engines,T - 42,Engines and transport,Technology,0.0,0.0,0.0,0.0,0.0,0.0,0,0,0,0,0,0,0.1316107935043711,0.1954491685095253,1.200708198510188,0.7432585750126564,0,,0.5557561060873274,0.0,-0.5557561060873274,1.591819356425345,0.12497908950396408,0,0,0
VN,Viet Nam,T - IPC4+F01C,Rotary Piston Engines,T - 42,Engines and transport,Technology,0.0,0.0,0.0,0.0,0.0,0.0,0,0,0,0,0,0,0.1371865687292451,0.1913475046277162,1.7007743804808788,1.534534953320449,0,,0.9300101698473829,0.0,-0.9300101698473829,3.3350438040124875,0.11110933442468483,0,0,0
VN,Viet Nam,T - IPC4+F01D,Turbines,T - 42,Engines and transport,Technology,0.0,0.0,0.0,0.0,0.0,0.0,0,0,0,0,0,0,0.12526193208807668,0.19078814897421,9.231363438569112,14.95129067510868,0,,2.769539746026511,0.0,-2.769539746026511,3.3188503022917937,0.10514414893886566,0,0,0
VN,Viet Nam,T - IPC4+F01K,Steam Plants,T - 42,Engines and transport,Technology,0.0,0.0,0.0,0.0,0.0,0.0,0,0,0,0,0,0,0.13739478804768082,0.18760240154733449,3.6129805596505506,2.9085992005297534,0,,1.3631790490724873,0.0,-1.3631790490724873,2.672700763448856,0.1221215699897863,0,0,0
VN,Viet Nam,T - IPC4+F01L,Engine Valves,T - 42,Engines and transport,Technology,0.0,0.0,0.0,0.0,0.0,0.0,0,0,0,0,0,0,0.12352140583091738,0.1810983130286026,2.446257603738647,2.139642882002781,0,,1.144109061605957,0.0,-1.144109061605957,3.5493834853427133,0.08213639209543545,0,0,0
VN,Viet Nam,T - IPC4+F01M,Engine Lubrication,T - 42,Engines and transport,Technology,1.0,0.0,0.14285714285714285,0.0,0.2365283960843715,0.0,0,0,0,0,0,0,0.12599701985244555,0.17628944217782525,2.0417900546819885,2.3865712869261384,0,,1.2198179897764216,0.0,-1.2198179897764216,3.5787984222656326,0.09856639755219021,0,0,0
VN,Viet Nam,T - IPC4+F01N,Engine Exhaust Systems,T - 33,Processing and environmental,Technology,0.0,0.0,0.0,0.0,0.0,0.0,0,0,0,0,0,0,0.12639032474630033,0.19119303728270695,7.603078557586004,9.677006166631164,0,,2.368092472758157,0.0,-2.368092472758157,3.243423557288209,0.11152219548951464,0,0,0
VN,Viet Nam,T - IPC4+F01P,Engine Cooling,T - 42,Engines and transport,Technology,0.0,0.0,0.0,0.0,0.0,0.0,0,0,0,0,0,0,0.12803366396690802,0.18237756882697606,2.2131146568028757,3.409460484911753,0,,1.4837523429524477,0.0,-1.4837523429524477,3.487345597009372,0.0822106549883369,0,0,0
VN,Viet Nam,T - IPC4+F02B,Internal Combustion Engines,T - 42,Engines and transport,Technology,1.0,2.0,0.1111111111111111,0.23202614379084968,0.0872571963472672,0.22004163989565553,0,0,0,0,0,0,0.13494133404648245,0.2010437510303729,8.542948417370935,8.527043778288618,0,,2.2541344678950037,1.0986122886681098,-1.155522179226894,1.5350966935510133,0.1642405519293443,0,0,0
VN,Viet Nam,T - IPC4+F02C,Gas Turbines,T - 42,Engines and transport,Technology,0.0,0.0,0.0,0.0,0.0,0.0,0,0,0,0,0,0,0.12169497419809597,0.1882198073214773,6.540367564697971,12.897350644236157,0,,2.631698220835852,0.0,-2.631698220835852,2.539688851382653,0.10175660524644387,0,0,0
VN,Viet Nam,T - IPC4+F02D,Engine Control,T - 42,Engines and transport,Technology,0.0,2.0,0.0,0.5980392156862746,0.0,0.16487995888336515,0,0,0,0,0,0,0.13007054903420176,0.1974221994988401,11.369471739887713,10.3538338451889,0,,2.429555470608419,1.0986122886681098,-1.3309431819403093,3.1057513317262666,0.11906771950160203,0,0,0
VN,Viet Nam,T - IPC4+F02F,Engine Components,T - 42,Engines and transport,Technology,2.0,0.0,0.30952380952380953,0.0,0.3040197855377906,0.0,0,0,0,0,0,0,0.13188445751919436,0.17401757953959598,2.6335631118697487,2.0203910731496326,0,,1.1053863174235077,0.0,-1.1053863174235077,3.7742726470639676,0.07656452429799045,0,0,0
VN,Viet Nam,T - IPC4+F02G,Hot Gas Engines,T - 42,Engines and transport,Technology,0.0,0.0,0.0,0.0,0.0,0.0,0,0,0,0,0,0,0.1266828052064923,0.1852349102583176,1.3331723336143044,0.7554582752897385,0,,0.5627299483517126,0.0,-0.5627299483517126,3.065814238038341,0.10758539859532082,0,0,0
VN,Viet Nam,T - IPC4+F02K,Jet Engines,T - 42,Engines and transport,Technology,0.0,0.0,0.0,0.0,0.0,0.0,0,0,0,0,0,0,0.12618757686343057,0.1680839919580661,1.9516939089904268,3.2891091871973703,0,,1.4560790627060136,0.0,-1.4560790627060136,4.017388179633445,0.06689172590615255,0,0,0
VN,Viet Nam,T - IPC4+F02M,Fuel Supply Systems,T - 42,Engines and transport,Technology,1.0,2.0,0.49999999999999994,0.3758169934640523,0.08118200400628812,0.19812721664367386,0,0,0,0,0,0,0.1328425222747846,0.19897599711378225,9.721824362241726,10.550887491765272,0,,2.446762273129705,1.0986122886681098,-1.3481499844615954,2.5885828384094776,0.13804848269314535,0,0,0
VN,Viet Nam,T - IPC4+F02N,Engine Starting,T - 42,Engines and transport,Technology,0.0,0.0,0.0,0.0,0.0,0.0,0,0,0,0,0,0,0.12448927530517687,0.15960031216259352,2.0591511340489967,1.039776418633343,0,,0.712840203140602,0.0,-0.712840203140602,4.782454735421694,0.05283656497545301,0,0,0
VN,Viet Nam,T - IPC4+F02P,Engine Ignition,T - 42,Engines and transport,Technology,0.0,0.0,0.0,0.0,0.0,0.0,0,0,0,0,0,0,0.12029801314301608,0.174702003490158,1.3562402201834824,1.2328012234254873,0,,0.803256951173132,0.0,-0.803256951173132,3.5486999782309776,0.08007250728785585,0,0,0
VN,Viet Nam,T - IPC4+F03B,Liquid Engines,T - 42,Engines and transport,Technology,2.0,1.0,0.26521739130434785,1.0,0.2767986480281912,0.2523680576481391,0,0,0,0,0,0,0.14767582313886948,0.2142440886223041,3.4413108942145816,4.320437087155177,0,,1.6715554592183626,0.6931471805599453,-0.9784082786584173,2.1494610825517255,0.16975156341318798,0,0,0
VN,Viet Nam,T - IPC4+F03C,Hydraulic Engines,T - 42,Engines and transport,Technology,0.0,0.0,0.0,0.0,0.0,0.0,0,0,0,0,0,0,0.12919813811671224,0.17965738534134434,0.8146407097641206,0.6557877857996104,0,,0.5042768990795925,0.0,-0.5042768990795925,3.4405739605595103,0.08322120748383795,0,0,0
VN,Viet Nam,T - IPC4+F03D,Wind Turbines,T - 42,Engines and transport,Technology,0.0,4.0,0.0,3.3333333333333335,0.0,0.2386976264888414,0,0,0,0,0,0,0.14121735467896346,0.2113386541551759,8.123717143908994,18.64547066498504,0,,2.9778468112362777,1.6094379124341003,-1.3684088988021774,1.433046035699512,0.16406054337853074,0,0,0
VN,Viet Nam,T - IPC4+F03G,Mechanical Power Sources,T - 42,Engines and transport,Technology,0.0,1.0,0.0,0.019230769230769232,0.0,0.24939536037943985,0,0,0,0,0,0,0.13960198333515528,0.21279336220124523,2.11989844145384,4.021926585669041,0,,1.6138136420839457,0.6931471805599453,-0.9206664615240004,1.0642532870769528,0.183192887995854,0,0,0
VN,Viet Nam,T - IPC4+F04B,Positive Displacement Pumps,T - 42,Engines and transport,Technology,1.0,0.0,0.06521739130434782,0.0,0.09192044870825267,0.0,0,0,0,0,0,0,0.13298373520011095,0.20219567497019536,7.592144312861123,16.298145167329768,0,,2.8505992799944275,0.0,-2.8505992799944275,2.408121442290937,0.14625257738568487,0,0,0
VN,Viet Nam,T - IPC4+F04C,Rotary Pumps,T - 42,Engines and transport,Technology,0.0,0.0,0.0,0.0,0.0,0.0,0,0,0,0,0,0,0.13190236406761457,0.19456348367489154,3.4421905806054984,7.660311683971811,0,,2.158750713147439,0.0,-2.158750713147439,3.342781426676102,0.10947772683350208,0,0,0
VN,Viet Nam,T - IPC4+F04D,Centrifugal Pumps,T - 42,Engines and transport,Technology,2.0,0.0,1.1956521739130435,0.0,0.15243790801101054,0.0,0,0,0,0,0,0,0.1362311508119036,0.20111083369318453,8.818581201441848,18.959135192773687,0,,2.993686942929329,0.0,-2.993686942929329,2.0652788205585857,0.1377242652416947,0,0,0
VN,Viet Nam,T - IPC4+F04F,Jet Pumps,T - 42,Engines and transport,Technology,0.0,0.0,0.0,0.0,0.0,0.0,0,0,0,0,0,0,0.12891215376428858,0.18952416342552872,0.8346909147121061,1.1520330526440503,0,,0.7664130012169286,0.0,-0.7664130012169286,3.3586719082204053,0.10699308077345948,0,0,0
VN,Viet Nam,T - IPC4+F15B,Hydraulic Systems,T - 42,Engines and transport,Technology,0.0,0.0,0.0,0.0,0.0,0.0,0,0,0,0,0,0,0.1335765371667151,0.19980329157394583,5.100809098749362,9.183510993239455,0,,2.3207698429419397,0.0,-2.3207698429419397,2.3195339481996444,0.1346847245188764,0,0,0
VN,Viet Nam,T - IPC4+F15C,Fluidic Controls,T - 42,Engines and transport,Technology,0.0,0.0,0.0,0.0,0.0,0.0,0,0,0,0,0,0,0.12089171778498926,0.15894167904422388,0.28078309049928596,0.15591706801542804,0,,0.14489402720563205,0.0,-0.14489402720563205,3.906722108167702,0.05584955989428502,0,0,0
VN,Viet Nam,T - IPC4+F15D,Fluid Flow Control,T - 42,Engines and transport,Technology,0.0,0.0,0.0,0.0,0.0,0.0,0,0,0,0,0,0,0.13258025618340002,0.1867981832418965,1.0655294995301174,1.066148952359914,0,,0.7256864650782137,0.0,-0.7256864650782137,4.055240118464415,0.10197575323315532,0,0,0
VN,Viet Nam,T - IPC4+F16B,Fasteners and Connectors,T - 42,Engines and transport,Technology,2.0,0.0,0.2722222222222222,0.0,0.14072619183762353,0.0,0,0,0,0,0,0,0.13497820455025603,0.20708722278148164,9.28907277664468,19.71938898576001,0,,3.0310699278522235,0.0,-3.0310699278522235,2.085443064761046,0.17331943174180883,0,0,0
VN,Viet Nam,T - IPC4+F16C,Shafts and Bearings,T - 42,Engines and transport,Technology,2.0,0.0,0.8608695652173912,0.0,0.1418530062023596,0.0,0,0,0,0,0,0,0.12962505949049466,0.1997694495855628,8.955817531065438,18.231905577135272,0,,2.956570648665998,0.0,-2.956570648665998,2.105768595448502,0.1423970382285399,0,0,0
VN,Viet Nam,T - IPC4+F16D,Couplings and Clutches,T - 42,Engines and transport,Technology,0.0,1.0,0.0,1.0,0.0,0.08587590360744243,0,0,0,0,0,0,0.13409995998483307,0.2015471625522653,9.583706315106888,17.646195272760394,0,,2.9256421184551034,0.6931471805599453,-2.232494937895158,1.8393672327691526,0.15161135678262222,0,0,0
VN,Viet Nam,T - IPC4+F16F,Springs and Dampers,T - 42,Engines and transport,Technology,0.0,0.0,0.0,0.0,0.0,0.0,0,0,0,0,0,0,0.13649091476032527,0.20035564040342058,6.970113615053583,12.992125585002427,0,,2.6384947131621868,0.0,-2.6384947131621868,3.4035987628124067,0.13609902843430188,0,0,0
VN,Viet Nam,T - IPC4+F16G,Power Transmission Belts,T - 42,Engines and transport,Technology,0.0,0.0,0.0,0.0,0.0,0.0,0,0,0,0,0,0,0.13196522737082336,0.1933791475264766,1.6380913458957391,2.905617767103453,0,,1.3624159697816713,0.0,-1.3624159697816713,3.62038311711952,0.10897446744575164,0,0,0
VN,Viet Nam,T - IPC4+F16H,Gears and Transmissions,T - 42,Engines and transport,Technology,1.0,1.0,1.0,0.6666666666666669,0.06162370878471025,0.05945891639520429,0,0,0,0,0,0,0.13264462323611292,0.19928572622880664,14.391424657088766,27.129451737149832,0,,3.336817131986545,0.6931471805599453,-2.6436699514265998,2.1738938663913827,0.13386680232790815,0,0,0
VN,Viet Nam,T - IPC4+F16J,Sealing Systems,T - 42,Engines and transport,Technology,0.0,0.0,0.0,0.0,0.0,0.0,0,0,0,0,0,0,0.13685703622288428,0.1892407838420727,6.485235479988993,9.11676842173092,0,,2.314194286948026,0.0,-2.314194286948026,2.276764709671662,0.12247126010684449,0,0,0
VN,Viet Nam,T - IPC4+F16K,Valves,T - 42,Engines and transport,Technology,0.0,1.0,0.0,0.08333333333333333,0.0,0.09194767684010743,0,0,0,0,0,0,0.1370281834184401,0.19904897134900051,11.895230992098027,22.03306535695404,0,,3.1369308077521936,0.6931471805599453,-2.443783627192248,1.7248779492111004,0.15170297699750004,0,0,0
VN,Viet Nam,T - IPC4+F16L,Piping Systems,T - 42,Engines and transport,Technology,0.0,1.0,0.0,0.05555555555555555,0.0,0.059441489962188794,0,0,0,0,0,0,0.1366961699773598,0.19986984169256955,13.123119291372204,22.602548171271724,0,,3.1613546795618324,0.6931471805599453,-2.468207499001887,1.8526626325546602,0.1865894918625144,0,0,0
VN,Viet Nam,T - IPC4+F16M,Machine Frames,T - 42,Engines and transport,Technology,0.0,1.0,0.0,0.75,0.0,0.1341513417725713,0,0,0,0,0,0,0.1350930040187905,0.19323358421634634,4.311257867409749,8.861586359736252,0,,2.2886470440847764,0.6931471805599453,-1.595499863524831,3.169611491995228,0.1175420333309227,0,0,0
VN,Viet Nam,T - IPC4+F16N,Lubrication Systems,T - 42,Engines and transport,Technology,0.0,0.0,0.0,0.0,0.0,0.0,0,0,0,0,0,0,0.1304927836859699,0.18798481006989134,1.0357381554279375,2.2809979251102583,0,,1.1881476215832323,0.0,-1.1881476215832323,3.7444450297312213,0.11235018583256429,0,0,0
VN,Viet Nam,T - IPC4+F17C,Pressure Vessels,T - 42,Engines and transport,Technology,0.0,0.0,0.0,0.0,0.0,0.0,0,0,0,0,0,0,0.13994509718791404,0.1959143423533618,3.1092265296053623,9.117512909455872,0,,2.3142678737202074,0.0,-2.3142678737202074,3.4300539349491093,0.14011880585187603,0,0,0
VN,Viet Nam,T - IPC4+F17D,Pipeline Systems,T - 42,Engines and transport,Technology,0.0,0.0,0.0,0.0,0.0,0.0,0,0,0,0,0,0,0.123925699619828,0.19509533712426258,1.8158973980881832,2.923007619696799,0,,1.3668586095392685,0.0,-1.3668586095392685,2.8757489259369997,0.11920187366923972,0,0,0
VN,Viet Nam,T - IPC4+F21K,Non-Electric Lighting,T - 11,Electronics,Technology,1.0,0.0,0.045454545454545456,0.0,0.15292127767359728,0.0,0,0,0,0,0,0,0.13414181094990335,0.18784718075859358,4.884967445951702,4.777448994448077,0,,1.7539622348190045,0.0,-1.7539622348190045,3.4879079292124,0.08506478077677468,0,0,0
VN,Viet Nam,T - IPC4+F21L,Portable Lighting,T - 11,Electronics,Technology,0.0,0.0,0.0,0.0,0.0,0.0,0,0,0,0,0,0,0.12684130355758838,0.15335230963457952,0.918132521186529,0.7128557375446702,0,,0.5381619995344562,0.0,-0.5381619995344562,2.9027276396576527,0.07314282661143257,0,0,0
VN,Viet Nam,T - IPC4+F21S,Fixed Lighting,T - 11,Electronics,Technology,2.0,0.0,0.1486013986013986,0.0,0.11446865022819588,0.0,0,0,0,0,0,0,0.13968791125896324,0.19609017082351146,16.41089131912541,22.134168645205538,0,,3.141310686775122,0.0,-3.141310686775122,3.2211689795195952,0.10399432118359546,0,0,0
VN,Viet Nam,T - IPC4+F21V,Lighting Components,T - 11,Electronics,Technology,1.0,1.0,0.045454545454545456,0.25,0.04562649407293042,0.04743712160308771,0,0,0,0,0,0,0.1388375176099082,0.19753601213606992,23.901194810955218,32.386332710750345,0,,3.508146615960439,0.6931471805599453,-2.8149994354004937,2.8009669557475965,0.13228691467828682,0,0,0
VN,Viet Nam,T - IPC4+F21W,Lighting Applications Index,T - 11,Electronics,Technology,0.0,1.0,0.0,0.3,0.0,0.15709278155043715,0,0,0,0,0,0,0.1392169645656961,0.19312948954570483,2.9931820763551036,8.607269088949407,0,,2.262520008710513,0.6931471805599453,-1.5693728281505677,3.5344457870558834,0.0941973343816045,0,0,0
VN,Viet Nam,T - IPC4+F21Y,Light Source Index,T - 11,Electronics,Technology,2.0,2.0,0.10314685314685315,0.55,0.1260668297831871,0.163188324592668,0,0,0,0,0,0,0.13778849645860586,0.18820211461878406,14.413276973180919,13.419373487308508,0,,2.668572683430861,1.0986122886681098,-1.5699603947627512,3.1349307030462534,0.10075477504562284,0,0,0
VN,Viet Nam,T - IPC4+F22B,Steam Boilers,T - 42,Engines and transport,Technology,0.0,1.0,0.0,0.1111111111111111,0.0,0.29986272828805666,0,0,0,0,0,0,0.13796602724793525,0.18194982731518938,2.2494025643738014,2.3771174283850622,0,,1.2170225137882222,0.6931471805599453,-0.523875333228277,3.594105112066434,0.10933160421601325,0,0,0
VN,Viet Nam,T - IPC4+F23C,Fluid Fuel Combustion,T - 42,Engines and transport,Technology,0.0,1.0,0.0,0.1111111111111111,0.0,0.36336961417587255,0,0,0,0,0,0,0.1307767149829691,0.19973282643016954,1.4565693712244068,2.0131282150289214,0,,1.1029788131853269,0.6931471805599453,-0.4098316326253816,3.252773874010054,0.1323697044739499,0,0,0
VN,Viet Nam,T - IPC4+F23D,Burners,T - 42,Engines and transport,Technology,0.0,0.0,0.0,0.0,0.0,0.0,0,0,0,0,0,0,0.13774982177236353,0.19723028341490031,2.5102283443884845,3.6982722622313844,0,,1.5471948373526236,0.0,-1.5471948373526236,3.419655098190672,0.1187786750007219,0,0,0
VN,Viet Nam,T - IPC4+F23G,Waste Combustion,T - 33,Processing and environmental,Technology,2.0,0.0,0.325,0.0,0.4091699716661429,0.0,0,0,0,0,0,0,0.1331285846195042,0.20473320222323116,1.3434797385409738,2.8533989009612584,0,,1.34895559025175,0.0,-1.34895559025175,2.34525841774543,0.1625653346572096,0,0,0
VN,Viet Nam,T - IPC4+F23J,Combustion Product Handling,T - 33,Processing and environmental,Technology,0.0,0.0,0.0,0.0,0.0,0.0,0,0,0,0,0,0,0.1357433114883423,0.19469035821713274,1.6418950488419766,2.190409985669472,0,,1.1601494306919284,0.0,-1.1601494306919284,3.4179750884754667,0.11409684313660337,0,0,0
VN,Viet Nam,T - IPC4+F23L,Combustion Air Supply,T - 42,Engines and transport,Technology,0.0,0.0,0.0,0.0,0.0,0.0,0,0,0,0,0,0,0.13186163378936092,0.19534454797783035,1.2074511957237335,1.6037120291268891,0,,0.9569381303381312,0.0,-0.9569381303381312,3.4730184966511213,0.11024308584731743,0,0,0
VN,Viet Nam,T - IPC4+F23N,Combustion Control,T - 42,Engines and transport,Technology,0.0,0.0,0.0,0.0,0.0,0.0,0,0,0,0,0,0,0.1343354440967012,0.1867836025631978,1.3929366696806849,2.1020656307432573,0,,1.1320682220879943,0.0,-1.1320682220879943,4.176678884145229,0.09081221974420788,0,0,0
VN,Viet Nam,T - IPC4+F23R,High Pressure Combustion,T - 42,Engines and transport,Technology,0.0,0.0,0.0,0.0,0.0,0.0,0,0,0,0,0,0,0.11769147115674249,0.1786022998958597,1.5604222552133384,2.490927547072367,0,,1.2501674737031068,0.0,-1.2501674737031068,3.924011631959966,0.07587295636857538,0,0,0
VN,Viet Nam,T - IPC4+F24C,Kitchen Stoves,T - 42,Engines and transport,Technology,0.0,1.0,0.0,0.3333333333333333,0.0,0.14629879808593563,0,0,0,0,0,0,0.13438776456719898,0.1941006587754925,3.4793086068531864,8.743017681398493,0,,2.276550893221245,0.6931471805599453,-1.5834037126612994,3.1157739354756706,0.10086834569151337,0,0,0
VN,Viet Nam,T - IPC4+F24D,Home Heating Systems,T - 42,Engines and transport,Technology,0.0,0.0,0.0,0.0,0.0,0.0,0,0,0,0,0,0,0.14314089603925956,0.20529448989862575,3.1133284122416103,5.232516749263395,0,,1.8297802238188472,0.0,-1.8297802238188472,2.8483864240827135,0.14844970852716058,0,0,0
VN,Viet Nam,T - IPC4+F24F,HVAC Systems,T - 42,Engines and transport,Technology,0.0,2.0,0.0,0.875,0.0,0.09237783430059884,0,0,0,0,0,0,0.13810356737456395,0.19925739102471882,8.113683834664911,28.492974513502,0,,3.3841520828983853,1.0986122886681098,-2.2855397942302753,1.9974112883304143,0.15708896836028285,0,0,0
VN,Viet Nam,T - IPC4+F24H,Water and Air Heaters,T - 42,Engines and transport,Technology,0.0,0.0,0.0,0.0,0.0,0.0,0,0,0,0,0,0,0.1435041627152137,0.2022402678712657,3.4877206154805696,6.6428186750141425,0,,2.0337664716582613,0.0,-2.0337664716582613,2.4296049389820116,0.1414605542988428,0,0,0
VN,Viet Nam,T - IPC4+F24S,Solar Heating,T - 42,Engines and transport,Technology,0.0,0.0,0.0,0.0,0.0,0.0,0,0,0,0,0,0,0.14087583273023524,0.2041278297091629,2.7989929457407476,4.881886845409458,0,,1.7718776025121232,0.0,-1.7718776025121232,1.6691849916135713,0.1570844002635999,0,0,0
VN,Viet Nam,T - IPC4+F25B,Refrigeration Systems,T - 42,Engines and transport,Technology,1.0,1.0,0.013888888888888888,0.2,0.10291658168657343,0.07525473569069406,0,0,0,0,0,0,0.13366596994528598,0.1872340304580733,7.5714202481076205,17.981335607877487,0,,2.9434561599302986,0.6931471805599453,-2.2503089793703532,2.8193088334583654,0.1278761608582928,0,0,0
VN,Viet Nam,T - IPC4+F25C,Ice Making,T - 42,Engines and transport,Technology,0.0,0.0,0.0,0.0,0.0,0.0,0,0,0,0,0,0,0.13555420307969154,0.1816493830601008,0.7746854969698181,1.7497534185526098,0,,1.0115112416773764,0.0,-1.0115112416773764,3.8788415293979948,0.08038650147331682,0,0,0
VN,Viet Nam,T - IPC4+F25D,Refrigerators,T - 52,Consumer,Technology,0.0,0.0,0.0,0.0,0.0,0.0,0,0,0,0,0,0,0.1363640086269658,0.18919477246861022,6.158280204383081,15.337272054644234,0,,2.7934491265741532,0.0,-2.7934491265741532,3.544537690651838,0.1284431918207395,0,0,0
VN,Viet Nam,T - IPC4+F25J,Gas Liquefaction,T - 33,Processing and environmental,Technology,0.0,0.0,0.0,0.0,0.0,0.0,0,0,0,0,0,0,0.1269642818418883,0.1774661704355949,1.3627359330459967,2.239903511786648,0,,1.1755435490480328,0.0,-1.1755435490480328,2.8981158944838503,0.09755644214516235,0,0,0
VN,Viet Nam,T - IPC4+F26B,Industrial Drying,T - 33,Processing and environmental,Technology,2.0,0.0,0.7375,0.0,0.28853527144618174,0.0,0,0,0,0,0,0,0.13749688410976302,0.2014849338688368,3.232639596640174,6.184284835924448,0,,1.9718959788670918,0.0,-1.9718959788670918,2.7156961553835566,0.13644376664521055,0,0,0
VN,Viet Nam,T - IPC4+F27B,Industrial Furnaces,T - 42,Engines and transport,Technology,3.0,0.0,0.35064102564102567,0.0,0.3562790366081078,0.0,0,0,0,0,0,0,0.1411258364923052,0.200913656260532,3.303778050890766,5.75369891228553,0,,1.9100903417996522,0.0,-1.9100903417996522,3.2570954043959226,0.13461814977749562,0,0,0
VN,Viet Nam,T - IPC4+F27D,Furnace Components,T - 42,Engines and transport,Technology,1.0,0.0,0.07692307692307693,0.0,0.16975616851746522,0.0,0,0,0,0,0,0,0.13885215310175816,0.2011848722376483,3.7364623970415396,6.986712336062079,0,,2.077779202767558,0.0,-2.077779202767558,3.014328443176213,0.1435766718247857,0,0,0
VN,Viet Nam,T - IPC4+F28D,Heat Exchangers,T - 42,Engines and transport,Technology,0.0,0.0,0.0,0.0,0.0,0.0,0,0,0,0,0,0,0.13611008439263883,0.20775799555403443,6.55303415129379,15.189176505890249,0,,2.7843429020284125,0.0,-2.7843429020284125,2.225299260301454,0.17726691094550778,0,0,0
VN,Viet Nam,T - IPC4+F28F,Heat Transfer Components,T - 42,Engines and transport,Technology,1.0,0.0,0.013888888888888888,0.0,0.11053591041262499,0.0,0,0,0,0,0,0,0.13717168832609558,0.20528306670740076,7.266331989582804,13.36794120316703,0,,2.664999419344276,0.0,-2.664999419344276,2.4047938219847182,0.16599660509593822,0,0,0
VN,Viet Nam,T - IPC4+F41A,Weapon Components,T - 34,Chemicals,Technology,0.0,0.0,0.0,0.0,0.0,0.0,0,0,0,0,0,0,0.13438518718723866,0.20677197847985768,1.0695666346013755,3.1563718007366086,0,,1.4246425304330181,0.0,-1.4246425304330181,2.6146927607962853,0.14204210902428827,0,0,0
VN,Viet Nam,T - IPC4+F41G,Weapon Sights,T - 34,Chemicals,Technology,0.0,0.0,0.0,0.0,0.0,0.0,0,0,0,0,0,0,0.11807477931041122,0.18953637964393932,0.6552348399157761,2.0434405599888237,0,,1.1129886386112409,0.0,-1.1129886386112409,3.3100682456787553,0.09566905795307729,0,0,0
VN,Viet Nam,T - IPC4+F41H,Armor and Defense,T - 34,Chemicals,Technology,0.0,0.0,0.0,0.0,0.0,0.0,0,0,0,0,0,0,0.12451296782287541,0.20421205246030327,1.4970474914982796,2.834845455069188,0,,1.3441291354594116,0.0,-1.3441291354594116,2.705927586131243,0.1350623376149741,0,0,0
VN,Viet Nam,T - IPC4+F42B,Explosive Charges,T - 34,Chemicals,Technology,1.0,0.0,0.025,0.0,0.27905326158637317,0.0,0,0,0,0,0,0,0.13718839785312417,0.20362757889928046,1.575778484325098,3.062169589875019,0,,1.4017172126251798,0.0,-1.4017172126251798,2.8769396476137494,0.13753733732380957,0,0,0
VN,Viet Nam,T - IPC4+G01B,Dimensional Measurement,T - 21,Instruments,Technology,2.0,2.0,0.3333333333333333,0.7666666666666666,0.10479878231712292,0.09822755195460679,0,0,0,0,0,0,0.13674592447000478,0.2002655451550017,14.845450983054437,34.42352363930323,0,,3.5673761090358327,1.0986122886681098,-2.468763820367723,1.8754205785995894,0.16252913926856985,0,0,0
VN,Viet Nam,T - IPC4+G01C,Navigation and Surveying,T - 21,Instruments,Technology,1.0,5.0,0.08333333333333333,1.4242165242165243,0.06869569227661729,0.1420313944056668,0,0,0,0,0,0,0.13330518832533528,0.19315253531181673,11.918847129551965,34.744981631054095,0,,3.576409885330142,1.791759469228055,-1.784650416102087,2.786332863630942,0.16254610811632658,0,0,0
VN,Viet Nam,T - IPC4+G01D,General Measurement,T - 21,Instruments,Technology,0.0,0.0,0.0,0.0,0.0,0.0,0,0,0,0,0,0,0.13252468552015595,0.19783450324637628,7.1598079984151255,19.38253636057334,0,,3.0146784734647,0.0,-3.0146784734647,2.885862469673558,0.14909950689606688,0,0,0
VN,Viet Nam,T - IPC4+G01F,Flow and Volume Measurement,T - 21,Instruments,Technology,0.0,1.0,0.0,0.05,0.0,0.13328694528657603,0,0,0,0,0,0,0.1284968101715131,0.19607214650833452,5.758151381978525,12.910921626374328,0,,2.632674260129734,0.6931471805599453,-1.9395270795697885,2.500576181461119,0.13973237231818691,0,0,0
VN,Viet Nam,T - IPC4+G01G,Weighing,T - 21,Instruments,Technology,0.0,0.0,0.0,0.0,0.0,0.0,0,0,0,0,0,0,0.13746739234454142,0.20722736261437164,1.630548698894425,4.95430597994496,0,,1.7841146519256261,0.0,-1.7841146519256261,2.3481230549792667,0.14937781148724769,0,0,0
VN,Viet Nam,T - IPC4+G01H,Vibration Measurement,T - 21,Instruments,Technology,0.0,0.0,0.0,0.0,0.0,0.0,0,0,0,0,0,0,0.13598296979271607,0.20362037070794778,1.735297176062915,6.325063348730184,0,,1.9913018031565448,0.0,-1.9913018031565448,2.9265763795861157,0.13896293641285634,0,0,0
VN,Viet Nam,T - IPC4+G01J,Light Measurement,T - 21,Instruments,Technology,2.0,2.0,0.6771561771561773,0.17424242424242425,0.15357980026917026,0.1690924051959424,0,0,0,0,0,0,0.14209230891082844,0.2016001984837714,9.486451026391258,20.159567071897538,0,,3.0520921470406033,1.0986122886681098,-1.9534798583724935,2.0877757403472774,0.15265433986375085,0,0,0
VN,Viet Nam,T - IPC4+G01K,Temperature Measurement,T - 21,Instruments,Technology,1.0,2.0,0.045454545454545456,0.45238095238095233,0.16549432405457465,0.1820011775814464,0,0,0,0,0,0,0.13322574285595815,0.20274402708297867,3.6377729661077933,11.808323949783375,0,,2.5500952681434024,1.0986122886681098,-1.4514829794752926,2.785532735776547,0.147259594855784,0,0,0
VN,Viet Nam,T - IPC4+G01L,Force and Pressure Measurement,T - 21,Instruments,Technology,0.0,0.0,0.0,0.0,0.0,0.0,0,0,0,0,0,0,0.13589310373298233,0.2030685793566073,6.333138463724049,17.300984756264185,0,,2.9069548702172865,0.0,-2.9069548702172865,2.839766511208608,0.14878325998511557,0,0,0
VN,Viet Nam,T - IPC4+G01M,Machine Testing,T - 21,Instruments,Technology,0.0,1.0,0.0,0.39999999999999997,0.0,0.06334766795830853,0,0,0,0,0,0,0.13534451343877887,0.2025837277962415,8.397389382082244,24.724443768284353,0,,3.2474416592622233,0.6931471805599453,-2.554294478702278,2.3464980700659934,0.14280706179329897,0,0,0
VN,Viet Nam,T - IPC4+G01N,Material Analysis,T - 21,Instruments,Technology,6.0,11.0,1.3046186086255775,6.501823882706236,0.06290221836749395,0.0772886471936293,0,0,0,0,0,0,0.13584370795013384,0.1986193024804845,66.58864438723467,164.37677503865623,0,,5.108226355793428,2.4849066497880004,-2.6233197060054274,0.8299751787048494,0.22969305244568541,0,0,0
VN,Viet Nam,T - IPC4+G01P,Motion Measurement,T - 21,Instruments,Technology,1.0,1.0,0.25,0.13636363636363635,0.1482812428911924,0.13979685423218216,0,0,0,0,0,0,0.12861628040886852,0.20054959506029676,3.7267356234757165,8.699642763391049,0,,2.2720890563147638,0.6931471805599453,-1.5789418757548184,3.3017751767420562,0.14018110107751602,0,0,0
VN,Viet Nam,T - IPC4+G01Q,Scanning Probe Techniques,T - 21,Instruments,Technology,0.0,0.0,0.0,0.0,0.0,0.0,0,0,0,0,0,0,0.1270071950223295,0.1745804593047559,0.6056030073396939,0.8977549783198995,0,,0.6406715971861776,0.0,-0.6406715971861776,3.3912546293196284,0.0914911699881892,0,0,0
VN,Viet Nam,T - IPC4+G01R,Electrical Measurement,T - 21,Instruments,Technology,1.0,3.0,0.2,2.179487179487179,0.03494689250628905,0.06328136147316761,0,0,0,0,0,0,0.1365465078202056,0.2044636715531096,25.42683480055645,63.92494236066889,0,,4.173231869765113,1.3862943611198906,-2.786937508645222,2.0286578006478626,0.16505777693537368,0,0,0
VN,Viet Nam,T - IPC4+G01S,Radar and Radio Navigation,T - 21,Instruments,Technology,4.0,8.0,2.164102564102564,1.6582223332223331,0.17261785444755776,0.11460895387847574,0,0,0,0,0,0,0.13619799152728332,0.2041246101775714,12.525588834384862,80.21964905779633,0,,4.397157201364752,2.1972245773362196,-2.199932624028533,2.3749430039940354,0.15149593611857007,0,0,0
VN,Viet Nam,T - IPC4+G01T,Radiation Measurement,T - 33,Processing and environmental,Technology,0.0,0.0,0.0,0.0,0.0,0.0,0,0,0,0,0,0,0.12701366690366092,0.199930162950541,4.341308815960772,7.329741116753541,0,,2.119832377274864,0.0,-2.119832377274864,2.5276144538367995,0.13684244849390248,0,0,0
VN,Viet Nam,T - IPC4+G01V,Geophysical Measurement,T - 21,Instruments,Technology,1.0,0.0,0.5,0.0,0.08747429731070666,0.0,0,0,0,0,0,0,0.1232885105158944,0.19098261864530217,5.316339926614846,12.62875128296937,0,,2.6121816261754303,0.0,-2.6121816261754303,1.5964782783847622,0.14327313066053404,0,0,0
VN,Viet Nam,T - IPC4+G01W,Weather Measurement,T - 21,Instruments,Technology,0.0,1.0,0.0,0.037037037037037035,0.0,0.299998832912798,0,0,0,0,0,0,0.1289909950119455,0.190517827402921,0.5922794100075789,2.55732663104875,0,,1.269009316427882,0.6931471805599453,-0.5758621358679367,3.0357823848108523,0.10791702035080768,0,0,0
VN,Viet Nam,T - IPC4+G02B,Optical Systems,T - 14,Semiconductors and optics,Technology,7.0,9.0,0.6141192141192141,1.8329187841144363,0.11092335983317247,0.08180976166932821,0,0,0,0,0,0,0.13085942583299484,0.19798455654596334,40.036511285592155,129.11669454277126,0,,4.868431698137475,2.302585092994046,-2.565846605143429,1.971568400942885,0.1515095986217388,0,0,0
VN,Viet Nam,T - IPC4+G02C,Eyewear,T - 14,Semiconductors and optics,Technology,1.0,2.0,0.05,0.6434782608695652,0.15437821900862755,0.16449948751322804,0,0,0,0,0,0,0.1320224083180122,0.19625874139815808,3.8985011985435647,10.508081675049155,0,,2.4430495429050922,1.0986122886681098,-1.3444372542369825,2.297861258611416,0.13211152749525767,0,0,0
VN,Viet Nam,T - IPC4+G02F,Optical Control Devices,T - 14,Semiconductors and optics,Technology,4.0,2.0,3.34090909090909,0.3675,0.10112807986805555,0.060632346466372646,0,0,0,0,0,0,0.11053221181130453,0.18247216970687347,23.118826752658784,44.68881423131147,0,,3.8218535027610936,1.0986122886681098,-2.723241214092984,2.120348018955855,0.11069052043800429,0,0,0
VN,Viet Nam,T - IPC4+G03B,Photography Equipment,T - 14,Semiconductors and optics,Technology,1.0,2.0,0.16666666666666666,1.6,0.062312256881063184,0.09439637846722386,0,0,0,0,0,0,0.13405550604950744,0.1863695533628039,15.60700284167925,26.214755113158752,0,,3.3037592936152453,1.0986122886681098,-2.2051470049471353,3.1454582763476697,0.10887009399391631,0,0,0
VN,Viet Nam,T - IPC4+G03C,Photographic Materials,T - 14,Semiconductors and optics,Technology,0.0,0.0,0.0,0.0,0.0,0.0,0,0,0,0,0,0,0.12607649354570152,0.17164374479655514,0.8438029284921674,0.2691526377379645,0,,0.2383494634043716,0.0,-0.2383494634043716,4.029002078230457,0.04645901242068773,0,0,0
VN,Viet Nam,T - IPC4+G03F,Photolithography,T - 14,Semiconductors and optics,Technology,7.0,18.0,1.6114062866525922,8.447720335220335,0.24506378589887673,0.3455450562867825,0,0,0,0,0,0,0.12422003688450413,0.19030207332375867,11.835635752494136,34.773832194890154,0,,3.5772166818598277,2.9444389791664403,-0.6327777026933874,0.8599838429505848,0.13493041339215442,0,0,0
VN,Viet Nam,T - IPC4+G03G,Electrophotography,T - 14,Semiconductors and optics,Technology,0.0,0.0,0.0,0.0,0.0,0.0,0,0,0,0,0,0,0.07263270556703418,0.1297696209271532,5.2760259778922265,8.48797679494926,0,,2.2500253965261203,0.0,-2.2500253965261203,5.333889367018386,0.025721288170693093,0,0,0
VN,Viet Nam,T - IPC4+G03H,Holography,T - 14,Semiconductors and optics,Technology,0.0,0.0,0.0,0.0,0.0,0.0,0,0,0,0,0,0,0.12704420270125613,0.18622426022936006,1.165493597288777,3.074317844233905,0,,1.4047033324918519,0.0,-1.4047033324918519,3.0392274971122197,0.0982860312899451,0,0,0
VN,Viet Nam,T - IPC4+G04B,Mechanical Clocks,T - 21,Instruments,Technology,0.0,1.0,0.0,0.3333333333333333,0.0,0.2723906717689992,0,0,0,0,0,0,0.11956860265045813,0.1853380416403128,1.1059878081269046,3.122202159086834,0,,1.416387525197442,0.6931471805599453,-0.7232403446374968,3.5377809557895623,0.07236954256482567,0,0,0
VN,Viet Nam,T - IPC4+G04G,Digital Timepieces,T - 21,Instruments,Technology,0.0,0.0,0.0,0.0,0.0,0.0,0,0,0,0,0,0,0.12512110071723048,0.17222653965017853,0.7329837027273837,2.2008006423551736,0,,1.1634009792466884,0.0,-1.1634009792466884,3.381221376763831,0.07168891500970753,0,0,0
VN,Viet Nam,T - IPC4+G05B,General Control Systems,T - 21,Instruments,Technology,0.0,6.0,0.0,2.074891774891775,0.0,0.10297585190743189,0,0,0,0,0,0,0.13534544670715473,0.2008508171964002,14.708962214284846,58.18300887424093,0,,4.080634488434615,1.9459101490553132,-2.134724339379302,1.8235435113038267,0.17718387306819655,0,0,0
VN,Viet Nam,T - IPC4+G05D,Process Control,T - 21,Instruments,Technology,0.0,4.0,0.0,0.4617965367965368,0.0,0.10045288949590707,0,0,0,0,0,0,0.13452288319868683,0.20164520603134758,10.730698136186561,46.4452668319344,0,,3.859576769436346,1.6094379124341003,-2.250138857002246,2.518032286436384,0.16357242200283106,0,0,0
VN,Viet Nam,T - IPC4+G05F,Electrical Control,T - 21,Instruments,Technology,0.0,2.0,0.0,0.12797619047619047,0.0,0.30502570791381206,0,0,0,0,0,0,0.13311475529194683,0.19896177830335782,6.119169814108458,6.252984557320671,0,,1.9814130472352987,1.0986122886681098,-0.8828007585671889,2.8973538351915438,0.12755600232182143,0,0,0
VN,Viet Nam,T - IPC4+G05G,Mechanical Controls,T - 42,Engines and transport,Technology,0.0,0.0,0.0,0.0,0.0,0.0,0,0,0,0,0,0,0.13167839835873332,0.19212021062289394,1.783546763640579,3.744515778044519,0,,1.5569893779703596,0.0,-1.5569893779703596,4.02093369571323,0.10670110539057344,0,0,0
VN,Viet Nam,T - IPC4+G06F,Digital Computers,T - 13,ICTs,Technology,16.0,56.0,5.963127069009422,31.913572408924246,0.06827515573387033,0.14158902721611696,0,0,0,0,0,0,0.12093053321560458,0.189178300646992,110.07069799839252,361.39702497734896,0,,5.892740364911478,4.04305126783455,-1.8496890970769275,1.1204969124783477,0.1987836212956475,0,0,0
VN,Viet Nam,T - IPC4+G06G,Analog Computers,T - 13,ICTs,Technology,1.0,7.0,0.2,0.9386434720673851,0.16307220240901724,0.6558600854043335,0,1,0,1,0,0,0.13043733238487826,0.1941887607913948,3.4752438032864075,2.274298382822364,1,,1.1861036118830663,2.0794415416798357,0.8933379297967694,2.2579402647538602,0.10709333748328469,0,0,0
VN,Viet Nam,T - IPC4+G06K,Data Reading and Records,T - 13,ICTs,Technology,4.0,4.0,2.107142857142857,0.5523378582202111,0.09030258158219925,0.11397862750940738,0,0,0,0,0,0,0.134342605171835,0.1992539316937326,30.19610342936318,64.38499571794497,0,,4.180292808868596,1.6094379124341003,-2.5708548964344953,1.7523500822213356,0.1804544308369581,0,0,0
VN,Viet Nam,T - IPC4+G06N,AI and Machine Learning,T - 13,ICTs,Technology,1.0,34.0,0.3333333333333333,13.05988768324126,0.13737496565087645,0.19624207320907255,0,0,0,0,0,0,0.1336467969840711,0.2011686584691679,4.732301987518398,147.7337839848551,0,,5.002158023255283,3.5553480614894135,-1.4468099617658692,0.8735319227630706,0.19995754653517508,0,0,0
VN,Viet Nam,T - IPC4+G06Q,Business Computing,T - 13,ICTs,Technology,5.0,18.0,0.7031661149308208,4.235889709419121,0.08067105713037008,0.14448497358035325,0,0,0,0,0,0,0.12829871054482545,0.19455662819265945,33.74310654584384,118.46138866800199,0,,4.782993211780393,2.9444389791664403,-1.8385542326139523,0.6219263131487014,0.20895078996257152,0,0,0
VN,Viet Nam,T - IPC4+G06T,Image Processing,T - 13,ICTs,Technology,5.0,29.0,1.4788359788359795,10.208687608687608,0.10882477136372581,0.16960969308765594,0,0,0,0,0,0,0.13931326306651956,0.19545650461596634,35.27320461450157,155.44931366942848,0,,5.052732083204844,3.4011973816621555,-1.6515347015426882,1.2855982237822712,0.18123889368128074,0,0,0
VN,Viet Nam,T - IPC4+G06V,Computer Vision,T - 13,ICTs,Technology,0.0,26.0,0.0,13.067544710191767,0.0,0.17870550833744517,0,0,0,0,0,0,0.13488867054195405,0.19574351310931404,4.67000855485834,111.08068571413395,0,,4.719219020087605,3.295836866004329,-1.423382154083276,1.4678268389275637,0.16319448534890538,0,0,0
VN,Viet Nam,T - IPC4+G07B,Ticketing and Fare Systems,T - 21,Instruments,Technology,0.0,0.0,0.0,0.0,0.0,0.0,0,0,0,0,0,0,0.12934892294140968,0.19205447525555816,1.0595578590896588,1.491006706639886,0,,0.9126869286248277,0.0,-0.9126869286248277,3.3957886351907476,0.11771265356252471,0,0,0
VN,Viet Nam,T - IPC4+G07C,Time Recording and Monitoring,T - 21,Instruments,Technology,0.0,2.0,0.0,1.1666666666666667,0.0,0.12046439275670322,0,0,0,0,0,0,0.1343303114028332,0.1974709500389593,4.248244912650431,19.153914914286183,0,,3.0033985580712987,1.0986122886681098,-1.904786269403189,2.017323342846148,0.15586655526064958,0,0,0
VN,Viet Nam,T - IPC4+G07D,Coin and Currency Handling,T - 21,Instruments,Technology,0.0,1.0,0.0,1.0,0.0,0.2966391405176501,0,0,0,0,0,0,0.1280969182805393,0.18787671419979196,2.3704101317579065,2.533304807668563,0,,1.2622336391159723,0.6931471805599453,-0.569086458556027,3.197280092003351,0.10809168132121219,0,0,0
VN,Viet Nam,T - IPC4+G07F,Vending Machines,T - 21,Instruments,Technology,0.0,0.0,0.0,0.0,0.0,0.0,0,0,0,0,0,0,0.14453909172881357,0.20422908578906954,7.990442685720687,10.631961021714805,0,,2.453756569832558,0.0,-2.453756569832558,2.3199311625885657,0.17301171859029285,0,0,0
VN,Viet Nam,T - IPC4+G07G,Cash Registers,T - 21,Instruments,Technology,0.0,0.0,0.0,0.0,0.0,0.0,0,0,0,0,0,0,0.12852155633757548,0.18507474431950274,1.1764105635534339,2.3606420822450236,0,,1.212132051624873,0.0,-1.212132051624873,2.3111951238491613,0.1092709545986165,0,0,0
VN,Viet Nam,T - IPC4+G08B,Alarm and Signaling Systems,T - 21,Instruments,Technology,1.0,4.0,1.0,1.33992673992674,0.07197048331316022,0.15361971152710652,0,0,0,0,0,0,0.13564160078627796,0.20187927461608604,9.732692298970758,24.792725338869896,0,,3.250092488558665,1.6094379124341003,-1.6406545761245648,2.1446758573781333,0.16309174813243682,0,0,0
VN,Viet Nam,T - IPC4+G08C,Signal Transmission,T - 13,ICTs,Technology,1.0,0.0,0.05555555555555555,0.0,0.10710926023986389,0.0,0,0,0,0,0,0,0.14431541311887658,0.19055516245129311,7.79733643491444,7.340471868836598,0,,2.1211197937673183,0.0,-2.1211197937673183,3.391101101849468,0.11970428795459072,0,0,0
VN,Viet Nam,T - IPC4+G08G,Traffic Control,T - 21,Instruments,Technology,0.0,0.0,0.0,0.0,0.0,0.0,0,0,0,0,0,0,0.13454856992829697,0.18879422193296594,7.696772812535836,35.584911451927965,0,,3.599635899994892,0.0,-3.599635899994892,3.0364593648419977,0.1245225033340542,0,0,0
VN,Viet Nam,T - IPC4+G09B,Educational Equipment,T - 21,Instruments,Technology,0.0,1.0,0.0,0.125,0.0,0.12945494947858013,0,0,0,0,0,0,0.13790870046229015,0.20118258332835917,6.351945291054346,13.126700699189229,0,,2.6480666732670106,0.6931471805599453,-1.9549194927070652,1.4823501505031056,0.16862654336169225,0,0,0
VN,Viet Nam,T - IPC4+G09C,Cryptography,T - 21,Instruments,Technology,0.0,0.0,0.0,0.0,0.0,0.0,0,0,0,0,0,0,0.125185962397346,0.19235879349200788,1.5889108726890935,2.8654488183900337,0,,1.3520777990724533,0.0,-1.3520777990724533,3.728371733359345,0.11497101181772179,0,0,0
VN,Viet Nam,T - IPC4+G09F,Signs and Displays,T - 12,Audio-visual,Technology,5.0,1.0,0.6742424242424242,0.75,0.19384263998063012,0.07817838635417715,0,0,0,0,0,0,0.13528451888028648,0.1781741656408237,14.826103898417058,40.13255935246852,0,,3.7168000062355926,0.6931471805599453,-3.023652825675647,1.6664232324131725,0.09821100586785203,0,0,0
VN,Viet Nam,T - IPC4+G09G,Display Control,T - 12,Audio-visual,Technology,0.0,4.0,0.0,1.222222222222222,0.0,0.11226994984789136,0,0,0,0,0,0,0.12026689193968215,0.1654791492831263,18.11883095169234,38.67689363291868,0,,3.6807689938914865,1.6094379124341003,-2.0713310814573864,3.0780794094401434,0.08934496783867096,0,0,0
VN,Viet Nam,T - IPC4+G10D,Musical Instruments,T - 52,Consumer,Technology,0.0,0.0,0.0,0.0,0.0,0.0,0,0,0,0,0,0,0.12824540687934535,0.18397515172442586,0.4412273760317259,0.8696931172059355,0,,0.625774308953207,0.0,-0.625774308953207,3.414474157954765,0.08957907378380069,0,0,0
VN,Viet Nam,T - IPC4+G10H,Electronic Music,T - 52,Consumer,Technology,0.0,0.0,0.0,0.0,0.0,0.0,0,0,0,0,0,0,0.12069987102618938,0.19585944908017971,1.003984681038253,3.4073508241783204,0,,1.4832737888131482,0.0,-1.4832737888131482,2.717275648390169,0.11958979609890406,0,0,0
VN,Viet Nam,T - IPC4+G10K,Acoustics and Sound,T - 52,Consumer,Technology,0.0,1.0,0.0,0.017241379310344827,0.0,0.123552728062076,0,0,0,0,0,0,0.1340341486148017,0.20030195686143676,3.460297062862919,10.756259480038338,0,,2.4643858204497247,0.6931471805599453,-1.7712386398897793,3.1207858432392372,0.13466014965646664,0,0,0
VN,Viet Nam,T - IPC4+G10L,Speech Processing,T - 13,ICTs,Technology,3.0,5.0,0.7610119047619047,4.78030303030303,0.18636996931003597,0.13590206234522995,0,0,0,0,0,0,0.14057731285537567,0.20101958798183073,10.009548554987129,35.11565139987684,0,,3.5867263281635418,1.791759469228055,-1.7949668589354868,1.8366189054190951,0.16010877872713308,0,0,0
VN,Viet Nam,T - IPC4+G11B,Data Storage,T - 12,Audio-visual,Technology,1.0,13.0,0.3181818181818182,5.993362193362193,0.05128108789027503,0.5376138458864573,0,1,0,1,0,0,0.10960825514828652,0.19211529402142655,8.154741448014196,10.043775297531917,1,,2.401866947748275,2.6390573296152584,0.23719038186698338,2.1176462922497747,0.10386206066832898,0,0,0
VN,Viet Nam,T - IPC4+G11C,Memory Systems,T - 13,ICTs,Technology,0.0,23.0,0.0,8.858394644807689,0.0,0.39579492911483094,0,0,0,0,0,0,0.10780941628318201,0.1854738387353728,8.8010658640296,32.57275651432982,0,,3.513714920052532,3.1780538303479458,-0.3356610897045864,2.663172216999219,0.09137979109085034,0,0,0
VN,Viet Nam,T - IPC4+G12B,Instrument Construction,T - 21,Instruments,Technology,0.0,0.0,0.0,0.0,0.0,0.0,0,0,0,0,0,0,0.1294179590299105,0.18269494469654265,0.5989606791924509,0.6648761413410414,0,,0.5097507310804047,0.0,-0.5097507310804047,3.972106062464057,0.07949959321648976,0,0,0
VN,Viet Nam,T - IPC4+G16B,Bioinformatics,T - 13,ICTs,Technology,0.0,3.0,0.0,1.2916666666666667,0.0,0.19711304099766921,0,0,0,0,0,0,0.13789943719701392,0.19828961451251076,2.9691962762291864,15.485677631418469,0,,2.802491981618721,1.3862943611198906,-1.4161976204988302,1.647930406434246,0.1683315142979748,0,0,0
VN,Viet Nam,T - IPC4+G16C,Computational Chemistry,T - 13,ICTs,Technology,0.0,2.0,0.0,0.6944444444444445,0.0,0.28836373072464183,0,0,0,0,0,0,0.12343509624748991,0.1939050228816217,0.352986434472728,5.958852646349133,0,,1.9400146110946483,1.0986122886681098,-0.8414023224265386,2.877225602104248,0.12209191116899776,0,0,0
VN,Viet Nam,T - IPC4+G16H,Medical Informatics,T - 21,Instruments,Technology,0.0,4.0,0.0,0.6068181818181818,0.0,0.08524639112828819,0,0,0,0,0,0,0.13653388061830135,0.20006790430586283,6.493065636051646,59.25225539774223,0,,4.098540005657553,1.6094379124341003,-2.489102093223453,0.7267533844742545,0.19687497822685773,0,0,0
VN,Viet Nam,T - IPC4+G16Y,IoT Technology,T - 13,ICTs,Technology,0.0,1.0,0.0,0.25,0.0,0.1415842348258411,0,0,0,0,0,0,0.038651249149880905,0.1881912478935886,0.004025526274021593,7.280987003462169,0,,2.1139621646097044,0.6931471805599453,-1.420814984049759,2.263148569809839,0.1170880993224011,0,0,0
VN,Viet Nam,T - IPC4+G16Z,Specialized ICT,T - 13,ICTs,Technology,1.0,0.0,0.1,0.0,0.30969245337263784,0.0,0,0,0,0,0,0,0.12996659270586047,0.18517979333849602,1.2578802916117338,1.7374198340185294,0,,1.0070158103370306,0.0,-1.0070158103370306,2.492392806186276,0.09383970404083955,0,0,0
VN,Viet Nam,T - IPC4+G21C,Nuclear Reactors,T - 42,Engines and transport,Technology,0.0,0.0,0.0,0.0,0.0,0.0,0,0,0,0,0,0,0.12506371516948486,0.18910447498817326,1.9678552385681982,3.7651126603974543,0,,1.561321180141977,0.0,-1.561321180141977,1.8757141826434267,0.104576382224714,0,0,0
VN,Viet Nam,T - IPC4+G21F,Radiation Protection,T - 42,Engines and transport,Technology,0.0,0.0,0.0,0.0,0.0,0.0,0,0,0,0,0,0,0.12564783564439674,0.1887065458927547,1.1559606151953636,2.29847896354303,0,,1.1934614420776202,0.0,-1.1934614420776202,3.0288079147779023,0.1251864706790217,0,0,0
VN,Viet Nam,T - IPC4+G21K,Particle Handling,T - 42,Engines and transport,Technology,0.0,0.0,0.0,0.0,0.0,0.0,0,0,0,0,0,0,0.12933678349472671,0.18886888724667242,3.0593655125084958,2.82569271413612,0,,1.341739552616493,0.0,-1.341739552616493,2.9189059164573665,0.12135401700419973,0,0,0
VN,Viet Nam,T - IPC4+H01B,Cables and Conductors,T - 11,Electronics,Technology,6.0,3.0,0.7865336417967996,0.3058823529411765,0.21864540640136332,0.19824258214130533,0,0,0,0,0,0,0.13779285273539346,0.20208451299124985,15.061037930208474,23.621311324925415,0,,3.203612381926266,1.3862943611198906,-1.8173180208063753,1.6829785760617901,0.1469732884225717,0,0,0
VN,Viet Nam,T - IPC4+H01C,Resistors,T - 11,Electronics,Technology,0.0,0.0,0.0,0.0,0.0,0.0,0,0,0,0,0,0,0.13348800908951558,0.18168275320050023,1.529838903000004,2.2194087582640454,0,,1.1691977272509886,0.0,-1.1691977272509886,3.421534747811615,0.08511519614146712,0,0,0
VN,Viet Nam,T - IPC4+H01F,Magnets and Transformers,T - 11,Electronics,Technology,2.0,0.0,0.5833333333333335,0.0,0.12338438579221597,0.0,0,0,0,0,0,0,0.13996478402257706,0.19488116590176108,11.48224648405305,23.902558005709963,0,,3.214970529347189,0.0,-3.214970529347189,2.369713758221517,0.14305029874302003,0,0,0
VN,Viet Nam,T - IPC4+H01G,Capacitors,T - 11,Electronics,Technology,1.0,1.0,0.06,0.14285714285714285,0.11472336754040709,0.11640409948941338,0,0,0,0,0,0,0.13394867364298835,0.19967358830096693,6.668425545061831,17.815757791532683,0,,2.9346946991595497,0.6931471805599453,-2.2415475185996043,2.452032043672988,0.12707662842322387,0,0,0
VN,Viet Nam,T - IPC4+H01H,Switches and Relays,T - 11,Electronics,Technology,0.0,0.0,0.0,0.0,0.0,0.0,0,0,0,0,0,0,0.13347654245813176,0.19927464176818283,9.703727640903962,17.603340865718685,0,,2.9233411810265433,0.0,-2.9233411810265433,2.8377787668030443,0.13295056830443042,0,0,0
VN,Viet Nam,T - IPC4+H01J,Discharge Tubes and Lamps,T - 11,Electronics,Technology,1.0,10.0,0.11538461538461539,1.7166811258916521,0.051272955191751124,0.1978577592844167,0,0,0,0,0,0,0.13002466504918747,0.18511240272410248,15.016963934828063,33.03656120108338,0,,3.5274352763072296,2.3978952727983707,-1.129540003508859,0.7439976873443818,0.14887623414128487,0,0,0
VN,Viet Nam,T - IPC4+H01K,Incandescent Lamps,T - 11,Electronics,Technology,0.0,0.0,0.0,0.0,0.0,0.0,0,0,0,0,0,0,0.11839762414252243,0.15867551529716417,0.5662651352865775,0.19374022650055348,0,,0.1770914255546202,0.0,-0.1770914255546202,4.5604450183992356,0.04785815273440751,0,0,0
VN,Viet Nam,T - IPC4+H01L,Legacy Semiconductors,T - 14,Semiconductors and optics,Technology,19.0,74.0,11.428488907463363,29.83216787841787,0.11650336646460151,0.2390731148733888,0,0,0,0,0,0,0.11896942839785009,0.17262474182482213,86.97218103756995,209.15854402722172,0,,5.347862217427999,4.31748811353631,-1.0303741038916892,0.7827344292583878,0.14657404657488446,0,0,0
VN,Viet Nam,T - IPC4+H01M,Batteries and Fuel Cells,T - 11,Electronics,Technology,11.0,8.0,5.088003663003663,2.557652886329357,0.20281806383054987,0.08750994379291306,0,0,0,0,0,0,0.1303012584333611,0.18614436298966816,28.213326974268362,135.70506357138964,0,,4.917825784531739,2.1972245773362196,-2.7206012071955192,2.4640727029243408,0.11918575705715644,0,0,0
VN,Viet Nam,T - IPC4+H01P,Waveguides,T - 13,ICTs,Technology,0.0,1.0,0.0,0.021739130434782608,0.0,0.1471638040229912,0,0,0,0,0,0,0.1321862547365002,0.199565792804958,3.191285363007495,8.501975133010152,0,,2.2514996857343794,0.6931471805599453,-1.558352505174434,2.1403175293270316,0.12256633367872222,0,0,0
VN,Viet Nam,T - IPC4+H01Q,Antennas,T - 13,ICTs,Technology,1.0,5.0,0.3846153846153847,2.2894158981115504,0.07956380296612599,0.14401468921896493,0,0,0,0,0,0,0.1345592575540489,0.19985456338001534,9.375353036656923,31.355961039858954,0,,3.476798271046283,1.791759469228055,-1.6850388018182278,1.2378537168914205,0.14996192590581295,0,0,0
VN,Viet Nam,T - IPC4+H01R,Electrical Connectors,T - 11,Electronics,Technology,1.0,2.0,0.1111111111111111,1.9,0.04986317617088907,0.09194344882975514,0,0,0,0,0,0,0.130757883091419,0.19982408396661788,17.097181035258856,39.13403464256383,0,,3.6922247185364214,1.0986122886681098,-2.593612429868312,1.9315594664681344,0.14402436793702625,0,0,0
VN,Viet Nam,T - IPC4+H01S,Lasers and Masers,T - 14,Semiconductors and optics,Technology,0.0,4.0,0.0,4.333333333333333,0.0,0.24441505497542837,0,0,0,0,0,0,0.1313004642808213,0.19580034382556732,6.4812985602197495,17.01835731728394,0,,2.891391089161704,1.6094379124341003,-1.2819531767276036,2.103358586739132,0.12492182380204798,0,1,0
VN,Viet Nam,T - IPC4+H01T,Spark Gaps and Surge Protection,T - 11,Electronics,Technology,0.0,0.0,0.0,0.0,0.0,0.0,0,0,0,0,0,0,0.1269961598692415,0.19521724799544582,1.6713994747325744,1.9250736156328667,0,,1.07331964810485,0.0,-1.07331964810485,3.055539817276466,0.10609243857890362,0,0,0
VN,Viet Nam,T - IPC4+H02B,Power Distribution Panels,T - 11,Electronics,Technology,0.0,0.0,0.0,0.0,0.0,0.0,0,0,0,0,0,0,0.13603254048300067,0.20276482070354465,2.9038686366704947,4.304633938282414,0,,1.668580766533831,0.0,-1.668580766533831,2.924584842074056,0.13560903065770505,0,0,0
VN,Viet Nam,T - IPC4+H02G,Cable Installation,T - 11,Electronics,Technology,2.0,2.0,0.25396825396825395,1.5,0.1858780469787762,0.1600535191129013,0,0,0,0,0,0,0.137301975910238,0.20386325659658341,6.981756394293825,15.718218696925272,0,,2.8164990647158232,1.0986122886681098,-1.7178867760477134,2.5863189136146594,0.15357504830289867,0,0,0
VN,Viet Nam,T - IPC4+H02H,Electrical Protection,T - 11,Electronics,Technology,0.0,0.0,0.0,0.0,0.0,0.0,0,0,0,0,0,0,0.13492900932190974,0.20367893963764724,6.652477935721894,15.304585925521765,0,,2.7914464133666335,0.0,-2.7914464133666335,2.7779746460462804,0.13034575389861794,0,0,0
VN,Viet Nam,T - IPC4+H02J,Power Supply Systems,T - 11,Electronics,Technology,0.0,0.0,0.0,0.0,0.0,0.0,0,0,0,0,0,0,0.1380376499996487,0.20069982025550967,24.58097408830706,68.15000729105333,0,,4.236278163548987,0.0,-4.236278163548987,1.9136772647304534,0.1626043683254952,0,0,0
VN,Viet Nam,T - IPC4+H02K,Motors and Generators,T - 11,Electronics,Technology,0.0,4.0,0.0,3.5,0.0,0.1171566894802733,0,0,0,0,0,0,0.13465911729618052,0.196410976093643,14.056621651932979,44.76980123995264,0,,3.8236245120726093,1.6094379124341003,-2.2141865996385093,2.097495283174772,0.1500995072403667,0,0,0
VN,Viet Nam,T - IPC4+H02M,Power Converters,T - 11,Electronics,Technology,1.0,10.0,0.2,5.16516290726817,0.06694999340206599,0.21473755987334242,0,0,0,0,0,0,0.14012008680261262,0.20100077590391865,15.161613979146045,39.775816143357666,0,,3.7080891640850027,2.3978952727983707,-1.310193891286632,2.3845930717640833,0.15108910736360787,0,0,0
VN,Viet Nam,T - IPC4+H02N,Other Electric Machines,T - 11,Electronics,Technology,0.0,0.0,0.0,0.0,0.0,0.0,0,0,0,0,0,0,0.13419856863366275,0.19705052406679147,3.820590668522536,6.496824409051879,0,,2.0144795187516236,0.0,-2.0144795187516236,1.7128165466876453,0.13347434195304836,0,0,0
VN,Viet Nam,T - IPC4+H02P,Motor Control,T - 11,Electronics,Technology,0.0,0.0,0.0,0.0,0.0,0.0,0,0,0,0,0,0,0.1354285733234637,0.19767305388451584,8.809278397469125,19.643471550195407,0,,3.02739912173153,0.0,-3.02739912173153,3.0345282892884633,0.1222241593576859,0,0,0
VN,Viet Nam,T - IPC4+H02S,Solar Power Systems,T - 11,Electronics,Technology,1.0,0.0,0.14285714285714285,0.0,0.2308873283222394,0.0,0,0,0,0,0,0,0.13644106710146728,0.20465087519558708,2.4797537007385166,11.871647655534069,0,,2.5550270363768153,0.0,-2.5550270363768153,1.6295687897098439,0.16112911909943634,0,0,0
VN,Viet Nam,T - IPC4+H03B,Signal Generators,T - 13,ICTs,Technology,0.0,0.0,0.0,0.0,0.0,0.0,0,0,0,0,0,0,0.1299339030558851,0.1808576389803864,1.7930293138836746,1.7833119364793926,0,,1.0236415626726716,0.0,-1.0236415626726716,3.881408108573578,0.08845479640681925,0,0,0
VN,Viet Nam,T - IPC4+H03D,Demodulation,T - 13,ICTs,Technology,0.0,0.0,0.0,0.0,0.0,0.0,0,0,0,0,0,0,0.12998007062673295,0.169428345075257,1.4264585367920404,0.758292605968419,0,,0.5643432279433503,0.0,-0.5643432279433503,3.9517243426282547,0.07147954974416237,0,0,0
VN,Viet Nam,T - IPC4+H03F,Amplifiers,T - 13,ICTs,Technology,1.0,1.0,0.2,0.21052631578947367,0.14236756096950434,0.19065280734188084,0,0,0,0,0,0,0.13052216199259573,0.19219014957981265,4.4558662001002,10.662376170695262,0,,2.4563679483846403,0.6931471805599453,-1.763220767824695,1.4369593936418592,0.12635152044696368,0,0,0
VN,Viet Nam,T - IPC4+H03G,Gain Control,T - 13,ICTs,Technology,0.0,0.0,0.0,0.0,0.0,0.0,0,0,0,0,0,0,0.1311810297858825,0.19408975110722024,2.600371431155618,3.1288931324487397,0,,1.4180093643817282,0.0,-1.4180093643817282,3.1431912391859003,0.10540688500484433,0,0,0
VN,Viet Nam,T - IPC4+H03H,Resonant Circuits,T - 13,ICTs,Technology,0.0,4.0,0.0,1.1768445322793148,0.0,0.24778210820954089,0,0,0,0,0,0,0.1253777136730181,0.19612227673112717,4.190419597256127,13.097411856075965,0,,2.6459912242289327,1.6094379124341003,-1.0365533117948325,1.6727414050699816,0.12407250262346212,0,0,0
VN,Viet Nam,T - IPC4+H03K,Pulse Circuits,T - 13,ICTs,Technology,2.0,5.0,0.4777777777777778,0.857142857142857,0.12284923635705203,0.14967935440937205,0,0,0,0,0,0,0.13671038487671033,0.20285946885170164,12.05551091519009,24.793809605756557,0,,3.250134525376528,1.791759469228055,-1.4583750561484732,2.373151352445103,0.14617389634947012,0,0,0
VN,Viet Nam,T - IPC4+H03L,Oscillator Control,T - 13,ICTs,Technology,0.0,0.0,0.0,0.0,0.0,0.0,0,0,0,0,0,0,0.12949211668477018,0.19402584274164522,2.716788182639656,3.8321586545078996,0,,1.575293294221776,0.0,-1.575293294221776,1.8148709643026937,0.12118722000818791,0,0,0
VN,Viet Nam,T - IPC4+H03M,Coding and Conversion,T - 13,ICTs,Technology,6.0,9.0,2.3041465378421897,2.1331256404625965,0.24939499402058196,0.32553846235470263,0,0,0,0,0,0,0.1412247984251614,0.20323678271436155,11.378036582004587,17.31266494450978,0,,2.9075928939454467,2.302585092994046,-0.6050078009514008,1.5650952657920598,0.1435949646919284,0,0,0
VN,Viet Nam,T - IPC4+H04B,Transmission Systems,T - 13,ICTs,Technology,13.0,19.0,2.589025054466231,2.3934631958928634,0.13125107541139924,0.1759277065009858,0,0,0,0,0,0,0.1343989906228698,0.19692067031880148,55.66604058068458,116.27867295488237,0,,4.764552922887441,2.995732273553991,-1.7688206493334504,0.8303422827587135,0.1539814936297382,0,0,0
VN,Viet Nam,T - IPC4+H04H,Broadcasting,T - 13,ICTs,Technology,1.0,0.0,0.07142857142857142,0.0,0.12321095164338397,0.0,0,0,0,0,0,0,0.13820943761164797,0.18614282334273408,5.509187029915019,2.8081849883174,0,,1.3371526946140675,0.0,-1.3371526946140675,2.680008544194428,0.10605329892074315,0,0,0
VN,Viet Nam,T - IPC4+H04J,Multiplex Communication,T - 13,ICTs,Technology,6.0,6.0,0.43295206971677563,0.26626984126984127,0.1368054999273789,0.25178029259124085,0,0,0,0,0,0,0.13192945240001794,0.19756036107900024,24.54466421199835,17.245722435496663,0,,2.903930665459479,1.9459101490553132,-0.9580205164041657,0.4752389080960154,0.1573830636712654,0,0,0
VN,Viet Nam,T - IPC4+H04K,Secure Communication,T - 13,ICTs,Technology,2.0,0.0,0.2857142857142857,0.0,0.2775623225957885,0.0,0,0,0,0,0,0,0.1324551242746068,0.18749587416497793,3.0190218903292814,1.2492961185874036,0,,0.810617331089506,0.0,-0.810617331089506,2.671564698307591,0.0984429460091877,0,0,0
VN,Viet Nam,T - IPC4+H04L,Digital Networks,T - 13,ICTs,Technology,20.0,50.0,3.6845706363353417,12.066991623868219,0.11764135627120258,0.1748429177827345,0,0,0,0,0,0,0.12578900288560962,0.19875205161958887,84.23441002627938,304.37709343589586,0,,5.721547384850013,3.9318256327243257,-1.7897217521256876,1.110114358568175,0.17730508018518998,0,0,0
VN,Viet Nam,T - IPC4+H04M,Telephony,T - 13,ICTs,Technology,3.0,5.0,0.251984126984127,2.2857142857142856,0.07409940114602084,0.20047195172010487,0,0,0,0,0,0,0.13862751252376077,0.19067767491667253,28.752949438988995,32.37600266268828,0,,3.5078371585968906,1.791759469228055,-1.7160776893688356,1.7074032693154477,0.1308716179776916,0,0,0
VN,Viet Nam,T - IPC4+H04N,Television and Video,T - 12,Audio-visual,Technology,19.0,36.0,10.98928867618126,30.611365667343915,0.16203003052572207,0.20545465476326322,0,0,0,0,0,0,0.12929415174496364,0.18688349621688877,59.82652019127506,147.89652847558003,0,,5.003251624949272,3.6109179126442243,-1.3923337123050472,1.7094718413957195,0.1476237672093797,0,0,0
VN,Viet Nam,T - IPC4+H04Q,Switching Systems,T - 13,ICTs,Technology,1.0,0.0,0.020833333333333332,0.0,0.08571391966445052,0.0,0,0,0,0,0,0,0.13778391026911013,0.18987887657773433,7.940305513468348,8.933584077804449,0,,2.295921347256648,0.0,-2.295921347256648,2.463527235981617,0.12101072704658185,0,0,0
VN,Viet Nam,T - IPC4+H04R,Audio Transducers,T - 12,Audio-visual,Technology,1.0,5.0,0.03125,2.65,0.07589891788392704,0.12405786879782167,0,0,0,0,0,0,0.13725921678303213,0.2020913388797376,11.719589531345216,37.082057398829896,0,,3.639743236794304,1.791759469228055,-1.847983767566249,2.0118712989408802,0.14341088534286744,0,0,0
VN,Viet Nam,T - IPC4+H04S,Stereo Systems,T - 12,Audio-visual,Technology,2.0,0.0,0.5958333333333333,0.0,0.3611588409220018,0.0,0,0,0,0,0,0,0.135178143276202,0.19880389122883127,2.0997555604666247,9.337284089609039,0,,2.335757173999555,0.0,-2.335757173999555,1.5743769457256218,0.13537590169796104,0,0,0
VN,Viet Nam,T - IPC4+H04W,Wireless Networks,T - 13,ICTs,Technology,15.0,54.0,4.717956738250855,22.173748416616064,0.10950200406840152,0.1782406876200181,0,0,0,0,0,0,0.13077341582772176,0.19155980591685842,80.02172227206813,315.1858016823475,0,,5.756330020801825,4.007333185232471,-1.7489968355693541,1.125886581916965,0.14957286297304753,0,0,0
VN,Viet Nam,T - IPC4+H05B,Electric Heating and Lighting,T - 11,Electronics,Technology,1.0,3.0,0.05555555555555555,1.15375,0.03647401026851596,0.09051518176531831,0,0,0,0,0,0,0.13530327194709607,0.1957387630096424,26.960026618990767,55.31989619836859,0,,4.031047868779349,1.3862943611198906,-2.644753507659458,2.5849128695334613,0.1387949331386024,0,0,0
VN,Viet Nam,T - IPC4+H05G,X-ray Equipment,T - 11,Electronics,Technology,0.0,0.0,0.0,0.0,0.0,0.0,0,0,0,0,0,0,0.11566741290959526,0.17393158386755406,1.4580605137310765,2.01036028160618,0,,1.1020597664836973,0.0,-1.1020597664836973,2.1463787101900227,0.10351758750230891,0,0,0
VN,Viet Nam,T - IPC4+H05H,Plasma and Particle Acceleration,T - 33,Processing and environmental,Technology,0.0,7.0,0.0,2.07734962406015,0.0,0.37126600192947345,0,0,0,0,0,0,0.13198852319796417,0.1940814326050192,4.28314131373895,11.268969645752952,0,,2.507073281745585,2.0794415416798357,-0.42763174006574944,1.9217243696925275,0.14206968977592158,0,0,0
VN,Viet Nam,T - IPC4+H05K,Electronic Assembly,T - 12,Audio-visual,Technology,9.0,4.0,2.332688102231446,1.4318181818181819,0.17274238218694868,0.11499798684833948,0,0,0,0,0,0,0.130762599803051,0.18888376759223838,29.90666040834471,69.90670853805081,0,,4.261365048780548,1.6094379124341003,-2.6519271363464476,1.1304793398188746,0.15814880685622523,0,0,0
VN,Viet Nam,T - IPC4+H10B,Electronic Memory,T - 14,Semiconductors and optics,Technology,0.0,16.0,0.0,3.242219817219817,0.0,0.3961258891335486,0,0,0,0,0,0,0.1045807989014634,0.15935608213056576,3.7282679558465723,21.007226818486853,0,,3.091370891166116,2.833213344056216,-0.2581575471098998,1.308287600928384,0.08169394403333953,0,0,0
VN,Viet Nam,T - IPC4+H10D,Inorganic Semiconductors,T - 14,Semiconductors and optics,Technology,0.0,0.0,0.0,0.0,0.0,0.0,0,0,0,0,0,0,0.08327001356976205,0.167168169699041,0.05728061303819813,1.8933828613275097,0,,1.0624263578279758,0.0,-1.0624263578279758,4.658170730277876,0.06248538655362699,0,0,0
VN,Viet Nam,T - IPC4+H10F,Light-Sensitive Semiconductors,T - 14,Semiconductors and optics,Technology,0.0,2.0,0.0,0.14166666666666666,0.0,0.6336576322799647,0,1,0,1,0,0,0.0617844106247489,0.1735473503471608,0.006330684929458619,1.001843709173849,1,,0.6940686104998852,1.0986122886681098,0.40454367816822456,3.9179690836376535,0.0563136691786647,0,0,0
VN,Viet Nam,T - IPC4+H10H,Light-Emitting Semiconductors,T - 14,Semiconductors and optics,Technology,0.0,0.0,0.0,0.0,0.0,0.0,0,0,0,0,0,0,0.08318570702425264,0.16842355662023153,0.004782112003140265,0.9396826615460694,0,,0.6625243831724936,0.0,-0.6625243831724936,4.160421703909778,0.055083122819268714,0,0,0
VN,Viet Nam,T - IPC4+H10K,Organic Semiconductors,T - 14,Semiconductors and optics,Technology,4.0,3.0,0.33150183150183155,0.8333333333333335,0.2613589508911411,0.07684035885984535,0,0,0,0,0,0,0.13917715015008547,0.16416366290696685,8.468745899855062,51.535900161000356,0,,3.9614967484947603,1.3862943611198906,-2.57520238737487,2.648601213994454,0.06541627377330417,0,0,0
VN,Viet Nam,T - IPC4+H10N,Other Electric Solid-State Devices,T - 14,Semiconductors and optics,Technology,1.0,9.0,0.23999999999999996,1.0327561327561328,0.07775025214674776,0.38510064477966754,0,0,0,0,0,0,0.1326560857753243,0.2037164586090255,10.529523208868607,22.46913910438484,0,,3.1556863285078123,2.302585092994046,-0.8531012355137664,1.710774012721802,0.1516844862465583,0,0,0
