Period,Unit,Dimension,Field ID,Outputs,Outputs (Fractional)
2001,OM,E,E - 30_12,1.0,2.0
2001,OM,T,T - IPC4+A61K,1.0,1.7857142857142851
2001,OM,T,T - IPC4+E21B,5.0,5.883333333333334
2001,CY,T,T - IPC4+H04N,2.0,2.625
2001,CY,T,T - IPC4+H01M,2.0,2.3750000000000013
2001,CY,T,T - IPC4+G06Q,1.0,5.0
2001,CY,T,T - IPC4+G06F,2.0,3.1666666666666665
2001,CY,T,T - IPC4+E04F,3.0,4.687500000000002
2001,CY,T,T - IPC4+D21H,2.0,3.6153846153846168
2001,CY,T,T - IPC4+B41M,1.0,1.2
2001,CY,T,T - IPC4+A23C,1.0,1.1111111111111114
2001,IQ,T,T - IPC4+A01K,1.0,6.0
2001,PH,E,E - 31_4,1.0,2.0
2001,PH,E,E - 3_0,2.0,2.5
2001,PH,E,E - 3_17,4.0,5.0
2001,PH,E,E - 3_16,2.0,3.0
2001,PH,E,E - 42_12,2.0,4.0
2001,CY,E,E - 10_7,4.0,4.666666666666667
2001,IR,T,T - IPC4+B42D,1.0,2.0
2001,IR,T,T - IPC4+C08F,5.0,5.415294117647052
2001,PH,T,T - IPC4+A23L,2.0,2.2
2001,PH,T,T - IPC4+A61N,1.0,2.0
2001,PH,T,T - IPC4+B01D,1.0,2.5
2001,PH,T,T - IPC4+C25D,1.0,1.5
2001,PH,T,T - IPC4+F03G,1.0,2.5
2001,IR,T,T - IPC4+C30B,7.0,8.307380952380955
2001,PH,T,T - IPC4+H05B,2.0,3.3333333333333335
2001,PK,E,E - 34_1,4.0,8.0
2001,PK,E,E - 3_3,1.0,2.0
2001,PK,E,E - 5_3,1.0,2.0
2001,IR,T,T - IPC4+G05D,1.0,1.5
2001,IR,T,T - IPC4+H01M,1.0,1.25
2001,IR,T,T - IPC4+H01Q,2.0,4.000000000000001
2001,PK,T,T - IPC4+B05D,1.0,2.5
2001,PK,T,T - IPC4+A63B,1.0,3.0
2001,PK,T,T - IPC4+C11D,1.0,1.3928571428571426
2001,PK,T,T - IPC4+G01F,1.0,1.5
2001,AE,E,E - 20_1,1.0,2.0
2001,AE,E,E - 29_18,2.0,4.0
2001,AE,E,E - 32_1,4.0,4.392857142857143
2001,AE,E,E - 34_1,1.0,2.0
2001,AE,E,E - 35_17,2.0,3.0
2001,AE,E,E - 35_19,2.0,4.0
2001,AE,E,E - 37_7,2.0,2.0384615384615383
2001,AE,E,E - 3_2,4.0,6.25
2001,AE,E,E - 3_21,2.0,3.0
2001,AE,E,E - 42_11,1.0,2.0
2001,AE,E,E - 5_10,4.0,4.25
2001,AE,E,E - 5_17,1.0,2.0
2001,AE,E,E - 5_18,3.0,6.0
2001,AE,E,E - 5_5,11.0,11.25
2001,CN,T,T - IPC4+H02G,5.0,8.472222222222216
2001,CN,T,T - IPC4+H01T,8.0,8.633928571428571
2001,CN,T,T - IPC4+H01M,66.0,67.89694273756928
2001,CN,T,T - IPC4+H01Q,46.0,49.3422077922078
2001,CN,T,T - IPC4+G01S,16.0,24.361085646379763
2001,CN,T,T - IPC4+G01H,2.0,2.5
2001,CN,T,T - IPC4+F24H,9.0,11.633333333333333
2001,CN,T,T - IPC4+F24C,8.0,8.386904761904763
2001,CN,T,T - IPC4+F22B,4.0,6.416666666666666
2001,CN,T,T - IPC4+F16G,3.0,7.333333333333334
2001,CN,T,T - IPC4+F16C,12.0,17.591666666666665
2001,CN,T,T - IPC4+F16D,11.0,13.160714285714285
2001,CN,T,T - IPC4+F03G,3.0,3.1666666666666665
2001,CN,T,T - IPC4+F04C,10.0,13.75
2001,CN,T,T - IPC4+F02M,7.0,8.333881578947368
2001,CN,T,T - IPC4+F01M,3.0,3.727272727272726
2001,CN,T,T - IPC4+E21D,3.0,5.200000000000001
2001,CN,T,T - IPC4+E05F,3.0,3.4
2001,CN,T,T - IPC4+E03F,2.0,3.25
2001,CN,T,T - IPC4+E03D,11.0,16.0
2001,CN,T,T - IPC4+E01F,2.0,2.5
2001,CN,T,T - IPC4+E01B,1.0,2.0
2001,CN,T,T - IPC4+C25C,3.0,3.48412698412698
2001,CN,T,T - IPC4+C12N,1064.0,1316.9491386847692
2001,CN,T,T - IPC4+C05G,3.0,3.333333333333333
2001,CN,T,T - IPC4+B67C,1.0,2.0
2001,CN,T,T - IPC4+B65F,2.0,3.5
2001,CN,T,T - IPC4+B64C,5.0,9.533333333333333
2001,CN,T,T - IPC4+B64F,5.0,6.0
2001,CN,T,T - IPC4+B63H,4.0,4.071428571428571
2001,CN,T,T - IPC4+B62K,17.0,17.875
2001,CN,T,T - IPC4+B61F,1.0,1.9999999999999993
2001,CN,T,T - IPC4+B62B,7.0,11.5
2001,CN,T,T - IPC4+B60R,22.0,26.888744588744586
2001,CN,T,T - IPC4+B60J,5.0,5.795454545454546
2001,CN,T,T - IPC4+B60K,6.0,6.081798245614035
2001,CN,T,T - IPC4+B21B,10.0,11.508333333333335
2001,CN,T,T - IPC4+B07B,1.0,3.0
2001,CN,T,T - IPC4+A63H,37.0,40.82857142857143
2001,CN,T,T - IPC4+A63C,13.0,15.083333333333332
2001,CN,T,T - IPC4+A47L,14.0,14.416666666666666
2001,CN,T,T - IPC4+A47F,6.0,6.660714285714286
2001,CN,T,T - IPC4+A47J,36.0,37.675000000000004
2001,CN,T,T - IPC4+A43B,14.0,15.68939393939394
2001,CN,T,T - IPC4+A41B,3.0,6.0
2001,CN,T,T - IPC4+A24D,6.0,6.011904761904763
2001,CN,T,T - IPC4+A23J,2.0,2.1666666666666665
2001,IN,T,T - IPC4+H02K,1.0,2.0
2001,IN,T,T - IPC4+H02B,7.0,7.5
2001,IN,T,T - IPC4+H01H,19.0,23.982142857142854
2001,IN,T,T - IPC4+G05D,11.0,12.325764487085241
2001,IN,T,T - IPC4+F24F,7.0,8.08073593073593
2001,IN,T,T - IPC4+F16D,3.0,3.6
2001,IN,T,T - IPC4+F03D,2.0,2.3636363636363638
2001,IN,T,T - IPC4+F02N,1.0,2.5
2001,IN,T,T - IPC4+D06F,6.0,7.2712121212121215
2001,IN,T,T - IPC4+D06B,1.0,3.0
2001,IN,T,T - IPC4+D01H,1.0,2.0
2001,IN,T,T - IPC4+C10B,1.0,1.9999999999999991
2001,QA,E,E - 16_8,2.0,2.0476190476190474
2001,QA,E,E - 25_15,1.0,2.0
2001,QA,E,E - 29_2,1.0,2.0
2001,QA,E,E - 35_17,4.0,6.0
2001,QA,E,E - 35_21,2.0,2.0476190476190474
2001,QA,E,E - 38_16,2.0,2.0476190476190474
2001,QA,E,E - 41_10,2.0,2.0476190476190474
2001,QA,E,E - 9_0,1.0,2.0
2001,IN,T,T - IPC4+B23H,1.0,3.0
2001,IN,T,T - IPC4+B22D,4.0,4.833333333333333
2001,CN,E,E - 10_8,1.0,2.0
2001,IN,T,T - IPC4+A63H,1.0,2.0
2001,IN,T,T - IPC4+A63B,3.0,4.0
2001,IN,T,T - IPC4+A47J,3.0,4.023809523809524
2001,IN,T,T - IPC4+A47C,2.0,8.08333333333332
2001,IN,T,T - IPC4+A47B,2.0,2.738095238095239
2001,IN,T,T - IPC4+A44B,2.0,2.4166666666666665
2001,QA,T,T - IPC4+B64C,1.0,2.0
2001,QA,T,T - IPC4+E21B,1.0,1.125
2001,IN,T,T - IPC4+A23F,6.0,6.969696969696971
2001,MY,T,T - IPC4+H04N,21.0,31.124449716949737
2001,MY,T,T - IPC4+H01H,1.0,1.666666666666666
2001,MY,T,T - IPC4+G01D,1.0,3.0
2001,MY,T,T - IPC4+F02P,1.0,3.0
2001,MY,T,T - IPC4+F16B,1.0,2.0
2001,MY,T,T - IPC4+E05B,4.0,5.0
2001,MY,T,T - IPC4+C11B,4.0,4.55
2001,MY,T,T - IPC4+C02F,3.0,4.216931216931218
2001,MY,T,T - IPC4+B66C,1.0,1.5
2001,MY,T,T - IPC4+B66D,1.0,1.5
2001,MY,T,T - IPC4+B21D,1.0,2.0
2001,MY,T,T - IPC4+B22C,1.0,2.25
2001,MY,T,T - IPC4+A62D,1.0,1.5
2001,MY,T,T - IPC4+A45D,1.0,1.9999999999999998
2001,MY,T,T - IPC4+A46B,3.0,4.8
2001,MY,T,T - IPC4+A47C,3.0,4.416666666666667
2001,MY,T,T - IPC4+A23D,3.0,3.708333333333334
2001,MY,T,T - IPC4+A01G,2.0,3.3333333333333335
2001,MY,E,E - 19_9,1.0,2.0
2001,MY,E,E - 16_14,5.0,5.035714285714286
2001,MY,E,E - 10_8,3.0,3.5
2001,AE,T,T - IPC4+A61L,1.0,2.0
2001,AE,T,T - IPC4+B65D,1.0,2.5
2001,AE,T,T - IPC4+F03B,2.0,3.2916666666666665
2001,AE,T,T - IPC4+F25B,1.0,2.0
2001,AE,T,T - IPC4+F25D,1.0,2.0
2001,AE,T,T - IPC4+G06F,1.0,1.1333333333333329
2001,AE,T,T - IPC4+G11B,4.0,6.0
2001,AE,T,T - IPC4+H10N,1.0,2.0
2001,SA,E,E - 10_4,2.0,4.0
2001,SA,E,E - 11_7,3.0,4.0
2001,SA,E,E - 14_12,2.0,2.5
2001,SA,E,E - 16_20,1.0,2.0
2001,SA,E,E - 16_7,1.0,2.0
2001,SA,E,E - 16_21,8.0,14.5
2001,SA,E,E - 21_2,1.0,2.0
2001,SA,E,E - 25_15,3.0,4.0
2001,SA,E,E - 26_8,2.0,4.0
2001,SA,E,E - 29_2,6.0,7.05
2001,SA,E,E - 30_16,3.0,3.0454545454545454
2001,SA,E,E - 30_15,1.0,2.0
2001,SA,E,E - 32_4,3.0,5.0
2001,SA,E,E - 35_21,2.0,3.0
2001,SA,E,E - 35_17,5.0,10.0
2001,SA,E,E - 3_3,3.0,4.0
2001,SA,E,E - 3_21,2.0,4.0
2001,SA,E,E - 3_2,3.0,4.0
2001,SA,E,E - 3_9,5.0,10.0
2001,SA,E,E - 41_22,2.0,3.0
2001,SA,E,E - 42_12,14.0,21.347619047619048
2001,SA,E,E - 5_13,2.0,3.0
2001,SA,E,E - 5_7,1.0,2.0
2001,SA,E,E - 7_13,1.0,2.0
2001,SA,E,E - 7_7,1.0,2.0
2001,SA,E,E - 9_18,1.0,2.0
2001,SA,E,E - 9_17,2.0,2.5
2001,SA,T,T - 1197027848,1.0,3.315789473684213
2001,SA,T,T - IPC4+B65D,3.0,3.921052631578946
2001,SA,T,T - IPC4+C07D,2.0,2.333333333333334
2001,SA,T,T - IPC4+E21B,3.0,5.499999999999999
2001,SA,T,T - IPC4+G01G,1.0,1.9999999999999998
2001,AF,T,T - IPC4+C08F,1.0,1.125
2001,IN,E,E - 36_10,1.0,2.0
2001,IN,E,E - 34_8,16.0,18.833333333333336
2001,IN,E,E - 30_15,6.0,6.5
2001,YE,E,E - 35_17,1.0,2.0
2001,IN,E,E - 1_0,2.0,3.0
2001,IN,E,E - 12_13,3.0,4.0
2001,SG,E,E - 11_16,3.0,3.166666666666667
2001,IL,T,T - IPC4+H04S,1.0,3.0
2001,IL,T,T - IPC4+H03F,13.0,17.853571428571428
2001,IL,T,T - IPC4+H02M,13.0,13.528571428571428
2001,IL,T,T - IPC4+H02K,8.0,10.083333333333332
2001,IL,T,T - IPC4+H02H,7.0,11.00250626566416
2001,IL,T,T - IPC4+H02B,2.0,3.0476190476190474
2001,IL,T,T - IPC4+H01Q,33.0,33.05295984209027
2001,IL,T,T - IPC4+H01P,1.0,1.5
2001,IL,T,T - IPC4+H01M,29.0,53.45872420063595
2001,IL,T,T - IPC4+H01H,7.0,8.948412698412696
2001,IL,T,T - IPC4+H01F,18.0,18.314285714285713
2001,IL,T,T - IPC4+H01C,1.0,1.5
2001,IL,T,T - IPC4+G21F,2.0,2.2538461538461543
2001,IL,T,T - IPC4+G10D,1.0,2.0
2001,IL,T,T - IPC4+G09F,37.0,37.221843434343434
2001,IL,T,T - IPC4+G06Q,157.0,167.65566340568424
2001,IL,T,T - IPC4+G04G,2.0,4.333333333333333
2001,IL,T,T - IPC4+G04B,2.0,4.0
2001,IL,T,T - IPC4+G03G,39.0,45.53835470085469
2001,IL,T,T - IPC4+G02C,19.0,27.780092248177354
2001,IL,T,T - IPC4+G01K,18.0,22.875490196078434
2001,IL,T,T - IPC4+F42B,12.0,22.616666666666667
2001,IL,T,T - IPC4+F41H,16.0,20.69047619047619
2001,IL,T,T - IPC4+F41G,12.0,13.642857142857144
2001,IL,T,T - IPC4+F28F,5.0,7.666666666666667
2001,IL,T,T - IPC4+F28D,3.0,4.5
2001,IL,T,T - IPC4+F25C,2.0,2.2
2001,IL,T,T - IPC4+F24S,7.0,7.7
2001,IL,T,T - IPC4+F24F,7.0,7.361471861471861
2001,IL,T,T - IPC4+F24D,4.0,4.45
2001,IL,T,T - IPC4+F16L,16.0,28.35641025641026
2001,IL,T,T - IPC4+F16K,27.0,31.217857142857145
2001,IL,T,T - IPC4+F04D,4.0,5.75
2001,IL,T,T - IPC4+F03B,1.0,2.0
2001,IL,T,T - IPC4+F02D,1.0,1.5
2001,IL,T,T - IPC4+F02C,7.0,7.6101190476190474
2001,IL,T,T - IPC4+F01L,1.0,3.0
2001,IL,T,T - IPC4+F01C,5.0,6.819047619047619
2001,IL,T,T - IPC4+E06B,21.0,33.20357142857143
2001,IL,T,T - IPC4+E05D,4.0,5.0
2001,IL,T,T - IPC4+E05B,25.0,54.08095238095238
2001,IL,T,T - IPC4+E05C,7.0,8.247619047619047
2001,IL,T,T - IPC4+E04H,14.0,14.333333333333332
2001,IL,T,T - IPC4+E04C,5.0,7.192982456140351
2001,IL,T,T - IPC4+E03D,3.0,7.0
2001,IL,T,T - IPC4+E03C,1.0,2.25
2001,IL,T,T - IPC4+E02D,4.0,11.0
2001,IL,T,T - IPC4+E01F,4.0,6.6
2001,IL,T,T - IPC4+D06F,1.0,2.0
2001,IL,T,T - IPC4+D05B,2.0,2.0476190476190474
2001,IL,T,T - IPC4+D04B,6.0,7.188235294117646
2001,IL,T,T - IPC4+C22B,6.0,8.26464646464646
2001,IL,T,T - IPC4+C12G,3.0,5.166666666666667
2001,IL,T,T - IPC4+C10G,12.0,16.21199633699633
2001,IL,T,T - IPC4+C05G,2.0,2.333333333333333
2001,SG,T,T - IPC4+A01D,1.0,1.5
2001,SG,T,T - IPC4+A01G,2.0,3.0
2001,IL,T,T - IPC4+C02F,34.0,41.2939082646744
2001,SG,T,T - IPC4+A21C,1.0,1.777777777777776
2001,SG,T,T - IPC4+A46B,2.0,2.571428571428571
2001,SG,T,T - IPC4+A45D,1.0,1.5
2001,SG,T,T - IPC4+A47B,2.0,2.333333333333333
2001,IL,T,T - IPC4+C01D,5.0,5.285714285714286
2001,SG,T,T - IPC4+A47K,2.0,2.2857142857142856
2001,SG,T,T - IPC4+A47G,1.0,1.2
2001,SG,T,T - IPC4+A61C,1.0,2.0
2001,SG,T,T - IPC4+A61B,11.0,11.60952380952381
2001,SG,T,T - IPC4+A61H,4.0,4.869047619047619
2001,SG,T,T - IPC4+A61M,8.0,10.026315789473685
2001,SG,T,T - IPC4+A62B,2.0,2.3333333333333335
2001,SG,T,T - IPC4+A63B,2.0,2.166666666666666
2001,SG,T,T - IPC4+B02C,1.0,2.0
2001,SG,T,T - IPC4+A63H,1.0,1.5
2001,SG,T,T - IPC4+B24B,19.0,19.42852564102564
2001,IL,T,T - IPC4+B66D,1.0,2.6666666666666665
2001,SG,T,T - IPC4+B60R,4.0,4.1125
2001,SG,T,T - IPC4+B60N,1.0,1.8181818181818172
2001,SG,T,T - IPC4+B62M,6.0,7.0
2001,SG,T,T - IPC4+B65D,12.0,13.63886483886484
2001,IL,T,T - IPC4+B65F,1.0,2.0
2001,SG,T,T - IPC4+B66C,5.0,7.5
2001,IL,T,T - IPC4+B65D,50.0,56.522412146676864
2001,SG,T,T - IPC4+C10G,3.0,3.3428571428571425
2001,IL,T,T - IPC4+B64G,1.0,1.2857142857142854
2001,IL,T,T - IPC4+B64D,3.0,3.5
2001,SG,T,T - IPC4+D04B,1.0,3.0
2001,SG,T,T - IPC4+E02D,3.0,3.666666666666667
2001,SG,T,T - IPC4+E05D,3.0,5.166666666666669
2001,SG,T,T - IPC4+E05F,2.0,2.5
2001,SG,T,T - IPC4+F04F,1.0,1.2
2001,IL,T,T - IPC4+B63B,2.0,4.1
2001,SG,T,T - IPC4+F16L,2.0,4.0
2001,SG,T,T - IPC4+F41A,5.0,9.666666666666666
2001,SG,T,T - IPC4+F25B,2.0,2.4666666666666672
2001,SG,T,T - IPC4+G01H,1.0,2.0
2001,SG,T,T - IPC4+G01F,1.0,2.0
2001,IL,T,T - IPC4+B62D,6.0,6.233333333333333
2001,SG,T,T - IPC4+G06Q,34.0,36.686832611832614
2001,SG,T,T - IPC4+G09B,6.0,8.2
2001,SG,T,T - IPC4+G16B,1.0,2.6666666666666665
2001,IL,T,T - IPC4+B60R,18.0,22.061507936507937
2001,IL,T,T - IPC4+B60K,11.0,12.475
2001,IL,T,T - IPC4+B60B,4.0,4.958333333333333
2001,IL,T,T - IPC4+B28B,2.0,3.5
2001,IL,T,T - IPC4+B26B,8.0,9.799999999999999
2001,IL,T,T - IPC4+B25H,5.0,5.7011494252873565
2001,IL,T,T - IPC4+B24B,10.0,16.64695165945166
2001,IL,T,T - IPC4+B23C,32.0,54.285497835497836
2001,IL,T,T - IPC4+B23B,40.0,75.407683982684
2001,IL,T,T - IPC4+B07B,3.0,3.1875
2001,IL,T,T - IPC4+B03B,2.0,2.8571428571428568
2001,IL,T,T - IPC4+B02C,3.0,3.7142857142857135
2001,IL,T,T - IPC4+A63H,23.0,24.00397454007332
2001,IL,T,T - IPC4+A61H,32.0,33.61242709204894
2001,IL,T,T - IPC4+A61F,177.0,179.68976237465333
2001,IL,T,T - IPC4+A61B,444.0,530.5198927999155
2001,IL,T,T - IPC4+A47F,5.0,5.125
2001,IL,T,T - IPC4+A47D,1.0,1.9999999999999998
2001,IL,T,T - IPC4+A47B,8.0,8.212121212121211
2001,IL,T,T - IPC4+A45D,18.0,22.975000000000005
2001,IL,T,T - IPC4+A43B,3.0,4.333333333333332
2001,IL,T,T - IPC4+A01M,9.0,12.11280193236715
2001,IL,T,T - IPC4+A01G,31.0,37.82723429951692
2001,IL,T,T - IPC4+A01D,7.0,7.249999999999999
2001,IL,T,T - IPC4+A01B,5.0,5.025
2001,JO,E,E - 33_14,1.0,2.0
2001,VN,T,T - IPC4+D06F,1.0,1.75
2001,JO,E,E - 5_10,1.0,2.0
2001,VN,T,T - IPC4+B01J,1.0,1.4285714285714295
2001,VN,T,T - 1197027848,1.0,1.5
2001,BN,T,T - IPC4+E21B,1.0,1.5
2001,SY,E,E - 11_3,1.0,2.0
2001,SY,E,E - 16_21,1.0,2.0
2001,SY,E,E - 25_7,1.0,2.0
2001,SY,E,E - 25_15,2.0,4.0
2001,SY,E,E - 24_5,1.0,2.0
2001,SY,E,E - 29_5,1.0,2.0
2001,SY,E,E - 30_16,2.0,4.0
2001,SY,E,E - 30_12,1.0,2.0
2001,SY,E,E - 30_17,15.0,30.0
2001,SY,E,E - 30_18,2.0,3.0
2001,SY,E,E - 30_3,8.0,16.0
2001,SY,E,E - 38_11,1.0,2.0
2001,SY,E,E - 3_2,2.0,2.5
2001,SY,E,E - 3_8,2.0,4.0
2001,SY,E,E - 42_12,2.0,4.0
2001,SY,E,E - 5_16,1.0,2.0
2001,SY,E,E - 7_13,1.0,2.0
2001,GE,T,T - IPC4+A47K,1.0,1.5
2001,GE,T,T - IPC4+F04F,1.0,2.0
2001,GE,T,T - IPC4+F24S,1.0,1.875
2001,GE,T,T - IPC4+G02B,1.0,2.5
2001,IL,E,E - 39_9,3.0,4.01010101010101
2001,SY,T,T - IPC4+F03B,1.0,1.3333333333333333
2001,SY,T,T - IPC4+G06K,1.0,2.0
2001,SY,T,T - IPC4+H02K,2.0,3.5
2001,BH,T,T - IPC4+G07F,1.0,1.3333333333333333
2001,BH,T,T - IPC4+F04D,1.0,1.3333333333333337
2001,BH,T,T - IPC4+C25C,1.0,1.1666666666666665
2001,BH,T,T - IPC4+B29C,1.0,1.2727272727272718
2001,JO,T,T - IPC4+A61K,8.0,8.224776685303004
2001,JO,T,T - IPC4+B65D,5.0,7.224175824175826
2001,JO,T,T - IPC4+C08F,1.0,3.076923076923075
2001,JO,T,T - IPC4+C12N,2.0,2.2323717948717925
2001,JO,T,T - IPC4+G06Q,1.0,2.571428571428572
2001,BH,E,E - 38_17,2.0,4.0
2001,JP,E,E - 32_0,19.0,20.42361111111111
2001,AM,T,T - IPC4+B60C,1.0,3.0
2001,AM,T,T - IPC4+B65D,1.0,2.0
2001,AM,T,T - IPC4+E05B,1.0,2.0
2001,LK,T,T - IPC4+H04Q,1.0,2.0
2001,LK,T,T - IPC4+H04W,2.0,2.25
2001,AM,T,T - IPC4+G02B,1.0,2.0
2001,LK,T,T - IPC4+G06F,4.0,4.175
2001,LK,T,T - IPC4+B62D,1.0,1.5
2001,LK,T,T - IPC4+A47L,3.0,4.0
2001,LK,T,T - IPC4+A41D,1.0,2.0
2001,AM,T,T - IPC4+H01T,1.0,3.0
2001,TH,T,T - IPC4+A23G,3.0,4.516666666666663
2001,TH,T,T - IPC4+A47C,1.0,2.0
2001,TH,T,T - IPC4+A45D,1.0,5.0
2001,TH,T,T - IPC4+A61J,3.0,3.0104166666666665
2001,TH,T,T - IPC4+B08B,1.0,1.5
2001,TH,T,T - IPC4+B66D,1.0,1.5
2001,TH,T,T - IPC4+B65D,5.0,8.923809523809526
2001,TH,T,T - IPC4+E04C,2.0,3.2222222222222223
2001,TH,T,T - IPC4+F01N,1.0,1.3333333333333333
2001,TH,T,T - IPC4+F03G,1.0,2.0
2001,TH,T,T - IPC4+F16L,4.0,5.0
2001,TH,T,T - IPC4+F16B,3.0,10.590909090909092
2001,TH,T,T - IPC4+F23G,1.0,3.9999999999999987
2001,LK,E,E - 30_18,32.0,32.333333333333336
2001,LK,E,E - 30_12,1.0,2.0
2001,LK,E,E - 16_11,2.0,2.142857142857143
2001,LB,T,T - IPC4+H02K,1.0,1.2
2001,LB,T,T - IPC4+G01R,2.0,2.0555555555555554
2001,LB,T,T - IPC4+C04B,2.0,2.05
2001,LB,T,T - IPC4+B02C,1.0,2.5
2001,LB,E,E - 43_3,1.0,2.0
2001,LB,E,E - 42_12,10.0,14.45
2001,LB,E,E - 42_3,4.0,5.333333333333334
2001,LB,E,E - 42_0,2.0,2.25
2001,LB,E,E - 41_10,1.0,2.0
2001,LB,E,E - 41_18,2.0,4.0
2001,LB,E,E - 3_21,1.0,2.0
2001,LB,E,E - 3_14,3.0,6.0
2001,LB,E,E - 38_19,1.0,2.0
2001,LB,E,E - 38_16,1.0,2.0
2001,LB,E,E - 35_21,2.0,4.0
2001,LB,E,E - 35_25,1.0,2.0
2001,LB,E,E - 33_13,1.0,2.0
2001,LB,E,E - 35_0,2.0,3.0
2001,LB,E,E - 32_4,1.0,2.0
2001,LB,E,E - 32_7,2.0,3.0
2001,LB,E,E - 32_1,1.0,2.0
2001,LB,E,E - 32_2,3.0,4.2
2001,LB,E,E - 30_8,2.0,3.0
2001,LB,E,E - 30_16,1.0,2.0
2001,LB,E,E - 30_17,3.0,6.0
2001,LB,E,E - 29_17,1.0,2.0
2001,LB,E,E - 29_18,2.0,2.2
2001,LB,E,E - 29_2,1.0,2.0
2001,LB,E,E - 19_4,1.0,2.0
2001,LB,E,E - 19_7,1.0,2.0
2001,LB,E,E - 16_11,1.0,2.0
2001,BD,T,T - IPC4+C11D,1.0,1.0962962962962917
2001,BD,T,T - IPC4+C12N,2.0,2.7046296296296255
2001,BD,T,T - IPC4+A61K,2.0,2.3670033670033757
2001,KZ,T,T - IPC4+G08G,1.0,2.0
2001,TR,E,E - 24_14,2.0,2.066666666666667
2001,TR,T,T - IPC4+A01K,3.0,4.295454545454546
2001,TR,T,T - IPC4+A23K,1.0,1.5
2001,TR,T,T - IPC4+A23G,4.0,5.833333333333333
2001,TR,T,T - IPC4+A44C,1.0,2.0
2001,TR,T,T - IPC4+A47L,12.0,15.11111111111111
2001,TR,T,T - IPC4+A47J,4.0,6.333333333333332
2001,TR,T,T - IPC4+A61C,5.0,6.133333333333334
2001,TR,T,T - IPC4+A63B,1.0,2.0
2001,TR,T,T - IPC4+B26D,2.0,3.3333333333333326
2001,TR,T,T - IPC4+B60N,1.0,1.2
2001,TR,T,T - IPC4+C04B,3.0,4.087719298245613
2001,TR,T,T - IPC4+D06F,10.0,17.233333333333334
2001,TR,T,T - IPC4+D21F,2.0,2.574074074074072
2001,TR,T,T - IPC4+E04B,2.0,2.2
2001,TR,T,T - IPC4+F21V,1.0,1.5
2001,TR,T,T - IPC4+F24H,1.0,2.0
2001,TR,T,T - IPC4+F24F,1.0,2.0
2001,TR,T,T - IPC4+F25D,9.0,12.083333333333332
2001,TR,T,T - IPC4+G01C,2.0,2.25
2001,TR,T,T - IPC4+G01S,3.0,4.199999999999999
2001,TR,T,T - IPC4+G07F,2.0,6.0
2001,TR,T,T - IPC4+H01H,4.0,5.0
2001,TR,T,T - IPC4+H01R,2.0,2.5
2001,TR,T,T - IPC4+H02K,3.0,3.833333333333333
2001,TR,T,T - IPC4+H02P,2.0,3.5
2001,KW,E,E - 42_5,1.0,2.0
2001,KW,E,E - 42_9,1.0,2.0
2001,KW,E,E - 42_12,14.0,26.0
2001,KW,E,E - 38_2,1.0,2.0
2001,KW,E,E - 37_13,1.0,2.0
2001,KW,E,E - 35_17,1.0,2.0
2001,KW,E,E - 35_21,3.0,5.0
2001,KW,E,E - 35_0,1.0,2.0
2001,KW,E,E - 29_8,1.0,2.0
2001,KW,E,E - 30_14,1.0,2.0
2001,KW,E,E - 1_0,1.0,2.0
2001,KR,T,T - IPC4+H04R,89.0,101.73285048285051
2001,KR,T,T - IPC4+H02S,1.0,1.2
2001,KR,T,T - IPC4+H02P,53.0,63.79831371908031
2001,KR,T,T - IPC4+H02G,24.0,24.447725885225886
2001,KR,T,T - IPC4+H02K,101.0,139.85904280904282
2001,KR,T,T - IPC4+H01Q,100.0,111.77349927849927
2001,KR,T,T - IPC4+H01J,506.0,622.0438779440814
2001,KR,T,T - IPC4+H01M,196.0,248.92980518958186
2001,KR,T,T - IPC4+G21C,16.0,18.666666666666664
2001,KR,T,T - IPC4+G11B,650.0,825.3979772664503
2001,KR,T,T - IPC4+G11C,691.0,865.087566416722
2001,KR,T,T - IPC4+G10D,5.0,5.05982905982906
2001,KR,T,T - IPC4+G06Q,468.0,662.8182955226665
2001,KR,T,T - IPC4+F25D,90.0,115.24307359307359
2001,KR,T,T - IPC4+F25C,7.0,8.95
2001,KR,T,T - IPC4+F24C,105.0,122.82705627705627
2001,KR,T,T - IPC4+F24F,105.0,128.3462481962482
2001,KR,T,T - IPC4+F16H,116.0,241.54736864442748
2001,KR,T,T - IPC4+F16K,73.0,73.80715950715951
2001,KR,T,T - IPC4+F16F,37.0,37.900432900432904
2001,KR,T,T - IPC4+F04C,36.0,41.89368686868687
2001,KR,T,T - IPC4+F04D,46.0,47.297759103641454
2001,KR,T,T - IPC4+F03B,7.0,9.85
2001,KR,T,T - IPC4+F03D,5.0,5.483333333333333
2001,KR,T,T - IPC4+F04B,95.0,125.32474747474744
2001,KR,T,T - IPC4+F03G,8.0,13.333333333333334
2001,KR,T,T - IPC4+F02D,43.0,49.58555088702147
2001,KR,T,T - IPC4+E05F,25.0,25.652380952380952
2001,KR,T,T - IPC4+E06B,22.0,22.227849927849928
2001,KR,T,T - IPC4+E04H,29.0,37.07380952380953
2001,KR,T,T - IPC4+E05B,43.0,55.78763736263737
2001,KR,T,T - IPC4+E04D,3.0,4.1
2001,KR,T,T - IPC4+E03D,24.0,34.06428571428571
2001,KR,T,T - IPC4+E02B,21.0,29.299999999999997
2001,KR,T,T - IPC4+E01C,9.0,12.22925407925408
2001,KR,T,T - IPC4+E01B,6.0,12.098484848484848
2001,KR,T,T - IPC4+D06F,66.0,98.3489417989418
2001,KR,T,T - IPC4+D05B,13.0,18.12857142857143
2001,KR,T,T - IPC4+C21B,29.0,35.04087301587301
2001,KR,T,T - IPC4+C21C,7.0,7.466666666666666
2001,KR,T,T - IPC4+C06B,3.0,6.5
2001,KR,T,T - IPC4+B66B,25.0,28.93939393939394
2001,KR,T,T - IPC4+B65D,184.0,201.1896952227685
2001,KR,T,T - IPC4+B65F,2.0,2.3
2001,KR,T,T - IPC4+B62D,75.0,102.82544922397862
2001,KR,T,T - IPC4+B62J,2.0,3.0
2001,KR,T,T - IPC4+B62M,23.0,31.9504329004329
2001,KR,T,T - IPC4+B62B,11.0,11.6
2001,KR,T,T - IPC4+B60T,39.0,40.052380952380965
2001,KR,T,T - IPC4+B60W,17.0,18.941736694677868
2001,KR,T,T - IPC4+B60R,116.0,119.77654428904432
2001,KR,T,T - IPC4+B60N,23.0,24.26084656084656
2001,KR,T,T - IPC4+B60P,7.0,7.708333333333333
2001,KR,T,T - IPC4+B60G,23.0,29.988095238095237
2001,KR,T,T - IPC4+B60J,46.0,52.18455988455988
2001,KR,T,T - IPC4+B43K,14.0,19.875
2001,KR,T,T - IPC4+B41F,15.0,15.544344544344543
2001,KR,T,T - IPC4+B30B,9.0,17.390476190476193
2001,KR,T,T - IPC4+B26B,16.0,19.9
2001,KR,T,T - IPC4+B25D,3.0,3.8
2001,KR,T,T - IPC4+B25C,3.0,3.5
2001,KR,T,T - IPC4+B03C,13.0,14.547619047619051
2001,KR,T,T - IPC4+A63F,56.0,67.3268781871723
2001,KR,T,T - IPC4+A63H,33.0,33.87765151515151
2001,KR,T,T - IPC4+A63B,114.0,130.96210456210457
2001,KR,T,T - IPC4+A63C,13.0,13.924242424242422
2001,KR,T,T - IPC4+A61H,54.0,56.7965068619324
2001,KR,T,T - IPC4+A61G,15.0,16.034523809523808
2001,KR,T,T - IPC4+A47L,73.0,108.0768801459978
2001,KR,T,T - IPC4+A47J,62.0,78.15497835497835
2001,KR,T,T - IPC4+A45D,44.0,51.51547619047619
2001,KR,T,T - IPC4+A42B,30.0,38.242512077294684
2001,KR,T,T - IPC4+A43B,35.0,47.242063492063494
2001,KR,T,T - IPC4+A43C,6.0,6.976190476190475
2001,KR,T,T - IPC4+A44B,13.0,16.62063492063492
2001,KR,T,T - IPC4+A24D,8.0,11.461538461538462
2001,KR,T,T - IPC4+A01M,11.0,11.928571428571429
2001,KR,T,T - IPC4+A01G,34.0,41.924469696969695
2001,KR,T,T - IPC4+A01K,60.0,65.40932861464778
2001,KR,T,T - 1197027848,9.0,11.346428571428572
2001,KR,T,T - IPC4+A01B,4.0,4.125
2001,UZ,T,T - IPC4+H05B,1.0,1.3333333333333333
2001,UZ,T,T - IPC4+H01B,1.0,1.3333333333333333
2001,UZ,T,T - IPC4+C04B,3.0,6.777777777777778
2001,AZ,T,T - IPC4+G01V,1.0,1.3333333333333333
2001,AZ,T,T - IPC4+E21B,3.0,3.8484848484848477
2001,AZ,T,T - IPC4+B62D,1.0,2.0
2001,AZ,T,T - IPC4+B60G,1.0,2.0
2001,JP,T,T - IPC4+A21C,37.0,55.668136395767974
2001,JP,T,T - IPC4+A22C,15.0,21.488095238095237
2001,JP,T,T - IPC4+A24B,11.0,13.792002442002442
2001,JP,T,T - IPC4+A24C,22.0,26.279761904761905
2001,JP,T,T - IPC4+A24D,26.0,34.017216117216115
2001,JP,T,T - IPC4+A41B,76.0,78.85082140225332
2001,JP,T,T - IPC4+A42B,33.0,40.19362018197734
2001,JP,T,T - IPC4+A43B,65.0,76.09195249195251
2001,JP,T,T - IPC4+A44B,189.0,267.8156746031746
2001,JP,T,T - IPC4+A44C,52.0,71.49502164502164
2001,JP,T,T - IPC4+A45D,149.0,154.43729897123865
2001,JP,T,T - IPC4+A47L,167.0,245.68310240633966
2001,JP,T,T - IPC4+A61C,150.0,162.35963017221408
2001,JP,T,T - IPC4+A61G,91.0,91.4555194805195
2001,JP,T,T - IPC4+A61F,778.0,1200.4948360027538
2001,JP,T,T - IPC4+A61H,126.0,153.14943112443112
2001,JP,T,T - IPC4+A63B,415.0,429.19000819733003
2001,JP,T,T - IPC4+A63F,804.0,1048.334292490182
2001,JP,T,T - IPC4+B04B,24.0,27.598001508295624
2001,KR,E,E - 8_12,1.0,2.0
2001,JP,T,T - IPC4+B21B,227.0,235.69816374286185
2001,KR,E,E - 5_13,4.0,6.166666666666667
2001,JP,T,T - IPC4+B23H,139.0,159.56870433488086
2001,JP,T,T - IPC4+B25C,38.0,53.66428571428572
2001,JP,T,T - IPC4+B26B,48.0,61.1547619047619
2001,JP,T,T - IPC4+B41F,340.0,368.02133977133974
2001,KR,E,E - 30_14,13.0,18.0
2001,JP,T,T - IPC4+B43K,129.0,198.07487922705315
2001,KR,E,E - 28_12,1.0,2.0
2001,KR,E,E - 27_4,2.0,2.5
2001,KR,E,E - 28_10,1.0,2.0
2001,JP,T,T - IPC4+B60C,371.0,376.73456314712126
2001,KR,E,E - 17_4,2.0,2.018181818181818
2001,KP,T,T - IPC4+H02P,1.0,3.214285714285712
2001,KP,T,T - IPC4+G06Q,1.0,1.5
2001,KP,T,T - IPC4+C10L,1.0,1.0500000000000003
2001,KP,T,T - IPC4+F04B,1.0,1.0714285714285712
2001,KP,T,T - IPC4+C12P,1.0,1.6000000000000003
2001,JP,T,T - IPC4+B66B,190.0,340.31708975778747
2001,JP,T,T - IPC4+B66D,30.0,34.53015873015873
2001,JP,T,T - IPC4+C10B,32.0,37.95845994963642
2001,JP,T,T - IPC4+D04B,130.0,159.15828463761906
2001,JP,T,T - IPC4+D05B,229.0,366.7274947274947
2001,JP,T,T - IPC4+D06F,93.0,133.25410464292045
2001,JP,T,T - IPC4+E03D,31.0,39.74924132979798
2001,JP,T,T - IPC4+E05B,230.0,236.16517800826617
2001,JP,T,T - IPC4+F03D,16.0,19.589935064935066
2001,JP,T,T - IPC4+F04B,688.0,822.0838988850909
2001,JP,T,T - IPC4+F04C,303.0,314.9335738579652
2001,KP,E,E - 9_13,2.0,2.142857142857143
2001,KP,E,E - 42_12,1.0,2.0
2001,KP,E,E - 3_9,1.0,2.0
2001,KP,E,E - 41_11,1.0,2.0
2001,KP,E,E - 38_0,2.0,2.1
2001,KP,E,E - 36_8,1.0,2.0
2001,KP,E,E - 35_17,1.0,2.0
2001,KP,E,E - 34_1,4.0,6.0
2001,KP,E,E - 12_11,7.0,8.333333333333332
2001,JP,T,T - IPC4+F24F,381.0,429.2564577562989
2001,JP,T,T - IPC4+F25C,39.0,46.58650793650792
2001,JP,T,T - IPC4+G01F,193.0,201.29461101763738
2001,JP,T,T - IPC4+G06Q,1640.0,1694.5408946548812
2001,JP,T,T - IPC4+G10D,42.0,58.534449760765554
2001,JP,T,T - IPC4+G11B,6758.0,7723.3185531827185
2001,JP,T,T - IPC4+G11C,2386.0,2520.563932804275
2001,JP,T,T - IPC4+H01G,651.0,680.0495530522433
2001,JP,T,T - IPC4+H01H,890.0,1132.0154618150164
2001,JP,T,T - IPC4+H01J,2343.0,2354.0320049004645
2001,JP,T,T - IPC4+H01M,1902.0,2499.7509860150512
2001,JP,T,T - IPC4+H01P,543.0,635.809737974444
2001,JP,T,T - IPC4+H01R,1932.0,2340.526071737637
2001,JP,T,T - IPC4+H01Q,669.0,774.0229854639058
2001,JP,T,T - IPC4+H01T,142.0,151.17438672438672
2001,JP,T,T - IPC4+H02B,112.0,127.68502886002885
2001,JP,T,T - IPC4+H02K,1199.0,1403.3228951717686
2001,JP,T,T - IPC4+H02M,695.0,726.9654352325708
2001,JP,T,T - IPC4+H04R,472.0,476.5229149359787
2001,ID,T,T - IPC4+H04M,4.0,4.352201257861634
2001,ID,T,T - IPC4+H01M,2.0,3.499999999999999
2001,ID,T,T - IPC4+F16D,1.0,1.25
2001,ID,T,T - IPC4+F02D,1.0,1.5
2001,ID,T,T - IPC4+E04C,1.0,3.0
2001,ID,T,T - IPC4+D21H,2.0,3.2
2001,ID,T,T - IPC4+C23G,1.0,1.3333333333333333
2001,ID,T,T - IPC4+C22B,1.0,2.0000000000000004
2001,KH,T,T - IPC4+H01M,1.0,1.4999999999999996
2001,KH,T,T - IPC4+H01L,1.0,1.5
2001,ID,T,T - IPC4+C09K,1.0,3.0
2001,ID,T,T - IPC4+C08K,1.0,3.0
2001,ID,T,T - IPC4+C05F,1.0,2.25
2001,ID,T,T - IPC4+B41J,5.0,7.033333333333333
2001,ID,T,T - IPC4+B29C,8.0,8.7
2001,ID,E,E - 29_18,2.0,4.0
2002,OM,E,E - 30_12,1.0,2.0
2002,OM,E,E - 29_1,1.0,2.0
2002,VN,T,T - IPC4+C03C,1.0,2.0
2002,JO,E,E - 42_3,2.0,3.0
2002,JO,E,E - 42_12,6.0,8.0
2002,IR,E,E - 3_21,1.0,2.0
2002,IR,E,E - 3_19,1.0,2.0
2002,JO,E,E - 36_8,1.0,2.0
2002,IR,E,E - 3_14,1.0,2.0
2002,CY,T,T - IPC4+H01M,2.0,2.8125000000000013
2002,JO,E,E - 30_11,2.0,2.142857142857143
2002,JO,E,E - 2_3,2.0,4.0
2002,JO,E,E - 2_11,3.0,6.0
2002,VN,T,T - IPC4+H03K,1.0,1.5
2002,CY,T,T - IPC4+E04F,4.0,4.125000000000002
2002,JO,E,E - 25_5,1.0,2.0
2002,CY,T,T - IPC4+C01B,1.0,2.6666666666666665
2002,CY,T,T - IPC4+B82B,1.0,1.3333333333333333
2002,CY,T,T - IPC4+B42D,2.0,4.9375
2002,JO,E,E - 17_0,2.0,4.0
2002,CY,T,T - IPC4+B29C,2.0,3.833333333333334
2002,CY,T,T - IPC4+A61H,3.0,3.785714285714287
2002,JO,E,E - 16_21,4.0,8.0
2002,JO,E,E - 16_12,1.0,2.0
2002,ID,T,T - IPC4+A43B,2.0,3.285714285714285
2002,ID,T,T - IPC4+A61L,2.0,2.8888888888888893
2002,IQ,T,T - IPC4+F16F,1.0,1.2
2002,IQ,T,T - IPC4+A01K,1.0,2.0
2002,ID,T,T - IPC4+B41J,5.0,5.809523809523809
2002,ID,T,T - IPC4+B60T,1.0,1.125
2002,ID,T,T - IPC4+B65B,1.0,1.5000000000000002
2002,ID,T,T - IPC4+B65D,3.0,3.63030303030303
2002,ID,T,T - IPC4+C02F,1.0,2.0000000000000004
2002,SY,E,E - 16_11,5.0,8.0
2002,SY,E,E - 25_13,2.0,2.25
2002,SY,E,E - 25_15,2.0,3.0
2002,SY,E,E - 29_1,1.0,2.0
2002,SY,E,E - 30_14,1.0,2.0
2002,SY,E,E - 30_16,1.0,2.0
2002,SY,E,E - 30_17,2.0,4.0
2002,SY,E,E - 30_3,1.0,2.0
2002,SY,E,E - 32_4,1.0,2.0
2002,SY,E,E - 35_1,1.0,2.0
2002,SY,E,E - 3_14,1.0,2.0
2002,SY,E,E - 3_21,1.0,2.0
2002,SY,E,E - 3_3,3.0,6.0
2002,SY,E,E - 42_0,1.0,2.0
2002,SY,E,E - 5_10,1.0,2.0
2002,SY,E,E - 5_20,1.0,2.0
2002,SY,E,E - 9_11,1.0,2.0
2002,ID,T,T - IPC4+D21H,5.0,5.673611111111112
2002,ID,T,T - IPC4+E21B,4.0,4.066666666666666
2002,ID,T,T - IPC4+F16D,1.0,1.875
2002,NP,T,T - IPC4+C25D,1.0,2.0
2002,PH,E,E - 3_4,1.0,2.0
2002,GE,T,T - IPC4+B67D,1.0,1.6666666666666672
2002,GE,T,T - IPC4+F24S,1.0,1.125
2002,GE,T,T - IPC4+F42B,1.0,1.3333333333333333
2002,GE,T,T - IPC4+G02B,1.0,1.5
2002,ID,T,T - IPC4+H01M,2.0,2.499999999999999
2002,PH,T,T - IPC4+A45D,1.0,2.0
2002,PH,T,T - IPC4+A47L,1.0,1.0714285714285712
2002,PH,T,T - IPC4+A47G,3.0,3.5
2002,PH,T,T - IPC4+A61F,6.0,6.327956989247314
2002,PH,T,T - IPC4+B29C,3.0,4.583333333333332
2002,SY,T,T - IPC4+A61M,1.0,1.5
2002,PH,T,T - IPC4+B65D,3.0,4.0
2002,PH,T,T - IPC4+F02M,1.0,1.5
2002,PH,T,T - IPC4+F03D,1.0,3.0
2002,PH,T,T - IPC4+H02M,3.0,3.1666666666666665
2002,IR,T,T - IPC4+E04B,1.0,1.5
2002,PK,E,E - 34_8,1.0,2.0
2002,PK,E,E - 42_5,2.0,2.5
2002,IR,T,T - IPC4+G01L,1.0,1.2
2002,IR,T,T - IPC4+G08G,1.0,1.5
2002,IR,T,T - IPC4+H03L,1.0,1.0714285714285712
2002,IL,E,E - 30_6,1.0,2.0
2002,PK,T,T - IPC4+G01F,2.0,2.5
2002,BH,T,T - IPC4+B29C,1.0,2.3333333333333317
2002,AE,E,E - 10_7,1.0,2.0
2002,JP,T,T - IPC4+H03H,881.0,916.7046932372339
2002,IL,E,E - 11_13,2.0,3.0
2002,JP,T,T - IPC4+H02M,724.0,745.8694514663706
2002,JP,T,T - IPC4+H02K,1350.0,1670.1448926737803
2002,JP,T,T - IPC4+H02B,106.0,121.68798701298701
2002,JP,T,T - IPC4+H01T,155.0,189.1500180375181
2002,JO,T,T - IPC4+C10J,1.0,1.0500000000000003
2002,AE,E,E - 14_8,3.0,6.0
2002,JP,T,T - IPC4+H01R,1849.0,2305.964720351817
2002,JP,T,T - IPC4+H01P,646.0,682.8730612352903
2002,JP,T,T - IPC4+H01Q,754.0,803.3030011391544
2002,JP,T,T - IPC4+H01M,2207.0,2913.339688119117
2002,JP,T,T - IPC4+H01J,2681.0,2754.398358587811
2002,JP,T,T - IPC4+H01H,879.0,1098.2682640050868
2002,JO,T,T - IPC4+F16H,2.0,3.038461538461539
2002,JP,T,T - IPC4+G11C,2371.0,2432.8935141700285
2002,JO,T,T - IPC4+G06F,2.0,2.4
2002,JP,T,T - IPC4+G11B,7119.0,8679.191400525957
2002,JP,T,T - IPC4+G10D,35.0,35.96515151515151
2002,JP,T,T - IPC4+G06Q,2947.0,3286.3962143207905
2002,IL,T,T - IPC4+A01B,4.0,5.7
2002,IL,T,T - IPC4+A01F,2.0,2.5625
2002,IL,T,T - IPC4+A01G,38.0,38.358145499002276
2002,AE,E,E - 21_2,2.0,2.1666666666666665
2002,IL,T,T - IPC4+A01M,13.0,13.71540605563354
2002,JP,T,T - IPC4+G03G,2767.0,2987.4685633608133
2002,IL,T,T - IPC4+A22C,1.0,1.5
2002,AE,E,E - 24_14,2.0,3.0
2002,IL,T,T - IPC4+A24F,1.0,2.0
2002,IL,T,T - IPC4+A43C,2.0,3.3333333333333335
2002,IL,T,T - IPC4+A46B,12.0,15.845441595441596
2002,IL,T,T - IPC4+A47C,15.0,16.716666666666665
2002,IL,T,T - IPC4+A47D,2.0,2.3333333333333335
2002,JP,T,T - IPC4+G01F,251.0,262.1266539746802
2002,IL,T,T - IPC4+A61B,553.0,660.9575819716814
2002,IL,T,T - IPC4+A61D,8.0,8.760714285714284
2002,IL,T,T - IPC4+A61F,222.0,228.95978411070968
2002,JP,T,T - IPC4+F24F,393.0,413.46221516106306
2002,JP,T,T - IPC4+F23R,35.0,45.88152582711406
2002,AE,E,E - 30_18,2.0,2.2
2002,IL,T,T - IPC4+B07B,4.0,4.006060606060606
2002,AE,E,E - 32_1,10.0,12.5
2002,IL,T,T - IPC4+B23C,45.0,74.25573593073592
2002,IL,T,T - IPC4+B23H,3.0,4.0158119658119675
2002,KP,E,E - 11_15,3.0,4.25
2002,KP,E,E - 12_11,4.0,7.0
2002,JP,T,T - IPC4+F16H,1487.0,1576.8896675667113
2002,JP,T,T - IPC4+F16G,144.0,152.20652278005215
2002,IL,T,T - IPC4+B25B,10.0,11.507575757575758
2002,KP,E,E - 29_8,1.0,2.0
2002,KP,E,E - 30_12,1.0,2.0
2002,AE,E,E - 35_12,3.0,4.125
2002,JP,T,T - IPC4+F16B,309.0,309.3115384615383
2002,IL,T,T - IPC4+B25G,3.0,3.1818181818181817
2002,IL,T,T - IPC4+B26B,6.0,7.1
2002,KP,E,E - 7_2,2.0,2.25
2002,AE,E,E - 35_20,1.0,2.0
2002,JP,T,T - IPC4+F04D,313.0,343.9726693342255
2002,JP,T,T - IPC4+F04B,693.0,784.9734619819562
2002,JP,T,T - IPC4+F04C,337.0,457.10476030116314
2002,KP,E,E - 9_7,1.0,2.0
2002,JP,T,T - IPC4+F03B,22.0,22.184920634920633
2002,AE,E,E - 36_11,1.0,2.0
2002,IL,T,T - IPC4+B41J,61.0,64.51840226766697
2002,IL,T,T - IPC4+B60B,1.0,2.0
2002,IL,T,T - IPC4+B60C,1.0,3.0
2002,JP,T,T - IPC4+F01L,419.0,420.88013993708836
2002,IL,T,T - IPC4+B60J,3.0,3.2222222222222223
2002,IL,T,T - IPC4+B60N,2.0,2.3749999999999996
2002,SG,T,T - IPC4+H04R,12.0,15.316666666666666
2002,JP,T,T - IPC4+E05B,217.0,221.6158236105141
2002,SG,T,T - IPC4+H01K,1.0,1.1428571428571426
2002,SG,T,T - IPC4+G08B,3.0,3.25
2002,SG,T,T - IPC4+F41A,6.0,7.666666666666667
2002,SG,T,T - IPC4+E01F,1.0,2.0
2002,SG,T,T - IPC4+D04H,1.0,1.0909090909090904
2002,SG,T,T - IPC4+D06F,15.0,15.354761904761904
2002,SG,T,T - IPC4+D05B,1.0,2.0
2002,IL,T,T - IPC4+B64C,10.0,11.669047619047618
2002,BH,E,E - 34_8,1.0,2.0
2002,SG,T,T - IPC4+C11D,8.0,10.602094177752072
2002,SG,T,T - IPC4+B65D,24.0,29.972485847485842
2002,JP,T,T - IPC4+E01H,36.0,50.37448107448107
2002,SG,T,T - IPC4+B62M,5.0,5.083333333333334
2002,SG,T,T - IPC4+B62K,1.0,1.6666666666666665
2002,SG,T,T - IPC4+B60N,1.0,2.0
2002,BH,E,E - 17_10,1.0,2.0
2002,IL,T,T - IPC4+B66D,5.0,8.666666666666666
2002,SG,T,T - IPC4+B27N,1.0,2.4615384615384617
2002,SG,T,T - IPC4+B24C,1.0,1.9999999999999998
2002,SG,T,T - IPC4+B22F,6.0,7.15952380952381
2002,IL,T,T - IPC4+B67C,1.0,3.0
2002,SG,T,T - IPC4+B02C,1.0,2.0
2002,SG,T,T - IPC4+A47L,6.0,8.393939393939398
2002,JP,T,T - IPC4+D06F,116.0,168.6080401810665
2002,SG,T,T - IPC4+A47F,2.0,2.5
2002,SG,T,T - IPC4+A45D,3.0,5.0
2002,SG,T,T - IPC4+A44C,3.0,4.1736111111111125
2002,JP,T,T - IPC4+D05B,203.0,348.0829593609006
2002,IL,T,T - IPC4+C01F,4.0,5.226190476190475
2002,SG,T,T - IPC4+A01K,12.0,14.091049935979516
2002,JP,T,T - IPC4+D04B,152.0,167.19765009672133
2002,JP,T,T - IPC4+D01H,57.0,69.11457431457433
2002,AE,E,E - 41_3,2.0,2.0105263157894737
2002,AE,E,E - 41_4,1.0,2.0
2002,IL,T,T - IPC4+C09J,2.0,3.25
2002,IL,T,T - IPC4+C10L,2.0,2.75
2002,IL,T,T - IPC4+C25C,2.0,3.2
2002,IL,T,T - IPC4+D02G,5.0,5.6089743589743595
2002,IL,T,T - IPC4+D03D,4.0,4.7
2002,IL,T,T - IPC4+D05B,4.0,4.452380952380952
2002,IL,T,T - IPC4+D06F,3.0,3.8
2002,AE,E,E - 5_21,1.0,2.0
2002,AE,E,E - 5_3,1.0,2.0
2002,IL,T,T - IPC4+E05B,26.0,29.122619047619047
2002,IL,T,T - IPC4+E06B,23.0,26.56111111111111
2002,IL,T,T - IPC4+E21B,2.0,2.9
2002,IL,T,T - IPC4+F01K,10.0,10.471428571428572
2002,TH,E,E - 32_4,2.0,4.0
2002,JP,T,T - IPC4+B66C,68.0,73.76911976911978
2002,IL,T,T - IPC4+F03B,4.0,4.333333333333333
2002,JP,T,T - IPC4+B66B,209.0,281.3999415313369
2002,KP,T,T - IPC4+A47L,1.0,2.2857142857142856
2002,IL,T,T - IPC4+F16H,4.0,4.9191176470588225
2002,IL,T,T - IPC4+F16J,6.0,7.178571428571429
2002,IL,T,T - IPC4+F16K,29.0,29.34404761904762
2002,IL,T,T - IPC4+F16L,13.0,14.1967032967033
2002,IL,T,T - IPC4+F16M,3.0,4.083333333333333
2002,KP,T,T - IPC4+H02K,1.0,3.0000000000000018
2002,KP,T,T - IPC4+H02P,1.0,2.5714285714285716
2002,JP,T,T - IPC4+B62B,60.0,77.18191238585976
2002,JP,T,T - IPC4+B61F,18.0,19.3703211517165
2002,KR,E,E - 15_4,3.0,3.5
2002,IL,T,T - IPC4+F24F,14.0,15.667171717171712
2002,IL,T,T - IPC4+F24S,11.0,14.407051282051283
2002,JP,T,T - IPC4+B60T,528.0,551.6295125195415
2002,JP,T,T - IPC4+B60N,366.0,392.56151597999434
2002,IL,T,T - IPC4+F41A,4.0,5.5
2002,IL,T,T - IPC4+F41G,16.0,17.076190476190476
2002,IL,T,T - IPC4+F41H,14.0,15.765608465608466
2002,IL,T,T - IPC4+F42B,12.0,21.875
2002,JP,T,T - IPC4+B60C,438.0,454.2650206971895
2002,KR,E,E - 29_17,1.0,2.0
2002,JP,T,T - IPC4+B43K,118.0,159.8088137707703
2002,KR,E,E - 34_1,17.0,18.5
2002,IL,T,T - IPC4+G04B,4.0,4.055555555555555
2002,JP,T,T - IPC4+B26B,56.0,99.33166000666002
2002,AM,T,T - IPC4+B22F,1.0,2.0
2002,AM,T,T - IPC4+B60J,1.0,2.0
2002,JP,T,T - IPC4+B25C,56.0,70.55714285714285
2002,SG,E,E - 7_4,2.0,2.090909090909091
2002,CN,T,T - IPC4+H03F,23.0,24.072222222222223
2002,CN,T,T - IPC4+H02B,1.0,3.0
2002,JP,T,T - IPC4+B23H,130.0,148.4835968640922
2002,CN,T,T - IPC4+G07D,5.0,5.002380952380953
2002,CN,T,T - IPC4+G01H,1.0,2.0
2002,CN,T,T - IPC4+F25D,15.0,17.023809523809522
2002,CN,T,T - IPC4+F16D,13.0,22.803571428571427
2002,AM,T,T - IPC4+E05B,1.0,2.0
2002,CN,T,T - IPC4+F16C,8.0,11.936507936507937
2002,CN,T,T - IPC4+F04C,6.0,7.625
2002,CN,T,T - IPC4+F03G,5.0,5.583333333333333
2002,CN,T,T - IPC4+F03D,2.0,4.227272727272727
2002,IL,T,T - IPC4+H01M,41.0,58.93042021295696
2002,CN,T,T - IPC4+F01L,3.0,3.9090909090909083
2002,CN,T,T - IPC4+F01C,4.0,5.75
2002,IL,T,T - IPC4+H01Q,38.0,40.71399048285238
2002,CN,T,T - IPC4+E03D,13.0,17.65
2002,CN,T,T - IPC4+E02D,9.0,10.7512077294686
2002,IL,T,T - IPC4+H01T,3.0,4.666666666666666
2002,CN,T,T - IPC4+D21F,2.0,3.037037037037037
2002,IL,T,T - IPC4+H02K,9.0,10.166666666666666
2002,LK,T,T - IPC4+H02K,1.0,3.5
2002,IL,T,T - IPC4+H02M,19.0,20.898809523809522
2002,JP,T,T - IPC4+B04B,40.0,44.811926961926964
2002,CN,T,T - IPC4+C12G,4.0,5.5
2002,SG,E,E - 29_5,2.0,2.0714285714285716
2002,JP,T,T - IPC4+B02C,122.0,123.49596648946397
2002,IL,T,T - IPC4+H03F,14.0,14.313935574229694
2002,CN,T,T - IPC4+B64G,1.0,1.2
2002,JP,T,T - IPC4+A63F,778.0,913.737846863236
2002,CN,T,T - IPC4+B62B,10.0,10.708333333333332
2002,JP,T,T - IPC4+A63C,29.0,44.91865634365635
2002,CN,T,T - IPC4+B60K,9.0,10.900877192982454
2002,JP,T,T - IPC4+A63B,430.0,465.2673106393034
2002,CN,T,T - IPC4+B43K,7.0,9.5
2002,AM,T,T - IPC4+H01L,4.0,4.738095238095238
2002,CN,T,T - IPC4+B25D,1.0,2.0
2002,CN,T,T - IPC4+B25C,2.0,4.0
2002,AM,T,T - IPC4+H02P,6.0,9.0
2002,CN,T,T - IPC4+B21B,6.0,11.50909090909091
2002,CN,T,T - IPC4+A63C,12.0,12.583333333333332
2002,JP,T,T - IPC4+A61H,122.0,132.69338475851637
2002,JP,T,T - IPC4+A61F,878.0,1180.6352303326732
2002,CN,T,T - IPC4+A47K,12.0,12.35
2002,CN,T,T - IPC4+A47C,19.0,19.333333333333332
2002,CN,T,T - IPC4+A44B,9.0,9.166666666666668
2002,JP,T,T - IPC4+A61C,149.0,157.60913418237243
2002,IN,E,E - 10_5,5.0,7.0
2002,JP,T,T - IPC4+A47L,163.0,204.07213215927882
2002,JP,T,T - IPC4+A47J,143.0,161.64754357251556
2002,CN,T,T - IPC4+A01D,1.0,4.0
2002,JP,T,T - IPC4+A47D,14.0,15.5495670995671
2002,IN,T,T - IPC4+H02K,1.0,3.500000000000003
2002,JP,T,T - IPC4+A45D,172.0,191.73596121370883
2002,JP,T,T - IPC4+A44C,63.0,74.9561161061161
2002,JP,T,T - IPC4+A44B,195.0,259.53096764346765
2002,JP,T,T - IPC4+A43B,73.0,83.94649766642024
2002,JP,T,T - IPC4+A42B,30.0,34.939440762201194
2002,IN,E,E - 14_12,2.0,2.3333333333333335
2002,JP,T,T - IPC4+A21C,44.0,77.9083285135917
2002,JP,T,T - IPC4+A01D,66.0,105.08190836940838
2002,AZ,T,T - IPC4+A61B,2.0,2.2
2002,IN,E,E - 1_1,2.0,2.1666666666666665
2002,UZ,T,T - 1197027848,2.0,6.999999999999993
2002,IN,T,T - IPC4+F16B,2.0,2.2666666666666666
2002,TH,T,T - IPC4+A23G,6.0,7.549999999999993
2002,IN,T,T - IPC4+F02N,1.0,1.5625
2002,TH,T,T - IPC4+B07C,1.0,3.0
2002,TH,T,T - IPC4+B21B,1.0,2.0000000000000004
2002,TH,T,T - IPC4+B60D,1.0,2.0
2002,TH,T,T - IPC4+B60R,5.0,9.233333333333333
2002,TH,T,T - IPC4+B67B,2.0,2.1666666666666665
2002,TH,T,T - IPC4+F03G,2.0,3.0
2002,TH,T,T - IPC4+F16B,2.0,3.0
2002,MN,T,T - IPC4+C10G,1.0,1.5
2002,TH,T,T - IPC4+G01R,4.0,6.166666666666667
2002,TH,T,T - IPC4+G04G,1.0,2.0
2002,TH,T,T - IPC4+G08G,1.0,1.5
2002,TH,T,T - IPC4+H05K,4.0,7.25
2002,IN,E,E - 34_8,12.0,14.0
2002,IN,T,T - IPC4+C14C,2.0,4.0
2002,QA,E,E - 1_20,1.0,2.0
2002,QA,E,E - 35_0,1.0,2.0
2002,QA,E,E - 35_21,1.0,2.0
2002,QA,E,E - 37_0,1.0,2.0
2002,QA,E,E - 38_16,1.0,2.0
2002,QA,E,E - 38_19,1.0,2.0
2002,QA,E,E - 3_2,1.0,2.0
2002,QA,E,E - 41_10,1.0,2.0
2002,QA,E,E - 42_12,1.0,2.0
2002,QA,E,E - 42_0,1.0,2.0
2002,QA,E,E - 9_0,1.0,2.0
2002,LK,E,E - 38_11,5.0,6.583333333333334
2002,LK,E,E - 12_3,3.0,4.0625
2002,CN,E,E - 3_2,4.0,4.2
2002,IN,T,T - IPC4+B60T,2.0,2.1666666666666665
2002,IN,E,E - 42_12,6.0,6.25
2002,KR,T,T - IPC4+A01B,4.0,5.124999999999999
2002,KR,T,T - IPC4+A01D,6.0,8.324175824175823
2002,KR,T,T - IPC4+A01F,1.0,1.9999999999999998
2002,KR,T,T - IPC4+A01K,74.0,81.34382173024335
2002,KR,T,T - IPC4+A23G,27.0,31.224342631801516
2002,CN,E,E - 1_6,1.0,2.0
2002,KR,T,T - IPC4+A24B,5.0,7.333333333333332
2002,CN,E,E - 1_20,2.0,2.0476190476190474
2002,KR,T,T - IPC4+A41B,13.0,15.399999999999999
2002,KR,T,T - IPC4+A43B,43.0,55.11050061050061
2002,KR,T,T - IPC4+A43C,9.0,10.69047619047619
2002,KR,T,T - IPC4+A44B,17.0,24.80793650793651
2002,KR,T,T - IPC4+A45D,63.0,74.57103174603176
2002,KR,T,T - IPC4+A47C,65.0,70.48730158730156
2002,KR,T,T - IPC4+A47L,110.0,221.62082166199812
2002,KR,T,T - IPC4+A61C,39.0,46.1929734537493
2002,KR,T,T - IPC4+A63B,113.0,135.55162337662335
2002,KR,T,T - IPC4+A63C,23.0,27.604978354978357
2002,KR,T,T - IPC4+A63H,45.0,49.55034366218577
2002,KR,T,T - IPC4+B23C,9.0,9.241666666666665
2002,KR,T,T - IPC4+B23K,73.0,74.91558164058162
2002,KR,T,T - IPC4+B23H,8.0,9.326190476190476
2002,KR,T,T - IPC4+B25J,46.0,47.735532931121156
2002,KR,T,T - IPC4+B26B,10.0,11.25
2002,KR,T,T - IPC4+B31F,5.0,5.875
2002,KR,T,T - IPC4+B41J,149.0,175.52999639249643
2002,KR,T,T - IPC4+B43K,25.0,31.479166666666664
2002,KR,T,T - IPC4+B60C,24.0,30.65213675213675
2002,KR,T,T - IPC4+B60G,20.0,31.762907268170423
2002,KR,T,T - IPC4+B60R,120.0,120.47051126977601
2002,KR,T,T - IPC4+B60S,23.0,25.413419913419915
2002,KR,T,T - IPC4+B60T,32.0,34.003049401578814
2002,KR,T,T - IPC4+B62D,102.0,146.79533146591967
2002,KR,T,T - IPC4+B62K,13.0,13.938888888888888
2002,KR,T,T - IPC4+B62M,20.0,21.01096681096681
2002,KR,T,T - IPC4+B63B,11.0,17.35
2002,KR,T,T - IPC4+B65D,176.0,204.02723274076712
2002,KR,T,T - IPC4+B66F,16.0,17.611904761904764
2002,IN,T,T - IPC4+A47C,2.0,5.4999999999999964
2002,IN,T,T - IPC4+A47B,1.0,1.7777777777777783
2002,IN,T,T - IPC4+A46B,1.0,2.0
2002,KR,T,T - IPC4+C10J,2.0,3.5285714285714276
2002,IN,T,T - IPC4+A44C,1.0,2.0
2002,KR,T,T - IPC4+C22F,7.0,7.576800976800976
2002,KR,T,T - IPC4+D06F,79.0,140.52356902356902
2002,KR,T,T - IPC4+D21C,4.0,4.5347222222222205
2002,KR,T,T - IPC4+E01B,6.0,6.25
2002,KR,T,T - IPC4+E01D,19.0,20.60104617604618
2002,KR,T,T - IPC4+E01C,13.0,13.676190476190477
2002,QA,T,T - IPC4+B64C,1.0,4.0
2002,KR,T,T - IPC4+E02B,27.0,30.32261904761905
2002,KR,T,T - IPC4+E02D,30.0,34.695238095238096
2002,KR,T,T - IPC4+E03D,18.0,23.366666666666667
2002,KR,T,T - IPC4+E03F,10.0,14.208333333333336
2002,QA,T,T - IPC4+G06Q,2.0,2.333333333333333
2002,KR,T,T - IPC4+E04H,40.0,44.32142857142858
2002,KR,T,T - IPC4+E05B,49.0,59.72223054723055
2002,KR,T,T - IPC4+E05F,29.0,31.330303030303035
2002,KR,T,T - IPC4+E06B,23.0,23.266666666666666
2002,KR,T,T - IPC4+E21B,11.0,12.509126984126986
2002,KR,T,T - IPC4+F01N,26.0,29.904404582345755
2002,KR,T,T - IPC4+F01P,7.0,8.333333333333332
2002,KR,T,T - IPC4+F02D,40.0,41.309808573779165
2002,KR,T,T - IPC4+F02M,38.0,41.98763528138527
2002,KR,T,T - IPC4+F03B,3.0,3.333333333333333
2002,KR,T,T - IPC4+F03D,7.0,8.75
2002,KR,T,T - IPC4+F04B,150.0,236.11030358530357
2002,KR,T,T - IPC4+F03G,8.0,9.133333333333333
2002,KR,T,T - IPC4+F04C,35.0,46.1070707070707
2002,KR,T,T - IPC4+F04D,68.0,94.44660568189978
2002,KR,T,T - IPC4+F16B,19.0,19.571978021978023
2002,KR,T,T - IPC4+F16D,37.0,38.08122400475341
2002,KR,T,T - IPC4+F16H,132.0,258.32008236861174
2002,KR,T,T - IPC4+F16L,64.0,69.88056339085749
2002,KR,T,T - IPC4+F17C,7.0,8.100198412698411
2002,KR,T,T - IPC4+F22B,5.0,6.604166666666666
2002,KR,T,T - IPC4+F24C,94.0,103.09007936507938
2002,KR,T,T - IPC4+F24F,119.0,144.61154401154394
2002,KR,T,T - IPC4+F25B,99.0,104.67137445887444
2002,KR,T,T - IPC4+F25D,101.0,146.10039682539684
2002,KR,T,T - IPC4+F25C,8.0,10.4
2002,KR,T,T - IPC4+F41A,5.0,5.472222222222222
2002,KR,T,T - IPC4+F41G,4.0,4.25
2002,KR,T,T - IPC4+G02F,832.0,887.4626446845326
2002,KR,T,T - IPC4+G04B,8.0,13.250000000000002
2002,KR,T,T - IPC4+G06Q,373.0,463.8177138003009
2002,KR,T,T - IPC4+G09G,474.0,500.48429591223567
2002,KR,T,T - IPC4+G11B,721.0,1174.6786505088119
2002,KR,T,T - IPC4+G11C,608.0,840.6638333497989
2002,KR,T,T - IPC4+G16H,13.0,13.346031746031745
2002,KR,T,T - IPC4+G21C,15.0,17.741666666666667
2002,KR,T,T - IPC4+H01H,62.0,82.02609126984123
2002,KR,T,T - IPC4+H01J,537.0,645.4759084783134
2002,KR,T,T - IPC4+H01L,2442.0,2933.8958749868693
2002,KR,T,T - IPC4+H01M,230.0,309.2493356383642
2002,KR,T,T - IPC4+H01P,72.0,76.6651875901876
2002,KR,T,T - IPC4+H01Q,122.0,171.42684093684093
2002,KR,T,T - IPC4+H01S,142.0,165.28906787656788
2002,KR,T,T - IPC4+H02G,23.0,24.532432844932842
2002,KR,T,T - IPC4+H02K,139.0,194.3809403559403
2002,KR,T,T - IPC4+H02P,59.0,80.92465320085459
2002,KR,T,T - IPC4+H03F,63.0,71.03005883005883
2002,KR,T,T - IPC4+H03B,19.0,19.66493506493506
2002,KR,T,T - IPC4+H04N,1130.0,1159.6042084051658
2002,KR,T,T - IPC4+H04R,91.0,110.91657786657785
2002,KR,T,T - IPC4+H04W,530.0,545.8924329130286
2002,KW,E,E - 30_14,1.0,2.0
2002,KW,E,E - 35_21,4.0,4.03125
2002,KW,E,E - 3_14,1.0,2.0
2002,KW,E,E - 42_12,6.0,8.0
2002,KW,E,E - 5_7,2.0,4.0
2002,TR,T,T - IPC4+H04W,13.0,14.321847952735746
2002,TR,T,T - IPC4+F25D,22.0,23.15
2002,TR,T,T - IPC4+F21V,1.0,2.0
2002,TR,T,T - IPC4+F16L,3.0,8.0
2002,TR,T,T - IPC4+F03D,2.0,3.0
2002,TR,T,T - IPC4+F02M,7.0,12.5
2002,TR,T,T - IPC4+F02D,1.0,2.0
2002,TR,T,T - IPC4+E06B,1.0,1.7999999999999998
2002,TR,T,T - IPC4+E05B,2.0,3.5
2002,TR,T,T - IPC4+E04F,1.0,1.2
2002,TR,T,T - IPC4+D06F,18.0,21.25
2002,TR,T,T - IPC4+C07C,6.0,7.94809773559774
2002,TR,T,T - IPC4+C04B,3.0,4.3809523809523805
2002,TR,T,T - IPC4+B65H,1.0,1.5
2002,TR,T,T - IPC4+B65D,13.0,15.250000000000002
2002,TR,T,T - IPC4+B63H,1.0,1.3333333333333337
2002,TR,T,T - IPC4+B60C,1.0,2.0
2002,TR,T,T - IPC4+B22D,1.0,2.0000000000000004
2002,TR,T,T - IPC4+A61M,2.0,2.6666666666666656
2002,TR,T,T - IPC4+A61H,1.0,2.0
2002,TR,T,T - IPC4+A61C,3.0,3.033333333333333
2002,TR,T,T - IPC4+A47L,21.0,23.34259259259259
2002,TR,T,T - IPC4+A41D,2.0,2.5
2002,TR,T,T - IPC4+A43B,2.0,3.0
2002,TR,T,T - IPC4+A23L,1.0,3.5555555555555567
2002,TR,T,T - IPC4+A23G,2.0,2.4999999999999996
2002,TR,T,T - IPC4+A23F,1.0,1.7777777777777783
2002,TR,T,T - IPC4+A01K,5.0,6.161255411255411
2002,MY,T,T - IPC4+H04N,26.0,32.52541629122511
2002,MY,T,T - IPC4+H01M,1.0,1.4285714285714282
2002,LB,T,T - IPC4+G05B,1.0,2.0
2002,LB,T,T - IPC4+F27B,1.0,1.9999999999999998
2002,MY,T,T - IPC4+F23G,1.0,1.333333333333333
2002,MY,T,T - IPC4+F24F,3.0,7.033333333333335
2002,MY,T,T - IPC4+F16H,2.0,2.333333333333333
2002,MY,T,T - IPC4+F02P,1.0,1.5
2002,MY,T,T - IPC4+F02F,2.0,3.7916666666666674
2002,MY,T,T - IPC4+F01M,2.0,5.250000000000002
2002,MY,T,T - IPC4+E02D,4.0,4.357142857142858
2002,MY,T,T - IPC4+D04H,3.0,3.1104166666666653
2002,LB,T,T - IPC4+C04B,1.0,3.0000000000000004
2002,MY,T,T - IPC4+C07F,1.0,1.2727272727272723
2002,LB,T,T - IPC4+A47J,1.0,4.0
2002,MY,T,T - IPC4+B65G,6.0,6.5
2002,MY,T,T - IPC4+B65B,2.0,3.3333333333333335
2002,MY,T,T - IPC4+B42D,1.0,2.0
2002,MY,T,T - IPC4+B41F,1.0,2.0
2002,SA,T,T - IPC4+H04M,2.0,2.6
2002,SA,T,T - IPC4+C08F,11.0,17.912698412698408
2002,SA,T,T - IPC4+B65D,3.0,4.657894736842108
2002,YE,T,T - IPC4+B65H,1.0,1.875
2002,YE,T,T - IPC4+F03D,1.0,2.0
2002,MY,E,E - 10_5,13.0,13.4
2002,LB,E,E - 5_7,6.0,12.0
2002,LB,E,E - 5_10,3.0,4.0
2002,LB,E,E - 5_21,1.0,2.0
2002,LB,E,E - 42_12,7.0,8.2
2002,LB,E,E - 42_0,7.0,11.2
2002,LB,E,E - 3_9,4.0,4.166666666666666
2002,LB,E,E - 3_21,4.0,5.0
2002,LB,E,E - 3_3,7.0,10.0
2002,LB,E,E - 3_2,8.0,11.0
2002,LB,E,E - 35_21,4.0,6.076923076923077
2002,LB,E,E - 35_20,1.0,2.0
2002,TR,E,E - 21_7,3.0,4.0120481927710845
2002,LB,E,E - 35_0,2.0,2.076923076923077
2002,LB,E,E - 34_8,1.0,2.0
2002,LB,E,E - 30_4,1.0,2.0
2002,LB,E,E - 30_18,1.0,4.0
2002,LB,E,E - 29_2,2.0,3.0
2002,LB,E,E - 28_5,1.0,2.0
2002,LB,E,E - 20_4,1.0,2.0
2002,LB,E,E - 17_10,1.0,2.0
2002,LB,E,E - 17_2,1.0,2.0
2002,LB,E,E - 16_21,1.0,2.0
2002,LB,E,E - 16_20,10.0,16.0
2002,SA,E,E - 9_21,2.0,4.0
2002,LB,E,E - 11_12,1.0,2.0
2002,SA,E,E - 4_7,2.0,2.25
2002,SA,E,E - 42_12,8.0,11.333333333333334
2002,SA,E,E - 42_0,4.0,7.0
2002,SA,E,E - 3_9,2.0,2.0833333333333335
2002,SA,E,E - 3_3,7.0,7.2
2002,SA,E,E - 3_2,5.0,5.2
2002,SA,E,E - 39_0,2.0,4.0
2002,SA,E,E - 37_0,2.0,4.0
2002,SA,E,E - 36_8,3.0,4.0625
2002,SA,E,E - 35_9,5.0,6.0
2002,SA,E,E - 35_17,1.0,2.0
2002,SA,E,E - 35_0,2.0,4.0
2002,SA,E,E - 30_18,2.0,2.1666666666666665
2002,SA,E,E - 30_17,7.0,7.166666666666667
2002,SA,E,E - 30_1,7.0,12.125
2002,SA,E,E - 29_1,2.0,3.0
2002,SA,E,E - 25_7,1.0,2.0
2002,SA,E,E - 25_13,14.0,21.0
2002,SA,E,E - 24_7,2.0,3.0
2002,SA,E,E - 16_20,3.0,4.0
2002,AE,T,T - IPC4+A61P,2.0,2.1060985797827776
2002,KZ,T,T - IPC4+A61H,1.0,2.0
2002,KZ,T,T - IPC4+B03B,3.0,4.0
2002,AE,T,T - IPC4+F03B,1.0,1.1666666666666665
2002,BD,T,T - IPC4+G11C,2.0,2.500000000000001
2003,AE,T,T - IPC4+H01R,2.0,3.0666666666666664
2003,BD,T,T - IPC4+G11C,3.0,3.583333333333334
2003,AE,T,T - IPC4+H02G,1.0,1.3333333333333333
2003,BD,T,T - IPC4+G02B,2.0,2.2857142857142856
2003,AE,T,T - IPC4+F41A,1.0,2.0
2003,AE,T,T - IPC4+F03B,2.0,4.166666666666666
2003,KZ,T,T - IPC4+F03D,1.0,2.0
2003,KZ,T,T - IPC4+F02M,2.0,2.9000000000000004
2003,KZ,T,T - IPC4+E02F,1.0,1.5
2003,KZ,T,T - IPC4+C10L,3.0,6.5
2003,KZ,T,T - IPC4+B41J,1.0,1.5
2003,SA,E,E - 10_10,1.0,2.0
2003,SA,E,E - 12_3,1.0,2.0
2003,SA,E,E - 16_14,2.0,4.0
2003,SA,E,E - 16_20,7.0,8.0
2003,SA,E,E - 16_3,1.0,2.0
2003,SA,E,E - 17_0,1.0,2.0
2003,SA,E,E - 21_11,1.0,2.0
2003,SA,E,E - 24_5,3.0,6.0
2003,SA,E,E - 25_13,6.0,7.0
2003,SA,E,E - 25_16,4.0,4.666666666666667
2003,SA,E,E - 25_8,2.0,2.3333333333333335
2003,SA,E,E - 29_1,7.0,11.0
2003,SA,E,E - 29_2,3.0,4.0
2003,SA,E,E - 30_17,6.0,6.325
2003,SA,E,E - 30_15,5.0,8.0
2003,SA,E,E - 30_9,4.0,7.0
2003,SA,E,E - 32_4,2.0,3.0
2003,SA,E,E - 35_17,1.0,2.0
2003,SA,E,E - 35_4,1.0,2.0
2003,SA,E,E - 37_20,1.0,2.0
2003,SA,E,E - 41_21,1.0,2.0
2003,TR,E,E - 11_2,2.0,2.1
2003,SA,E,E - 42_0,6.0,8.0
2003,SA,E,E - 41_6,1.0,2.0
2003,SA,E,E - 42_12,6.0,8.5
2003,SA,E,E - 4_11,2.0,4.0
2003,SA,E,E - 4_7,1.0,2.0
2003,SA,E,E - 5_5,8.0,16.0
2003,LB,E,E - 11_15,1.0,2.0
2003,LB,E,E - 11_3,1.0,2.0
2003,LB,E,E - 18_4,1.0,2.0
2003,LB,E,E - 20_4,1.0,2.0
2003,LB,E,E - 20_1,2.0,4.0
2003,LB,E,E - 24_5,1.0,2.0
2003,LB,E,E - 25_13,3.0,6.0
2003,LB,E,E - 25_7,2.0,4.0
2003,LB,E,E - 28_0,3.0,6.0
2003,LB,E,E - 29_2,4.0,6.066666666666666
2003,LB,E,E - 29_18,2.0,4.0
2003,LB,E,E - 30_14,3.0,4.066666666666666
2003,LB,E,E - 30_3,3.0,4.066666666666666
2003,LB,E,E - 32_0,1.0,2.0
2003,LB,E,E - 33_13,1.0,2.0
2003,LB,E,E - 33_10,1.0,2.0
2003,LB,E,E - 35_21,4.0,8.0
2003,LB,E,E - 3_17,1.0,2.0
2003,LB,E,E - 3_2,4.0,7.0
2003,LB,E,E - 3_7,1.0,2.0
2003,LB,E,E - 41_6,2.0,3.0
2003,LB,E,E - 42_0,1.0,2.0
2003,LB,E,E - 42_12,5.0,8.5
2003,LB,E,E - 7_1,1.0,2.0
2003,LB,E,E - 9_17,2.0,3.0
2003,MY,E,E - 12_7,2.0,2.3333333333333335
2003,MY,E,E - 17_10,4.0,4.325
2003,MY,E,E - 19_7,4.0,4.666666666666666
2003,TR,E,E - 5_13,1.0,2.0
2003,SA,T,T - IPC4+C08F,15.0,16.976984126984124
2003,SA,T,T - IPC4+G01N,10.0,11.506705774097076
2003,SA,T,T - IPC4+G11B,1.0,1.6666666666666665
2003,SA,T,T - IPC4+H04N,1.0,3.0
2003,KW,T,T - IPC4+G06Q,2.0,2.5000000000000004
2003,KW,T,T - IPC4+G02F,1.0,2.0
2003,KW,T,T - IPC4+B63B,1.0,2.0
2003,MY,T,T - IPC4+A23D,5.0,7.957575757575761
2003,MY,T,T - IPC4+A47C,10.0,10.333333333333332
2003,MY,T,T - IPC4+B01F,2.0,2.1666666666666665
2003,MY,T,T - IPC4+B02C,1.0,1.3333333333333337
2003,MY,T,T - IPC4+B21D,3.0,5.142857142857141
2003,LB,T,T - IPC4+B60T,1.0,1.5
2003,LB,T,T - IPC4+B65D,2.0,2.5
2003,MY,T,T - IPC4+E03D,2.0,2.3333333333333335
2003,MY,T,T - IPC4+F01N,1.0,2.0
2003,LB,T,T - IPC4+D03D,1.0,1.5
2003,MY,T,T - IPC4+F25B,1.0,1.5
2003,MY,T,T - IPC4+F25C,1.0,1.5
2003,LB,T,T - IPC4+G07F,2.0,2.1428571428571423
2003,MY,T,T - IPC4+G07D,1.0,1.9999999999999998
2003,MY,T,T - IPC4+G09B,1.0,1.9999999999999998
2003,MY,T,T - IPC4+H04R,2.0,2.3333333333333335
2003,MY,T,T - IPC4+H04N,19.0,20.042696384705348
2003,TR,T,T - IPC4+A01K,4.0,12.44047619047619
2003,TR,T,T - IPC4+A21B,1.0,1.125
2003,TR,T,T - IPC4+A46B,1.0,1.5
2003,TR,T,T - IPC4+A62B,1.0,4.000000000000001
2003,TR,T,T - IPC4+B07C,1.0,1.5
2003,TR,T,T - IPC4+B26D,2.0,2.125
2003,TR,T,T - IPC4+B60T,3.0,4.5
2003,TR,T,T - IPC4+B65D,10.0,12.027777777777779
2003,TR,T,T - IPC4+C07C,7.0,7.17786796536797
2003,TR,T,T - IPC4+C10L,1.0,3.0
2003,TR,T,T - IPC4+D06F,26.0,28.104761904761908
2003,TR,T,T - IPC4+E01C,1.0,1.5
2003,TR,T,T - IPC4+E03D,1.0,3.0
2003,TR,T,T - IPC4+E04D,2.0,2.1666666666666665
2003,TR,T,T - IPC4+E05D,2.0,3.5
2003,TR,T,T - IPC4+F03D,2.0,3.0
2003,TR,T,T - IPC4+F04D,4.0,5.4
2003,TR,T,T - IPC4+F16H,3.0,3.7777777777777777
2003,TR,T,T - IPC4+F17C,2.0,2.1666666666666665
2003,TR,T,T - IPC4+F24C,6.0,7.5
2003,TR,T,T - IPC4+F24F,2.0,3.0
2003,TR,T,T - IPC4+G01H,1.0,3.75
2003,TR,T,T - IPC4+G06Q,5.0,5.133333333333333
2003,TR,T,T - IPC4+G09F,1.0,1.7999999999999998
2003,TR,T,T - IPC4+H02P,4.0,4.264705882352942
2003,KW,E,E - 43_3,3.0,5.0
2003,KW,E,E - 42_12,2.0,4.0
2003,KW,E,E - 3_2,2.0,2.5
2003,KW,E,E - 32_7,2.0,4.0
2003,KW,E,E - 32_1,1.0,2.0
2003,KW,E,E - 30_14,5.0,6.0
2003,KW,E,E - 30_11,1.0,2.0
2003,KW,E,E - 29_8,1.0,2.0
2003,KW,E,E - 29_3,1.0,2.0
2003,KR,T,T - IPC4+H04R,91.0,106.39484959484963
2003,KR,T,T - IPC4+H04N,1338.0,1571.769619063644
2003,KR,T,T - IPC4+H04L,1301.0,1315.6102669258114
2003,KR,T,T - IPC4+H03F,71.0,71.16649104249724
2003,KR,T,T - IPC4+H02P,56.0,76.77190217190214
2003,KR,T,T - IPC4+H02K,143.0,174.6390738890739
2003,KR,T,T - IPC4+H01S,122.0,154.8472024707319
2003,KR,T,T - IPC4+H01Q,129.0,204.67298772134293
2003,KR,T,T - IPC4+H01P,52.0,52.53679376179375
2003,KR,T,T - IPC4+H01M,243.0,389.04054048929225
2003,KR,T,T - IPC4+H01L,2319.0,2859.390299376267
2003,KR,T,T - IPC4+H01H,60.0,67.07533369408371
2003,KR,T,T - IPC4+H01J,546.0,783.9704690444727
2003,KR,T,T - IPC4+H01C,11.0,14.365496914433084
2003,KR,T,T - IPC4+G21C,17.0,26.177777777777777
2003,KR,T,T - IPC4+G11C,564.0,834.649498184278
2003,KR,T,T - IPC4+G11B,795.0,1415.8818331534972
2003,KR,T,T - IPC4+G09G,612.0,734.791396892324
2003,KR,T,T - IPC4+G06Q,318.0,336.1306272768312
2003,KR,T,T - IPC4+G03H,12.0,12.832503607503607
2003,KR,T,T - IPC4+G03G,194.0,272.4168340431498
2003,KR,T,T - IPC4+G02F,1029.0,1233.2325705443482
2003,KR,T,T - IPC4+G01V,6.0,7.666666666666666
2003,KR,T,T - IPC4+G01K,13.0,14.485714285714284
2003,KR,T,T - IPC4+G01F,35.0,37.74459325396826
2003,KR,T,T - IPC4+F41G,1.0,3.0
2003,KR,T,T - IPC4+F25D,137.0,205.2491064491065
2003,KR,T,T - IPC4+F25C,18.0,27.674242424242422
2003,KR,T,T - IPC4+F25B,140.0,140.12554112554108
2003,KR,T,T - IPC4+F24F,175.0,241.7090061383404
2003,KR,T,T - IPC4+F24C,117.0,137.04881784881786
2003,KR,T,T - IPC4+F23D,22.0,24.84849302744039
2003,KR,T,T - IPC4+F16K,85.0,88.2507423132423
2003,KR,T,T - IPC4+F16H,85.0,120.48995432671902
2003,KR,T,T - IPC4+F16F,41.0,42.22676767676768
2003,KR,T,T - IPC4+F16D,54.0,59.541510415968624
2003,KR,T,T - IPC4+F15B,31.0,33.695461482961484
2003,KR,T,T - IPC4+F04F,4.0,9.0
2003,KR,T,T - IPC4+F04D,57.0,79.65125242404655
2003,KR,T,T - IPC4+F04C,67.0,128.23620823620826
2003,KR,T,T - IPC4+F04B,163.0,293.98688811188816
2003,KR,T,T - IPC4+F03G,11.0,19.416666666666664
2003,KR,T,T - IPC4+F03D,9.0,16.7
2003,KR,T,T - IPC4+F02P,10.0,11.42361111111111
2003,KR,T,T - IPC4+F02F,12.0,14.476190476190474
2003,KR,T,T - IPC4+F02D,46.0,55.39271423021423
2003,IN,T,T - IPC4+A23F,4.0,5.833333333333334
2003,KR,T,T - IPC4+F01P,11.0,18.781684981684975
2003,KR,T,T - IPC4+F01M,14.0,17.09166666666667
2003,KR,T,T - IPC4+F01N,29.0,38.82784176607706
2003,KR,T,T - IPC4+F01L,20.0,22.96269841269841
2003,KR,T,T - IPC4+E06B,37.0,40.422008547008545
2003,KR,T,T - IPC4+E05F,46.0,57.16443001443001
2003,KR,T,T - IPC4+E05D,49.0,51.32344877344877
2003,KR,T,T - IPC4+E05B,40.0,41.24160839160839
2003,KR,T,T - IPC4+E04H,52.0,53.92720057720058
2003,KR,T,T - IPC4+E03D,25.0,32.45238095238095
2003,KR,T,T - IPC4+E02D,40.0,40.90952380952381
2003,KR,T,T - IPC4+E01F,27.0,28.890329991645782
2003,KR,T,T - IPC4+E02B,23.0,27.16060606060606
2003,KR,T,T - IPC4+E01B,7.0,8.11111111111111
2003,IN,T,T - IPC4+A24D,2.0,6.0
2003,KR,T,T - IPC4+D06F,117.0,279.44436745458415
2003,KR,T,T - IPC4+D05B,21.0,32.28874458874459
2003,KR,T,T - IPC4+C14C,1.0,1.5
2003,KR,T,T - IPC4+C21B,14.0,18.885714285714283
2003,KR,T,T - IPC4+C11D,66.0,66.66748505192776
2003,KR,T,T - IPC4+C10L,16.0,18.04206349206349
2003,KR,T,T - IPC4+C10B,2.0,2.125
2003,IN,T,T - IPC4+A47C,2.0,2.333333333333334
2003,IN,E,E - 7_9,1.0,2.0
2003,KR,T,T - IPC4+C06B,5.0,8.821637426900585
2003,KR,T,T - IPC4+C03B,54.0,61.718021290303895
2003,IN,E,E - 7_2,4.0,4.142857142857142
2003,KR,T,T - IPC4+B66C,15.0,17.982905982905983
2003,KR,T,T - IPC4+B66B,19.0,19.356349206349208
2003,KR,T,T - IPC4+B65H,94.0,105.54688644688645
2003,KR,T,T - IPC4+B65D,242.0,256.469692439398
2003,KR,T,T - IPC4+B65F,3.0,3.6666666666666665
2003,KR,T,T - IPC4+B62M,17.0,17.835714285714285
2003,KR,T,T - IPC4+B62D,67.0,89.49474365503777
2003,KR,T,T - IPC4+B60T,41.0,66.02941388676682
2003,KR,T,T - IPC4+B60R,106.0,118.4800939256822
2003,KR,T,T - IPC4+B60P,10.0,12.90515873015873
2003,KR,T,T - IPC4+B60N,32.0,35.7266317016317
2003,KR,T,T - IPC4+B60J,23.0,26.483549783549787
2003,KR,T,T - IPC4+B60G,19.0,41.77824675324676
2003,IN,T,T - IPC4+A62D,3.0,3.1817993366500827
2003,KR,T,T - IPC4+B43K,29.0,34.6125
2003,KR,T,T - IPC4+B41J,162.0,223.02446046600457
2003,KR,T,T - IPC4+B30B,9.0,9.983333333333333
2003,KR,T,T - IPC4+B25H,2.0,4.0
2003,KR,T,T - IPC4+B22D,33.0,34.258608058608054
2003,IN,T,T - IPC4+B07B,1.0,1.3333333333333333
2003,KR,T,T - IPC4+A63H,38.0,45.15999278499278
2003,KR,T,T - IPC4+A63C,28.0,31.70800865800865
2003,KR,T,T - IPC4+A63F,44.0,45.854917304917315
2003,KR,T,T - IPC4+A63B,117.0,158.26904761904765
2003,KR,T,T - IPC4+A61H,85.0,94.45514875195725
2003,CN,E,E - 17_13,1.0,2.0
2003,KR,T,T - IPC4+A61C,51.0,64.0975135975136
2003,KR,T,T - IPC4+A61B,178.0,180.9316420033502
2003,KR,T,T - IPC4+A47L,159.0,368.2912433054848
2003,KR,T,T - IPC4+A45D,73.0,82.48608058608056
2003,KR,T,T - IPC4+A44B,19.0,25.727777777777774
2003,KR,T,T - IPC4+A43C,9.0,9.114285714285714
2003,KR,T,T - IPC4+A42B,40.0,51.03236714975845
2003,KR,T,T - IPC4+A24D,7.0,10.346153846153845
2003,KR,T,T - IPC4+A24B,7.0,10.166666666666666
2003,IN,T,T - IPC4+B24C,2.0,2.586538461538457
2003,CN,E,E - 34_1,15.0,18.09090909090909
2003,IN,T,T - IPC4+B60N,2.0,2.6904761904761907
2003,IN,T,T - IPC4+B60S,2.0,2.1
2003,IN,T,T - IPC4+B61B,2.0,3.0
2003,AF,T,T - IPC4+C08F,1.0,1.875
2003,IN,T,T - IPC4+C14C,4.0,5.333333333333333
2003,IN,E,E - 34_8,19.0,19.333333333333336
2003,IN,E,E - 34_1,1.0,2.0
2003,IN,E,E - 34_0,17.0,21.333333333333332
2003,TH,T,T - IPC4+H04N,6.0,6.182936507936502
2003,IN,T,T - IPC4+E01B,1.0,2.0
2003,TH,T,T - IPC4+G07C,1.0,1.5
2003,TH,T,T - IPC4+G01R,6.0,7.527777777777778
2003,IN,T,T - IPC4+E04G,1.0,2.0
2003,TH,T,T - IPC4+E03C,2.0,3.0
2003,IN,E,E - 30_15,16.0,16.402113526570048
2003,TH,T,T - IPC4+B66C,1.0,1.5
2003,IN,T,T - IPC4+F01M,1.0,1.1764705882352942
2003,TH,T,T - IPC4+B60R,3.0,7.0
2003,IN,T,T - IPC4+F01N,2.0,2.51119402985075
2003,TH,T,T - IPC4+B21B,2.0,3.000000000000001
2003,IN,T,T - IPC4+F02P,2.0,2.235294117647059
2003,UZ,T,T - IPC4+H01J,1.0,1.090909090909091
2003,IN,T,T - IPC4+F04D,5.0,5.611111111111112
2003,IN,T,T - IPC4+F16G,2.0,3.0
2003,IN,E,E - 28_0,3.0,5.0
2003,YE,E,E - 30_3,2.0,3.0
2003,IN,T,T - IPC4+F16K,3.0,3.4285714285714284
2003,IN,E,E - 25_5,2.0,2.3333333333333335
2003,YE,E,E - 29_8,2.0,2.2
2003,YE,E,E - 29_17,1.0,2.0
2003,IN,T,T - IPC4+G01K,8.0,8.33262987012987
2003,AZ,T,T - IPC4+H04B,1.0,1.5
2003,IN,T,T - IPC4+G01L,14.0,16.31574074074074
2003,AZ,T,T - IPC4+C10G,1.0,1.1428571428571426
2003,IN,E,E - 1_0,5.0,6.25
2003,AZ,T,T - IPC4+A61H,1.0,1.5
2003,AZ,T,T - IPC4+A61B,1.0,1.2857142857142854
2003,JP,T,T - IPC4+A01B,28.0,35.16587301587302
2003,JP,T,T - IPC4+A01D,61.0,94.31353646353648
2003,JP,T,T - IPC4+A01F,10.0,10.952380952380953
2003,JP,T,T - IPC4+A21C,41.0,71.68059163059162
2003,IN,E,E - 16_1,6.0,6.361111111111111
2003,JP,T,T - IPC4+A24C,27.0,29.522001527883887
2003,JP,T,T - IPC4+A24D,43.0,48.26735617323854
2003,JP,T,T - IPC4+A43B,77.0,82.16510899231488
2003,JP,T,T - IPC4+A43C,16.0,16.77619047619048
2003,JP,T,T - IPC4+A44B,199.0,267.25875091092485
2003,JP,T,T - IPC4+A44C,57.0,72.2091131091131
2003,JP,T,T - IPC4+A45D,180.0,189.98114069096752
2003,IN,T,T - IPC4+H02H,3.0,6.29999999999998
2003,IN,T,T - IPC4+H02K,8.0,8.805555555555559
2003,JP,T,T - IPC4+A47D,18.0,18.23896103896104
2003,IN,T,T - IPC4+H02P,1.0,2.2222222222222263
2003,CN,T,T - 1197027848,4.0,5.2
2003,JP,T,T - IPC4+A47L,193.0,221.20900755468148
2003,CN,T,T - IPC4+A24D,8.0,13.745238095238097
2003,CN,T,T - IPC4+A42B,5.0,6.035714285714286
2003,JP,T,T - IPC4+A61C,138.0,139.50612879143125
2003,CN,T,T - IPC4+A43C,1.0,1.333333333333333
2003,CN,T,T - IPC4+A44C,12.0,12.799999999999999
2003,CN,T,T - IPC4+A47J,68.0,68.43122710622708
2003,JP,T,T - IPC4+A61F,904.0,1047.346836966862
2003,JP,T,T - IPC4+A61H,139.0,166.2243862570178
2003,CN,T,T - IPC4+A62B,9.0,9.664502164502165
2003,CN,T,T - IPC4+A63C,11.0,14.083333333333334
2003,CN,T,T - IPC4+B02C,11.0,14.325
2003,CN,T,T - IPC4+B23D,14.0,19.06354166666667
2003,IL,T,T - IPC4+H04S,4.0,5.4941176470588236
2003,SG,E,E - 1_11,3.0,5.0
2003,JP,T,T - IPC4+A63B,440.0,493.4720839093828
2003,CN,T,T - IPC4+B60B,3.0,5.5
2003,JP,T,T - IPC4+A63C,34.0,37.04392911010558
2003,JP,T,T - IPC4+A63F,668.0,733.3058868803006
2003,CN,T,T - IPC4+B66B,8.0,8.083333333333332
2003,CN,T,T - IPC4+B66C,3.0,4.1
2003,CN,T,T - IPC4+B67B,6.0,7.333333333333334
2003,LK,T,T - IPC4+B62D,1.0,2.0
2003,JP,T,T - IPC4+B04B,24.0,29.545357420357423
2003,LK,T,T - IPC4+H02K,1.0,1.5
2003,CN,T,T - IPC4+D06F,13.0,16.45198412698413
2003,CN,T,T - IPC4+E01H,2.0,3.5
2003,CN,T,T - IPC4+E03B,1.0,2.0
2003,CN,T,T - IPC4+E03F,2.0,4.0
2003,KR,E,E - 8_3,3.0,5.0
2003,CN,T,T - IPC4+E04F,15.0,18.072751322751326
2003,CN,T,T - IPC4+E04G,9.0,9.058333333333334
2003,CN,T,T - IPC4+E06B,42.0,46.090873015873015
2003,IL,T,T - IPC4+H01P,6.0,6.537851037851038
2003,CN,T,T - IPC4+F01L,4.0,5.805555555555555
2003,CN,T,T - IPC4+F01N,7.0,12.799783549783555
2003,IL,T,T - IPC4+H01M,34.0,45.9221255460226
2003,CN,T,T - IPC4+F02G,1.0,1.5
2003,CN,T,T - IPC4+F04C,9.0,11.444805194805193
2003,KR,E,E - 6_6,2.0,2.142857142857143
2003,CN,T,T - IPC4+F16D,9.0,13.700000000000001
2003,CN,T,T - IPC4+F23N,2.0,3.2
2003,CN,T,T - IPC4+F24S,6.0,6.011904761904762
2003,CN,T,T - IPC4+F25C,1.0,1.5
2003,JP,T,T - IPC4+B23H,136.0,156.485525319194
2003,CN,T,T - IPC4+G21C,3.0,5.25
2003,KR,E,E - 3_4,1.0,2.0
2003,JP,T,T - IPC4+B25C,72.0,82.39285714285714
2003,JP,T,T - IPC4+B26B,69.0,112.5455128205128
2003,AM,T,T - IPC4+A24D,1.0,2.0
2003,IL,T,T - IPC4+G04B,1.0,2.6666666666666674
2003,IL,T,T - IPC4+G03G,34.0,35.92910561660561
2003,IL,T,T - IPC4+G02C,23.0,25.715731608816714
2003,JP,T,T - IPC4+B41F,312.0,332.693739373018
2003,JP,T,T - IPC4+B43K,126.0,184.22032412032414
2003,KR,E,E - 27_3,1.0,1.5
2003,JP,T,T - IPC4+B60C,474.0,488.67473964892554
2003,KR,E,E - 21_8,6.0,8.0
2003,IL,T,T - IPC4+F41A,12.0,18.616666666666667
2003,IL,T,T - IPC4+F24H,4.0,4.25
2003,JP,T,T - IPC4+B62B,55.0,84.5301948051948
2003,KR,E,E - 10_0,1.0,2.0
2003,JP,T,T - IPC4+B62D,1012.0,1057.929508134877
2003,KP,T,T - IPC4+H02P,1.0,1.285714285714286
2003,KP,T,T - IPC4+H01L,5.0,5.766666666666666
2003,KP,T,T - IPC4+G11B,7.0,11.880952380952376
2003,KP,T,T - IPC4+G09G,2.0,2.8499999999999983
2003,KP,T,T - IPC4+G02B,1.0,1.5
2003,KP,T,T - IPC4+C12P,2.0,2.092592592592593
2003,TH,E,E - 7_0,4.0,5.0
2003,IL,T,T - IPC4+F16K,27.0,28.448809523809523
2003,IL,T,T - IPC4+F04D,3.0,4.115384615384615
2003,JP,T,T - IPC4+B66B,276.0,395.6043622075599
2003,TH,E,E - 39_0,1.0,2.0
2003,IL,T,T - IPC4+F02C,4.0,7.064285714285714
2003,JP,T,T - IPC4+B67C,19.0,19.959523809523805
2003,TH,E,E - 2_11,1.0,2.0
2003,IL,T,T - IPC4+E06B,24.0,24.01388888888889
2003,IL,T,T - IPC4+E05B,37.0,41.374025974025976
2003,TH,E,E - 25_10,3.0,5.0
2003,IL,T,T - IPC4+E03D,5.0,5.5
2003,IL,T,T - IPC4+E01C,4.0,5.6000000000000005
2003,TH,E,E - 16_14,2.0,2.0833333333333335
2003,TH,E,E - 14_0,2.0,2.25
2003,TH,E,E - 12_7,5.0,5.5
2003,IL,T,T - IPC4+D06F,3.0,4.5
2003,IL,T,T - IPC4+D04B,2.0,4.70588235294117
2003,AE,E,E - 43_3,2.0,2.090909090909091
2003,IL,T,T - IPC4+C10N,1.0,1.1764705882352942
2003,IL,T,T - IPC4+C10M,2.0,2.3823529411764706
2003,IL,T,T - IPC4+C10L,3.0,4.333333333333333
2003,JP,T,T - IPC4+D01H,43.0,44.68661616161616
2003,JP,T,T - IPC4+D04B,170.0,209.88844941608102
2003,JP,T,T - IPC4+D05B,216.0,414.4385114885115
2003,JP,T,T - IPC4+D06F,130.0,192.34015054146636
2003,SG,T,T - IPC4+A63H,2.0,4.5
2003,SG,T,T - IPC4+B05C,7.0,8.747619047619047
2003,IL,T,T - IPC4+B67B,2.0,2.6666666666666665
2003,SG,T,T - IPC4+B24C,2.0,3.5
2003,JP,T,T - IPC4+D21F,86.0,99.8084598734599
2003,SG,T,T - IPC4+B28B,5.0,5.025324675324673
2003,BH,E,E - 16_21,2.0,2.111111111111111
2003,SG,T,T - IPC4+B62M,2.0,2.25
2003,SG,T,T - IPC4+B64D,3.0,3.5
2003,SG,T,T - IPC4+B66C,10.0,12.333333333333332
2003,BH,E,E - 32_1,1.0,2.0
2003,IL,T,T - IPC4+B64D,10.0,10.73611111111111
2003,IL,T,T - IPC4+B64C,6.0,10.35
2003,SG,T,T - IPC4+D04B,1.0,3.0
2003,SG,T,T - IPC4+E03D,2.0,2.5
2003,SG,T,T - IPC4+F04B,6.0,7.333333333333333
2003,IL,T,T - IPC4+B63B,5.0,5.816666666666668
2003,SG,T,T - IPC4+F16H,1.0,1.125
2003,JP,T,T - IPC4+E03D,40.0,53.93533291838661
2003,AE,E,E - 38_6,1.0,2.0
2003,SG,T,T - IPC4+F41A,6.0,10.666666666666668
2003,SG,T,T - IPC4+F41G,1.0,2.0
2003,SG,T,T - IPC4+G01H,3.0,3.220833333333333
2003,SG,T,T - IPC4+G10D,1.0,3.0
2003,SG,T,T - IPC4+G11C,26.0,26.994733044733042
2003,IL,T,T - IPC4+B61B,1.0,1.125
2003,SG,T,T - IPC4+H01Q,15.0,20.301677489177486
2003,SG,T,T - IPC4+H02P,1.0,1.5
2003,IL,T,T - IPC4+B60N,3.0,4.312499999999999
2003,IL,T,T - IPC4+B60J,1.0,1.9999999999999998
2003,AE,E,E - 36_3,1.0,2.0
2003,AE,E,E - 36_18,3.0,4.0588235294117645
2003,AE,E,E - 36_10,3.0,4.071428571428571
2003,JP,T,T - IPC4+F03D,40.0,58.12023809523809
2003,KP,E,E - 9_7,4.0,5.111111111111111
2003,JP,T,T - IPC4+F04B,685.0,743.2806100623488
2003,JP,T,T - IPC4+F04C,347.0,412.32364870019904
2003,JP,T,T - IPC4+F04D,319.0,385.0142785068987
2003,AE,E,E - 35_2,1.0,2.0
2003,KP,E,E - 7_1,1.0,2.0
2003,IL,T,T - IPC4+B26B,9.0,13.350000000000003
2003,IL,T,T - IPC4+B25G,1.0,1.4545454545454544
2003,AE,E,E - 35_1,15.0,21.549999999999997
2003,IL,T,T - IPC4+B24D,3.0,4.0
2003,AE,E,E - 34_8,2.0,4.0
2003,JP,T,T - IPC4+F16H,1330.0,1518.7461050357786
2003,KP,E,E - 12_3,9.0,9.833333333333332
2003,KP,E,E - 12_11,2.0,2.5
2003,AE,E,E - 34_1,1.0,2.0
2003,IL,T,T - IPC4+B23C,43.0,61.645562770562776
2003,IL,T,T - IPC4+B23B,46.0,54.86136363636364
2003,AE,E,E - 32_7,2.0,4.0
2003,IL,T,T - IPC4+B21F,2.0,3.611111111111112
2003,AE,E,E - 32_1,5.0,6.833333333333334
2003,AE,E,E - 31_4,1.0,2.0
2003,AE,E,E - 31_13,1.0,2.0
2003,IL,T,T - IPC4+B03B,1.0,1.7142857142857137
2003,IL,T,T - IPC4+B02C,6.0,7.242257742257742
2003,JP,T,T - IPC4+F23R,49.0,60.53432269484901
2003,JP,T,T - IPC4+F24F,506.0,569.4173132434095
2003,JP,T,T - IPC4+F25B,634.0,638.2963271391917
2003,JP,T,T - IPC4+F25C,37.0,43.67222222222222
2003,JP,T,T - IPC4+F41A,13.0,17.323809523809523
2003,JP,T,T - IPC4+G01F,250.0,263.3730986119144
2003,IL,T,T - IPC4+A47C,9.0,11.067099567099566
2003,IL,T,T - IPC4+A46B,12.0,13.65491452991453
2003,IL,T,T - IPC4+A44C,14.0,14.655172413793103
2003,IL,T,T - IPC4+A43B,8.0,8.3375
2003,AE,E,E - 24_14,4.0,4.005649717514125
2003,JP,T,T - IPC4+G03G,2572.0,2940.5249861352568
2003,IL,T,T - IPC4+A01B,3.0,4.999999999999999
2003,JP,T,T - IPC4+G06Q,2345.0,2356.6560440416747
2003,AE,E,E - 1_21,1.0,2.0
2003,JO,T,T - IPC4+H02H,1.0,1.7142857142857137
2003,JO,T,T - IPC4+H01H,1.0,2.285714285714285
2003,JO,T,T - IPC4+G11B,7.0,25.14232026143788
2003,JP,T,T - IPC4+G10D,54.0,77.81610056610057
2003,JP,T,T - IPC4+G11B,6804.0,8411.546612313807
2003,JP,T,T - IPC4+G11C,2246.0,2591.765966000335
2003,VN,E,E - 16_1,4.0,4.166666666666666
2003,JP,T,T - IPC4+H01H,825.0,1048.5523292015769
2003,JP,T,T - IPC4+H01J,2712.0,2764.4974532419446
2003,JP,T,T - IPC4+H01L,15203.0,15485.362540199072
2003,JP,T,T - IPC4+H01M,2321.0,3173.2934029735115
2003,IL,E,E - 10_0,2.0,2.3333333333333335
2003,JP,T,T - IPC4+H01Q,680.0,760.5010983223287
2003,JP,T,T - IPC4+H01P,537.0,544.530055695527
2003,JP,T,T - IPC4+H01R,1608.0,1980.8277750700493
2003,IL,E,E - 10_2,2.0,3.0
2003,JP,T,T - IPC4+H01T,147.0,148.38407009657007
2003,AE,E,E - 14_12,3.0,3.25
2003,JP,T,T - IPC4+H02K,1250.0,1546.5772040126092
2003,JO,T,T - IPC4+C07D,5.0,5.855450206398348
2003,JP,T,T - IPC4+H02M,691.0,716.0664288411962
2003,JO,T,T - IPC4+B65D,3.0,4.871794871794872
2003,JP,T,T - IPC4+H03H,752.0,782.2966965086853
2003,JO,T,T - IPC4+B25B,1.0,1.5
2003,JO,T,T - IPC4+A61P,6.0,6.4422775689223055
2003,JO,T,T - IPC4+A61J,1.0,1.1249999999999993
2003,BH,T,T - IPC4+B29C,1.0,1.9090909090909076
2003,BH,T,T - IPC4+G06Q,1.0,1.3333333333333333
2003,BH,T,T - IPC4+G07F,1.0,1.3333333333333333
2003,BH,T,T - IPC4+H04M,1.0,1.3333333333333333
2003,PK,T,T - IPC4+G11C,2.0,3.3333333333333335
2003,PK,T,T - IPC4+C03B,1.0,1.3333333333333333
2003,PK,T,T - IPC4+B60R,1.0,1.4000000000000008
2003,PK,T,T - IPC4+B01D,1.0,1.3333333333333333
2003,IR,T,T - IPC4+G11C,2.0,2.0333333333333337
2003,PK,E,E - 1_14,2.0,2.5
2003,PH,T,T - IPC4+H04R,3.0,9.250000000000004
2003,PH,T,T - IPC4+F03D,1.0,2.25
2003,PH,T,T - IPC4+F02B,1.0,1.5
2003,PH,T,T - IPC4+E06B,1.0,1.5999999999999999
2003,PH,T,T - IPC4+C23C,1.0,1.636363636363636
2003,PH,T,T - IPC4+B65D,5.0,6.7142857142857135
2003,PH,T,T - IPC4+B63B,1.0,2.0
2003,PH,T,T - IPC4+B60L,1.0,2.0
2003,PH,T,T - IPC4+B28B,3.0,5.333333333333333
2003,IR,T,T - IPC4+C11D,3.0,4.2904776674937946
2003,PH,T,T - IPC4+A63B,1.0,1.5
2003,PH,T,T - IPC4+A62B,1.0,3.0
2003,PH,T,T - IPC4+A47G,2.0,2.2857142857142856
2003,IR,T,T - IPC4+C08F,5.0,5.252813852813843
2003,IR,T,T - IPC4+B60B,1.0,1.5
2003,IR,T,T - IPC4+B02C,1.0,2.0
2003,IR,T,T - IPC4+A47L,2.0,2.177419354838709
2003,IR,T,T - IPC4+A47J,1.0,1.944444444444445
2003,GE,T,T - IPC4+G06Q,2.0,2.25
2003,GE,T,T - IPC4+F42B,1.0,1.6666666666666667
2003,GE,T,T - IPC4+E01B,1.0,2.0
2003,GE,T,T - IPC4+D21H,4.0,7.490384615384618
2003,GE,T,T - IPC4+C03B,1.0,2.0
2003,GE,T,T - IPC4+B67D,1.0,1.166666666666667
2003,GE,T,T - IPC4+A47K,5.0,6.632478632478633
2003,CY,E,E - 21_6,1.0,2.0
2003,NP,T,T - IPC4+C08J,1.0,1.3333333333333333
2003,PH,E,E - 30_9,1.0,2.0
2003,PH,E,E - 30_8,1.0,2.0
2003,PH,E,E - 30_2,2.0,2.3333333333333335
2003,PH,E,E - 30_11,1.0,2.0
2003,PH,E,E - 29_5,3.0,5.0
2003,ID,T,T - IPC4+F02M,8.0,8.673529411764704
2003,ID,T,T - IPC4+F02D,1.0,2.5
2003,ID,T,T - IPC4+F01L,1.0,1.25
2003,ID,T,T - IPC4+E04F,1.0,6.0
2003,IL,E,E - 6_10,1.0,2.0
2003,SY,E,E - 9_0,1.0,2.0
2003,SY,E,E - 7_13,1.0,2.0
2003,SY,E,E - 5_10,3.0,6.0
2003,SY,E,E - 42_0,1.0,2.0
2003,SY,E,E - 3_8,1.0,2.0
2003,SY,E,E - 3_3,5.0,6.45
2003,SY,E,E - 3_14,2.0,3.0
2003,SY,E,E - 32_8,1.0,2.0
2003,SY,E,E - 32_4,1.0,2.0
2003,SY,E,E - 32_1,4.0,8.0
2003,SY,E,E - 30_6,1.0,2.0
2003,SY,E,E - 30_4,1.0,2.0
2003,SY,E,E - 30_3,22.0,43.0
2003,SY,E,E - 30_17,4.0,8.0
2003,SY,E,E - 30_16,2.0,4.0
2003,SY,E,E - 29_8,1.0,2.0
2003,SY,E,E - 29_1,1.0,2.0
2003,SY,E,E - 25_7,2.0,2.1666666666666665
2003,SY,E,E - 21_6,1.0,2.0
2003,SY,E,E - 24_14,1.0,2.0
2003,ID,T,T - IPC4+C23G,1.0,2.0
2003,SY,E,E - 16_16,1.0,2.0
2003,SY,E,E - 11_7,2.0,4.0
2003,SY,E,E - 11_15,1.0,2.0
2003,CY,E,E - 7_13,1.0,2.0
2003,IL,E,E - 9_4,1.0,2.0
2003,ID,T,T - IPC4+B60R,1.0,1.5
2003,ID,T,T - IPC4+B29C,4.0,4.7
2003,IQ,T,T - IPC4+B32B,1.0,1.0714285714285712
2003,IQ,T,T - IPC4+G01N,1.0,3.214285714285712
2003,IQ,T,T - IPC4+G11C,4.0,5.333333333333333
2003,ID,T,T - IPC4+A47C,1.0,3.500000000000003
2003,ID,T,T - IPC4+A43B,2.0,2.2142857142857135
2003,ID,E,E - 16_1,1.0,2.0
2003,ID,E,E - 21_14,1.0,2.0
2003,ID,E,E - 29_18,2.0,2.1
2003,JO,E,E - 16_11,1.0,2.0
2003,CY,T,T - IPC4+A61F,3.0,3.752136752136752
2003,CY,T,T - IPC4+A61H,2.0,2.057142857142857
2003,CY,T,T - IPC4+B29C,2.0,3.041666666666667
2003,CY,T,T - IPC4+B42D,2.0,2.1875
2003,CY,T,T - IPC4+B65B,1.0,1.2
2003,VN,T,T - IPC4+H03K,1.0,2.0
2003,CY,T,T - IPC4+G06Q,2.0,5.466666666666652
2003,CY,T,T - IPC4+G07F,1.0,1.2666666666666642
2003,CY,T,T - IPC4+H04M,1.0,2.111111111111106
2003,CY,T,T - IPC4+H04N,5.0,6.83623188405797
2003,CY,T,T - IPC4+H04W,2.0,3.3841269841269757
2003,JO,E,E - 31_2,1.0,2.0
2003,JO,E,E - 35_0,1.0,2.0
2003,JO,E,E - 41_18,1.0,2.0
2003,JO,E,E - 42_12,4.0,5.666666666666666
2003,VN,T,T - IPC4+B26F,1.0,1.5
2003,VN,T,T - IPC4+A47K,1.0,2.0
2003,OM,E,E - 29_17,1.0,2.0
2004,OM,E,E - 30_11,2.0,4.0
2004,CY,T,T - IPC4+H04M,2.0,2.9999999999999982
2004,CY,T,T - IPC4+H01P,1.0,1.5
2004,KG,T,T - IPC4+B62B,1.0,2.0
2004,KG,T,T - IPC4+B30B,1.0,1.2857142857142854
2004,CY,T,T - IPC4+G06Q,2.0,2.6999999999999935
2004,KG,T,T - IPC4+F16H,2.0,3.2857142857142856
2004,CY,T,T - IPC4+F16J,1.0,1.857142857142859
2004,CY,T,T - IPC4+F04C,1.0,3.970588235294107
2004,CY,T,T - IPC4+F02B,1.0,2.5000000000000004
2004,CY,T,T - IPC4+F01C,2.0,4.08823529411764
2004,CY,T,T - IPC4+E04B,3.0,3.520833333333333
2004,CY,T,T - IPC4+B65B,1.0,2.1000000000000005
2004,CY,T,T - IPC4+B30B,1.0,1.3333333333333333
2004,CY,T,T - IPC4+A61L,3.0,3.138461538461538
2004,BN,T,T - IPC4+E21B,1.0,1.5
2004,ID,T,T - IPC4+A01F,1.0,2.0
2004,ID,T,T - IPC4+A24D,1.0,4.999999999999999
2004,ID,T,T - IPC4+B29C,2.0,3.0
2004,ID,T,T - IPC4+B65B,1.0,1.5000000000000002
2004,VN,T,T - IPC4+B27N,1.0,2.0
2004,ID,T,T - IPC4+C08C,1.0,1.3333333333333333
2004,VN,T,T - IPC4+B63B,1.0,2.0
2004,KH,T,T - IPC4+F28D,1.0,1.25
2004,CY,E,E - 41_23,1.0,2.0
2004,ID,T,T - IPC4+D21H,4.0,6.100000000000001
2004,ID,T,T - IPC4+E04F,1.0,2.0
2004,ID,T,T - IPC4+E21B,5.0,7.5
2004,ID,T,T - IPC4+F02M,5.0,6.51078431372549
2004,VN,T,T - IPC4+E04G,1.0,2.0
2004,VN,T,T - IPC4+F01K,1.0,1.2
2004,PH,E,E - 30_19,1.0,2.0
2004,PH,E,E - 43_2,1.0,2.0
2004,JO,E,E - 33_14,1.0,2.0
2004,CY,E,E - 16_9,2.0,2.0063694267515926
2004,ID,T,T - IPC4+G11C,3.0,3.1666666666666665
2004,ID,T,T - IPC4+H04R,2.0,2.2285115303983227
2004,JO,E,E - 11_13,1.0,2.0
2004,PH,T,T - IPC4+A23L,5.0,6.983333333333333
2004,PH,T,T - IPC4+A47C,2.0,2.25
2004,PH,T,T - IPC4+B60R,3.0,4.0
2004,PH,T,T - IPC4+B63B,1.0,2.0
2004,PH,T,T - IPC4+B62M,1.0,1.9999999999999998
2004,PH,T,T - IPC4+B65D,2.0,2.8571428571428568
2004,PH,T,T - IPC4+E04F,1.0,1.3333333333333333
2004,PH,T,T - IPC4+E05B,2.0,5.562500000000011
2004,PH,T,T - IPC4+F03D,1.0,2.25
2004,PK,E,E - 16_1,2.0,4.0
2004,PK,E,E - 42_12,1.0,2.0
2004,PK,E,E - 9_14,1.0,2.0
2004,IR,T,T - IPC4+G11C,1.0,1.6000000000000008
2004,PK,T,T - IPC4+E21B,1.0,1.1111111111111114
2004,PK,T,T - IPC4+G11B,1.0,1.6666666666666672
2004,PK,T,T - IPC4+G11C,2.0,2.75
2004,JP,T,T - IPC4+H03H,762.0,793.2567908907679
2004,JP,T,T - IPC4+H02P,796.0,802.7815972582572
2004,JP,T,T - IPC4+H02M,772.0,774.7826706489245
2004,JP,T,T - IPC4+H02K,1445.0,1786.3524915213889
2004,JP,T,T - IPC4+H01R,1678.0,2163.7851999757117
2004,JP,T,T - IPC4+H01Q,797.0,921.1810279288596
2004,JP,T,T - IPC4+H01M,2640.0,3827.0891334633297
2004,JP,T,T - IPC4+H01L,16580.0,16999.74424118837
2004,JP,T,T - IPC4+H01H,951.0,1176.0327815953292
2004,AE,E,E - 16_20,2.0,2.0232558139534884
2004,JP,T,T - IPC4+H01G,842.0,865.0482786372909
2004,AE,E,E - 17_13,1.0,2.0
2004,JP,T,T - IPC4+G11C,2315.0,2409.5459059154023
2004,JP,T,T - IPC4+G11B,7385.0,9521.909737924612
2004,JP,T,T - IPC4+G10D,51.0,67.3514874014874
2004,JP,T,T - IPC4+G07D,247.0,248.712500152206
2004,SY,E,E - 11_3,2.0,4.0
2004,SY,E,E - 11_13,1.0,2.0
2004,SY,E,E - 16_11,1.0,2.0
2004,SY,E,E - 16_14,1.0,2.0
2004,SY,E,E - 18_5,1.0,2.0
2004,IL,E,E - 7_15,9.0,14.333333333333334
2004,SY,E,E - 25_16,2.0,4.0
2004,SY,E,E - 29_3,2.0,2.0555555555555554
2004,SY,E,E - 29_8,2.0,2.0555555555555554
2004,SY,E,E - 30_12,3.0,4.055555555555555
2004,JP,T,T - IPC4+G03G,2886.0,3445.9527202135896
2004,SY,E,E - 30_14,1.0,2.0
2004,SY,E,E - 30_16,7.0,14.0
2004,SY,E,E - 30_3,14.0,28.0
2004,SY,E,E - 30_2,2.0,3.0
2004,SY,E,E - 30_6,1.0,2.0
2004,SY,E,E - 32_1,6.0,10.055555555555555
2004,SY,E,E - 34_8,2.0,4.0
2004,SY,E,E - 35_12,1.0,2.0
2004,SY,E,E - 3_14,1.0,2.0
2004,SY,E,E - 3_8,2.0,4.0
2004,SY,E,E - 3_9,1.0,2.0
2004,SY,E,E - 42_12,5.0,10.0
2004,SY,E,E - 5_20,1.0,2.0
2004,SY,E,E - 5_5,1.0,2.0
2004,SY,E,E - 7_1,5.0,10.0
2004,SY,E,E - 9_0,1.0,2.0
2004,SY,E,E - 9_17,4.0,8.0
2004,JP,T,T - IPC4+G01F,343.0,348.755354721208
2004,AE,E,E - 29_1,6.0,8.35
2004,JP,T,T - IPC4+F41A,9.0,15.642857142857142
2004,JP,T,T - IPC4+F24F,601.0,645.8425016835173
2004,JP,T,T - IPC4+F24C,157.0,166.95503618003625
2004,AE,E,E - 30_18,4.0,7.0
2004,AE,E,E - 32_4,6.0,6.142857142857142
2004,JP,T,T - IPC4+F16K,597.0,606.2081929620715
2004,JP,T,T - IPC4+F16H,1459.0,1607.7483860305406
2004,JP,T,T - IPC4+F04C,416.0,478.754201216372
2004,JP,T,T - IPC4+F03D,48.0,62.92819264069263
2004,AE,E,E - 36_7,6.0,10.017241379310345
2004,JP,T,T - IPC4+F01L,378.0,399.38321331179253
2004,GE,T,T - IPC4+A47K,4.0,4.388888888888889
2004,GE,T,T - IPC4+B66B,1.0,1.333333333333333
2004,GE,T,T - IPC4+C04B,2.0,2.1666666666666665
2004,JP,T,T - IPC4+E02D,107.0,111.97581573016353
2004,JP,T,T - IPC4+E01H,20.0,29.593348318348312
2004,JP,T,T - IPC4+E01D,22.0,22.39575476723128
2004,GE,T,T - IPC4+F02P,1.0,2.0
2004,JP,T,T - IPC4+D21F,85.0,121.26252913752914
2004,GE,T,T - IPC4+F42B,1.0,2.0
2004,JP,T,T - IPC4+D06F,150.0,260.9019343043723
2004,AE,E,E - 3_5,1.0,2.0
2004,JP,T,T - IPC4+D05B,161.0,326.43230135877195
2004,JP,T,T - IPC4+D04B,177.0,250.84813459397722
2004,JP,T,T - IPC4+D03D,223.0,243.08049308194185
2004,JP,T,T - IPC4+D01H,46.0,66.07102984734564
2004,AE,E,E - 41_9,2.0,2.0232558139534884
2004,AE,E,E - 42_12,3.0,5.0
2004,JP,T,T - IPC4+C10B,48.0,58.50132955280013
2004,AE,E,E - 4_3,3.0,3.0769230769230766
2004,AE,E,E - 7_1,6.0,6.635964912280701
2004,AE,E,E - 8_12,1.0,2.0
2004,JP,T,T - IPC4+B66B,367.0,581.0467449217449
2004,KP,T,T - IPC4+A46B,1.0,1.4999999999999996
2004,KP,T,T - IPC4+A47J,1.0,1.5
2004,KP,T,T - IPC4+A63C,1.0,1.5
2004,KP,T,T - IPC4+B43K,1.0,1.5000000000000002
2004,KP,T,T - IPC4+B60N,1.0,1.3333333333333333
2004,KP,T,T - IPC4+E05B,1.0,1.125
2004,KP,T,T - IPC4+G02B,1.0,2.0
2004,KP,T,T - IPC4+G09B,1.0,1.5
2004,KP,T,T - IPC4+G11B,5.0,8.274509803921564
2004,KP,T,T - IPC4+H01F,1.0,1.9999999999999998
2004,KP,T,T - IPC4+H04N,8.0,8.338352007469648
2004,KP,T,T - IPC4+H04W,2.0,2.517857142857143
2004,JP,T,T - IPC4+B62B,68.0,111.32070707070706
2004,JP,T,T - IPC4+B60N,403.0,412.3578381602292
2004,JP,T,T - IPC4+B60C,608.0,614.9895148412464
2004,JP,T,T - IPC4+B43K,113.0,143.15582195582195
2004,JP,T,T - IPC4+B26B,88.0,170.65863025863027
2004,JP,T,T - IPC4+B25C,95.0,126.92142857142859
2004,CN,T,T - IPC4+G21C,2.0,3.5
2004,CN,T,T - IPC4+G10D,2.0,4.5
2004,JP,T,T - IPC4+B23H,184.0,196.66844597181287
2004,CN,T,T - IPC4+F41A,2.0,3.611111111111112
2004,IQ,E,E - 9_17,1.0,2.0
2004,CN,T,T - IPC4+F25C,1.0,1.5
2004,IQ,E,E - 7_3,1.0,2.0
2004,CN,T,T - IPC4+F23N,3.0,3.117857142857142
2004,CN,T,T - IPC4+F22B,2.0,3.1578947368421053
2004,CN,T,T - IPC4+F16G,3.0,4.25
2004,CN,T,T - IPC4+F16D,17.0,19.23888888888889
2004,IQ,E,E - 41_5,1.0,2.0
2004,CN,T,T - IPC4+F03B,7.0,10.817647058823528
2004,CN,T,T - IPC4+F03D,2.0,3.3939393939393927
2004,IQ,E,E - 3_17,1.0,2.0
2004,CN,T,T - IPC4+F01L,7.0,11.23611111111111
2004,CN,T,T - IPC4+E21D,2.0,2.066666666666667
2004,CN,T,T - IPC4+E03D,16.0,20.072727272727274
2004,IQ,E,E - 35_21,1.0,2.0
2004,SY,T,T - IPC4+A61M,1.0,1.5
2004,SY,T,T - IPC4+B32B,1.0,1.1538461538461537
2004,IQ,E,E - 16_9,1.0,2.0
2004,CN,T,T - IPC4+B66C,4.0,4.533333333333333
2004,CN,T,T - IPC4+B63B,11.0,11.654166666666665
2004,JP,T,T - IPC4+A63F,750.0,920.3153316824103
2004,CN,T,T - IPC4+B61L,2.0,4.0
2004,JP,T,T - IPC4+A63C,29.0,44.50870681605976
2004,JP,T,T - IPC4+A63B,398.0,457.8051877939685
2004,CN,T,T - IPC4+B60B,8.0,8.527777777777779
2004,CN,T,T - IPC4+B26B,17.0,21.23571428571429
2004,CN,T,T - IPC4+B25C,9.0,14.6
2004,JP,T,T - IPC4+A61H,204.0,219.03924100753048
2004,CN,T,T - IPC4+A47J,82.0,89.86505397729655
2004,JP,T,T - IPC4+A61F,1054.0,1285.3655527070975
2004,CN,T,T - IPC4+A24F,7.0,7.166125541125541
2004,JP,T,T - IPC4+A61B,2193.0,2226.646065320404
2004,JP,T,T - IPC4+A47L,260.0,313.92787905734315
2004,CN,T,T - IPC4+A22C,1.0,1.7999999999999998
2004,CN,T,T - IPC4+A01M,6.0,6.05
2004,JP,T,T - IPC4+A45D,205.0,224.83755158316507
2004,JP,T,T - IPC4+A44C,60.0,70.1893648018648
2004,JP,T,T - IPC4+A44B,198.0,311.71360119349254
2004,JP,T,T - IPC4+A43B,82.0,104.88807369101487
2004,JP,T,T - IPC4+A42B,30.0,39.973367764221116
2004,JP,T,T - IPC4+A24D,39.0,56.41088486676722
2004,JP,T,T - IPC4+A24C,28.0,40.85122230710466
2004,JP,T,T - IPC4+A21C,48.0,71.17842435342435
2004,IN,T,T - IPC4+G07B,1.0,2.0
2004,JP,T,T - IPC4+A01D,64.0,68.1818211377994
2004,AZ,T,T - IPC4+C10G,1.0,1.1428571428571426
2004,AZ,T,T - IPC4+G01V,2.0,4.0
2004,IN,T,T - IPC4+F24F,8.0,13.6984126984127
2004,UZ,T,T - IPC4+H01J,1.0,1.090909090909091
2004,UZ,T,T - IPC4+H03F,2.0,2.666666666666666
2004,IN,T,T - IPC4+F01C,2.0,2.090909090909091
2004,IN,T,T - IPC4+D06B,2.0,2.4
2004,IN,T,T - IPC4+C14C,9.0,17.416666666666664
2004,IN,T,T - IPC4+C10L,12.0,16.65151515151515
2004,QA,E,E - 18_4,1.0,2.0
2004,QA,E,E - 24_14,1.0,2.0
2004,QA,E,E - 35_11,1.0,2.0
2004,QA,E,E - 35_17,2.0,2.0208333333333335
2004,QA,E,E - 36_12,1.0,2.0
2004,QA,E,E - 36_8,1.0,2.0
2004,QA,E,E - 37_0,1.0,2.0
2004,QA,E,E - 38_11,4.0,5.020833333333333
2004,QA,E,E - 38_17,2.0,2.016949152542373
2004,QA,E,E - 39_0,5.0,5.133928571428571
2004,QA,E,E - 3_3,4.0,8.0
2004,QA,E,E - 42_0,3.0,4.083333333333334
2004,QA,E,E - 42_12,4.0,8.0
2004,QA,E,E - 4_6,2.0,2.0714285714285716
2004,IN,T,T - IPC4+C05F,6.0,8.904761904761905
2004,IN,T,T - IPC4+B65H,4.0,4.7767857142857135
2004,IN,T,T - IPC4+B65B,10.0,11.240873015873015
2004,IL,E,E - 22_10,1.0,2.0
2004,KR,T,T - IPC4+A21B,48.0,87.74761904761904
2004,KR,T,T - IPC4+A24D,4.0,6.256410256410256
2004,KR,T,T - IPC4+A24B,4.0,5.0
2004,KR,T,T - IPC4+A41B,19.0,25.444444444444443
2004,KR,T,T - IPC4+A41D,44.0,47.43216374269006
2004,KR,T,T - IPC4+A42B,39.0,43.97222222222222
2004,KR,T,T - IPC4+A43B,55.0,63.86837051837052
2004,KR,T,T - IPC4+A43C,14.0,15.647619047619045
2004,KR,T,T - IPC4+A44B,21.0,24.757020757020758
2004,IL,E,E - 20_8,1.0,2.0
2004,KR,T,T - IPC4+A45D,102.0,123.7387057387057
2004,KR,T,T - IPC4+A46B,53.0,57.89318274318275
2004,KR,T,T - IPC4+A47J,174.0,248.39148629148627
2004,KR,T,T - IPC4+A47L,244.0,489.9749551102491
2004,KR,T,T - IPC4+A61B,203.0,218.7753403637325
2004,KR,T,T - IPC4+A61C,53.0,68.30750915750917
2004,KR,T,T - IPC4+A63C,32.0,44.32359307359307
2004,KR,T,T - IPC4+A63B,120.0,149.64102564102566
2004,KR,T,T - IPC4+A63H,43.0,58.187283549783544
2004,KR,T,T - IPC4+B03C,16.0,19.510714285714286
2004,KR,T,T - IPC4+B04B,4.0,6.390476190476188
2004,KR,T,T - IPC4+B21F,5.0,5.093693693693694
2004,KR,T,T - IPC4+B22D,27.0,42.31129426129426
2004,KR,T,T - IPC4+B25C,2.0,6.0
2004,KR,T,T - IPC4+B26B,7.0,10.25
2004,KR,T,T - IPC4+B27B,2.0,2.1428571428571423
2004,KR,T,T - IPC4+B41J,246.0,405.2313230106378
2004,KR,T,T - IPC4+B43K,26.0,30.84285714285714
2004,KR,T,T - IPC4+B60D,4.0,4.123809523809523
2004,KR,T,T - IPC4+B60B,14.0,14.342857142857142
2004,KR,T,T - IPC4+B60G,13.0,35.785714285714285
2004,KR,T,T - IPC4+B60H,48.0,64.40414332399627
2004,KR,T,T - IPC4+B60J,23.0,25.137103174603176
2004,KR,T,T - IPC4+B60N,42.0,52.93499694749694
2004,KR,T,T - IPC4+B60R,124.0,151.90834673955888
2004,KR,T,T - IPC4+B60S,30.0,38.77770562770563
2004,KR,T,T - IPC4+B60T,35.0,50.52130201426876
2004,KR,T,T - IPC4+B61L,3.0,3.6666666666666665
2004,KR,T,T - IPC4+B62D,75.0,107.09675536881417
2004,KR,T,T - IPC4+B62M,16.0,23.509706959706957
2004,KR,T,T - IPC4+B65C,4.0,4.076190476190476
2004,KR,T,T - IPC4+B65D,251.0,266.9342962087002
2004,IN,T,T - IPC4+A61G,3.0,3.9940476190476186
2004,KR,T,T - IPC4+B65H,114.0,123.88987483105129
2004,KR,T,T - IPC4+B66B,20.0,23.965079365079365
2004,KR,T,T - IPC4+B66D,5.0,5.5476190476190474
2004,KR,T,T - IPC4+C03B,73.0,111.61456019825586
2004,KR,T,T - IPC4+C06B,4.0,4.662081339712915
2004,KR,T,T - IPC4+C10B,3.0,3.009523809523809
2004,KR,T,T - IPC4+C14C,2.0,3.25
2004,KR,T,T - IPC4+D04B,10.0,13.91111111111111
2004,KR,T,T - IPC4+D05B,17.0,17.13614718614719
2004,KR,T,T - IPC4+D06F,279.0,577.0938336064806
2004,IN,T,T - IPC4+A24D,2.0,2.5
2004,KR,T,T - IPC4+E01C,17.0,17.50952380952381
2004,KR,T,T - IPC4+E01D,22.0,22.46388888888889
2004,KR,T,T - IPC4+E01F,15.0,16.027106227106227
2004,KR,T,T - IPC4+E03D,17.0,20.716666666666665
2004,KR,T,T - IPC4+E04H,52.0,62.300468975468974
2004,KR,T,T - IPC4+E21D,6.0,7.733333333333333
2004,KR,T,T - IPC4+F01P,13.0,18.414224664224662
2004,KR,T,T - IPC4+F02F,19.0,22.48946608946609
2004,KR,T,T - IPC4+F02K,1.0,1.6666666666666672
2004,KR,T,T - IPC4+F02M,37.0,38.89745046620047
2004,KR,T,T - IPC4+F03B,6.0,9.266666666666666
2004,KR,T,T - IPC4+F03G,7.0,9.208333333333332
2004,KR,T,T - IPC4+F03D,5.0,9.65
2004,KR,T,T - IPC4+F04B,200.0,351.3743839493841
2004,KR,T,T - IPC4+F04D,53.0,72.48746947496946
2004,KR,T,T - IPC4+F04C,85.0,137.66050061050058
2004,KR,T,T - IPC4+F16F,59.0,66.63268398268399
2004,KR,T,T - IPC4+F16H,83.0,117.32019353195824
2004,IN,T,T - IPC4+A21D,10.0,12.613095238095237
2004,KR,T,T - IPC4+F23G,17.0,17.788924963924966
2004,KR,T,T - IPC4+F24C,201.0,332.2292984792984
2004,KR,T,T - IPC4+F24F,225.0,303.3870205774617
2004,KR,T,T - IPC4+F25B,201.0,233.3180726680726
2004,KR,T,T - IPC4+F25C,33.0,71.06242183742184
2004,KR,T,T - IPC4+F25D,227.0,357.3612603627309
2004,KR,T,T - IPC4+F28F,71.0,75.07365816550599
2004,KR,T,T - IPC4+F41A,1.0,1.5
2004,KR,T,T - IPC4+G01C,97.0,107.71657998863884
2004,KR,T,T - IPC4+G01G,5.0,6.877777777777778
2004,KR,T,T - IPC4+G02F,1434.0,1744.2744686773053
2004,KR,T,T - IPC4+G02C,39.0,46.591666666666676
2004,KR,T,T - IPC4+G03G,249.0,398.5817754117228
2004,KR,T,T - IPC4+G03H,18.0,19.68562826062826
2004,KR,T,T - IPC4+G06F,1918.0,1921.106238982426
2004,KR,T,T - IPC4+G06Q,298.0,331.4187459748538
2004,KR,T,T - IPC4+G08G,81.0,86.03995497966086
2004,KR,T,T - IPC4+G09G,833.0,951.0855878464994
2004,KR,T,T - IPC4+G10L,141.0,181.74906943901524
2004,KR,T,T - IPC4+G11C,772.0,1128.3712347643282
2004,KR,T,T - IPC4+G11B,1121.0,2343.417482604382
2004,KR,T,T - IPC4+G21C,20.0,24.17936507936508
2004,KR,T,T - IPC4+H01C,15.0,17.303607503607502
2004,KR,T,T - IPC4+H01F,112.0,114.1646054936673
2004,KR,T,T - IPC4+H01J,653.0,854.2307807086494
2004,KR,T,T - IPC4+H01H,95.0,119.48650308025303
2004,KR,T,T - IPC4+H01L,3019.0,3941.0190956869014
2004,KR,T,T - IPC4+H01M,276.0,501.25050927867335
2004,KR,T,T - IPC4+H01Q,139.0,179.4347022422023
2004,KR,T,T - IPC4+H01P,65.0,65.8815046065046
2004,KR,T,T - IPC4+H01S,160.0,217.2173935197929
2004,KR,T,T - IPC4+H02G,33.0,36.6542735042735
2004,KR,T,T - IPC4+H02K,145.0,237.66578000975053
2004,KR,T,T - IPC4+H02P,78.0,99.12261481208853
2004,KR,T,T - IPC4+H03F,102.0,111.26352667800037
2004,KR,T,T - IPC4+H04L,1784.0,1796.322683137395
2004,KR,T,T - IPC4+H04N,1704.0,2159.6908793806588
2004,KR,T,T - IPC4+H04R,113.0,129.12451029362796
2004,KR,T,T - IPC4+H04W,887.0,983.8186163448461
2004,KR,T,T - IPC4+H05B,538.0,547.0694380049489
2004,KW,E,E - 16_5,2.0,4.0
2004,KW,E,E - 32_1,2.0,3.0
2004,KW,E,E - 38_19,2.0,4.0
2004,KW,E,E - 3_21,1.0,2.0
2004,KW,E,E - 42_12,2.0,3.0
2004,KW,E,E - 5_7,4.0,5.0
2004,TR,T,T - IPC4+H02P,2.0,2.549019607843137
2004,TR,T,T - IPC4+G09F,4.0,6.166666666666667
2004,TR,T,T - IPC4+G08G,2.0,4.0
2004,TR,T,T - IPC4+G01H,1.0,1.5
2004,TR,T,T - IPC4+G01F,3.0,3.1315789473684212
2004,TR,T,T - IPC4+F25D,24.0,24.58333333333333
2004,TR,T,T - IPC4+F24C,7.0,9.166666666666668
2004,TR,T,T - IPC4+F16K,1.0,1.5
2004,TR,T,T - IPC4+F16L,5.0,6.153846153846153
2004,TR,T,T - IPC4+F16H,4.0,5.277777777777779
2004,JO,T,T - IPC4+A61K,13.0,13.55326072070893
2004,TR,T,T - IPC4+F02B,4.0,4.583333333333334
2004,TR,T,T - IPC4+E05D,3.0,4.25
2004,TR,T,T - IPC4+E04H,2.0,3.0
2004,TR,T,T - IPC4+E04D,1.0,2.0
2004,TR,T,T - IPC4+E02D,1.0,1.6666666666666667
2004,TR,T,T - IPC4+D06F,25.0,26.25238095238095
2004,TR,T,T - IPC4+C07C,9.0,10.721401515151516
2004,TR,T,T - IPC4+B65D,14.0,20.111111111111107
2004,TR,T,T - IPC4+B63H,1.0,1.3333333333333337
2004,TR,T,T - IPC4+B60S,1.0,2.0
2004,TR,T,T - IPC4+B28B,3.0,3.45
2004,JO,T,T - IPC4+B41J,1.0,1.5625
2004,TR,T,T - IPC4+B22D,4.0,6.538461538461538
2004,JO,T,T - IPC4+B60K,1.0,1.0714285714285718
2004,TR,T,T - IPC4+A61N,5.0,6.442499529456051
2004,TR,T,T - IPC4+A47L,28.0,30.679894179894177
2004,TR,T,T - IPC4+A47K,2.0,4.0
2004,TR,T,T - IPC4+A23G,3.0,3.333333333333333
2004,TR,T,T - IPC4+A21D,1.0,2.6666666666666665
2004,TR,T,T - IPC4+A01K,6.0,7.770562770562769
2004,JO,T,T - IPC4+C07D,6.0,7.174165878557472
2004,IL,E,E - 10_7,2.0,4.0
2004,JO,T,T - IPC4+D06F,2.0,2.696969696969697
2004,JO,T,T - IPC4+G03B,1.0,1.125
2004,MY,T,T - IPC4+H02K,1.0,2.0
2004,MY,T,T - IPC4+F41A,1.0,2.0
2004,JO,T,T - IPC4+G11B,9.0,9.534640522875813
2004,MY,T,T - IPC4+F16K,4.0,4.05
2004,MY,T,T - IPC4+F16B,2.0,2.0357142857142856
2004,MY,T,T - IPC4+E06B,1.0,7.0
2004,MY,T,T - IPC4+E04H,1.0,1.125
2004,MY,T,T - IPC4+E03B,1.0,2.0
2004,MY,T,T - IPC4+C10L,3.0,3.2857142857142856
2004,MY,T,T - IPC4+B67B,1.0,3.0
2004,MY,T,T - IPC4+B65B,1.0,3.0
2004,MY,T,T - IPC4+B62B,1.0,2.0
2004,MY,T,T - IPC4+B22D,2.0,3.1
2004,MY,T,T - IPC4+A44C,2.0,2.5
2004,MY,T,T - IPC4+A43B,1.0,1.3333333333333333
2004,IL,T,T - IPC4+A01D,9.0,11.75
2004,IL,T,T - IPC4+A01G,52.0,55.477858071879815
2004,KW,T,T - IPC4+F01C,1.0,2.0
2004,KW,T,T - IPC4+G06Q,3.0,3.833333333333334
2004,KW,T,T - IPC4+H03L,1.0,3.0
2004,IL,T,T - IPC4+A24C,2.0,2.5
2004,IL,T,T - IPC4+A46B,7.0,8.095441595441594
2004,IL,T,T - IPC4+A47D,2.0,4.0
2004,IL,T,T - IPC4+A61B,653.0,703.570877423184
2004,IL,T,T - IPC4+A63H,15.0,17.906892373873504
2004,IL,T,T - IPC4+B03C,4.0,5.033333333333332
2004,IL,T,T - IPC4+B23B,45.0,51.09258241758242
2004,IL,T,T - IPC4+B23C,50.0,89.61888944388944
2004,IL,T,T - IPC4+B25B,8.0,11.014880952380953
2004,IL,T,T - IPC4+B60C,2.0,3.0
2004,IL,T,T - IPC4+B60J,6.0,7.952380952380952
2004,IL,T,T - IPC4+B60N,2.0,2.270833333333333
2004,AE,T,T - IPC4+A61K,4.0,4.353801169590644
2004,SG,T,T - IPC4+G10D,1.0,4.0
2004,IL,T,T - IPC4+B62B,3.0,3.0357142857142856
2004,IL,T,T - IPC4+B62D,6.0,6.825
2004,AE,T,T - IPC4+B42D,1.0,1.125
2004,SG,T,T - IPC4+G01H,3.0,4.220833333333333
2004,SG,T,T - IPC4+F41A,6.0,7.0
2004,SG,T,T - IPC4+F24C,1.0,1.125
2004,BH,E,E - 38_19,1.0,2.0
2004,IL,T,T - IPC4+B63B,9.0,12.866666666666667
2004,SG,T,T - IPC4+F04B,10.0,10.453210678210677
2004,KZ,T,T - IPC4+B03B,3.0,6.25
2004,SG,T,T - IPC4+F01N,1.0,2.0
2004,SG,T,T - IPC4+E04F,1.0,2.0
2004,KZ,T,T - IPC4+C10G,2.0,2.1363636363636362
2004,SG,T,T - IPC4+E02B,2.0,3.0
2004,SG,T,T - IPC4+E02D,3.0,3.066666666666666
2004,SG,T,T - IPC4+E01C,3.0,4.583333333333333
2004,KZ,T,T - IPC4+F03B,1.0,2.0
2004,KZ,T,T - IPC4+G09F,1.0,2.0
2004,KZ,T,T - IPC4+G10D,1.0,2.0
2004,SG,T,T - IPC4+B64D,2.0,2.25
2004,SG,T,T - IPC4+B63B,2.0,4.5
2004,SG,T,T - IPC4+B60P,1.0,1.2857142857142854
2004,SG,T,T - IPC4+B41J,18.0,18.063333333333336
2004,SG,T,T - IPC4+B27N,1.0,1.2307692307692304
2004,SG,T,T - IPC4+B24C,7.0,8.733333333333333
2004,AE,T,T - IPC4+F03B,2.0,3.1666666666666665
2004,SG,T,T - IPC4+A63B,5.0,6.083333333333333
2004,SG,T,T - IPC4+A63C,1.0,2.0
2004,SG,T,T - IPC4+A61M,21.0,21.420217209690893
2004,SG,T,T - IPC4+A44C,1.0,1.7142857142857137
2004,SG,T,T - IPC4+A43B,2.0,2.2
2004,IL,T,T - IPC4+C01F,7.0,10.569444444444443
2004,BD,T,T - IPC4+F03G,1.0,2.0
2004,IL,T,T - IPC4+C06B,2.0,2.1999999999999997
2004,AE,T,T - IPC4+G06K,2.0,4.625
2004,AE,T,T - IPC4+G07B,2.0,2.041666666666666
2004,IL,T,T - IPC4+D06F,5.0,6.121428571428571
2004,SA,E,E - 10_10,1.0,2.0
2004,IL,T,T - IPC4+E01C,3.0,4.833333333333332
2004,SA,E,E - 16_21,3.0,4.5
2004,SA,E,E - 17_2,1.0,2.0
2004,SA,E,E - 19_4,1.0,2.0
2004,SA,E,E - 20_4,1.0,2.0
2004,SA,E,E - 21_2,4.0,5.0
2004,SA,E,E - 25_13,9.0,11.0
2004,SA,E,E - 29_1,1.0,2.0
2004,SA,E,E - 30_16,2.0,4.0
2004,SA,E,E - 30_3,3.0,3.111111111111111
2004,SA,E,E - 32_4,2.0,3.0
2004,SA,E,E - 35_0,3.0,5.0
2004,SA,E,E - 35_1,1.0,2.0
2004,SA,E,E - 35_21,1.0,2.0
2004,SA,E,E - 36_12,7.0,8.25
2004,SA,E,E - 37_0,1.0,2.0
2004,SA,E,E - 38_0,1.0,2.0
2004,SA,E,E - 3_16,2.0,3.0
2004,SA,E,E - 3_3,5.0,7.0
2004,SA,E,E - 3_2,2.0,3.0
2004,IL,T,T - IPC4+E03D,5.0,5.25
2004,SA,E,E - 41_10,1.0,2.0
2004,SA,E,E - 42_0,5.0,6.0
2004,SA,E,E - 42_12,8.0,10.0
2004,SA,E,E - 5_10,1.0,2.0
2004,LA,T,T - IPC4+G01R,1.0,1.1428571428571426
2004,SA,E,E - 5_2,2.0,4.0
2004,SA,E,E - 5_5,13.0,26.0
2004,LB,E,E - 11_3,1.0,2.0
2004,SA,E,E - 9_19,1.0,2.0
2004,SA,E,E - 9_18,1.0,2.0
2004,LB,E,E - 14_10,1.0,2.0
2004,LB,E,E - 16_20,10.0,11.0
2004,LB,E,E - 19_8,1.0,2.0
2004,LB,E,E - 25_13,10.0,15.076923076923077
2004,LB,E,E - 25_15,2.0,3.0
2004,LB,E,E - 28_12,1.0,2.0
2004,LB,E,E - 25_5,1.0,2.0
2004,IL,T,T - IPC4+E05B,33.0,37.57943722943723
2004,LB,E,E - 29_1,1.0,2.0
2004,LB,E,E - 32_2,4.0,5.25
2004,LB,E,E - 35_0,4.0,5.0
2004,LB,E,E - 35_17,1.0,2.0
2004,LB,E,E - 36_12,57.0,113.0
2004,LB,E,E - 38_0,1.0,2.0
2004,LB,E,E - 38_19,2.0,2.076923076923077
2004,LB,E,E - 38_2,1.0,2.0
2004,LB,E,E - 3_2,10.0,19.0
2004,IL,T,T - IPC4+F01C,5.0,7.161904761904761
2004,LB,E,E - 42_0,1.0,2.0
2004,LB,E,E - 42_12,5.0,9.0
2004,LB,E,E - 42_5,1.0,2.0
2004,LB,E,E - 5_21,1.0,2.0
2004,LB,E,E - 7_1,3.0,6.0
2004,LB,E,E - 9_16,3.0,4.0
2004,IL,T,T - IPC4+F01N,2.0,3.0625
2004,LB,E,E - 9_8,3.0,3.076923076923077
2004,IL,T,T - IPC4+F03D,3.0,3.310606060606061
2004,IL,T,T - IPC4+F04B,11.0,12.971428571428573
2004,IL,T,T - IPC4+F04C,3.0,4.216666666666668
2004,IL,T,T - IPC4+F16H,5.0,6.523109243697475
2004,IL,T,T - IPC4+F16K,31.0,34.99826839826839
2004,TH,E,E - 9_19,6.0,7.142857142857142
2004,IL,T,T - IPC4+F23R,1.0,1.4999999999999996
2004,IL,T,T - IPC4+F24F,21.0,23.094660894660894
2004,IL,T,T - IPC4+F41A,15.0,17.84047619047619
2004,IL,T,T - IPC4+F41H,28.0,28.991883116883116
2004,IL,T,T - IPC4+F42B,16.0,16.1984126984127
2004,SA,T,T - IPC4+A61M,1.0,2.0
2004,SA,T,T - IPC4+B63B,1.0,1.5
2004,SA,T,T - IPC4+C08F,19.0,26.193253968253966
2004,SA,T,T - IPC4+C23F,1.0,1.5
2004,SA,T,T - IPC4+E02B,2.0,4.6
2004,SA,T,T - IPC4+F16L,1.0,1.2
2004,SA,T,T - IPC4+F23G,1.0,1.5
2004,SA,T,T - IPC4+F26B,2.0,2.5
2004,SA,T,T - IPC4+G01B,3.0,3.340909090909091
2004,SA,T,T - IPC4+G01V,9.0,9.32142857142857
2004,SA,T,T - IPC4+G03F,1.0,1.6666666666666656
2004,SA,T,T - IPC4+G03B,1.0,1.6666666666666656
2004,SA,T,T - IPC4+G09F,1.0,1.666666666666666
2004,SA,T,T - IPC4+H02K,1.0,1.3333333333333333
2004,AM,T,T - IPC4+C02F,1.0,1.4285714285714282
2004,SG,E,E - 42_12,10.0,10.032258064516128
2004,IL,T,T - IPC4+H01C,7.0,8.777777777777779
2004,LB,T,T - IPC4+F01B,1.0,1.5
2004,LB,T,T - IPC4+F16L,2.0,4.0
2004,IL,T,T - IPC4+H01M,30.0,39.815848550958826
2004,IL,T,T - IPC4+H01Q,44.0,48.439166089059896
2004,LK,T,T - IPC4+F02M,1.0,1.2
2004,LK,T,T - IPC4+C09D,1.0,1.5
2004,LK,T,T - IPC4+B62D,3.0,3.666666666666666
2004,LK,T,T - IPC4+B62B,1.0,2.0
2004,LK,T,T - IPC4+B60C,1.0,2.4999999999999996
2004,IN,E,E - 7_6,2.0,2.090909090909091
2004,YE,E,E - 29_4,2.0,3.0
2004,YE,E,E - 29_8,1.0,2.0
2004,YE,E,E - 30_14,3.0,3.2
2004,YE,E,E - 30_16,3.0,3.2
2004,IN,E,E - 42_12,1.0,2.0
2004,YE,E,E - 3_11,1.0,2.0
2004,YE,E,E - 3_21,3.0,4.0
2004,YE,E,E - 3_9,1.0,2.0
2004,YE,E,E - 5_13,2.0,2.2
2004,TH,T,T - 1197027848,1.0,1.9999999999999998
2004,LK,E,E - 30_18,16.0,16.2
2004,AF,T,T - IPC4+C07C,1.0,2.785714285714285
2004,TH,T,T - IPC4+A43B,2.0,2.2142857142857135
2004,TH,T,T - IPC4+A47J,4.0,6.0
2004,TH,T,T - IPC4+A47G,2.0,2.111111111111111
2004,TH,T,T - IPC4+A63H,1.0,1.5
2004,IN,E,E - 38_11,2.0,2.0555555555555554
2004,TH,T,T - IPC4+B60R,13.0,16.847619047619048
2004,TH,T,T - IPC4+B63C,1.0,2.0
2004,TH,T,T - IPC4+B65H,1.0,1.6666666666666667
2004,TH,T,T - IPC4+B67B,1.0,2.25
2004,TH,T,T - IPC4+F16B,5.0,12.899999999999999
2004,IN,E,E - 34_1,6.0,7.0
2004,TH,T,T - IPC4+H02H,2.0,2.1666666666666665
2004,TH,T,T - IPC4+G21K,1.0,1.0483870967741928
2004,TH,T,T - IPC4+G03B,1.0,1.0483870967741928
2004,TH,T,T - IPC4+G05G,1.0,1.5
2005,MN,T,T - IPC4+G02B,1.0,1.2500000000000004
2005,AM,E,E - 34_0,20.0,32.91666666666667
2005,TH,T,T - IPC4+F16L,5.0,6.8
2005,TH,T,T - IPC4+F16H,2.0,2.6666666666666665
2005,TH,T,T - IPC4+F16D,1.0,2.0
2005,TH,T,T - IPC4+E21B,2.0,2.1666666666666665
2005,TH,T,T - IPC4+E01H,2.0,3.5
2005,TH,T,T - IPC4+B67B,1.0,1.5
2005,TH,T,T - IPC4+B62J,3.0,5.5
2005,TH,T,T - IPC4+B60R,10.0,14.435064935064934
2005,TH,T,T - IPC4+B60K,1.0,2.0
2005,IN,E,E - 38_13,2.0,2.03125
2005,TH,T,T - IPC4+B21B,2.0,2.166666666666667
2005,OM,E,E - 42_12,1.0,2.0
2005,LK,E,E - 38_11,6.0,6.5
2005,OM,E,E - 30_11,1.0,2.0
2005,TH,T,T - IPC4+A23G,3.0,3.694444444444441
2005,OM,T,T - IPC4+H02N,1.0,2.5
2005,TH,T,T - IPC4+A01G,1.0,3.0
2005,YE,E,E - 3_21,2.0,4.0
2005,YE,E,E - 34_8,3.0,3.3333333333333335
2005,YE,E,E - 29_2,6.0,8.142857142857142
2005,YE,E,E - 29_17,4.0,6.0
2005,IN,E,E - 4_3,2.0,3.5
2005,TJ,T,T - IPC4+B25D,1.0,2.0
2005,CY,T,T - IPC4+G09B,1.0,2.0
2005,CY,T,T - IPC4+G06Q,2.0,2.666666666666666
2005,KG,T,T - IPC4+G06F,2.0,2.2
2005,KG,T,T - IPC4+F16H,1.0,2.0
2005,ID,E,E - 5_20,2.0,2.111111111111111
2005,CY,T,T - IPC4+F04C,2.0,4.911764705882346
2005,CY,T,T - IPC4+F01C,3.0,3.5504201680672223
2005,CY,T,T - IPC4+C04B,1.0,1.538461538461537
2005,CY,T,T - IPC4+B60S,1.0,2.0
2005,CY,T,T - IPC4+B42D,4.0,4.999999999999998
2005,CY,T,T - IPC4+B29C,4.0,4.505153576582147
2005,IN,E,E - 14_0,3.0,4.166666666666667
2005,CY,T,T - IPC4+A63H,3.0,3.928571428571428
2005,CY,T,T - IPC4+A61H,1.0,1.5
2005,CY,T,T - IPC4+A45C,1.0,2.0
2005,IN,E,E - 12_6,12.0,12.666666666666668
2005,ID,E,E - 36_8,2.0,2.0555555555555554
2005,BN,T,T - IPC4+B23K,1.0,1.666666666666666
2005,ID,T,T - IPC4+A24D,3.0,6.0
2005,AM,T,T - IPC4+H01H,1.0,2.0
2005,LK,T,T - IPC4+A01M,1.0,1.5
2005,LK,T,T - IPC4+A23B,1.0,1.3333333333333337
2005,LK,T,T - IPC4+B62D,2.0,2.3333333333333335
2005,IQ,T,T - IPC4+F16F,1.0,1.8000000000000005
2005,IQ,T,T - IPC4+F03D,1.0,1.125
2005,IQ,T,T - IPC4+E04H,1.0,1.2
2005,LK,T,T - IPC4+G06Q,1.0,1.5000000000000002
2005,IQ,T,T - IPC4+C07C,1.0,1.48148148148148
2005,IQ,T,T - IPC4+B32B,1.0,1.0714285714285712
2005,IL,T,T - IPC4+H02G,6.0,6.961403508771929
2005,LB,T,T - IPC4+G08B,1.0,1.0131578947368431
2005,VN,T,T - IPC4+A61B,1.0,1.5000000000000002
2005,LB,T,T - IPC4+F16L,2.0,3.0
2005,ID,T,T - IPC4+B66B,1.0,2.0
2005,LB,T,T - IPC4+B21F,1.0,1.75
2005,ID,T,T - IPC4+C25B,1.0,1.7777777777777783
2005,JO,E,E - 5_7,3.0,4.5
2005,JO,E,E - 5_13,1.0,2.0
2005,PH,E,E - 25_13,2.0,4.0
2005,JO,E,E - 42_0,3.0,4.0
2005,AM,T,T - IPC4+A61B,1.0,1.6666666666666665
2005,PH,E,E - 29_5,2.0,4.0
2005,PH,E,E - 30_9,5.0,5.253968253968254
2005,VN,T,T - IPC4+F01L,1.0,1.2
2005,AM,T,T - IPC4+A43C,1.0,2.0
2005,NP,T,T - IPC4+H01L,4.0,4.599999999999999
2005,PH,E,E - 3_9,2.0,3.0
2005,PH,E,E - 43_3,2.0,2.111111111111111
2005,JO,E,E - 35_17,1.0,2.0
2005,SA,T,T - IPC4+F03B,1.0,2.0
2005,SA,T,T - IPC4+E02B,3.0,3.05
2005,SA,T,T - IPC4+E01F,1.0,2.0
2005,SA,T,T - IPC4+C08F,10.0,11.383621933621932
2005,SA,T,T - IPC4+B66C,1.0,1.9999999999999998
2005,SA,T,T - IPC4+B63B,3.0,3.1875
2005,ID,T,T - IPC4+H02M,1.0,1.7857142857142851
2005,YE,T,T - IPC4+C07D,1.0,1.025641025641024
2005,YE,T,T - IPC4+A61P,1.0,1.1282051282051262
2005,IL,T,T - IPC4+F23R,2.0,2.6250000000000004
2005,IL,T,T - IPC4+F16K,25.0,25.049375624375628
2005,TH,E,E - 5_4,12.0,13.06904761904762
2005,IL,T,T - IPC4+F02M,13.0,15.795615169144579
2005,PH,T,T - IPC4+B65D,7.0,8.696741854636592
2005,PH,T,T - IPC4+E05B,3.0,12.250000000000002
2005,PH,T,T - IPC4+F03B,2.0,2.25
2005,PH,T,T - IPC4+H01M,1.0,1.0588235294117645
2005,PH,T,T - IPC4+H02M,5.0,6.07142857142857
2005,PK,E,E - 16_1,4.0,5.125
2005,PK,E,E - 30_15,6.0,6.055555555555555
2005,LB,E,E - 42_12,13.0,24.125
2005,LB,E,E - 42_0,1.0,2.0
2005,LB,E,E - 41_5,2.0,3.0
2005,LB,E,E - 3_5,1.0,2.0
2005,LB,E,E - 3_2,4.0,4.071428571428571
2005,LB,E,E - 39_6,1.0,2.0
2005,LB,E,E - 38_11,1.0,2.0
2005,LB,E,E - 37_16,1.0,2.0
2005,LB,E,E - 36_12,12.0,22.043478260869566
2005,LB,E,E - 35_17,3.0,4.043478260869565
2005,LB,E,E - 35_0,2.0,2.0434782608695654
2005,IL,T,T - IPC4+E06B,19.0,19.960317460317455
2005,LB,E,E - 33_10,2.0,2.3333333333333335
2005,LB,E,E - 32_2,3.0,3.333333333333333
2005,LB,E,E - 32_0,4.0,6.333333333333334
2005,LB,E,E - 30_3,1.0,2.0
2005,IL,T,T - IPC4+E05B,31.0,52.2216033966034
2005,LB,E,E - 19_0,1.0,2.0
2005,SA,E,E - 9_8,5.0,5.125
2005,SA,E,E - 9_13,4.0,5.125
2005,SA,E,E - 6_14,2.0,3.0
2005,LA,T,T - IPC4+G01R,1.0,1.1428571428571426
2005,LA,T,T - IPC4+C07D,1.0,1.0243902439024397
2005,LA,T,T - IPC4+A61P,1.0,1.7926829268292697
2005,SA,E,E - 42_6,3.0,6.0
2005,LA,T,T - IPC4+A61M,1.0,1.5
2005,SA,E,E - 42_12,7.0,10.0
2005,SA,E,E - 41_9,3.0,6.0
2005,IL,T,T - IPC4+E03D,4.0,5.0
2005,SA,E,E - 3_3,4.0,5.25
2005,SA,E,E - 3_21,2.0,2.5
2005,SA,E,E - 39_2,1.0,2.0
2005,SA,E,E - 38_19,7.0,8.476190476190474
2005,SA,E,E - 36_6,3.0,4.333333333333334
2005,SA,E,E - 30_3,4.0,6.0
2005,SA,E,E - 29_1,8.0,8.052631578947368
2005,SA,E,E - 21_6,1.0,2.0
2005,SA,E,E - 19_9,1.0,2.0
2005,SA,E,E - 16_7,1.0,2.0
2005,IL,T,T - IPC4+E01C,1.0,2.999999999999999
2005,SA,E,E - 14_12,1.0,2.0
2005,SA,E,E - 11_15,4.0,4.25
2005,IR,T,T - IPC4+H04N,4.0,9.729767308714681
2005,IL,T,T - IPC4+D06F,5.0,6.121428571428571
2005,IL,T,T - IPC4+C10L,6.0,6.131377881377883
2005,AE,T,T - IPC4+H01R,2.0,3.000000000000001
2005,PK,T,T - IPC4+A61N,1.0,1.0714285714285712
2005,PK,T,T - IPC4+B60Q,1.0,2.0
2005,PK,T,T - IPC4+G10L,1.0,1.5000000000000002
2005,BD,T,T - IPC4+F16H,1.0,1.0416666666666663
2005,AE,T,T - IPC4+F25D,2.0,2.0789473684210513
2005,SG,T,T - IPC4+A44C,2.0,2.4920634920634916
2005,SG,T,T - IPC4+A45D,4.0,5.0875
2005,SG,T,T - IPC4+A47L,5.0,11.422979797979854
2005,SG,T,T - IPC4+A61C,5.0,6.057142857142857
2005,SG,T,T - IPC4+A62B,2.0,5.666666666666668
2005,SG,T,T - IPC4+A63B,5.0,6.642857142857142
2005,SG,T,T - IPC4+B05C,6.0,7.161904761904761
2005,AE,T,T - IPC4+E06B,1.0,2.6666666666666674
2005,SG,T,T - IPC4+B25B,2.0,2.166666666666667
2005,SG,T,T - IPC4+B25G,1.0,1.0909090909090904
2005,JP,T,T - IPC4+H04R,886.0,956.4702500701574
2005,IL,T,T - IPC4+B66C,1.0,1.1428571428571426
2005,SG,T,T - IPC4+B41J,23.0,26.76363408521303
2005,SG,T,T - IPC4+B62M,7.0,13.666666666666664
2005,SG,T,T - IPC4+C10G,9.0,9.24368686868688
2005,SG,T,T - IPC4+C23G,2.0,2.681250000000001
2005,SG,T,T - IPC4+D04H,4.0,5.115488215488227
2005,KZ,T,T - IPC4+F01B,1.0,2.0000000000000004
2005,AE,T,T - IPC4+C02F,2.0,3.894736842105261
2005,SG,T,T - IPC4+E03D,3.0,4.6
2005,JP,T,T - IPC4+H02K,1470.0,1731.733374238911
2005,BH,E,E - 36_3,6.0,7.2
2005,SG,T,T - IPC4+E06B,11.0,12.666666666666668
2005,SG,T,T - IPC4+E05F,2.0,2.6
2005,KZ,T,T - IPC4+B03B,4.0,4.7
2005,SG,T,T - IPC4+F04B,6.0,6.118073593073593
2005,AE,E,E - 14_12,2.0,2.018181818181818
2005,KZ,T,T - IPC4+A41D,1.0,2.0
2005,JP,T,T - IPC4+H01T,173.0,174.53689464130645
2005,BH,E,E - 38_8,1.0,2.0
2005,JP,T,T - IPC4+H01R,1763.0,2392.152431858676
2005,AE,E,E - 15_2,2.0,4.0
2005,SG,T,T - IPC4+F24C,2.0,2.875
2005,SG,T,T - IPC4+F24F,10.0,10.016666666666667
2005,JP,T,T - IPC4+H01Q,932.0,1117.148620266675
2005,SG,T,T - IPC4+F41A,4.0,4.791666666666667
2005,SG,T,T - IPC4+F41G,1.0,1.5
2005,JP,T,T - IPC4+H01M,2927.0,3852.254194233005
2005,IL,T,T - IPC4+B62D,3.0,3.516666666666665
2005,SG,T,T - IPC4+G03H,1.0,1.2
2005,SG,T,T - IPC4+G05G,1.0,1.6666666666666665
2005,JP,T,T - IPC4+H01H,990.0,1152.4698102771008
2005,AE,E,E - 16_20,2.0,2.0714285714285716
2005,JP,T,T - IPC4+H01G,940.0,979.966304969707
2005,SG,T,T - IPC4+G10D,2.0,5.499999999999999
2005,SG,T,T - IPC4+H03H,11.0,12.271320346320326
2005,JP,T,T - IPC4+G11B,7559.0,9940.716013405978
2005,JP,T,T - IPC4+G10D,59.0,59.43401043401045
2005,AE,T,T - IPC4+A61C,1.0,1.5
2005,AE,T,T - IPC4+A61B,4.0,5.5
2005,IL,T,T - IPC4+B60C,5.0,5.2701149425287355
2005,SY,E,E - 11_15,1.0,2.0
2005,SY,E,E - 25_15,1.0,2.0
2005,SY,E,E - 29_2,1.0,2.0
2005,SY,E,E - 29_7,4.0,4.158730158730158
2005,SY,E,E - 29_5,2.0,2.5
2005,JP,T,T - IPC4+G03G,3152.0,3864.849399941204
2005,SY,E,E - 30_16,6.0,6.185714285714285
2005,SY,E,E - 30_17,7.0,10.138095238095238
2005,SY,E,E - 30_3,7.0,7.138095238095238
2005,SY,E,E - 32_7,3.0,4.0476190476190474
2005,SY,E,E - 35_17,1.0,2.0
2005,SY,E,E - 37_12,1.0,2.0
2005,SY,E,E - 3_14,4.0,6.166666666666666
2005,SY,E,E - 3_2,4.0,8.0
2005,SY,E,E - 3_9,3.0,3.166666666666667
2005,SY,E,E - 5_10,1.0,2.0
2005,SY,E,E - 5_17,1.0,2.0
2005,SY,E,E - 7_1,1.0,2.0
2005,SY,E,E - 9_0,1.0,2.0
2005,JP,T,T - IPC4+F25C,39.0,47.640783236371476
2005,IL,T,T - IPC4+B25C,2.0,2.25
2005,IL,T,T - IPC4+B25B,8.0,11.24702380952381
2005,IL,T,T - IPC4+B23C,43.0,77.4915750915751
2005,IL,E,E - 5_12,2.0,2.25
2005,IL,T,T - IPC4+B23B,46.0,66.28699633699635
2005,JP,T,T - IPC4+F16H,1510.0,1637.824658754931
2005,AE,E,E - 34_8,16.0,19.351492365312588
2005,KP,E,E - 38_17,2.0,2.125
2005,KP,E,E - 7_1,2.0,2.25
2005,JP,T,T - IPC4+F04D,373.0,384.89400940766285
2005,JP,T,T - IPC4+F04C,420.0,468.3762439987492
2005,KP,E,E - 9_7,3.0,3.0833333333333335
2005,JP,T,T - IPC4+F03D,85.0,107.28037328168907
2005,AE,E,E - 36_8,8.0,8.037037037037038
2005,JP,T,T - IPC4+F01L,417.0,517.3895483755138
2005,GE,T,T - IPC4+A47C,2.0,2.666666666666667
2005,AE,E,E - 38_11,4.0,5.0181818181818185
2005,AE,E,E - 38_17,4.0,7.0
2005,GE,T,T - IPC4+B66B,1.0,1.333333333333333
2005,GE,T,T - IPC4+C03B,1.0,2.0
2005,AE,E,E - 38_6,1.0,2.0
2005,GE,T,T - IPC4+C10L,1.0,1.2500000000000002
2005,AE,E,E - 3_1,1.0,2.0
2005,JP,T,T - IPC4+D06F,204.0,340.6911679307965
2005,JP,T,T - IPC4+D05B,142.0,189.70356032856031
2005,GE,T,T - IPC4+H01G,1.0,2.1153846153846168
2005,JP,T,T - IPC4+D04B,168.0,236.404328137052
2005,JP,T,T - IPC4+D01H,38.0,43.19722222222223
2005,IL,T,T - IPC4+A47C,5.0,5.483333333333334
2005,IL,T,T - IPC4+A43B,11.0,11.648989898989896
2005,AE,E,E - 42_12,13.0,17.333333333333336
2005,KW,T,T - IPC4+A61K,2.0,2.440873015873013
2005,AE,E,E - 4_3,4.0,4.125
2005,AE,E,E - 5_21,1.0,2.0
2005,JP,T,T - IPC4+B66B,422.0,588.5687519844495
2005,MY,T,T - IPC4+A01K,3.0,4.0476190476190474
2005,MY,T,T - IPC4+A43B,2.0,3.1666666666666665
2005,MY,T,T - IPC4+A47C,3.0,5.499999999999998
2005,MY,T,T - IPC4+B60B,1.0,1.25
2005,KP,T,T - IPC4+A61L,1.0,1.0714285714285712
2005,MY,T,T - IPC4+B62B,1.0,2.0
2005,MY,T,T - IPC4+B67C,2.0,2.333333333333333
2005,MY,T,T - IPC4+C08C,8.0,8.063146997929607
2005,MY,T,T - IPC4+C10M,3.0,3.3
2005,KP,T,T - IPC4+F16L,1.0,1.5000000000000002
2005,KP,T,T - IPC4+G01N,1.0,1.0714285714285712
2005,KP,T,T - IPC4+G09B,1.0,1.5
2005,KP,T,T - IPC4+G11B,7.0,8.940884687208204
2005,KP,T,T - IPC4+H01F,1.0,1.9999999999999998
2005,KP,T,T - IPC4+H04W,2.0,2.125
2005,MY,T,T - IPC4+F23G,1.0,3.2000000000000006
2005,JP,T,T - IPC4+B62B,64.0,68.93571428571428
2005,JO,T,T - IPC4+G01N,1.0,2.0
2005,JP,T,T - IPC4+B60C,704.0,743.3924524731666
2005,JP,T,T - IPC4+B43K,114.0,154.76178256142586
2005,JP,T,T - IPC4+B41J,4865.0,5045.918605540986
2005,JP,T,T - IPC4+B41F,301.0,303.21392891391395
2005,IL,E,E - 39_9,2.0,2.0833333333333335
2005,JP,T,T - IPC4+B26B,103.0,155.71479076479076
2005,IL,E,E - 10_1,4.0,7.0
2005,JP,T,T - IPC4+B25D,48.0,49.930916305916305
2005,JP,T,T - IPC4+B25C,103.0,168.6921356421357
2005,KR,E,E - 42_12,3.0,3.0450367647058822
2005,JP,T,T - IPC4+B23H,137.0,144.10450884255062
2005,CN,T,T - IPC4+F24S,6.0,10.0
2005,JO,T,T - IPC4+C03C,1.0,1.800000000000001
2005,IQ,E,E - 38_11,2.0,3.0
2005,CN,T,T - IPC4+E03D,23.0,23.357575757575756
2005,TR,T,T - IPC4+A01K,3.0,6.382539682539682
2005,TR,T,T - IPC4+A23G,6.0,6.404761904761904
2005,TR,T,T - IPC4+A43B,2.0,2.8
2005,IQ,E,E - 32_11,1.0,2.0
2005,TR,T,T - IPC4+A47K,4.0,7.7333333333333325
2005,CN,T,T - IPC4+C12G,2.0,2.0526315789473686
2005,TR,T,T - IPC4+A61N,5.0,6.162337662337662
2005,SY,T,T - IPC4+E21B,2.0,4.742857142857137
2005,TR,T,T - IPC4+B07B,1.0,1.25
2005,JO,T,T - IPC4+B41J,1.0,7.99999999999998
2005,TR,T,T - IPC4+B28B,1.0,4.0
2005,TR,T,T - IPC4+B41J,2.0,3.8500000000000005
2005,CN,T,T - IPC4+B64F,4.0,6.5
2005,JP,T,T - IPC4+A63F,760.0,1052.8416470878167
2005,TR,T,T - IPC4+B60R,2.0,2.571428571428571
2005,TR,T,T - IPC4+B63H,1.0,1.3333333333333337
2005,TR,T,T - IPC4+B65H,3.0,3.314285714285714
2005,JP,T,T - IPC4+A63B,408.0,545.1654989042978
2005,CN,T,T - IPC4+B43K,19.0,19.266666666666662
2005,CN,T,T - IPC4+B26B,23.0,46.867261904761904
2005,CN,T,T - IPC4+B25C,12.0,17.4367102396514
2005,TR,T,T - IPC4+C10M,2.0,2.547619047619044
2005,TR,T,T - IPC4+D01H,1.0,1.5999999999999999
2005,JP,T,T - IPC4+A61H,242.0,253.52002079533818
2005,TR,T,T - IPC4+D06F,44.0,53.37380952380952
2005,TR,T,T - IPC4+E01C,1.0,3.75
2005,JP,T,T - IPC4+A61F,1146.0,1228.672994700121
2005,TR,T,T - IPC4+E03D,5.0,7.466666666666666
2005,TR,T,T - IPC4+E21B,1.0,1.125
2005,JP,T,T - IPC4+A61B,2489.0,2510.7950369493665
2005,JP,T,T - IPC4+A47L,299.0,384.9398987835388
2005,JO,T,T - IPC4+A61K,15.0,16.958968803086726
2005,TR,T,T - IPC4+F16D,3.0,3.2428571428571424
2005,JP,T,T - IPC4+A47D,37.0,47.50292207792208
2005,TR,T,T - IPC4+G01H,1.0,2.0
2005,IL,E,E - 36_18,1.0,2.0
2005,JP,T,T - IPC4+A44C,66.0,66.29504939504939
2005,JP,T,T - IPC4+A44B,186.0,281.24358482286874
2005,JP,T,T - IPC4+A43B,72.0,74.10532109789077
2005,TR,T,T - IPC4+H01J,4.0,4.145833333333335
2005,IL,E,E - 16_1,2.0,2.1666666666666665
2005,JP,T,T - IPC4+A24D,33.0,40.85212565212564
2005,JP,T,T - IPC4+A24C,20.0,26.844264069264067
2005,JP,T,T - IPC4+A21C,51.0,69.13770118770118
2005,KW,E,E - 9_25,1.0,2.0
2005,KW,E,E - 43_3,1.0,2.0
2005,KW,E,E - 42_12,4.0,7.0
2005,KW,E,E - 42_0,4.0,8.0
2005,JP,T,T - IPC4+A01F,16.0,16.323412698412696
2005,KW,E,E - 3_3,2.0,4.0
2005,KW,E,E - 3_2,1.0,2.0
2005,KW,E,E - 36_12,1.0,2.0
2005,KW,E,E - 35_21,5.0,6.0
2005,KW,E,E - 32_1,3.0,4.0
2005,KW,E,E - 30_7,1.0,2.0
2005,BH,T,T - IPC4+G01N,2.0,2.1166666666666654
2005,KW,E,E - 25_13,1.0,2.0
2005,KW,E,E - 25_10,1.0,2.0
2005,KW,E,E - 16_20,3.0,4.0
2005,KW,E,E - 16_14,1.0,2.0
2005,KR,T,T - IPC4+H04W,1299.0,1399.6354625308898
2005,KR,T,T - IPC4+H04R,130.0,177.07261055937528
2005,KR,T,T - IPC4+H04N,2236.0,2907.9118703145996
2005,KR,T,T - IPC4+H02P,75.0,80.83891068941378
2005,KR,T,T - IPC4+H02K,187.0,316.4306967977556
2005,KR,T,T - IPC4+H01S,220.0,266.4130996465733
2005,KR,T,T - IPC4+H01P,52.0,55.22301587301588
2005,KR,T,T - IPC4+H01Q,164.0,228.93540934555637
2005,KR,T,T - IPC4+H01L,4138.0,5549.588007225596
2005,KR,T,T - IPC4+H01M,476.0,935.5133731092104
2005,KR,T,T - IPC4+H01J,1215.0,1625.1287805350426
2005,AZ,T,T - IPC4+G01V,5.0,8.0
2005,KR,T,T - IPC4+H01H,127.0,148.1954631833308
2005,KR,T,T - IPC4+G21C,24.0,29.145798319327728
2005,KR,T,T - IPC4+G11B,1392.0,2735.9801794830055
2005,KR,T,T - IPC4+G11C,1025.0,1516.138022641358
2005,KR,T,T - IPC4+G10L,159.0,166.28917315363253
2005,KR,T,T - IPC4+G10H,23.0,23.79740259740259
2005,KR,T,T - IPC4+G10D,5.0,5.5
2005,KR,T,T - IPC4+G09G,1370.0,1854.2390437143254
2005,IN,T,T - IPC4+F41H,1.0,2.0
2005,UZ,T,T - IPC4+A23L,1.0,2.0
2005,KR,T,T - IPC4+G03G,392.0,648.3570759980759
2005,IL,E,E - 17_10,2.0,2.1
2005,KR,T,T - IPC4+G02F,1904.0,2132.244855315579
2005,KR,T,T - IPC4+F41G,1.0,2.0
2005,KR,T,T - IPC4+F25D,303.0,377.5764263084695
2005,KR,T,T - IPC4+F25C,40.0,76.17085985909513
2005,KR,T,T - IPC4+F25B,216.0,247.49277754409337
2005,IL,E,E - 33_13,2.0,3.0
2005,KR,T,T - IPC4+F24F,305.0,464.0039656164268
2005,KR,T,T - IPC4+F24C,158.0,179.21639749139752
2005,KR,T,T - IPC4+F16L,76.0,76.32854223071615
2005,KR,T,T - IPC4+F16H,116.0,187.26189447807096
2005,KR,T,T - IPC4+F16F,66.0,76.38390498390497
2005,KR,T,T - IPC4+F16D,50.0,54.473112998113
2005,KR,T,T - IPC4+F04D,58.0,72.99704682572329
2005,KR,T,T - IPC4+F04C,97.0,172.22153402153396
2005,KR,T,T - IPC4+F04B,213.0,322.61903096903103
2005,KR,T,T - IPC4+F03D,13.0,27.095238095238095
2005,IN,T,T - IPC4+A23C,9.0,10.278122531063692
2005,KR,T,T - IPC4+F02M,63.0,93.21139485514483
2005,KR,T,T - IPC4+F02K,2.0,3.999999999999999
2005,KR,T,T - IPC4+F02D,51.0,57.58281163281161
2005,KR,T,T - IPC4+F01P,16.0,19.39786324786325
2005,KR,T,T - IPC4+F01M,18.0,18.98030303030303
2005,KR,T,T - IPC4+F01L,11.0,13.628787878787882
2005,KR,T,T - IPC4+F01K,1.0,1.3333333333333337
2005,KR,T,T - IPC4+E21C,3.0,3.6
2005,KR,T,T - IPC4+E05B,58.0,61.53209290709288
2005,KR,T,T - IPC4+E04H,65.0,69.2015873015873
2005,KR,T,T - IPC4+E04D,8.0,10.015800865800863
2005,KR,T,T - IPC4+E03D,18.0,26.227380952380948
2005,KR,T,T - IPC4+E02F,36.0,44.40817099567099
2005,KR,T,T - IPC4+E01C,24.0,27.36331168831169
2005,KR,T,T - IPC4+D06F,352.0,770.2890083881263
2005,KR,T,T - IPC4+D05B,16.0,17.21926406926407
2005,IN,T,T - IPC4+A24D,3.0,3.385483870967742
2005,IN,T,T - IPC4+F16D,5.0,5.666666666666666
2005,KR,T,T - IPC4+D04B,17.0,18.8510101010101
2005,KR,T,T - IPC4+D01H,3.0,3.333333333333333
2005,KR,T,T - IPC4+D02G,32.0,32.68486529516695
2005,IN,T,T - IPC4+A44C,3.0,4.0
2005,KR,T,T - IPC4+C11D,70.0,71.5248674298984
2005,KR,T,T - IPC4+C10L,16.0,17.09686147186148
2005,KR,T,T - IPC4+C03B,80.0,94.4754935631366
2005,IL,E,E - 1_11,2.0,2.5
2005,KR,T,T - IPC4+B65H,107.0,108.02632694103276
2005,KR,T,T - IPC4+B65D,274.0,277.4992041416236
2005,KR,T,T - IPC4+B63H,8.0,8.15
2005,KR,T,T - IPC4+B62D,130.0,149.8988455988456
2005,KR,T,T - IPC4+B61L,6.0,6.583333333333333
2005,KR,T,T - IPC4+B60T,47.0,54.26973581973582
2005,KR,T,T - IPC4+B60R,184.0,234.72275966207857
2005,KR,T,T - IPC4+B60N,65.0,101.8822802197802
2005,KR,T,T - IPC4+B60H,47.0,49.87336601307188
2005,KR,T,T - IPC4+B60G,31.0,65.47023809523809
2005,KR,T,T - IPC4+B60C,47.0,56.29404828917214
2005,KR,T,T - IPC4+B60B,20.0,24.268181818181816
2005,KR,T,T - IPC4+B43K,18.0,21.444444444444436
2005,KR,T,T - IPC4+B41J,256.0,324.5840284579255
2005,KR,T,T - IPC4+B26B,16.0,16.083333333333336
2005,KR,T,T - IPC4+B22D,37.0,42.92918747918749
2005,IN,T,T - IPC4+E01C,1.0,2.0
2005,KR,T,T - IPC4+B04B,4.0,5.390476190476189
2005,KR,T,T - IPC4+A63C,31.0,34.00909090909091
2005,KR,T,T - IPC4+A63B,143.0,166.78461538461536
2005,KR,T,T - IPC4+A62B,21.0,23.014928791015745
2005,KR,T,T - IPC4+A61C,62.0,72.86989758607406
2005,KR,T,T - IPC4+A47L,296.0,562.1312802965193
2005,KR,T,T - IPC4+A47J,151.0,158.06515429015428
2005,KR,T,T - IPC4+A44B,19.0,19.592307692307692
2005,KR,T,T - IPC4+A01D,6.0,7.666666666666667
2005,IN,T,T - IPC4+C14C,11.0,20.0
2005,QA,E,E - 18_4,1.0,2.0
2005,QA,E,E - 25_5,3.0,4.006451612903226
2005,QA,E,E - 36_8,3.0,3.0555555555555554
2005,QA,E,E - 3_2,2.0,2.3333333333333335
2005,QA,E,E - 42_12,3.0,4.0
2005,QA,E,E - 42_0,1.0,2.0
2005,IN,T,T - IPC4+B62M,2.0,2.8333333333333335
2005,IN,T,T - IPC4+B63B,1.0,1.9999999999999998
2005,IN,T,T - IPC4+B65C,1.0,2.0
2005,VN,E,E - 42_2,1.0,2.0
2006,IN,T,T - IPC4+C01D,7.0,7.387619047619046
2006,IN,T,T - IPC4+B64G,1.0,1.5
2006,QA,E,E - 9_25,1.0,2.0
2006,QA,E,E - 9_6,1.0,2.0
2006,QA,E,E - 9_0,6.0,12.0
2006,QA,E,E - 42_20,2.0,2.0416666666666665
2006,QA,E,E - 42_12,3.0,5.0
2006,QA,E,E - 42_10,1.0,2.0
2006,QA,E,E - 42_13,1.0,2.0
2006,QA,E,E - 41_10,1.0,2.0
2006,QA,E,E - 38_0,4.0,6.041666666666666
2006,QA,E,E - 37_10,1.0,2.0
2006,QA,E,E - 28_5,1.0,2.0
2006,QA,E,E - 25_13,4.0,5.166666666666666
2006,QA,E,E - 16_21,6.0,7.1
2006,QA,E,E - 16_14,5.0,7.1
2006,IN,T,T - IPC4+C14C,13.0,16.666666666666664
2006,KR,T,T - 1197027848,25.0,26.13643578643579
2006,KR,T,T - IPC4+A01F,2.0,2.2857142857142856
2006,KR,T,T - IPC4+A01D,5.0,5.666666666666666
2006,KR,T,T - IPC4+A24D,7.0,8.378205128205128
2006,KR,T,T - IPC4+A42B,41.0,42.40530303030303
2006,KR,T,T - IPC4+A43B,94.0,107.71748055392555
2006,KR,T,T - IPC4+A45D,122.0,124.01308691308688
2006,IN,T,T - IPC4+D01H,7.0,9.833333333333332
2006,KR,T,T - IPC4+A47L,387.0,656.001916559271
2006,KR,T,T - IPC4+A61C,78.0,94.61547619047622
2006,IN,T,T - IPC4+D06F,8.0,9.724603174603176
2006,KR,T,T - IPC4+A63B,160.0,177.50001387501388
2006,KR,T,T - IPC4+A63C,31.0,35.578896103896106
2006,KR,T,T - IPC4+B04B,6.0,11.512987012987011
2006,IN,T,T - IPC4+E01B,2.0,3.0
2006,KR,T,T - IPC4+B23H,13.0,13.436904761904762
2006,IN,T,T - IPC4+E03D,1.0,2.0
2006,KR,T,T - IPC4+B25C,4.0,4.3
2006,KR,T,T - IPC4+B26B,25.0,25.083333333333332
2006,KR,T,T - IPC4+B41J,406.0,629.2840528060983
2006,KR,T,T - IPC4+B60C,45.0,51.25174818601452
2006,KR,T,T - IPC4+B60G,26.0,48.546428571428564
2006,KR,T,T - IPC4+B60H,61.0,61.644493251846185
2006,KR,T,T - IPC4+B60N,54.0,61.03566017316018
2006,KR,T,T - IPC4+B60S,41.0,52.096717171717174
2006,KR,T,T - IPC4+B60T,45.0,46.84096459096459
2006,IN,T,T - IPC4+F01C,4.0,5.772727272727272
2006,KR,T,T - IPC4+B62M,28.0,35.073032523032516
2006,KR,T,T - IPC4+B63C,12.0,13.165367965367967
2006,KR,T,T - IPC4+B65D,289.0,289.2554871297359
2006,KR,T,T - IPC4+B66B,45.0,46.271428571428565
2006,KR,T,T - IPC4+B66F,14.0,16.097835497835497
2006,IN,T,T - IPC4+F03C,1.0,1.636363636363636
2006,KR,T,T - IPC4+C10B,5.0,5.983333333333336
2006,IN,T,T - IPC4+A46B,1.0,2.5
2006,KR,T,T - IPC4+C12G,3.0,3.9
2006,KR,T,T - IPC4+C14C,4.0,4.776923076923077
2006,KR,T,T - IPC4+C21B,17.0,21.716998400150576
2006,KR,T,T - IPC4+C21D,29.0,31.91892551892564
2006,IN,T,T - IPC4+A24D,1.0,1.5
2006,KR,T,T - IPC4+D05B,16.0,23.023809523809522
2006,KR,T,T - IPC4+D06F,413.0,750.6448395667513
2006,KR,T,T - IPC4+E01F,27.0,30.408333333333335
2006,KR,T,T - IPC4+E02B,25.0,27.996392496392495
2006,KR,T,T - IPC4+E02D,54.0,61.51668755221387
2006,KR,T,T - IPC4+E03F,20.0,21.509920634920636
2006,KR,T,T - IPC4+E05B,43.0,46.866444666444664
2006,KR,T,T - IPC4+E21B,15.0,16.700000000000003
2006,KR,T,T - IPC4+E21D,8.0,8.635714285714284
2006,KR,T,T - IPC4+F01L,8.0,10.055555555555554
2006,KR,T,T - IPC4+F02M,47.0,53.552904040404044
2006,KR,T,T - IPC4+F03D,9.0,12.392857142857142
2006,KR,T,T - IPC4+F04B,206.0,293.2888222888223
2006,KR,T,T - IPC4+F04C,106.0,164.9437506937507
2006,KR,T,T - IPC4+F04D,66.0,66.46191112808759
2006,KR,T,T - IPC4+F15B,39.0,41.11459235209236
2006,KR,T,T - IPC4+F16F,54.0,58.993505350858285
2006,KR,T,T - IPC4+F16H,106.0,144.1589577089577
2006,KR,T,T - IPC4+F17C,26.0,29.262096237096234
2006,KR,T,T - IPC4+F23N,11.0,11.70238095238095
2006,IL,E,E - 33_13,3.0,4.0
2006,KR,T,T - IPC4+F24F,412.0,546.1651589466604
2006,KR,T,T - IPC4+F25B,302.0,373.7004706794181
2006,KR,T,T - IPC4+F25C,41.0,70.36269427740015
2006,KR,T,T - IPC4+F25D,302.0,384.2650764340005
2006,UZ,T,T - IPC4+A61K,1.0,1.1304347826086956
2006,KR,T,T - IPC4+G02F,2290.0,2565.5344904638523
2006,KR,T,T - IPC4+G03G,512.0,750.9235268714857
2006,KR,T,T - IPC4+G09G,1702.0,2218.6935187231425
2006,KR,T,T - IPC4+G10L,197.0,230.07529565685724
2006,KR,T,T - IPC4+G11B,1434.0,2454.6084537824695
2006,KR,T,T - IPC4+G11C,1202.0,1891.1231490531677
2006,KR,T,T - IPC4+G21C,21.0,21.493234216763632
2006,KR,T,T - IPC4+H01C,34.0,39.32785906903553
2006,KR,T,T - IPC4+H01H,159.0,170.49062914353163
2006,KR,T,T - IPC4+H01J,1429.0,2063.8042155388625
2006,KR,T,T - IPC4+H01L,5472.0,7227.521000295878
2006,KR,T,T - IPC4+H01M,808.0,1577.5877508250046
2006,KR,T,T - IPC4+H01Q,253.0,333.33233479642075
2006,AZ,T,T - IPC4+F16H,1.0,2.0
2006,KR,T,T - IPC4+H01S,243.0,258.6100163727033
2006,AZ,T,T - IPC4+F02B,1.0,2.0
2006,KR,T,T - IPC4+H02K,241.0,407.21887881182005
2006,KR,T,T - IPC4+H02S,1.0,2.0
2006,KR,T,T - IPC4+H02P,104.0,148.68793257396203
2006,KR,T,T - IPC4+H03F,154.0,179.62710235670764
2006,AZ,T,T - IPC4+C07D,2.0,2.506944444444445
2006,KR,T,T - IPC4+H04N,3013.0,3746.76582479466
2006,KR,T,T - IPC4+H04R,231.0,262.72066904145834
2006,KW,E,E - 16_10,1.0,2.0
2006,KW,E,E - 16_14,3.0,6.0
2006,KW,E,E - 16_20,3.0,6.0
2006,KW,E,E - 21_6,1.0,2.0
2006,KW,E,E - 25_13,9.0,13.5
2006,KW,E,E - 25_15,1.0,2.0
2006,KW,E,E - 30_17,4.0,5.033333333333333
2006,KW,E,E - 30_16,2.0,2.033333333333333
2006,KW,E,E - 32_7,4.0,6.033333333333333
2006,KW,E,E - 32_1,4.0,4.033333333333333
2006,KW,E,E - 35_0,3.0,3.25
2006,KW,E,E - 35_1,2.0,2.25
2006,KW,E,E - 35_21,3.0,3.25
2006,KW,E,E - 36_8,2.0,3.0
2006,JP,T,T - IPC4+A01D,88.0,89.85046203796203
2006,KW,E,E - 39_6,1.0,2.0
2006,KW,E,E - 39_9,1.0,2.0
2006,JP,T,T - IPC4+A01F,26.0,31.438492063492063
2006,KW,E,E - 41_3,2.0,4.0
2006,KW,E,E - 42_12,10.0,15.0
2006,KW,E,E - 42_0,5.0,10.0
2006,KW,E,E - 42_20,3.0,4.0
2006,KW,E,E - 42_26,2.0,2.1666666666666665
2006,KW,E,E - 43_13,1.0,2.0
2006,KW,E,E - 43_3,4.0,5.0
2006,KW,E,E - 5_7,6.0,11.0
2006,JP,T,T - IPC4+A24C,22.0,25.653679653679657
2006,JP,T,T - IPC4+A24D,40.0,41.97374292374292
2006,JP,T,T - IPC4+A42B,21.0,22.085027208997463
2006,JP,T,T - IPC4+A43B,82.0,91.36327524905917
2006,JP,T,T - IPC4+A44B,162.0,211.26593496372902
2006,JO,T,T - IPC4+A61B,2.0,2.3666666666666667
2006,TR,T,T - IPC4+F25C,3.0,3.5
2006,JP,T,T - IPC4+A47D,40.0,48.148015873015865
2006,TR,T,T - IPC4+F16F,1.0,2.4
2006,TR,T,T - IPC4+F04B,16.0,16.25
2006,TR,T,T - IPC4+F02M,16.0,21.27777777777778
2006,CN,T,T - IPC4+A21C,2.0,2.6666666666666665
2006,JP,T,T - IPC4+A47L,303.0,367.3219073590045
2006,TR,T,T - IPC4+F01L,1.0,2.0
2006,JP,T,T - IPC4+A61B,2868.0,2905.0065958724726
2006,TR,T,T - IPC4+E06B,1.0,1.2
2006,TR,T,T - IPC4+E05B,6.0,6.3428571428571425
2006,TR,T,T - IPC4+E04F,1.0,1.090909090909091
2006,TR,T,T - IPC4+E03D,5.0,6.066666666666666
2006,TR,T,T - IPC4+D05B,1.0,2.0
2006,TR,T,T - IPC4+D06F,35.0,38.83412698412698
2006,CN,T,T - IPC4+B25C,18.0,23.457186713069053
2006,JP,T,T - IPC4+A63B,390.0,488.2576361022673
2006,TR,T,T - IPC4+B65B,3.0,3.6999999999999997
2006,TR,T,T - IPC4+B63B,2.0,3.0
2006,TR,T,T - IPC4+B60S,1.0,1.5
2006,JP,T,T - IPC4+A63F,870.0,1304.449698842651
2006,TR,T,T - IPC4+B60P,1.0,1.5
2006,CN,T,T - IPC4+B66C,15.0,16.738095238095237
2006,CN,T,T - IPC4+B66D,13.0,16.623051948051952
2006,CN,T,T - IPC4+B67B,9.0,10.550000000000002
2006,SY,T,T - IPC4+H04M,2.0,2.1666666666666665
2006,JO,T,T - IPC4+B41J,1.0,3.9999999999999933
2006,TR,T,T - IPC4+A61N,7.0,9.007525879917182
2006,TR,T,T - IPC4+A61C,3.0,3.321428571428572
2006,TR,T,T - IPC4+A47K,8.0,8.747619047619047
2006,IQ,E,E - 32_7,2.0,2.2
2006,TR,T,T - IPC4+A43B,1.0,2.4
2006,CN,T,T - IPC4+D06F,22.0,29.001587301587303
2006,CN,T,T - IPC4+E06B,43.0,44.42259803401106
2006,CN,T,T - IPC4+E21C,1.0,2.4
2006,CN,T,T - IPC4+E21D,6.0,7.816666666666666
2006,CN,T,T - IPC4+F02N,3.0,3.5914285714285703
2006,CN,T,T - IPC4+F41G,1.0,2.5714285714285707
2006,JO,T,T - IPC4+C07K,1.0,1.500000000000001
2006,JO,T,T - IPC4+C08L,2.0,2.9682539682539697
2006,JP,T,T - IPC4+B25C,120.0,189.69801587301592
2006,JP,T,T - IPC4+B25D,56.0,62.86276313555725
2006,VN,E,E - 19_8,1.0,2.0
2006,JP,T,T - IPC4+B26B,97.0,155.62203804966967
2006,JP,T,T - IPC4+B41J,5383.0,5420.039819711765
2006,JP,T,T - IPC4+B43K,114.0,134.94804315481562
2006,JP,T,T - IPC4+B60C,831.0,849.5065020429794
2006,MY,T,T - IPC4+H02K,2.0,2.3005050505050493
2006,MY,T,T - IPC4+G06N,1.0,2.2222222222222228
2006,MY,T,T - IPC4+F41A,1.0,2.0
2006,JP,T,T - IPC4+B62B,71.0,74.11547619047622
2006,KP,T,T - IPC4+H04W,6.0,7.603708791208791
2006,MY,T,T - IPC4+F16H,1.0,1.2307692307692304
2006,KP,T,T - IPC4+H01J,2.0,2.791666666666667
2006,MY,T,T - IPC4+E05C,1.0,1.3333333333333333
2006,KP,T,T - IPC4+G01C,1.0,1.5000000000000002
2006,KP,T,T - IPC4+F16H,4.0,10.4
2006,KP,T,T - IPC4+E06B,1.0,1.5
2006,MY,T,T - IPC4+C10L,5.0,8.431797235023044
2006,JP,T,T - IPC4+B63C,21.0,22.99844322344322
2006,JP,T,T - IPC4+B63H,172.0,179.21715498553738
2006,MY,T,T - IPC4+B67D,1.0,1.3333333333333333
2006,KP,T,T - IPC4+B41J,1.0,1.5
2006,MY,T,T - IPC4+B67B,4.0,5.3999999999999995
2006,MY,T,T - IPC4+B62B,3.0,6.633333333333332
2006,MY,T,T - IPC4+A63B,2.0,2.5
2006,MY,T,T - IPC4+A46B,6.0,6.2
2006,MY,T,T - IPC4+A47B,8.0,18.166666666666668
2006,MY,T,T - IPC4+A44C,1.0,1.2
2006,MY,T,T - IPC4+A43B,1.0,1.666666666666666
2006,JP,T,T - IPC4+B66B,598.0,756.366991341991
2006,AE,E,E - 8_12,4.0,5.142857142857142
2006,IL,T,T - IPC4+A01M,9.0,11.251011775947836
2006,IL,T,T - IPC4+A22C,5.0,5.749999999999999
2006,AE,E,E - 45_3,6.0,7.039701257861635
2006,AE,E,E - 44_0,7.0,9.093073593073594
2006,KW,T,T - IPC4+H04W,1.0,1.8749999999999973
2006,IL,T,T - IPC4+A24F,4.0,4.785714285714286
2006,AE,E,E - 42_12,20.0,27.446438746438748
2006,AE,E,E - 42_0,21.0,25.789917007308315
2006,IL,T,T - IPC4+A45F,6.0,6.033333333333333
2006,JP,T,T - IPC4+D01H,53.0,60.959956709956714
2006,JP,T,T - IPC4+D04B,213.0,272.66225731552964
2006,AE,E,E - 40_12,2.0,4.0
2006,AE,E,E - 3_8,2.0,2.0303030303030303
2006,JP,T,T - IPC4+D05B,212.0,435.5914821289821
2006,AE,E,E - 3_7,8.0,8.030303030303031
2006,AE,E,E - 3_5,5.0,6.03030303030303
2006,JP,T,T - IPC4+D06F,178.0,303.2596870134796
2006,JP,T,T - IPC4+D21F,110.0,142.32952722715882
2006,GE,T,T - IPC4+E01C,1.0,1.2
2006,GE,T,T - IPC4+C11D,1.0,1.2857142857142854
2006,GE,T,T - IPC4+C04B,2.0,2.4769230769230766
2006,GE,T,T - IPC4+B66B,1.0,1.9999999999999991
2006,IL,T,T - IPC4+A63C,1.0,1.333333333333333
2006,AE,E,E - 37_6,3.0,3.1666666666666665
2006,GE,T,T - IPC4+A01N,3.0,3.4255920820077774
2006,GE,T,T - IPC4+A01G,1.0,2.0
2006,JP,T,T - IPC4+F01L,486.0,488.30670702997674
2006,AE,E,E - 37_0,7.0,10.1875
2006,JP,T,T - IPC4+F03D,68.0,76.18668736234527
2006,KP,E,E - 9_7,1.0,2.0
2006,JP,T,T - IPC4+F04C,425.0,474.1340242698327
2006,KP,E,E - 7_13,2.0,3.0
2006,KP,E,E - 5_13,1.0,2.0
2006,AE,E,E - 35_17,3.0,3.0256410256410255
2006,JP,T,T - IPC4+F16H,1630.0,1677.902237567878
2006,KP,E,E - 11_7,1.0,2.0
2006,AE,E,E - 32_4,2.0,2.1666666666666665
2006,IL,T,T - IPC4+B23C,46.0,79.10842768342769
2006,IL,T,T - IPC4+B23B,51.0,86.70891751617557
2006,TR,E,E - 40_14,2.0,2.005
2006,JP,T,T - IPC4+F24F,704.0,732.5072993871096
2006,JP,T,T - IPC4+F25C,48.0,48.531217638570574
2006,SY,E,E - 5_10,5.0,6.5
2006,SY,E,E - 42_3,1.0,2.0
2006,SY,E,E - 42_12,1.0,2.0
2006,SY,E,E - 3_3,1.0,2.0
2006,SY,E,E - 3_5,2.0,3.0
2006,SY,E,E - 3_6,1.0,2.0
2006,SY,E,E - 3_2,5.0,6.142857142857143
2006,SY,E,E - 3_16,5.0,10.0
2006,SY,E,E - 3_14,5.0,9.0
2006,SY,E,E - 3_1,1.0,2.0
2006,SY,E,E - 38_11,2.0,4.0
2006,SY,E,E - 35_17,1.0,2.0
2006,SY,E,E - 34_8,3.0,4.0
2006,SY,E,E - 32_1,3.0,6.0
2006,SY,E,E - 30_9,4.0,8.0
2006,SY,E,E - 30_20,5.0,10.0
2006,SY,E,E - 30_3,10.0,19.0
2006,SY,E,E - 30_2,2.0,4.0
2006,SY,E,E - 30_17,3.0,6.0
2006,SY,E,E - 30_14,2.0,4.0
2006,JP,T,T - IPC4+G03G,3666.0,4684.365183151891
2006,SY,E,E - 2_9,2.0,4.0
2006,SY,E,E - 29_5,1.0,2.0
2006,SY,E,E - 29_17,3.0,6.0
2006,SY,E,E - 25_13,7.0,7.142857142857143
2006,SY,E,E - 24_5,1.0,2.0
2006,SY,E,E - 25_10,2.0,4.0
2006,SY,E,E - 20_4,1.0,2.0
2006,SY,E,E - 20_8,1.0,2.0
2006,SY,E,E - 16_21,4.0,5.142857142857143
2006,SY,E,E - 16_14,1.0,2.0
2006,SY,E,E - 11_3,1.0,2.0
2006,AE,E,E - 21_1,4.0,4.009433962264151
2006,IL,T,T - IPC4+B60C,2.0,3.0689655172413794
2006,AE,T,T - IPC4+A61B,4.0,4.476190476190476
2006,JP,T,T - IPC4+G10D,57.0,60.67790542790543
2006,IL,T,T - IPC4+B60P,3.0,3.333333333333333
2006,JP,T,T - IPC4+G11B,7743.0,9711.839427505518
2006,AE,T,T - IPC4+A63B,1.0,4.124999999999995
2006,AE,T,T - IPC4+A63F,3.0,3.0666666666666664
2006,SG,T,T - IPC4+H03F,16.0,17.65940170940171
2006,JP,T,T - IPC4+H01G,1133.0,1203.29449186272
2006,JP,T,T - IPC4+H01H,1029.0,1203.9139765793618
2006,BH,E,E - 42_12,4.0,7.0
2006,JP,T,T - IPC4+H01M,3357.0,4278.964012464137
2006,SG,T,T - IPC4+F42B,1.0,1.7142857142857137
2006,JP,T,T - IPC4+H01Q,1097.0,1159.3236317579842
2006,JP,T,T - IPC4+H01R,1980.0,2338.1235331455146
2006,BH,E,E - 38_19,6.0,10.029411764705882
2006,SG,T,T - IPC4+F16H,1.0,1.125
2006,BH,E,E - 38_0,1.0,2.0
2006,BH,E,E - 38_11,2.0,2.0294117647058822
2006,BH,E,E - 37_10,1.0,2.0
2006,KZ,T,T - IPC4+A63B,1.0,2.1428571428571423
2006,SG,T,T - IPC4+F03B,3.0,6.166666666666661
2006,KZ,T,T - IPC4+B03B,3.0,3.75
2006,KZ,T,T - IPC4+B03C,1.0,2.1428571428571423
2006,SG,T,T - IPC4+E06B,15.0,16.87666666666667
2006,SG,T,T - IPC4+E05D,9.0,9.433333333333334
2006,JP,T,T - IPC4+H02K,1616.0,1898.2211676258678
2006,SG,T,T - IPC4+E02D,4.0,4.499999999999999
2006,SG,T,T - IPC4+E02B,5.0,7.0
2006,SG,T,T - IPC4+E01C,3.0,3.625
2006,KZ,T,T - IPC4+F01B,2.0,3.666666666666668
2006,BH,E,E - 35_17,3.0,4.0
2006,AE,E,E - 10_4,1.0,2.0
2006,IL,T,T - IPC4+B66C,5.0,6.199999999999998
2006,JP,T,T - IPC4+H04R,1049.0,1107.8460440551482
2006,BH,E,E - 11_13,4.0,7.0
2006,AE,T,T - IPC4+E06B,1.0,4.444444444444444
2006,AE,T,T - IPC4+F03B,2.0,2.6916666666666664
2006,SG,T,T - IPC4+A63H,6.0,9.997474747474744
2006,SG,T,T - IPC4+A63B,8.0,8.547619047619047
2006,SG,T,T - IPC4+A61G,5.0,5.507142857142857
2006,SG,T,T - IPC4+A44C,2.0,8.952380952380949
2006,SG,T,T - IPC4+A23F,1.0,1.4999999999999996
2006,AE,T,T - IPC4+F41A,3.0,3.1666666666666665
2006,BD,T,T - IPC4+G05B,1.0,1.125
2006,PK,T,T - IPC4+B65B,1.0,1.1282051282051282
2006,PK,T,T - IPC4+B29C,2.0,2.7435897435897423
2006,IL,T,T - IPC4+C06B,7.0,9.845804195804195
2006,TH,E,E - 10_4,2.0,2.25
2006,IL,T,T - IPC4+D06F,6.0,12.665079365079366
2006,SA,E,E - 10_2,1.0,2.0
2006,SA,E,E - 11_1,1.0,2.0
2006,SA,E,E - 10_8,1.0,2.0
2006,SA,E,E - 16_1,2.0,2.0555555555555554
2006,SA,E,E - 16_14,6.0,6.217893217893217
2006,IL,T,T - IPC4+E01C,5.0,5.649999999999999
2006,SA,E,E - 17_0,1.0,2.0
2006,SA,E,E - 1_20,3.0,6.0
2006,SA,E,E - 21_14,2.0,3.0
2006,SA,E,E - 25_15,6.0,7.25
2006,SA,E,E - 25_13,13.0,13.361455108359133
2006,SA,E,E - 30_16,14.0,16.05263157894737
2006,SA,E,E - 30_17,24.0,27.894945697577278
2006,SA,E,E - 30_2,3.0,3.25
2006,SA,E,E - 30_3,4.0,8.0
2006,SA,E,E - 30_8,2.0,2.0526315789473686
2006,SA,E,E - 32_4,17.0,28.0
2006,SA,E,E - 34_8,1.0,2.0
2006,SA,E,E - 34_0,1.0,2.0
2006,SA,E,E - 35_17,8.0,14.0
2006,TH,E,E - 1_1,2.0,2.5
2006,SA,E,E - 36_10,2.0,3.0
2006,SA,E,E - 36_8,7.0,13.0
2006,SA,E,E - 37_0,6.0,9.0
2006,SA,E,E - 37_10,2.0,3.0
2006,IL,T,T - IPC4+E03C,4.0,4.857142857142857
2006,SA,E,E - 38_19,7.0,8.105263157894736
2006,SA,E,E - 3_14,1.0,2.0
2006,IL,T,T - IPC4+E03D,7.0,7.666666666666667
2006,SA,E,E - 41_22,1.0,2.0
2006,SA,E,E - 42_0,4.0,6.0
2006,SA,E,E - 42_14,1.0,2.0
2006,SA,E,E - 42_12,7.0,11.0
2006,SA,E,E - 43_3,4.0,5.0
2006,SA,E,E - 44_2,2.0,3.0
2006,SA,E,E - 4_11,2.0,4.0
2006,SA,E,E - 5_5,2.0,2.1666666666666665
2006,SA,E,E - 6_0,3.0,4.125
2006,SA,E,E - 6_2,1.0,2.0
2006,SA,E,E - 7_1,1.0,2.0
2006,SA,E,E - 9_0,2.0,3.0
2006,SA,E,E - 9_16,2.0,4.0
2006,SA,E,E - 9_17,4.0,4.5
2006,SA,E,E - 9_18,5.0,5.105263157894737
2006,LB,E,E - 16_20,10.0,11.254166666666666
2006,LB,E,E - 16_21,8.0,14.0
2006,LB,E,E - 17_10,3.0,4.25
2006,LB,E,E - 17_2,2.0,4.0
2006,LB,E,E - 21_11,2.0,2.0416666666666665
2006,LB,E,E - 21_6,2.0,2.0416666666666665
2006,LB,E,E - 24_5,1.0,2.0
2006,LB,E,E - 28_5,1.0,2.0
2006,IL,T,T - IPC4+E05B,44.0,57.68996003996004
2006,LB,E,E - 29_14,1.0,2.0
2006,LB,E,E - 30_4,1.0,2.0
2006,LB,E,E - 30_3,5.0,7.0
2006,IR,T,T - IPC4+G01F,3.0,4.5
2006,LB,E,E - 32_0,4.0,5.0
2006,LB,E,E - 32_1,1.0,2.0
2006,LB,E,E - 32_4,2.0,3.0
2006,LB,E,E - 34_0,2.0,2.076923076923077
2006,LB,E,E - 34_8,1.0,2.0
2006,LB,E,E - 35_0,1.0,2.0
2006,LB,E,E - 35_12,1.0,2.0
2006,LB,E,E - 35_21,1.0,2.0
2006,IR,T,T - IPC4+F21V,1.0,1.3684210526315734
2006,LB,E,E - 38_11,5.0,5.5
2006,LB,E,E - 38_17,1.0,2.0
2006,IR,T,T - IPC4+F16L,2.0,3.5909090909090895
2006,LB,E,E - 41_14,1.0,2.0
2006,LB,E,E - 41_5,3.0,3.5
2006,LB,E,E - 41_6,1.0,2.0
2006,LB,E,E - 42_0,1.0,2.0
2006,LB,E,E - 42_12,2.0,3.0
2006,PK,E,E - 34_8,1.0,2.0
2006,LB,E,E - 43_2,3.0,4.0
2006,LB,E,E - 5_21,3.0,4.0
2006,LB,E,E - 5_20,11.0,12.254166666666666
2006,LB,E,E - 5_5,1.0,2.0
2006,LB,E,E - 5_7,11.0,12.254166666666666
2006,LB,E,E - 6_0,1.0,2.0
2006,LB,E,E - 9_0,2.0,2.5
2006,LB,E,E - 9_2,2.0,4.0
2006,LB,E,E - 9_8,3.0,4.0
2006,PH,T,T - IPC4+H01M,1.0,1.0588235294117645
2006,PH,T,T - IPC4+G07F,1.0,1.875
2006,PH,T,T - IPC4+F03B,2.0,2.333333333333333
2006,PH,T,T - IPC4+F02M,3.0,4.0
2006,PH,T,T - IPC4+E05B,4.0,6.999999999999995
2006,PH,T,T - IPC4+B60G,2.0,3.0666666666666655
2006,PH,T,T - IPC4+A23L,5.0,7.094827586206897
2006,TH,E,E - 42_0,4.0,4.140873015873016
2006,IL,T,T - IPC4+F15B,4.0,4.404761904761904
2006,IR,T,T - IPC4+B60C,1.0,2.0
2006,IR,T,T - IPC4+A61C,4.0,5.251378446115347
2006,IR,T,T - IPC4+A43B,2.0,2.1363636363636376
2006,IL,T,T - IPC4+F24C,4.0,4.833333333333333
2006,JO,E,E - 16_21,16.0,29.5
2006,YE,T,T - IPC4+C07D,1.0,1.538461538461535
2006,YE,T,T - IPC4+A61P,1.0,1.6923076923076883
2006,JO,E,E - 22_10,2.0,4.0
2006,VN,T,T - IPC4+H01G,1.0,2.25
2006,SA,T,T - IPC4+B66C,1.0,1.9999999999999998
2006,CY,E,E - 17_2,2.0,2.025
2006,SA,T,T - IPC4+F16L,1.0,1.2
2006,CY,E,E - 1_1,1.0,2.0
2006,SA,T,T - IPC4+G06Q,7.0,7.642857142857143
2006,SA,T,T - IPC4+G16H,1.0,1.3333333333333333
2006,SA,T,T - IPC4+H04Q,1.0,1.2857142857142854
2006,NP,T,T - IPC4+G02B,1.0,1.666666666666666
2006,AM,T,T - IPC4+A44C,1.0,1.5
2006,JO,E,E - 41_18,2.0,3.0
2006,PH,E,E - 29_16,5.0,5.166666666666667
2006,JO,E,E - 42_0,2.0,2.1666666666666665
2006,JO,E,E - 42_12,4.0,5.0
2006,ID,T,T - IPC4+E21B,3.0,3.96103896103896
2006,ID,T,T - IPC4+E04B,1.0,1.5
2006,JO,E,E - 5_20,5.0,10.0
2006,JO,E,E - 7_1,5.0,10.0
2006,JO,E,E - 9_17,2.0,3.0
2006,ID,T,T - IPC4+C25B,1.0,1.1111111111111114
2006,IL,T,T - IPC4+G10H,6.0,8.28148148148148
2006,VN,T,T - IPC4+B21B,1.0,1.2
2006,VN,T,T - IPC4+B01D,3.0,3.797872340425527
2006,LB,T,T - IPC4+B21F,2.0,5.375
2006,LB,T,T - IPC4+C08L,3.0,3.0790598290598297
2006,IL,T,T - IPC4+H01Q,45.0,46.76033417551874
2006,LK,T,T - IPC4+G10L,1.0,1.666666666666666
2006,AM,T,T - IPC4+G06F,3.0,4.166666666666668
2006,LK,T,T - IPC4+C02F,1.0,1.111111111111111
2006,ID,T,T - IPC4+A44B,2.0,2.428571428571429
2006,ID,T,T - IPC4+A24F,1.0,2.7777777777777786
2006,SG,E,E - 19_8,4.0,5.0476190476190474
2006,ID,T,T - IPC4+A24D,1.0,3.0
2006,ID,T,T - IPC4+A23C,3.0,3.887500000000002
2006,ID,E,E - 11_15,1.0,2.0
2006,ID,E,E - 12_3,1.0,2.0
2006,ID,E,E - 12_7,6.0,9.0
2006,ID,E,E - 25_4,3.0,6.0
2006,ID,E,E - 30_18,7.0,7.05
2006,CY,T,T - 1197027848,2.0,2.333333333333333
2006,ID,E,E - 42_12,4.0,4.066666666666666
2006,CY,T,T - IPC4+B30B,1.0,2.0
2006,CY,T,T - IPC4+B63H,2.0,2.5
2006,CY,T,T - IPC4+C08J,1.0,1.3333333333333337
2006,CY,T,T - IPC4+D06M,3.0,3.075396825396826
2006,CY,T,T - IPC4+E05B,2.0,3.0
2006,CY,T,T - IPC4+E05D,1.0,2.0
2006,CY,T,T - IPC4+F01C,2.0,2.4411764705882337
2006,CY,T,T - IPC4+F03D,1.0,1.5
2006,CY,T,T - IPC4+F04C,1.0,1.8529411764705852
2006,CY,T,T - IPC4+F16J,1.0,2.3214285714285725
2006,ID,E,E - 5_2,17.0,17.458333333333336
2006,ID,E,E - 7_1,2.0,3.0
2006,CY,T,T - IPC4+G11B,5.0,6.720779220779222
2006,CY,T,T - IPC4+H01P,2.0,2.03125
2006,ID,E,E - 7_7,4.0,4.25
2006,IR,E,E - 3_2,11.0,15.023809523809524
2006,TJ,T,T - IPC4+H02K,1.0,1.3333333333333335
2006,IN,E,E - 9_19,1.0,2.0
2006,IN,E,E - 9_11,2.0,2.111111111111111
2006,IN,E,E - 7_3,4.0,7.0
2006,YE,E,E - 29_17,4.0,5.0
2006,YE,E,E - 30_17,6.0,6.266203703703704
2006,YE,E,E - 30_3,4.0,7.0
2006,YE,E,E - 30_8,2.0,3.0
2006,AF,T,T - IPC4+A61P,2.0,2.186417186417179
2006,OM,T,T - IPC4+E21B,10.0,10.76666666666667
2006,OM,T,T - IPC4+C07D,1.0,1.8965517241379422
2006,OM,T,T - IPC4+C01B,1.0,1.0263157894736852
2006,OM,T,T - IPC4+B01J,1.0,1.710526315789471
2006,OM,T,T - IPC4+A61K,1.0,1.1379310344827633
2006,OM,E,E - 16_19,2.0,4.0
2006,OM,E,E - 30_14,3.0,5.0
2006,TH,T,T - IPC4+A44C,1.0,1.5
2006,TH,T,T - IPC4+A61J,3.0,3.032986111111111
2006,TH,T,T - IPC4+A63B,5.0,5.476190476190476
2006,TH,T,T - IPC4+B65H,2.0,2.4
2006,TH,T,T - IPC4+F01B,1.0,2.25
2006,TH,T,T - IPC4+F03C,1.0,1.5
2006,TH,T,T - IPC4+F04B,1.0,1.5
2006,MN,T,T - IPC4+A61F,1.0,1.2
2006,MN,T,T - IPC4+C07K,1.0,1.2
2006,TH,T,T - IPC4+F23D,1.0,4.666666666666666
2006,TH,T,T - IPC4+F24C,1.0,2.333333333333333
2006,AM,E,E - 34_0,3.0,6.0
2006,TH,T,T - IPC4+G10K,4.0,5.583333333333333
2007,SG,T,T - IPC4+B66C,12.0,12.183333333333334
2007,SG,T,T - IPC4+B24C,4.0,5.2
2007,SG,T,T - IPC4+B21B,2.0,2.3
2007,SG,T,T - IPC4+A63B,8.0,9.614285714285714
2007,SG,T,T - IPC4+E03D,2.0,2.0999999999999996
2007,SG,T,T - IPC4+E05B,2.0,2.7
2007,SG,T,T - IPC4+E05D,4.0,4.030952380952382
2007,SG,T,T - IPC4+F03B,4.0,7.308823529411765
2007,SG,T,T - IPC4+A44C,2.0,2.0555555555555562
2007,SG,T,T - IPC4+F24C,2.0,2.1333333333333333
2007,SG,T,T - IPC4+F24F,10.0,11.416666666666668
2007,SG,T,T - IPC4+A01M,4.0,4.178571428571428
2007,IR,E,E - 3_9,10.0,16.566666666666666
2007,IQ,T,T - IPC4+F03D,1.0,1.5
2007,IQ,T,T - IPC4+A61C,1.0,2.0
2007,OM,E,E - 9_19,4.0,8.0
2007,OM,E,E - 3_2,1.0,2.0
2007,OM,E,E - 32_7,1.0,2.0
2007,OM,E,E - 30_6,1.0,2.0
2007,OM,E,E - 30_11,5.0,7.0
2007,OM,E,E - 29_1,1.0,2.0
2007,OM,E,E - 25_15,1.0,2.0
2007,IR,T,T - IPC4+A47B,2.0,2.25
2007,IR,T,T - IPC4+A61J,1.0,1.4117647058823515
2007,IR,T,T - IPC4+B60G,1.0,1.25
2007,IR,T,T - IPC4+C10G,2.0,2.3464052287581696
2007,IR,T,T - IPC4+G01F,3.0,3.041666666666666
2007,AE,E,E - 11_11,2.0,2.0454545454545454
2007,AE,E,E - 12_10,3.0,3.166666666666667
2007,AE,E,E - 15_4,3.0,5.0
2007,AE,E,E - 1_0,2.0,2.1
2007,AE,E,E - 24_14,8.0,9.0
2007,AE,E,E - 25_7,10.0,13.149572649572649
2007,AE,E,E - 26_8,1.0,2.0
2007,AE,E,E - 28_0,22.0,28.944413919413922
2007,AE,E,E - 28_5,14.0,17.03846153846154
2007,AE,E,E - 29_18,5.0,8.09090909090909
2007,AE,E,E - 30_17,33.0,40.04217587967588
2007,AE,E,E - 30_3,16.0,19.200371850371848
2007,AE,E,E - 32_4,8.0,10.285714285714285
2007,AE,E,E - 35_17,26.0,26.38087606837607
2007,AE,E,E - 35_2,2.0,2.0714285714285716
2007,AE,E,E - 3_2,17.0,18.901904761904763
2007,AE,E,E - 3_3,17.0,19.61596638655462
2007,AE,E,E - 42_0,28.0,29.359845944215884
2007,AE,E,E - 42_12,43.0,50.63392857142858
2007,AE,E,E - 42_13,3.0,3.333333333333333
2007,AE,E,E - 44_0,11.0,12.516788766788766
2007,AE,E,E - 4_7,3.0,3.0714285714285716
2007,AE,E,E - 5_20,2.0,3.0
2007,IQ,E,E - 3_3,1.0,2.0
2007,IQ,E,E - 38_19,1.0,2.0
2007,IQ,E,E - 32_7,2.0,2.0555555555555554
2007,IQ,E,E - 32_11,2.0,4.0
2007,IN,T,T - IPC4+F03D,5.0,5.527777777777778
2007,IN,T,T - IPC4+F03B,11.0,11.395833333333334
2007,SG,E,E - 42_12,11.0,11.083333333333334
2007,IN,T,T - IPC4+C05F,4.0,4.392857142857142
2007,IN,T,T - IPC4+B62K,3.0,6.166666666666667
2007,IN,T,T - IPC4+B60G,5.0,5.277777777777779
2007,IN,T,T - IPC4+A23N,1.0,1.3333333333333333
2007,CY,T,T - IPC4+G01L,1.0,1.3333333333333333
2007,CY,T,T - IPC4+F03D,1.0,2.0
2007,AE,T,T - 1197027848,1.0,1.7999999999999998
2007,CY,T,T - IPC4+B29C,3.0,3.7375798804370213
2007,CY,T,T - IPC4+B27N,2.0,3.125
2007,AE,T,T - IPC4+A61C,1.0,2.0
2007,AE,T,T - IPC4+A62D,1.0,1.2
2007,CY,T,T - IPC4+A63H,3.0,3.678571428571428
2007,AE,T,T - IPC4+A63B,1.0,1.8333333333333344
2007,AE,T,T - IPC4+B66B,1.0,1.5000000000000009
2007,AE,T,T - IPC4+E02D,1.0,1.555555555555556
2007,AE,T,T - IPC4+E06B,1.0,2.6666666666666674
2007,AE,T,T - IPC4+F16N,1.0,1.3333333333333333
2007,AE,T,T - IPC4+F41A,3.0,3.5
2007,IN,E,E - 9_26,3.0,5.0
2007,IN,E,E - 42_12,3.0,6.0
2007,AF,T,T - IPC4+A61P,2.0,2.417186417186409
2007,AF,T,T - IPC4+E04B,1.0,1.1458333333333328
2007,AF,T,T - IPC4+E04F,1.0,2.0625000000000044
2007,YE,E,E - 5_13,3.0,5.0
2007,YE,E,E - 30_16,3.0,3.025
2007,YE,E,E - 30_18,4.0,6.0
2007,IN,E,E - 11_10,2.0,4.0
2007,IL,T,T - IPC4+F16L,30.0,31.49820907850319
2007,IL,T,T - IPC4+F04B,16.0,17.184523809523803
2007,IL,T,T - IPC4+F03D,3.0,5.035714285714286
2007,IL,T,T - IPC4+F03B,6.0,8.516666666666667
2007,IL,T,T - IPC4+F02M,19.0,21.434976134976136
2007,IL,T,T - IPC4+E05D,5.0,5.3939393939393945
2007,IL,T,T - IPC4+E05B,41.0,51.65086580086579
2007,IL,T,T - IPC4+E03D,8.0,8.2
2007,IL,T,T - IPC4+C10M,2.0,2.0784313725490198
2007,IL,T,T - IPC4+B64C,25.0,27.795909163300472
2007,IL,T,T - IPC4+B25B,11.0,14.681746031746034
2007,IL,T,T - IPC4+B23H,4.0,4.6335470085470085
2007,IL,T,T - IPC4+B23B,63.0,90.67869420242084
2007,IL,T,T - IPC4+B23C,58.0,90.55777541172277
2007,IL,T,T - IPC4+A44C,13.0,15.121421107628004
2007,CY,E,E - 7_1,2.0,3.0
2007,PH,E,E - 25_13,2.0,2.5
2007,PH,E,E - 3_8,5.0,5.2
2007,PH,E,E - 43_5,1.0,2.0
2007,CY,E,E - 10_9,3.0,3.0714285714285716
2007,CY,E,E - 10_7,2.0,2.0714285714285716
2007,JO,E,E - 11_7,1.0,2.0
2007,JO,E,E - 16_16,2.0,2.090909090909091
2007,JO,E,E - 16_20,10.0,15.0
2007,JO,E,E - 16_21,13.0,21.0
2007,JO,E,E - 16_5,1.0,2.0
2007,JO,E,E - 25_15,1.0,2.0
2007,JO,E,E - 28_5,1.0,2.0
2007,VN,T,T - IPC4+H01M,1.0,2.0
2007,JO,E,E - 34_1,1.0,2.0
2007,JO,E,E - 34_8,8.0,9.567099567099568
2007,JO,E,E - 35_17,12.0,23.0
2007,JO,E,E - 36_8,2.0,3.0
2007,JO,E,E - 3_14,2.0,4.0
2007,JO,E,E - 41_10,1.0,2.0
2007,VN,T,T - IPC4+F01L,2.0,2.25
2007,JO,E,E - 41_3,2.0,2.111111111111111
2007,JO,E,E - 42_12,2.0,4.0
2007,JO,E,E - 42_0,3.0,4.0
2007,JO,E,E - 43_2,2.0,4.0
2007,JO,E,E - 44_2,3.0,4.0
2007,JO,E,E - 5_1,1.0,2.0
2007,JO,E,E - 5_7,7.0,9.0
2007,JO,E,E - 7_1,1.0,2.0
2007,VN,T,T - IPC4+B65D,2.0,6.000000000000002
2007,AM,E,E - 29_2,3.0,4.032258064516129
2007,AM,E,E - 34_0,4.0,4.532258064516129
2007,IL,E,E - 7_15,27.0,27.33023088023088
2007,IL,E,E - 43_6,2.0,2.125
2007,IL,E,E - 30_9,5.0,5.2
2007,JO,T,T - IPC4+A41D,1.0,1.4999999999999996
2007,PH,T,T - IPC4+A61C,1.0,2.0
2007,PH,T,T - IPC4+A63F,1.0,3.0
2007,JO,T,T - IPC4+B41J,2.0,5.31249999999999
2007,JO,T,T - IPC4+B66B,3.0,4.999999999999999
2007,JO,T,T - IPC4+C07K,2.0,2.166666666666666
2007,JO,T,T - IPC4+G01C,1.0,1.555555555555556
2007,PH,T,T - IPC4+C03B,1.0,1.5000000000000002
2007,PH,T,T - IPC4+E05B,5.0,7.22142857142857
2007,PH,T,T - IPC4+F03D,2.0,3.25
2007,PH,T,T - IPC4+F27B,1.0,1.125
2007,PH,T,T - IPC4+G05B,3.0,4.860591133004913
2007,PH,T,T - IPC4+G11B,2.0,2.333333333333334
2007,PK,E,E - 35_23,1.0,2.0
2007,PK,E,E - 38_11,3.0,4.0
2007,PK,E,E - 3_9,1.0,2.0
2007,AM,T,T - IPC4+A61C,4.0,5.0
2007,AM,T,T - IPC4+G02F,2.0,2.136363636363635
2007,AM,T,T - IPC4+H04L,1.0,1.9999999999999998
2007,BN,T,T - IPC4+H04W,1.0,1.5000000000000009
2007,BN,T,T - IPC4+B23K,1.0,1.333333333333333
2007,PK,T,T - IPC4+B01D,2.0,2.0959595959595956
2007,JP,T,T - IPC4+A01D,91.0,95.3321608946609
2007,JP,T,T - IPC4+A24B,32.0,33.2807955932956
2007,JP,T,T - IPC4+A42B,29.0,37.87565080333537
2007,JP,T,T - IPC4+A44C,52.0,54.901016956899305
2007,JP,T,T - IPC4+A44B,182.0,226.75592737585782
2007,JP,T,T - IPC4+A47D,36.0,42.87738095238094
2007,JP,T,T - IPC4+A47L,262.0,325.8130334547868
2007,JP,T,T - IPC4+A61B,3048.0,3111.444378063822
2007,JP,T,T - IPC4+A63B,394.0,528.7461713618085
2007,JP,T,T - IPC4+A63C,11.0,11.497805788982259
2007,JP,T,T - IPC4+A63F,1047.0,1639.0760794470737
2007,JP,T,T - IPC4+B25C,110.0,190.5785714285714
2007,JP,T,T - IPC4+B26B,104.0,169.84704447599182
2007,JP,T,T - IPC4+B41J,5331.0,5429.002676203335
2007,JP,T,T - IPC4+B43K,107.0,129.43447143223358
2007,JP,T,T - IPC4+B60N,469.0,473.03660993719046
2007,JP,T,T - IPC4+B62B,64.0,71.3693913929208
2007,JP,T,T - IPC4+B65H,1489.0,1544.0999097077192
2007,JP,T,T - IPC4+B66B,632.0,871.7269596144594
2007,JP,T,T - IPC4+D05B,204.0,392.41824148074164
2007,JP,T,T - IPC4+D06F,189.0,317.17267784674897
2007,JP,T,T - IPC4+D21F,92.0,110.55552918873352
2007,JP,T,T - IPC4+E01H,26.0,34.04246031746032
2007,JP,T,T - IPC4+E03D,63.0,69.01599640544568
2007,JP,T,T - IPC4+F04C,379.0,422.76610818805096
2007,JP,T,T - IPC4+F04D,409.0,428.35389270452697
2007,JP,T,T - IPC4+F16G,174.0,201.3148899788294
2007,JP,T,T - IPC4+F16H,1617.0,1800.7231072724155
2007,JP,T,T - IPC4+F24F,654.0,660.5088232793292
2007,JP,T,T - IPC4+G03G,4021.0,5375.220731592587
2007,JP,T,T - IPC4+G10D,42.0,45.37720057720058
2007,JP,T,T - IPC4+G11B,6880.0,8494.001991257695
2007,JP,T,T - IPC4+H01G,1043.0,1043.0194389844803
2007,JP,T,T - IPC4+H01H,1022.0,1152.9230871874413
2007,JP,T,T - IPC4+H01M,3683.0,4654.3741510228365
2007,JP,T,T - IPC4+H01Q,1023.0,1039.6407822100584
2007,JP,T,T - IPC4+H01R,1967.0,2259.289419366818
2007,JP,T,T - IPC4+H02K,1648.0,2006.7527722586815
2007,JP,T,T - IPC4+H04R,1145.0,1151.358409274409
2007,SA,T,T - IPC4+F24H,1.0,2.0
2007,SA,T,T - IPC4+F24C,1.0,1.7499999999999993
2007,SA,T,T - IPC4+E02B,2.0,3.0
2007,SY,E,E - 11_3,2.0,4.0
2007,SY,E,E - 18_5,1.0,2.0
2007,SY,E,E - 21_0,1.0,2.0
2007,SA,T,T - IPC4+A47J,1.0,3.5000000000000018
2007,SY,E,E - 21_2,1.0,2.0
2007,SA,T,T - IPC4+A21B,1.0,1.7499999999999993
2007,SY,E,E - 25_13,12.0,12.368864468864468
2007,SY,E,E - 25_7,1.0,2.0
2007,SY,E,E - 28_0,2.0,4.0
2007,SY,E,E - 28_5,2.0,4.0
2007,SY,E,E - 29_18,1.0,2.0
2007,SY,E,E - 29_2,5.0,6.1081871345029235
2007,SY,E,E - 29_5,1.0,2.0
2007,SY,E,E - 30_2,4.0,4.055555555555555
2007,SY,E,E - 30_3,3.0,4.055555555555555
2007,SY,E,E - 32_4,1.0,2.0
2007,SY,E,E - 5_10,2.0,4.0
2007,SY,E,E - 4_11,1.0,2.0
2007,SY,E,E - 5_5,1.0,2.0
2007,SY,E,E - 9_8,1.0,2.0
2007,ID,T,T - IPC4+C25B,1.0,1.3333333333333337
2007,GE,T,T - IPC4+G02F,1.0,3.0
2007,GE,T,T - IPC4+G06F,2.0,3.979166666666662
2007,SA,E,E - 9_13,6.0,6.086956521739131
2007,SA,E,E - 4_7,1.0,2.0
2007,ID,E,E - 7_7,6.0,7.0
2007,SA,E,E - 42_23,1.0,2.0
2007,SA,E,E - 42_18,7.0,8.333333333333332
2007,SA,E,E - 42_14,2.0,3.0
2007,SA,E,E - 42_12,14.0,23.0
2007,KG,T,T - IPC4+E21C,1.0,1.3333333333333333
2007,SA,E,E - 41_22,3.0,4.0
2007,SA,E,E - 41_2,9.0,11.0
2007,SA,E,E - 3_3,18.0,18.174242424242422
2007,SA,E,E - 3_2,5.0,7.0
2007,SA,E,E - 39_0,3.0,6.0
2007,SA,E,E - 38_19,16.0,16.043478260869563
2007,SA,E,E - 38_17,3.0,6.0
2007,SA,E,E - 38_11,16.0,16.086956521739133
2007,SA,E,E - 37_7,1.0,2.0
2007,SA,E,E - 37_21,8.0,9.0
2007,SA,E,E - 37_0,2.0,3.0
2007,SA,E,E - 35_17,6.0,7.0
2007,SA,E,E - 35_0,10.0,11.09286412512219
2007,SA,E,E - 32_4,13.0,14.25
2007,SA,E,E - 30_9,2.0,2.04
2007,SA,E,E - 28_0,1.0,2.0
2007,SA,E,E - 25_8,2.0,4.0
2007,SA,E,E - 25_15,1.0,2.0
2007,SA,E,E - 25_13,15.0,15.833333333333334
2007,SA,E,E - 21_9,1.0,2.0
2007,SA,E,E - 21_2,1.0,2.0
2007,SA,E,E - 11_7,3.0,4.0
2007,ID,E,E - 21_4,1.0,2.0
2007,SA,E,E - 10_4,3.0,5.0
2007,SA,E,E - 10_10,1.0,2.0
2007,ID,E,E - 11_4,1.0,2.0
2007,BH,E,E - 9_0,2.0,2.04
2007,BH,E,E - 36_8,2.0,3.0
2007,BH,E,E - 35_21,1.0,2.0
2007,BH,E,E - 35_1,4.0,4.076923076923077
2007,BH,E,E - 16_11,2.0,2.1666666666666665
2007,TH,E,E - 42_12,10.0,17.0
2007,LK,T,T - IPC4+H01H,1.0,1.9999999999999991
2007,LK,T,T - IPC4+G06V,1.0,2.0
2007,LK,T,T - IPC4+B07C,1.0,2.7777777777777786
2007,LK,T,T - IPC4+A01M,1.0,2.0
2007,CN,T,T - IPC4+G10D,6.0,7.333333333333333
2007,TH,T,T - IPC4+A47B,2.0,2.333333333333333
2007,TH,T,T - IPC4+A63H,2.0,5.166666666666667
2007,TH,T,T - IPC4+B42D,2.0,2.5
2007,TH,T,T - IPC4+B60C,2.0,4.28571428571429
2007,TH,T,T - IPC4+B62D,3.0,6.4999999999999964
2007,TH,T,T - IPC4+C03B,1.0,1.1785714285714286
2007,TH,T,T - IPC4+C10G,2.0,2.333333333333334
2007,TH,T,T - IPC4+E04D,4.0,5.023809523809524
2007,TH,T,T - IPC4+F23D,3.0,4.333333333333333
2007,CN,T,T - IPC4+F16N,3.0,6.380952380952381
2007,CN,T,T - IPC4+D06F,40.0,45.61825396825396
2007,CN,T,T - IPC4+B67B,11.0,12.669696969696966
2007,CN,T,T - IPC4+B66C,33.0,35.89535742035742
2007,MY,E,E - 25_10,4.0,6.0
2007,CN,T,T - IPC4+A01F,4.0,9.472222222222221
2007,MY,E,E - 9_4,8.0,10.2
2007,KP,T,T - IPC4+A61B,1.0,2.0
2007,KP,T,T - IPC4+F16H,3.0,4.8
2007,KP,T,T - IPC4+G09G,3.0,3.066666666666666
2007,KP,T,T - IPC4+G11B,5.0,5.442307692307684
2007,KP,T,T - IPC4+H01M,1.0,2.1875
2007,KP,T,T - IPC4+H02K,1.0,2.0000000000000004
2007,LB,T,T - IPC4+G07F,1.0,1.1428571428571426
2007,LB,T,T - IPC4+G04B,1.0,1.4285714285714295
2007,LB,T,T - IPC4+B21F,1.0,5.25
2007,LB,T,T - IPC4+A61C,1.0,4.0
2007,AZ,T,T - IPC4+C07F,4.0,4.083333333333332
2007,AZ,T,T - IPC4+F04D,1.0,1.3333333333333333
2007,QA,E,E - 16_21,11.0,13.166666666666666
2007,MY,T,T - IPC4+A01K,9.0,12.374808590102708
2007,QA,E,E - 29_8,1.0,2.0
2007,QA,E,E - 35_0,5.0,5.093478260869565
2007,QA,E,E - 35_1,5.0,5.093478260869565
2007,MY,T,T - IPC4+A44C,1.0,1.2
2007,MY,T,T - IPC4+A43B,3.0,3.452380952380953
2007,QA,E,E - 35_21,6.0,12.0
2007,MY,T,T - IPC4+A47B,10.0,18.2
2007,MY,T,T - IPC4+A47C,6.0,6.866666666666667
2007,QA,E,E - 36_10,5.0,8.142857142857142
2007,QA,E,E - 36_12,6.0,6.392857142857142
2007,MY,T,T - IPC4+A47L,4.0,4.4
2007,QA,E,E - 36_8,4.0,4.25
2007,QA,E,E - 36_6,2.0,2.25
2007,MY,T,T - IPC4+A61C,2.0,4.333333333333335
2007,QA,E,E - 37_4,6.0,6.333333333333332
2007,QA,E,E - 38_0,2.0,4.0
2007,QA,E,E - 38_11,2.0,3.0
2007,QA,E,E - 38_16,1.0,2.0
2007,MY,T,T - IPC4+A63F,8.0,9.555555555555555
2007,QA,E,E - 39_9,1.0,2.0
2007,QA,E,E - 3_3,4.0,8.0
2007,QA,E,E - 3_7,1.0,2.0
2007,QA,E,E - 42_0,3.0,4.05
2007,QA,E,E - 42_12,4.0,8.0
2007,MY,T,T - IPC4+B27N,1.0,1.3888888888888893
2007,QA,E,E - 43_7,10.0,13.166666666666668
2007,MY,T,T - IPC4+B60B,2.0,2.5
2007,QA,E,E - 9_0,2.0,2.0434782608695654
2007,QA,E,E - 9_8,1.0,2.0
2007,MY,T,T - IPC4+C04B,3.0,3.2921568627450943
2007,MY,T,T - IPC4+E03D,2.0,3.0
2007,MY,T,T - IPC4+F16F,2.0,4.666666666666668
2007,LB,E,E - 9_0,3.0,4.111111111111111
2007,LB,E,E - 7_1,3.0,4.0
2007,LB,E,E - 5_20,2.0,4.0
2007,MY,T,T - IPC4+F23G,2.0,2.0999999999999996
2007,LB,E,E - 5_4,1.0,2.0
2007,LB,E,E - 44_4,2.0,3.0
2007,MY,T,T - IPC4+F24F,8.0,8.166666666666666
2007,LB,E,E - 43_2,5.0,7.5
2007,LB,E,E - 42_5,1.0,2.0
2007,LB,E,E - 42_0,6.0,7.0
2007,LB,E,E - 42_20,2.0,2.1
2007,LB,E,E - 42_12,23.0,31.0
2007,LB,E,E - 41_26,2.0,3.0
2007,MY,T,T - IPC4+F41A,1.0,3.0
2007,LB,E,E - 3_9,4.0,5.333333333333333
2007,MY,T,T - IPC4+G01D,34.0,43.359722222222224
2007,LB,E,E - 3_3,7.0,11.2
2007,LB,E,E - 3_2,7.0,9.2
2007,LB,E,E - 3_14,1.0,2.0
2007,LB,E,E - 39_6,4.0,4.051282051282051
2007,LB,E,E - 38_16,1.0,2.0
2007,LB,E,E - 38_19,2.0,2.3333333333333335
2007,LB,E,E - 38_11,2.0,3.0
2007,LB,E,E - 38_0,1.0,2.0
2007,LB,E,E - 37_16,1.0,2.0
2007,LB,E,E - 36_6,2.0,2.125
2007,LB,E,E - 35_1,12.0,12.719139194139192
2007,LB,E,E - 33_9,1.0,2.0
2007,LB,E,E - 32_4,1.0,2.0
2007,MY,T,T - IPC4+G09B,5.0,5.517241379310345
2007,LB,E,E - 30_3,10.0,10.306646825396825
2007,LB,E,E - 30_4,5.0,6.23125
2007,LB,E,E - 29_2,2.0,2.0277777777777777
2007,LB,E,E - 25_7,2.0,4.0
2007,LB,E,E - 25_13,10.0,14.1
2007,LB,E,E - 24_14,1.0,2.0
2007,LB,E,E - 1_10,1.0,2.0
2007,LB,E,E - 19_8,1.0,2.0
2007,LB,E,E - 16_21,5.0,6.333333333333333
2007,LB,E,E - 16_20,5.0,8.0
2007,LB,E,E - 16_14,3.0,3.0476190476190474
2007,CN,E,E - 42_12,6.0,9.2
2007,KR,T,T - IPC4+A24B,3.0,4.812499999999998
2007,KR,T,T - IPC4+A42B,31.0,34.824999999999996
2007,KR,T,T - IPC4+A43B,95.0,108.36004411426403
2007,KR,T,T - IPC4+A45D,133.0,135.3986152736153
2007,KR,T,T - IPC4+A47L,399.0,546.8480720402076
2007,KR,T,T - IPC4+A61C,88.0,89.76561946617727
2007,KR,T,T - IPC4+A63B,188.0,198.78858446358447
2007,KR,T,T - IPC4+A63C,26.0,30.684415584415586
2007,KR,T,T - IPC4+B04B,15.0,20.252997002997002
2007,KR,T,T - IPC4+B41J,379.0,572.4156798505488
2007,KR,T,T - IPC4+B41F,49.0,56.70023351037618
2007,KR,T,T - IPC4+B60G,37.0,49.53538134552067
2007,KR,T,T - IPC4+B60H,57.0,57.37876984126984
2007,KR,T,T - IPC4+B60N,57.0,59.53253968253967
2007,KR,T,T - IPC4+B60S,51.0,57.90463702963703
2007,KR,T,T - IPC4+B62B,8.0,9.5
2007,KR,T,T - IPC4+B62D,151.0,160.7708955316714
2007,KR,T,T - IPC4+B65D,299.0,299.4538601835041
2007,KR,T,T - IPC4+B66B,36.0,38.519552669552674
2007,KR,T,T - IPC4+B67B,3.0,3.9333333333333327
2007,KR,T,T - IPC4+D05B,25.0,34.562121212121205
2007,KR,T,T - IPC4+D06F,450.0,704.6629056148361
2007,KR,T,T - IPC4+E02D,65.0,67.50912698412698
2007,KR,T,T - IPC4+E03D,33.0,36.98809523809525
2007,KR,T,T - IPC4+E21D,10.0,10.61547619047619
2007,KR,T,T - IPC4+F01L,13.0,13.678571428571429
2007,KR,T,T - IPC4+F02D,47.0,62.91056255835669
2007,KR,T,T - IPC4+F02K,6.0,7.333333333333333
2007,KR,T,T - IPC4+F03D,23.0,29.0875
2007,KR,T,T - IPC4+F04B,176.0,214.21778915528915
2007,KR,T,T - IPC4+F04C,82.0,98.03227050727051
2007,KR,T,T - IPC4+F16F,61.0,61.110137901314374
2007,KR,T,T - IPC4+F16H,148.0,208.3065843633491
2007,KR,T,T - IPC4+F23R,1.0,1.9999999999999998
2007,KR,T,T - IPC4+F24F,351.0,455.96657294374023
2007,KR,T,T - IPC4+F25C,62.0,67.71361040919862
2007,KR,T,T - IPC4+F25D,333.0,393.5285348208724
2007,KR,T,T - IPC4+G02F,2716.0,2981.866720159167
2007,KR,T,T - IPC4+G03G,411.0,628.1587792952579
2007,KR,T,T - IPC4+G09G,2002.0,2494.3347566307375
2007,KR,T,T - IPC4+G10D,10.0,11.825
2007,KR,T,T - IPC4+G11B,1267.0,1802.7716885419297
2007,KR,T,T - IPC4+G10L,251.0,318.9763422787222
2007,KR,T,T - IPC4+G11C,1351.0,1931.968185437039
2007,KR,T,T - IPC4+G21C,27.0,30.053866803131502
2007,KR,T,T - IPC4+H01H,205.0,221.25344841848317
2007,KR,T,T - IPC4+H01J,1465.0,1833.0857946781878
2007,KR,T,T - IPC4+H01L,6251.0,7903.195833939461
2007,KR,T,T - IPC4+H01M,958.0,1590.76978051123
2007,KR,T,T - IPC4+H01Q,239.0,306.3456074174681
2007,KR,T,T - IPC4+H01S,217.0,224.11225971479197
2007,KR,T,T - IPC4+H02K,231.0,352.262611172298
2007,KR,T,T - IPC4+H02P,99.0,113.21850649350651
2007,KR,T,T - IPC4+H03F,151.0,152.95210191854932
2007,KR,T,T - IPC4+H04N,3290.0,4059.8954601775044
2007,KR,T,T - IPC4+H04R,241.0,250.52431839073716
2007,KW,E,E - 16_11,2.0,2.0454545454545454
2007,KW,E,E - 16_14,5.0,8.045454545454545
2007,KW,E,E - 16_7,4.0,5.166666666666666
2007,KW,E,E - 18_4,1.0,2.0
2007,KW,E,E - 1_1,2.0,2.2
2007,KW,E,E - 25_10,1.0,2.0
2007,KW,E,E - 29_11,1.0,2.0
2007,KW,E,E - 29_2,1.0,2.0
2007,KW,E,E - 29_16,2.0,3.0
2007,KW,E,E - 30_17,3.0,6.0
2007,KW,E,E - 30_7,1.0,2.0
2007,KW,E,E - 32_4,9.0,18.0
2007,KW,E,E - 35_21,8.0,10.156565656565657
2007,KW,E,E - 35_23,1.0,2.0
2007,KW,E,E - 36_3,6.0,6.625
2007,KW,E,E - 38_0,2.0,4.0
2007,KW,E,E - 39_0,2.0,4.0
2007,KW,E,E - 3_2,2.0,4.0
2007,KW,E,E - 41_8,3.0,4.111111111111111
2007,KW,E,E - 42_0,6.0,9.0
2007,KW,E,E - 42_12,6.0,10.0
2007,KW,E,E - 43_11,5.0,6.2625
2007,KW,E,E - 43_3,7.0,10.0625
2007,KW,E,E - 43_7,4.0,4.0625
2007,KW,E,E - 5_7,1.0,2.0
2007,KW,E,E - 5_20,1.0,2.0
2007,BD,T,T - IPC4+G05B,1.0,1.125
2007,TR,T,T - IPC4+H02K,13.0,13.883333333333335
2007,TR,T,T - IPC4+H02B,2.0,5.0
2007,TR,T,T - IPC4+G09F,10.0,10.178571428571429
2007,TR,T,T - IPC4+F41H,2.0,2.5
2007,TR,T,T - IPC4+F26B,3.0,3.4000000000000004
2007,TR,T,T - IPC4+F25D,94.0,99.18376623376624
2007,TR,T,T - IPC4+F15B,2.0,2.25
2007,TR,T,T - IPC4+F04B,24.0,25.10238095238095
2007,TR,T,T - IPC4+F01N,2.0,2.1666666666666665
2007,TR,T,T - IPC4+E06B,8.0,10.233333333333334
2007,TR,T,T - IPC4+E21C,1.0,2.0
2007,KZ,T,T - IPC4+F03D,2.0,3.0
2007,TR,T,T - IPC4+E04G,3.0,6.0
2007,TR,T,T - IPC4+E03D,4.0,4.833333333333333
2007,TR,T,T - IPC4+E02D,1.0,1.2
2007,KZ,T,T - IPC4+C11B,1.0,2.0
2007,TR,T,T - IPC4+D06F,86.0,88.56746031746033
2007,TR,T,T - IPC4+D01H,1.0,2.0
2007,KZ,T,T - IPC4+C01B,3.0,3.0142857142857142
2007,KZ,T,T - IPC4+A63B,1.0,1.7857142857142851
2007,TR,T,T - IPC4+C12G,2.0,3.0
2007,TR,T,T - IPC4+B65D,16.0,18.207802514945374
2007,TR,T,T - IPC4+B65B,2.0,7.499999999999997
2007,TR,T,T - IPC4+B63B,4.0,4.783333333333334
2007,TR,T,T - IPC4+B60P,1.0,2.0
2007,TR,T,T - IPC4+B60N,4.0,5.075
2007,TR,T,T - IPC4+B60C,8.0,13.296560846560848
2007,TR,T,T - IPC4+B31F,2.0,2.3333333333333335
2007,TR,T,T - IPC4+B28D,2.0,2.333333333333333
2007,TR,T,T - IPC4+B08B,6.0,6.742857142857142
2007,TR,T,T - IPC4+A61C,6.0,10.304761904761907
2007,TR,T,T - IPC4+A47J,24.0,33.4125
2007,TR,T,T - IPC4+A47K,10.0,14.51428571428571
2007,TR,T,T - IPC4+A23F,2.0,2.3333333333333335
2007,TR,T,T - IPC4+A21C,1.0,3.0
2007,TR,T,T - IPC4+A21D,1.0,2.6666666666666665
2007,TR,T,T - IPC4+A01K,2.0,2.1914800175669735
2007,QA,T,T - IPC4+F25J,2.0,2.2499999999999996
2007,TR,E,E - 27_4,4.0,4.666666666666667
2007,TR,E,E - 36_11,7.0,8.222222222222221
2007,TR,E,E - 3_12,2.0,2.0588235294117645
2007,TR,E,E - 5_20,57.0,79.01862502923186
2007,KW,T,T - IPC4+G11C,1.0,1.5909090909090902
2008,KW,T,T - IPC4+G01V,3.0,3.071428571428571
2008,KW,T,T - IPC4+E21B,3.0,3.5607142857142855
2008,KW,T,T - IPC4+C04B,1.0,1.0500000000000003
2008,TR,E,E - 45_3,1.0,2.0
2008,TR,E,E - 42_12,1.0,2.0
2008,TR,E,E - 35_11,3.0,4.0
2008,TR,E,E - 27_4,1.0,2.0
2008,TR,T,T - IPC4+A21C,1.0,2.0
2008,TR,T,T - IPC4+A23C,1.0,2.0
2008,TR,T,T - IPC4+A24D,1.0,4.8888888888888795
2008,TR,T,T - IPC4+A46B,3.0,6.609090909090909
2008,TR,T,T - IPC4+A47K,10.0,11.650649350649347
2008,TR,T,T - IPC4+A61C,4.0,4.716666666666667
2008,TR,T,T - IPC4+A61G,3.0,3.133333333333333
2008,TR,T,T - IPC4+B02C,5.0,6.267857142857142
2008,TR,T,T - IPC4+B60C,6.0,11.043518518518518
2008,TR,T,T - IPC4+B60G,1.0,3.0
2008,TR,T,T - IPC4+B60J,6.0,6.083333333333333
2008,TR,T,T - IPC4+B60P,3.0,4.333333333333333
2008,TR,T,T - IPC4+B60R,15.0,16.516666666666666
2008,TR,T,T - IPC4+B60T,6.0,7.566666666666667
2008,TR,T,T - IPC4+B62D,11.0,11.05
2008,TR,T,T - IPC4+B63B,4.0,4.15
2008,TR,T,T - IPC4+B62M,1.0,1.8181818181818177
2008,TR,T,T - IPC4+B65D,29.0,34.54533244533245
2008,TR,T,T - IPC4+B66B,2.0,2.5
2008,TR,T,T - IPC4+C10L,2.0,2.25
2008,KZ,T,T - IPC4+A63B,1.0,1.0714285714285712
2008,TR,T,T - IPC4+C25C,2.0,3.066666666666667
2008,TR,T,T - IPC4+D01H,2.0,5.666666666666666
2008,TR,T,T - IPC4+D05B,2.0,3.0
2008,KZ,T,T - IPC4+C22B,5.0,9.5
2008,TR,T,T - IPC4+E03D,7.0,7.166666666666667
2008,KZ,T,T - IPC4+E04C,1.0,2.0
2008,KZ,T,T - IPC4+F01B,1.0,1.3333333333333337
2008,TR,T,T - IPC4+E05C,3.0,3.3499999999999996
2008,TR,T,T - IPC4+E05D,10.0,11.861904761904762
2008,TR,T,T - IPC4+E06B,8.0,10.5
2008,KZ,T,T - IPC4+F03D,3.0,6.0
2008,TR,T,T - IPC4+F04B,23.0,29.555555555555554
2008,TR,T,T - IPC4+F21S,1.0,1.1428571428571426
2008,TR,T,T - IPC4+F25C,6.0,6.055555555555555
2008,TR,T,T - IPC4+F41A,1.0,2.0
2008,TR,T,T - IPC4+G09B,3.0,3.6666666666666665
2008,TR,T,T - IPC4+G21C,2.0,2.8500000000000005
2008,TR,T,T - IPC4+H02B,2.0,3.0
2008,BD,T,T - IPC4+G02B,8.0,8.916285103785107
2008,BD,T,T - IPC4+G11B,1.0,1.2500000000000002
2008,KW,E,E - 38_0,4.0,6.076923076923077
2008,KW,E,E - 32_7,3.0,3.071428571428571
2008,KW,E,E - 28_5,1.0,2.0
2008,KW,E,E - 25_7,1.0,2.0
2008,KW,E,E - 16_20,1.0,2.0
2008,KW,E,E - 11_7,1.0,2.0
2008,KR,T,T - IPC4+H04R,247.0,256.40858269983653
2008,KR,T,T - IPC4+H04N,3176.0,3906.0260789895106
2008,KR,T,T - IPC4+H02K,216.0,251.26224253644514
2008,KR,T,T - IPC4+H01Q,258.0,333.51211745284957
2008,KR,T,T - IPC4+H01M,1037.0,1561.9622997409888
2008,KR,T,T - IPC4+H01L,6266.0,8093.045302216873
2008,KR,T,T - IPC4+H01H,242.0,271.0160554883986
2008,KR,T,T - IPC4+G21C,29.0,34.297744020685194
2008,KR,T,T - IPC4+G11C,1625.0,2124.156916941606
2008,KR,T,T - IPC4+G10L,258.0,379.10671473864954
2008,KR,T,T - IPC4+G11B,1074.0,1727.3543137545892
2008,KR,T,T - IPC4+G09G,1885.0,1960.9119333414967
2008,KR,T,T - IPC4+G03G,458.0,903.3739260895046
2008,KR,T,T - IPC4+F41A,8.0,8.261111111111111
2008,KR,T,T - IPC4+F25D,433.0,460.7153065344242
2008,KR,T,T - IPC4+F25C,114.0,118.999878770467
2008,KR,T,T - IPC4+F24S,5.0,5.004761904761905
2008,KR,T,T - IPC4+F24F,412.0,531.3220584970585
2008,KR,T,T - IPC4+F24C,135.0,145.5387556887557
2008,KR,T,T - IPC4+F17C,30.0,35.514990564990526
2008,KR,T,T - IPC4+F16N,3.0,3.111111111111111
2008,KR,T,T - IPC4+F16H,150.0,201.87836526218882
2008,KR,T,T - IPC4+F04C,68.0,80.05430957930956
2008,KR,T,T - IPC4+F04B,173.0,178.03638065151227
2008,KR,T,T - IPC4+F03D,40.0,44.083333333333336
2008,KR,T,T - IPC4+F03B,19.0,20.816666666666666
2008,KR,T,T - IPC4+F02P,8.0,8.535129490392647
2008,KR,T,T - IPC4+F01L,19.0,34.20378028404344
2008,KR,T,T - IPC4+E05B,78.0,80.72106227106228
2008,KR,T,T - IPC4+E03D,25.0,31.716666666666665
2008,KR,T,T - IPC4+E01F,32.0,39.11190476190477
2008,KR,T,T - IPC4+D06F,517.0,863.6997019783051
2008,KR,T,T - IPC4+D05B,43.0,62.03560606060606
2008,KR,T,T - IPC4+C14C,4.0,4.8815192743764175
2008,KR,T,T - IPC4+B65D,298.0,308.7891154511871
2008,KR,T,T - IPC4+B63C,15.0,15.042748917748918
2008,KR,T,T - IPC4+B62D,150.0,160.26094657258443
2008,KR,T,T - IPC4+B60T,58.0,61.425266073795484
2008,KR,T,T - IPC4+B60S,44.0,46.65809190809191
2008,KR,T,T - IPC4+B60R,237.0,245.35833720373185
2008,KR,T,T - IPC4+B60N,76.0,92.58623043623044
2008,KR,T,T - IPC4+B60G,19.0,27.142948717948716
2008,KR,T,T - IPC4+B60C,46.0,53.70743598506757
2008,KR,T,T - IPC4+B43K,28.0,34.42916666666667
2008,KR,T,T - IPC4+B41J,326.0,461.80607738382656
2008,KR,T,T - IPC4+B26B,18.0,22.03333333333333
2008,KR,T,T - IPC4+B22C,7.0,7.041666666666667
2008,KR,T,T - IPC4+A63C,41.0,55.665043290043286
2008,KR,T,T - IPC4+A63B,162.0,178.16558056689632
2008,KR,T,T - IPC4+A61C,109.0,131.37624098124104
2008,KR,T,T - IPC4+A47L,384.0,560.4883524155583
2008,KR,T,T - IPC4+A43B,98.0,107.2345800902706
2008,LB,E,E - 11_12,1.0,2.0
2008,LB,E,E - 14_1,4.0,4.354166666666667
2008,LB,E,E - 16_20,16.0,17.663690476190474
2008,LB,E,E - 16_7,2.0,2.5
2008,LB,E,E - 20_5,1.0,2.0
2008,LB,E,E - 25_13,5.0,6.520833333333333
2008,LB,E,E - 25_11,1.0,2.0
2008,LB,E,E - 29_16,6.0,8.0
2008,MY,T,T - IPC4+G09B,3.0,4.2394636015325675
2008,LB,E,E - 33_9,4.0,6.333333333333333
2008,LB,E,E - 35_17,4.0,5.5
2008,LB,E,E - 37_12,2.0,2.0625
2008,LB,E,E - 38_17,1.0,2.0
2008,LB,E,E - 3_1,2.0,2.142857142857143
2008,LB,E,E - 39_9,2.0,3.0
2008,LB,E,E - 3_2,6.0,6.742857142857143
2008,LB,E,E - 41_5,2.0,4.0
2008,LB,E,E - 42_0,3.0,4.0
2008,LB,E,E - 42_12,19.0,30.0
2008,LB,E,E - 42_20,2.0,2.0714285714285716
2008,MY,T,T - IPC4+F25B,2.0,2.033333333333333
2008,LB,E,E - 43_3,8.0,8.333333333333332
2008,LB,E,E - 5_7,5.0,6.142857142857143
2008,LB,E,E - 9_0,2.0,2.0714285714285716
2008,MY,T,T - IPC4+F16B,7.0,7.166666666666666
2008,MY,T,T - IPC4+E05B,2.0,2.5
2008,MY,T,T - IPC4+E04G,5.0,6.333333333333333
2008,MY,T,T - IPC4+B67B,1.0,1.3333333333333333
2008,QA,E,E - 43_2,1.0,2.0
2008,QA,E,E - 42_12,4.0,8.0
2008,QA,E,E - 42_0,4.0,5.013333333333334
2008,QA,E,E - 41_5,2.0,2.013333333333333
2008,QA,E,E - 39_6,1.0,2.0
2008,MY,T,T - IPC4+A63H,1.0,1.5
2008,QA,E,E - 38_17,7.0,9.0
2008,QA,E,E - 38_11,11.0,13.0
2008,QA,E,E - 38_0,4.0,8.0
2008,QA,E,E - 37_21,1.0,2.0
2008,MY,T,T - IPC4+A47B,11.0,15.833333333333334
2008,MY,T,T - IPC4+A44C,3.0,4.199999999999999
2008,QA,E,E - 35_17,2.0,2.013333333333333
2008,QA,E,E - 28_5,5.0,6.013333333333334
2008,QA,E,E - 16_12,1.0,2.0
2008,QA,E,E - 12_12,1.0,2.0
2008,AZ,T,T - IPC4+F16K,1.0,2.0
2008,AZ,T,T - IPC4+B65D,1.0,3.0
2008,KP,T,T - IPC4+H01M,1.0,2.291666666666667
2008,KP,T,T - IPC4+H01F,1.0,1.9999999999999998
2008,KP,T,T - IPC4+G11B,4.0,4.179864253393666
2008,KP,T,T - IPC4+G09G,3.0,3.7678571428571423
2008,KP,T,T - IPC4+G02B,1.0,1.666666666666666
2008,KP,T,T - IPC4+F16H,7.0,16.8875
2008,KP,T,T - IPC4+B41J,1.0,1.5
2008,KP,T,T - IPC4+B21C,1.0,3.0
2008,MY,E,E - 42_12,6.0,6.333333333333333
2008,KP,E,E - 34_1,2.0,3.0
2008,MY,E,E - 17_11,5.0,5.333333333333333
2008,MY,E,E - 11_18,7.0,7.833333333333333
2008,LK,E,E - 16_9,1.0,2.0
2008,CN,T,T - IPC4+B64F,8.0,8.616666666666667
2008,CN,T,T - IPC4+F02K,4.0,4.38095238095238
2008,TH,T,T - IPC4+H01H,2.0,3.0833333333333326
2008,TH,T,T - IPC4+G10D,3.0,3.3333333333333335
2008,TH,T,T - IPC4+F24S,5.0,5.625
2008,TH,T,T - IPC4+F04D,2.0,3.1
2008,TH,T,T - IPC4+E06B,3.0,3.425
2008,TH,T,T - IPC4+C04B,1.0,1.038461538461538
2008,TH,T,T - IPC4+B28B,3.0,5.2994505494505395
2008,TH,T,T - IPC4+A63H,2.0,3.75
2008,TH,T,T - IPC4+A23G,4.0,5.704761904761904
2008,TH,T,T - 1197027848,3.0,4.07142857142857
2008,LK,T,T - IPC4+B60C,1.0,1.9999999999999998
2008,LK,T,T - IPC4+B62D,1.0,3.0
2008,LK,T,T - IPC4+H02K,3.0,5.117647058823529
2008,TH,E,E - 11_20,4.0,4.2
2008,BH,E,E - 16_12,1.0,2.0
2008,BH,E,E - 36_3,5.0,7.333333333333334
2008,BH,E,E - 36_5,1.0,2.0
2008,BH,E,E - 42_11,1.0,2.0
2008,BH,E,E - 42_5,2.0,2.0434782608695654
2008,SA,E,E - 17_10,4.0,8.0
2008,SA,E,E - 25_13,23.0,24.416666666666668
2008,SA,E,E - 30_15,4.0,7.0
2008,SA,E,E - 30_16,3.0,3.0666666666666664
2008,SA,E,E - 30_3,9.0,17.0
2008,SA,E,E - 32_4,5.0,10.0
2008,ID,E,E - 42_12,2.0,3.0
2008,SA,E,E - 37_21,8.0,8.220600414078675
2008,SA,E,E - 3_14,2.0,4.0
2008,SA,E,E - 3_2,13.0,13.139285714285712
2008,ID,E,E - 5_2,5.0,5.5
2008,SA,E,E - 42_0,15.0,20.011904761904763
2008,SA,E,E - 42_12,15.0,21.0
2008,SA,E,E - 42_14,1.0,2.0
2008,ID,E,E - 7_7,1.0,2.0
2008,SA,E,E - 42_6,1.0,2.0
2008,SA,E,E - 43_6,1.0,2.0
2008,SA,E,E - 44_0,1.0,2.0
2008,SA,E,E - 5_13,9.0,9.132411067193676
2008,SA,E,E - 6_14,3.0,4.025
2008,SA,E,E - 8_13,3.0,6.0
2008,GE,T,T - IPC4+H03F,1.0,1.03125
2008,GE,T,T - IPC4+F41A,2.0,3.0
2008,GE,T,T - IPC4+E05B,1.0,1.75
2008,GE,T,T - IPC4+C02F,3.0,3.3333333333333335
2008,GE,T,T - IPC4+A61M,2.0,2.024390243902439
2008,ID,T,T - IPC4+A01D,1.0,1.5
2008,ID,T,T - IPC4+A47J,1.0,1.9999999999999998
2008,ID,T,T - IPC4+B02C,2.0,2.125
2008,ID,T,T - IPC4+C22C,3.0,3.5928571428571434
2008,ID,T,T - IPC4+E03B,1.0,2.0
2008,SY,E,E - 9_17,4.0,5.142857142857143
2008,SY,E,E - 7_1,2.0,2.3333333333333335
2008,SY,E,E - 3_9,2.0,2.0384615384615383
2008,SY,E,E - 3_2,8.0,8.4
2008,SY,E,E - 3_14,2.0,3.0
2008,SY,E,E - 38_19,1.0,2.0
2008,SY,E,E - 36_6,1.0,2.0
2008,SY,E,E - 30_3,7.0,8.533333333333333
2008,SY,E,E - 30_16,4.0,4.199999999999999
2008,SY,E,E - 29_8,3.0,4.0588235294117645
2008,SY,E,E - 25_7,1.0,2.0
2008,SY,E,E - 25_0,1.0,2.0
2008,SY,E,E - 17_0,1.0,2.0
2008,SY,E,E - 16_21,1.0,2.0
2008,SY,E,E - 16_14,2.0,2.0714285714285716
2008,SY,E,E - 16_20,1.0,2.0
2008,SY,E,E - 14_12,1.0,2.0
2008,SA,T,T - IPC4+B63B,1.0,1.2
2008,SA,T,T - IPC4+C09C,1.0,1.3333333333333333
2008,SA,T,T - IPC4+E02B,2.0,2.0098039215686274
2008,SA,T,T - IPC4+G01B,3.0,3.017391304347826
2008,SA,T,T - IPC4+G01T,2.0,2.2
2008,SA,T,T - IPC4+G21K,1.0,1.6666666666666645
2008,SA,T,T - IPC4+H01J,1.0,1.111111111111111
2008,SA,T,T - IPC4+H02J,2.0,2.6455026455026447
2008,SA,T,T - IPC4+H04Q,3.0,4.1238095238095225
2008,SA,T,T - IPC4+H04W,3.0,3.083333333333333
2008,JP,T,T - IPC4+H02K,1770.0,2022.80045738504
2008,JP,T,T - IPC4+H01R,1837.0,2212.7688681491813
2008,JP,T,T - IPC4+H01M,4248.0,5275.377909283786
2008,JP,T,T - IPC4+H01H,938.0,1093.1741013145615
2008,JP,T,T - IPC4+H01G,1110.0,1112.3717126368863
2008,JP,T,T - IPC4+G11B,6449.0,7651.197672559823
2008,JP,T,T - IPC4+G10D,46.0,52.18913308913309
2008,JP,T,T - IPC4+G03G,4027.0,5207.032633522136
2008,JP,T,T - IPC4+F25C,32.0,32.45271672771673
2008,JP,T,T - IPC4+F24F,759.0,760.9188752805055
2008,JP,T,T - IPC4+F16H,1900.0,2115.8905583044566
2008,JP,T,T - IPC4+F16G,192.0,216.5482446399528
2008,JP,T,T - IPC4+F04D,455.0,472.44267207805024
2008,JP,T,T - IPC4+F04C,468.0,523.9853370636117
2008,JP,T,T - IPC4+F03D,93.0,110.31718281718285
2008,JP,T,T - IPC4+F01L,446.0,470.3507598815985
2008,JP,T,T - IPC4+E03D,61.0,71.1011034716917
2008,JP,T,T - IPC4+D21F,122.0,122.35718063755996
2008,JP,T,T - IPC4+D06F,185.0,283.00259235375336
2008,JP,T,T - IPC4+D05B,214.0,416.4930825022931
2008,JP,T,T - IPC4+D04B,222.0,230.0484405687192
2008,JP,T,T - IPC4+B66B,602.0,788.7525209932186
2008,JP,T,T - IPC4+B60C,907.0,908.0401396708106
2008,JP,T,T - IPC4+B43K,88.0,111.16877094914179
2008,JP,T,T - IPC4+B26B,118.0,192.43484191247353
2008,JP,T,T - IPC4+B25D,65.0,77.55277777777776
2008,JP,T,T - IPC4+B25C,146.0,223.4083333333334
2008,PK,T,T - IPC4+H01H,3.0,4.1875
2008,JP,T,T - IPC4+A63F,1320.0,2210.720539705104
2008,JP,T,T - IPC4+A63B,387.0,474.8051299863371
2008,JP,T,T - IPC4+A61B,3517.0,3531.2182750674706
2008,JP,T,T - IPC4+A47L,254.0,309.843992991237
2008,JP,T,T - IPC4+A44B,165.0,204.48221697749568
2008,PK,T,T - IPC4+D21F,1.0,1.4999999999999996
2008,JP,T,T - IPC4+A42B,24.0,29.60502062138217
2008,PK,T,T - IPC4+D06P,1.0,1.25
2008,PK,T,T - IPC4+D06B,1.0,1.7500000000000009
2008,PK,T,T - IPC4+D03D,1.0,1.4999999999999996
2008,JP,T,T - IPC4+A22C,31.0,31.554401154401152
2008,JP,T,T - IPC4+A01F,18.0,26.716816516816518
2008,JP,T,T - IPC4+A01D,95.0,109.17868381618379
2008,AM,T,T - IPC4+F16H,1.0,2.0
2008,AM,T,T - IPC4+E04H,2.0,2.333333333333333
2008,AM,T,T - IPC4+A44C,1.0,1.5
2008,PK,E,E - 42_11,1.0,2.0
2008,PK,E,E - 42_12,2.0,3.0
2008,PH,T,T - IPC4+F28F,1.0,2.1428571428571375
2008,PH,T,T - IPC4+F25B,2.0,2.178571428571424
2008,PH,T,T - IPC4+E01C,1.0,2.0
2008,PH,T,T - IPC4+D21H,2.0,2.264423076923074
2008,JO,T,T - IPC4+G11B,2.0,2.4411764705882324
2008,JO,T,T - IPC4+G01N,25.0,39.97477960635855
2008,PH,T,T - IPC4+B60G,4.0,6.3809523809523805
2008,JO,T,T - IPC4+B60T,1.0,1.1111111111111114
2008,JO,T,T - IPC4+B41J,1.0,2.999999999999997
2008,PH,T,T - IPC4+A63B,5.0,7.5
2008,JO,T,T - IPC4+A61K,46.0,65.44083084742705
2008,PH,T,T - IPC4+A61F,6.0,7.997023809523809
2008,AM,E,E - 34_0,2.0,4.0
2008,VN,T,T - IPC4+A01G,2.0,2.5
2008,VN,T,T - IPC4+B03B,1.0,2.0
2008,VN,T,T - IPC4+B21B,1.0,1.2
2008,JO,E,E - 7_1,2.0,2.2
2008,JO,E,E - 5_20,4.0,4.166666666666667
2008,JO,E,E - 44_2,2.0,3.0
2008,JO,E,E - 43_0,2.0,3.0
2008,JO,E,E - 3_8,2.0,2.142857142857143
2008,JO,E,E - 39_3,1.0,2.0
2008,JO,E,E - 35_17,6.0,7.0
2008,JO,E,E - 16_20,7.0,11.0
2008,IL,T,T - IPC4+A44C,8.0,8.785475444096134
2008,IL,T,T - IPC4+B21J,2.0,2.3333333333333335
2008,IL,T,T - IPC4+B23B,67.0,100.07123724228988
2008,IL,T,T - IPC4+B23C,62.0,86.9601086048454
2008,IL,T,T - IPC4+B60C,6.0,7.0
2008,IL,T,T - IPC4+B63C,2.0,4.333333333333331
2008,IL,T,T - IPC4+B64F,6.0,6.1848484848484855
2008,IL,T,T - IPC4+B66B,4.0,5.533333333333333
2008,IL,T,T - IPC4+C01G,17.0,18.198715381681627
2008,IL,T,T - IPC4+D21F,1.0,1.2
2008,IL,T,T - IPC4+E03D,5.0,5.333333333333333
2008,IL,T,T - IPC4+E04H,21.0,23.21666666666666
2008,IL,T,T - IPC4+E05B,46.0,49.93296703296702
2008,IL,T,T - IPC4+F03B,8.0,9.038095238095238
2008,IL,T,T - IPC4+F03D,3.0,3.8928571428571423
2008,IL,T,T - IPC4+F15C,1.0,1.8461538461538454
2008,IL,T,T - IPC4+F41A,18.0,21.915750915750912
2008,IL,T,T - IPC4+G10D,3.0,3.3857142857142857
2008,IN,E,E - 19_0,2.0,3.0
2008,YE,E,E - 30_18,1.0,2.0
2008,YE,E,E - 32_0,3.0,4.2
2008,YE,E,E - 32_4,3.0,4.2
2008,YE,E,E - 3_2,4.0,4.25
2008,IN,E,E - 33_14,2.0,4.0
2008,IN,E,E - 36_10,2.0,2.0714285714285716
2008,IN,E,E - 39_6,1.0,2.0
2008,IN,E,E - 42_12,12.0,13.458333333333332
2008,AE,T,T - IPC4+C22B,1.0,1.0714285714285712
2008,AE,T,T - IPC4+A63F,3.0,3.3333333333333335
2008,CY,T,T - IPC4+B27N,1.0,1.125
2008,CY,T,T - IPC4+E06B,1.0,2.0
2008,CY,T,T - IPC4+F24F,2.0,2.5
2008,CY,T,T - IPC4+G08G,1.0,2.0
2008,CY,T,T - IPC4+G11C,4.0,4.421929824561403
2008,IN,T,T - IPC4+A23F,8.0,8.68452380952381
2008,IN,T,T - IPC4+A24D,3.0,4.98266129032258
2008,IN,T,T - IPC4+B61B,2.0,4.0
2008,IN,T,T - IPC4+B62K,9.0,10.565873015873017
2008,IN,T,T - IPC4+C12G,3.0,3.4666666666666663
2008,IN,T,T - IPC4+C14C,7.0,10.0
2008,IN,T,T - IPC4+E01F,1.0,1.25
2008,IN,T,T - IPC4+F02P,3.0,3.040277777777778
2008,IQ,E,E - 38_19,1.0,2.0
2008,AE,E,E - 4_11,1.0,2.0
2008,AE,E,E - 42_12,65.0,93.02564102564102
2008,AE,E,E - 33_14,5.0,6.500000000000001
2008,AE,E,E - 19_0,3.0,4.0
2008,AE,E,E - 14_10,2.0,2.0384615384615383
2008,AE,E,E - 12_10,4.0,5.0
2008,IR,T,T - IPC4+A47B,1.0,2.0
2008,OM,T,T - IPC4+E21B,10.0,10.466666666666667
2008,OM,E,E - 20_8,1.0,2.0
2008,OM,E,E - 30_14,2.0,3.0
2008,OM,E,E - 42_0,2.0,3.0
2008,IR,E,E - 34_8,5.0,8.5
2008,SG,T,T - IPC4+F41A,1.0,2.0
2008,SG,T,T - IPC4+E05B,5.0,6.542857142857142
2008,SG,T,T - IPC4+E05C,1.0,1.7142857142857137
2008,SG,T,T - IPC4+B05B,3.0,3.2166666666666663
2008,SG,T,T - IPC4+B62M,9.0,10.638888888888888
2008,SG,T,T - IPC4+B62K,4.0,4.055555555555555
2009,SG,T,T - IPC4+B60D,1.0,2.0
2009,SG,T,T - IPC4+B62J,2.0,2.214285714285714
2009,SG,T,T - IPC4+B66D,1.0,1.4285714285714282
2009,SG,T,T - IPC4+C10J,5.0,5.271428571428571
2009,SG,T,T - IPC4+E06B,9.0,10.124285714285714
2009,SG,T,T - IPC4+E05F,1.0,1.3333333333333333
2009,SG,T,T - IPC4+F03G,2.0,2.6875
2009,SG,T,T - IPC4+F41A,3.0,4.0
2009,SG,T,T - IPC4+A01M,4.0,4.095238095238095
2009,SG,T,T - IPC4+H01R,79.0,85.43320152070152
2009,SG,T,T - IPC4+H03F,22.0,22.655677655677657
2009,SG,T,T - IPC4+H04R,86.0,86.51435185185184
2009,IQ,T,T - IPC4+A61M,1.0,1.125
2009,CN,T,T - IPC4+F16N,6.0,7.582539682539682
2009,CN,T,T - IPC4+E21C,8.0,8.35
2009,OM,E,E - 9_19,2.0,3.0
2009,OM,E,E - 43_2,2.0,4.0
2009,CN,T,T - IPC4+D06F,91.0,92.37256562881561
2009,OM,E,E - 3_14,2.0,3.0
2009,OM,E,E - 30_3,6.0,8.0
2009,CN,T,T - IPC4+C14C,11.0,11.646828437633038
2009,OM,T,T - IPC4+A61K,1.0,1.1379310344827633
2009,OM,T,T - IPC4+C07D,1.0,1.8965517241379422
2009,IR,T,T - IPC4+A01M,1.0,2.0
2009,IR,T,T - IPC4+B22F,1.0,1.9999999999999998
2009,KP,E,E - 7_2,1.0,2.0
2009,KP,E,E - 9_19,6.0,11.0
2009,IR,T,T - IPC4+G11C,8.0,10.141666666666667
2009,IR,T,T - IPC4+H05B,1.0,2.0
2009,AE,E,E - 10_5,2.0,3.0
2009,AE,E,E - 12_2,3.0,3.5
2009,AE,E,E - 17_2,1.0,2.0
2009,KP,T,T - IPC4+B21K,1.0,1.25
2009,KP,T,T - IPC4+B21C,1.0,3.75
2009,KP,T,T - IPC4+F02M,1.0,1.0909090909090906
2009,KP,T,T - IPC4+F16H,1.0,1.9999999999999998
2009,KP,T,T - IPC4+H04N,14.0,14.119416612798952
2009,AE,E,E - 24_14,10.0,10.090539322265471
2009,AE,E,E - 27_4,1.0,2.0
2009,AE,E,E - 33_14,1.0,2.0
2009,AE,E,E - 37_16,5.0,6.156565656565656
2009,ID,E,E - 21_12,2.0,2.25
2009,ID,E,E - 29_18,17.0,17.528571428571425
2009,AE,E,E - 4_11,8.0,9.012820512820513
2009,AE,E,E - 4_6,4.0,4.2
2009,AE,E,E - 9_2,21.0,21.00532950135098
2009,AZ,T,T - IPC4+B65D,2.0,4.0
2009,AZ,T,T - IPC4+E21B,3.0,3.5
2009,AZ,T,T - IPC4+F02B,4.0,4.166666666666666
2009,IQ,E,E - 32_1,1.0,2.0
2009,IN,T,T - IPC4+H01H,95.0,100.28781194791812
2009,QA,E,E - 25_7,2.0,3.0
2009,QA,E,E - 29_8,1.0,2.0
2009,QA,E,E - 32_1,2.0,3.0
2009,QA,E,E - 38_0,5.0,10.0
2009,QA,E,E - 38_11,6.0,8.0
2009,QA,E,E - 38_17,4.0,8.0
2009,QA,E,E - 3_7,1.0,2.0
2009,QA,E,E - 9_8,10.0,16.0625
2009,IN,T,T - IPC4+E02D,1.0,2.0
2009,IN,T,T - IPC4+C14C,4.0,6.0
2009,IN,T,T - IPC4+B62K,3.0,3.1
2009,IN,T,T - IPC4+B60S,2.0,2.125
2009,KR,T,T - IPC4+A24D,4.0,4.5569444444444445
2009,KR,T,T - IPC4+A43B,108.0,151.4929759782701
2009,KR,T,T - IPC4+A43C,13.0,13.725732600732602
2009,KR,T,T - IPC4+A45D,132.0,159.0926246955659
2009,KR,T,T - IPC4+A47C,80.0,93.29287240537239
2009,KR,T,T - IPC4+A47L,348.0,482.9137805005451
2009,KR,T,T - IPC4+A61C,118.0,137.53717254967256
2009,KR,T,T - IPC4+A62B,31.0,33.653571428571425
2009,KR,T,T - IPC4+A63B,178.0,238.20150227123918
2009,KR,T,T - IPC4+A63C,25.0,29.275216450216444
2009,KR,T,T - IPC4+A63H,36.0,38.06598124098124
2009,KR,T,T - IPC4+B22D,43.0,59.535617988052074
2009,KR,T,T - IPC4+B25B,20.0,21.089790764790763
2009,KR,T,T - IPC4+B26B,6.0,8.416666666666664
2009,IN,T,T - IPC4+B07B,3.0,3.1
2009,KR,T,T - IPC4+B41J,230.0,250.41529835076838
2009,KR,T,T - IPC4+B60C,59.0,64.6126006303638
2009,KR,T,T - IPC4+B60G,40.0,49.35085973967553
2009,KR,T,T - IPC4+B60J,54.0,55.51675685425685
2009,KR,T,T - IPC4+B60N,77.0,95.39819902319904
2009,KR,T,T - IPC4+B60R,261.0,335.84794735278484
2009,KR,T,T - IPC4+B60T,60.0,63.322665080018034
2009,KR,T,T - IPC4+B61F,5.0,5.6190476190476195
2009,KR,T,T - IPC4+B62D,188.0,199.01873911529088
2009,KR,T,T - IPC4+B63B,74.0,74.7227688977689
2009,KR,T,T - IPC4+B64F,9.0,12.118181818181817
2009,KR,T,T - IPC4+B65D,322.0,333.16534294988895
2009,IN,T,T - IPC4+A45C,3.0,5.269841269841269
2009,KR,T,T - IPC4+C21B,28.0,29.169532162896004
2009,IN,T,T - IPC4+A23F,23.0,23.321088217338207
2009,KR,T,T - IPC4+D06F,590.0,1013.2611585797181
2009,KR,T,T - IPC4+D05B,25.0,30.504166666666663
2009,KR,T,T - IPC4+E01B,4.0,4.2272727272727275
2009,KR,T,T - IPC4+E01F,37.0,42.12619047619048
2009,KR,T,T - IPC4+E02F,93.0,107.19004329004333
2009,KR,T,T - IPC4+E03D,30.0,31.9515873015873
2009,KR,T,T - IPC4+E05B,76.0,87.50891608391608
2009,KR,T,T - IPC4+F01L,55.0,136.86839826839827
2009,KR,T,T - IPC4+F01N,78.0,85.60186155690188
2009,KR,T,T - IPC4+F02D,66.0,66.1931748806749
2009,KR,T,T - IPC4+F02F,17.0,18.16071428571428
2009,KR,T,T - IPC4+F02K,1.0,3.0
2009,KR,T,T - IPC4+F02M,72.0,72.47275641025641
2009,KR,T,T - IPC4+F03B,34.0,38.85595238095238
2009,KR,T,T - IPC4+F03D,44.0,48.19940476190476
2009,KR,T,T - IPC4+F04B,162.0,169.64578331025703
2009,KR,T,T - IPC4+F04C,61.0,66.00285825285825
2009,KR,T,T - IPC4+F15B,35.0,42.839018759018764
2009,KR,T,T - IPC4+F16F,70.0,71.2745892995893
2009,KR,T,T - IPC4+F16D,82.0,100.21730703936588
2009,KR,T,T - IPC4+F16H,167.0,251.25676121264357
2009,KR,T,T - IPC4+F24C,137.0,143.99630092130093
2009,KR,T,T - IPC4+F24F,343.0,417.29678981149556
2009,KR,T,T - IPC4+F25C,121.0,147.95903889139186
2009,KR,T,T - IPC4+F25D,417.0,447.31816402551715
2009,KR,T,T - IPC4+F42B,11.0,12.058333333333334
2009,KR,T,T - IPC4+G03G,304.0,470.04313794212317
2009,KR,T,T - IPC4+G09G,1398.0,1402.371119311036
2009,KR,T,T - IPC4+G10D,11.0,11.15
2009,KR,T,T - IPC4+G11B,912.0,1059.9665702201603
2009,KR,T,T - IPC4+G11C,1452.0,1937.9797054253224
2009,KR,T,T - IPC4+G10L,269.0,354.7223917525543
2009,KR,T,T - IPC4+G21C,35.0,41.714185879480006
2009,KR,T,T - IPC4+H01H,240.0,247.73610818127733
2009,KR,T,T - IPC4+H01L,5826.0,7261.709792005428
2009,KR,T,T - IPC4+H01M,1048.0,1633.0777550887556
2009,KR,T,T - IPC4+H01Q,268.0,352.8955058830059
2009,KR,T,T - IPC4+H02K,218.0,258.7724365261558
2009,KR,T,T - IPC4+H04N,2959.0,3437.8864229234446
2009,KR,T,T - IPC4+H04R,233.0,239.41112056301685
2009,KW,E,E - 16_21,13.0,13.177631578947368
2009,KW,E,E - 21_6,1.0,2.0
2009,KW,E,E - 24_14,1.0,2.0
2009,KW,E,E - 25_7,1.0,2.0
2009,KW,E,E - 28_5,1.0,2.0
2009,KW,E,E - 38_17,5.0,5.0476460578559275
2009,KW,E,E - 39_6,1.0,2.0
2009,KW,E,E - 41_18,2.0,2.05
2009,KW,E,E - 42_0,2.0,3.0
2009,KW,E,E - 42_11,4.0,4.1081871345029235
2009,KW,E,E - 42_12,16.0,20.0
2009,KW,E,E - 44_2,1.0,2.0
2009,KW,E,E - 5_20,2.0,3.0
2009,TR,T,T - IPC4+F41H,1.0,2.0
2009,TR,T,T - IPC4+F24S,4.0,4.4
2009,TR,T,T - IPC4+F16H,6.0,9.805976430976427
2009,TR,T,T - IPC4+F04B,27.0,33.361421911421914
2009,TR,T,T - IPC4+F03D,3.0,3.15
2009,TR,T,T - IPC4+E05B,16.0,17.54285714285714
2009,TR,T,T - IPC4+E03D,5.0,7.0
2009,TR,T,T - IPC4+D06F,90.0,95.66204906204905
2009,TR,T,T - IPC4+C25D,9.0,9.12996031746032
2009,TR,T,T - IPC4+C25C,3.0,3.4166666666666665
2009,TR,T,T - IPC4+C14C,2.0,4.333333333333333
2009,TR,T,T - IPC4+B68G,1.0,1.5999999999999999
2009,TR,T,T - IPC4+B66B,2.0,5.25
2009,TR,T,T - IPC4+B64G,1.0,1.5999999999999999
2009,TR,T,T - IPC4+B63B,6.0,8.633333333333333
2009,TR,T,T - IPC4+B62M,1.0,2.727272727272726
2009,TR,T,T - IPC4+B60R,11.0,11.833333333333332
2009,TR,T,T - IPC4+B60S,3.0,4.0
2009,TR,T,T - IPC4+B60P,2.0,3.0
2009,TR,T,T - IPC4+B60N,8.0,11.8875
2009,TR,T,T - IPC4+B60H,5.0,5.5
2009,TR,T,T - IPC4+B60C,5.0,13.28703703703704
2009,TR,T,T - IPC4+A61M,12.0,13.40248447204969
2009,TR,T,T - IPC4+A61J,3.0,3.6666666666666665
2009,TR,T,T - IPC4+A61C,6.0,10.095238095238093
2009,TR,T,T - IPC4+A47C,5.0,5.629166666666666
2009,TR,T,T - IPC4+A44C,1.0,1.5999999999999999
2009,TR,T,T - IPC4+A43B,2.0,2.6666666666666665
2009,TR,T,T - IPC4+A24D,1.0,5.777777777777765
2009,QA,T,T - IPC4+A01N,1.0,2.0
2009,CY,T,T - IPC4+G01L,2.0,2.5606060606060614
2009,AE,T,T - IPC4+A23F,3.0,4.077380952380949
2009,AE,T,T - IPC4+A44C,1.0,2.0
2009,AE,T,T - IPC4+B66B,4.0,4.75
2009,AE,T,T - IPC4+C04B,4.0,5.625341130604291
2009,KW,T,T - IPC4+H04W,1.0,1.4999999999999987
2009,AE,T,T - IPC4+C07D,2.0,3.2528571428571444
2009,AE,T,T - IPC4+E02D,2.0,2.388888888888889
2009,AE,T,T - IPC4+F02B,2.0,2.1590909090909083
2009,AE,T,T - IPC4+F24F,1.0,1.5
2009,AE,T,T - IPC4+F41A,2.0,3.0
2009,AE,T,T - IPC4+H01Q,1.0,1.2
2009,ID,T,T - IPC4+C02F,2.0,2.1458333333333326
2009,ID,T,T - IPC4+E04F,3.0,5.066666666666666
2009,TR,E,E - 44_0,1.0,2.0
2009,ID,T,T - IPC4+H03F,1.0,1.5
2009,TR,E,E - 35_11,4.0,5.0
2009,KZ,T,T - IPC4+C07D,2.0,2.476923076923077
2009,JP,T,T - IPC4+H02K,1735.0,2010.9196618983292
2009,KZ,T,T - IPC4+C11B,2.0,2.333333333333333
2009,KZ,T,T - IPC4+C22C,2.0,3.2857142857142856
2009,JP,T,T - IPC4+H01R,1879.0,2288.1854820233657
2009,JP,T,T - IPC4+H01Q,1012.0,1073.3853629673115
2009,JP,T,T - IPC4+H01M,4511.0,5590.894409991402
2009,KZ,T,T - IPC4+F03D,7.0,9.5
2009,JP,T,T - IPC4+H01H,974.0,1162.795391916959
2009,JP,T,T - IPC4+G11B,5409.0,6110.331249927435
2009,JP,T,T - IPC4+G10D,44.0,46.70891330891332
2009,JP,T,T - IPC4+G03G,4293.0,5743.295538822794
2009,JP,T,T - IPC4+F25C,42.0,45.92748917748918
2009,JP,T,T - IPC4+F24F,767.0,792.7452171112766
2009,JP,T,T - IPC4+F16H,1866.0,2019.4960488344968
2009,JP,T,T - IPC4+F16G,198.0,224.57185189119764
2009,JP,T,T - IPC4+F04C,449.0,482.1586027099261
2009,BD,T,T - IPC4+G11B,2.0,2.3875
2009,JP,T,T - IPC4+F03D,120.0,146.11960404791282
2009,BD,T,T - IPC4+H01M,1.0,1.4999999999999996
2009,JP,T,T - IPC4+F01L,481.0,496.4938602075972
2009,JP,T,T - IPC4+E03D,76.0,102.32072829131656
2009,JP,T,T - IPC4+D06F,179.0,288.4995975732865
2009,JP,T,T - IPC4+D05B,185.0,363.8233197358198
2009,JP,T,T - IPC4+B66B,503.0,677.5165066415069
2009,JP,T,T - IPC4+B65H,1655.0,1814.147092746869
2009,JP,T,T - IPC4+B61F,31.0,32.39888167388168
2009,JP,T,T - IPC4+B60N,572.0,583.3321776807069
2009,JP,T,T - IPC4+B60C,936.0,1008.0781956446997
2009,JP,T,T - IPC4+B43K,89.0,116.99313223008878
2009,JP,T,T - IPC4+B26B,102.0,134.0665057165057
2009,JP,T,T - IPC4+B25D,75.0,79.75845265845268
2009,JP,T,T - IPC4+B25C,133.0,188.03577256077259
2009,JP,T,T - IPC4+A63H,168.0,187.65562609977832
2009,JP,T,T - IPC4+A63F,1232.0,1637.6748314589713
2009,JP,T,T - IPC4+A63C,9.0,10.402777777777777
2009,JP,T,T - IPC4+A63B,448.0,524.6629645107489
2009,JP,T,T - IPC4+A61F,1225.0,1337.1375787274403
2009,JP,T,T - IPC4+A61B,3723.0,3796.272508752866
2009,JP,T,T - IPC4+A47L,230.0,276.2084274914486
2009,JP,T,T - IPC4+A44B,181.0,201.85098717215595
2009,PK,T,T - IPC4+E21B,4.0,4.166666666666666
2009,JP,T,T - IPC4+A42B,25.0,35.45228056967188
2009,PK,T,T - IPC4+D06B,1.0,1.1666666666666665
2009,JP,T,T - IPC4+A22C,27.0,27.67222222222222
2009,JP,T,T - IPC4+A01F,19.0,19.505361305361305
2009,JP,T,T - IPC4+A01D,85.0,91.51881298526035
2009,PK,T,T - IPC4+A61C,1.0,2.0000000000000004
2009,PK,T,T - IPC4+A45D,1.0,2.333333333333335
2009,LB,E,E - 14_10,1.0,2.0
2009,LB,E,E - 16_20,7.0,8.0
2009,LB,E,E - 18_5,4.0,8.0
2009,LB,E,E - 25_13,9.0,9.266666666666666
2009,LB,E,E - 24_5,2.0,3.0
2009,LB,E,E - 25_15,1.0,2.0
2009,LB,E,E - 25_7,4.0,6.0
2009,LB,E,E - 32_4,3.0,4.0
2009,LB,E,E - 33_14,1.0,2.0
2009,MY,T,T - IPC4+G06N,2.0,3.5833333333333344
2009,LB,E,E - 34_8,2.0,2.3333333333333335
2009,LB,E,E - 35_13,5.0,10.0
2009,LB,E,E - 35_24,3.0,4.166666666666667
2009,LB,E,E - 37_12,4.0,4.153409090909091
2009,LB,E,E - 3_19,2.0,3.0
2009,LB,E,E - 41_18,3.0,3.1
2009,LB,E,E - 41_3,2.0,2.1
2009,LB,E,E - 42_20,2.0,3.0
2009,LB,E,E - 43_11,4.0,4.25
2009,LB,E,E - 44_14,1.0,2.0
2009,LB,E,E - 5_14,1.0,2.0
2009,AF,T,T - IPC4+E04F,1.0,1.21875
2009,LB,E,E - 5_7,1.0,2.0
2009,LB,E,E - 7_1,2.0,4.0
2009,MY,T,T - IPC4+F16F,2.0,2.966666666666667
2009,MY,T,T - IPC4+F03B,3.0,3.499999999999999
2009,MY,T,T - IPC4+E03D,3.0,3.6666666666666665
2009,MY,T,T - IPC4+B30B,1.0,1.1428571428571426
2009,IN,E,E - 34_8,9.0,15.833333333333334
2009,MY,T,T - IPC4+A47B,15.0,22.000000000000004
2009,MY,T,T - IPC4+A46B,3.0,4.35
2009,MY,T,T - IPC4+A44C,1.0,1.9999999999999998
2009,MY,T,T - IPC4+A24D,2.0,3.1388888888888884
2009,MY,T,T - IPC4+A23J,1.0,2.5
2009,MY,T,T - IPC4+A01K,10.0,14.472512254901964
2009,YE,E,E - 3_9,1.0,2.0
2009,YE,E,E - 35_0,1.0,2.0
2009,YE,E,E - 32_4,2.0,2.111111111111111
2009,BN,T,T - IPC4+E21B,3.0,3.166666666666667
2009,IN,E,E - 12_6,23.0,26.261363636363637
2009,IL,T,T - IPC4+G10D,3.0,3.35
2009,IL,T,T - IPC4+F16L,37.0,40.31145606737679
2009,IL,T,T - IPC4+F03D,13.0,13.49535834535834
2009,IL,T,T - IPC4+F03B,17.0,23.08068783068783
2009,LB,T,T - IPC4+A61M,1.0,1.0909090909090906
2009,IL,T,T - IPC4+E05B,44.0,46.866666666666674
2009,LB,T,T - IPC4+B21F,1.0,1.75
2009,LB,T,T - IPC4+B29C,2.0,2.047619047619047
2009,IL,T,T - IPC4+E03D,10.0,11.358333333333333
2009,IL,T,T - IPC4+E01B,2.0,3.7
2009,IL,T,T - IPC4+B64F,6.0,7.066666666666667
2009,IL,T,T - IPC4+B61L,2.0,2.4000000000000004
2009,IL,T,T - IPC4+B23C,59.0,72.5028107857055
2009,IL,T,T - IPC4+B23B,73.0,89.79036640354552
2009,IL,T,T - IPC4+A63C,3.0,3.5
2009,IL,T,T - IPC4+A44C,11.0,14.829148629148632
2009,IL,T,T - IPC4+A24F,6.0,6.928571428571429
2009,SA,T,T - IPC4+G09B,1.0,2.0
2009,SA,T,T - IPC4+E03D,1.0,2.0
2009,SA,T,T - IPC4+C22B,1.0,2.5
2009,SA,T,T - IPC4+C21B,1.0,1.666666666666666
2009,SA,T,T - IPC4+C10G,32.0,33.73954063480381
2009,SA,T,T - IPC4+B67D,1.0,1.4285714285714282
2009,SY,E,E - 11_7,2.0,4.0
2009,SY,E,E - 14_12,1.0,2.0
2009,SY,E,E - 16_20,2.0,4.0
2009,SY,E,E - 16_21,5.0,5.111111111111111
2009,SY,E,E - 21_6,1.0,2.0
2009,SY,E,E - 25_18,1.0,2.0
2009,SY,E,E - 25_7,4.0,6.0
2009,SY,E,E - 29_14,4.0,6.083333333333334
2009,SY,E,E - 2_9,1.0,2.0
2009,SY,E,E - 30_12,1.0,2.0
2009,SY,E,E - 30_3,3.0,4.083333333333333
2009,SY,E,E - 3_2,7.0,8.511111111111111
2009,SY,E,E - 43_2,5.0,6.0
2009,SY,E,E - 5_10,2.0,2.027027027027027
2009,SY,E,E - 9_17,2.0,4.0
2009,MY,E,E - 9_4,8.0,12.125
2009,NP,T,T - IPC4+G01S,1.0,1.5909090909090902
2009,NP,T,T - IPC4+C07D,2.0,2.080182529335066
2009,MY,E,E - 10_9,1.0,2.0
2009,SY,T,T - IPC4+E21B,2.0,5.218357487922727
2009,LK,E,E - 30_18,7.0,8.333333333333334
2009,SY,T,T - IPC4+H05B,1.0,1.0086956521739088
2009,TH,T,T - IPC4+F16C,1.0,1.5999999999999999
2009,TH,T,T - IPC4+E21B,6.0,6.369047619047619
2009,TH,T,T - IPC4+E04H,3.0,6.542857142857144
2009,TH,T,T - IPC4+B62D,4.0,6.114285714285714
2009,TH,T,T - IPC4+B21D,2.0,2.75
2009,TH,T,T - IPC4+B21C,1.0,1.9999999999999991
2009,TH,T,T - IPC4+A63H,4.0,4.833333333333333
2009,TH,T,T - IPC4+A47K,1.0,1.5
2009,TH,T,T - IPC4+A45C,4.0,4.530952380952382
2009,TH,T,T - 1197027848,3.0,3.2857142857142847
2009,PK,E,E - 3_2,4.0,5.1
2009,PK,E,E - 30_15,7.0,8.0
2009,JO,E,E - 16_14,4.0,6.0
2009,JO,E,E - 16_21,8.0,8.625
2009,JO,E,E - 21_2,1.0,2.0
2009,JO,E,E - 25_13,5.0,5.0625
2009,JO,E,E - 29_1,1.0,2.0
2009,PH,T,T - IPC4+H01H,4.0,5.571428571428572
2009,JO,E,E - 30_17,1.0,2.0
2009,JO,E,E - 35_13,1.0,2.0
2009,SA,E,E - 7_1,4.0,4.03030303030303
2009,SA,E,E - 5_16,2.0,2.3333333333333335
2009,JO,E,E - 38_17,2.0,3.0
2009,SA,E,E - 44_2,1.0,2.0
2009,PH,T,T - IPC4+F27B,1.0,1.125
2009,VN,T,T - IPC4+F02M,1.0,2.0000000000000004
2009,SA,E,E - 43_2,3.0,4.0
2009,SA,E,E - 43_0,3.0,4.0
2009,JO,E,E - 42_0,3.0,5.0
2009,PH,T,T - IPC4+F03B,4.0,6.318181818181817
2009,JO,E,E - 43_2,1.0,2.0
2009,SA,E,E - 42_12,11.0,12.0
2009,JO,E,E - 44_2,2.0,3.0
2009,PH,T,T - IPC4+E02B,1.0,1.090909090909091
2009,SA,E,E - 3_8,3.0,5.0
2009,SA,E,E - 38_11,1.0,2.0
2009,SA,E,E - 37_21,12.0,12.546176046176047
2009,JO,T,T - IPC4+G11B,3.0,4.388888888888884
2009,JO,T,T - IPC4+F25B,2.0,2.8380952380952373
2009,PH,T,T - IPC4+B60J,1.0,3.0
2009,JO,T,T - IPC4+E01F,1.0,2.500000000000001
2009,SA,E,E - 25_13,13.0,15.666666666666668
2009,JO,T,T - IPC4+B41J,1.0,2.0000000000000004
2009,SA,E,E - 1_15,3.0,3.0588235294117645
2009,SA,E,E - 17_10,1.0,2.0
2009,VN,E,E - 29_18,2.0,2.125
2009,JO,T,T - IPC4+A61F,2.0,2.394736842105264
2009,LK,T,T - IPC4+B60C,3.0,3.6
2009,LK,T,T - IPC4+B41J,1.0,6.500000000000058
2009,LK,T,T - IPC4+B62D,2.0,4.6
2009,LK,T,T - IPC4+C01B,2.0,2.022222222222223
2009,SA,E,E - 12_12,3.0,3.0303030303030303
2009,SA,E,E - 10_4,4.0,7.0
2009,LK,T,T - IPC4+H01H,3.0,4.5
2009,IL,E,E - 33_13,2.0,2.0416666666666665
2009,TH,E,E - 2_9,1.0,2.0
2009,TH,E,E - 11_12,6.0,7.0
2009,BH,E,E - 45_5,4.0,5.0
2009,BH,E,E - 41_9,1.0,2.0
2009,BH,E,E - 38_17,1.0,2.0
2009,BH,E,E - 36_3,4.0,5.0
2009,BH,E,E - 36_10,2.0,3.0
2009,BH,E,E - 32_1,1.0,2.0
2009,BH,E,E - 17_11,2.0,4.0
2009,BH,E,E - 16_20,1.0,2.0
2009,BH,E,E - 11_13,1.0,2.0
2010,BH,E,E - 17_10,2.0,3.0
2010,BH,E,E - 29_21,2.0,3.0
2010,BH,E,E - 29_8,1.0,2.0
2010,BH,E,E - 36_12,2.0,2.3333333333333335
2010,BH,E,E - 36_3,4.0,5.333333333333334
2010,BH,E,E - 36_8,6.0,7.0
2010,BH,E,E - 43_2,3.0,3.25
2010,BH,E,E - 43_6,1.0,2.0
2010,BH,E,E - 9_8,1.0,2.0
2010,TH,E,E - 36_8,1.0,2.0
2010,TH,E,E - 43_2,6.0,6.228758169934641
2010,TH,E,E - 7_8,1.0,2.0
2010,TH,E,E - 8_6,1.0,2.0
2010,IL,E,E - 33_13,3.0,4.111111111111111
2010,IL,E,E - 32_4,2.0,2.04
2010,VN,E,E - 9_19,10.0,11.333333333333334
2010,IL,E,E - 1_8,2.0,2.5
2010,SA,E,E - 10_4,4.0,4.2
2010,SA,E,E - 11_15,2.0,4.0
2010,SA,E,E - 11_16,1.0,2.0
2010,SA,E,E - 14_0,2.0,3.0
2010,LK,T,T - IPC4+B62D,1.0,1.5999999999999999
2010,LK,T,T - IPC4+B60C,2.0,2.5999999999999996
2010,JO,T,T - IPC4+A61C,2.0,2.5
2010,SA,E,E - 17_0,1.0,2.0
2010,SA,E,E - 1_14,3.0,3.125
2010,SA,E,E - 20_4,1.0,2.0
2010,SA,E,E - 25_13,12.0,13.5
2010,SA,E,E - 2_9,2.0,2.111111111111111
2010,PH,T,T - IPC4+B60G,4.0,4.080952380952382
2010,SA,E,E - 30_3,10.0,10.25
2010,JO,T,T - IPC4+F25B,2.0,3.9619047619047607
2010,JO,T,T - IPC4+F25D,2.0,2.4380952380952405
2010,SA,E,E - 34_8,1.0,2.0
2010,SA,E,E - 35_16,5.0,10.0
2010,SA,E,E - 35_17,3.0,5.0
2010,SA,E,E - 36_8,12.0,12.04
2010,JO,T,T - IPC4+H04N,5.0,5.510714285714284
2010,SA,E,E - 3_8,2.0,2.125
2010,SA,E,E - 3_9,1.0,2.0
2010,JO,E,E - 7_1,2.0,4.0
2010,JO,E,E - 4_7,1.0,2.0
2010,PH,T,T - IPC4+E05B,5.0,7.392857142857137
2010,SA,E,E - 42_0,15.0,15.877705627705629
2010,JO,E,E - 44_2,2.0,3.0
2010,SA,E,E - 42_14,2.0,2.0434782608695654
2010,JO,E,E - 42_0,4.0,6.0
2010,SA,E,E - 43_0,2.0,3.0
2010,JO,E,E - 41_3,3.0,4.0
2010,SA,E,E - 43_3,4.0,4.2
2010,JO,E,E - 39_0,1.0,2.0
2010,JO,E,E - 37_0,1.0,2.0
2010,JO,E,E - 36_8,1.0,2.0
2010,SA,E,E - 5_7,1.0,2.0
2010,SA,E,E - 7_10,1.0,2.0
2010,JO,E,E - 29_21,2.0,2.090909090909091
2010,JO,E,E - 16_21,11.0,11.25
2010,JO,E,E - 16_20,9.0,9.333333333333332
2010,TH,T,T - 1197027848,3.0,7.285714285714289
2010,TH,T,T - IPC4+A01C,2.0,2.057142857142857
2010,TH,T,T - IPC4+A42B,1.0,3.0
2010,TH,T,T - IPC4+A47C,2.0,2.3676470588235294
2010,TH,T,T - IPC4+A47K,1.0,1.5
2010,TH,T,T - IPC4+B21D,2.0,4.125000000000003
2010,TH,T,T - IPC4+B23K,1.0,1.40625
2010,TH,T,T - IPC4+B62D,5.0,5.521428571428572
2010,TH,T,T - IPC4+B62J,5.0,5.087301587301587
2010,TH,T,T - IPC4+E01B,1.0,3.0000000000000004
2010,TH,T,T - IPC4+E05B,3.0,4.134920634920634
2010,TH,T,T - IPC4+F16D,1.0,2.0000000000000018
2010,TH,T,T - IPC4+F16F,2.0,4.005681818181817
2010,TH,T,T - IPC4+F16L,2.0,3.0
2010,AM,T,T - IPC4+E04F,1.0,2.0
2010,AM,T,T - IPC4+H01H,1.0,1.3888888888888893
2010,TH,T,T - IPC4+H05B,1.0,1.5
2010,SY,T,T - IPC4+E04B,1.0,1.0500000000000003
2010,SY,T,T - IPC4+A61B,3.0,3.0083333333333333
2010,LK,E,E - 16_21,4.0,6.0
2010,NP,T,T - IPC4+C07D,3.0,3.508619440822827
2010,PH,E,E - 36_12,6.0,6.666666666666667
2010,MY,E,E - 12_11,17.0,23.766666666666666
2010,MY,E,E - 17_10,9.0,9.75
2010,MY,E,E - 19_7,10.0,11.125490196078431
2010,MY,E,E - 34_1,2.0,4.0
2010,MY,E,E - 37_21,14.0,25.0
2010,GE,T,T - IPC4+F03D,1.0,1.3333333333333333
2010,GE,T,T - IPC4+C07C,3.0,5.9774891774891605
2010,GE,T,T - IPC4+B64C,1.0,2.0
2010,GE,T,T - IPC4+A61M,3.0,4.216666666666668
2010,GE,T,T - IPC4+A61G,1.0,2.0
2010,SY,E,E - 43_0,1.0,2.0
2010,SY,E,E - 3_7,2.0,2.02
2010,SY,E,E - 3_2,10.0,14.249166666666667
2010,SY,E,E - 32_4,3.0,3.5
2010,SY,E,E - 30_3,9.0,15.058823529411764
2010,SY,E,E - 29_4,5.0,6.078823529411764
2010,SY,E,E - 29_3,2.0,2.02
2010,SY,E,E - 29_18,1.0,2.0
2010,SY,E,E - 29_14,1.0,2.0
2010,SY,E,E - 25_7,5.0,7.0
2010,SY,E,E - 25_4,1.0,2.0
2010,SY,E,E - 25_13,5.0,6.0
2010,SA,T,T - IPC4+C10M,1.0,1.0384615384615392
2010,SA,T,T - IPC4+F16L,1.0,1.7142857142857137
2010,SA,T,T - IPC4+G01T,1.0,1.2
2010,SA,T,T - IPC4+G07D,1.0,1.5
2010,IL,T,T - IPC4+A42B,3.0,6.142857142857144
2010,SA,T,T - IPC4+H04N,2.0,2.0769230769230766
2010,IL,T,T - IPC4+A47D,7.0,9.521825396825395
2010,IL,T,T - IPC4+B23B,91.0,111.94246835036307
2010,IL,T,T - IPC4+B23C,69.0,84.02956911509543
2010,IL,T,T - IPC4+B27B,1.0,1.25
2010,IL,T,T - IPC4+D01H,1.0,1.2000000000000004
2010,IL,T,T - IPC4+E03D,5.0,6.675
2010,IL,T,T - IPC4+E04D,5.0,5.225
2010,LB,T,T - IPC4+B21F,1.0,2.625
2010,IL,T,T - IPC4+E05B,48.0,48.469047619047615
2010,IL,T,T - IPC4+F15B,2.0,4.500000000000002
2010,IL,T,T - IPC4+F17C,4.0,4.333333333333333
2010,IL,T,T - IPC4+G01H,5.0,8.3034632034632
2010,IL,T,T - IPC4+G10D,4.0,4.25
2010,IN,E,E - 12_6,15.0,16.75
2010,YE,E,E - 3_9,1.0,2.0
2010,YE,E,E - 4_7,1.0,2.0
2010,MY,T,T - IPC4+A01K,14.0,22.963831699346404
2010,MY,T,T - IPC4+A24D,1.0,1.1111111111111114
2010,MY,T,T - IPC4+A47B,10.0,12.833333333333334
2010,MY,T,T - IPC4+B24B,3.0,3.035714285714285
2010,MY,T,T - IPC4+C03B,2.0,2.3
2010,LB,E,E - 9_8,5.0,6.0
2010,MY,T,T - IPC4+F16F,1.0,1.3333333333333333
2010,AF,T,T - IPC4+H01R,1.0,1.3888888888888893
2010,LB,E,E - 5_20,4.0,4.333333333333333
2010,LB,E,E - 4_7,1.0,2.0
2010,LB,E,E - 45_5,4.0,6.0
2010,LB,E,E - 44_4,1.0,2.0
2010,LB,E,E - 44_0,4.0,5.0
2010,LB,E,E - 43_3,3.0,4.2
2010,LB,E,E - 43_2,4.0,7.0
2010,LB,E,E - 43_13,2.0,2.2
2010,LB,E,E - 40_9,1.0,2.0
2010,MY,T,T - IPC4+G01D,15.0,15.507142857142854
2010,LB,E,E - 3_9,13.0,15.0
2010,LB,E,E - 3_4,2.0,3.0
2010,LB,E,E - 3_2,7.0,7.472222222222221
2010,LB,E,E - 38_11,2.0,2.0357142857142856
2010,LB,E,E - 36_8,10.0,10.09090909090909
2010,LB,E,E - 36_3,8.0,8.5
2010,LB,E,E - 35_24,1.0,2.0
2010,LB,E,E - 35_17,1.0,2.0
2010,LB,E,E - 35_13,3.0,5.0
2010,LB,E,E - 33_9,3.0,4.0
2010,LB,E,E - 30_3,2.0,2.0555555555555554
2010,MY,T,T - IPC4+G10K,2.0,2.2142857142857135
2010,LB,E,E - 25_7,7.0,8.071428571428571
2010,LB,E,E - 28_0,1.0,2.0
2010,MY,T,T - IPC4+H02P,4.0,4.285714285714286
2010,LB,E,E - 16_21,2.0,4.0
2010,LB,E,E - 16_20,2.0,4.0
2010,LB,E,E - 16_11,1.0,2.0
2010,PK,T,T - IPC4+A45D,1.0,2.1000000000000023
2010,UZ,T,T - IPC4+B22D,2.0,2.0833333333333326
2010,JP,T,T - IPC4+A01D,94.0,110.07681811652398
2010,JP,T,T - IPC4+A21C,51.0,54.61005114956727
2010,PK,T,T - IPC4+C10J,1.0,1.25
2010,PK,T,T - IPC4+E04B,1.0,1.5
2010,JP,T,T - IPC4+A43B,54.0,55.21706239597753
2010,JP,T,T - IPC4+A44B,171.0,172.61164864547212
2010,JP,T,T - IPC4+A47L,208.0,211.09062576312584
2010,PK,T,T - IPC4+F25C,2.0,3.0500000000000007
2010,JP,T,T - IPC4+A61F,1244.0,1310.9199553436117
2010,JP,T,T - IPC4+A63B,407.0,492.51928868241947
2010,JP,T,T - IPC4+A63F,835.0,1107.9336815010035
2010,PK,T,T - IPC4+H01Q,2.0,2.1428571428571432
2010,JP,T,T - IPC4+B25D,88.0,93.99546593757121
2010,JP,T,T - IPC4+B25C,92.0,116.24430846930848
2010,JP,T,T - IPC4+B26B,116.0,164.99247696747693
2010,JP,T,T - IPC4+B43K,92.0,115.09486821078895
2010,JP,T,T - IPC4+B60C,930.0,1050.0572805029763
2010,JP,T,T - IPC4+B61F,46.0,53.97226754726754
2010,JP,T,T - IPC4+B62B,62.0,66.68257575757576
2010,JP,T,T - IPC4+B63H,180.0,185.56939673237622
2010,JP,T,T - IPC4+B65H,1489.0,1536.1367695235274
2010,JP,T,T - IPC4+B66B,450.0,648.996449291449
2010,JP,T,T - IPC4+D04B,150.0,158.1333626194927
2010,JP,T,T - IPC4+D05B,135.0,248.20232545232545
2010,JP,T,T - IPC4+D06F,154.0,280.0062862733034
2010,JP,T,T - IPC4+D21F,78.0,88.5936111343451
2010,JP,T,T - IPC4+E01B,23.0,25.8517316017316
2010,JP,T,T - IPC4+E03D,65.0,70.33084415584415
2010,JP,T,T - IPC4+F03D,187.0,228.68585344196705
2010,JP,T,T - IPC4+F04C,405.0,438.0858855669614
2010,JP,T,T - IPC4+F16H,1746.0,1792.9792682959148
2010,JP,T,T - IPC4+F24F,777.0,777.6977771523782
2010,JP,T,T - IPC4+F25C,48.0,61.40521978021978
2010,JP,T,T - IPC4+G03G,3646.0,4814.78141331109
2010,JP,T,T - IPC4+G10D,39.0,49.503571428571426
2010,JP,T,T - IPC4+G11B,4411.0,4848.459529845792
2010,KZ,T,T - IPC4+G06K,1.0,2.0
2010,JP,T,T - IPC4+H01H,885.0,981.0991866923719
2010,JP,T,T - IPC4+H01M,4398.0,5206.128513736902
2010,KZ,T,T - IPC4+F03D,9.0,10.375
2010,JP,T,T - IPC4+H01Q,1004.0,1039.841239435957
2010,JP,T,T - IPC4+H01R,1652.0,1900.0263934619475
2010,JP,T,T - IPC4+H02K,1519.0,1806.676799729911
2010,KZ,T,T - IPC4+A23K,2.0,2.5
2010,TR,E,E - 35_11,1.0,2.0
2010,ID,T,T - IPC4+H02J,1.0,2.0
2010,ID,T,T - IPC4+B24B,4.0,5.229166666666666
2010,ID,T,T - IPC4+B22D,1.0,2.4999999999999996
2010,ID,T,T - IPC4+B02C,1.0,1.5
2010,ID,T,T - IPC4+A47J,3.0,3.3737373737373733
2010,ID,T,T - IPC4+A43B,2.0,2.2777777777777777
2010,AE,T,T - IPC4+H02P,2.0,2.8888888888888893
2010,AE,T,T - IPC4+H02K,1.0,7.5
2010,AE,T,T - IPC4+F41A,4.0,5.0
2010,AE,T,T - IPC4+F16N,1.0,1.3333333333333333
2010,AE,T,T - IPC4+E01B,1.0,2.0
2010,BD,E,E - 9_19,2.0,3.0
2010,KW,T,T - IPC4+G03F,1.0,1.1111111111111114
2010,KW,T,T - IPC4+C04B,2.0,2.4000000000000004
2010,AE,T,T - IPC4+B60J,4.0,5.0
2010,AE,T,T - IPC4+A61F,5.0,5.625
2010,CY,T,T - IPC4+B23D,1.0,1.5000000000000002
2010,AE,T,T - IPC4+A23F,4.0,8.255952380952372
2010,CY,T,T - IPC4+B42D,1.0,1.1666666666666665
2010,CY,T,T - IPC4+B65D,4.0,5.816666666666668
2010,CY,T,T - IPC4+C02F,4.0,4.999999999999999
2010,CY,T,T - IPC4+E05C,1.0,2.0
2010,CY,T,T - IPC4+F16H,2.0,3.0
2010,QA,T,T - IPC4+C08F,1.0,2.000000000000001
2010,TR,T,T - IPC4+A01K,5.0,5.441964285714286
2010,TR,T,T - IPC4+A23G,11.0,13.852935139573066
2010,TR,T,T - IPC4+A47C,4.0,5.75
2010,TR,T,T - IPC4+A47L,81.0,94.54567099567099
2010,TR,T,T - IPC4+A61C,5.0,5.238095238095238
2010,TR,T,T - IPC4+B21B,1.0,1.1111111111111092
2010,TR,T,T - IPC4+B31F,1.0,1.3333333333333333
2010,TR,T,T - IPC4+B60S,2.0,3.0
2010,TR,T,T - IPC4+B60T,4.0,4.4
2010,TR,T,T - IPC4+B62B,1.0,2.0
2010,TR,T,T - IPC4+B63B,3.0,3.5
2010,TR,T,T - IPC4+B64C,5.0,5.596825396825396
2010,TR,T,T - IPC4+B66F,2.0,2.3888888888888893
2010,TR,T,T - IPC4+D06F,113.0,147.90108225108224
2010,TR,T,T - IPC4+D21F,1.0,4.000000000000001
2010,TR,T,T - IPC4+E01C,2.0,3.6666666666666656
2010,TR,T,T - IPC4+E04D,2.0,3.333333333333333
2010,TR,T,T - IPC4+E05B,15.0,19.633333333333336
2010,TR,T,T - IPC4+F01C,2.0,2.011111111111111
2010,TR,T,T - IPC4+F03G,11.0,13.032407407407408
2010,TR,T,T - IPC4+F04B,16.0,22.92667055167055
2010,TR,T,T - IPC4+F16H,8.0,9.597138047138044
2010,TR,T,T - IPC4+F17C,3.0,4.333333333333333
2010,TR,T,T - IPC4+F23G,2.0,3.0714285714285716
2010,TR,T,T - IPC4+F25D,113.0,113.3390809011777
2010,TR,T,T - IPC4+G05G,2.0,2.5
2010,TR,T,T - IPC4+G07C,2.0,3.0
2010,TR,T,T - IPC4+H04S,3.0,3.1666666666666665
2010,KW,E,E - 44_15,2.0,3.0
2010,KW,E,E - 42_20,4.0,5.04
2010,KW,E,E - 42_12,3.0,5.0
2010,KW,E,E - 41_13,1.0,2.0
2010,KW,E,E - 37_4,3.0,4.055555555555555
2010,KW,E,E - 28_5,1.0,2.0
2010,KW,E,E - 25_13,7.0,8.5
2010,KW,E,E - 21_6,4.0,5.0
2010,KW,E,E - 12_3,4.0,4.04
2010,KR,T,T - IPC4+H04R,267.0,293.01266790298274
2010,KR,T,T - IPC4+H04N,2936.0,3230.93967889208
2010,KR,T,T - IPC4+H02K,276.0,338.0720664199459
2010,KR,T,T - IPC4+H01Q,281.0,344.6824301393051
2010,KR,T,T - IPC4+H01L,5711.0,6796.9113677413
2010,KR,T,T - IPC4+H01M,1048.0,1585.9305260575497
2010,KR,T,T - IPC4+H01H,243.0,278.2650984833009
2010,KR,T,T - IPC4+G21C,52.0,62.4094696969697
2010,KR,T,T - IPC4+G11C,1398.0,1809.6005495691488
2010,KR,T,T - IPC4+G10L,276.0,296.1893404325293
2010,KR,T,T - IPC4+G11B,758.0,770.8850937937226
2010,KR,T,T - IPC4+G10D,10.0,10.2
2010,KR,T,T - IPC4+G04B,8.0,8.127777777777776
2010,KR,T,T - IPC4+G03G,304.0,377.6223070745045
2010,KR,T,T - IPC4+F42B,12.0,17.21666666666667
2010,KR,T,T - IPC4+F25D,415.0,445.49149957942547
2010,KR,T,T - IPC4+F25C,123.0,127.33329959657358
2010,KR,T,T - IPC4+F24F,287.0,373.1630120696297
2010,KR,T,T - IPC4+F23R,4.0,4.551282051282055
2010,KR,T,T - IPC4+F23D,38.0,42.67713675213675
2010,KR,T,T - IPC4+F16D,71.0,79.39117826617824
2010,KR,T,T - IPC4+F04F,6.0,7.6563492063492085
2010,KR,T,T - IPC4+F04C,66.0,92.65566100566095
2010,KR,T,T - IPC4+F03D,91.0,103.34847883597882
2010,KR,T,T - IPC4+F03B,41.0,44.51944444444445
2010,KR,T,T - IPC4+F01N,86.0,93.84617396492396
2010,KR,T,T - IPC4+F01L,36.0,55.705844155844154
2010,IN,T,T - IPC4+A01D,3.0,3.9230769230769225
2010,KR,T,T - IPC4+E03D,49.0,57.07103174603174
2010,KR,T,T - IPC4+E01B,8.0,10.104545454545454
2010,KR,T,T - IPC4+D06F,609.0,917.9431286545133
2010,KR,T,T - IPC4+D05B,26.0,28.876785714285717
2010,IN,T,T - IPC4+A23F,26.0,26.349233058608053
2010,KR,T,T - IPC4+C25B,58.0,61.28419999046934
2010,IN,T,T - IPC4+A45C,4.0,6.7896825396825395
2010,KR,T,T - IPC4+C03B,63.0,63.93143939393941
2010,KR,T,T - IPC4+B66D,8.0,9.385714285714288
2010,KR,T,T - IPC4+B66B,38.0,42.80238095238095
2010,KR,T,T - IPC4+B61L,2.0,3.0
2010,KR,T,T - IPC4+B60T,44.0,50.02002858252858
2010,KR,T,T - IPC4+B60S,29.0,42.06322501028383
2010,KR,T,T - IPC4+B60R,254.0,263.64707099876534
2010,KR,T,T - IPC4+B60N,74.0,94.53134920634922
2010,KR,T,T - IPC4+B60G,46.0,54.960744810744806
2010,KR,T,T - IPC4+B43K,15.0,18.934848484848487
2010,KR,T,T - IPC4+B41J,247.0,257.13083201017986
2010,KR,T,T - IPC4+B26B,21.0,37.49285714285715
2010,KR,T,T - IPC4+A63H,35.0,51.13463203463204
2010,KR,T,T - IPC4+A63C,23.0,25.892640692640686
2010,KR,T,T - IPC4+A63F,98.0,101.27521114506409
2010,KR,T,T - IPC4+A63B,195.0,246.6312758760126
2010,KR,T,T - IPC4+A62B,34.0,35.50000000000001
2010,KR,T,T - IPC4+A61C,142.0,180.95886849865107
2010,KR,T,T - IPC4+A61B,607.0,660.6198178586205
2010,KR,T,T - IPC4+A47L,290.0,372.51590256149086
2010,KR,T,T - IPC4+A45D,140.0,155.99444444444444
2010,KR,T,T - IPC4+A44C,22.0,22.36904761904762
2010,KR,T,T - IPC4+A43B,99.0,113.669574507618
2010,IN,T,T - IPC4+B31B,4.0,4.501629072681706
2010,KR,T,T - IPC4+A24D,3.0,3.5999999999999996
2010,IN,T,T - IPC4+B43K,3.0,5.166666666666666
2010,IN,T,T - IPC4+B60P,2.0,2.1666666666666665
2010,MN,T,T - IPC4+C02F,1.0,2.0
2010,IN,T,T - IPC4+B65H,11.0,11.321861471861471
2010,QA,E,E - 9_2,2.0,3.0
2010,QA,E,E - 43_7,5.0,6.25
2010,QA,E,E - 43_3,1.0,2.0
2010,QA,E,E - 42_20,6.0,6.325
2010,QA,E,E - 42_16,1.0,2.0
2010,QA,E,E - 41_20,2.0,2.2
2010,QA,E,E - 38_17,4.0,6.5
2010,QA,E,E - 38_0,1.0,2.0
2010,QA,E,E - 38_11,1.0,2.0
2010,QA,E,E - 37_6,2.0,4.0
2010,IN,T,T - IPC4+F23R,22.0,23.969551157476857
2010,QA,E,E - 25_7,2.0,3.0
2010,IQ,E,E - 29_1,1.0,2.0
2010,IQ,E,E - 29_3,1.0,2.0
2010,IQ,E,E - 30_17,1.0,2.0
2010,AZ,T,T - IPC4+G06Q,1.0,4.0
2010,AZ,T,T - IPC4+B01D,1.0,2.0
2010,AE,E,E - 45_3,7.0,7.0062111801242235
2010,AE,E,E - 44_0,4.0,5.0
2010,ID,E,E - 25_13,4.0,5.0
2010,AE,E,E - 37_10,3.0,3.0384615384615383
2010,ID,E,E - 19_8,2.0,4.0
2010,AE,E,E - 32_11,2.0,2.3333333333333335
2010,AE,E,E - 28_5,6.0,6.518614020950846
2010,AE,E,E - 27_4,3.0,6.0
2010,AE,E,E - 26_8,1.0,2.0
2010,AE,E,E - 24_14,5.0,5.012873411454035
2010,AE,E,E - 23_2,1.0,2.0
2010,AE,E,E - 22_10,1.0,2.0
2010,KP,T,T - IPC4+G06Q,1.0,1.2
2010,KP,T,T - IPC4+F16H,4.0,4.657142857142859
2010,KP,T,T - IPC4+C08J,2.0,2.019047619047619
2010,KP,T,T - IPC4+B23B,1.0,1.666666666666666
2010,AE,E,E - 17_2,2.0,2.0526315789473686
2010,AE,E,E - 15_4,1.0,2.0
2010,IR,T,T - IPC4+H02J,2.0,2.0970377936670017
2010,IR,T,T - IPC4+F27B,2.0,2.355555555555556
2010,IR,T,T - IPC4+F02D,2.0,2.0293040293040248
2010,CN,T,T - IPC4+A01D,22.0,23.95952380952381
2010,KP,E,E - 9_6,4.0,7.0
2010,KP,E,E - 9_19,2.0,3.0
2010,KP,E,E - 7_1,1.0,2.0
2010,IR,T,T - IPC4+A63F,1.0,1.4545454545454555
2010,KP,E,E - 11_15,1.0,2.0
2010,KP,E,E - 11_10,2.0,4.0
2010,OM,E,E - 17_0,1.0,2.0
2010,OM,E,E - 30_3,6.0,12.0
2010,IQ,T,T - IPC4+A61M,1.0,1.5
2010,IQ,T,T - IPC4+B65G,2.0,5.000000000000001
2010,IQ,T,T - IPC4+H04N,3.0,3.133333333333331
2010,SG,T,T - IPC4+G04B,1.0,2.0
2010,SG,T,T - IPC4+G03G,6.0,7.369047619047617
2010,SG,T,T - IPC4+G01V,13.0,14.52258633441429
2010,SG,T,T - IPC4+F42B,3.0,3.142857142857143
2010,SG,T,T - IPC4+A42B,2.0,2.0555555555555554
2010,SG,T,T - IPC4+A45D,3.0,4.58333333333333
2010,SG,T,T - IPC4+A61C,3.0,3.75
2010,SG,T,T - IPC4+E06B,7.0,9.447619047619048
2010,SG,T,T - IPC4+E04H,10.0,12.773154623154623
2010,SG,T,T - IPC4+A63H,4.0,4.727272727272727
2011,CN,T,T - IPC4+F02K,9.0,9.786374544995235
2011,CN,T,T - IPC4+E21D,14.0,28.80873015873015
2011,CN,T,T - IPC4+B25D,54.0,59.51567052228818
2011,CN,T,T - IPC4+B25C,41.0,49.81408583246819
2011,KP,E,E - 9_9,3.0,4.083333333333334
2011,CN,T,T - IPC4+A01D,35.0,41.81764069264068
2011,KP,T,T - IPC4+F03D,3.0,5.5
2011,KP,T,T - IPC4+F16H,2.0,4.249999999999998
2011,KP,T,T - IPC4+H04R,1.0,1.2857142857142854
2011,ID,E,E - 12_6,2.0,2.2
2011,ID,E,E - 5_4,1.0,2.0
2011,QA,E,E - 25_13,18.0,25.028846153846153
2011,QA,E,E - 25_7,3.0,4.015151515151516
2011,QA,E,E - 28_5,1.0,2.0
2011,QA,E,E - 29_8,1.0,2.0
2011,QA,E,E - 32_1,1.0,2.0
2011,QA,E,E - 34_8,2.0,2.090909090909091
2011,QA,E,E - 35_4,1.0,2.0
2011,QA,E,E - 36_10,3.0,5.0
2011,QA,E,E - 36_12,14.0,16.166666666666664
2011,QA,E,E - 36_7,4.0,6.0
2011,QA,E,E - 38_0,8.0,16.0
2011,QA,E,E - 38_11,1.0,2.0
2011,QA,E,E - 38_17,5.0,8.25
2011,QA,E,E - 3_2,1.0,2.0
2011,QA,E,E - 3_3,1.0,2.0
2011,QA,E,E - 41_12,1.0,2.0
2011,QA,E,E - 42_10,1.0,2.0
2011,QA,E,E - 42_18,2.0,4.0
2011,QA,E,E - 43_2,4.0,8.0
2011,QA,E,E - 9_8,14.0,18.535664335664336
2011,KR,T,T - IPC4+A43B,101.0,114.91297237384192
2011,KR,T,T - IPC4+A42B,26.0,31.72640507640506
2011,KR,T,T - IPC4+A45D,158.0,178.3081957166911
2011,KR,T,T - IPC4+A47L,225.0,256.3740664564194
2011,KR,T,T - IPC4+A61B,672.0,691.218889456337
2011,KR,T,T - IPC4+A61C,154.0,187.32074405063534
2011,KR,T,T - IPC4+A63B,221.0,258.8082012335882
2011,KR,T,T - IPC4+B23C,46.0,48.40046342546343
2011,KR,T,T - IPC4+B26B,18.0,23.759523809523813
2011,KR,T,T - IPC4+B41J,176.0,192.95876305991538
2011,KR,T,T - IPC4+B43K,23.0,33.39743867243867
2011,KR,T,T - IPC4+B60H,74.0,82.19504523254523
2011,KR,T,T - IPC4+B60G,37.0,54.11334586466167
2011,KR,T,T - IPC4+B60N,78.0,87.6668331668332
2011,KR,T,T - IPC4+B60S,42.0,63.257753357753344
2011,KR,T,T - IPC4+B60T,71.0,94.03239399489401
2011,KR,T,T - IPC4+B61L,3.0,4.45
2011,KR,T,T - IPC4+B62D,188.0,188.44067346052637
2011,KR,T,T - IPC4+B64C,25.0,28.624816523345935
2011,KR,T,T - IPC4+B65C,5.0,5.336996336996336
2011,KR,T,T - IPC4+B66B,55.0,69.03888888888889
2011,KR,T,T - IPC4+C03B,73.0,77.49057961646197
2011,KR,T,T - IPC4+D06F,445.0,773.7217477872952
2011,KR,T,T - IPC4+E01B,7.0,8.848196248196246
2011,KR,T,T - IPC4+E05B,72.0,76.03587784764257
2011,KR,T,T - IPC4+F01L,27.0,51.26594304388422
2011,KR,T,T - IPC4+F01N,90.0,112.35282962651387
2011,KR,T,T - IPC4+F02M,108.0,120.28979060155531
2011,KR,T,T - IPC4+F03D,95.0,111.43279220779219
2011,KR,T,T - IPC4+F04C,73.0,102.23093752652572
2011,KR,T,T - IPC4+F16D,95.0,102.59992952953479
2011,KR,T,T - IPC4+F16H,177.0,203.38467986262103
2011,KR,T,T - IPC4+F24F,249.0,250.03749988573517
2011,KR,T,T - IPC4+F25D,376.0,403.1853584538956
2011,KR,T,T - IPC4+G03G,263.0,361.8853078569955
2011,KR,T,T - IPC4+G11C,1221.0,1399.5932004175047
2011,KR,T,T - IPC4+G21C,50.0,60.93587301587302
2011,KR,T,T - IPC4+H01G,257.0,269.12468740993546
2011,KR,T,T - IPC4+H01H,227.0,267.3281987219293
2011,KR,T,T - IPC4+H01L,6198.0,7384.153655434746
2011,KR,T,T - IPC4+H01M,1519.0,2571.944031619948
2011,KR,T,T - IPC4+H01Q,311.0,411.6045903707046
2011,KR,T,T - IPC4+H02K,357.0,474.44545285201815
2011,KR,T,T - IPC4+H04N,3145.0,3348.517498383682
2011,KR,T,T - IPC4+H04R,302.0,328.22514311948873
2011,KW,E,E - 11_13,1.0,2.0
2011,KW,E,E - 16_14,2.0,4.0
2011,KW,E,E - 16_16,2.0,2.111111111111111
2011,KW,E,E - 1_15,1.0,2.0
2011,KW,E,E - 29_2,2.0,2.0454545454545454
2011,KW,E,E - 32_4,1.0,2.0
2011,KW,E,E - 35_25,3.0,4.027777777777778
2011,KW,E,E - 36_8,3.0,3.5
2011,KW,E,E - 39_0,2.0,4.0
2011,KW,E,E - 3_2,2.0,3.0
2011,KW,E,E - 43_5,4.0,4.625
2011,KW,E,E - 43_7,3.0,3.125
2011,TR,T,T - IPC4+H03F,4.0,4.609523809523811
2011,TR,T,T - IPC4+H02H,7.0,7.154166666666667
2011,TR,T,T - IPC4+G21C,2.0,2.75
2011,TR,T,T - IPC4+F17C,3.0,3.933333333333333
2011,TR,T,T - IPC4+F16H,12.0,12.165986328486332
2011,TR,T,T - IPC4+F04B,20.0,21.04678742310321
2011,TR,T,T - IPC4+F03G,10.0,10.892592592592592
2011,TR,T,T - IPC4+F01B,2.0,2.8
2011,TR,T,T - IPC4+E05B,9.0,11.700000000000001
2011,TR,T,T - IPC4+E03D,1.0,1.3333333333333333
2011,TR,T,T - IPC4+D21F,2.0,2.8285714285714283
2011,TR,T,T - IPC4+D06F,157.0,167.57554112554112
2011,TR,T,T - IPC4+D05B,2.0,3.0
2011,TR,T,T - IPC4+C10J,1.0,1.5
2011,TR,T,T - IPC4+B66F,3.0,3.9166666666666674
2011,TR,T,T - IPC4+B62B,1.0,1.3333333333333333
2011,TR,T,T - IPC4+B60T,4.0,4.166666666666666
2011,TR,T,T - IPC4+B60S,6.0,7.666666666666666
2011,TR,T,T - IPC4+B25J,2.0,2.714285714285714
2011,TR,T,T - IPC4+B25B,3.0,3.1153846153846154
2011,TR,T,T - IPC4+B02C,4.0,4.8809523809523805
2011,TR,T,T - IPC4+A61K,226.0,251.10850182544817
2011,TR,T,T - IPC4+A61C,6.0,6.261904761904762
2011,TR,T,T - IPC4+A47J,35.0,37.01985744140918
2011,TR,T,T - IPC4+A24D,2.0,2.5555555555555554
2011,TR,T,T - IPC4+A23F,5.0,5.6698014629049105
2011,TR,T,T - IPC4+A01D,1.0,1.5
2011,TR,T,T - 1197027848,3.0,3.4523809523809526
2011,QA,T,T - IPC4+B01D,1.0,1.9999999999999998
2011,KW,T,T - IPC4+F03B,1.0,4.200000000000001
2011,ID,T,T - IPC4+A01K,2.0,2.25
2011,ID,T,T - IPC4+A24C,1.0,2.0
2011,ID,T,T - IPC4+A43B,2.0,4.1428571428571415
2011,ID,T,T - IPC4+A45D,1.0,1.3333333333333333
2011,ID,T,T - IPC4+A47C,2.0,3.999999999999999
2011,ID,T,T - IPC4+B66B,1.0,1.5
2011,ID,T,T - IPC4+E04H,1.0,1.0769230769230766
2011,ID,T,T - IPC4+F16L,1.0,2.499999999999999
2011,TR,E,E - 35_11,2.0,2.0277777777777777
2011,KZ,T,T - IPC4+B01D,1.0,1.5
2011,KZ,T,T - IPC4+B25B,1.0,2.6666666666666665
2011,JP,T,T - IPC4+H02K,1592.0,1936.3346113359787
2011,KZ,T,T - IPC4+C22C,1.0,3.4285714285714315
2011,KZ,T,T - IPC4+C21C,1.0,2.1428571428571423
2011,JP,T,T - IPC4+H01R,1892.0,2439.7783710103167
2011,JP,T,T - IPC4+H01Q,953.0,985.9791316611655
2011,KZ,T,T - IPC4+F16B,1.0,1.3333333333333333
2011,KZ,T,T - IPC4+F16J,1.0,1.3333333333333333
2011,JP,T,T - IPC4+H01M,4670.0,5604.769938082369
2011,JP,T,T - IPC4+H01H,880.0,1031.3646111971962
2011,JP,T,T - IPC4+G11B,3351.0,3536.8368940726755
2011,JP,T,T - IPC4+G10D,31.0,34.07261904761905
2011,JP,T,T - IPC4+G04B,108.0,115.91661497257473
2011,JP,T,T - IPC4+G03G,4071.0,5872.072047618781
2011,JP,T,T - IPC4+F16H,1672.0,1711.7993796949584
2011,JP,T,T - IPC4+F04C,386.0,392.90628196137186
2011,JP,T,T - IPC4+F03D,282.0,362.0322259283464
2011,JP,T,T - IPC4+F01L,347.0,356.1559325633832
2011,JP,T,T - IPC4+E03D,53.0,61.77261904761906
2011,JP,T,T - IPC4+D06F,154.0,278.1106476124732
2011,JP,T,T - IPC4+D05B,92.0,156.57389554889556
2011,JP,T,T - IPC4+D04B,142.0,171.35964212841046
2011,JP,T,T - IPC4+D01H,42.0,62.199603174603176
2011,JP,T,T - IPC4+B66B,399.0,554.8882780182779
2011,JP,T,T - IPC4+B65H,1637.0,1775.4373451808588
2011,JP,T,T - IPC4+B65F,21.0,34.75010822510823
2011,JP,T,T - IPC4+B63H,131.0,137.93872316468224
2011,JP,T,T - IPC4+B60N,479.0,511.66112061284645
2011,JP,T,T - IPC4+B60C,749.0,828.7544827283758
2011,JP,T,T - IPC4+B43K,82.0,96.85213903743315
2011,JP,T,T - IPC4+B41J,4699.0,4918.070268412311
2011,JP,T,T - IPC4+B26B,106.0,134.1284667087299
2011,JP,T,T - IPC4+B25C,62.0,83.94194139194141
2011,JP,T,T - IPC4+B23H,90.0,109.89029981456454
2011,JP,T,T - IPC4+A63H,132.0,147.08265801196865
2011,JP,T,T - IPC4+A63F,665.0,775.8556629599059
2011,JP,T,T - IPC4+A63B,397.0,486.3008542712256
2011,JP,T,T - IPC4+A61F,1278.0,1411.8331678316645
2011,JP,T,T - IPC4+A47L,216.0,262.6538585483855
2011,JP,T,T - IPC4+A47D,12.0,13.59891774891775
2011,PK,T,T - IPC4+F03B,1.0,2.0
2011,PK,T,T - IPC4+F03D,3.0,3.6931818181818183
2011,JP,T,T - IPC4+A43B,57.0,58.92215105270831
2011,JP,T,T - IPC4+A44B,231.0,265.9513746438747
2011,JP,T,T - IPC4+A42B,25.0,30.33510822510822
2011,JP,T,T - IPC4+A01F,26.0,35.41558441558442
2011,JP,T,T - IPC4+A01D,102.0,151.85999589655188
2011,LB,E,E - 11_11,2.0,3.0
2011,LB,E,E - 16_14,3.0,6.0
2011,LB,E,E - 16_20,3.0,6.0
2011,LB,E,E - 16_21,3.0,3.076923076923077
2011,MY,T,T - IPC4+H03D,1.0,1.3333333333333333
2011,LB,E,E - 21_6,1.0,2.0
2011,MY,T,T - IPC4+H02H,9.0,10.313320013320014
2011,LB,E,E - 30_3,10.0,15.05718954248366
2011,LB,E,E - 33_13,1.0,2.0
2011,LB,E,E - 35_13,7.0,8.0
2011,LB,E,E - 36_3,15.0,19.41025641025641
2011,LB,E,E - 36_8,10.0,12.676406926406928
2011,LB,E,E - 3_17,1.0,2.0
2011,LB,E,E - 3_2,9.0,10.4
2011,MY,T,T - IPC4+G01G,1.0,1.1428571428571426
2011,LB,E,E - 41_18,3.0,6.0
2011,LB,E,E - 42_0,7.0,9.0
2011,LB,E,E - 42_20,1.0,2.0
2011,LB,E,E - 43_7,3.0,4.25
2011,LB,E,E - 44_14,1.0,2.0
2011,LB,E,E - 44_2,1.0,2.0
2011,LB,E,E - 4_7,1.0,2.0
2011,MY,T,T - IPC4+F16J,2.0,4.03125
2011,LB,E,E - 9_21,1.0,2.0
2011,MY,T,T - IPC4+F03B,4.0,8.953846153846161
2011,MY,T,T - IPC4+E02B,2.0,2.694444444444445
2011,MY,T,T - IPC4+B25B,11.0,12.2
2011,MY,T,T - IPC4+A47B,6.0,12.285714285714285
2011,MY,T,T - IPC4+A46B,1.0,2.4
2011,MY,T,T - IPC4+A24D,1.0,3.0555555555555522
2011,MY,T,T - IPC4+A01K,11.0,16.028322440087145
2011,LB,T,T - IPC4+A47J,1.0,1.9999999999999998
2011,LB,T,T - IPC4+A61J,1.0,1.2727272727272718
2011,LK,E,E - 12_2,2.0,4.0
2011,LK,E,E - 30_18,26.0,28.5
2011,LK,E,E - 32_4,2.0,2.3333333333333335
2011,AM,T,T - IPC4+H04N,1.0,1.1538461538461537
2011,AM,T,T - IPC4+G06Q,1.0,1.3333333333333337
2011,TH,T,T - IPC4+G03B,5.0,5.77826420890937
2011,TH,T,T - IPC4+F28F,2.0,2.1190476190476186
2011,TH,T,T - IPC4+F28D,3.0,3.333333333333335
2011,TH,T,T - IPC4+F16D,1.0,2.5
2011,TH,T,T - IPC4+F04F,2.0,4.179487179487174
2011,TH,T,T - IPC4+F04B,1.0,1.5384615384615392
2011,TH,T,T - IPC4+F03B,3.0,4.307692307692308
2011,AM,T,T - IPC4+B26B,1.0,2.0
2011,TH,T,T - IPC4+B60C,7.0,12.261238761238761
2011,TH,T,T - IPC4+B26D,3.0,3.2769230769230786
2011,TH,T,T - IPC4+B23D,1.0,2.4615384615384617
2011,TH,T,T - IPC4+A45C,2.0,2.966666666666667
2011,TH,T,T - IPC4+A23G,4.0,5.543333333333327
2011,TH,T,T - IPC4+A01M,1.0,2.0
2011,TH,T,T - 1197027848,2.0,2.999999999999999
2011,PK,E,E - 9_8,1.0,2.0
2011,PK,E,E - 5_5,15.0,15.677339901477833
2011,PH,T,T - IPC4+H02K,2.0,2.3636363636363638
2011,PH,T,T - IPC4+H01H,3.0,5.033333333333331
2011,PH,T,T - IPC4+F03B,2.0,3.0454545454545445
2011,PH,T,T - IPC4+F02M,1.0,1.7999999999999998
2011,PH,T,T - IPC4+E05B,4.0,5.76666666666666
2011,PH,T,T - IPC4+C11D,3.0,6.2857142857142865
2011,JO,T,T - IPC4+F25B,1.0,1.7142857142857137
2011,JO,T,T - IPC4+E01F,1.0,3.0000000000000013
2011,LK,T,T - IPC4+B60C,2.0,3.400000000000001
2011,LK,T,T - IPC4+B60B,1.0,1.6000000000000003
2011,LK,T,T - IPC4+B62D,1.0,3.2000000000000006
2011,LK,T,T - IPC4+G02B,3.0,4.228571428571424
2011,LK,T,T - IPC4+H04W,15.0,18.577124070198494
2011,IL,E,E - 40_16,1.0,2.0
2011,TH,E,E - 12_7,7.0,7.392857142857142
2011,TH,E,E - 11_12,4.0,5.0
2011,AM,E,E - 34_0,6.0,8.34090909090909
2011,SA,E,E - 10_4,5.0,7.022222222222222
2011,SA,E,E - 19_0,2.0,4.0
2011,SA,E,E - 1_1,8.0,8.166666666666668
2011,SA,E,E - 1_20,8.0,8.166666666666668
2011,SA,E,E - 1_5,1.0,2.0
2011,SA,E,E - 21_11,3.0,4.022222222222222
2011,SA,E,E - 24_14,2.0,3.0
2011,SA,E,E - 28_1,1.0,2.0
2011,SA,E,E - 28_5,3.0,4.0
2011,SA,E,E - 35_12,3.0,4.0
2011,SA,E,E - 35_11,2.0,4.0
2011,SA,E,E - 35_25,5.0,5.138461538461538
2011,SA,E,E - 37_10,1.0,2.0
2011,SA,E,E - 37_21,6.0,6.5
2011,SA,E,E - 37_7,1.0,2.0
2011,SA,E,E - 38_0,2.0,2.25
2011,SA,E,E - 38_11,8.0,13.0
2011,SA,E,E - 38_17,3.0,4.0
2011,JO,E,E - 9_8,1.0,2.0
2011,SA,E,E - 3_7,5.0,5.266666666666667
2011,SA,E,E - 3_9,4.0,5.0
2011,JO,E,E - 5_20,10.0,16.333333333333332
2011,BH,T,T - IPC4+A61M,1.0,1.5000000000000013
2011,JO,E,E - 45_1,1.0,2.0
2011,JO,E,E - 5_0,13.0,14.537301587301586
2011,SA,E,E - 42_12,8.0,9.0
2011,JO,E,E - 43_7,2.0,3.0
2011,JO,E,E - 44_2,1.0,2.0
2011,JO,E,E - 43_0,1.0,2.0
2011,JO,E,E - 42_7,1.0,2.0
2011,JO,E,E - 42_0,2.0,2.3333333333333335
2011,SA,E,E - 43_0,2.0,3.0
2011,SA,E,E - 43_2,2.0,4.0
2011,JO,E,E - 41_13,2.0,2.25
2011,JO,E,E - 38_19,1.0,2.0
2011,JO,E,E - 37_8,1.0,2.0
2011,JO,E,E - 37_12,1.0,2.0
2011,JO,E,E - 36_7,2.0,3.0
2011,JO,E,E - 35_26,1.0,2.0
2011,SA,E,E - 7_1,2.0,3.0
2011,JO,E,E - 32_4,4.0,8.0
2011,SA,E,E - 9_15,5.0,6.125
2011,JO,E,E - 30_10,1.0,2.0
2011,JO,E,E - 16_20,19.0,26.75
2011,JO,E,E - 16_21,17.0,23.0625
2011,PH,E,E - 9_19,3.0,6.0
2011,PH,E,E - 43_2,2.0,2.5
2011,PH,E,E - 3_8,10.0,14.0
2011,SY,T,T - IPC4+E04B,1.0,1.4000000000000006
2011,PH,E,E - 35_24,3.0,3.05
2011,NP,T,T - IPC4+H04N,1.0,1.0714285714285712
2011,CY,E,E - 35_20,2.0,2.090909090909091
2011,GE,T,T - IPC4+H03M,1.0,1.9999999999999998
2011,GE,T,T - IPC4+B26B,1.0,1.5000000000000002
2011,GE,T,T - IPC4+A61G,1.0,2.0
2011,SY,E,E - 43_6,2.0,2.3333333333333335
2011,SY,E,E - 43_7,1.0,2.0
2011,SY,E,E - 43_3,4.0,4.333333333333334
2011,SY,E,E - 43_2,8.0,12.0
2011,SY,E,E - 42_20,1.0,2.0
2011,SY,E,E - 3_2,3.0,4.066666666666666
2011,SY,E,E - 38_0,1.0,2.0
2011,SY,E,E - 30_3,25.0,36.09285714285715
2011,SY,E,E - 30_16,2.0,2.1333333333333333
2011,SY,E,E - 29_18,4.0,5.0
2011,SY,E,E - 27_4,1.0,2.0
2011,SY,E,E - 25_7,1.0,2.0
2011,SY,E,E - 25_13,7.0,8.5
2011,SY,E,E - 16_20,4.0,8.0
2011,SA,T,T - IPC4+A63F,1.0,1.3333333333333333
2011,SA,T,T - IPC4+B41J,1.0,1.9999999999999998
2011,SA,T,T - IPC4+C10L,2.0,3.0384615384615388
2011,SA,T,T - IPC4+C40B,1.0,1.2307692307692304
2011,SA,T,T - IPC4+F04B,1.0,1.3333333333333333
2011,SA,T,T - IPC4+G01C,1.0,2.727272727272726
2011,IL,T,T - IPC4+A23B,9.0,10.099586100747093
2011,SA,T,T - IPC4+G06K,4.0,4.886363636363634
2011,SA,T,T - IPC4+H03M,1.0,1.166666666666667
2011,IL,T,T - IPC4+A61C,78.0,88.07635912161457
2011,IL,T,T - IPC4+B03B,1.0,1.25
2011,IL,T,T - IPC4+B23B,95.0,107.58587457131463
2011,IL,T,T - IPC4+B23C,70.0,82.56391338130469
2011,IL,T,T - IPC4+B26B,13.0,15.604700854700855
2011,IL,T,T - IPC4+B61B,4.0,4.5230880230880235
2011,IL,T,T - IPC4+B61L,2.0,2.2
2011,IL,T,T - IPC4+B66B,5.0,6.333333333333333
2011,IL,T,T - IPC4+D01H,1.0,1.4000000000000006
2011,IL,T,T - IPC4+E01B,2.0,2.1
2011,IL,T,T - IPC4+E03D,5.0,8.0
2011,IL,T,T - IPC4+E04D,4.0,4.200000000000002
2011,IL,T,T - IPC4+E05B,45.0,60.932517400899755
2011,IL,T,T - IPC4+F01K,21.0,22.603113553113555
2011,IL,T,T - IPC4+F01L,3.0,3.452380952380952
2011,IL,T,T - IPC4+H01C,3.0,3.7222222222222223
2011,IN,E,E - 1_11,2.0,4.0
2011,IN,E,E - 35_9,1.0,2.0
2011,IN,E,E - 3_4,15.0,15.799188199188198
2011,AE,T,T - IPC4+H02K,7.0,9.348397435897436
2011,AE,T,T - IPC4+F41A,1.0,1.3333333333333337
2011,AE,T,T - IPC4+E06B,2.0,6.722222222222215
2011,AE,T,T - IPC4+E04B,1.0,1.4000000000000006
2011,AE,T,T - IPC4+C04B,3.0,5.46766917293233
2011,AE,T,T - IPC4+B04B,2.0,2.8095238095238106
2011,AE,T,T - IPC4+A61C,2.0,2.6666666666666665
2011,CY,T,T - IPC4+B23D,1.0,1.2
2011,AE,T,T - IPC4+A23F,4.0,8.696428571428568
2011,CY,T,T - IPC4+B29C,3.0,3.510101010101009
2011,CY,T,T - IPC4+B42D,3.0,3.2291666666666665
2011,CY,T,T - IPC4+B65D,5.0,9.916666666666654
2011,IN,T,T - IPC4+A23F,25.0,29.121676587301586
2011,IN,T,T - IPC4+A43B,2.0,2.1249999999999996
2011,IN,T,T - IPC4+A44C,3.0,5.733333333333333
2011,IN,T,T - IPC4+A47J,12.0,15.847691197691194
2011,IN,T,T - IPC4+B07B,5.0,5.922222222222222
2011,IN,T,T - IPC4+B61B,2.0,3.0
2011,IN,T,T - IPC4+E03D,2.0,2.5
2011,IN,T,T - IPC4+F41A,1.0,1.2
2011,IN,T,T - IPC4+G01G,2.0,2.124999999999999
2011,IQ,E,E - 34_8,3.0,4.333333333333334
2011,AE,E,E - 42_6,1.0,2.0
2011,AE,E,E - 42_13,5.0,7.041666666666666
2011,AE,E,E - 42_12,16.0,17.0
2011,AE,E,E - 41_5,29.0,39.32271795411395
2011,AE,E,E - 40_12,8.0,8.500000000000002
2011,AE,E,E - 37_10,5.0,6.0
2011,MM,T,T - IPC4+H02K,1.0,1.6666666666666672
2011,AE,E,E - 17_0,2.0,4.0
2011,AE,E,E - 11_12,4.0,4.1380952380952385
2011,SG,E,E - 42_12,19.0,20.035714285714285
2011,IR,T,T - IPC4+D01D,1.0,2.0
2011,IR,T,T - IPC4+A63F,2.0,2.2828282828282807
2011,OM,T,T - IPC4+C09K,1.0,1.125
2011,OM,T,T - IPC4+C07D,1.0,2.9310344827586046
2011,OM,T,T - IPC4+A01K,1.0,2.0000000000000004
2011,OM,T,T - IPC4+A61K,1.0,1.7586206896551824
2011,OM,E,E - 11_18,2.0,3.0
2011,OM,E,E - 18_0,1.0,2.0
2011,OM,E,E - 20_5,1.0,2.0
2011,OM,E,E - 29_8,1.0,2.0
2011,OM,E,E - 30_15,1.0,2.0
2011,OM,E,E - 30_3,5.0,6.0
2011,OM,E,E - 43_5,1.0,2.0
2011,OM,E,E - 4_3,3.0,3.052631578947368
2011,IQ,T,T - IPC4+A61M,1.0,2.625
2011,IQ,T,T - IPC4+B65G,1.0,2.5000000000000004
2011,IQ,T,T - IPC4+F16D,1.0,2.0
2011,SG,T,T - IPC4+H01R,74.0,86.90891007141008
2011,SG,T,T - 1197027848,4.0,6.916666666666666
2011,SG,T,T - IPC4+A01M,2.0,2.0238095238095237
2011,SG,T,T - IPC4+F16C,1.0,1.285714285714286
2011,SG,T,T - IPC4+A45D,6.0,6.166666666666667
2011,SG,T,T - IPC4+A47L,4.0,4.766233766233782
2011,SG,T,T - IPC4+E06B,6.0,6.580952380952382
2011,SG,T,T - IPC4+A61G,9.0,11.419047619047618
2011,SG,T,T - IPC4+E03D,3.0,3.833333333333333
2011,SG,T,T - IPC4+B66D,2.0,2.178571428571428
2011,SG,T,T - IPC4+B30B,1.0,1.5
2011,SG,T,T - IPC4+B64G,2.0,2.3000000000000007
2011,SG,T,T - IPC4+B63C,2.0,2.2857142857142856
2012,CN,T,T - 1197027848,78.0,88.8915834165834
2012,CN,T,T - IPC4+C06B,5.0,5.742424242424241
2012,CN,T,T - IPC4+E21D,24.0,24.76984126984127
2012,QA,E,E - 25_4,2.0,2.0166666666666666
2012,QA,E,E - 3_3,2.0,2.090909090909091
2012,QA,E,E - 41_11,1.0,2.0
2012,QA,E,E - 42_20,6.0,12.0
2012,QA,E,E - 43_0,1.0,2.0
2012,QA,E,E - 43_7,2.0,3.0
2012,QA,E,E - 45_2,1.0,2.0
2012,QA,E,E - 5_20,1.0,2.0
2012,QA,E,E - 5_10,2.0,3.0
2012,IQ,T,T - IPC4+F16F,1.0,1.2
2012,IQ,T,T - IPC4+F02B,2.0,2.5
2012,PK,T,T - IPC4+C10M,1.0,1.3000000000000007
2012,PK,T,T - IPC4+C02F,1.0,1.1111111111111114
2012,PH,T,T - IPC4+H05B,4.0,5.416666666666666
2012,PH,T,T - IPC4+H02M,11.0,11.3671679197995
2012,PH,T,T - IPC4+A63F,2.0,2.7142857142857144
2012,IR,T,T - IPC4+A63F,3.0,4.070707070707072
2012,IR,T,T - IPC4+A63B,2.0,3.0
2012,IR,T,T - IPC4+B22C,1.0,1.9444444444444413
2012,IR,T,T - IPC4+B60T,1.0,1.5
2012,IR,T,T - IPC4+D06M,1.0,1.944444444444445
2012,IR,T,T - IPC4+F27B,2.0,2.2888888888888896
2012,IR,T,T - IPC4+G06V,1.0,2.7777777777777843
2012,CY,T,T - IPC4+A61F,2.0,4.0
2012,CY,T,T - IPC4+B27N,1.0,1.2500000000000004
2012,CY,T,T - IPC4+B29C,1.0,1.9999999999999998
2012,CY,T,T - IPC4+B65D,3.0,5.333333333333334
2012,CY,T,T - IPC4+E21B,9.0,9.225925925925926
2012,OM,T,T - IPC4+C07D,1.0,1.5517241379310427
2012,OM,T,T - IPC4+A01K,1.0,2.500000000000001
2012,SA,E,E - 10_4,1.0,2.0
2012,SA,E,E - 12_10,1.0,2.0
2012,SA,E,E - 1_15,6.0,6.5
2012,SA,E,E - 20_5,2.0,2.2
2012,SA,E,E - 25_16,7.0,10.090909090909092
2012,SA,E,E - 25_7,2.0,2.090909090909091
2012,SA,E,E - 29_18,1.0,2.0
2012,SA,E,E - 2_7,2.0,2.2
2012,SA,E,E - 32_4,12.0,13.783333333333333
2012,SA,E,E - 35_17,2.0,3.0
2012,SA,E,E - 37_7,2.0,4.0
2012,SA,E,E - 38_11,6.0,6.067873303167421
2012,SA,E,E - 39_2,1.0,2.0
2012,SA,E,E - 43_2,7.0,8.708333333333332
2012,SA,E,E - 5_16,1.0,2.0
2012,SA,E,E - 5_13,4.0,6.0
2012,SA,E,E - 5_2,2.0,3.0
2012,SA,E,E - 7_1,1.0,2.0
2012,SA,E,E - 6_4,2.0,2.142857142857143
2012,AE,E,E - 24_14,2.0,2.0833333333333335
2012,OM,E,E - 9_4,2.0,2.111111111111111
2012,OM,E,E - 4_3,3.0,3.111111111111111
2012,OM,E,E - 5_20,1.0,2.0
2012,OM,E,E - 36_10,1.0,2.0
2012,OM,E,E - 18_12,3.0,3.111111111111111
2012,OM,E,E - 19_0,1.0,2.0
2012,OM,E,E - 17_0,2.0,2.25
2012,AE,E,E - 35_11,3.0,3.1
2012,IQ,E,E - 30_15,1.0,2.0
2012,SA,T,T - IPC4+A01K,6.0,7.166666666666666
2012,SA,T,T - IPC4+A61B,11.0,12.128785699062565
2012,SA,T,T - IPC4+A61F,4.0,4.477941176470587
2012,SA,T,T - IPC4+A62D,2.0,2.2
2012,SA,T,T - IPC4+B60B,2.0,2.25
2012,SA,T,T - IPC4+C23F,1.0,1.2307692307692304
2012,SA,T,T - IPC4+E01F,2.0,5.0
2012,SA,T,T - IPC4+F04B,4.0,6.816666666666666
2012,SA,T,T - IPC4+F16H,1.0,2.0
2012,SA,T,T - IPC4+F24F,1.0,1.2
2012,SA,T,T - IPC4+G09F,1.0,2.0
2012,IN,T,T - IPC4+F41A,1.0,2.0000000000000004
2012,IN,T,T - IPC4+F23R,48.0,49.21664862914862
2012,IN,T,T - IPC4+E21D,2.0,3.363636363636363
2012,NP,T,T - IPC4+B29C,1.0,1.25
2012,IN,T,T - IPC4+B61B,2.0,3.0
2012,IN,T,T - IPC4+B25H,1.0,2.0
2012,IN,T,T - IPC4+B07B,10.0,25.92323232323232
2012,IN,T,T - IPC4+A01B,5.0,6.907419871794872
2012,SG,T,T - IPC4+A21C,1.0,1.666666666666666
2012,SG,T,T - IPC4+A61C,7.0,9.73333333333333
2012,SG,T,T - IPC4+A61G,7.0,8.835714285714285
2012,SG,T,T - IPC4+B02C,1.0,2.3999999999999995
2012,SG,T,T - IPC4+B04B,1.0,1.3500000000000005
2012,SG,T,T - IPC4+B22D,1.0,1.125
2012,SG,T,T - IPC4+B66D,1.0,2.0
2012,SG,T,T - IPC4+E01D,3.0,3.3525641025641026
2012,SG,T,T - IPC4+E02D,8.0,8.079761904761904
2012,SG,T,T - IPC4+E05F,4.0,5.791666666666667
2012,SG,T,T - IPC4+E05B,3.0,3.7999999999999994
2012,SG,T,T - IPC4+E21C,1.0,1.2307692307692308
2012,SG,T,T - IPC4+F42B,3.0,3.407692307692307
2012,SG,T,T - IPC4+H01R,66.0,71.61663961038961
2012,MY,T,T - IPC4+H01Q,21.0,25.187037037037037
2012,MY,T,T - IPC4+G03G,1.0,2.1428571428571423
2012,MY,T,T - IPC4+G01G,1.0,2.285714285714285
2012,MY,T,T - IPC4+F02N,1.0,1.6000000000000003
2012,MY,T,T - IPC4+F01P,1.0,1.3333333333333333
2012,MY,T,T - IPC4+E04G,1.0,1.875
2012,MY,T,T - IPC4+E02D,4.0,4.006451612903225
2012,MY,T,T - IPC4+E03C,2.0,2.261904761904762
2012,MY,T,T - IPC4+E01F,5.0,6.866666666666665
2012,MY,T,T - IPC4+C21B,1.0,1.5
2012,MY,T,T - IPC4+B66F,1.0,1.7142857142857137
2012,MY,T,T - IPC4+B60N,1.0,2.0
2012,MY,T,T - IPC4+B60B,14.0,17.115151515151513
2012,MY,T,T - IPC4+A63B,3.0,3.4358974358974357
2012,MY,T,T - IPC4+A63H,2.0,2.333333333333333
2012,MY,T,T - IPC4+A61H,2.0,3.1666666666666665
2012,MY,T,T - IPC4+A47G,2.0,2.2
2012,MY,T,T - IPC4+A01G,10.0,10.283333333333333
2012,AE,T,T - IPC4+A01N,1.0,1.025641025641026
2012,AE,T,T - IPC4+A23F,4.0,4.178571428571429
2012,BT,T,T - IPC4+A61P,1.0,1.5882352941176432
2012,AE,T,T - IPC4+B60J,3.0,4.1
2012,AE,T,T - IPC4+B63H,2.0,2.4
2012,AE,T,T - IPC4+B65D,2.0,2.333333333333333
2012,AE,T,T - IPC4+C08B,1.0,1.1538461538461537
2012,AE,T,T - IPC4+F41A,1.0,1.3333333333333337
2012,AE,T,T - IPC4+G08G,1.0,1.2
2012,AE,T,T - IPC4+H02K,2.0,3.3509615384615383
2012,IN,E,E - 28_1,3.0,3.0833333333333335
2012,IN,E,E - 14_12,5.0,8.066666666666666
2012,IN,E,E - 12_7,210.0,213.94444444444443
2012,IL,T,T - IPC4+G01Q,2.0,2.4526315789473694
2012,IL,T,T - IPC4+F25B,18.0,19.08009259259259
2012,IL,T,T - IPC4+E05B,42.0,52.638492063492066
2012,IL,T,T - IPC4+D05B,1.0,1.3333333333333337
2012,IL,T,T - IPC4+B63C,6.0,7.884615384615384
2012,IL,T,T - IPC4+B62K,9.0,10.2
2012,IL,T,T - IPC4+B62B,19.0,22.70775335775336
2012,IL,T,T - IPC4+B26B,15.0,23.682663432663436
2012,IL,T,T - IPC4+B23C,60.0,66.09388623072834
2012,IL,T,T - IPC4+B23B,84.0,123.38462859532464
2012,IL,T,T - IPC4+A61C,72.0,80.59964821727978
2012,BN,T,T - IPC4+G02B,1.0,1.9999999999999998
2012,MN,T,T - IPC4+G11B,1.0,1.4999999999999996
2012,MN,T,T - IPC4+B29C,1.0,1.875
2012,SY,E,E - 25_13,3.0,4.0
2012,SY,E,E - 25_7,3.0,4.0
2012,SY,E,E - 30_3,2.0,2.090909090909091
2012,SY,E,E - 35_12,2.0,2.0714285714285716
2012,SY,E,E - 43_2,3.0,3.5
2012,SY,E,E - 42_26,1.0,2.0
2012,SY,E,E - 5_10,4.0,4.4
2012,SY,E,E - 6_4,2.0,2.0714285714285716
2012,SY,T,T - IPC4+E04B,2.0,2.3499999999999996
2012,SY,T,T - IPC4+G01S,1.0,1.4285714285714282
2012,SY,T,T - IPC4+H04N,1.0,2.2727272727272716
2012,JO,E,E - 16_20,8.0,8.333333333333332
2012,JO,E,E - 16_21,7.0,11.071428571428571
2012,JO,E,E - 16_9,2.0,3.0
2012,JO,E,E - 29_5,1.0,2.0
2012,JO,E,E - 32_1,2.0,2.0625
2012,JO,E,E - 32_4,2.0,2.25
2012,JO,E,E - 35_23,1.0,2.0
2012,JO,E,E - 42_0,9.0,13.0
2012,JO,E,E - 42_17,6.0,12.0
2012,JO,E,E - 42_20,1.0,2.0
2012,YE,E,E - 3_2,2.0,3.0
2012,YE,E,E - 35_25,1.0,2.0
2012,JO,E,E - 43_5,4.0,4.083333333333334
2012,YE,E,E - 30_14,5.0,8.0
2012,BH,T,T - IPC4+E21B,4.0,4.583333333333334
2012,BH,E,E - 38_11,1.0,2.0
2012,TH,T,T - 1197027848,1.0,3.9999999999999987
2012,TH,T,T - IPC4+B60G,1.0,1.9999999999999993
2012,TH,T,T - IPC4+B60C,5.0,7.969780219780223
2012,TH,T,T - IPC4+C23C,1.0,2.0
2012,TH,T,T - IPC4+D04B,1.0,1.4999999999999996
2012,TH,T,T - IPC4+E04D,1.0,1.5
2012,TH,T,T - IPC4+F03D,1.0,3.0000000000000004
2012,TH,T,T - IPC4+F03B,3.0,4.076923076923078
2012,TH,T,T - IPC4+F04F,1.0,3.461538461538458
2012,TH,T,T - IPC4+F16F,2.0,4.999999999999998
2012,TH,T,T - IPC4+F16L,1.0,2.4999999999999996
2012,TH,T,T - IPC4+F24H,1.0,1.3333333333333333
2012,TH,T,T - IPC4+F24F,3.0,3.1607142857142856
2012,TH,T,T - IPC4+G01F,2.0,2.0303030303030303
2012,JO,T,T - IPC4+B60B,1.0,2.0
2012,JO,T,T - IPC4+F16D,1.0,1.5
2012,BD,T,T - IPC4+A23L,2.0,2.5538461538461537
2012,BD,E,E - 9_8,2.0,4.0
2012,TR,T,T - IPC4+A01B,1.0,1.9999999999999998
2012,TR,T,T - IPC4+A23G,7.0,7.866666666666666
2012,TR,T,T - IPC4+A44C,2.0,2.2666666666666666
2012,TR,T,T - IPC4+A47J,37.0,37.585585901027066
2012,TR,T,T - IPC4+A61G,2.0,3.5142857142857142
2012,TR,T,T - IPC4+A61C,6.0,7.071428571428571
2012,TR,T,T - IPC4+A61K,252.0,271.9274279992818
2012,TR,T,T - IPC4+A63B,2.0,2.249999999999999
2012,TR,T,T - IPC4+B44C,4.0,6.655128205128204
2012,TR,T,T - IPC4+B60S,3.0,3.333333333333333
2012,TR,T,T - IPC4+B62B,2.0,2.5
2012,TR,T,T - IPC4+C10L,1.0,1.9999999999999998
2012,TR,T,T - IPC4+D01H,7.0,10.776190476190475
2012,TR,T,T - IPC4+D06F,130.0,136.08690476190475
2012,TR,T,T - IPC4+E03B,1.0,1.25
2012,TR,T,T - IPC4+E03D,5.0,7.333333333333333
2012,TR,T,T - IPC4+E04G,4.0,5.275
2012,TR,T,T - IPC4+F01C,1.0,1.3333333333333337
2012,TR,T,T - IPC4+F04B,16.0,18.276515151515152
2012,TR,T,T - IPC4+F23R,1.0,1.1538461538461535
2012,TR,T,T - IPC4+F25D,111.0,114.54974747474746
2012,TR,T,T - IPC4+F41A,6.0,7.833333333333333
2012,TR,T,T - IPC4+F41G,1.0,1.5
2012,TR,T,T - IPC4+G01S,9.0,9.342765567765566
2012,TR,T,T - IPC4+H01P,4.0,4.2125
2012,TR,T,T - IPC4+H01M,14.0,18.144165616991703
2012,TR,T,T - IPC4+H02G,8.0,8.566666666666666
2012,VN,T,T - IPC4+H01B,1.0,1.3333333333333341
2012,VN,T,T - IPC4+A61H,1.0,1.2
2012,VN,T,T - IPC4+A47G,1.0,1.2
2012,AZ,T,T - IPC4+H01L,2.0,2.0357142857142874
2012,AZ,T,T - IPC4+F03B,1.0,1.2
2012,AZ,T,T - IPC4+A61Q,1.0,1.3333333333333333
2012,LB,T,T - IPC4+F28F,1.0,1.2
2012,LB,T,T - IPC4+F27B,1.0,1.3124999999999996
2012,LB,T,T - IPC4+F28D,1.0,1.2
2012,LB,T,T - IPC4+F02G,1.0,1.2
2012,LB,T,T - IPC4+F16H,1.0,3.0
2012,LB,T,T - IPC4+B07B,1.0,1.1538461538461535
2012,LB,T,T - IPC4+A47C,1.0,1.25
2012,LB,T,T - IPC4+A61F,1.0,1.25
2012,LB,T,T - IPC4+A42B,1.0,1.3333333333333333
2012,LB,E,E - 9_8,3.0,3.1
2012,LB,E,E - 9_2,3.0,3.2
2012,LB,E,E - 7_0,1.0,2.0
2012,LB,E,E - 7_1,1.0,2.0
2012,LB,E,E - 43_2,3.0,3.0769230769230766
2012,LB,E,E - 41_14,1.0,2.0
2012,LB,E,E - 36_8,1.0,2.0
2012,LB,E,E - 35_13,4.0,6.0
2012,LB,E,E - 30_3,6.0,9.0
2012,LB,E,E - 29_16,1.0,2.0
2012,LB,E,E - 16_21,1.0,2.0
2012,LA,T,T - IPC4+H04L,2.0,2.7857142857142847
2012,KZ,T,T - IPC4+G06Q,3.0,3.5
2012,KZ,T,T - IPC4+C22B,2.0,3.1666666666666665
2012,KZ,T,T - IPC4+C22C,4.0,5.690476190476192
2012,KZ,T,T - IPC4+C21C,1.0,1.7857142857142851
2012,KZ,T,T - IPC4+C09J,6.0,7.301233488733487
2012,KZ,T,T - IPC4+B64C,2.0,2.5999999999999996
2012,JP,T,T - 1197027848,41.0,48.42306389688741
2012,JP,T,T - IPC4+A01D,141.0,155.7717065511402
2012,JP,T,T - IPC4+A23F,125.0,127.00558520740208
2012,JP,T,T - IPC4+A44B,285.0,405.6378984903986
2012,KW,T,T - IPC4+C22B,1.0,2.0
2012,KW,T,T - IPC4+C01F,1.0,1.2
2012,JP,T,T - IPC4+A47D,14.0,21.63333333333333
2012,JP,T,T - IPC4+A47L,225.0,290.22930291437206
2012,JP,T,T - IPC4+A61B,4206.0,4522.060223752881
2012,JP,T,T - IPC4+A61C,214.0,232.28542658714284
2012,JP,T,T - IPC4+A61F,1300.0,1581.5306850702457
2012,JP,T,T - IPC4+A61H,264.0,270.42376003926205
2012,JP,T,T - IPC4+A63B,351.0,452.5087921795503
2012,JP,T,T - IPC4+A63F,710.0,953.9626797983278
2012,JP,T,T - IPC4+A63H,99.0,116.07601149353833
2012,JP,T,T - IPC4+B22C,126.0,130.47626438319162
2012,JP,T,T - IPC4+B23H,93.0,113.92294672647611
2012,JP,T,T - IPC4+B25C,49.0,77.6009768009768
2012,JP,T,T - IPC4+B25D,102.0,106.84775357492751
2012,JP,T,T - IPC4+B26B,96.0,117.14878075141233
2012,JP,T,T - IPC4+B41J,4355.0,4730.372478120082
2012,JP,T,T - IPC4+B43K,58.0,72.55220057720057
2012,JP,T,T - IPC4+B60C,953.0,1166.5342785734015
2012,JP,T,T - IPC4+B60N,566.0,627.061982663879
2012,JP,T,T - IPC4+B61F,65.0,67.61140569956358
2012,JP,T,T - IPC4+B62B,53.0,75.38033910533912
2012,JP,T,T - IPC4+B65H,1521.0,1631.6290512222351
2012,JP,T,T - IPC4+B66B,420.0,640.4076214526214
2012,JP,T,T - IPC4+B66D,36.0,40.86517273576097
2012,KW,E,E - 9_19,2.0,3.0
2012,KW,E,E - 5_20,2.0,2.5
2012,KW,E,E - 43_2,4.0,7.0
2012,KW,E,E - 43_7,2.0,2.125
2012,KW,E,E - 43_10,1.0,2.0
2012,KW,E,E - 38_17,4.0,6.0
2012,KW,E,E - 36_8,5.0,8.055555555555555
2012,KW,E,E - 37_0,4.0,4.392857142857143
2012,KW,E,E - 32_4,3.0,4.0
2012,JP,T,T - IPC4+D01H,45.0,53.206836219336225
2012,KW,E,E - 1_16,4.0,5.0
2012,JP,T,T - IPC4+D04B,141.0,199.89142016760405
2012,KW,E,E - 16_21,4.0,8.0
2012,KW,E,E - 16_14,3.0,5.0
2012,JP,T,T - IPC4+D05B,102.0,174.8480158730159
2012,KR,T,T - IPC4+H04N,3181.0,3436.665985569918
2012,JP,T,T - IPC4+D06F,191.0,379.0907355673221
2012,KR,T,T - IPC4+H02K,328.0,417.7921527274469
2012,KR,T,T - IPC4+H01M,1718.0,2648.8589169955862
2012,KR,T,T - IPC4+H01Q,303.0,368.5432896256966
2012,KR,T,T - IPC4+H01L,6288.0,7271.7213573056815
2012,KR,T,T - IPC4+H01H,246.0,350.4673460565621
2012,KR,T,T - IPC4+G21C,44.0,49.31428571428571
2012,KR,T,T - IPC4+G11C,1197.0,1572.6195953224767
2012,KR,T,T - IPC4+G10L,275.0,287.91040400753275
2012,KR,T,T - IPC4+G10D,5.0,7.75
2012,KR,T,T - IPC4+G03G,203.0,305.373070168136
2012,JP,T,T - IPC4+E03D,62.0,78.84468864468866
2012,KR,T,T - IPC4+F25C,95.0,107.84628169388232
2012,KR,T,T - IPC4+F25D,344.0,411.2475291499865
2012,KR,T,T - IPC4+F16D,100.0,125.30264735264737
2012,KR,T,T - IPC4+F16F,84.0,87.80210865319562
2012,KR,T,T - IPC4+F16H,234.0,306.0659043570808
2012,KR,T,T - IPC4+F04C,53.0,66.6035455471601
2012,KR,T,T - IPC4+F03B,61.0,67.71825396825398
2012,KR,T,T - IPC4+F03D,115.0,133.40368659118658
2012,KR,T,T - IPC4+F02M,145.0,166.3960171364583
2012,KR,T,T - IPC4+F01N,101.0,120.4279337206842
2012,KR,T,T - IPC4+F01L,43.0,92.45102707749768
2012,KR,T,T - IPC4+E05B,61.0,66.37584523319819
2012,KR,T,T - IPC4+E01B,13.0,19.87012987012987
2012,KR,T,T - IPC4+E01F,28.0,30.86190476190476
2012,KR,T,T - IPC4+D06F,351.0,620.5304569321207
2012,KR,T,T - IPC4+D05B,30.0,52.43607226107226
2012,JP,T,T - IPC4+F01L,293.0,346.76940387240217
2012,KR,T,T - IPC4+B67B,3.0,3.4
2012,KR,T,T - IPC4+B66B,30.0,33.46746031746032
2012,JP,T,T - IPC4+F03D,317.0,408.02427178858136
2012,KR,T,T - IPC4+B60R,338.0,345.7189898364972
2012,KR,T,T - IPC4+B60S,54.0,59.818525592054996
2012,KR,T,T - IPC4+B60T,82.0,98.88857498710439
2012,KR,T,T - IPC4+B60N,78.0,106.33556247673896
2012,KR,T,T - IPC4+B60J,40.0,44.88644349398827
2012,KR,T,T - IPC4+B60H,73.0,74.67640137640137
2012,JP,T,T - IPC4+F04C,410.0,524.1664724491196
2012,KR,T,T - IPC4+B43K,19.0,20.959848484848482
2012,JP,T,T - IPC4+F04D,553.0,558.7946218337607
2012,KR,T,T - IPC4+B26B,17.0,19.30952380952381
2012,KR,T,T - IPC4+B25C,1.0,1.5
2012,KR,T,T - IPC4+B23C,43.0,51.028402153402155
2012,JP,T,T - IPC4+F16F,707.0,716.155157595243
2012,JP,T,T - IPC4+F16H,1780.0,1782.4921627174874
2012,KR,T,T - IPC4+A63B,203.0,214.6790225605241
2012,KR,T,T - IPC4+A63C,19.0,24.68030303030303
2012,KR,T,T - IPC4+A61C,144.0,149.700612732678
2012,KR,T,T - IPC4+A47L,199.0,297.8584174137883
2012,KR,T,T - IPC4+A45D,179.0,182.3025944783668
2012,KR,T,T - IPC4+A44C,20.0,20.12878787878788
2012,KR,T,T - IPC4+A41B,19.0,21.725210084033613
2012,KR,T,T - IPC4+A42B,24.0,32.1957264957265
2012,KR,T,T - IPC4+A43B,107.0,128.32634442851833
2012,JP,T,T - IPC4+F24F,909.0,917.2856115070709
2012,JP,T,T - IPC4+F25C,27.0,27.340909090909097
2012,JP,T,T - IPC4+G03G,3780.0,5410.2889414321535
2012,JP,T,T - IPC4+G04B,87.0,111.13904760530146
2012,JP,T,T - IPC4+G10D,38.0,41.89841269841269
2012,JP,T,T - IPC4+G10H,155.0,182.72979771346638
2012,JP,T,T - IPC4+G10L,667.0,732.2365554559246
2012,JP,T,T - IPC4+G11B,2825.0,2888.0503045402306
2012,JP,T,T - IPC4+G21C,192.0,199.7018759092014
2012,JP,T,T - IPC4+H01H,940.0,1213.22158456618
2012,JP,T,T - IPC4+H01M,5963.0,7473.412821290075
2012,JP,T,T - IPC4+H01Q,914.0,1031.9143949139009
2012,JP,T,T - IPC4+H01R,2053.0,2778.5592696693907
2012,JP,T,T - IPC4+H01T,330.0,336.28722743687916
2012,JP,T,T - IPC4+H02K,1765.0,2190.262442595062
2012,JP,T,T - IPC4+H04W,4501.0,4579.525076211587
2012,KP,T,T - IPC4+H01R,1.0,1.5
2012,KP,T,T - IPC4+H01F,1.0,1.2857142857142854
2012,KP,T,T - IPC4+F16H,1.0,2.3214285714285725
2012,KP,T,T - IPC4+F03D,1.0,1.5
2012,KP,T,T - IPC4+F16B,1.0,1.6666666666666672
2012,KP,T,T - IPC4+B41J,1.0,2.4999999999999996
2012,KP,T,T - IPC4+B25B,1.0,1.5625
2012,KP,T,T - IPC4+A62B,2.0,2.279761904761906
2012,KP,T,T - IPC4+A61C,1.0,1.75
2012,ID,T,T - IPC4+F24F,1.0,1.0416666666666663
2012,ID,T,T - IPC4+F16F,1.0,1.4000000000000006
2012,ID,T,T - IPC4+B62D,1.0,1.5000000000000002
2012,ID,T,T - IPC4+B60T,1.0,2.0000000000000004
2012,ID,T,T - IPC4+A61F,3.0,4.160714285714287
2012,ID,T,T - IPC4+A43B,2.0,3.2857142857142847
2012,UZ,T,T - IPC4+A47J,1.0,1.1111111111111114
2012,UZ,T,T - IPC4+A61K,2.0,2.0727272727272723
2012,UZ,T,T - IPC4+B22D,1.0,1.333333333333333
2012,KH,T,T - IPC4+G05F,6.0,9.76488095238095
2012,ID,E,E - 1_13,2.0,2.0256410256410255
2012,ID,E,E - 5_7,5.0,5.25
2012,KG,T,T - IPC4+A61K,1.0,1.5
2012,AM,T,T - IPC4+H01M,2.0,3.187500000000001
2012,AM,T,T - IPC4+H02K,1.0,2.0
2012,AM,T,T - IPC4+F01C,1.0,2.0
2012,AM,T,T - IPC4+B65D,1.0,2.0
2013,IL,E,E - 22_9,1.0,2.0
2013,CN,T,T - IPC4+A62D,43.0,61.74278332778334
2013,CN,T,T - IPC4+B61F,35.0,35.15265567765569
2013,CN,T,T - IPC4+D06F,130.0,141.90819180819182
2013,CN,T,T - IPC4+E21C,29.0,37.9682266009852
2013,IL,E,E - 36_3,3.0,3.2857142857142856
2013,JO,T,T - IPC4+A44B,1.0,1.1111111111111114
2013,TH,T,T - IPC4+H01R,4.0,6.583333333333332
2013,TH,T,T - IPC4+G07B,1.0,4.333333333333335
2013,QA,E,E - 25_10,1.0,2.0
2013,QA,E,E - 30_3,2.0,2.3333333333333335
2013,QA,E,E - 30_9,3.0,4.333333333333333
2013,QA,E,E - 32_1,1.0,2.0
2013,TH,T,T - IPC4+F04C,1.0,2.4999999999999996
2013,TH,T,T - IPC4+D04B,1.0,1.4999999999999996
2013,QA,E,E - 36_7,7.0,9.071428571428573
2013,TH,T,T - IPC4+C10J,2.0,2.5
2013,TH,T,T - IPC4+C04B,5.0,5.047619047619049
2013,TH,T,T - IPC4+B67D,4.0,4.316666666666666
2013,TH,T,T - IPC4+B62J,9.0,14.184523809523808
2013,QA,E,E - 42_12,1.0,2.0
2013,IL,E,E - 11_16,1.0,2.0
2013,QA,E,E - 43_2,24.0,27.443686868686868
2013,TH,T,T - IPC4+B41F,1.0,1.2
2013,QA,E,E - 44_12,1.0,2.0
2013,QA,E,E - 5_15,1.0,2.0
2013,TH,T,T - IPC4+A63B,3.0,5.999999999999999
2013,JO,T,T - IPC4+F04C,1.0,1.5000000000000002
2013,JO,T,T - IPC4+G01B,1.0,1.5
2013,JO,T,T - IPC4+G05G,1.0,2.3333333333333326
2013,ID,E,E - 30_18,18.0,23.6362234987235
2013,ID,E,E - 21_11,1.0,2.0
2013,ID,E,E - 17_10,1.0,2.0
2013,ID,E,E - 16_10,21.0,23.491208791208788
2013,QA,T,T - IPC4+G05G,1.0,2.3333333333333326
2013,QA,T,T - IPC4+G16H,1.0,1.5
2013,BH,E,E - 21_2,1.0,2.0
2013,BH,E,E - 24_14,1.0,2.0
2013,BH,E,E - 25_7,1.0,2.0
2013,BH,E,E - 26_8,1.0,2.0
2013,BH,E,E - 28_5,1.0,2.0
2013,BH,E,E - 35_0,5.0,5.055555555555555
2013,BH,E,E - 35_17,1.0,2.0
2013,BH,E,E - 41_22,1.0,2.0
2013,BH,E,E - 41_21,2.0,4.0
2013,BH,E,E - 43_11,13.0,13.866666666666667
2013,PK,T,T - IPC4+G01F,1.0,1.1404958677685955
2013,PK,T,T - IPC4+C09D,1.0,1.8461538461538476
2013,PK,E,E - 34_1,2.0,3.0
2013,GE,T,T - IPC4+H02J,1.0,1.25
2013,PH,T,T - IPC4+H04N,6.0,6.414084507042254
2013,PH,T,T - IPC4+G16H,2.0,2.2
2013,PH,T,T - IPC4+G10H,1.0,1.5000000000000002
2013,BH,T,T - IPC4+C09D,1.0,3.1818181818181803
2013,PH,T,T - IPC4+G09F,3.0,3.4117647058823533
2013,BH,T,T - IPC4+E04C,1.0,1.2727272727272727
2013,PH,T,T - IPC4+G06Q,24.0,27.718301323719277
2013,BH,T,T - IPC4+E04B,1.0,1.2727272727272727
2013,BH,T,T - IPC4+E04F,1.0,1.2727272727272727
2013,PH,T,T - IPC4+G03G,7.0,7.63095238095238
2013,BH,T,T - IPC4+H04M,1.0,3.0000000000000004
2013,PH,T,T - IPC4+F16K,2.0,2.133333333333333
2013,PH,T,T - IPC4+F02B,1.0,1.2
2013,PH,T,T - IPC4+E05B,1.0,1.5000000000000009
2013,PH,T,T - IPC4+C09J,4.0,4.315476190476192
2013,PH,T,T - IPC4+B60N,1.0,1.3333333333333333
2013,PH,T,T - IPC4+B60S,2.0,3.0
2013,PH,T,T - IPC4+B05B,1.0,1.3333333333333333
2013,PH,T,T - IPC4+A63F,1.0,1.333333333333333
2013,JO,E,E - 9_8,4.0,4.166666666666667
2013,YE,E,E - 29_16,1.0,2.0
2013,YE,E,E - 29_3,3.0,4.055555555555555
2013,YE,E,E - 29_4,2.0,2.0555555555555554
2013,YE,E,E - 32_1,2.0,2.0555555555555554
2013,YE,E,E - 32_11,1.0,2.0
2013,JO,E,E - 43_6,2.0,2.5
2013,JO,E,E - 43_11,3.0,3.2
2013,IR,T,T - IPC4+A47C,1.0,1.36111111111111
2013,JO,E,E - 35_17,3.0,5.0
2013,BD,T,T - IPC4+F25B,1.0,1.1111111111111114
2013,JO,E,E - 35_13,1.0,2.0
2013,BD,T,T - IPC4+F16K,1.0,1.2499999999999998
2013,IR,T,T - IPC4+C09J,2.0,2.255555555555552
2013,SY,T,T - IPC4+H01R,1.0,2.666666666666661
2013,SY,T,T - IPC4+E04B,1.0,1.9999999999999998
2013,PH,E,E - 9_19,3.0,5.0
2013,PH,E,E - 41_11,2.0,8.0
2013,IR,T,T - IPC4+E06B,1.0,2.0000000000000004
2013,PH,E,E - 18_0,2.0,2.0588235294117645
2013,IR,T,T - IPC4+G03G,1.0,1.037037037037036
2013,ID,T,T - IPC4+B02C,1.0,1.2
2013,SY,E,E - 5_20,4.0,8.0
2013,SY,E,E - 43_3,2.0,2.019230769230769
2013,SY,E,E - 3_21,1.0,2.0
2013,SY,E,E - 3_3,5.0,5.4
2013,SY,E,E - 3_2,4.0,4.4
2013,SY,E,E - 3_19,1.0,2.0
2013,SY,E,E - 3_14,2.0,4.0
2013,SY,E,E - 30_2,5.0,8.01923076923077
2013,SY,E,E - 30_3,2.0,2.019230769230769
2013,SY,E,E - 30_17,2.0,2.019230769230769
2013,SY,E,E - 2_9,1.0,2.0
2013,SY,E,E - 29_8,2.0,2.090909090909091
2013,SY,E,E - 29_18,1.0,2.0
2013,SY,E,E - 25_7,7.0,12.0
2013,SY,E,E - 25_13,6.0,6.111111111111111
2013,SY,E,E - 18_9,2.0,2.111111111111111
2013,SY,E,E - 20_8,1.0,2.0
2013,SY,E,E - 16_21,1.0,2.0
2013,SY,E,E - 16_20,5.0,9.0
2013,ID,T,T - IPC4+C10G,3.0,4.496428571428571
2013,BN,E,E - 3_3,2.0,2.0526315789473686
2013,ID,T,T - IPC4+F16L,1.0,2.0000000000000004
2013,TR,E,E - 4_11,2.0,2.090909090909091
2013,CY,T,T - IPC4+B29C,1.0,1.9999999999999998
2013,CY,T,T - IPC4+B65D,1.0,6.99999999999999
2013,KP,E,E - 42_18,1.0,2.0
2013,MM,T,T - IPC4+G11C,1.0,1.2499999999999998
2013,MM,T,T - IPC4+H04N,16.0,16.269366814052034
2013,ID,T,T - IPC4+G10L,5.0,8.901657426277522
2013,BN,T,T - IPC4+G02B,1.0,3.0
2013,KP,T,T - IPC4+A61C,1.0,3.9375
2013,KP,T,T - IPC4+B60R,1.0,2.499999999999999
2013,KP,T,T - IPC4+E02F,1.0,1.333333333333333
2013,KP,T,T - IPC4+F16C,1.0,1.9999999999999991
2013,AE,E,E - 17_11,7.0,8.395833333333332
2013,KP,T,T - IPC4+G02B,6.0,6.059523809523812
2013,KP,T,T - IPC4+H01H,1.0,1.5
2013,KP,T,T - IPC4+H01M,5.0,6.27777777777778
2013,KP,T,T - IPC4+H02J,1.0,1.3333333333333333
2013,KP,T,T - IPC4+H02M,1.0,2.0000000000000004
2013,SA,E,E - 11_3,2.0,2.0163934426229506
2013,SA,E,E - 16_21,19.0,20.01273971126912
2013,SA,E,E - 16_9,5.0,6.019607843137255
2013,SA,E,E - 28_0,4.0,6.0
2013,SA,E,E - 28_14,1.0,2.0
2013,SA,E,E - 35_17,2.0,2.076923076923077
2013,SA,E,E - 35_23,4.0,5.0
2013,SA,E,E - 41_12,14.0,17.34428316781258
2013,SA,E,E - 42_0,1.0,2.0
2013,SA,E,E - 42_18,4.0,7.0
2013,SA,E,E - 42_20,6.0,6.583333333333334
2013,SA,E,E - 42_5,5.0,5.05718954248366
2013,SA,E,E - 43_0,4.0,4.090909090909091
2013,SA,E,E - 43_11,15.0,17.09090909090909
2013,SA,E,E - 43_2,15.0,21.09090909090909
2013,SA,E,E - 5_13,10.0,14.0
2013,SA,E,E - 8_9,1.0,2.0
2013,SA,E,E - 9_21,19.0,20.611001285760207
2013,KR,E,E - 34_1,14.0,14.238095238095237
2013,OM,E,E - 3_14,2.0,4.0
2013,OM,E,E - 30_3,4.0,5.0
2013,OM,E,E - 32_7,1.0,2.0
2013,OM,E,E - 29_7,2.0,2.25
2013,OM,E,E - 20_8,1.0,2.0
2013,OM,E,E - 24_9,1.0,2.0
2013,OM,E,E - 19_0,1.0,2.0
2013,OM,E,E - 17_0,1.0,2.0
2013,IL,T,T - IPC4+A44C,4.0,4.716666666666668
2013,TR,T,T - IPC4+A23F,6.0,7.6652485445588905
2013,TR,T,T - IPC4+A43B,2.0,5.000000000000001
2013,TR,T,T - IPC4+A45D,2.0,2.5
2013,TR,T,T - IPC4+A47J,44.0,47.23837293538105
2013,TR,T,T - IPC4+A47L,68.0,71.8825396825397
2013,TR,T,T - IPC4+A47K,6.0,6.817857142857142
2013,TR,T,T - IPC4+A61C,4.0,4.699999999999999
2013,TR,T,T - IPC4+A61M,22.0,33.666504346386425
2013,IL,T,T - IPC4+B23B,117.0,155.74047538523985
2013,IL,T,T - IPC4+B23C,79.0,79.59709575321702
2013,TR,T,T - IPC4+B05B,7.0,7.730952380952379
2013,TR,T,T - IPC4+B60G,5.0,5.25
2013,TR,T,T - IPC4+B60N,9.0,9.251785714285711
2013,TR,T,T - IPC4+B60S,3.0,4.0
2013,TR,T,T - IPC4+B63B,6.0,7.5
2013,TR,T,T - IPC4+B63H,4.0,4.4
2013,TR,T,T - IPC4+B66F,3.0,3.125
2013,SA,T,T - IPC4+A45C,1.0,1.4285714285714282
2013,SA,T,T - IPC4+A47C,1.0,1.357142857142857
2013,SA,T,T - IPC4+A61B,13.0,29.439599317988204
2013,SA,T,T - IPC4+A61C,5.0,6.0
2013,SA,T,T - IPC4+A61M,5.0,5.266666666666667
2013,SA,T,T - IPC4+B60K,1.0,1.357142857142857
2013,SA,T,T - IPC4+B60W,1.0,1.357142857142857
2013,SA,T,T - IPC4+B66B,1.0,2.0
2013,SA,T,T - IPC4+B65G,1.0,2.0
2013,SA,T,T - IPC4+C01D,1.0,1.5
2013,IL,T,T - IPC4+B60C,5.0,5.633333333333334
2013,SA,T,T - IPC4+C04B,14.0,15.643986079280197
2013,SA,T,T - IPC4+E21B,125.0,148.97004278519623
2013,TR,T,T - IPC4+D01H,4.0,4.261904761904761
2013,SA,T,T - IPC4+F04B,3.0,3.3
2013,TR,T,T - IPC4+D06F,107.0,112.35119047619048
2013,TR,T,T - IPC4+E03D,4.0,6.666666666666667
2013,TR,T,T - IPC4+E04D,4.0,5.280303030303026
2013,TR,T,T - IPC4+E04G,1.0,1.75
2013,SA,T,T - IPC4+G06V,3.0,3.333333333333333
2013,SA,T,T - IPC4+G16H,4.0,6.290336134453802
2013,TR,T,T - IPC4+F01P,4.0,4.4
2013,TR,T,T - IPC4+F02F,1.0,2.1428571428571423
2013,SA,T,T - IPC4+H03M,6.0,6.472222222222223
2013,IL,T,T - IPC4+B62K,9.0,10.719047619047606
2013,TR,T,T - IPC4+F03D,8.0,8.876623376623376
2013,TR,T,T - IPC4+F04B,22.0,24.013677988677987
2013,TR,T,T - IPC4+F04D,5.0,6.326007326007325
2013,TR,T,T - IPC4+F16F,9.0,9.566666666666666
2013,TR,T,T - IPC4+F16H,9.0,12.254360223110226
2013,IL,T,T - IPC4+B64F,16.0,17.606818181818184
2013,TR,T,T - IPC4+F41A,3.0,3.083333333333333
2013,TR,T,T - IPC4+G01P,5.0,5.166666666666665
2013,JP,T,T - IPC4+H02P,1244.0,1315.2599040048788
2013,LK,T,T - IPC4+G01Q,1.0,2.0833333333333326
2013,JP,T,T - IPC4+H02K,2083.0,2818.076806871212
2013,IN,T,T - IPC4+G10D,1.0,1.125
2013,LK,T,T - IPC4+C05G,2.0,2.1999999999999997
2013,JP,T,T - IPC4+H01T,291.0,358.6735334142085
2013,TR,T,T - IPC4+H02K,11.0,12.669696969696972
2013,JP,T,T - IPC4+H01R,2183.0,3100.181504800032
2013,JP,T,T - IPC4+H01Q,855.0,904.194329560251
2013,JP,T,T - IPC4+H01M,6658.0,8376.81514717744
2013,JP,T,T - IPC4+H01H,922.0,1207.483010136351
2013,AE,E,E - 42_13,4.0,6.142857142857142
2013,JP,T,T - IPC4+G10L,643.0,672.3095639783335
2013,JP,T,T - IPC4+G10H,175.0,199.8735273038981
2013,JP,T,T - IPC4+G10D,28.0,37.16190476190476
2013,IL,T,T - IPC4+D05B,1.0,2.6666666666666674
2013,IN,T,T - IPC4+F23R,52.0,53.14015063883485
2013,IL,T,T - IPC4+E05B,35.0,52.43722731516849
2013,AE,E,E - 45_1,6.0,6.549999999999999
2013,IL,T,T - IPC4+F01L,2.0,5.761904761904756
2013,JP,T,T - IPC4+G04B,87.0,112.96253128797883
2013,JP,T,T - IPC4+G03G,3768.0,5585.405256239638
2013,IN,T,T - IPC4+E05F,3.0,3.322751322751323
2013,IL,T,T - IPC4+F16K,41.0,48.05497557997558
2013,IL,T,T - IPC4+F16L,47.0,47.186512664546385
2013,IN,T,T - IPC4+E01H,1.0,2.0
2013,JP,T,T - IPC4+G01F,356.0,358.00757730333714
2013,MV,T,T - IPC4+H04W,1.0,1.9999999999999742
2013,KR,T,T - IPC4+A22C,1.0,1.9999999999999998
2013,NP,T,T - IPC4+H04N,1.0,1.9999999999999993
2013,NP,T,T - IPC4+H04W,9.0,9.034228129087339
2013,KR,T,T - IPC4+A24F,15.0,15.173232323232323
2013,NP,T,T - IPC4+H01S,1.0,1.3500000000000005
2013,KR,T,T - IPC4+A42B,31.0,35.991575091575086
2013,KR,T,T - IPC4+A43B,105.0,108.9652878681197
2013,NP,T,T - IPC4+H01F,1.0,1.1666666666666665
2013,NP,T,T - IPC4+G01S,1.0,1.5909090909090902
2013,KR,T,T - IPC4+A46B,46.0,47.71264846264847
2013,KR,T,T - IPC4+A47J,162.0,162.12625152625154
2013,KR,T,T - IPC4+A47L,193.0,317.77620745551684
2013,KR,T,T - IPC4+A61C,185.0,202.25332306582305
2013,KR,T,T - IPC4+A63B,212.0,213.9576662032544
2013,KR,T,T - IPC4+A63C,13.0,19.1
2013,KR,T,T - IPC4+A63H,45.0,48.57853674103675
2013,JP,T,T - IPC4+F16H,1932.0,1942.0607808598618
2013,KR,T,T - IPC4+B25C,2.0,2.5
2013,KR,T,T - IPC4+B26B,23.0,39.760714285714286
2013,JP,T,T - IPC4+F04D,622.0,668.9906544669416
2013,JP,T,T - IPC4+F04C,486.0,630.0928166381535
2013,KR,T,T - IPC4+B60D,4.0,8.390476190476189
2013,KR,T,T - IPC4+B60G,52.0,107.6679939341704
2013,KR,T,T - IPC4+B60J,52.0,63.292478926302444
2013,KR,T,T - IPC4+B60H,96.0,109.53491979296933
2013,KR,T,T - IPC4+B60N,86.0,103.94707122942415
2013,KR,T,T - IPC4+B60R,447.0,460.2634891421054
2013,KR,T,T - IPC4+B60S,67.0,115.92824675324677
2013,KR,T,T - IPC4+B60T,123.0,201.57635314032365
2013,KR,T,T - IPC4+B60W,330.0,352.71186609882096
2013,JP,T,T - IPC4+F03D,273.0,321.5106369230907
2013,KR,T,T - IPC4+B62D,286.0,317.5167907646911
2013,KR,T,T - IPC4+B66B,36.0,47.94484126984128
2013,JP,T,T - IPC4+F01L,326.0,386.97189933389615
2013,KR,T,T - IPC4+D05B,22.0,36.18681318681318
2013,KR,T,T - IPC4+D06F,308.0,576.5809151053769
2013,KR,T,T - IPC4+E21D,19.0,19.25
2013,KR,T,T - IPC4+F01L,33.0,41.67619047619047
2013,KR,T,T - IPC4+F01N,129.0,157.9291811376701
2013,KR,T,T - IPC4+F02K,3.0,4.2
2013,KR,T,T - IPC4+F02M,161.0,185.01209395179984
2013,KR,T,T - IPC4+F03B,66.0,67.11668192918191
2013,KR,T,T - IPC4+F04C,78.0,122.71178178546602
2013,KR,T,T - IPC4+F15B,106.0,113.51845515595517
2013,KR,T,T - IPC4+F16F,107.0,121.71383792633796
2013,KR,T,T - IPC4+F16D,155.0,179.3669767367136
2013,KR,T,T - IPC4+F16H,296.0,380.33147645053594
2013,IN,E,E - 11_10,4.0,4.666666666666666
2013,KR,T,T - IPC4+F25C,88.0,115.29972834899304
2013,KR,T,T - IPC4+F25D,306.0,402.07731958902224
2013,IN,E,E - 11_2,2.0,3.0
2013,JP,T,T - IPC4+E03D,57.0,87.0968521244837
2013,KR,T,T - IPC4+G03G,229.0,297.1066202278677
2013,KR,T,T - IPC4+G06F,6001.0,6415.722134437892
2013,KR,T,T - IPC4+G10L,309.0,326.3123519447353
2013,KR,T,T - IPC4+G11C,1165.0,1498.3810717392914
2013,KR,T,T - IPC4+G21C,68.0,86.61812876665816
2013,KR,T,T - IPC4+H01G,333.0,396.4603056389279
2013,VN,T,T - IPC4+E02D,1.0,1.7142857142857137
2013,KR,T,T - IPC4+H01H,249.0,272.97890644214175
2013,KR,T,T - IPC4+H01L,6048.0,7045.708197349731
2013,KR,T,T - IPC4+H01M,1847.0,3105.0642840796495
2013,KR,T,T - IPC4+H01Q,327.0,353.45990016648784
2013,KR,T,T - IPC4+H02J,757.0,780.2550168611759
2013,KR,T,T - IPC4+H02K,509.0,746.4360143165012
2013,KR,T,T - IPC4+H02P,166.0,214.91863536682612
2013,KR,T,T - IPC4+H04N,3471.0,4276.56653202247
2013,JP,T,T - IPC4+D06F,160.0,244.0650067253009
2013,JP,T,T - IPC4+D05B,123.0,207.47403984903974
2013,JP,T,T - IPC4+D04B,122.0,183.37023213695716
2013,KW,E,E - 1_16,2.0,4.0
2013,KW,E,E - 22_11,2.0,3.0
2013,KW,E,E - 25_13,2.0,2.0555555555555554
2013,JP,T,T - IPC4+D01H,72.0,109.05471195471195
2013,KW,E,E - 32_4,1.0,2.0
2013,KW,E,E - 35_9,1.0,2.0
2013,KW,E,E - 36_1,6.0,8.047183437650457
2013,KW,E,E - 36_8,2.0,2.014925373134328
2013,KW,E,E - 3_3,1.0,2.0
2013,KW,E,E - 42_20,2.0,2.014925373134328
2013,KW,E,E - 43_11,8.0,8.368055555555555
2013,KW,E,E - 43_2,23.0,27.893055555555556
2013,KW,E,E - 43_3,4.0,4.025
2013,KW,E,E - 43_5,5.0,6.0
2013,KW,E,E - 43_7,3.0,5.0
2013,IN,T,T - IPC4+B07B,10.0,33.99444444444444
2013,KW,E,E - 9_6,6.0,10.09090909090909
2013,KW,E,E - 9_8,10.0,10.125
2013,IN,E,E - 26_10,4.0,4.25
2013,VN,T,T - IPC4+B41J,1.0,1.4999999999999996
2013,JP,T,T - IPC4+B66B,373.0,529.7974915824916
2013,JP,T,T - IPC4+B65H,1585.0,1754.9544268925267
2013,VN,T,T - IPC4+A61H,1.0,2.4
2013,VN,T,T - IPC4+A47C,3.0,4.640384615384615
2013,VN,T,T - IPC4+A47G,1.0,2.4
2013,JP,T,T - IPC4+B62D,1571.0,1687.8773317742568
2013,JP,T,T - IPC4+B62B,59.0,68.22854449472098
2013,JP,T,T - IPC4+B61L,114.0,114.49256413521115
2013,JP,T,T - IPC4+B61F,74.0,91.76197691197696
2013,JP,T,T - IPC4+B60N,543.0,676.2407764878741
2013,JP,T,T - IPC4+B60C,1044.0,1299.8494876348373
2013,AE,T,T - IPC4+F16L,5.0,8.035714285714286
2013,JP,T,T - IPC4+B43K,64.0,96.02642080142078
2013,JP,T,T - IPC4+B41J,4069.0,4301.493400584462
2013,JP,T,T - IPC4+B41F,248.0,251.92872367619069
2013,AE,T,T - IPC4+F03D,1.0,1.2857142857142854
2013,JP,T,T - IPC4+B26B,87.0,96.77750341763502
2013,JP,T,T - IPC4+B25J,670.0,731.8031669142422
2013,JP,T,T - IPC4+B25C,45.0,83.63666056166056
2013,JP,T,T - IPC4+B23K,1642.0,1660.0773785751994
2013,JP,T,T - IPC4+B23H,127.0,204.18197139064645
2013,IN,E,E - 3_4,16.0,16.00289377289377
2013,AE,T,T - IPC4+B60N,1.0,1.2
2013,AE,T,T - IPC4+B60C,2.0,4.0
2013,JP,T,T - IPC4+A63F,923.0,1407.787496735909
2013,JP,T,T - IPC4+A63B,412.0,595.2130072699342
2013,JP,T,T - IPC4+A61F,1357.0,1589.1504773849483
2013,AZ,T,T - IPC4+G06F,1.0,2.0
2013,JP,T,T - IPC4+A61C,232.0,244.9299070986671
2013,JP,T,T - IPC4+A61B,4370.0,4550.901035604409
2013,AE,T,T - IPC4+A61M,6.0,6.580128205128205
2013,JP,T,T - IPC4+A47L,255.0,355.3262841684122
2013,KW,T,T - IPC4+A61B,9.0,12.308333333333334
2013,KW,T,T - IPC4+A61F,4.0,4.133333333333333
2013,KW,T,T - IPC4+A61J,1.0,1.5
2013,JP,T,T - IPC4+A47D,13.0,14.826190476190476
2013,AE,T,T - IPC4+A47J,1.0,2.0
2013,KW,T,T - IPC4+B63B,2.0,2.5
2013,AE,T,T - IPC4+A23K,1.0,1.076923076923077
2013,JP,T,T - IPC4+A44B,294.0,415.7979053190818
2013,KW,T,T - IPC4+H04N,3.0,4.0
2013,JP,T,T - IPC4+A43B,77.0,79.76605450665998
2013,JP,T,T - IPC4+A42B,30.0,39.00538302277433
2013,IN,E,E - 9_1,2.0,2.1
2013,JP,T,T - IPC4+A01F,41.0,49.80960165565429
2013,JP,T,T - IPC4+A01D,159.0,187.9105585934533
2013,MY,T,T - IPC4+A43B,2.0,2.75
2013,MY,T,T - IPC4+A47B,4.0,5.25
2013,MY,T,T - IPC4+A47K,1.0,1.9999999999999998
2013,LB,T,T - IPC4+B07B,1.0,1.9230769230769222
2013,LB,T,T - IPC4+A61Q,1.0,1.0833333333333344
2013,MY,T,T - IPC4+B24D,1.0,1.5
2013,MY,T,T - IPC4+B60N,2.0,2.5000000000000004
2013,MY,T,T - IPC4+B62D,2.0,2.454545454545454
2013,MY,T,T - IPC4+B63H,1.0,1.090909090909091
2013,MY,T,T - IPC4+B82B,1.0,1.3333333333333333
2013,MY,T,T - IPC4+C21D,2.0,2.6960784313725483
2013,MY,T,T - IPC4+E02D,5.0,5.5
2013,MY,T,T - IPC4+E04G,3.0,3.375
2013,MY,T,T - IPC4+E05F,4.0,4.333333333333333
2013,MY,T,T - IPC4+F16F,3.0,4.399999999999999
2013,MY,T,T - IPC4+G01F,4.0,4.25
2013,MY,T,T - IPC4+H01Q,20.0,21.320658263305315
2013,KZ,T,T - IPC4+A61M,2.0,2.666666666666667
2013,KZ,T,T - IPC4+B64C,1.0,1.5999999999999999
2013,KZ,T,T - IPC4+C09J,1.0,1.0909090909090906
2013,KZ,T,T - IPC4+H01G,3.0,3.4999999999999982
2013,LB,E,E - 7_1,1.0,2.0
2013,LB,E,E - 6_2,1.0,2.0
2013,LB,E,E - 45_1,3.0,5.0
2013,LB,E,E - 45_5,2.0,3.0
2013,LB,E,E - 42_11,2.0,3.0
2013,LB,E,E - 36_8,2.0,2.1666666666666665
2013,LB,E,E - 35_17,4.0,4.105911330049262
2013,LB,E,E - 35_13,4.0,6.043478260869565
2013,LB,E,E - 29_18,2.0,2.3333333333333335
2013,LB,E,E - 18_5,3.0,4.041666666666667
2013,LB,E,E - 11_3,1.0,2.0
2013,LB,E,E - 11_11,1.0,2.0
2013,SG,T,T - IPC4+A01B,1.0,1.9999999999999998
2013,SG,T,T - IPC4+A47D,1.0,1.3333333333333337
2013,SG,T,T - IPC4+A61C,3.0,5.2
2013,SG,T,T - IPC4+A47K,4.0,4.3
2013,SG,T,T - IPC4+A61H,10.0,10.549603174603176
2013,SG,T,T - IPC4+B04B,2.0,4.549999999999994
2013,SG,T,T - IPC4+H03F,12.0,13.58430014430015
2013,SG,T,T - IPC4+B22D,2.0,3.033333333333333
2013,SG,T,T - IPC4+B60B,2.0,5.285714285714285
2013,SG,T,T - IPC4+B62K,5.0,7.899999999999987
2013,SG,T,T - IPC4+B62M,1.0,1.0476190476190461
2013,SG,T,T - IPC4+B64C,4.0,5.771428571428572
2013,SG,T,T - IPC4+F42B,8.0,9.230128205128205
2013,SG,T,T - IPC4+F16B,10.0,10.203724053724052
2013,SG,T,T - IPC4+E21B,42.0,43.42880136048006
2013,SG,T,T - IPC4+E05F,8.0,11.029761904761905
2013,SG,T,T - IPC4+E05B,3.0,3.8428571428571434
2013,SG,T,T - IPC4+E03D,3.0,3.0555555555555554
2013,SG,T,T - IPC4+E03C,2.0,3.0
2014,SG,T,T - IPC4+D21H,1.0,2.72222222222222
2014,SG,T,T - IPC4+E05B,2.0,2.6190476190476186
2014,SG,T,T - IPC4+F01K,3.0,3.6420454545454537
2014,SG,T,T - IPC4+F24C,3.0,3.44
2014,SG,T,T - IPC4+F25J,2.0,2.2
2014,SG,T,T - IPC4+F41A,1.0,1.5999999999999999
2014,SG,T,T - IPC4+B62K,8.0,12.828571428571419
2014,SG,T,T - IPC4+B04B,2.0,2.283333333333333
2014,SG,T,T - IPC4+A61C,1.0,1.5
2014,SG,T,T - IPC4+A46B,1.0,1.8461538461538454
2014,SG,T,T - IPC4+A45D,8.0,10.950549450549438
2014,SG,T,T - IPC4+A41D,1.0,3.0
2014,SG,T,T - IPC4+A01B,1.0,1.3333333333333333
2014,LB,E,E - 10_4,3.0,3.2
2014,LB,E,E - 16_20,3.0,6.0
2014,LB,E,E - 29_18,2.0,2.02
2014,LB,E,E - 30_4,2.0,2.02
2014,LB,E,E - 33_13,1.0,2.0
2014,LB,E,E - 34_8,2.0,2.2
2014,LB,E,E - 35_25,6.0,6.266203703703703
2014,LB,E,E - 35_26,1.0,2.0
2014,LB,E,E - 36_11,3.0,6.0
2014,LB,E,E - 35_9,2.0,2.037037037037037
2014,LB,E,E - 36_8,6.0,7.333333333333333
2014,LB,E,E - 41_23,2.0,2.25
2014,LB,E,E - 42_20,3.0,3.0625
2014,LB,E,E - 43_2,16.0,16.87037037037037
2014,LB,E,E - 44_4,3.0,3.2
2014,LB,E,E - 9_21,2.0,2.0416666666666665
2014,LB,E,E - 9_25,5.0,9.0
2014,KZ,T,T - IPC4+F26B,1.0,1.1428571428571426
2014,KZ,T,T - IPC4+A63B,3.0,3.5
2014,KZ,T,T - IPC4+A24D,1.0,2.8571428571428554
2014,KZ,T,T - IPC4+A23C,1.0,2.1428571428571423
2014,AM,E,E - 34_0,2.0,2.2
2014,SG,E,E - 19_13,2.0,3.0
2014,MY,T,T - IPC4+H02K,5.0,11.224937343358397
2014,MY,T,T - IPC4+G02C,4.0,7.0
2014,MY,T,T - IPC4+F25J,10.0,10.116849816849818
2014,MY,T,T - IPC4+F01K,5.0,8.431990231990222
2014,MY,T,T - IPC4+E03C,3.0,3.571428571428571
2014,MY,T,T - IPC4+E02F,2.0,3.749999999999999
2014,MY,T,T - IPC4+E02B,4.0,6.25
2014,MY,T,T - IPC4+E02D,9.0,10.053571428571427
2014,MY,T,T - IPC4+B64C,1.0,2.0
2014,MY,T,T - IPC4+B61B,1.0,1.3333333333333333
2014,LB,T,T - IPC4+A43B,2.0,4.0
2014,LB,T,T - IPC4+A47J,2.0,5.054545454545454
2014,MY,T,T - IPC4+B23D,1.0,1.125
2014,LB,T,T - IPC4+B07B,1.0,1.5384615384615379
2014,MY,T,T - IPC4+A43B,5.0,5.75
2014,MY,T,T - IPC4+A23B,2.0,2.3214285714285707
2014,MY,T,T - IPC4+A01K,8.0,14.361666666666666
2014,MY,T,T - 1197027848,1.0,3.0
2014,LB,T,T - IPC4+H04M,11.0,12.926421957671954
2014,LB,T,T - IPC4+H05B,1.0,1.2
2014,JP,T,T - IPC4+A01D,160.0,180.54016933359048
2014,JP,T,T - IPC4+A01F,36.0,37.61507936507937
2014,JP,T,T - IPC4+A01K,369.0,467.3521589204543
2014,JP,T,T - IPC4+A24B,54.0,59.736767399267414
2014,JP,T,T - IPC4+A42B,23.0,30.752884615384612
2014,JP,T,T - IPC4+A43B,81.0,84.95018261184354
2014,KW,T,T - IPC4+H04R,2.0,3.1666666666666665
2014,JP,T,T - IPC4+A44B,281.0,333.55624266800726
2014,AE,T,T - IPC4+A23K,1.0,1.076923076923077
2014,KW,T,T - IPC4+F16K,1.0,1.3333333333333333
2014,KW,T,T - IPC4+F04B,1.0,5.000000000000001
2014,AZ,T,T - IPC4+A63B,1.0,1.125
2014,KW,T,T - IPC4+D06F,1.0,1.3333333333333333
2014,AZ,T,T - IPC4+B65D,2.0,3.0
2014,KW,T,T - IPC4+A61N,1.0,1.3333333333333333
2014,JP,T,T - IPC4+A47L,247.0,270.79204262112154
2014,JP,T,T - IPC4+A61B,4662.0,4870.483113667857
2014,AE,T,T - IPC4+A63B,2.0,3.5
2014,JP,T,T - IPC4+A61F,1277.0,1375.9390493907508
2014,IN,E,E - 44_14,2.0,2.125
2014,JP,T,T - IPC4+A63B,354.0,418.966907935085
2014,JP,T,T - IPC4+A63F,816.0,935.2158219231934
2014,JP,T,T - IPC4+A63H,102.0,107.64322173800346
2014,AE,T,T - IPC4+B60J,1.0,2.4
2014,AE,T,T - IPC4+B63B,2.0,3.1666666666666656
2014,JP,T,T - IPC4+B23H,128.0,205.0276223232106
2014,AE,T,T - IPC4+C12M,1.0,1.9999999999999998
2014,JP,T,T - IPC4+B25C,33.0,55.74100621600622
2014,JP,T,T - IPC4+B25J,767.0,954.3312175368987
2014,JP,T,T - IPC4+B26B,85.0,98.6993765006923
2014,AE,T,T - IPC4+E02B,2.0,2.0833333333333335
2014,IN,E,E - 37_21,49.0,54.15311355311356
2014,AE,T,T - IPC4+E21D,1.0,2.0
2014,AE,T,T - IPC4+F03B,2.0,2.2
2014,JP,T,T - IPC4+B41J,3941.0,4305.559682309191
2014,AE,T,T - IPC4+F04F,1.0,1.7142857142857137
2014,IN,E,E - 36_14,10.0,14.256060606060606
2014,JP,T,T - IPC4+B43K,69.0,96.91635767614025
2014,IN,E,E - 36_1,11.0,12.135890476487594
2014,JP,T,T - IPC4+B60C,1184.0,1428.8373473360875
2014,AE,T,T - IPC4+F23R,5.0,5.814102564102565
2014,JP,T,T - IPC4+B60N,629.0,747.006393711637
2014,JP,T,T - IPC4+B61F,83.0,111.68235930735929
2014,JP,T,T - IPC4+B61L,129.0,139.39985945427117
2014,VN,T,T - IPC4+A43B,5.0,5.106390977443608
2014,JP,T,T - IPC4+B62D,1656.0,1673.437933965407
2014,VN,T,T - IPC4+A47C,5.0,8.409523809523808
2014,VN,T,T - IPC4+A47J,1.0,2.0
2014,JP,T,T - IPC4+B65H,1577.0,1742.331790902331
2014,JP,T,T - IPC4+B66B,302.0,419.4844657194657
2014,JP,T,T - IPC4+B66D,36.0,36.759812409812405
2014,VN,T,T - IPC4+B05B,7.0,7.779641131815048
2014,JP,T,T - IPC4+B67D,127.0,127.24268889019586
2014,IN,T,T - IPC4+A01B,6.0,6.166666666666667
2014,IN,T,T - IPC4+A47J,10.0,10.587878787878786
2014,KW,E,E - 9_8,8.0,8.356829573934837
2014,IN,T,T - IPC4+B07B,13.0,27.1
2014,KW,E,E - 5_7,2.0,4.0
2014,KW,E,E - 43_5,12.0,13.733333333333333
2014,KW,E,E - 43_2,36.0,41.18030303030304
2014,KW,E,E - 43_0,1.0,2.0
2014,KW,E,E - 42_7,2.0,2.25
2014,KW,E,E - 42_20,2.0,2.25
2014,KW,E,E - 42_11,1.0,2.0
2014,KW,E,E - 3_14,2.0,2.017543859649123
2014,KW,E,E - 37_4,2.0,2.05
2014,KW,E,E - 36_1,2.0,2.1666666666666665
2014,KW,E,E - 36_10,3.0,6.0
2014,LK,E,E - 30_18,36.0,37.96393280632411
2014,JP,T,T - IPC4+D01H,49.0,60.41512376512376
2014,KW,E,E - 28_7,2.0,4.0
2014,JP,T,T - IPC4+D04B,120.0,161.06619764954837
2014,KW,E,E - 16_21,8.0,12.0
2014,JP,T,T - IPC4+D05B,103.0,163.79049707602337
2014,JP,T,T - IPC4+D06F,180.0,232.78426646882528
2014,KR,T,T - IPC4+H04N,3512.0,4282.496518805689
2014,KR,T,T - IPC4+H02P,175.0,246.06387637429503
2014,KR,T,T - IPC4+H02M,329.0,390.10724374309905
2014,KR,T,T - IPC4+H02K,440.0,604.8992168383076
2014,KR,T,T - IPC4+H02J,807.0,833.4473765820312
2014,KR,T,T - IPC4+H01Q,364.0,453.0587328265764
2014,KR,T,T - IPC4+H01M,2004.0,3663.2180329999464
2014,KR,T,T - IPC4+H01L,6917.0,8291.436550332572
2014,KR,T,T - IPC4+H01H,262.0,301.8756930161341
2014,KR,T,T - IPC4+H01G,412.0,576.0770393878315
2014,VN,T,T - IPC4+E02D,2.0,5.309523809523811
2014,KR,T,T - IPC4+G21C,68.0,95.27556022408965
2014,KR,T,T - IPC4+G11C,1270.0,1593.8636213961836
2014,KR,T,T - IPC4+G10L,385.0,411.91419538939203
2014,KR,T,T - IPC4+G09G,1666.0,1725.0168605707704
2014,KR,T,T - IPC4+G06F,6765.0,7996.0387180657
2014,KR,T,T - IPC4+G03H,48.0,49.03878066378067
2014,KR,T,T - IPC4+G03G,168.0,226.2844944269445
2014,JP,T,T - IPC4+E03D,55.0,86.4822778099094
2014,KR,T,T - IPC4+F41A,11.0,11.198809523809523
2014,KR,T,T - IPC4+F25C,47.0,50.00169013992543
2014,KR,T,T - IPC4+F25D,280.0,336.12171956010957
2014,KR,T,T - IPC4+F24F,256.0,279.5109831946519
2014,KR,T,T - IPC4+F24C,87.0,97.77081427344584
2014,KR,T,T - IPC4+F17C,85.0,95.66142076877364
2014,KR,T,T - IPC4+F16H,367.0,519.542059490647
2014,KR,T,T - IPC4+F16F,143.0,156.6280894764591
2014,KR,T,T - IPC4+F16D,153.0,187.0978593044383
2014,KR,T,T - IPC4+F15B,129.0,133.3595444588092
2014,KR,T,T - IPC4+F04C,78.0,111.87593795093795
2014,KR,T,T - IPC4+F04D,123.0,133.9917069785033
2014,KR,T,T - IPC4+F03D,92.0,95.65315517815517
2014,KR,T,T - IPC4+F02M,142.0,151.09719675749085
2014,IN,T,T - IPC4+B62K,4.0,4.027777777777778
2014,KR,T,T - IPC4+F01N,135.0,174.24583780013717
2014,KR,T,T - IPC4+F01L,41.0,52.218867243867244
2014,IN,T,T - IPC4+B62M,4.0,5.666666666666666
2014,KR,T,T - IPC4+E05B,121.0,121.45614770935978
2014,JP,T,T - IPC4+E21D,34.0,38.394588744588745
2014,KR,T,T - IPC4+E01B,10.0,10.31060606060606
2014,KR,T,T - IPC4+D06F,301.0,701.3527754902046
2014,IN,T,T - IPC4+B65G,33.0,36.006603728714715
2014,JP,T,T - IPC4+F01L,276.0,375.2297604240633
2014,KR,T,T - IPC4+C10M,23.0,25.089539981058856
2014,IL,T,T - IPC4+H03F,10.0,10.372348484848482
2014,KR,T,T - IPC4+B66B,38.0,48.5642857142857
2014,JP,T,T - IPC4+F03B,96.0,100.43943561100231
2014,KR,T,T - IPC4+B62D,382.0,426.11289263032864
2014,JP,T,T - IPC4+F03D,238.0,241.66116742803075
2014,KR,T,T - IPC4+B60W,429.0,484.36253272594485
2014,KR,T,T - IPC4+B60T,120.0,185.70835341129455
2014,KR,T,T - IPC4+B60S,62.0,94.3936507936508
2014,KR,T,T - IPC4+B60N,102.0,108.06788824202614
2014,JP,T,T - IPC4+F04B,700.0,717.1089615415278
2014,KR,T,T - IPC4+B60G,53.0,63.367625185272246
2014,KR,T,T - IPC4+B60D,2.0,2.5833333333333335
2014,JP,T,T - IPC4+F04C,480.0,634.4415338497818
2014,JP,T,T - IPC4+F04D,670.0,692.7376427891892
2014,KR,T,T - IPC4+B26B,14.0,14.50793650793651
2014,JP,T,T - IPC4+F16C,1196.0,1198.7774587741499
2014,JP,T,T - IPC4+F16H,1978.0,2040.330034159697
2014,KR,T,T - IPC4+A63H,67.0,67.10029867793025
2014,KR,T,T - IPC4+A63C,6.0,8.404761904761903
2014,KR,T,T - IPC4+A63B,241.0,244.81902287598885
2014,IL,T,T - IPC4+G10H,11.0,11.886003898635476
2014,KR,T,T - IPC4+A61C,151.0,167.73699748674173
2014,KR,T,T - IPC4+A47L,212.0,351.72143809623617
2014,KR,T,T - IPC4+A61B,1151.0,1151.0890055201414
2014,KR,T,T - IPC4+A47J,199.0,255.83005021294483
2014,KR,T,T - IPC4+A43B,98.0,103.5643739301634
2014,KR,T,T - IPC4+A42B,35.0,41.75396825396825
2014,NP,T,T - IPC4+H01G,1.0,1.1428571428571426
2014,NP,T,T - IPC4+H01S,1.0,1.400000000000001
2014,KR,T,T - IPC4+A41B,26.0,26.079761904761902
2014,NP,T,T - IPC4+H04W,15.0,15.306546703628646
2014,KR,T,T - IPC4+A24D,15.0,15.970941558441558
2014,JP,T,T - IPC4+F23R,88.0,88.79096653690306
2014,IN,T,T - IPC4+C25C,7.0,12.283333333333331
2014,MV,T,T - IPC4+H04B,1.0,1.066666666666669
2014,MV,T,T - IPC4+H04W,1.0,3.199999999999938
2014,MV,T,T - IPC4+G06Q,1.0,2.6999999999999944
2014,IL,T,T - IPC4+F16L,48.0,49.06661339158141
2014,JP,T,T - IPC4+G03G,3801.0,5453.011237646826
2014,JP,T,T - IPC4+G04B,71.0,76.32592914332045
2014,IL,T,T - IPC4+F01C,2.0,3.7380952380952412
2014,IL,T,T - IPC4+E05B,39.0,51.19755799755799
2014,JP,T,T - IPC4+G10D,54.0,82.34023199023198
2014,JP,T,T - IPC4+G10H,170.0,192.67767956681
2014,IL,T,T - IPC4+C25C,1.0,1.5
2014,JP,T,T - IPC4+G10L,593.0,598.0056785613477
2014,IL,T,T - IPC4+C22B,7.0,7.124753379612714
2014,JP,T,T - IPC4+H01H,952.0,1215.4301710349614
2014,JP,T,T - IPC4+H01M,6594.0,8062.449687863773
2014,LK,T,T - IPC4+A47C,1.0,1.0666666666666667
2014,JP,T,T - IPC4+H01Q,835.0,858.6884905836023
2014,JP,T,T - IPC4+H01R,2163.0,3250.168995199507
2014,JP,T,T - IPC4+H01T,286.0,315.28869248002707
2014,TR,T,T - IPC4+H02B,4.0,4.4
2014,TR,T,T - IPC4+G09F,8.0,10.157142857142855
2014,LK,T,T - IPC4+D06M,1.0,1.2
2014,JP,T,T - IPC4+H02K,2076.0,2962.80274880529
2014,JP,T,T - IPC4+H02P,1308.0,1399.1573914089604
2014,LK,T,T - IPC4+H01F,2.0,2.0916666666666677
2014,LK,T,T - IPC4+H01M,2.0,2.2272727272727266
2014,IL,T,T - IPC4+B66C,4.0,4.98015873015873
2014,IL,T,T - IPC4+B66B,7.0,8.883333333333333
2014,IL,T,T - IPC4+B65F,3.0,3.9
2014,TR,T,T - IPC4+F26B,8.0,8.44047619047619
2014,TR,T,T - IPC4+F16F,12.0,14.066666666666663
2014,TR,T,T - IPC4+F04B,20.0,23.97825814536341
2014,IL,T,T - IPC4+B62K,11.0,14.164652014652008
2014,SA,T,T - IPC4+H02K,1.0,1.9999999999999998
2014,SA,T,T - IPC4+G16H,5.0,9.902521008403431
2014,SA,T,T - IPC4+G09B,5.0,6.642857142857137
2014,SA,T,T - IPC4+G06V,2.0,2.333333333333333
2014,TR,T,T - IPC4+E05B,15.0,17.344642857142862
2014,TR,T,T - IPC4+E04G,2.0,3.75
2014,TR,T,T - IPC4+E03D,4.0,8.466666666666667
2014,TR,T,T - IPC4+E01H,1.0,2.0
2014,TR,T,T - IPC4+E01C,9.0,9.919554871220605
2014,TR,T,T - IPC4+C22B,3.0,9.200000000000001
2014,IL,T,T - IPC4+B60C,8.0,10.276149425287347
2014,SA,T,T - IPC4+B60W,2.0,2.1285714285714263
2014,SA,T,T - IPC4+B60K,1.0,1.9285714285714264
2014,SA,T,T - IPC4+A62B,3.0,3.041666666666667
2014,SA,T,T - IPC4+A61B,15.0,28.378341711496915
2014,SA,T,T - IPC4+A47C,3.0,3.928571428571426
2014,TR,T,T - IPC4+B66B,4.0,6.614285714285716
2014,TR,T,T - IPC4+B61F,2.0,2.2142857142857135
2014,TR,T,T - IPC4+B60S,5.0,6.0
2014,TR,T,T - IPC4+B21C,1.0,1.333333333333333
2014,IL,T,T - IPC4+B23C,71.0,81.54442801033191
2014,IL,T,T - IPC4+B23B,100.0,145.6194542978005
2014,TR,T,T - IPC4+A61K,211.0,230.57856271375448
2014,TR,T,T - IPC4+A61G,5.0,5.432234432234431
2014,TR,T,T - IPC4+A61C,8.0,10.047619047619047
2014,TR,T,T - IPC4+A24B,2.0,3.0
2014,IL,T,T - IPC4+A61C,80.0,81.03871037564583
2014,IL,T,T - IPC4+A43B,13.0,14.016984126984124
2014,IL,T,T - IPC4+A24F,18.0,22.412155388471174
2014,IL,T,T - IPC4+A24D,4.0,4.529761904761903
2014,IL,T,T - IPC4+A01M,8.0,10.484848484848484
2014,OM,E,E - 35_17,1.0,2.0
2014,OM,E,E - 4_6,1.0,2.0
2014,SA,E,E - 43_7,8.0,12.2
2014,SA,E,E - 43_2,18.0,22.2
2014,SA,E,E - 43_0,1.0,2.0
2014,SA,E,E - 41_12,10.0,14.0
2014,SA,E,E - 3_21,1.0,2.0
2014,SA,E,E - 38_19,5.0,6.041666666666666
2014,SA,E,E - 35_23,2.0,3.0
2014,SA,E,E - 35_20,5.0,10.0
2014,SA,E,E - 28_0,4.0,5.0
2014,SA,E,E - 21_9,1.0,2.0
2014,SA,E,E - 19_0,2.0,3.0
2014,KP,T,T - IPC4+H04N,10.0,12.39899930986883
2014,KP,T,T - IPC4+H01M,5.0,6.16666666666667
2014,KP,T,T - IPC4+G09G,1.0,2.0
2014,KP,T,T - IPC4+G03G,1.0,1.5000000000000002
2014,KP,T,T - IPC4+F01L,1.0,1.333333333333333
2014,KP,T,T - IPC4+D06F,1.0,3.3409090909091015
2014,KP,T,T - IPC4+B23K,2.0,2.045454545454545
2014,KP,T,T - IPC4+A62B,1.0,4.125
2014,KP,T,T - IPC4+A61C,1.0,2.1875
2014,KP,T,T - IPC4+A47J,1.0,2.6666666666666647
2014,KP,T,T - IPC4+A41D,1.0,1.375
2014,ID,T,T - IPC4+H02K,1.0,1.5
2014,ID,T,T - IPC4+H01R,8.0,8.200919450919454
2014,ID,T,T - IPC4+G10L,4.0,5.449953980671782
2014,KP,E,E - 5_18,2.0,2.142857142857143
2014,MM,T,T - IPC4+A61P,2.0,2.116666666666668
2014,CY,T,T - IPC4+G05F,1.0,2.0
2014,CY,T,T - IPC4+F03D,1.0,1.9999999999999998
2014,CY,T,T - IPC4+E02B,1.0,1.5999999999999999
2014,CY,T,T - IPC4+B60H,1.0,2.0
2014,SY,E,E - 16_20,6.0,6.114285714285714
2014,SY,E,E - 1_0,1.0,2.0
2014,SY,E,E - 20_1,1.0,2.0
2014,SY,E,E - 25_15,2.0,2.1666666666666665
2014,SY,E,E - 25_7,7.0,12.166666666666668
2014,SY,E,E - 29_1,1.0,2.0
2014,SY,E,E - 29_15,1.0,2.0
2014,SY,E,E - 32_4,2.0,2.25
2014,SY,E,E - 35_17,2.0,4.0
2014,SY,E,E - 35_21,2.0,2.066666666666667
2014,SY,E,E - 3_14,2.0,2.0256410256410255
2014,SY,E,E - 3_21,2.0,2.0256410256410255
2014,SY,E,E - 3_3,10.0,11.473260073260073
2014,SY,E,E - 41_3,1.0,2.0
2014,SY,E,E - 42_0,1.0,2.0
2014,SY,E,E - 5_20,3.0,3.0256410256410255
2014,ID,T,T - IPC4+A61C,1.0,2.0
2014,ID,T,T - IPC4+A47J,2.0,3.0
2014,IR,T,T - IPC4+F03B,2.0,2.5067415730337075
2014,IR,T,T - IPC4+E06B,1.0,2.500000000000001
2014,ID,T,T - IPC4+A24B,1.0,1.9999999999999998
2014,IR,T,T - IPC4+C22B,1.0,1.4999999999999996
2014,PH,E,E - 7_11,2.0,2.090909090909091
2014,ID,T,T - IPC4+A01K,2.0,3.375
2014,JO,E,E - 16_20,5.0,6.0625
2014,JO,E,E - 16_21,3.0,3.0434782608695654
2014,IR,T,T - IPC4+B60J,1.0,1.2499999999999998
2014,JO,E,E - 35_1,2.0,2.1
2014,JO,E,E - 35_17,2.0,3.0
2014,JO,E,E - 35_20,2.0,2.111111111111111
2014,JO,E,E - 38_8,1.0,2.0
2014,BD,T,T - IPC4+H01S,1.0,1.111111111111111
2014,JO,E,E - 3_2,4.0,4.2
2014,JO,E,E - 41_26,22.0,42.33333333333333
2014,JO,E,E - 43_0,5.0,7.0
2014,JO,E,E - 43_7,2.0,3.0
2014,JO,E,E - 45_3,1.0,2.0
2014,JO,E,E - 5_7,7.0,8.633333333333333
2014,JO,E,E - 9_8,2.0,2.142857142857143
2014,VN,E,E - 20_8,5.0,5.833333333333334
2014,PH,T,T - IPC4+A24D,2.0,3.0375000000000005
2014,PH,T,T - IPC4+A61B,10.0,13.40725108225108
2014,PH,T,T - IPC4+B60S,2.0,2.1666666666666665
2014,PH,T,T - IPC4+B65D,12.0,13.635185185185186
2014,PH,T,T - IPC4+C22B,2.0,3.122222222222223
2014,PH,T,T - IPC4+F25B,1.0,1.5
2014,PH,T,T - IPC4+G03G,5.0,10.394841269841267
2014,BH,T,T - IPC4+C22B,1.0,1.2
2014,PH,T,T - IPC4+G08B,1.0,1.1666666666666665
2014,PH,T,T - IPC4+G10D,1.0,1.9999999999999998
2014,PH,T,T - IPC4+G16H,2.0,3.266666666666666
2014,VN,E,E - 16_3,3.0,4.0
2014,GE,T,T - IPC4+E05B,1.0,2.0
2014,GE,T,T - IPC4+D06M,1.0,1.181818181818181
2014,GE,T,T - IPC4+C25B,1.0,2.0
2014,GE,T,T - IPC4+A61F,2.0,2.0083333333333333
2014,UZ,T,T - IPC4+A47J,1.0,2.444444444444445
2014,UZ,T,T - IPC4+B01F,1.0,1.2222222222222225
2014,UZ,T,T - IPC4+E21B,1.0,1.5
2014,UZ,T,T - IPC4+F25B,1.0,2.5000000000000004
2014,UZ,T,T - IPC4+H04N,2.0,2.7333333333333334
2014,PK,T,T - IPC4+C10M,1.0,1.7333333333333354
2014,PK,T,T - IPC4+F26B,1.0,2.0
2014,PK,T,T - IPC4+G16H,2.0,2.239669421487606
2014,BH,E,E - 38_19,9.0,10.2
2014,BH,E,E - 35_25,1.0,2.0
2014,KH,T,T - IPC4+C07D,2.0,2.208333333333323
2014,QA,T,T - IPC4+F16H,1.0,1.8148148148148129
2014,QA,T,T - IPC4+F02C,1.0,1.1842105263157896
2014,GE,E,E - 1_8,1.0,2.0
2014,JO,T,T - IPC4+G11C,2.0,2.0714285714285703
2014,JO,T,T - IPC4+F24F,1.0,2.0
2014,JO,T,T - IPC4+F16H,1.0,1.8148148148148129
2014,JO,T,T - IPC4+E01F,1.0,1.5000000000000002
2014,JO,T,T - IPC4+C10G,5.0,6.656882591093118
2014,TH,T,T - IPC4+A23G,4.0,5.1159722222222195
2014,TH,T,T - IPC4+A44C,5.0,9.047619047619044
2014,TH,T,T - IPC4+A61J,6.0,7.2896825396825395
2014,TH,T,T - IPC4+A63B,6.0,12.84545454545455
2014,TH,T,T - IPC4+B28B,3.0,3.158730158730158
2014,QA,E,E - 43_2,7.0,9.5
2014,QA,E,E - 43_3,1.0,2.0
2014,QA,E,E - 42_6,2.0,2.0256410256410255
2014,TH,T,T - IPC4+B60W,2.0,2.026785714285715
2014,QA,E,E - 40_3,2.0,4.0
2014,TH,T,T - IPC4+C22B,1.0,1.1666666666666665
2014,TH,T,T - IPC4+F02G,1.0,1.2
2014,TH,T,T - IPC4+F01K,1.0,1.3333333333333333
2014,TH,T,T - IPC4+F22B,1.0,1.4285714285714282
2014,TH,T,T - IPC4+F24D,1.0,1.4285714285714282
2014,TH,T,T - IPC4+F24H,5.0,5.763492063492063
2014,QA,E,E - 25_15,3.0,4.0
2014,TH,T,T - IPC4+G01V,1.0,1.5
2014,JO,T,T - IPC4+B01F,1.0,1.8333333333333335
2014,JO,T,T - IPC4+A61G,1.0,2.0
2014,JO,T,T - IPC4+A61B,5.0,5.7978260869565155
2014,IL,E,E - 33_13,8.0,8.4
2014,CN,T,T - IPC4+F03B,80.0,86.72021195933019
2014,CN,T,T - IPC4+E21C,53.0,59.088820470716996
2014,CN,T,T - IPC4+E06B,176.0,179.64900771425357
2014,CN,T,T - IPC4+D06F,200.0,228.74951437451438
2014,CN,T,T - IPC4+B65C,18.0,20.201898101898102
2014,CN,T,T - IPC4+B61F,27.0,32.965811965811966
2014,AM,T,T - IPC4+A01G,1.0,1.5
2014,CN,T,T - IPC4+A62D,38.0,38.13470467441055
2014,CN,T,T - IPC4+A24C,8.0,9.036255411255407
2014,AM,T,T - IPC4+G08G,1.0,2.0000000000000004
2014,AM,T,T - IPC4+F03D,1.0,1.9999999999999998
2014,AM,T,T - IPC4+C30B,1.0,1.2499999999999998
2014,AM,T,T - IPC4+C22B,1.0,3.0
2014,AM,T,T - IPC4+A61C,1.0,1.5
2015,AM,T,T - IPC4+B65G,1.0,6.000000000000002
2015,AM,T,T - IPC4+G11C,2.0,3.8888888888888893
2015,CN,T,T - IPC4+B25C,24.0,27.31190476190476
2015,CN,T,T - IPC4+B61F,40.0,44.1968253968254
2015,CN,T,T - IPC4+B62B,96.0,99.22945942945941
2015,CN,T,T - IPC4+B65C,21.0,22.368861211252515
2015,CN,T,T - IPC4+B66B,132.0,136.47752525252528
2015,CN,T,T - IPC4+C14C,11.0,13.322552447552447
2015,CN,T,T - IPC4+D06F,273.0,293.3729392321821
2015,CN,T,T - IPC4+E21C,60.0,74.87179802955664
2015,CN,T,T - IPC4+G21C,75.0,79.76634199134202
2015,QA,E,E - 25_4,2.0,3.0
2015,QA,E,E - 28_2,2.0,3.0
2015,QA,E,E - 40_12,2.0,2.5
2015,QA,E,E - 41_14,3.0,4.111111111111111
2015,QA,E,E - 42_18,3.0,6.0
2015,QA,E,E - 43_2,19.0,22.999999999999996
2015,QA,E,E - 44_0,2.0,2.5
2015,QA,E,E - 44_2,2.0,2.5
2015,QA,E,E - 6_0,2.0,2.5
2015,TM,E,E - 9_17,1.0,2.0
2015,ID,E,E - 19_8,10.0,14.0
2015,ID,E,E - 17_10,1.0,2.0
2015,QA,T,T - IPC4+A42B,1.0,1.5000000000000002
2015,QA,T,T - IPC4+A61J,1.0,1.3333333333333333
2015,QA,T,T - IPC4+B66B,1.0,2.666666666666667
2015,QA,T,T - IPC4+F01D,1.0,1.368421052631578
2015,QA,T,T - IPC4+F02B,1.0,1.4999999999999987
2015,QA,T,T - IPC4+F02C,2.0,2.010526315789471
2015,KH,T,T - IPC4+G05F,2.0,2.0714285714285716
2015,PK,T,T - IPC4+C11D,1.0,1.9999999999999998
2015,PK,T,T - IPC4+A61G,1.0,2.25
2015,UZ,T,T - IPC4+C12Q,1.0,2.0000000000000004
2015,UZ,T,T - IPC4+A45D,1.0,1.125
2015,TH,T,T - IPC4+H01R,1.0,1.125
2015,TH,T,T - IPC4+F15D,1.0,1.5
2015,JO,T,T - IPC4+B60B,1.0,2.25
2015,IL,E,E - 41_13,2.0,8.029411764705882
2015,IL,E,E - 41_16,57.0,61.62275422118303
2015,TH,T,T - IPC4+C25B,3.0,3.3939393939393936
2015,TH,T,T - IPC4+B64C,4.0,4.474025974025974
2015,JO,T,T - IPC4+B66B,1.0,2.666666666666667
2015,TH,T,T - IPC4+B41F,2.0,2.7142857142857135
2015,TH,T,T - IPC4+B03C,1.0,2.333333333333334
2015,PK,E,E - 35_24,2.0,2.2
2015,TH,T,T - IPC4+A63B,5.0,6.207792207792209
2015,PK,E,E - 34_1,1.0,2.0
2015,TH,T,T - IPC4+A47J,6.0,7.531096681096666
2015,PK,E,E - 20_8,2.0,3.0
2015,TH,T,T - IPC4+A44C,2.0,2.5714285714285716
2015,VN,E,E - 16_8,3.0,3.25
2015,PK,E,E - 16_1,3.0,4.0
2015,PH,T,T - IPC4+H03K,1.0,3.0
2015,TH,T,T - IPC4+A23F,4.0,5.110209235209226
2015,PH,T,T - IPC4+H01H,7.0,9.464624143971971
2015,PH,T,T - IPC4+G06Q,33.0,35.909534772904905
2015,TH,T,T - IPC4+A01G,3.0,3.8
2015,PH,T,T - IPC4+G03G,5.0,7.493326118326117
2015,PH,T,T - IPC4+F16K,5.0,5.450793650793652
2015,PH,T,T - IPC4+F03D,2.0,3.2
2015,PH,T,T - IPC4+E05B,4.0,4.124999999999998
2015,PH,T,T - IPC4+E04B,4.0,4.265909090909092
2015,PH,T,T - IPC4+A24B,2.0,3.25
2015,PH,E,E - 9_21,4.0,6.2
2015,PH,E,E - 38_20,4.0,6.0
2015,PH,E,E - 32_8,3.0,3.125
2015,PH,E,E - 30_9,7.0,8.0
2015,PH,E,E - 30_15,7.0,7.333333333333334
2015,PH,E,E - 29_21,4.0,4.533333333333334
2015,IR,T,T - IPC4+E06B,2.0,2.5
2015,IL,E,E - 6_14,2.0,4.0
2015,ID,T,T - IPC4+A43B,3.0,3.598534798534791
2015,ID,T,T - IPC4+A47J,4.0,6.120202020202021
2015,ID,T,T - IPC4+A61C,2.0,2.54040404040404
2015,ID,T,T - IPC4+B23K,1.0,1.125
2015,ID,T,T - IPC4+B41J,2.0,5.0
2015,ID,T,T - IPC4+B65D,12.0,12.55793650793651
2015,TM,T,T - IPC4+A61L,1.0,1.1785714285714286
2015,ID,T,T - IPC4+E02D,2.0,5.8571428571428585
2015,ID,T,T - IPC4+F02B,2.0,3.043956043956044
2015,CY,T,T - IPC4+A63F,4.0,4.446428571428571
2015,KP,E,E - 1_16,2.0,3.0
2015,KP,E,E - 7_1,4.0,4.066666666666666
2015,ID,T,T - IPC4+G10L,4.0,5.396724957815579
2015,ID,T,T - IPC4+H04R,3.0,3.0062893081761013
2015,AE,E,E - 10_5,3.0,3.5
2015,TH,E,E - 7_7,1.0,2.0
2015,OM,T,T - IPC4+H02M,1.0,1.48148148148148
2015,KP,T,T - IPC4+A23K,1.0,2.25
2015,KP,T,T - IPC4+B23K,2.0,5.09090909090909
2015,KP,T,T - IPC4+B62M,1.0,1.875
2015,KP,T,T - IPC4+D06F,1.0,4.295454545454558
2015,KP,T,T - IPC4+G05G,1.0,1.125
2015,KP,T,T - IPC4+H04N,7.0,7.168124568668046
2015,SA,E,E - 12_2,8.0,11.002487562189055
2015,SA,E,E - 17_0,3.0,4.002487562189055
2015,SA,E,E - 28_7,2.0,2.0434782608695654
2015,SA,E,E - 28_2,1.0,2.0
2015,SA,E,E - 35_11,2.0,2.0256410256410255
2015,SA,E,E - 35_9,4.0,5.0256410256410255
2015,SA,E,E - 37_6,3.0,3.0024875621890548
2015,SA,E,E - 40_3,2.0,3.0
2015,SA,E,E - 42_14,2.0,2.0024875621890548
2015,SA,E,E - 43_0,3.0,4.0
2015,SA,E,E - 43_2,31.0,39.117816091954026
2015,SA,E,E - 44_7,2.0,3.0
2015,TH,E,E - 28_10,2.0,4.0
2015,OM,E,E - 43_2,1.0,2.0
2015,OM,E,E - 3_3,3.0,4.333333333333333
2015,OM,E,E - 35_9,2.0,3.0
2015,OM,E,E - 30_3,1.0,2.0
2015,OM,E,E - 30_11,2.0,2.076923076923077
2015,OM,E,E - 29_7,3.0,3.076923076923077
2015,SA,T,T - IPC4+A45D,2.0,2.833333333333333
2015,SA,T,T - IPC4+B25J,3.0,3.1388888888888893
2015,SA,T,T - IPC4+B26B,1.0,1.9999999999999998
2015,SA,T,T - IPC4+B42D,1.0,1.1428571428571426
2015,SA,T,T - IPC4+D06F,1.0,2.0
2015,SA,T,T - IPC4+F02K,2.0,2.3333333333333335
2015,SA,T,T - IPC4+G10L,3.0,3.2333333333333343
2015,SA,T,T - IPC4+H01P,2.0,2.5
2015,JP,T,T - IPC4+H02K,2245.0,2887.751768617937
2015,BH,E,E - 17_0,1.0,2.0
2015,JP,T,T - IPC4+H01T,254.0,288.97390587886116
2015,JP,T,T - IPC4+H01R,2110.0,3062.53000898882
2015,JP,T,T - IPC4+H01Q,893.0,932.6260964024448
2015,JP,T,T - IPC4+H01M,6268.0,7823.364616657069
2015,JP,T,T - IPC4+H01H,1044.0,1356.9088143727613
2015,JP,T,T - IPC4+G10H,130.0,139.95801740529998
2015,BH,E,E - 43_2,6.0,7.0
2015,JP,T,T - IPC4+G10D,42.0,53.409343434343434
2015,AE,E,E - 45_5,1.0,2.0
2015,JP,T,T - IPC4+G04B,69.0,77.54654736225942
2015,JP,T,T - IPC4+G03G,3940.0,5300.416292986297
2015,IN,T,T - IPC4+E01H,1.0,2.0
2015,JP,T,T - IPC4+G01F,423.0,428.4732318576224
2015,JP,T,T - IPC4+F41A,3.0,5.0
2015,JP,T,T - IPC4+F25C,19.0,20.639321789321787
2015,NP,T,T - IPC4+H04W,12.0,18.405594296515847
2015,KR,T,T - IPC4+A41B,29.0,39.06111111111111
2015,KR,T,T - IPC4+A43B,90.0,95.92359995077386
2015,KR,T,T - IPC4+A43C,22.0,23.510740949871384
2015,KR,T,T - IPC4+A45D,326.0,327.49009800828685
2015,KR,T,T - IPC4+A47D,11.0,16.799999999999997
2015,KR,T,T - IPC4+A47J,230.0,294.6006381045854
2015,KR,T,T - IPC4+A47L,243.0,349.5842175471586
2015,KR,T,T - IPC4+A61C,211.0,239.61452420128893
2015,JP,T,T - IPC4+F16K,771.0,772.8406846472602
2015,KR,T,T - IPC4+A62B,65.0,65.38095238095238
2015,KR,T,T - IPC4+A63C,13.0,15.927380952380952
2015,JP,T,T - IPC4+F16H,2229.0,2296.5629211392334
2015,JP,T,T - IPC4+F16F,850.0,876.402287722186
2015,KR,T,T - IPC4+B07C,25.0,25.915151515151507
2015,KR,T,T - IPC4+B23H,3.0,4.114285714285714
2015,KR,T,T - IPC4+B23K,307.0,325.549908755675
2015,KR,T,T - IPC4+B26B,19.0,23.107936507936508
2015,JP,T,T - IPC4+F04D,784.0,851.713565385215
2015,KR,T,T - IPC4+B60C,89.0,93.21166333932479
2015,JP,T,T - IPC4+F04C,586.0,673.4434513645026
2015,KR,T,T - IPC4+B60G,62.0,79.88284934020228
2015,KR,T,T - IPC4+B60N,129.0,148.23941133093214
2015,KR,T,T - IPC4+B60T,156.0,194.6450720439692
2015,KR,T,T - IPC4+B60S,68.0,93.21669996669999
2015,KR,T,T - IPC4+B62B,25.0,25.247619047619047
2015,KR,T,T - IPC4+B62K,56.0,78.07728105228105
2015,KR,T,T - IPC4+B62M,58.0,58.832692307692305
2015,KR,T,T - IPC4+B65C,5.0,5.010989010989011
2015,KR,T,T - IPC4+B66B,42.0,63.13809523809523
2015,KR,T,T - IPC4+C12G,8.0,8.305882352941175
2015,IN,T,T - IPC4+B66B,7.0,8.383333333333333
2015,JP,T,T - IPC4+F01L,370.0,431.3819412613531
2015,IN,T,T - IPC4+B65G,37.0,42.32614491486774
2015,KR,T,T - IPC4+D05B,22.0,24.29832667332667
2015,KR,T,T - IPC4+D06F,394.0,841.8496540016195
2015,KR,T,T - IPC4+E01B,5.0,5.208333333333333
2015,KR,T,T - IPC4+E01H,8.0,8.392857142857142
2015,KR,T,T - IPC4+E02D,93.0,94.15580114330113
2015,JP,T,T - IPC4+E21D,38.0,41.074242424242414
2015,KR,T,T - IPC4+E03D,57.0,66.91630591630593
2015,KR,T,T - IPC4+E05B,137.0,137.13692846541142
2015,KR,T,T - IPC4+F01L,68.0,99.86906426906428
2015,KR,T,T - IPC4+F01N,149.0,157.69330916992206
2015,KR,T,T - IPC4+F01P,97.0,98.04404757823878
2015,KR,T,T - IPC4+F03D,87.0,92.3318031641561
2015,KR,T,T - IPC4+F04B,121.0,121.23440053126755
2015,KR,T,T - IPC4+F04C,92.0,122.31819104098516
2015,KR,T,T - IPC4+F04D,129.0,137.16887028273624
2015,KR,T,T - IPC4+F16H,424.0,533.1368533513273
2015,KR,T,T - IPC4+F24F,354.0,442.058774074584
2015,KR,T,T - IPC4+F25C,68.0,72.619165719901
2015,KR,T,T - IPC4+F25D,292.0,304.89880212838415
2015,JP,T,T - IPC4+E03D,74.0,118.4288211788212
2015,KR,T,T - IPC4+G03G,137.0,193.93003703750242
2015,KR,T,T - IPC4+G03H,57.0,57.66695526695526
2015,KR,T,T - IPC4+G06F,7407.0,8003.124171325343
2015,JP,T,T - IPC4+E01H,30.0,34.84783272283272
2015,KR,T,T - IPC4+G10D,12.0,12.416666666666666
2015,KR,T,T - IPC4+G11C,1301.0,1596.6534005354495
2015,KR,T,T - IPC4+G21C,57.0,67.09417964814384
2015,KR,T,T - IPC4+H01F,493.0,503.5371656374307
2015,KR,T,T - IPC4+H01H,315.0,462.52609410535376
2015,KR,T,T - IPC4+H01G,413.0,526.3045063645534
2015,KR,T,T - IPC4+H01M,2100.0,4012.3991883247886
2015,KR,T,T - IPC4+H01L,6525.0,7169.371743013175
2015,KR,T,T - IPC4+H01Q,375.0,455.79245239195455
2015,KR,T,T - IPC4+H01R,351.0,393.34803379677345
2015,KR,T,T - IPC4+H02K,414.0,481.29783678317926
2015,KR,T,T - IPC4+H02M,404.0,490.3280035060248
2015,KR,T,T - IPC4+H02P,214.0,253.35701512636862
2015,KR,T,T - IPC4+H04N,3860.0,5023.875775554847
2015,JP,T,T - IPC4+D06F,229.0,303.2871478780403
2015,JP,T,T - IPC4+D05B,119.0,195.79206349206356
2015,JP,T,T - IPC4+D04B,110.0,125.3470287581356
2015,JP,T,T - IPC4+D01H,76.0,94.44447496947497
2015,KW,E,E - 31_2,3.0,4.0
2015,KW,E,E - 35_17,6.0,10.0
2015,KW,E,E - 35_20,1.0,2.0
2015,KW,E,E - 38_17,1.0,2.0
2015,KW,E,E - 38_9,1.0,2.0
2015,KW,E,E - 3_3,11.0,12.666666666666668
2015,KW,E,E - 41_10,3.0,5.0
2015,KW,E,E - 43_2,12.0,16.023689374824784
2015,IN,T,T - IPC4+B07B,12.0,30.888888888888896
2015,JP,T,T - IPC4+C10B,89.0,90.56483289373315
2015,IN,T,T - IPC4+A43B,3.0,4.9107142857142785
2015,JP,T,T - IPC4+C06B,7.0,8.81456043956044
2015,JP,T,T - IPC4+B67D,119.0,133.99036366332382
2015,JP,T,T - IPC4+B66D,39.0,44.441541465070884
2015,JP,T,T - IPC4+B66B,318.0,423.21171687789325
2015,JP,T,T - IPC4+B65H,1767.0,1886.0183317133879
2015,JP,T,T - IPC4+B62D,1801.0,1819.8762242116766
2015,JP,T,T - IPC4+B60N,694.0,840.9123693293005
2015,JP,T,T - IPC4+B60C,1266.0,1492.78682379009
2015,JP,T,T - IPC4+B43K,90.0,139.03903772787538
2015,JP,T,T - IPC4+B41J,4505.0,4694.765480836707
2015,JP,T,T - IPC4+B26B,72.0,81.17616749865205
2015,JP,T,T - IPC4+B25J,900.0,982.1434840113608
2015,JP,T,T - IPC4+B25D,78.0,78.99605949605953
2015,JP,T,T - IPC4+B25C,33.0,46.03001443001444
2015,JP,T,T - IPC4+B23H,129.0,212.96997247391985
2015,JP,T,T - IPC4+A63F,742.0,854.8101540486651
2015,JP,T,T - IPC4+A63B,436.0,519.5898120605495
2015,JP,T,T - IPC4+A61F,1359.0,1494.940911365682
2015,GE,T,T - IPC4+G10L,1.0,2.1875
2015,JP,T,T - IPC4+A47L,250.0,282.4207790671128
2015,GE,T,T - IPC4+H04S,1.0,1.3125
2015,KW,T,T - IPC4+C02F,3.0,3.4301587301587313
2015,KW,T,T - IPC4+G02C,1.0,1.9999999999999998
2015,KW,T,T - IPC4+G06Q,4.0,5.333333333333334
2015,JP,T,T - IPC4+A44B,305.0,372.0237562218444
2015,JP,T,T - IPC4+A43B,99.0,106.52478053347616
2015,JP,T,T - IPC4+A42B,34.0,45.2924963924964
2015,JP,T,T - IPC4+A24B,59.0,59.13904082029082
2015,BH,T,T - IPC4+B32B,1.0,1.4782608695652166
2015,BH,T,T - IPC4+F24S,1.0,1.1428571428571426
2015,JP,T,T - IPC4+A21C,42.0,43.38492063492063
2015,JP,T,T - IPC4+A01K,419.0,585.8405150711005
2015,JP,T,T - IPC4+A01D,173.0,181.02195957207562
2015,YE,E,E - 12_2,1.0,2.0
2015,JO,E,E - 5_7,13.0,14.21590909090909
2015,JO,E,E - 42_2,2.0,3.0
2015,AM,E,E - 34_1,15.0,26.366666666666664
2015,YE,E,E - 5_7,1.0,2.0
2015,JO,E,E - 3_14,3.0,4.090909090909091
2015,JO,E,E - 36_8,2.0,3.0
2015,KZ,T,T - IPC4+A62B,1.0,1.3333333333333333
2015,KZ,T,T - IPC4+B02C,1.0,2.5
2015,JO,E,E - 35_17,4.0,6.0476190476190474
2015,BD,T,T - IPC4+G01B,2.0,2.291666666666668
2015,KZ,T,T - IPC4+B65G,2.0,2.333333333333334
2015,KZ,T,T - IPC4+C09J,1.0,1.1666666666666665
2015,KZ,T,T - IPC4+F23C,1.0,2.6666666666666665
2015,KZ,T,T - IPC4+H02K,2.0,2.999999999999999
2015,KZ,T,T - IPC4+H01M,2.0,3.0
2015,BD,T,T - IPC4+A23L,1.0,1.5999999999999999
2015,JO,E,E - 25_7,2.0,4.0
2015,JO,E,E - 25_13,5.0,5.25
2015,JO,E,E - 1_0,1.0,2.0
2015,SG,T,T - IPC4+A01G,13.0,13.304662698412702
2015,SG,T,T - IPC4+A21C,7.0,8.00952380952381
2015,SG,T,T - IPC4+A42B,1.0,1.2
2015,SG,T,T - IPC4+A47K,4.0,6.083333333333333
2015,SG,T,T - IPC4+A62B,6.0,8.544537815126052
2015,SG,T,T - IPC4+B23C,1.0,1.1428571428571426
2015,SG,T,T - IPC4+B22D,9.0,10.688311688311686
2015,SG,T,T - IPC4+B60B,1.0,1.3333333333333337
2015,SG,T,T - IPC4+B62K,9.0,10.690476190476184
2015,SG,T,T - IPC4+C05F,2.0,3.6333333333333298
2015,SG,T,T - IPC4+E03B,2.0,2.025
2015,SG,T,T - IPC4+E04G,9.0,9.920238095238092
2015,SG,T,T - IPC4+F02M,1.0,2.999999999999999
2015,SG,T,T - IPC4+F16G,2.0,2.619047619047619
2015,SG,T,T - IPC4+F24C,2.0,3.06
2015,SG,T,T - IPC4+F25J,4.0,5.97037037037037
2015,SG,T,T - IPC4+G09B,17.0,17.538375350140054
2015,SG,T,T - IPC4+H03F,7.0,7.677777777777777
2015,LA,T,T - IPC4+C23C,4.0,4.5993589743589745
2015,LB,E,E - 10_4,3.0,4.0
2015,LB,E,E - 11_15,1.0,2.0
2015,LB,E,E - 12_7,2.0,3.0
2015,LB,E,E - 16_21,4.0,5.0
2015,LB,E,E - 29_18,4.0,6.025
2015,LB,E,E - 35_23,2.0,2.0064102564102564
2015,LB,E,E - 36_11,13.0,26.0
2015,LB,E,E - 9_25,16.0,26.028643457991286
2015,MY,T,T - IPC4+G02C,1.0,1.5
2015,MY,T,T - IPC4+F16J,3.0,4.07142857142857
2015,MY,T,T - IPC4+F02F,3.0,3.25
2015,MY,T,T - IPC4+E04H,6.0,8.254545454545454
2015,MY,T,T - IPC4+B66C,2.0,2.5833333333333335
2015,MY,T,T - IPC4+B62J,1.0,1.5
2015,LB,T,T - IPC4+A43B,1.0,2.0
2015,LB,T,T - IPC4+A47J,2.0,2.0727272727272728
2015,MY,T,T - IPC4+B07B,1.0,1.25
2015,MY,T,T - IPC4+A61M,43.0,47.93946608946608
2015,MY,T,T - IPC4+A47B,4.0,4.6
2015,MY,T,T - IPC4+A01K,15.0,19.88324404761904
2015,LB,T,T - IPC4+C25B,2.0,2.4999999999999996
2015,LB,T,T - IPC4+F16H,1.0,1.75
2015,LB,T,T - IPC4+H04M,5.0,6.453174603174606
2015,SY,E,E - 5_10,4.0,4.149456521739131
2015,SY,E,E - 3_9,2.0,3.0
2015,SY,E,E - 41_3,1.0,2.0
2015,SY,E,E - 3_14,1.0,2.0
2015,SY,E,E - 35_17,4.0,6.045454545454545
2015,SY,E,E - 30_3,7.0,9.133333333333333
2015,SY,E,E - 25_7,3.0,4.076923076923077
2015,SY,E,E - 25_15,2.0,2.076923076923077
2015,SY,E,E - 25_13,6.0,8.0
2015,SY,E,E - 1_15,1.0,2.0
2015,AZ,T,T - IPC4+A01B,1.0,1.8000000000000005
2015,AZ,T,T - IPC4+A23F,1.0,2.0
2015,AZ,T,T - IPC4+E02F,1.0,1.8000000000000005
2015,AE,T,T - IPC4+A61M,10.0,10.424786324786325
2015,AE,T,T - IPC4+A63B,1.0,3.0
2015,AE,T,T - IPC4+B60L,1.0,1.7999999999999998
2015,TR,E,E - 33_13,3.0,4.016666666666667
2015,AE,T,T - IPC4+C10M,1.0,1.1249999999999998
2015,VN,T,T - IPC4+A47C,3.0,8.485714285714286
2015,VN,T,T - IPC4+A47J,1.0,4.0
2015,AE,T,T - IPC4+G10L,1.0,1.382716049382721
2015,IN,E,E - 29_13,2.0,2.0434782608695654
2015,AE,T,T - IPC4+H10N,2.0,2.933333333333333
2015,IN,E,E - 27_4,2.0,4.0
2015,IN,E,E - 1_2,1.0,2.0
2015,LK,E,E - 1_10,1.0,2.0
2015,MM,T,T - IPC4+H01L,2.0,2.3080645161290487
2015,LK,E,E - 41_13,1.0,2.0
2015,VN,T,T - IPC4+F16H,1.0,1.3333333333333333
2015,VN,T,T - IPC4+F23G,1.0,1.6666666666666667
2015,IL,T,T - IPC4+H02B,2.0,3.0666666666666664
2015,IL,T,T - IPC4+H01M,74.0,76.73488609611017
2015,IL,T,T - IPC4+G10H,9.0,12.499999999999998
2015,IL,T,T - IPC4+G10D,4.0,4.375
2015,VN,T,T - IPC4+H02M,3.0,3.499999999999999
2015,MV,T,T - IPC4+G06Q,1.0,2.6999999999999944
2015,IL,T,T - IPC4+E05F,4.0,7.688311688311672
2015,IL,T,T - IPC4+E05B,39.0,50.77238594738595
2015,IL,T,T - IPC4+E03D,4.0,4.417857142857143
2015,IL,T,T - IPC4+C10J,2.0,2.1666666666666665
2015,LK,T,T - IPC4+A01G,1.0,2.0
2015,LK,T,T - IPC4+B23K,1.0,1.5
2015,LK,T,T - IPC4+B24D,1.0,1.6000000000000016
2015,TR,T,T - IPC4+H02K,19.0,26.267361111111107
2015,TR,T,T - IPC4+G10D,1.0,3.0
2015,LK,T,T - IPC4+G10L,7.0,9.161814220637748
2015,LK,T,T - IPC4+H01R,2.0,4.0
2015,LK,T,T - IPC4+H01M,2.0,2.264705882352941
2015,LK,T,T - IPC4+H02B,2.0,4.0
2015,TR,T,T - IPC4+F41A,4.0,4.4
2015,TR,T,T - IPC4+F04B,35.0,43.95512820512821
2015,IL,T,T - IPC4+B62K,17.0,36.03795787545784
2015,TR,T,T - IPC4+F01P,5.0,5.166666666666666
2015,TR,T,T - IPC4+F01K,1.0,1.4
2015,TR,T,T - IPC4+E05B,23.0,24.074242424242428
2015,TR,T,T - IPC4+E04G,3.0,5.5
2015,TR,T,T - IPC4+E04B,14.0,14.590286796536798
2015,TR,T,T - IPC4+E03D,7.0,9.5
2015,TR,T,T - IPC4+E03C,1.0,6.0
2015,TR,T,T - IPC4+E02D,4.0,5.25
2015,TR,T,T - IPC4+D05B,4.0,5.279220779220777
2015,TR,T,T - IPC4+D04B,8.0,14.134415584415581
2015,TR,T,T - IPC4+D03D,8.0,12.956285072951735
2015,TR,T,T - IPC4+C22B,7.0,10.792857142857143
2015,TR,T,T - IPC4+C11D,7.0,8.156277056277055
2015,TR,T,T - IPC4+C10M,1.0,2.0000000000000013
2015,IL,T,T - IPC4+B60G,7.0,12.022222222222222
2015,TR,T,T - IPC4+C10B,2.0,2.611336032388663
2015,IL,T,T - IPC4+B60B,10.0,12.753554778554777
2015,TR,T,T - IPC4+C04B,25.0,29.623308047301844
2015,TR,T,T - IPC4+C02F,17.0,17.35528546745652
2015,TR,T,T - IPC4+B63B,4.0,6.666666666666667
2015,TR,T,T - IPC4+B63H,6.0,7.037037037037036
2015,TR,T,T - IPC4+B61L,1.0,1.3333333333333333
2015,TR,T,T - IPC4+B60S,3.0,4.0
2015,TR,T,T - IPC4+B60H,4.0,4.642857142857143
2015,MN,T,T - IPC4+A01G,3.0,3.5
2015,TR,T,T - IPC4+B07C,4.0,6.611111111111111
2015,MN,T,T - IPC4+C07D,1.0,4.333333333333321
2015,TR,T,T - IPC4+B07B,2.0,2.1999999999999997
2015,TR,T,T - IPC4+B06B,2.0,2.1470588235294117
2015,TR,T,T - IPC4+B05B,7.0,8.012169312169313
2015,IL,T,T - IPC4+B23C,85.0,94.78576930316062
2015,TR,T,T - IPC4+A61M,32.0,34.38532780778543
2015,IL,T,T - IPC4+B23B,116.0,154.00203632921026
2015,TR,T,T - IPC4+A61K,196.0,205.27181891735307
2015,MN,T,T - IPC4+H02S,14.0,16.633333333333333
2015,TR,T,T - IPC4+A47K,14.0,14.033333333333333
2015,TR,T,T - IPC4+A47J,60.0,62.438695378883
2015,TR,T,T - IPC4+A47C,5.0,6.5
2015,TR,T,T - IPC4+A24B,1.0,3.0
2015,TR,T,T - IPC4+A23K,2.0,3.4642857142857144
2015,TR,T,T - IPC4+A23G,13.0,14.945467607105542
2015,IL,T,T - IPC4+A61B,1238.0,1268.4942213209736
2016,AM,T,T - IPC4+A61C,1.0,1.5
2016,AM,T,T - IPC4+C22B,1.0,3.0
2016,AM,T,T - IPC4+H01M,1.0,1.5000000000000004
2016,CN,T,T - IPC4+A47J,534.0,535.3149821004849
2016,CN,T,T - IPC4+B23H,21.0,21.12321839953419
2016,CN,T,T - IPC4+B66B,185.0,212.34549380358203
2016,CN,T,T - IPC4+D06F,394.0,471.9914298058264
2016,CN,T,T - IPC4+G03G,78.0,98.63759740259741
2016,CN,T,T - IPC4+G21C,67.0,69.68307868601987
2016,IR,E,E - 6_0,2.0,2.0625
2016,QA,E,E - 1_16,3.0,3.125
2016,QA,E,E - 36_10,7.0,7.5
2016,QA,E,E - 36_7,2.0,2.25
2016,QA,E,E - 37_20,3.0,3.2
2016,QA,E,E - 42_12,1.0,2.0
2016,QA,E,E - 42_18,2.0,2.25
2016,QA,E,E - 43_7,1.0,2.0
2016,ID,E,E - 5_21,1.0,2.0
2016,ID,E,E - 16_10,6.0,7.646464646464646
2016,IL,T,T - IPC4+A24F,29.0,34.22959262959263
2016,IL,T,T - IPC4+A43B,12.0,12.15941748310169
2016,QA,T,T - IPC4+B63B,1.0,1.5000000000000004
2016,IL,T,T - IPC4+A45C,17.0,19.45213334137483
2016,QA,T,T - IPC4+F03B,3.0,4.749999999999997
2016,BN,T,T - IPC4+H01G,1.0,2.0
2016,BN,T,T - IPC4+B01D,1.0,1.0714285714285712
2016,TR,T,T - IPC4+A44C,4.0,4.057142857142857
2016,TR,T,T - IPC4+A46B,2.0,2.142857142857143
2016,TR,T,T - IPC4+A47K,12.0,22.5
2016,IL,T,T - IPC4+B23B,112.0,123.19268831858862
2016,IL,T,T - IPC4+B23C,83.0,96.29570562287957
2016,MN,T,T - IPC4+C07D,1.0,1.3333333333333308
2016,IL,T,T - IPC4+B26B,19.0,20.238738738738743
2016,TR,T,T - IPC4+B44F,4.0,4.545334507042259
2016,TR,T,T - IPC4+B44C,6.0,10.151831501831493
2016,TR,T,T - IPC4+B60B,4.0,4.277777777777778
2016,IL,T,T - IPC4+B60B,9.0,11.346453546453546
2016,TR,T,T - IPC4+C10B,3.0,4.538731443994606
2016,IL,T,T - IPC4+B60G,7.0,7.443253968253968
2016,PK,T,T - IPC4+G01F,1.0,1.3388429752066167
2016,PK,T,T - IPC4+C11B,1.0,2.0
2016,TR,T,T - IPC4+D04B,5.0,9.887157287157283
2016,TR,T,T - IPC4+D21C,1.0,2.625
2016,TR,T,T - IPC4+E03D,9.0,14.700000000000001
2016,TR,T,T - IPC4+E04F,5.0,5.5
2016,TR,T,T - IPC4+E05B,19.0,24.95833333333334
2016,IL,T,T - IPC4+B61L,2.0,3.1071428571428563
2016,TR,T,T - IPC4+E05F,18.0,18.99484126984127
2016,IL,T,T - IPC4+B62K,18.0,28.40747414350354
2016,TR,T,T - IPC4+F04B,37.0,37.5983682983683
2016,TR,T,T - IPC4+F25J,1.0,2.571428571428572
2016,TR,T,T - IPC4+G10H,2.0,2.033333333333333
2016,JO,T,T - IPC4+B25B,1.0,3.0
2016,IL,T,T - IPC4+C05F,6.0,6.787218045112782
2016,JO,T,T - IPC4+B23Q,1.0,1.333333333333333
2016,TH,T,T - IPC4+G01K,4.0,4.833333333333334
2016,TH,T,T - IPC4+F26B,2.0,2.2
2016,TH,T,T - IPC4+F16D,3.0,3.3523809523809533
2016,TH,T,T - IPC4+F01N,2.0,4.0
2016,TH,T,T - IPC4+D03D,1.0,2.5
2016,TH,T,T - IPC4+C22B,3.0,3.789705882352937
2016,IL,T,T - IPC4+C10J,2.0,2.111111111111111
2016,JO,T,T - IPC4+B63B,1.0,1.5000000000000004
2016,TH,T,T - IPC4+B63H,2.0,2.272727272727273
2016,TH,T,T - IPC4+B31B,1.0,1.5
2016,PK,E,E - 9_8,7.0,7.333333333333333
2016,TH,T,T - IPC4+B23D,2.0,2.833333333333333
2016,PK,E,E - 6_14,1.0,2.0
2016,TH,T,T - IPC4+A63B,6.0,6.323701298701299
2016,TH,T,T - IPC4+A47J,4.0,6.251948051948039
2016,TH,T,T - IPC4+A23F,3.0,3.1911976911976843
2016,PH,T,T - IPC4+G06Q,37.0,49.38338977095341
2016,TH,T,T - IPC4+A01G,7.0,14.133333333333335
2016,PH,T,T - IPC4+C09J,1.0,1.2499999999999993
2016,PH,T,T - IPC4+B65H,1.0,1.555555555555556
2016,PH,T,T - IPC4+B60R,1.0,1.5000000000000002
2016,PH,T,T - IPC4+A23P,1.0,1.1428571428571426
2016,IL,T,T - IPC4+E01C,11.0,23.15
2016,IL,T,T - IPC4+E05B,35.0,50.541849816849776
2016,IL,T,T - IPC4+E05D,11.0,12.14285714285714
2016,JO,T,T - IPC4+C10L,2.0,3.0350877192982457
2016,VN,E,E - 26_10,1.0,2.0
2016,IR,T,T - IPC4+A01G,3.0,3.1666666666666603
2016,IL,T,T - IPC4+F16K,57.0,72.19922861981685
2016,IR,T,T - IPC4+B24D,1.0,2.0
2016,JO,T,T - IPC4+F03B,1.0,4.499999999999997
2016,IR,T,T - IPC4+C05G,1.0,1.0476190476190481
2016,MV,T,T - IPC4+G06Q,1.0,2.3999999999999955
2016,IR,T,T - IPC4+C22B,5.0,6.165966386554626
2016,PH,E,E - 41_20,5.0,8.025641025641026
2016,PH,E,E - 38_0,7.0,12.25
2016,PH,E,E - 33_9,2.0,2.1666666666666665
2016,PH,E,E - 31_2,2.0,3.0
2016,ID,T,T - IPC4+A24B,3.0,3.124999999999999
2016,ID,T,T - IPC4+A24C,1.0,1.4999999999999996
2016,PH,E,E - 21_13,1.0,3.0
2016,ID,T,T - IPC4+A24D,11.0,11.991666666666669
2016,IL,T,T - IPC4+G05G,2.0,2.3846153846153846
2016,ID,T,T - IPC4+B41J,3.0,3.216666666666667
2016,ID,T,T - IPC4+B66C,1.0,1.5000000000000007
2016,TM,T,T - IPC4+A61L,1.0,1.9642857142857164
2016,VN,T,T - IPC4+G03G,1.0,1.9999999999999998
2016,ID,T,T - IPC4+E06B,2.0,2.1666666666666665
2016,CY,T,T - IPC4+A45C,1.0,1.3000000000000005
2016,KP,E,E - 11_10,2.0,4.0
2016,CY,T,T - IPC4+A61K,20.0,26.284132484356242
2016,KP,E,E - 11_13,2.0,4.0
2016,KP,E,E - 11_7,2.0,3.0
2016,CY,T,T - IPC4+B23D,1.0,1.1428571428571426
2016,KP,E,E - 14_10,2.0,4.0
2016,CY,T,T - IPC4+B65D,5.0,6.280310150375912
2016,KP,E,E - 1_16,2.0,4.0
2016,CY,T,T - IPC4+F03D,1.0,1.5
2016,CY,T,T - IPC4+F24D,2.0,3.214285714285714
2016,CY,T,T - IPC4+F24H,2.0,4.071428571428571
2016,KP,E,E - 30_14,83.0,117.0
2016,KP,E,E - 34_1,4.0,8.0
2016,KP,E,E - 35_11,2.0,4.0
2016,KP,E,E - 35_20,3.0,3.5
2016,CY,T,T - IPC4+H04N,11.0,11.871446234227223
2016,KP,E,E - 37_21,2.0,4.0
2016,KP,E,E - 3_2,16.0,17.0
2016,KP,E,E - 3_3,1.0,2.0
2016,KP,E,E - 5_2,2.0,3.0
2016,KP,E,E - 7_1,3.0,4.0
2016,KP,E,E - 7_11,2.0,4.0
2016,KP,E,E - 7_13,2.0,4.0
2016,KP,E,E - 7_4,2.0,3.0
2016,KP,E,E - 9_6,7.0,10.052631578947368
2016,KP,E,E - 9_8,5.0,7.0
2016,ID,T,T - IPC4+G10L,3.0,3.1653310104529457
2016,MM,T,T - IPC4+H01L,1.0,1.4516129032258176
2016,MM,T,T - IPC4+G01N,1.0,1.2
2016,OM,T,T - IPC4+G06Q,1.0,1.5000000000000002
2016,AE,E,E - 15_2,2.0,2.0028248587570623
2016,TH,E,E - 44_15,20.0,22.758333333333333
2016,KP,T,T - IPC4+B23K,1.0,1.4999999999999996
2016,KP,T,T - IPC4+C09D,1.0,1.1428571428571428
2016,KP,T,T - IPC4+E01D,1.0,1.125
2016,KP,T,T - IPC4+F16K,1.0,1.0714285714285712
2016,KP,T,T - IPC4+F15B,1.0,1.4285714285714282
2016,KP,T,T - IPC4+G09G,1.0,1.875
2016,KP,T,T - IPC4+H01M,4.0,4.3589743589743595
2016,KP,T,T - IPC4+H01P,1.0,1.4999999999999996
2016,KP,T,T - IPC4+H04N,7.0,9.280201863354014
2016,SA,E,E - 10_4,2.0,2.0344827586206895
2016,SA,E,E - 12_11,5.0,6.666666666666666
2016,SA,E,E - 19_0,2.0,4.0
2016,SA,E,E - 1_15,4.0,4.5
2016,SA,E,E - 1_20,3.0,4.125
2016,SA,E,E - 20_4,2.0,2.142857142857143
2016,SA,E,E - 22_10,1.0,2.0
2016,SA,E,E - 25_13,42.0,49.71781609195403
2016,SA,E,E - 27_4,2.0,3.0
2016,SA,E,E - 28_14,1.0,2.0
2016,SA,E,E - 28_0,9.0,9.088536812674743
2016,SA,E,E - 38_6,1.0,2.0
2016,SA,E,E - 40_3,1.0,2.0
2016,SA,E,E - 43_0,2.0,2.25
2016,SA,E,E - 43_2,27.0,29.73392857142857
2016,SA,E,E - 43_7,17.0,20.1
2016,SA,E,E - 44_2,8.0,9.152631578947368
2016,SA,E,E - 9_1,2.0,2.3333333333333335
2016,AE,E,E - 24_1,4.0,4.025552131484336
2016,AE,E,E - 24_14,4.0,5.002824858757062
2016,OM,E,E - 9_19,2.0,4.0
2016,OM,E,E - 9_4,2.0,2.0714285714285716
2016,OM,E,E - 9_8,1.0,2.0
2016,OM,E,E - 43_0,1.0,2.0
2016,OM,E,E - 3_3,1.0,2.0
2016,OM,E,E - 36_3,1.0,2.0
2016,OM,E,E - 16_21,1.0,2.0
2016,OM,E,E - 14_12,2.0,2.111111111111111
2016,VN,T,T - IPC4+A47J,2.0,4.333333333333333
2016,VN,T,T - IPC4+A47C,4.0,5.403571428571428
2016,TH,E,E - 10_8,2.0,3.0
2016,IN,E,E - 34_1,27.0,33.916666666666664
2016,AE,T,T - IPC4+F41A,1.0,3.384615384615387
2016,AE,T,T - IPC4+F16H,1.0,2.4999999999999987
2016,AE,E,E - 35_11,5.0,5.0476190476190474
2016,IQ,E,E - 6_0,1.0,2.0
2016,SA,T,T - IPC4+A41D,2.0,2.333333333333333
2016,SA,T,T - IPC4+A45C,2.0,2.0083333333333333
2016,SA,T,T - IPC4+A47L,2.0,2.2857142857142856
2016,SA,T,T - IPC4+A61M,9.0,10.778571428571428
2016,SA,T,T - IPC4+B60N,2.0,2.017857142857143
2016,SA,T,T - IPC4+C06B,1.0,1.4583333333333337
2016,SA,T,T - IPC4+C23G,1.0,1.9999999999999998
2016,SA,T,T - IPC4+F04C,1.0,2.4615384615384617
2016,SA,T,T - IPC4+F16C,1.0,1.0588235294117647
2016,SA,T,T - IPC4+G01W,1.0,1.3333333333333333
2016,AE,T,T - IPC4+C10M,2.0,2.724999999999999
2016,JP,T,T - IPC4+H02K,2322.0,2937.761565721525
2016,JP,T,T - IPC4+H01T,239.0,260.9009186891539
2016,JP,T,T - IPC4+H01R,1991.0,2623.205145208511
2016,AE,T,T - IPC4+C07C,2.0,2.3333333333333335
2016,JP,T,T - IPC4+H01M,6031.0,8163.161059571776
2016,JP,T,T - IPC4+H01H,954.0,1103.2655812783137
2016,TR,E,E - 33_13,2.0,2.25
2016,BH,E,E - 3_3,2.0,2.2
2016,IN,T,T - IPC4+F42B,2.0,2.5
2016,BH,E,E - 43_11,6.0,7.333333333333333
2016,JP,T,T - IPC4+G10D,40.0,44.273382173382174
2016,BH,E,E - 9_8,1.0,2.0
2016,AE,T,T - IPC4+B60W,2.0,2.476190476190476
2016,AE,T,T - IPC4+B60B,1.0,1.5000000000000004
2016,JP,T,T - IPC4+G03G,3891.0,5127.899546054281
2016,JP,T,T - IPC4+G01Q,42.0,46.0867113278878
2016,AZ,T,T - IPC4+H01L,1.0,1.5000000000000002
2016,JP,T,T - IPC4+F25C,24.0,27.061453823953833
2016,AZ,T,T - IPC4+E04H,1.0,1.411764705882353
2016,KR,T,T - IPC4+A01D,30.0,36.20681818181818
2016,KR,T,T - IPC4+A21C,8.0,8.676470588235293
2016,NP,T,T - IPC4+H01S,2.0,2.316666666666669
2016,KR,T,T - IPC4+A43C,24.0,27.13716025804261
2016,KR,T,T - IPC4+A45D,364.0,374.45308061606414
2016,NP,T,T - IPC4+C25B,1.0,1.1538461538461537
2016,KR,T,T - IPC4+A47J,281.0,324.5204927812126
2016,NP,T,T - IPC4+C02F,1.0,1.8461538461538476
2016,KR,T,T - IPC4+A47L,290.0,416.07611537607625
2016,KR,T,T - IPC4+A61B,1643.0,1670.9830739931344
2016,KR,T,T - IPC4+A61C,248.0,275.05335218844453
2016,KR,T,T - IPC4+A62B,65.0,73.70934620934621
2016,KR,T,T - IPC4+A63C,18.0,19.58452380952381
2016,KR,T,T - IPC4+A63F,156.0,157.3494862778448
2016,KR,T,T - IPC4+A63H,78.0,81.86645664277245
2016,JP,T,T - IPC4+F16H,2337.0,2461.869286134982
2016,KR,T,T - IPC4+B22C,26.0,26.276151626151616
2016,KR,T,T - IPC4+B22D,107.0,111.9934055678621
2016,KR,T,T - IPC4+B23D,28.0,29.28774509803922
2016,KR,T,T - IPC4+B26B,25.0,30.26547619047619
2016,AE,T,T - IPC4+A01G,1.0,1.2
2016,KR,T,T - IPC4+B31B,7.0,9.661111111111111
2016,JP,T,T - IPC4+F04D,840.0,901.5134052138654
2016,JP,T,T - IPC4+F04C,633.0,722.1850502870287
2016,SY,E,E - 16_20,1.0,2.0
2016,SY,E,E - 16_14,1.0,2.0
2016,KR,T,T - IPC4+B60G,57.0,82.01952769452771
2016,KR,T,T - IPC4+B60H,193.0,200.14615757221787
2016,KR,T,T - IPC4+B60N,153.0,169.38014257867673
2016,KR,T,T - IPC4+B60T,152.0,215.6081611298246
2016,KR,T,T - IPC4+B60S,60.0,77.19822261072261
2016,JP,T,T - IPC4+F03D,254.0,255.90963055348502
2016,JP,T,T - IPC4+F03B,80.0,82.20795762918526
2016,KR,T,T - IPC4+B66B,38.0,44.86324143692565
2016,SY,E,E - 20_4,1.0,2.0
2016,SY,E,E - 25_7,2.0,2.04
2016,JP,T,T - IPC4+F01L,375.0,416.46470437027716
2016,IN,T,T - IPC4+B65G,52.0,69.70680742868242
2016,KR,T,T - IPC4+D06F,391.0,795.6666621856965
2016,KR,T,T - IPC4+E01H,11.0,11.253968253968253
2016,KR,T,T - IPC4+F01L,110.0,170.4796464646465
2016,KR,T,T - IPC4+F01N,185.0,186.5389227946578
2016,KR,T,T - IPC4+F01P,120.0,128.44807026590914
2016,KR,T,T - IPC4+F03D,64.0,69.9498445998446
2016,KR,T,T - IPC4+F04B,155.0,177.50540153188226
2016,KR,T,T - IPC4+F04C,79.0,102.83336064520275
2016,KR,T,T - IPC4+F04D,151.0,159.58582569630454
2016,KR,T,T - IPC4+F16H,568.0,858.0636166582963
2016,KR,T,T - IPC4+F24C,149.0,152.36144566475843
2016,KR,T,T - IPC4+F24F,394.0,498.3012482655517
2016,KR,T,T - IPC4+F25C,114.0,132.9362099888416
2016,KR,T,T - IPC4+F25D,411.0,543.4444435174387
2016,JP,T,T - IPC4+E03D,79.0,131.298914973915
2016,KR,T,T - IPC4+G01Q,17.0,20.626010101010102
2016,SY,E,E - 38_17,1.0,2.0
2016,KR,T,T - IPC4+G03G,78.0,107.69172784733976
2016,KR,T,T - IPC4+G06F,7326.0,7350.568576006693
2016,KR,T,T - IPC4+G09G,2097.0,2280.5499924150386
2016,KR,T,T - IPC4+G10D,10.0,11.857142857142858
2016,KR,T,T - IPC4+G11C,1334.0,1711.2408011177888
2016,KR,T,T - IPC4+H01F,570.0,608.2867977476155
2016,KR,T,T - IPC4+H01G,338.0,383.32767431393415
2016,SY,E,E - 40_12,2.0,2.3333333333333335
2016,KR,T,T - IPC4+H01H,271.0,345.68392293980514
2016,KR,T,T - IPC4+H01M,2059.0,3544.222960042672
2016,KR,T,T - IPC4+H01L,6737.0,7277.155134986116
2016,SY,E,E - 42_0,1.0,2.0
2016,KR,T,T - IPC4+H01Q,453.0,603.8340985416503
2016,KR,T,T - IPC4+H01P,67.0,67.0178273663471
2016,KR,T,T - IPC4+H01R,355.0,376.14352779674203
2016,KR,T,T - IPC4+H02K,437.0,490.95142234636774
2016,KR,T,T - IPC4+H02P,195.0,223.3215500673927
2016,KR,T,T - IPC4+H04N,3910.0,4567.283860304126
2016,JP,T,T - IPC4+D06F,221.0,314.1561540848154
2016,IN,T,T - IPC4+B27B,3.0,4.889784946236599
2016,JP,T,T - IPC4+D05B,118.0,243.24841269841266
2016,KW,E,E - 11_13,1.0,2.0
2016,SY,E,E - 5_20,2.0,2.3333333333333335
2016,SY,E,E - 6_2,1.0,2.0
2016,KW,E,E - 25_10,1.0,2.0
2016,KW,E,E - 25_13,3.0,4.111111111111111
2016,JP,T,T - IPC4+D01H,81.0,120.26529859029858
2016,KW,E,E - 30_14,2.0,3.0
2016,KW,E,E - 30_3,4.0,4.0344827586206895
2016,IN,T,T - IPC4+B23D,8.0,9.67134724857688
2016,KW,E,E - 35_23,2.0,2.5
2016,KW,E,E - 39_6,2.0,4.0
2016,KW,E,E - 42_0,2.0,3.0
2016,KW,E,E - 43_0,1.0,2.0
2016,KW,E,E - 43_2,19.0,21.45
2016,KW,E,E - 43_5,22.0,27.85
2016,KW,E,E - 45_3,1.0,2.0
2016,KW,E,E - 5_4,3.0,3.5
2016,IN,T,T - IPC4+B07B,20.0,26.852777777777778
2016,KW,E,E - 9_8,2.0,3.0
2016,IN,T,T - IPC4+B02C,15.0,19.101628829826502
2016,LB,T,T - IPC4+C25B,3.0,5.333333333333334
2016,IN,T,T - IPC4+A23N,3.0,3.5333333333333337
2016,MY,T,T - IPC4+A01G,10.0,12.351053984774914
2016,MY,T,T - IPC4+A01K,12.0,21.40571428571429
2016,MY,T,T - IPC4+A46B,2.0,2.0625
2016,MY,T,T - IPC4+A47C,4.0,4.883333333333334
2016,MY,T,T - IPC4+B02C,2.0,8.670940170940156
2016,LB,T,T - IPC4+A61M,1.0,1.5238095238095226
2016,MY,T,T - IPC4+B25D,3.0,3.333333333333333
2016,LB,T,T - IPC4+A43B,1.0,2.0
2016,JP,T,T - IPC4+B66B,351.0,436.77191938780174
2016,JP,T,T - IPC4+B65H,1756.0,1762.3782309609448
2016,MY,T,T - IPC4+E05D,1.0,1.2
2016,MY,T,T - IPC4+F16C,3.0,3.1
2016,MY,T,T - IPC4+F16D,1.0,1.2
2016,MY,T,T - IPC4+F16G,1.0,1.5
2016,JP,T,T - IPC4+B62D,2075.0,2116.551389193281
2016,JP,T,T - IPC4+B62B,73.0,80.5505179031495
2016,JP,T,T - IPC4+B60C,1348.0,1561.121118761009
2016,JP,T,T - IPC4+B43K,87.0,103.92524897665562
2016,JP,T,T - IPC4+B41J,4385.0,4397.3198696868485
2016,JP,T,T - IPC4+B26B,73.0,74.23621045921742
2016,JP,T,T - IPC4+B25J,1151.0,1197.2647978781708
2016,JP,T,T - IPC4+B25D,64.0,74.43324730824729
2016,JP,T,T - IPC4+B25C,26.0,32.71962481962481
2016,JP,T,T - IPC4+B24C,142.0,142.90908503261443
2016,JP,T,T - IPC4+B23H,105.0,174.15416715637306
2016,JP,T,T - IPC4+A63H,133.0,145.1568782093747
2016,GE,T,T - IPC4+C23C,1.0,2.0
2016,JP,T,T - IPC4+A63F,762.0,823.1560135866246
2016,JP,T,T - IPC4+A63B,493.0,536.407900315275
2016,GE,T,T - IPC4+E06B,2.0,2.8571428571428568
2016,JP,T,T - IPC4+A61F,1465.0,1529.161482873164
2016,GE,T,T - IPC4+G10L,2.0,2.5208333333333335
2016,GE,T,T - IPC4+H04S,1.0,1.3125
2016,KW,T,T - IPC4+G01V,1.0,1.3333333333333337
2016,JP,T,T - IPC4+A43B,115.0,132.58789182088626
2016,BH,T,T - IPC4+B01F,1.0,1.3333333333333337
2016,BH,T,T - IPC4+B29C,1.0,1.3333333333333333
2016,BH,T,T - IPC4+C22B,1.0,3.600000000000001
2016,BH,T,T - IPC4+F27D,1.0,2.4
2016,JP,T,T - IPC4+A01K,393.0,436.23682004351787
2016,JP,T,T - IPC4+A01D,193.0,195.69928213126744
2016,JO,E,E - 5_20,1.0,2.0
2016,AF,T,T - IPC4+F03B,1.0,2.4999999999999996
2016,YE,E,E - 30_4,2.0,4.0
2016,JO,E,E - 5_13,11.0,12.492857142857144
2016,JO,E,E - 44_4,1.0,2.0
2016,YE,E,E - 34_8,1.0,2.0
2016,JO,E,E - 42_26,2.0,2.5
2016,YE,E,E - 3_3,3.0,3.2
2016,JO,E,E - 42_20,2.0,2.5
2016,BD,T,T - IPC4+H03K,1.0,2.0833333333333326
2016,BD,T,T - IPC4+H02K,1.0,1.7142857142857137
2016,BD,T,T - IPC4+H02J,1.0,1.3846153846153841
2016,KZ,T,T - IPC4+A01M,2.0,4.0
2016,KZ,T,T - IPC4+A61C,1.0,2.0
2016,KZ,T,T - IPC4+A63B,2.0,4.333333333333333
2016,KZ,T,T - IPC4+B02C,2.0,4.5
2016,KZ,T,T - IPC4+B64C,2.0,4.77777777777778
2016,KZ,T,T - IPC4+C21B,1.0,1.2
2016,KZ,T,T - IPC4+C22C,1.0,2.333333333333334
2016,KZ,T,T - IPC4+E04H,1.0,2.0
2016,KZ,T,T - IPC4+H01M,5.0,6.166666666666666
2016,KZ,T,T - IPC4+H02K,2.0,3.999999999999999
2016,LB,E,E - 5_8,2.0,2.05
2016,LB,E,E - 45_5,3.0,5.0
2016,LB,E,E - 44_4,1.0,2.0
2016,LB,E,E - 42_0,6.0,11.0
2016,LB,E,E - 36_8,14.0,27.0
2016,LB,E,E - 36_11,3.0,4.041666666666666
2016,JO,E,E - 1_0,2.0,4.0
2016,LB,E,E - 1_2,1.0,2.0
2016,SG,T,T - IPC4+A47D,1.0,1.7142857142857137
2016,SG,T,T - IPC4+A47L,9.0,11.016075036075037
2016,SG,T,T - IPC4+A47K,6.0,7.529761904761903
2016,LB,E,E - 12_7,1.0,2.0
2016,SG,T,T - IPC4+B66D,2.0,3.0
2016,SG,T,T - IPC4+E03F,1.0,2.4
2016,SG,T,T - IPC4+E05F,5.0,5.583333333333333
2016,SG,T,T - IPC4+F01L,1.0,1.1428571428571426
2016,SG,T,T - IPC4+H01C,1.0,1.2
2016,SG,T,T - IPC4+H04N,187.0,191.07910211387943
2017,AM,T,T - IPC4+B65G,1.0,2.0
2017,AM,T,T - IPC4+C07K,2.0,2.530870445344123
2017,SG,T,T - IPC4+H04N,180.0,218.6744705664665
2017,AM,T,T - IPC4+G11C,2.0,3.0
2017,CN,T,T - IPC4+A47L,410.0,425.57406389190425
2017,SG,T,T - IPC4+F24C,1.0,2.0
2017,CN,T,T - IPC4+B25C,21.0,21.553361344537816
2017,SG,T,T - IPC4+E21D,2.0,2.1333333333333337
2017,SG,T,T - IPC4+E06B,15.0,18.438095238095244
2017,SG,T,T - IPC4+E03F,2.0,2.2666666666666666
2017,SG,T,T - IPC4+D21F,1.0,1.5000000000000002
2017,CN,T,T - IPC4+B66B,177.0,178.23264415323237
2017,JO,E,E - 11_8,1.0,2.0
2017,SY,T,T - IPC4+F16H,2.0,2.8
2017,SG,T,T - IPC4+C05F,2.0,2.2166666666666672
2017,CN,T,T - IPC4+D06F,543.0,711.5186057058885
2017,LB,E,E - 16_10,2.0,2.142857142857143
2017,SG,T,T - IPC4+A47D,1.0,1.7142857142857137
2017,CN,T,T - IPC4+G03G,95.0,132.3639064199689
2017,JO,E,E - 1_0,1.0,2.0
2017,JO,E,E - 25_9,2.0,2.0555555555555554
2017,IL,E,E - 1_21,8.0,8.2
2017,LB,E,E - 36_11,4.0,6.020833333333334
2017,LB,E,E - 36_12,16.0,20.131944444444443
2017,LB,E,E - 36_3,3.0,5.0
2017,LB,E,E - 36_8,18.0,32.13194444444444
2017,LB,E,E - 38_17,4.0,8.0
2017,LB,E,E - 42_0,1.0,2.0
2017,LB,E,E - 43_7,5.0,6.333333333333334
2017,LB,E,E - 45_5,5.0,5.069047619047619
2017,LB,E,E - 5_7,2.0,2.0185185185185186
2017,LB,E,E - 9_8,21.0,31.0
2017,KZ,T,T - IPC4+H01M,1.0,3.0000000000000013
2017,KZ,T,T - IPC4+F24D,1.0,1.25
2017,KZ,T,T - IPC4+A63B,1.0,2.0
2017,IL,E,E - 19_13,1.0,2.0
2017,KZ,T,T - IPC4+A61F,3.0,3.4
2017,QA,E,E - 25_13,10.0,11.666666666666668
2017,TJ,T,T - IPC4+G06Q,1.0,2.4
2017,JO,E,E - 36_1,1.0,2.0
2017,QA,E,E - 35_11,1.0,2.0
2017,QA,E,E - 35_17,3.0,3.0294117647058822
2017,JO,E,E - 36_3,5.0,5.666666666666666
2017,QA,E,E - 36_3,11.0,16.6
2017,QA,E,E - 3_3,2.0,3.0
2017,QA,E,E - 42_20,18.0,18.099999999999998
2017,QA,E,E - 43_0,6.0,10.0
2017,QA,E,E - 43_2,39.0,51.7
2017,QA,E,E - 45_7,6.0,6.126956521739131
2017,QA,E,E - 9_8,8.0,9.666666666666668
2017,QA,E,E - 9_9,1.0,2.0
2017,BD,T,T - IPC4+H02J,2.0,4.294117647058822
2017,YE,E,E - 3_3,1.0,2.0
2017,JO,E,E - 43_2,23.0,23.563492063492063
2017,IR,E,E - 31_3,3.0,4.125
2017,JO,E,E - 43_7,2.0,3.0
2017,JO,E,E - 43_5,18.0,18.804761904761904
2017,YE,E,E - 36_6,1.0,2.0
2017,BD,E,E - 9_1,1.0,2.0
2017,IL,E,E - 33_13,4.0,4.666666666666667
2017,IL,E,E - 34_1,4.0,8.11111111111111
2017,ID,E,E - 10_8,5.0,8.11111111111111
2017,IL,E,E - 17_0,9.0,9.083333333333332
2017,AF,T,T - IPC4+B01F,1.0,1.2727272727272723
2017,QA,T,T - IPC4+A61L,1.0,1.6666666666666667
2017,QA,T,T - IPC4+H04N,2.0,2.1055555555555543
2017,IL,T,T - IPC4+A61B,1393.0,1430.73168662799
2017,IQ,T,T - IPC4+C12N,1.0,1.0500000000000003
2017,TR,T,T - IPC4+A24C,1.0,1.5999999999999999
2017,TR,T,T - IPC4+A24D,2.0,3.277777777777774
2017,TR,T,T - IPC4+A41B,4.0,6.095238095238095
2017,TR,T,T - IPC4+A44C,6.0,6.661904761904762
2017,MN,T,T - IPC4+H04N,1.0,1.6666666666666674
2017,MN,T,T - IPC4+H01L,1.0,1.1111111111111114
2017,IL,T,T - IPC4+B23B,104.0,156.2897657294396
2017,JP,T,T - IPC4+A01D,212.0,239.80532504487084
2017,IL,T,T - IPC4+B23C,81.0,110.80736714975845
2017,TR,T,T - IPC4+A63B,5.0,6.699999999999999
2017,TR,T,T - IPC4+B07B,2.0,4.0
2017,TR,T,T - IPC4+B22C,7.0,8.75
2017,IL,T,T - IPC4+B24D,1.0,2.0
2017,TR,T,T - IPC4+B23C,2.0,5.0
2017,BH,T,T - IPC4+F04D,1.0,2.0
2017,BH,T,T - IPC4+C22B,1.0,1.2
2017,TR,T,T - IPC4+B60H,14.0,14.131385281385281
2017,JP,T,T - IPC4+A24B,53.0,59.59424325674326
2017,TR,T,T - IPC4+B60N,24.0,24.902631578947368
2017,TR,T,T - IPC4+B60R,34.0,36.65288220551379
2017,JP,T,T - IPC4+A24F,88.0,103.68635371766175
2017,TR,T,T - IPC4+B60T,12.0,13.605555555555556
2017,TR,T,T - IPC4+B61L,1.0,1.9999999999999998
2017,TR,T,T - IPC4+B63B,5.0,5.166666666666666
2017,TR,T,T - IPC4+B63H,2.0,3.0
2017,KZ,E,E - 12_4,2.0,4.0212765957446805
2017,JP,T,T - IPC4+A44B,263.0,276.56750538809365
2017,KW,T,T - IPC4+C01B,3.0,3.6666666666666665
2017,KW,T,T - IPC4+A61P,1.0,1.0555555555555538
2017,KW,T,T - IPC4+A61M,1.0,1.7142857142857137
2017,GE,T,T - IPC4+H04R,1.0,2.9999999999999902
2017,GE,T,T - IPC4+H04M,1.0,1.2857142857142818
2017,KW,T,T - 1197027848,1.0,1.1428571428571426
2017,GE,T,T - IPC4+H04B,1.0,1.2857142857142818
2017,GE,T,T - IPC4+H02J,1.0,1.7142857142857089
2017,GE,T,T - IPC4+H01R,1.0,1.0714285714285683
2017,GE,T,T - IPC4+H01L,1.0,1.647058823529412
2017,JP,T,T - IPC4+A47L,283.0,293.0551498028975
2017,JP,T,T - IPC4+A61B,6396.0,6672.673628200717
2017,GE,T,T - IPC4+G09G,1.0,1.647058823529412
2017,GE,T,T - IPC4+G10L,1.0,1.25
2017,GE,T,T - IPC4+G09F,1.0,1.647058823529412
2017,JP,T,T - IPC4+A61F,1642.0,1854.4017192695565
2017,PK,T,T - IPC4+G16H,1.0,1.425619834710751
2017,PK,T,T - IPC4+G01F,1.0,1.1404958677685955
2017,PK,T,T - IPC4+F02M,1.0,1.125
2017,PK,T,T - IPC4+C09B,1.0,4.9090909090909065
2017,GE,T,T - IPC4+F03D,1.0,1.9999999999999998
2017,UZ,T,T - IPC4+G06N,1.0,1.9999999999999998
2017,PK,T,T - IPC4+A63B,6.0,9.069444444444445
2017,JO,T,T - IPC4+A47L,1.0,1.4999999999999996
2017,GE,T,T - IPC4+E06B,3.0,5.428571428571427
2017,TR,T,T - IPC4+D06P,8.0,9.55716374269005
2017,JP,T,T - IPC4+A63B,490.0,529.1651170379178
2017,JP,T,T - IPC4+A63C,17.0,18.802777777777784
2017,GE,T,T - IPC4+E01B,1.0,1.5
2017,JP,T,T - IPC4+A63F,878.0,942.654514140035
2017,TR,T,T - IPC4+E03D,13.0,13.933333333333334
2017,UZ,T,T - IPC4+B60J,1.0,3.0
2017,GE,T,T - IPC4+C10L,1.0,1.9999999999999998
2017,UZ,T,T - IPC4+A61P,1.0,1.1363636363636358
2017,UZ,T,T - IPC4+A61K,2.0,3.381818181818191
2017,TR,T,T - IPC4+E05B,18.0,21.752597402597413
2017,GE,T,T - IPC4+B61L,1.0,1.5
2017,TR,T,T - IPC4+F03D,6.0,6.083333333333334
2017,TR,T,T - IPC4+F04B,45.0,46.281684981684975
2017,TR,T,T - IPC4+F16D,18.0,20.5
2017,TR,T,T - IPC4+F23C,2.0,2.0714285714285716
2017,GE,T,T - IPC4+A45C,1.0,1.7142857142857089
2017,TR,T,T - IPC4+F25C,10.0,12.333333333333332
2017,TR,T,T - IPC4+F41H,8.0,8.25
2017,JP,T,T - IPC4+B23H,83.0,157.2564477189477
2017,LK,T,T - IPC4+G10L,8.0,10.581402257872838
2017,TR,T,T - IPC4+G05F,3.0,3.333333333333333
2017,JP,T,T - IPC4+B25C,41.0,75.42222222222222
2017,JP,T,T - IPC4+B26B,76.0,87.2207790167349
2017,TR,T,T - IPC4+H02K,20.0,20.488636363636363
2017,LK,T,T - IPC4+B64C,1.0,1.2
2017,LK,T,T - IPC4+B60Q,1.0,2.0
2017,TH,T,T - IPC4+G10D,3.0,5.933333333333334
2017,LK,T,T - IPC4+B41J,1.0,2.0
2017,TH,T,T - IPC4+G10H,1.0,1.6666666666666665
2017,LK,T,T - IPC4+B24D,1.0,1.0666666666666667
2017,TH,T,T - IPC4+G01M,1.0,1.25
2017,JP,T,T - IPC4+B41J,4582.0,4871.394710762946
2017,TH,T,T - IPC4+F26B,2.0,2.142857142857143
2017,JP,T,T - IPC4+B43K,104.0,129.91965432975664
2017,TH,T,T - IPC4+F15D,2.0,2.6666666666666665
2017,JP,T,T - IPC4+B60C,1462.0,1709.8327941514838
2017,TH,T,T - IPC4+F03B,5.0,7.181818181818182
2017,TH,T,T - IPC4+E05B,6.0,6.395833333333332
2017,TH,T,T - IPC4+D06F,2.0,2.027272727272727
2017,IL,T,T - IPC4+C09G,2.0,3.369047619047616
2017,MY,T,T - IPC4+H04N,67.0,82.04561937588426
2017,JO,T,T - IPC4+B62B,1.0,1.2
2017,MY,T,T - IPC4+G03G,1.0,1.4000000000000006
2017,JP,T,T - IPC4+B62B,93.0,104.35360169872557
2017,TH,T,T - IPC4+B63B,3.0,11.000000000000004
2017,MY,T,T - IPC4+F16G,3.0,3.196428571428571
2017,MY,T,T - IPC4+F16D,1.0,1.4285714285714282
2017,TH,T,T - IPC4+B43K,2.0,2.666666666666665
2017,PK,E,E - 9_15,2.0,2.0555555555555554
2017,IL,T,T - IPC4+C23G,1.0,1.3636363636363635
2017,JP,T,T - IPC4+B66B,469.0,681.4296282922443
2017,PK,E,E - 21_2,1.0,2.0
2017,PK,E,E - 20_8,1.0,2.0
2017,TH,T,T - IPC4+A44C,2.0,2.166666666666666
2017,MY,T,T - IPC4+B63H,1.0,1.6666666666666672
2017,MY,T,T - IPC4+B62M,1.0,1.9999999999999998
2017,TH,T,T - IPC4+A21D,7.0,7.323830409356723
2017,JO,T,T - IPC4+C07C,4.0,4.503680830039529
2017,PH,T,T - IPC4+G06Q,46.0,54.495473765390365
2017,TH,T,T - IPC4+A01G,6.0,6.161111111111111
2017,PH,T,T - IPC4+G03G,6.0,8.160714285714283
2017,TH,T,T - IPC4+A01D,3.0,7.0
2017,LB,T,T - IPC4+A61C,2.0,2.2
2017,IL,T,T - IPC4+D05B,3.0,4.781818181818181
2017,PH,T,T - IPC4+F21V,1.0,1.0476190476190481
2017,PH,T,T - IPC4+F03D,1.0,1.4545454545454544
2017,MY,T,T - IPC4+B02C,3.0,3.3717948717948723
2017,PH,T,T - IPC4+C11C,1.0,1.263157894736842
2017,MY,T,T - IPC4+A63F,3.0,4.261363636363637
2017,MY,T,T - IPC4+A63B,4.0,4.238095238095238
2017,PH,T,T - IPC4+C04B,1.0,1.555555555555556
2017,PH,T,T - IPC4+B27N,1.0,1.9999999999999998
2017,MY,T,T - IPC4+A47K,4.0,5.374999999999999
2017,PH,T,T - IPC4+B08B,1.0,1.3333333333333333
2017,MY,T,T - IPC4+A46B,2.0,2.9999999999999996
2017,PH,T,T - IPC4+A63H,2.0,2.833333333333333
2017,IL,T,T - IPC4+E01C,9.0,10.120833333333334
2017,MY,T,T - IPC4+A21C,2.0,2.142857142857143
2017,MY,T,T - IPC4+A01K,11.0,13.651190476190475
2017,MY,T,T - IPC4+A01D,1.0,1.9999999999999998
2017,IL,T,T - IPC4+E02B,14.0,14.499450549450549
2017,IL,T,T - IPC4+E04D,4.0,8.555555555555557
2017,IL,T,T - IPC4+E05B,52.0,55.561086136086125
2017,VN,E,E - 24_10,1.0,2.0
2017,JO,T,T - IPC4+C10L,3.0,3.1190476190476186
2017,JO,T,T - IPC4+C10M,1.0,1.7142857142857137
2017,IL,T,T - IPC4+E21D,4.0,4.366666666666667
2017,KW,E,E - 43_5,37.0,41.04996516275716
2017,KW,E,E - 43_2,38.0,41.93558002948658
2017,KW,E,E - 43_0,4.0,5.0
2017,KW,E,E - 42_9,3.0,4.0
2017,KW,E,E - 3_3,31.0,41.988888888888894
2017,IR,T,T - IPC4+A01H,2.0,2.999999999999999
2017,KW,E,E - 37_13,2.0,3.0
2017,IR,T,T - IPC4+A21C,1.0,1.6666666666666667
2017,KW,E,E - 36_21,3.0,3.0555555555555554
2017,KW,E,E - 35_9,2.0,4.0
2017,IR,T,T - IPC4+A23P,1.0,1.6666666666666667
2017,KW,E,E - 35_20,7.0,8.25
2017,IN,T,T - IPC4+B23D,7.0,7.442915876027861
2017,KW,E,E - 34_0,1.0,2.0
2017,JP,T,T - IPC4+D01H,56.0,62.290354090354086
2017,JO,T,T - IPC4+E03D,2.0,8.076923076923077
2017,KW,E,E - 25_13,5.0,9.0
2017,JP,T,T - IPC4+D04B,178.0,182.8922436473057
2017,KW,E,E - 1_1,1.0,2.0
2017,KW,E,E - 12_3,1.0,2.0
2017,JP,T,T - IPC4+D05B,106.0,181.29559884559887
2017,IN,T,T - IPC4+B27B,3.0,4.556451612903265
2017,JP,T,T - IPC4+D06F,253.0,415.58857227739566
2017,KR,T,T - IPC4+H04N,3713.0,4297.427121375203
2017,IL,T,T - IPC4+F16K,57.0,58.49261127937597
2017,KR,T,T - IPC4+H01Q,556.0,615.563498334868
2017,KR,T,T - IPC4+H01L,6283.0,6650.985429559921
2017,KR,T,T - IPC4+H01M,2007.0,3336.236433461661
2017,KR,T,T - IPC4+H01H,281.0,321.76021821576165
2017,KR,T,T - IPC4+G11C,1309.0,1645.6998369572761
2017,KR,T,T - IPC4+G09G,1668.0,1804.6971594890376
2017,JO,T,T - IPC4+F03D,2.0,2.428571428571428
2017,JO,T,T - IPC4+F03B,1.0,2.2500000000000004
2017,KR,T,T - IPC4+G07D,29.0,29.064902490231436
2017,IR,T,T - IPC4+B60C,4.0,5.738636363636363
2017,KR,T,T - IPC4+G03G,87.0,112.78957405951891
2017,JP,T,T - IPC4+E03D,144.0,226.56000999001
2017,KR,T,T - IPC4+F25D,450.0,514.7922992921655
2017,KR,T,T - IPC4+F24F,379.0,575.2033805279849
2017,KR,T,T - IPC4+F23R,10.0,11.33490675990676
2017,KR,T,T - IPC4+F16H,669.0,900.0174163616254
2017,MV,T,T - IPC4+G06Q,1.0,1.1999999999999997
2017,MV,T,T - IPC4+H04W,1.0,1.1999999999999984
2017,KR,T,T - IPC4+F04D,153.0,170.92823748163053
2017,KR,T,T - IPC4+F04C,94.0,126.10393787499052
2017,KR,T,T - IPC4+F04B,160.0,176.91871600006553
2017,KR,T,T - IPC4+F02D,260.0,264.39566765396813
2017,IL,T,T - IPC4+F25C,1.0,3.7692307692307723
2017,KR,T,T - IPC4+F01N,199.0,203.44249765473057
2017,KR,T,T - IPC4+F01L,113.0,170.17269460119198
2017,KR,T,T - IPC4+E05B,149.0,149.4995596678589
2017,KR,T,T - IPC4+E01H,11.0,12.462698412698412
2017,IN,T,T - IPC4+B65C,3.0,4.477667493796527
2017,KR,T,T - IPC4+D06F,418.0,921.1854610556625
2017,PH,E,E - 45_1,3.0,5.0
2017,JP,T,T - IPC4+F01L,378.0,407.96781859650355
2017,PH,E,E - 3_4,1.0,2.0
2017,IN,T,T - IPC4+B66B,25.0,31.273358585858585
2017,PH,E,E - 1_0,9.0,10.617647058823529
2017,KR,T,T - IPC4+B66B,34.0,43.611848531585366
2017,JP,T,T - IPC4+F03B,76.0,88.84382518163848
2017,KR,T,T - IPC4+B62D,389.0,403.4645322615713
2017,JP,T,T - IPC4+F03D,240.0,252.12579975438035
2017,KR,T,T - IPC4+B60W,573.0,634.6789079789294
2017,KR,T,T - IPC4+B60T,154.0,210.396348601276
2017,KR,T,T - IPC4+B60S,59.0,61.40129176379178
2017,IR,T,T - IPC4+F04D,2.0,2.0606060606060597
2017,KR,T,T - IPC4+B60N,161.0,165.6867366616572
2017,KR,T,T - IPC4+B60H,182.0,184.78574507311689
2017,KR,T,T - IPC4+B60G,51.0,59.93259779436249
2017,JP,T,T - IPC4+F04C,737.0,827.2892361079685
2017,KR,T,T - IPC4+B26B,29.0,30.09444444444445
2017,ID,T,T - IPC4+A47C,2.0,3.0
2017,KR,T,T - IPC4+B22D,136.0,140.46244551615055
2017,VN,T,T - IPC4+H04N,19.0,21.23380872880548
2017,KR,T,T - IPC4+B03C,66.0,80.12125389230724
2017,JP,T,T - IPC4+F16H,2529.0,2653.154383112198
2017,KR,T,T - IPC4+A63H,91.0,117.22454438836013
2017,KR,T,T - IPC4+A63C,14.0,14.75915750915751
2017,KR,T,T - IPC4+A61C,266.0,269.4443451471541
2017,NP,T,T - IPC4+B25J,2.0,2.4871794871794872
2017,KR,T,T - IPC4+A47L,288.0,552.5685261974952
2017,KR,T,T - IPC4+A47J,271.0,284.6460927574316
2017,KR,T,T - IPC4+A46B,87.0,91.88823953823953
2017,AE,T,T - IPC4+A24F,3.0,3.2
2017,IN,T,T - IPC4+C14C,5.0,6.488095238095238
2017,AZ,T,T - IPC4+E02D,1.0,1.9411764705882355
2017,AZ,T,T - IPC4+E04B,1.0,1.9411764705882355
2017,AZ,T,T - IPC4+E04H,1.0,5.176470588235283
2017,JP,T,T - IPC4+F23R,127.0,130.4614657673481
2017,IR,T,T - IPC4+H02M,4.0,4.25
2017,JP,T,T - IPC4+F25C,21.0,21.469095881595887
2017,IN,T,T - IPC4+D04B,9.0,10.704847374847379
2017,AZ,T,T - IPC4+H01L,1.0,4.499999999999926
2017,ID,T,T - IPC4+B41J,5.0,8.341666666666667
2017,ID,T,T - IPC4+B60C,1.0,1.5
2017,ID,T,T - IPC4+B61B,1.0,1.5
2017,IN,T,T - IPC4+E03B,6.0,7.909906759906759
2017,ID,T,T - IPC4+B61L,1.0,3.0
2017,JO,T,T - IPC4+H01J,1.0,2.0
2017,AE,T,T - IPC4+B07B,2.0,2.333333333333333
2017,ID,T,T - IPC4+B66C,1.0,1.5000000000000007
2017,JO,T,T - IPC4+H02J,2.0,2.3538461538461557
2017,JP,T,T - IPC4+G03G,3836.0,5173.1871516900665
2017,AE,T,T - IPC4+B60N,2.0,2.2333333333333334
2017,BH,E,E - 9_8,3.0,4.0
2017,BH,E,E - 9_18,2.0,3.0
2017,IN,T,T - IPC4+F24D,3.0,4.931818181818181
2017,JP,T,T - IPC4+G10D,60.0,73.97777777777777
2017,BH,E,E - 43_2,4.0,4.038461538461538
2017,BH,E,E - 43_11,14.0,15.038461538461538
2017,JP,T,T - IPC4+H01H,1013.0,1053.5511614822858
2017,JP,T,T - IPC4+H01M,6577.0,8235.95086605237
2017,JP,T,T - IPC4+H01R,2089.0,2715.1841715044034
2017,JP,T,T - IPC4+H01T,275.0,337.55185419156004
2017,ID,T,T - IPC4+F03D,1.0,1.5000000000000007
2017,JP,T,T - IPC4+H02K,2663.0,3334.405940032681
2017,JP,T,T - IPC4+H03H,1013.0,1017.9541452616431
2017,CY,T,T - IPC4+A45C,1.0,1.2000000000000004
2017,CY,T,T - IPC4+A63H,1.0,2.0
2017,CY,T,T - IPC4+B05C,1.0,1.5
2017,VN,T,T - IPC4+F03D,2.0,2.25
2017,CY,T,T - IPC4+B42D,1.0,1.800000000000001
2017,CY,T,T - IPC4+B65D,5.0,7.0475877192982495
2017,VN,T,T - IPC4+F03B,3.0,3.7717391304347827
2017,CY,T,T - IPC4+F24H,2.0,2.3333333333333335
2017,KP,E,E - 30_1,1.0,2.0
2017,KP,E,E - 35_11,5.0,6.076923076923077
2017,KP,E,E - 35_20,7.0,7.5
2017,KP,E,E - 37_21,10.0,12.045454545454545
2017,SA,T,T - IPC4+F01K,9.0,15.54380474597866
2017,KP,E,E - 38_6,2.0,3.0
2017,KP,E,E - 39_14,4.0,6.0
2017,MY,E,E - 19_8,6.0,9.666666666666668
2017,KP,E,E - 3_3,1.0,2.0
2017,KP,E,E - 7_11,2.0,2.3333333333333335
2017,KP,E,E - 9_17,6.0,8.09090909090909
2017,SA,T,T - IPC4+A61C,12.0,14.55128205128205
2017,SA,T,T - IPC4+A01K,2.0,2.333333333333333
2017,IN,E,E - 37_21,133.0,140.48681177976948
2017,AE,T,T - IPC4+E06B,5.0,5.160119047619048
2017,IN,E,E - 34_1,82.0,92.97142857142858
2017,VN,T,T - IPC4+A47J,2.0,2.1666666666666665
2017,VN,T,T - IPC4+C02F,4.0,5.864285714285713
2017,OM,E,E - 38_11,1.0,2.0
2017,OM,E,E - 3_3,10.0,19.0
2017,OM,E,E - 9_19,3.0,6.0
2017,OM,E,E - 9_21,1.0,2.0
2017,OM,E,E - 9_8,6.0,9.0
2017,AE,T,T - IPC4+G10L,3.0,3.155555555555561
2017,AE,E,E - 15_2,4.0,5.0
2017,SA,E,E - 9_8,52.0,64.083238456673
2017,SA,E,E - 9_19,2.0,2.015151515151515
2017,KP,T,T - IPC4+A01G,1.0,1.2499999999999998
2017,TH,E,E - 42_16,1.0,2.0
2017,KP,T,T - IPC4+A61H,1.0,1.5000000000000007
2017,SA,E,E - 5_13,14.0,17.057142857142857
2017,SA,E,E - 43_5,75.0,81.32779431216933
2017,SA,E,E - 43_2,37.0,39.56111111111112
2017,SA,E,E - 43_0,5.0,5.166666666666666
2017,SA,E,E - 42_5,5.0,5.142857142857143
2017,SA,E,E - 42_4,2.0,2.25
2017,SA,E,E - 42_20,39.0,43.43504984789615
2017,SA,E,E - 42_12,1.0,2.0
2017,SA,E,E - 41_5,3.0,3.0185185185185186
2017,SA,E,E - 41_0,1.0,4.0
2017,SA,E,E - 38_8,1.0,2.0
2017,KP,T,T - IPC4+D06F,1.0,1.431818181818181
2017,SA,E,E - 39_0,1.0,2.0
2017,SA,E,E - 38_6,5.0,6.0
2017,KP,T,T - IPC4+F01N,1.0,1.6000000000000003
2017,SA,E,E - 37_14,1.0,2.0
2017,SA,E,E - 37_13,2.0,2.090909090909091
2017,SA,E,E - 36_8,2.0,2.032258064516129
2017,SA,E,E - 36_3,10.0,11.125
2017,SA,E,E - 36_14,1.0,2.0
2017,SA,E,E - 35_9,6.0,6.041666666666666
2017,SA,E,E - 35_11,1.0,2.0
2017,SA,E,E - 32_4,4.0,4.25
2017,KP,T,T - IPC4+H01P,1.0,1.4999999999999996
2017,KP,T,T - IPC4+H04N,7.0,14.842765801973021
2017,SA,E,E - 10_4,3.0,3.1666666666666665
2017,KP,T,T - IPC4+H04S,1.0,1.4999999999999996
2017,SA,E,E - 12_11,1.0,2.0
2017,SA,E,E - 28_0,7.0,8.018518518518519
2017,SA,E,E - 16_20,1.0,2.0
2017,SA,E,E - 25_13,25.0,33.1546568627451
2017,SA,E,E - 17_2,1.0,2.0
2018,SA,E,E - 20_5,3.0,3.1666666666666665
2018,SA,E,E - 18_12,1.0,2.0
2018,SA,E,E - 24_1,2.0,2.3333333333333335
2018,SA,E,E - 25_10,2.0,2.022727272727273
2018,KP,T,T - IPC4+H04N,9.0,10.254377023942203
2018,KP,T,T - IPC4+G06Q,2.0,3.4047619047619064
2018,SA,E,E - 38_0,2.0,2.125
2018,KP,T,T - IPC4+D06F,1.0,2.000000000000001
2018,SA,E,E - 41_21,1.0,2.0
2018,SA,E,E - 42_18,2.0,4.0
2018,KP,T,T - IPC4+A61L,1.0,1.455882352941173
2018,SA,E,E - 5_2,3.0,3.0096153846153846
2018,KP,T,T - IPC4+A61H,1.0,1.2500000000000004
2018,SA,E,E - 5_21,2.0,4.0
2018,AE,T,T - IPC4+G11C,1.0,1.5
2018,VN,T,T - IPC4+A61H,2.0,5.050000000000002
2018,OM,E,E - 3_3,8.0,10.462499999999999
2018,OM,E,E - 29_1,2.0,2.090909090909091
2018,OM,E,E - 25_13,3.0,3.076923076923077
2018,OM,E,E - 12_11,3.0,5.0
2018,VN,T,T - IPC4+A47G,2.0,5.000000000000002
2018,AE,T,T - IPC4+G01J,1.0,1.2307692307692304
2018,IN,E,E - 19_3,3.0,6.0
2018,LK,E,E - 20_1,1.0,2.0
2018,LK,E,E - 21_9,2.0,2.125
2018,IN,E,E - 17_1,1.0,2.0
2018,IQ,E,E - 5_4,2.0,2.0833333333333335
2018,MN,E,E - 31_13,1.0,2.0
2018,LK,E,E - 9_15,10.0,13.125
2018,IQ,E,E - 35_20,1.0,2.0
2018,VN,T,T - IPC4+D03D,1.0,2.0
2018,VN,E,E - 7_18,3.0,3.2
2018,SA,T,T - IPC4+A47F,1.0,1.1764705882352942
2018,KP,E,E - 7_1,12.0,13.071428571428571
2018,SA,T,T - IPC4+C04B,32.0,32.038719042395584
2018,SA,T,T - IPC4+C09K,128.0,155.5234711312656
2018,SA,T,T - IPC4+C10M,1.0,5.111111111111101
2018,SA,T,T - IPC4+C10N,1.0,5.962962962962936
2018,SA,T,T - IPC4+C22B,4.0,5.75
2018,SA,T,T - IPC4+E21B,261.0,263.56676749176745
2018,SA,T,T - IPC4+F01K,9.0,23.3166208791209
2018,SA,T,T - IPC4+F04D,9.0,11.19072039072039
2018,CY,T,T - IPC4+H04N,9.0,9.448744908591452
2018,CY,T,T - IPC4+H02H,1.0,1.2499999999999998
2018,SA,T,T - IPC4+F25B,8.0,12.795238095238103
2018,SA,T,T - IPC4+G06V,6.0,7.5
2018,KP,E,E - 21_8,2.0,3.0
2018,SA,T,T - IPC4+H01R,2.0,2.1111111111111116
2018,VN,T,T - IPC4+F03D,10.0,19.53174603174603
2018,CY,T,T - IPC4+B23K,1.0,1.8000000000000005
2018,IN,T,T - IPC4+G21F,4.0,7.500466853408018
2018,ID,T,T - IPC4+F16K,1.0,1.2894736842105259
2018,JP,T,T - IPC4+H02K,2629.0,3351.6272114289377
2018,JP,T,T - IPC4+H01T,226.0,286.59785353535364
2018,JP,T,T - IPC4+H01R,2156.0,2947.4852433532683
2018,JP,T,T - IPC4+H01M,5901.0,8218.643108414868
2018,AE,T,T - IPC4+C04B,4.0,4.1355042016806705
2018,JP,T,T - IPC4+H01H,901.0,962.8975194886199
2018,VN,T,T - IPC4+G01F,1.0,3.1818181818181803
2018,VN,E,E - 42_19,1.0,2.0
2018,ID,T,T - IPC4+C25B,1.0,1.384615384615385
2018,IN,T,T - IPC4+F42B,2.0,2.25
2018,JP,T,T - IPC4+G10D,65.0,77.5269409937888
2018,BH,E,E - 5_2,21.0,42.0
2018,AE,T,T - IPC4+B60R,4.0,5.016666666666667
2018,JP,T,T - IPC4+G07D,374.0,393.2037656999927
2018,AE,T,T - IPC4+B60N,3.0,3.8666666666666667
2018,IL,T,T - IPC4+H02K,32.0,45.57166349939994
2018,JP,T,T - IPC4+G04B,114.0,128.6939776616472
2018,JP,T,T - IPC4+G03G,3407.0,4554.156685335787
2018,IL,T,T - IPC4+H01M,73.0,79.34583376483701
2018,AE,T,T - IPC4+B23K,1.0,2.0000000000000004
2018,IL,T,T - IPC4+H01G,22.0,23.734226592121317
2018,JP,T,T - IPC4+G01Q,37.0,42.44976314535138
2018,ID,T,T - IPC4+B65D,12.0,12.829705215419501
2018,ID,T,T - IPC4+B65B,1.0,1.4999999999999996
2018,AE,T,T - IPC4+B07B,3.0,4.0
2018,IN,T,T - IPC4+E02D,6.0,7.0
2018,BT,T,T - IPC4+A61B,1.0,1.5
2018,ID,T,T - IPC4+B41J,4.0,5.191666666666667
2018,AZ,T,T - IPC4+H01L,1.0,1.124999999999998
2018,JP,T,T - IPC4+F41A,12.0,14.904040404040401
2018,JO,T,T - IPC4+G10L,1.0,1.1111111111111114
2018,VN,T,T - IPC4+H01Q,2.0,2.0128205128205137
2018,IN,E,E - 44_3,2.0,2.5
2018,JP,T,T - IPC4+F25C,32.0,45.789821964821954
2018,JP,T,T - IPC4+F24S,61.0,65.87122750201397
2018,JP,T,T - IPC4+F24F,1913.0,1960.36620147658
2018,IN,E,E - 45_2,3.0,3.2
2018,AZ,T,T - IPC4+E21C,2.0,2.410256410256415
2018,IR,T,T - IPC4+H01S,3.0,3.7582417582417427
2018,AE,T,T - IPC4+A61C,1.0,1.0714285714285712
2018,IN,T,T - IPC4+C14C,7.0,8.729166666666666
2018,KR,T,T - IPC4+A01D,27.0,32.0537087912088
2018,AE,T,T - IPC4+A46B,1.0,1.2500000000000002
2018,KR,T,T - IPC4+A24F,23.0,46.820628341909966
2018,IL,T,T - IPC4+G03G,164.0,164.96632403327865
2018,KR,T,T - IPC4+A47L,349.0,531.3583664127897
2018,KR,T,T - IPC4+A61C,246.0,279.38913153283494
2018,JP,T,T - IPC4+F16K,923.0,967.3771713149899
2018,AE,T,T - IPC4+A23L,1.0,1.3750000000000002
2018,KR,T,T - IPC4+A63B,318.0,346.2891620962979
2018,KR,T,T - IPC4+A63C,13.0,15.008730158730156
2018,KR,T,T - IPC4+A63H,87.0,103.67663323518583
2018,JP,T,T - IPC4+F16H,2207.0,2502.1567412024706
2018,AE,T,T - IPC4+A23J,1.0,1.3750000000000002
2018,JO,T,T - IPC4+G03G,1.0,2.0
2018,JP,T,T - IPC4+F16F,958.0,965.2709294814404
2018,JP,T,T - IPC4+F16D,1109.0,1114.9545254206978
2018,VN,T,T - IPC4+H04N,18.0,23.72116217589365
2018,JP,T,T - IPC4+F16C,1366.0,1391.6546157775392
2018,ID,T,T - IPC4+A47C,2.0,3.0
2018,IR,T,T - IPC4+F25D,1.0,2.4615384615384617
2018,KR,T,T - IPC4+B26B,33.0,52.121428571428574
2018,JP,T,T - IPC4+F15B,521.0,549.166185651294
2018,JP,T,T - IPC4+F04D,912.0,1018.2331042994183
2018,JP,T,T - IPC4+F04C,715.0,857.6292817614848
2018,KR,T,T - IPC4+B60C,118.0,121.7678029643524
2018,KR,T,T - IPC4+B60G,61.0,74.37290005316319
2018,KR,T,T - IPC4+B60W,636.0,744.6800050775179
2018,KR,T,T - IPC4+B60T,154.0,183.0395237115825
2018,IR,T,T - IPC4+F04B,2.0,3.0000000000000004
2018,KR,T,T - IPC4+B62D,318.0,331.29664170823514
2018,JP,T,T - IPC4+F03D,193.0,195.67276377389385
2018,IR,T,T - IPC4+F03D,1.0,3.2000000000000006
2018,KR,T,T - IPC4+B62K,46.0,51.714357864357865
2018,JP,T,T - IPC4+F03B,75.0,80.81222124280947
2018,PH,E,E - 18_8,1.0,2.0
2018,PH,E,E - 28_12,1.0,4.0
2018,PH,E,E - 32_0,3.0,3.333333333333333
2018,SY,E,E - 25_7,2.0,2.1
2018,IR,T,T - IPC4+D01D,2.0,2.7777777777777786
2018,IN,T,T - IPC4+B66B,31.0,38.46022727272727
2018,PH,E,E - 3_21,3.0,3.5
2018,JP,T,T - IPC4+F01L,302.0,335.5223007473113
2018,IN,T,T - IPC4+B65C,1.0,1.9999999999999998
2018,KR,T,T - IPC4+D06F,471.0,951.1063618477432
2018,KR,T,T - IPC4+E02F,108.0,108.44356754356754
2018,ID,T,T - IPC4+A01K,1.0,2.0
2018,KR,T,T - IPC4+E05B,160.0,161.62480552123876
2018,KR,T,T - IPC4+F01D,103.0,146.56662622803927
2018,KR,T,T - IPC4+F01L,51.0,52.61816438042245
2018,KR,T,T - IPC4+F02M,224.0,227.23991300958
2018,KR,T,T - IPC4+F03B,56.0,59.739268626110736
2018,KR,T,T - IPC4+F04B,175.0,176.13342874445812
2018,KR,T,T - IPC4+F04C,102.0,153.82783897389163
2018,KR,T,T - IPC4+F04D,190.0,206.5772777924459
2018,KR,T,T - IPC4+F16D,196.0,206.95859899889209
2018,MV,T,T - IPC4+G06Q,1.0,1.7999999999999976
2018,KR,T,T - IPC4+F16H,501.0,584.1423825724274
2018,KR,T,T - IPC4+F17C,127.0,131.42189034971642
2018,SY,E,E - 33_9,1.0,2.0
2018,KR,T,T - IPC4+F24F,417.0,524.1360143812194
2018,KR,T,T - IPC4+F25D,421.0,488.3313106429402
2018,KR,T,T - IPC4+F41G,13.0,15.075882450882453
2018,JP,T,T - IPC4+E03D,128.0,191.5978618603618
2018,JP,T,T - IPC4+E02F,702.0,764.3770940898589
2018,KR,T,T - IPC4+G03G,83.0,102.55776295150926
2018,JO,T,T - IPC4+F03B,2.0,2.125
2018,KR,T,T - IPC4+G10D,13.0,13.233333333333333
2018,KR,T,T - IPC4+G11C,1122.0,1455.3985298616196
2018,KR,T,T - IPC4+H01G,324.0,344.2637132028142
2018,KR,T,T - IPC4+H01H,260.0,304.79086509758264
2018,KR,T,T - IPC4+H01M,2259.0,4050.892367464876
2018,IN,T,T - IPC4+B31B,4.0,5.8279411764705875
2018,KR,T,T - IPC4+H01L,5877.0,6048.6157220058685
2018,KR,T,T - IPC4+H01Q,562.0,577.6299707052143
2018,IL,T,T - IPC4+F16L,42.0,44.92670311714427
2018,KR,T,T - IPC4+H03H,177.0,191.15325812531685
2018,IL,E,E - 4_3,2.0,4.022222222222222
2018,KR,T,T - IPC4+H04N,3625.0,4427.082096786901
2018,JP,T,T - IPC4+D06F,294.0,529.8487675886205
2018,KR,T,T - IPC4+H05G,22.0,23.338088687385362
2018,IN,T,T - IPC4+B27B,2.0,2.862903225806466
2018,JP,T,T - IPC4+D05B,101.0,143.24081196581196
2018,SY,E,E - 5_20,2.0,2.037037037037037
2018,KW,E,E - 17_1,1.0,2.0
2018,KW,E,E - 25_13,3.0,5.0
2018,SY,E,E - 8_8,1.0,2.0
2018,KW,E,E - 25_4,4.0,4.081666666666667
2018,KW,E,E - 29_1,14.0,17.083333333333336
2018,SY,E,E - 9_13,1.0,2.0
2018,JO,T,T - IPC4+E01F,1.0,2.0000000000000004
2018,JP,T,T - IPC4+D01H,58.0,61.8921828171828
2018,IR,T,T - IPC4+A47K,1.0,1.9999999999999998
2018,KW,E,E - 30_4,2.0,2.142857142857143
2018,IN,T,T - IPC4+B23D,6.0,6.567204301075306
2018,IR,T,T - IPC4+A23P,1.0,1.3333333333333333
2018,KW,E,E - 36_3,2.0,2.2
2018,IR,T,T - IPC4+A21C,1.0,1.3333333333333333
2018,IR,T,T - IPC4+A21B,1.0,3.0
2018,KW,E,E - 37_20,1.0,2.0
2018,KW,E,E - 38_19,4.0,6.0
2018,IL,T,T - IPC4+F03C,1.0,1.3333333333333333
2018,KW,E,E - 39_7,4.0,4.142857142857143
2018,VN,E,E - 28_10,1.0,2.0
2018,KW,E,E - 3_3,29.0,33.31111111111111
2018,KW,E,E - 41_8,1.0,2.0
2018,KW,E,E - 42_8,4.0,5.25
2018,JP,T,T - IPC4+C22B,249.0,257.04010462046443
2018,KW,E,E - 43_2,27.0,34.95666666666667
2018,KW,E,E - 44_15,2.0,3.0
2018,KW,E,E - 5_3,3.0,3.3333333333333335
2018,KW,E,E - 5_5,1.0,2.0
2018,KW,E,E - 9_3,7.0,7.4
2018,KW,E,E - 9_8,23.0,23.44163763066202
2018,IL,T,T - IPC4+F01D,8.0,8.26677489177489
2018,IL,T,T - IPC4+E05C,9.0,10.738095238095239
2018,IL,T,T - IPC4+E05B,36.0,51.98516483516481
2018,LB,T,T - IPC4+F27B,1.0,1.499999999999999
2018,IL,T,T - IPC4+E03D,15.0,18.095124078819715
2018,IN,T,T - IPC4+A44C,22.0,25.535482804232814
2018,MY,T,T - IPC4+A01K,12.0,16.385281385281385
2018,PH,T,T - IPC4+A24D,3.0,3.0500000000000007
2018,JO,T,T - IPC4+C07H,1.0,1.7857142857142816
2018,PH,T,T - IPC4+A63F,4.0,6.428030303030303
2018,IN,T,T - IPC4+A21C,4.0,4.105263157894736
2018,PH,T,T - IPC4+B60N,1.0,1.928571428571428
2018,PH,T,T - IPC4+C11D,1.0,1.8421052631578965
2018,MY,T,T - IPC4+B02C,2.0,2.5555555555555562
2018,PH,T,T - IPC4+F16H,1.0,1.499999999999999
2018,PH,T,T - IPC4+F16K,2.0,2.102564102564102
2018,PH,T,T - IPC4+F16F,1.0,2.357142857142853
2018,IN,T,T - IPC4+A01B,7.0,9.299999999999994
2018,IL,T,T - IPC4+D05B,2.0,2.509090909090909
2018,PH,T,T - IPC4+G03G,3.0,6.0
2018,TH,T,T - IPC4+A01G,7.0,8.738888888888889
2018,LB,T,T - IPC4+A24F,3.0,4.125
2018,PH,T,T - IPC4+H01F,2.0,3.3333333333333326
2018,TH,T,T - IPC4+A22C,1.0,1.5000000000000002
2018,PH,T,T - IPC4+H02P,1.0,1.5
2018,MY,T,T - IPC4+B41F,2.0,2.3888888888888893
2018,MY,T,T - IPC4+B60B,2.0,2.3636363636363633
2018,MY,T,T - IPC4+B61L,1.0,1.3333333333333333
2018,VN,E,E - 16_8,2.0,3.0
2018,MY,T,T - IPC4+B65F,1.0,1.9999999999999998
2018,TH,T,T - IPC4+A47C,2.0,2.2857142857142856
2018,JP,T,T - IPC4+B66B,597.0,813.534669666008
2018,VN,E,E - 16_2,2.0,2.0454545454545454
2018,PK,E,E - 38_20,1.0,2.0
2018,PK,E,E - 3_11,2.0,3.0
2018,TH,T,T - IPC4+B24C,1.0,1.5999999999999999
2018,MY,T,T - IPC4+D04H,1.0,1.2800000000000005
2018,TH,T,T - IPC4+B24B,2.0,2.4166666666666665
2018,MY,T,T - IPC4+E05B,3.0,3.399999999999997
2018,TH,T,T - IPC4+B31B,3.0,3.6299242424242424
2018,TH,T,T - IPC4+B60N,3.0,3.3928571428571423
2018,TH,T,T - IPC4+B62D,13.0,16.7
2018,TH,T,T - IPC4+B62J,31.0,33.465175947241164
2018,TH,T,T - IPC4+B63H,2.0,2.75
2018,IL,T,T - IPC4+C11D,6.0,6.405923344947736
2018,JP,T,T - IPC4+B62B,78.0,82.1319010297271
2018,TH,T,T - IPC4+C08F,30.0,33.37279987169693
2018,TH,T,T - IPC4+C11B,1.0,1.875
2018,TH,T,T - IPC4+C21B,2.0,2.0833333333333335
2018,MY,T,T - IPC4+H03F,3.0,4.25
2018,MY,T,T - IPC4+H04N,57.0,59.974390477687244
2018,IL,E,E - 41_16,126.0,134.41344818419745
2018,TH,T,T - IPC4+D06F,3.0,5.199999999999999
2018,JP,T,T - IPC4+B60N,853.0,960.6794451468625
2018,TH,T,T - IPC4+E02B,1.0,2.0
2018,TH,T,T - IPC4+E04D,2.0,4.333333333333333
2018,TH,T,T - IPC4+F03B,3.0,3.2857142857142856
2018,JP,T,T - IPC4+B60C,1387.0,1761.5483821282332
2018,JP,T,T - IPC4+B43K,89.0,136.61864729473425
2018,TH,T,T - IPC4+F26B,5.0,10.514285714285714
2018,JP,T,T - IPC4+B41J,4387.0,4547.405698732053
2018,TR,T,T - IPC4+H05B,58.0,63.14551282051282
2018,IL,T,T - IPC4+C06B,1.0,1.571428571428571
2018,TR,T,T - IPC4+H02P,10.0,10.966666666666667
2018,LK,T,T - IPC4+B41J,1.0,6.0
2018,LK,T,T - IPC4+C01B,2.0,3.0454545454545454
2018,TR,T,T - IPC4+H02B,2.0,2.111111111111111
2018,TR,T,T - IPC4+H01M,29.0,33.828785347206384
2018,TR,T,T - IPC4+H01Q,22.0,23.256493506493506
2018,TH,T,T - IPC4+H02K,3.0,4.428571428571429
2018,TR,T,T - IPC4+G21F,2.0,2.2
2018,LK,T,T - IPC4+C22B,2.0,3.958333333333334
2018,JP,T,T - IPC4+B26B,70.0,73.30467561334437
2018,JP,T,T - IPC4+B25J,1744.0,1912.1927598450527
2018,JP,T,T - IPC4+B25D,68.0,74.78657176157176
2018,JP,T,T - IPC4+B25C,51.0,64.07085969585972
2018,LK,T,T - IPC4+G10L,7.0,7.361344537815127
2018,LK,T,T - IPC4+H02B,1.0,2.0
2018,JP,T,T - IPC4+B23K,2235.0,2392.0237895942455
2018,JP,T,T - IPC4+B23H,82.0,169.69457264957265
2018,TR,T,T - IPC4+F41H,10.0,10.224242424242425
2018,TR,T,T - IPC4+F25D,192.0,196.69870129870125
2018,TR,T,T - IPC4+F25C,20.0,31.25
2018,IL,T,T - IPC4+B63H,2.0,2.9999999999999996
2018,IL,T,T - IPC4+B62K,18.0,23.97177289944318
2018,GE,T,T - IPC4+C03C,1.0,1.5999999999999999
2018,UZ,T,T - IPC4+A47K,1.0,1.5
2018,UZ,T,T - IPC4+A47L,1.0,1.5
2018,JO,T,T - IPC4+A61C,2.0,2.75
2018,TR,T,T - IPC4+E03D,24.0,29.96190476190476
2018,JP,T,T - IPC4+A63F,898.0,1024.381153505188
2018,TR,T,T - IPC4+E03C,12.0,13.816666666666666
2018,TR,T,T - IPC4+E02D,7.0,9.083333333333332
2018,JP,T,T - IPC4+A63B,491.0,498.9358569305314
2018,PK,T,T - IPC4+A41B,2.0,2.25
2018,TR,T,T - IPC4+D06F,130.0,151.92553835053837
2018,TR,T,T - IPC4+D05B,3.0,7.142857142857142
2018,GE,T,T - IPC4+G01J,1.0,1.333333333333333
2018,JP,T,T - IPC4+A61F,1469.0,1588.1648615491604
2018,IL,T,T - IPC4+B60C,8.0,15.93447385947385
2018,JO,T,T - IPC4+A01K,2.0,4.0
2018,GE,T,T - IPC4+H05B,3.0,5.225490196078431
2018,IL,E,E - 15_2,2.0,2.2222222222222223
2018,JP,T,T - IPC4+A44B,223.0,228.16294049063015
2018,TR,T,T - IPC4+B62B,2.0,2.3000000000000007
2018,TR,T,T - IPC4+B61F,1.0,1.7142857142857137
2018,TR,T,T - IPC4+B60T,11.0,12.178571428571429
2018,JP,T,T - IPC4+A24F,121.0,138.71494346726544
2018,TR,T,T - IPC4+B60C,41.0,62.78466786624682
2018,TR,T,T - IPC4+B41J,3.0,3.02112676056338
2018,IL,E,E - 37_20,2.0,2.25
2018,BH,T,T - IPC4+G01V,1.0,1.5
2018,MN,T,T - IPC4+A47L,1.0,2.0000000000000004
2018,TR,T,T - IPC4+B22C,4.0,4.892857142857142
2018,TR,T,T - IPC4+B21C,2.0,3.25
2018,IL,T,T - IPC4+B23C,67.0,105.28217893217892
2018,JP,T,T - IPC4+A01D,250.0,282.7891094814386
2018,IL,T,T - IPC4+B23B,82.0,117.32697188432483
2018,IL,T,T - IPC4+B22D,4.0,4.498412698412699
2018,TR,T,T - IPC4+A61K,227.0,228.98517513429718
2018,TR,T,T - IPC4+A47L,105.0,121.46631461131462
2018,TR,T,T - IPC4+A47D,2.0,3.0
2018,TR,T,T - IPC4+A21D,9.0,11.524999999999993
2018,TR,T,T - IPC4+A01G,14.0,17.626190476190477
2018,TR,T,T - IPC4+A01C,4.0,4.25
2018,IQ,T,T - IPC4+A61K,1.0,1.7777777777777735
2018,BN,T,T - IPC4+G05B,4.0,5.785714285714286
2018,BN,T,T - IPC4+G05D,1.0,1.1428571428571426
2018,IL,T,T - IPC4+A61B,1375.0,1459.8794811210153
2018,QA,T,T - IPC4+H01M,3.0,3.2714285714285714
2018,QA,T,T - IPC4+F24F,1.0,1.6923076923076916
2018,QA,T,T - IPC4+F03B,2.0,2.125
2018,QA,T,T - IPC4+A42B,2.0,2.5
2018,ID,E,E - 10_8,2.0,4.0
2018,ID,E,E - 1_11,2.0,2.5
2018,IL,T,T - IPC4+A01G,88.0,91.8340354004441
2018,JO,E,E - 5_2,11.0,11.174242424242424
2018,YE,E,E - 34_8,4.0,5.0
2018,ID,E,E - 39_3,2.0,2.0049751243781095
2018,IL,E,E - 31_3,2.0,3.2
2018,YE,E,E - 43_8,1.0,2.0
2018,YE,E,E - 9_6,2.0,3.0
2018,QA,E,E - 43_0,1.0,2.0
2018,QA,E,E - 42_11,3.0,3.3333333333333335
2018,QA,E,E - 34_0,1.0,2.0
2018,TJ,T,T - IPC4+G06Q,1.0,3.2000000000000006
2018,JO,E,E - 35_26,1.0,2.0
2018,KZ,T,T - IPC4+A61K,6.0,6.504805756843809
2018,QA,E,E - 11_13,2.0,2.0294117647058822
2018,KZ,T,T - IPC4+B02C,1.0,2.5
2018,JO,E,E - 35_17,1.0,2.0
2018,KZ,T,T - IPC4+C22C,1.0,3.111111111111112
2018,KZ,T,T - IPC4+E05B,1.0,1.5999999999999999
2018,KZ,T,T - IPC4+F03D,5.0,6.25
2018,KZ,T,T - IPC4+H02K,3.0,5.999999999999999
2018,BD,E,E - 18_0,1.0,2.0
2018,LB,E,E - 5_5,2.0,2.0833333333333335
2018,LB,E,E - 45_5,4.0,4.25
2018,BD,T,T - IPC4+A61L,2.0,3.0555555555555554
2018,JO,E,E - 20_8,1.0,2.0
2018,LB,E,E - 20_11,1.0,2.0
2018,CN,T,T - IPC4+G07D,136.0,148.86385420135417
2018,CN,T,T - IPC4+G03G,96.0,110.90853094821844
2018,LB,E,E - 17_11,1.0,2.0
2018,JO,E,E - 16_21,11.0,12.0
2018,JO,E,E - 16_20,11.0,12.833333333333334
2018,KG,E,E - 9_6,1.0,2.0
2018,CN,T,T - IPC4+D06F,792.0,1182.9888594341146
2018,SY,T,T - IPC4+F16H,1.0,2.4
2018,CN,T,T - IPC4+C06B,11.0,11.419047619047605
2018,SG,T,T - IPC4+C22B,3.0,3.6987654320987655
2018,SG,T,T - IPC4+D21H,4.0,4.656709956709957
2018,SG,T,T - IPC4+E04D,2.0,2.391304347826086
2018,SG,T,T - IPC4+F01B,1.0,1.0714285714285718
2018,SG,T,T - IPC4+F04C,2.0,2.1666666666666665
2018,CN,T,T - IPC4+B25C,15.0,15.752380952380951
2018,SG,T,T - IPC4+F26B,5.0,5.677564102564107
2018,SG,T,T - IPC4+F42B,4.0,4.158333333333333
2018,CN,T,T - IPC4+A47L,494.0,505.6226663332799
2018,CN,T,T - IPC4+A24F,829.0,836.6478308026681
2018,AM,T,T - IPC4+H01H,1.0,1.9999999999999998
2018,SG,T,T - IPC4+G10D,1.0,2.0
2018,SG,T,T - IPC4+H01C,1.0,1.2
2018,SG,T,T - IPC4+H03B,2.0,2.5666666666666664
2018,SG,T,T - IPC4+H04N,158.0,202.35091035952757
2019,TJ,E,E - 35_20,1.0,2.0
2019,TJ,E,E - 30_15,2.0,2.0256410256410255
2019,TH,T,T - IPC4+H03K,1.0,1.7142857142857137
2019,TH,T,T - IPC4+F26B,2.0,3.2857142857142856
2019,TH,T,T - IPC4+F16H,3.0,3.3
2019,TH,T,T - IPC4+E04B,6.0,11.408333333333331
2019,TH,T,T - IPC4+E04C,5.0,6.0
2019,TH,T,T - IPC4+E02B,1.0,4.0
2019,TH,T,T - IPC4+D05B,1.0,2.0000000000000004
2019,TH,T,T - IPC4+D06F,3.0,6.099999999999998
2019,TH,T,T - IPC4+C22B,3.0,3.838095238095234
2019,TH,T,T - IPC4+C08F,32.0,52.89691422412008
2019,TH,T,T - IPC4+B67D,1.0,1.5
2019,TH,T,T - IPC4+B65G,1.0,1.9999999999999998
2019,TH,T,T - IPC4+B28B,6.0,6.8701923076923075
2019,TH,T,T - IPC4+B25B,1.0,1.7857142857142851
2019,CN,T,T - IPC4+A24F,955.0,960.5995632678291
2019,TH,T,T - IPC4+A44C,4.0,4.083333333333333
2019,CN,T,T - IPC4+A47D,67.0,71.46761294261293
2019,TH,T,T - IPC4+A22C,1.0,1.5000000000000002
2019,TH,T,T - IPC4+A23B,2.0,2.5
2019,CN,T,T - IPC4+A47L,712.0,749.6035601653248
2019,TH,T,T - IPC4+A01H,4.0,6.084848484848484
2019,TH,T,T - IPC4+A01G,8.0,9.866666666666667
2019,CN,T,T - IPC4+B25C,19.0,23.485294117647054
2019,CN,T,T - IPC4+B43K,53.0,55.182431457431434
2019,CN,T,T - IPC4+B66B,227.0,247.67371933621934
2019,CN,T,T - IPC4+D06F,656.0,881.2292182497815
2019,CN,T,T - IPC4+G03G,91.0,96.08262215439788
2019,CN,T,T - IPC4+H01M,2571.0,2679.4277913054702
2019,TJ,T,T - IPC4+G06Q,1.0,1.5999999999999999
2019,IQ,T,T - IPC4+C12Q,1.0,1.6666666666666672
2019,IQ,T,T - IPC4+C08J,1.0,1.0588235294117645
2019,CN,T,T - IPC4+H04W,16379.0,16906.431544213166
2019,TH,E,E - 28_13,4.0,6.090909090909091
2019,IR,T,T - IPC4+A24F,1.0,1.6363636363636356
2019,IR,T,T - IPC4+B21D,2.0,2.25
2019,BH,E,E - 29_7,3.0,4.0
2019,IR,T,T - IPC4+C25B,1.0,1.5
2019,IR,T,T - IPC4+D01D,1.0,1.7777777777777783
2019,BH,E,E - 5_2,22.0,40.26785714285714
2019,IR,T,T - IPC4+F15B,3.0,4.3
2019,IR,T,T - IPC4+H02H,1.0,1.8333333333333326
2019,QA,E,E - 36_7,9.0,9.076923076923077
2019,GE,E,E - 19_12,1.0,2.0
2019,GE,E,E - 20_1,1.0,2.0
2019,TM,T,T - IPC4+A61L,1.0,3.5357142857142825
2019,BH,T,T - IPC4+B66B,1.0,1.4999999999999996
2019,BH,T,T - IPC4+C10L,2.0,2.312499999999999
2019,IQ,E,E - 30_7,3.0,6.0
2019,IN,T,T - IPC4+F42B,1.0,2.0
2019,IN,T,T - IPC4+F25C,5.0,5.95
2019,SY,T,T - IPC4+H01R,1.0,2.3999999999999955
2019,SY,T,T - IPC4+F16H,1.0,1.2
2019,AE,E,E - 5_19,24.0,26.877374620060788
2019,SY,T,T - IPC4+A23F,1.0,1.5555555555555538
2019,IN,T,T - IPC4+E04D,5.0,11.095238095238095
2019,IN,T,T - IPC4+E01D,2.0,4.15
2019,GE,T,T - IPC4+A45C,1.0,1.171428571428568
2019,GE,T,T - IPC4+F01K,1.0,1.3846153846153841
2019,GE,T,T - IPC4+G10L,2.0,2.3541666666666665
2019,GE,T,T - IPC4+H01M,1.0,1.555555555555556
2019,GE,T,T - IPC4+H04S,1.0,1.3125
2019,GE,T,T - IPC4+H04R,2.0,2.21666666666666
2019,IN,T,T - IPC4+B66B,33.0,47.04025974025974
2019,IN,T,T - IPC4+B60D,4.0,5.166666666666667
2019,IN,T,T - IPC4+B43K,3.0,3.466666666666668
2019,IN,T,T - IPC4+B31B,5.0,5.099999999999998
2019,IN,T,T - IPC4+B26B,3.0,3.0625
2019,IN,T,T - IPC4+A62D,4.0,12.57337164750958
2019,IN,T,T - IPC4+A44C,12.0,14.325000000000001
2019,IN,T,T - IPC4+A44B,5.0,9.374639249639255
2019,IN,T,T - IPC4+A23F,14.0,17.488095238095234
2019,BD,T,T - IPC4+H02J,3.0,3.5980392156862746
2019,QA,T,T - IPC4+A63H,1.0,1.9999999999999993
2019,QA,T,T - IPC4+F03B,2.0,4.5
2019,QA,T,T - IPC4+G09B,2.0,2.1111111111111116
2019,SY,E,E - 25_7,5.0,6.0
2019,SY,E,E - 25_13,2.0,3.0
2019,BN,T,T - IPC4+H01L,1.0,1.6000000000000003
2019,BD,E,E - 35_26,1.0,2.0
2019,PK,T,T - IPC4+G01F,1.0,1.239669421487606
2019,PK,T,T - IPC4+B01D,4.0,8.754629629629653
2019,AE,T,T - IPC4+A24F,2.0,2.1999999999999997
2019,TR,T,T - IPC4+A24C,1.0,1.5999999999999999
2019,TR,T,T - IPC4+A24D,1.0,1.3333333333333337
2019,TR,T,T - IPC4+A47J,67.0,72.19610389610413
2019,TR,T,T - IPC4+A47L,96.0,99.94106684981685
2019,AE,T,T - IPC4+A63F,2.0,2.0105263157894737
2019,TR,T,T - IPC4+B22C,8.0,8.333333333333332
2019,AE,T,T - IPC4+B03C,2.0,2.155555555555556
2019,AE,T,T - IPC4+B06B,1.0,3.0
2019,AE,T,T - IPC4+B07B,4.0,11.208333333333332
2019,TR,T,T - IPC4+B60C,26.0,39.07857142857142
2019,TR,T,T - IPC4+B60N,28.0,30.837552213868005
2019,TR,T,T - IPC4+B60T,13.0,15.273809523809527
2019,AE,T,T - IPC4+B41M,1.0,1.3461538461538465
2019,TR,T,T - IPC4+B63H,6.0,8.307142857142857
2019,TR,T,T - IPC4+B66B,7.0,9.333333333333332
2019,TR,T,T - IPC4+B66D,2.0,2.787878787878787
2019,TR,T,T - IPC4+B67C,1.0,1.2307692307692304
2019,AE,T,T - IPC4+B65D,8.0,9.186126373626372
2019,AE,T,T - IPC4+C04B,3.0,4.208333333333332
2019,TR,T,T - IPC4+D04B,12.0,15.33066293183939
2019,TR,T,T - IPC4+D06F,135.0,162.7688589188589
2019,TR,T,T - IPC4+E03D,26.0,29.264285714285712
2019,AE,T,T - IPC4+C25C,10.0,10.066666666666666
2019,TR,T,T - IPC4+F04B,22.0,22.16062271062271
2019,TR,T,T - IPC4+F17C,7.0,8.441919191919192
2019,TR,T,T - IPC4+F23C,2.0,2.3333333333333335
2019,AE,T,T - IPC4+E02D,1.0,2.5
2019,TR,T,T - IPC4+F24C,107.0,107.60692640692643
2019,TR,T,T - IPC4+F25C,13.0,14.016666666666666
2019,AE,T,T - IPC4+E05B,3.0,6.166666666666666
2019,LK,T,T - IPC4+C22B,2.0,3.291666666666667
2019,TR,T,T - IPC4+H01R,26.0,26.822619047619042
2019,LK,T,T - IPC4+C01B,2.0,3.090909090909091
2019,TR,T,T - IPC4+H10D,1.0,2.341463414634148
2019,LK,T,T - IPC4+A23P,1.0,1.1666666666666665
2019,LK,T,T - IPC4+A23L,2.0,3.833333333333332
2019,AE,T,T - IPC4+H01M,3.0,3.2166666666666672
2019,AE,T,T - IPC4+H02J,3.0,3.85
2019,AF,E,E - 30_1,2.0,2.142857142857143
2019,IN,E,E - 1_11,2.0,3.0
2019,AF,E,E - 9_8,1.0,2.0
2019,IL,T,T - IPC4+G10D,5.0,5.9261904761904765
2019,IL,T,T - IPC4+F42B,15.0,18.56727994227994
2019,IL,T,T - IPC4+F25C,1.0,2.0
2019,IL,T,T - IPC4+E05D,3.0,3.0875
2019,PK,E,E - 42_18,1.0,4.0
2019,IL,T,T - IPC4+E01F,11.0,11.63452380952381
2019,IL,T,T - IPC4+E01C,5.0,6.28888888888889
2019,IL,T,T - IPC4+D06F,15.0,16.449764451235037
2019,PK,E,E - 35_13,3.0,3.1666666666666665
2019,IL,T,T - IPC4+C22B,12.0,13.026981596834537
2019,IL,T,T - IPC4+C11D,9.0,12.07877879533188
2019,IL,T,T - IPC4+C10G,6.0,6.0799533799533805
2019,IL,T,T - IPC4+B67B,3.0,8.80084033613446
2019,LK,E,E - 35_4,2.0,3.0714285714285716
2019,PH,T,T - IPC4+H02M,15.0,17.251984126984127
2019,IL,T,T - IPC4+B62K,11.0,14.803755712811439
2019,LK,E,E - 32_0,2.0,2.5
2019,PH,T,T - IPC4+G03G,2.0,3.4444444444444446
2019,IL,T,T - IPC4+B60C,9.0,15.912812761950692
2019,PH,T,T - IPC4+F23G,1.0,1.2
2019,PH,T,T - IPC4+F16L,3.0,3.2307692307692304
2019,PH,T,T - IPC4+F16K,1.0,1.5384615384615379
2019,PH,T,T - IPC4+F03D,3.0,3.3333333333333326
2019,IL,T,T - IPC4+B26B,11.0,13.31846846846847
2019,PH,T,T - IPC4+C04B,2.0,6.07142857142857
2019,IL,T,T - IPC4+B23C,59.0,110.82678987678986
2019,IL,T,T - IPC4+B23B,71.0,114.38577811077809
2019,PH,T,T - IPC4+A24D,2.0,3.15
2019,IL,T,T - IPC4+A61B,1530.0,1661.25728374905
2019,IL,T,T - IPC4+A44C,11.0,11.963492063492067
2019,IL,T,T - IPC4+A23G,16.0,19.522552910052912
2019,AZ,T,T - IPC4+H01L,2.0,2.01666666666666
2019,AZ,T,T - IPC4+E21C,2.0,4.3547008547008605
2019,AZ,T,T - IPC4+E04C,1.0,1.7142857142857137
2019,AZ,T,T - IPC4+B29C,1.0,1.7142857142857137
2019,LB,T,T - IPC4+F25B,1.0,1.9999999999999998
2019,LB,T,T - IPC4+B65D,4.0,4.771428571428571
2019,LB,T,T - IPC4+A43C,1.0,1.1111111111111114
2019,LB,T,T - IPC4+A24F,7.0,11.149999999999999
2019,AF,T,T - IPC4+A61M,1.0,1.125
2019,AF,T,T - IPC4+B01F,1.0,1.2727272727272723
2019,PH,E,E - 9_6,2.0,3.0
2019,PH,E,E - 44_0,2.0,3.0
2019,PH,E,E - 35_20,1.0,2.0
2019,PH,E,E - 33_9,7.0,12.5
2019,JO,E,E - 42_10,1.0,2.0
2019,PH,E,E - 28_12,4.0,4.833333333333333
2019,PH,E,E - 26_4,1.0,2.0
2019,YE,E,E - 36_8,1.0,2.0
2019,YE,E,E - 30_4,2.0,3.0
2019,YE,E,E - 14_12,1.0,2.0
2019,AZ,E,E - 43_13,1.0,2.0
2019,LB,E,E - 5_1,2.0,4.333333333333333
2019,LB,E,E - 45_5,4.0,4.111111111111111
2019,LB,E,E - 36_11,3.0,5.0
2019,AZ,E,E - 25_13,1.0,2.0
2019,AZ,E,E - 21_13,1.0,2.0
2019,LB,E,E - 31_9,1.0,2.0
2019,LA,T,T - IPC4+F04D,1.0,1.9999999999999993
2019,LA,T,T - IPC4+C07D,1.0,1.0714285714285712
2019,LA,T,T - IPC4+C07C,1.0,1.0714285714285712
2019,KZ,T,T - IPC4+G06F,4.0,5.0
2019,KZ,T,T - IPC4+F03D,3.0,5.0
2019,KZ,T,T - IPC4+E05B,2.0,3.4
2019,KZ,T,T - IPC4+C22C,1.0,1.555555555555556
2019,KZ,T,T - IPC4+C08J,1.0,1.0714285714285712
2019,IL,E,E - 36_4,4.0,5.0
2019,KZ,T,T - IPC4+B64C,2.0,3.3333333333333344
2019,IL,E,E - 33_13,2.0,3.0
2019,MY,T,T - IPC4+A01K,22.0,40.14570707070707
2019,MY,T,T - IPC4+A47C,3.0,3.8666666666666667
2019,MY,T,T - IPC4+A47J,2.0,3.0416666666666665
2019,MY,T,T - IPC4+A63B,4.0,6.051282051282053
2019,MY,T,T - IPC4+B41J,10.0,13.304314204314206
2019,MY,T,T - IPC4+B60N,3.0,4.276190476190476
2019,MY,T,T - IPC4+B61L,1.0,1.3333333333333333
2019,IL,E,E - 29_14,5.0,5.125
2019,MY,T,T - IPC4+D04H,2.0,3.207619047619049
2019,MY,T,T - IPC4+F03D,2.0,3.249999999999999
2019,MY,T,T - IPC4+F04F,2.0,2.8101604278074857
2019,MY,T,T - IPC4+F16D,6.0,8.279166666666665
2019,MY,T,T - IPC4+G03G,1.0,1.4000000000000006
2019,MY,T,T - IPC4+H04N,57.0,62.845966344755105
2019,MY,T,T - IPC4+H10D,1.0,2.341463414634148
2019,IL,E,E - 15_2,2.0,2.5
2019,JO,T,T - IPC4+A21D,1.0,1.1666666666666665
2019,JO,T,T - IPC4+A47C,1.0,2.25
2019,JO,T,T - IPC4+A61G,2.0,2.75
2019,JO,T,T - IPC4+C07C,3.0,3.0786931818181817
2019,JO,T,T - IPC4+F03B,3.0,3.2500000000000004
2019,CY,T,T - IPC4+A23K,1.0,2.0
2019,CY,T,T - IPC4+A61N,1.0,1.6969696969696957
2019,KW,T,T - IPC4+G06Q,2.0,3.0
2019,CY,T,T - IPC4+B23K,1.0,3.600000000000002
2019,CY,T,T - IPC4+C12Q,6.0,7.541666666666666
2019,CY,T,T - IPC4+E21B,1.0,1.3846153846153841
2019,CY,T,T - IPC4+F03D,1.0,4.875
2019,CY,T,T - IPC4+F03B,1.0,1.625
2019,KW,E,E - 9_8,7.0,7.114705882352941
2019,KW,E,E - 9_4,14.0,16.333333333333336
2019,KW,E,E - 43_2,32.0,34.85714285714286
2019,KW,E,E - 43_0,2.0,3.0
2019,KW,E,E - 3_2,4.0,4.2
2019,KW,E,E - 38_19,5.0,5.083333333333333
2019,KW,E,E - 36_10,2.0,2.1
2019,KR,T,T - IPC4+H04N,3684.0,4044.872172759534
2019,KR,T,T - IPC4+H01Q,627.0,745.490591827414
2019,KR,T,T - IPC4+H01L,6524.0,7166.660695622064
2019,KR,T,T - IPC4+H01M,2817.0,4712.069101893152
2019,KR,T,T - IPC4+H01G,490.0,572.8016609336031
2019,KR,T,T - IPC4+H01F,655.0,694.3510776434102
2019,KR,T,T - IPC4+G11C,1239.0,1731.1184744120383
2019,KR,T,T - IPC4+G10D,13.0,18.666666666666668
2019,KR,T,T - IPC4+G03G,104.0,130.8429201146076
2019,KR,T,T - IPC4+F25D,435.0,441.82995364569445
2019,KR,T,T - IPC4+F25C,81.0,93.98302059016572
2019,KR,T,T - IPC4+F24F,457.0,558.9997026761399
2019,KR,T,T - IPC4+F23R,38.0,49.469769119769126
2019,VN,T,T - IPC4+G09B,2.0,2.0454545454545454
2019,SG,T,T - IPC4+F25J,1.0,2.6666666666666665
2019,KR,T,T - IPC4+F16H,545.0,619.2399320851223
2019,KR,T,T - IPC4+F04F,6.0,8.725490196078432
2019,KR,T,T - IPC4+F04D,195.0,198.03934848279945
2019,KR,T,T - IPC4+F04B,161.0,174.88614912779005
2019,KR,T,T - IPC4+F04C,113.0,161.60292353844983
2019,KR,T,T - IPC4+F03B,57.0,61.84713203463203
2019,KR,T,T - IPC4+F02M,171.0,175.98309300494276
2019,KR,T,T - IPC4+F01L,31.0,50.95613347226249
2019,KR,T,T - IPC4+F01D,112.0,119.79567360743835
2019,VN,T,T - IPC4+G01F,1.0,1.9090909090909085
2019,SG,T,T - IPC4+E04B,26.0,31.051216838716837
2019,SG,T,T - IPC4+E03D,4.0,4.222222222222222
2019,VN,T,T - IPC4+F16M,1.0,2.72222222222222
2019,VN,T,T - IPC4+F03B,4.0,4.333333333333333
2019,VN,T,T - IPC4+F03D,8.0,10.583333333333334
2019,KR,T,T - IPC4+D06F,477.0,857.2952269759189
2019,VN,T,T - IPC4+F01K,1.0,1.4285714285714282
2019,SG,T,T - IPC4+B66B,3.0,4.388888888888889
2019,KR,T,T - IPC4+B66B,60.0,65.61565934065933
2019,KR,T,T - IPC4+B62D,341.0,359.7972395624764
2019,KR,T,T - IPC4+B60W,797.0,832.6007627824665
2019,KR,T,T - IPC4+B60T,179.0,228.50075672091927
2019,KR,T,T - IPC4+B60N,156.0,181.09206237948493
2019,KR,T,T - IPC4+B60H,244.0,251.5114625523816
2019,KR,T,T - IPC4+B60D,7.0,7.552631578947368
2019,KR,T,T - IPC4+B43K,35.0,37.53805916305917
2019,SG,T,T - IPC4+B24C,4.0,4.466666666666667
2019,VN,T,T - IPC4+B62J,1.0,1.3888888888888893
2019,KR,T,T - IPC4+B26B,39.0,70.97658730158729
2019,KR,T,T - IPC4+B25C,2.0,2.333333333333333
2019,KR,T,T - IPC4+B22D,118.0,119.46451475137539
2019,VN,T,T - IPC4+B05B,7.0,9.773550724637682
2019,SG,T,T - IPC4+A44C,2.0,2.125
2019,KR,T,T - IPC4+A61B,1743.0,1754.9479418192473
2019,KR,T,T - IPC4+A61C,229.0,229.50867336412156
2019,VN,T,T - IPC4+A63B,4.0,4.061760461760458
2019,KR,T,T - IPC4+A47L,433.0,656.3857333962668
2019,SG,T,T - 1197027848,2.0,2.25
2019,KR,T,T - IPC4+A24F,56.0,91.42390844675002
2019,VN,T,T - IPC4+A47C,5.0,12.8
2019,KR,T,T - IPC4+A21D,24.0,27.995572029653374
2019,KR,T,T - IPC4+A01D,28.0,39.260270562770415
2019,OM,T,T - IPC4+F03G,2.0,3.5
2019,AM,E,E - 32_7,6.0,7.1213235294117645
2019,JP,T,T - IPC4+A01D,300.0,305.0303215771638
2019,JP,T,T - IPC4+A01K,575.0,635.3912052701208
2019,JP,T,T - IPC4+A22C,23.0,32.55494505494506
2019,JP,T,T - IPC4+A24F,188.0,234.7147278332263
2019,JP,T,T - IPC4+A43B,127.0,134.497308458511
2019,JP,T,T - IPC4+A44B,193.0,196.83918208049408
2019,JP,T,T - IPC4+A47D,10.0,11.00447914658441
2019,JP,T,T - IPC4+A47L,330.0,380.58316800850235
2019,JP,T,T - IPC4+A61F,1485.0,1609.0360306473883
2019,JP,T,T - IPC4+A63B,416.0,439.78082803382136
2019,JP,T,T - IPC4+A63C,12.0,20.31071428571429
2019,JP,T,T - IPC4+A63F,924.0,1035.5824222256472
2019,JP,T,T - IPC4+B04B,58.0,62.74364050981699
2019,JP,T,T - IPC4+B22C,180.0,205.9182496616523
2019,JP,T,T - IPC4+B23H,86.0,140.8104664126723
2019,JP,T,T - IPC4+B23K,2386.0,2602.2883211793373
2019,JP,T,T - IPC4+B25C,63.0,115.1976911976912
2019,JP,T,T - IPC4+B25D,68.0,77.96587024087025
2019,JP,T,T - IPC4+B25J,2013.0,2332.8305271486515
2019,JP,T,T - IPC4+B41J,4319.0,4615.253169033332
2019,JP,T,T - IPC4+B43K,106.0,128.33877137355398
2019,JP,T,T - IPC4+B60C,1540.0,2006.0577017347487
2019,JP,T,T - IPC4+B66C,224.0,230.73848349033096
2019,JP,T,T - IPC4+B66B,636.0,849.6042028690789
2019,JP,T,T - IPC4+C22B,227.0,229.42890922620492
2019,SA,E,E - 28_3,1.0,2.0
2019,JP,T,T - IPC4+C25B,334.0,354.9622190340656
2019,JP,T,T - IPC4+D01H,62.0,82.21684565434566
2019,JP,T,T - IPC4+D04B,161.0,164.6914510449169
2019,JP,T,T - IPC4+D05B,90.0,153.61201298701297
2019,JP,T,T - IPC4+D06F,287.0,387.31220014763363
2019,JP,T,T - IPC4+E02F,792.0,893.2206484985
2019,JP,T,T - IPC4+E03D,118.0,135.1119172494172
2019,JP,T,T - IPC4+F03B,74.0,96.8421940151352
2019,SA,E,E - 35_17,2.0,2.016949152542373
2019,JP,T,T - IPC4+F03D,170.0,196.40556206607286
2019,JP,T,T - IPC4+F04C,724.0,847.8090732086524
2019,JP,T,T - IPC4+F04D,942.0,1042.4935029363178
2019,JP,T,T - IPC4+F15B,509.0,518.1081607526647
2019,JP,T,T - IPC4+F16H,2108.0,2193.8339385005393
2019,JP,T,T - IPC4+F16K,974.0,1027.0814984903836
2019,JP,T,T - IPC4+F23D,112.0,112.63595224220228
2019,JP,T,T - IPC4+F24F,2105.0,2151.916411394538
2019,JP,T,T - IPC4+F25C,60.0,90.82761690261692
2019,JP,T,T - IPC4+G01F,414.0,430.4864947276515
2019,JP,T,T - IPC4+G01Q,37.0,45.306788472964946
2019,JP,T,T - IPC4+G03G,3181.0,4320.949010115224
2019,JP,T,T - IPC4+G04B,104.0,110.62619998194266
2019,SA,E,E - 42_18,4.0,6.0
2019,JP,T,T - IPC4+G07D,314.0,341.9780684794625
2019,SA,E,E - 42_5,1.0,2.0
2019,JP,T,T - IPC4+G10D,71.0,76.1159420289855
2019,JP,T,T - IPC4+H01H,933.0,1040.1830763025448
2019,JP,T,T - IPC4+H01M,6490.0,9266.06935399275
2019,JP,T,T - IPC4+H01R,2222.0,2924.0725283164033
2019,JP,T,T - IPC4+H01T,177.0,221.66856933915767
2019,JP,T,T - IPC4+H02K,3057.0,3987.057333279204
2019,JP,T,T - IPC4+H03H,948.0,1043.2625033867992
2019,KP,E,E - 41_16,2.0,4.0
2019,KP,E,E - 12_11,3.0,3.1666666666666665
2019,ID,T,T - IPC4+H04N,43.0,47.11773562931214
2019,OM,E,E - 35_17,2.0,2.0303030303030303
2019,ID,T,T - IPC4+F04D,1.0,2.1153846153846168
2019,OM,E,E - 17_1,1.0,2.0
2019,OM,E,E - 17_0,2.0,2.066666666666667
2019,ID,T,T - IPC4+E04F,1.0,1.3333333333333333
2019,ID,T,T - IPC4+E02F,2.0,4.333333333333334
2019,ID,T,T - IPC4+C25B,1.0,1.384615384615385
2019,ID,T,T - IPC4+B65D,13.0,22.03557693169495
2019,ID,T,T - IPC4+B41J,1.0,5.625
2019,ID,T,T - IPC4+B23C,1.0,3.0
2019,ID,T,T - IPC4+A63F,1.0,1.0666666666666667
2019,ID,T,T - IPC4+A47C,1.0,1.9999999999999993
2019,VN,E,E - 16_2,4.0,5.042553191489361
2019,VN,E,E - 12_7,16.0,17.833333333333336
2019,VN,E,E - 10_9,3.0,4.0
2019,AM,T,T - IPC4+B65D,3.0,6.792780748663085
2019,AM,T,T - IPC4+B65B,1.0,3.294117647058819
2019,AM,T,T - IPC4+C03C,2.0,2.14032258064516
2019,AM,T,T - IPC4+C08K,1.0,1.0161290322580638
2019,AM,T,T - IPC4+G11C,2.0,4.6
2019,SA,T,T - IPC4+B26B,2.0,2.333333333333333
2019,SA,T,T - IPC4+B67D,1.0,1.7777777777777783
2019,SA,T,T - IPC4+C09K,161.0,204.58499673517275
2019,SA,T,T - IPC4+C10G,162.0,175.18670733715518
2019,SA,T,T - IPC4+C10M,1.0,3.8888888888889004
2019,SA,T,T - IPC4+C10N,1.0,4.537037037037038
2019,UZ,T,T - IPC4+A23K,1.0,6.0000000000000036
2019,SA,T,T - IPC4+E05F,1.0,2.800000000000001
2019,SA,T,T - IPC4+E21B,357.0,397.768216460612
2019,SA,T,T - IPC4+E06B,1.0,2.1000000000000005
2019,UZ,T,T - IPC4+B60T,1.0,2.1428571428571446
2019,SA,T,T - IPC4+F01K,11.0,13.888660361022893
2019,UZ,T,T - IPC4+F26B,1.0,1.7142857142857137
2019,SA,T,T - IPC4+F25J,6.0,40.77083333333334
2019,SA,T,T - IPC4+F28D,10.0,10.998286435786442
2019,SA,T,T - IPC4+H01H,2.0,2.4444444444444446
2019,KH,T,T - IPC4+A61F,1.0,3.0
2019,NP,T,T - IPC4+H01S,1.0,1.400000000000001
2019,KH,E,E - 21_13,1.0,2.0
2020,TJ,E,E - 35_9,1.0,2.0
2020,TH,T,T - IPC4+H02K,3.0,6.714285714285713
2020,TH,T,T - IPC4+G06Q,19.0,23.575864435864435
2020,KG,T,T - IPC4+A61P,2.0,2.492063492063489
2020,KG,T,T - IPC4+B29C,1.0,1.3333333333333337
2020,KG,T,T - IPC4+C22B,1.0,1.9999999999999998
2020,KG,T,T - IPC4+E06B,1.0,1.3333333333333333
2020,TH,T,T - IPC4+F26B,3.0,3.4
2020,TH,T,T - IPC4+F25B,2.0,3.9230769230769225
2020,TH,T,T - IPC4+F24F,5.0,5.11025641025641
2020,TH,T,T - IPC4+F04F,1.0,1.7142857142857137
2020,TH,T,T - IPC4+E02B,2.0,4.090909090909091
2020,TH,T,T - IPC4+C10J,1.0,1.75
2020,TH,T,T - IPC4+C10L,1.0,1.1428571428571428
2020,TH,T,T - IPC4+C10B,1.0,1.25
2020,TH,T,T - IPC4+B67D,1.0,2.0
2020,TH,T,T - IPC4+B63C,4.0,4.166666666666667
2020,TH,T,T - IPC4+B60G,1.0,3.0000000000000004
2020,TH,T,T - IPC4+B24C,1.0,1.5999999999999999
2020,TH,T,T - IPC4+B24B,3.0,3.25
2020,TH,T,T - IPC4+B23C,1.0,1.6666666666666667
2020,TH,T,T - IPC4+B23B,1.0,1.6666666666666667
2020,TH,T,T - IPC4+A63B,4.0,6.5249999999999995
2020,CN,T,T - IPC4+A24F,1006.0,1076.6104982800994
2020,TH,T,T - IPC4+A44C,3.0,3.5
2020,TH,T,T - IPC4+A24D,3.0,3.8611111111111107
2020,TH,T,T - IPC4+A01G,10.0,17.248484848484846
2020,CN,T,T - IPC4+B03C,100.0,119.45712570879886
2020,CN,T,T - IPC4+B25C,32.0,33.10000000000001
2020,ID,E,E - 16_21,2.0,3.2222222222222223
2020,CN,T,T - IPC4+B66B,269.0,291.4947247197246
2020,CN,T,T - IPC4+D06F,712.0,970.680291464747
2020,NP,T,T - IPC4+F01K,2.0,2.03125
2020,CN,T,T - IPC4+G03G,95.0,108.19721424857822
2020,CN,T,T - IPC4+H01M,3150.0,3402.9184519050063
2020,IQ,T,T - IPC4+H02S,1.0,2.0833333333333326
2020,IQ,T,T - IPC4+H01L,1.0,1.3333333333333335
2020,CN,T,T - IPC4+H04W,19115.0,21334.396771037475
2020,KH,T,T - IPC4+H03K,1.0,1.0714285714285712
2020,SA,T,T - IPC4+H03K,6.0,6.134920634920634
2020,SA,T,T - IPC4+G11C,1.0,1.5
2020,SA,T,T - IPC4+G03F,5.0,5.384848484848485
2020,SA,T,T - IPC4+F25J,11.0,31.35683760683756
2020,SA,T,T - IPC4+F04D,17.0,18.515689865689865
2020,UZ,T,T - IPC4+B60G,1.0,1.333333333333333
2020,SA,T,T - IPC4+E21C,1.0,1.1428571428571435
2020,SA,T,T - IPC4+E21B,471.0,474.69138832157415
2020,UZ,T,T - IPC4+A23K,1.0,6.0000000000000036
2020,SA,T,T - IPC4+D01D,2.0,3.5000000000000013
2020,SA,T,T - IPC4+C10G,183.0,188.69241762409874
2020,SA,T,T - IPC4+B67D,1.0,5.3333333333333295
2020,SA,T,T - IPC4+B23D,1.0,1.5
2020,SA,T,T - IPC4+A63B,1.0,1.1200000000000003
2020,SA,T,T - 1197027848,2.0,2.1666666666666665
2020,TH,E,E - 17_13,2.0,2.5
2020,AM,T,T - IPC4+G01R,1.0,2.0
2020,AM,T,T - IPC4+F03D,1.0,2.999999999999999
2020,AM,T,T - IPC4+A43B,1.0,3.0
2020,AM,T,T - IPC4+A41D,1.0,1.3333333333333333
2020,IR,T,T - IPC4+A24F,4.0,4.260416666666665
2020,IR,T,T - IPC4+A61J,5.0,7.125
2020,IR,T,T - IPC4+A61M,16.0,20.290343915343918
2020,BH,E,E - 30_1,3.0,3.020408163265306
2020,BH,E,E - 3_3,6.0,6.5
2020,BH,E,E - 5_2,20.0,38.03125
2020,BH,E,E - 5_4,2.0,2.03125
2020,IR,T,T - IPC4+F16F,1.0,1.6666666666666667
2020,BH,E,E - 9_8,2.0,3.0
2020,VN,E,E - 16_19,5.0,6.208474576271187
2020,QA,E,E - 42_11,1.0,2.0
2020,QA,E,E - 45_1,4.0,4.023255813953488
2020,ID,T,T - IPC4+B41J,3.0,6.426470588235294
2020,GE,E,E - 37_21,3.0,4.0
2020,ID,T,T - IPC4+C25B,2.0,3.1025641025641018
2020,ID,T,T - IPC4+E02F,2.0,3.6666666666666665
2020,ID,T,T - IPC4+E06B,3.0,3.380952380952381
2020,OM,E,E - 16_1,2.0,3.0
2020,OM,E,E - 3_3,4.0,5.0
2020,VN,E,E - 8_8,2.0,2.04
2020,VN,E,E - 8_6,1.0,2.0
2020,VN,E,E - 9_26,8.0,8.208104395604396
2020,KP,E,E - 10_4,5.0,8.142857142857142
2020,KP,E,E - 10_2,5.0,5.125
2020,KP,E,E - 12_11,7.0,12.05
2020,KP,E,E - 19_7,1.0,2.0
2020,KP,E,E - 34_5,1.0,2.0
2020,KP,E,E - 35_2,2.0,3.0
2020,BH,T,T - 1197027848,1.0,2.5
2020,KP,E,E - 41_16,1.0,2.0
2020,KP,E,E - 42_26,2.0,2.111111111111111
2020,KP,E,E - 5_2,6.0,6.5095238095238095
2020,KP,E,E - 7_1,7.0,13.0
2020,KP,E,E - 9_1,2.0,2.0526315789473686
2020,KP,E,E - 9_19,3.0,5.0
2020,KP,E,E - 9_21,5.0,5.052631578947368
2020,KP,E,E - 9_6,3.0,3.0526315789473686
2020,KP,E,E - 9_7,2.0,2.0526315789473686
2020,SA,E,E - 9_1,13.0,15.32037037037037
2020,IQ,E,E - 43_0,1.0,2.0
2020,JP,T,T - IPC4+H03H,865.0,927.1935575543105
2020,JP,T,T - IPC4+H02K,2938.0,3762.77760693181
2020,JP,T,T - IPC4+H01T,155.0,218.66659223129813
2020,JP,T,T - IPC4+H01R,2057.0,2824.437388166718
2020,JP,T,T - IPC4+H01Q,1249.0,1263.3931068969353
2020,JP,T,T - IPC4+H01M,6501.0,9064.787846953312
2020,JP,T,T - IPC4+H01H,949.0,1065.060507865887
2020,SA,E,E - 44_3,2.0,2.090909090909091
2020,JP,T,T - IPC4+G10D,44.0,48.65982905982906
2020,JP,T,T - IPC4+G07D,290.0,349.850168989022
2020,SA,E,E - 42_14,4.0,6.0
2020,JP,T,T - IPC4+G04B,110.0,110.91460221235937
2020,JP,T,T - IPC4+G03G,3213.0,4463.506036577489
2020,SA,E,E - 3_4,5.0,5.171428571428571
2020,JP,T,T - IPC4+G01F,402.0,414.8107559069542
2020,JP,T,T - IPC4+F25C,57.0,70.48588299838299
2020,JP,T,T - IPC4+F24F,2080.0,2165.9512202691235
2020,SA,E,E - 37_8,2.0,4.0
2020,JP,T,T - IPC4+F16K,1026.0,1161.1867768230225
2020,JP,T,T - IPC4+F16H,1836.0,1845.782788508906
2020,JP,T,T - IPC4+F15B,520.0,524.3227570159457
2020,JP,T,T - IPC4+F04C,627.0,698.1019562695643
2020,JP,T,T - IPC4+F04D,884.0,943.9286317215026
2020,JP,T,T - IPC4+F03B,61.0,70.81855336337433
2020,JP,T,T - IPC4+E03D,110.0,135.80315517815524
2020,JP,T,T - IPC4+E02F,987.0,1099.686255283817
2020,JP,T,T - IPC4+D06F,269.0,388.69910207958054
2020,JP,T,T - IPC4+D05B,84.0,128.4888888888889
2020,JP,T,T - IPC4+D01H,53.0,78.74176101676103
2020,KP,T,T - IPC4+B25J,4.0,5.041666666666665
2020,SA,E,E - 28_2,3.0,3.022222222222222
2020,KP,T,T - IPC4+D01F,1.0,1.0714285714285712
2020,KP,T,T - IPC4+D01D,1.0,1.4285714285714282
2020,SA,E,E - 25_13,8.0,8.272222222222222
2020,KP,T,T - IPC4+F01M,1.0,1.3333333333333333
2020,KP,T,T - IPC4+G06N,1.0,1.0769230769230766
2020,KP,T,T - IPC4+H01Q,1.0,1.5000000000000007
2020,SY,T,T - IPC4+G06Q,1.0,2.0
2020,SY,T,T - IPC4+G01R,1.0,2.3076923076923084
2020,SY,T,T - IPC4+F24F,2.0,2.3846153846153837
2020,SA,E,E - 16_21,23.0,25.6
2020,JP,T,T - IPC4+B66B,635.0,817.8661689759516
2020,JP,T,T - IPC4+B66C,243.0,275.4305886943456
2020,IN,T,T - IPC4+E01D,2.0,3.25
2020,JP,T,T - IPC4+B60N,735.0,737.0298963469504
2020,JP,T,T - IPC4+B60C,1401.0,1838.8918587818566
2020,JP,T,T - IPC4+B43K,108.0,140.3061309061309
2020,JP,T,T - IPC4+B41J,4300.0,4793.63730737895
2020,IN,T,T - IPC4+D01H,18.0,18.719172932330824
2020,JP,T,T - IPC4+B25J,2043.0,2256.9527207105234
2020,JP,T,T - IPC4+B25C,55.0,94.67424242424244
2020,JP,T,T - IPC4+B23H,79.0,130.3744384700267
2020,JP,T,T - IPC4+B23K,2415.0,2479.4847321510097
2020,IN,T,T - IPC4+C14C,5.0,6.2
2020,GE,T,T - IPC4+C10L,1.0,1.0370370370370363
2020,GE,T,T - IPC4+F01K,1.0,3.692307692307695
2020,GE,T,T - IPC4+F01C,1.0,1.2
2020,JP,T,T - IPC4+A63F,992.0,1132.8703302768977
2020,GE,T,T - IPC4+F16H,2.0,2.5999999999999996
2020,GE,T,T - IPC4+F22B,1.0,2.4615384615384617
2020,GE,T,T - IPC4+G10L,2.0,2.0416666666666665
2020,JP,T,T - IPC4+A61F,1588.0,1655.481157237698
2020,JP,T,T - IPC4+A47L,331.0,356.794256970577
2020,GE,T,T - IPC4+H04S,1.0,1.125
2020,GE,T,T - IPC4+H05B,3.0,5.874999999999999
2020,JP,T,T - IPC4+A46B,98.0,98.42172890454445
2020,JP,T,T - IPC4+A43B,135.0,135.58998958557788
2020,JP,T,T - IPC4+A24F,315.0,404.6166752178638
2020,JP,T,T - IPC4+A22C,33.0,47.33907203907205
2020,JP,T,T - IPC4+A01K,493.0,518.2652965661898
2020,IN,T,T - IPC4+B66B,65.0,117.19832251082252
2020,IN,T,T - IPC4+B23C,2.0,3.7142857142857135
2020,AM,E,E - 28_7,1.0,2.0
2020,OM,T,T - IPC4+A61K,3.0,4.827188940092164
2020,BD,T,T - IPC4+H02J,2.0,2.3333333333333335
2020,OM,T,T - IPC4+C07D,1.0,2.661290322580661
2020,QA,T,T - IPC4+A61N,1.0,2.0
2020,QA,T,T - IPC4+C07C,10.0,16.384897292250233
2020,QA,T,T - IPC4+G06Q,2.0,2.2500000000000004
2020,SY,E,E - 43_7,2.0,3.0
2020,SY,E,E - 3_21,2.0,2.0153846153846153
2020,MM,E,E - 33_10,1.0,2.0
2020,SY,E,E - 25_7,11.0,12.0
2020,SY,E,E - 12_11,1.0,2.0
2020,MM,T,T - IPC4+G06F,2.0,2.0483091787439633
2020,VN,T,T - IPC4+A01N,5.0,5.588130290761865
2020,VN,T,T - IPC4+A23L,5.0,5.0094235033259435
2020,KR,T,T - IPC4+A01G,135.0,143.90780811747237
2020,VN,T,T - IPC4+A47J,1.0,2.0
2020,KR,T,T - IPC4+A24D,57.0,57.1775280508367
2020,KR,T,T - IPC4+A24F,152.0,353.9800939327667
2020,KR,T,T - IPC4+A43B,110.0,113.34936094607143
2020,VN,T,T - IPC4+A61M,1.0,1.25
2020,KR,T,T - IPC4+A47L,429.0,568.3809467875201
2020,KR,T,T - IPC4+A61B,1905.0,1920.1518005294188
2020,VN,T,T - IPC4+A63B,1.0,1.555555555555556
2020,SG,T,T - IPC4+A24D,13.0,15.27162698412699
2020,KR,T,T - IPC4+A63B,296.0,296.2932623559198
2020,KR,T,T - IPC4+B03C,85.0,87.08248238689416
2020,KR,T,T - IPC4+B22D,106.0,114.9473554223554
2020,SG,T,T - IPC4+B04B,1.0,2.0
2020,KR,T,T - IPC4+B26B,28.0,38.688095238095244
2020,KR,T,T - IPC4+B60C,110.0,116.63870617238166
2020,KR,T,T - IPC4+B60G,81.0,93.81010322666667
2020,KR,T,T - IPC4+B60H,267.0,284.6383318178209
2020,KR,T,T - IPC4+B60N,199.0,234.81261335843374
2020,KR,T,T - IPC4+B60T,207.0,216.675871015809
2020,KR,T,T - IPC4+B62B,52.0,55.54101731601731
2020,KR,T,T - IPC4+B62D,436.0,476.81609075161515
2020,SG,T,T - IPC4+B60N,4.0,7.270146520146521
2020,VN,T,T - IPC4+C05G,2.0,2.9545454545454524
2020,SG,T,T - IPC4+B62M,5.0,5.766666666666666
2020,KR,T,T - IPC4+B65F,21.0,22.67222222222222
2020,KR,T,T - IPC4+B66B,63.0,69.45280830280831
2020,SG,T,T - IPC4+B66C,7.0,7.656140350877193
2020,KR,T,T - IPC4+C10M,27.0,27.19518190694154
2020,VN,T,T - IPC4+D05B,1.0,1.9999999999999998
2020,VN,T,T - IPC4+F02C,2.0,2.333333333333333
2020,SG,T,T - IPC4+D03D,3.0,3.70991970991971
2020,KR,T,T - IPC4+D05B,13.0,13.692063492063491
2020,VN,T,T - IPC4+F03D,4.0,5.428571428571428
2020,KR,T,T - IPC4+D06F,516.0,1062.1621104785602
2020,KR,T,T - IPC4+E01B,3.0,6.0
2020,SG,T,T - IPC4+E02F,1.0,4.000000000000003
2020,SG,T,T - IPC4+E21C,2.0,2.6666666666666656
2020,KR,T,T - IPC4+E05B,141.0,153.48675882797392
2020,KR,T,T - IPC4+F02K,6.0,6.612179487179487
2020,KR,T,T - IPC4+F03B,62.0,72.98602508602508
2020,KR,T,T - IPC4+F04B,177.0,193.52333271529267
2020,KR,T,T - IPC4+F04C,168.0,272.5501828065296
2020,KR,T,T - IPC4+F04D,191.0,216.10290186287114
2020,SG,T,T - IPC4+F23G,3.0,3.3325757575757553
2020,SG,T,T - IPC4+F42B,4.0,6.331349206349206
2020,KR,T,T - IPC4+F23R,19.0,24.2237012987013
2020,KR,T,T - IPC4+F24F,533.0,650.6100250313422
2020,KR,T,T - IPC4+F25C,84.0,157.64412936630035
2020,KR,T,T - IPC4+F25D,548.0,665.6233029328868
2020,KR,T,T - IPC4+F41A,10.0,10.133333333333336
2020,VN,T,T - IPC4+H03H,1.0,7.4999999999999565
2020,KR,T,T - IPC4+G03G,150.0,189.0560306152181
2020,KR,T,T - IPC4+G09G,1903.0,2023.6401307073756
2020,KR,T,T - IPC4+G11C,1188.0,1533.1598940719264
2020,KR,T,T - IPC4+H01G,397.0,592.2143293305086
2020,KR,T,T - IPC4+H01L,7245.0,7977.798057196013
2020,KR,T,T - IPC4+H01M,3286.0,5659.293389188919
2020,KR,T,T - IPC4+H01Q,806.0,993.9572921967059
2020,KR,T,T - IPC4+H03F,142.0,150.0362458963465
2020,KR,T,T - IPC4+H03H,153.0,166.7230477039301
2020,KR,T,T - IPC4+H04N,4163.0,4510.4370277310745
2020,KR,T,T - IPC4+H10K,3243.0,3383.658824142588
2020,KW,E,E - 25_13,8.0,11.0
2020,KW,E,E - 29_1,3.0,4.111111111111111
2020,KW,E,E - 35_9,2.0,3.0
2020,KW,E,E - 3_2,14.0,16.0
2020,KW,E,E - 3_3,6.0,7.5
2020,KW,E,E - 41_4,1.0,2.0
2020,KW,E,E - 42_11,2.0,3.0
2020,KW,E,E - 42_18,6.0,7.1
2020,KW,E,E - 42_19,4.0,4.090909090909091
2020,KW,E,E - 43_2,25.0,25.48333333333333
2020,KW,E,E - 43_5,16.0,17.73333333333333
2020,KW,E,E - 44_15,1.0,2.0
2020,KW,E,E - 9_4,18.0,19.75
2020,MN,T,T - IPC4+A47L,1.0,1.5000000000000004
2020,MN,T,T - IPC4+H04W,1.0,1.0500000000000003
2020,PK,T,T - IPC4+G01F,1.0,1.2892561983471114
2020,PK,T,T - IPC4+D06P,1.0,1.4000000000000001
2020,PK,T,T - IPC4+C03B,1.0,1.0909090909090902
2020,PK,T,T - IPC4+B01D,3.0,5.541666666666676
2020,PK,T,T - IPC4+A23L,2.0,6.999999999999994
2020,CY,T,T - IPC4+H01F,2.0,2.8135198135198127
2020,CY,T,T - IPC4+C12Q,10.0,12.433333333333334
2020,KW,T,T - IPC4+A61M,2.0,2.4
2020,CY,T,T - IPC4+B65D,2.0,2.1333333333333337
2020,KW,T,T - IPC4+B32B,1.0,1.5483870967741924
2020,KW,T,T - IPC4+B65D,1.0,1.2
2020,CY,T,T - IPC4+A63B,1.0,1.9999999999999993
2020,KW,T,T - IPC4+H02S,1.0,1.2857142857142854
2020,CY,T,T - IPC4+A45C,1.0,2.0
2020,CY,T,T - IPC4+A43B,1.0,2.0
2020,CY,T,T - IPC4+A24C,1.0,2.2105263157894726
2020,KZ,E,E - 42_1,1.0,2.0
2020,IN,E,E - 8_9,3.0,3.0588235294117645
2020,AE,T,T - IPC4+A61J,2.0,2.142857142857143
2020,TR,T,T - IPC4+B21J,3.0,3.3214285714285707
2020,AE,T,T - IPC4+B24D,1.0,1.9999999999999998
2020,TR,T,T - IPC4+B60N,24.0,31.47525062656642
2020,TR,T,T - IPC4+B60T,10.0,12.090476190476195
2020,JO,T,T - IPC4+G06Q,3.0,3.15
2020,TR,T,T - IPC4+B66B,8.0,8.702380952380953
2020,JO,T,T - IPC4+F24S,1.0,1.3888888888888877
2020,AE,T,T - IPC4+B66B,1.0,1.7142857142857137
2020,JO,T,T - IPC4+F03B,1.0,1.5000000000000004
2020,AE,T,T - IPC4+C01G,1.0,3.0
2020,TR,T,T - IPC4+D04B,17.0,17.41438596491228
2020,AE,T,T - IPC4+C09J,1.0,1.0256410256410244
2020,TR,T,T - IPC4+E01D,3.0,4.0
2020,TR,T,T - IPC4+E03D,27.0,31.316666666666666
2020,AE,T,T - IPC4+C10L,3.0,3.8333333333333326
2020,JO,T,T - IPC4+B65D,1.0,2.0000000000000004
2020,JO,T,T - IPC4+A61F,2.0,2.028985507246377
2020,JO,T,T - IPC4+A47J,1.0,1.9999999999999998
2020,AE,T,T - IPC4+E04H,4.0,4.75
2020,AE,T,T - IPC4+E21B,37.0,40.60809523809524
2020,JO,T,T - IPC4+A21D,1.0,1.3333333333333333
2020,IL,E,E - 15_2,3.0,3.111111111111111
2020,IN,E,E - 37_1,1.0,2.0
2020,TR,T,T - IPC4+G02C,4.0,4.150793650793649
2020,LK,T,T - IPC4+F03D,2.0,2.324999999999999
2020,AE,T,T - IPC4+F24S,2.0,2.3888888888888875
2020,AE,T,T - IPC4+G01N,10.0,10.8
2020,AE,T,T - IPC4+G05G,1.0,1.1428571428571426
2020,AE,T,T - IPC4+H01H,1.0,3.4285714285714275
2020,MY,T,T - IPC4+H02B,2.0,2.375
2020,AE,T,T - IPC4+H02S,2.0,2.8833333333333324
2020,MY,T,T - IPC4+F16D,3.0,5.3125
2020,MY,T,T - IPC4+F04F,1.0,1.090909090909091
2020,MY,T,T - IPC4+C05G,6.0,6.161764705882353
2020,MY,T,T - IPC4+B60C,4.0,4.041666666666666
2020,IN,E,E - 17_13,3.0,4.2
2020,MY,T,T - IPC4+A01K,16.0,34.81428571428572
2020,KZ,T,T - IPC4+A01N,2.0,2.088709677419354
2020,KZ,T,T - IPC4+A23K,1.0,3.354838709677417
2020,KZ,T,T - IPC4+B65D,1.0,1.5
2020,KZ,T,T - IPC4+C09J,1.0,1.166666666666667
2020,KZ,T,T - IPC4+F03D,3.0,3.3333333333333335
2020,KZ,T,T - IPC4+G06F,1.0,2.0
2020,KZ,T,T - IPC4+H02N,1.0,1.5
2020,IL,T,T - IPC4+H02K,26.0,28.210033260942694
2020,IL,T,T - IPC4+F42B,12.0,12.977813852813851
2020,IL,T,T - IPC4+F41A,26.0,26.04859307359307
2020,IL,T,T - IPC4+F04B,19.0,31.15511155511153
2020,PK,E,E - 9_13,1.0,2.0
2020,IL,T,T - IPC4+E05B,34.0,38.864122914122916
2020,IL,T,T - IPC4+E04D,8.0,8.545238095238094
2020,IL,T,T - IPC4+E03D,11.0,12.144322344322346
2020,IL,T,T - IPC4+E02B,10.0,10.21095571095571
2020,IL,T,T - IPC4+E01F,15.0,23.109523809523814
2020,PK,E,E - 38_20,1.0,2.0
2020,IL,E,E - 7_6,2.0,2.142857142857143
2020,PK,E,E - 21_13,3.0,3.1666666666666665
2020,IL,T,T - IPC4+B66F,5.0,5.431318681318683
2020,PH,T,T - IPC4+H03F,1.0,1.3333333333333337
2020,PH,T,T - IPC4+H01F,5.0,5.041666666666666
2020,IL,T,T - IPC4+B60D,4.0,4.124542124542124
2020,PH,T,T - IPC4+F16K,2.0,2.1730769230769225
2020,PH,T,T - IPC4+F03B,1.0,2.4
2020,PH,T,T - IPC4+C22B,3.0,3.875
2020,PH,T,T - IPC4+C04B,1.0,6.499999999999996
2020,PH,T,T - IPC4+B60S,1.0,1.5
2020,IL,T,T - IPC4+B23C,64.0,104.84849594849594
2020,IL,T,T - IPC4+B23B,88.0,144.69023101081928
2020,PH,T,T - IPC4+A63B,3.0,3.7999999999999994
2020,PH,T,T - IPC4+A47L,1.0,1.2857142857142854
2020,LA,T,T - IPC4+F04D,1.0,3.9999999999999987
2020,IL,T,T - IPC4+A61B,1588.0,1624.6627342420034
2020,LB,E,E - 25_13,2.0,2.0454545454545454
2020,AZ,E,E - 10_5,1.0,2.0
2020,IL,T,T - IPC4+A01G,99.0,109.45691779433227
2020,LB,E,E - 31_6,3.0,3.0285714285714285
2020,LB,E,E - 34_1,3.0,3.0714285714285716
2020,LB,E,E - 38_6,1.0,2.0
2020,MY,E,E - 28_6,15.0,16.125
2020,LB,E,E - 45_5,1.0,2.0
2020,LB,E,E - 9_21,18.0,21.30204767470986
2020,LB,E,E - 9_8,13.0,13.177047674709861
2020,YE,E,E - 11_15,1.0,2.0
2020,PH,E,E - 10_9,1.0,2.0
2020,JO,E,E - 5_2,20.0,21.243688489516472
2020,JO,E,E - 44_15,1.0,2.0
2020,YE,E,E - 43_11,2.0,4.0
2020,AZ,T,T - IPC4+E21C,1.0,2.333333333333338
2020,PH,E,E - 35_20,1.0,2.0
2020,PH,E,E - 3_3,1.0,2.0
2020,JO,E,E - 16_21,3.0,4.0
2020,LB,T,T - IPC4+F24F,1.0,1.3846153846153837
2020,LB,T,T - IPC4+B60Q,1.0,1.076923076923077
2020,LB,T,T - IPC4+A43C,1.0,2.2222222222222228
2020,LB,T,T - IPC4+A43B,1.0,1.7777777777777783
2020,LB,T,T - IPC4+A47J,3.0,7.555555555555554
2021,LB,T,T - IPC4+A47J,4.0,5.0
2021,JO,E,E - 10_8,10.0,10.257575757575758
2021,PH,E,E - 44_5,3.0,3.5999999999999996
2021,AZ,T,T - IPC4+A24D,1.0,1.3333333333333333
2021,PH,E,E - 35_23,1.0,2.0
2021,AZ,T,T - IPC4+E21C,1.0,1.1666666666666663
2021,PH,E,E - 32_2,2.0,2.2
2021,JO,E,E - 35_20,3.0,3.25
2021,PH,E,E - 2_9,8.0,9.0
2021,JO,E,E - 43_5,11.0,11.22549019607843
2021,JO,E,E - 4_3,1.0,2.0
2021,JO,E,E - 9_8,3.0,5.0
2021,JO,E,E - 9_26,1.0,2.0
2021,AZ,E,E - 9_16,2.0,2.25
2021,LB,E,E - 45_3,2.0,4.0
2021,LB,E,E - 44_0,1.0,2.0
2021,MV,T,T - IPC4+G06Q,1.0,1.4999999999999987
2021,LB,E,E - 42_0,1.0,2.0
2021,LB,E,E - 39_0,3.0,4.025
2021,LB,E,E - 37_0,2.0,4.0
2021,LB,E,E - 36_8,2.0,2.1666666666666665
2021,LB,E,E - 35_20,4.0,4.5
2021,IL,T,T - IPC4+A23G,23.0,26.535772942182433
2021,IL,T,T - IPC4+A24F,42.0,42.05489526813056
2021,IL,T,T - IPC4+A45C,19.0,19.782757193786605
2021,LB,E,E - 11_19,2.0,4.0
2021,LB,E,E - 11_16,1.0,2.0
2021,LB,E,E - 11_12,1.0,2.0
2021,IL,T,T - IPC4+A61B,1602.0,1667.341260725537
2021,PH,T,T - IPC4+A24F,6.0,6.849537037037038
2021,PH,T,T - IPC4+A61G,2.0,4.0
2021,PH,T,T - IPC4+A63B,4.0,5.91111111111111
2021,PH,T,T - IPC4+A63H,1.0,1.9999999999999998
2021,PH,T,T - IPC4+B01F,1.0,2.0
2021,PH,T,T - IPC4+B24B,1.0,2.153846153846155
2021,IL,T,T - IPC4+B23B,78.0,130.37343391902215
2021,IL,T,T - IPC4+B23C,49.0,66.68603896103896
2021,PH,T,T - IPC4+B60S,1.0,5.0
2021,PH,T,T - IPC4+C04B,2.0,11.392857142857123
2021,IL,T,T - IPC4+B27N,1.0,1.2727272727272727
2021,PH,T,T - IPC4+C11D,2.0,2.5921052631578965
2021,IL,T,T - IPC4+B60G,16.0,21.146901709401714
2021,PH,T,T - IPC4+G01T,1.0,2.0
2021,IL,T,T - IPC4+B62K,10.0,10.076556776556778
2021,PH,T,T - IPC4+H02H,1.0,1.1428571428571426
2021,IL,T,T - IPC4+B66C,6.0,6.860256410256411
2021,PK,E,E - 3_3,9.0,10.0
2021,IL,T,T - IPC4+E01F,12.0,14.133333333333336
2021,IL,T,T - IPC4+E05B,34.0,46.18925518925518
2021,IL,T,T - IPC4+F15B,9.0,10.563492063492063
2021,IL,T,T - IPC4+F16H,13.0,13.667644343960134
2021,IL,T,T - IPC4+F17C,7.0,10.435496075739982
2021,IL,T,T - IPC4+F25B,24.0,27.894963369963374
2021,IL,T,T - IPC4+H01C,2.0,2.8294117647058834
2021,IL,T,T - IPC4+H01T,3.0,3.5333333333333345
2021,KZ,T,T - IPC4+H02K,2.0,3.0
2021,KZ,T,T - IPC4+C25B,1.0,1.875
2021,KZ,T,T - IPC4+C25C,2.0,2.125
2021,KZ,T,T - IPC4+C04B,3.0,3.6666666666666665
2021,KZ,T,T - IPC4+B28B,1.0,1.5999999999999999
2021,KZ,T,T - IPC4+B01F,1.0,1.3636363636363635
2021,KZ,T,T - IPC4+A61M,1.0,2.0
2021,KZ,T,T - IPC4+A01N,2.0,2.252016129032258
2021,MY,T,T - IPC4+A01K,13.0,13.369047619047619
2021,MY,T,T - IPC4+A47C,3.0,3.019607843137255
2021,MY,T,T - IPC4+A47D,2.0,2.475
2021,IL,E,E - 30_0,1.0,2.0
2021,MY,T,T - IPC4+B41J,4.0,5.090000000000002
2021,MY,T,T - IPC4+B65H,2.0,5.583333333333331
2021,MY,T,T - IPC4+C11D,5.0,5.011325611325591
2021,MY,T,T - IPC4+D21H,3.0,3.4370629370629375
2021,MY,T,T - IPC4+E02F,3.0,5.666666666666667
2021,MY,T,T - IPC4+F02M,1.0,1.9999999999999971
2021,AE,T,T - IPC4+G01R,10.0,10.445634920634921
2021,AE,T,T - IPC4+G01F,3.0,3.046153846153845
2021,LK,T,T - IPC4+A61F,7.0,9.288235294117648
2021,AE,T,T - IPC4+F41A,3.0,6.0
2021,TR,T,T - IPC4+G21F,2.0,2.3636363636363638
2021,LK,T,T - IPC4+C10L,1.0,3.0
2021,TR,T,T - IPC4+G07D,2.0,2.25
2021,JO,T,T - IPC4+A47J,1.0,1.9999999999999998
2021,AE,T,T - IPC4+C25C,2.0,3.0
2021,JO,T,T - IPC4+B65D,3.0,5.000000000000002
2021,AE,T,T - IPC4+C12M,3.0,3.4083333333333337
2021,AE,T,T - IPC4+C11D,3.0,4.214285714285714
2021,JO,T,T - IPC4+C08F,3.0,3.151785714285714
2021,AE,T,T - IPC4+C07K,4.0,4.041666666666662
2021,AE,T,T - IPC4+C04B,3.0,4.03185703185703
2021,JO,T,T - IPC4+E21B,1.0,2.5
2021,AE,T,T - IPC4+B67D,1.0,1.6666666666666667
2021,JO,T,T - IPC4+F03B,2.0,2.250000000000001
2021,JO,T,T - IPC4+F21V,1.0,1.052631578947368
2021,TR,T,T - IPC4+B66D,2.0,3.030303030303029
2021,TR,T,T - IPC4+B62K,2.0,2.1428571428571423
2021,JO,T,T - IPC4+G21C,2.0,2.999999999999999
2021,TR,T,T - IPC4+B60N,38.0,46.60192117823697
2021,TR,T,T - IPC4+B60G,5.0,5.857142857142857
2021,AE,T,T - IPC4+A61K,23.0,24.904206771061112
2021,AE,T,T - IPC4+A47C,2.0,3.0
2021,AE,T,T - IPC4+A24F,11.0,12.587500000000002
2021,TR,T,T - IPC4+A24F,7.0,9.25
2021,TR,T,T - IPC4+A24C,2.0,2.6666666666666665
2021,TR,T,T - IPC4+A21C,5.0,6.09090909090909
2021,TR,T,T - IPC4+A01B,4.0,4.166666666666666
2021,CY,T,T - IPC4+A24C,1.0,1.8421052631578934
2021,CY,T,T - IPC4+B02C,1.0,1.3157894736842097
2021,KW,T,T - IPC4+E04B,1.0,1.5806451612903214
2021,KW,T,T - IPC4+C09J,1.0,1.1290322580645153
2021,CY,T,T - IPC4+B62B,1.0,2.0
2021,KW,T,T - IPC4+B32B,1.0,3.612903225806449
2021,CY,T,T - IPC4+B65G,1.0,2.0
2021,KW,T,T - IPC4+A61L,1.0,1.2
2021,CY,T,T - IPC4+F03D,1.0,1.9999999999999998
2021,CY,T,T - IPC4+F16K,1.0,1.9999999999999998
2021,CY,T,T - IPC4+H01F,1.0,1.9230769230769247
2021,CY,T,T - IPC4+H01M,3.0,3.0833333333333326
2021,PK,T,T - IPC4+H01H,1.0,2.0
2021,PK,T,T - IPC4+H01Q,2.0,2.047619047619048
2021,BN,T,T - IPC4+B23K,1.0,1.5
2021,MN,T,T - IPC4+C03C,2.0,2.3846153846153846
2021,KW,E,E - 9_8,18.0,24.19090909090909
2021,KW,E,E - 9_4,20.0,20.666666666666668
2021,KW,E,E - 43_5,16.0,18.866666666666667
2021,KW,E,E - 43_2,15.0,18.95
2021,KW,E,E - 43_3,74.0,125.50952380952381
2021,KW,E,E - 42_11,1.0,2.0
2021,KW,E,E - 41_13,3.0,3.6666666666666665
2021,KW,E,E - 3_3,13.0,14.516666666666666
2021,KW,E,E - 39_7,7.0,9.0
2021,KW,E,E - 37_11,4.0,4.333333333333333
2021,KW,E,E - 35_20,5.0,5.4
2021,KW,E,E - 34_1,3.0,6.0
2021,KW,E,E - 30_4,3.0,4.052631578947368
2021,KW,E,E - 25_13,6.0,6.184523809523809
2021,KW,E,E - 18_4,2.0,2.0416666666666665
2021,KW,E,E - 18_12,3.0,3.0416666666666665
2021,KW,E,E - 14_1,2.0,4.0
2021,KR,T,T - IPC4+H04N,4525.0,5206.388005469852
2021,KR,T,T - IPC4+H02K,622.0,698.5706609459821
2021,KR,T,T - IPC4+H01Q,975.0,1150.6269193838057
2021,KR,T,T - IPC4+H01L,8093.0,8647.597624959682
2021,KR,T,T - IPC4+H01M,3584.0,5750.294723208833
2021,KR,T,T - IPC4+H01G,367.0,493.0216120618991
2021,KR,T,T - IPC4+H01H,248.0,259.79460795131905
2021,KR,T,T - IPC4+H01C,29.0,36.72333059660646
2021,KR,T,T - IPC4+G11C,1246.0,1617.7853394357064
2021,KR,T,T - IPC4+G09G,2080.0,2387.2821144397285
2021,KR,T,T - IPC4+G10D,9.0,15.283333333333333
2021,VN,T,T - IPC4+H04N,33.0,35.147196884057486
2021,KR,T,T - IPC4+G03G,194.0,257.06514024170275
2021,VN,T,T - IPC4+H01H,3.0,3.6428571428571423
2021,KR,T,T - IPC4+F25D,575.0,730.8734678738579
2021,KR,T,T - IPC4+F25C,82.0,160.18952207922646
2021,KR,T,T - IPC4+F24F,580.0,723.0564144687381
2021,KR,T,T - IPC4+F16D,213.0,252.86931590392805
2021,KR,T,T - IPC4+F04D,218.0,251.62218923069608
2021,KR,T,T - IPC4+F04B,179.0,213.32258868994492
2021,KR,T,T - IPC4+F04C,129.0,197.84659180688587
2021,KR,T,T - IPC4+F03B,31.0,41.74301254301255
2021,KR,T,T - IPC4+F01L,24.0,29.934235925364952
2021,SG,T,T - IPC4+E06B,15.0,17.08045634920635
2021,SG,T,T - IPC4+E02F,1.0,1.9999999999999998
2021,KR,T,T - IPC4+D06F,597.0,1110.4114390529112
2021,VN,T,T - IPC4+F04C,1.0,2.0
2021,KR,T,T - IPC4+D01H,1.0,3.0
2021,KR,T,T - IPC4+C30B,140.0,147.97053368395908
2021,SG,T,T - IPC4+B67C,3.0,3.050717703349282
2021,SG,T,T - IPC4+B66C,10.0,13.35760233918129
2021,KR,T,T - IPC4+B62B,55.0,58.495693032457716
2021,KR,T,T - IPC4+B62D,469.0,496.411792061667
2021,KR,T,T - IPC4+B60W,1086.0,1096.0880073652297
2021,KR,T,T - IPC4+B60T,245.0,282.3150370870958
2021,KR,T,T - IPC4+B60S,62.0,71.36408494886759
2021,KR,T,T - IPC4+B60N,190.0,199.37073480668982
2021,KR,T,T - IPC4+B60G,95.0,105.01341925618243
2021,KR,T,T - IPC4+B60C,105.0,115.84379089172528
2021,VN,T,T - IPC4+B65F,1.0,2.0
2021,KR,T,T - IPC4+B26B,32.0,54.80714285714286
2021,SG,T,T - IPC4+B04B,2.0,2.1818181818181817
2021,SG,T,T - IPC4+A61M,153.0,181.51223145653228
2021,KR,T,T - IPC4+A63B,388.0,424.4113153798442
2021,SG,T,T - IPC4+A24F,22.0,24.21852922189609
2021,KR,T,T - IPC4+A47L,508.0,695.6057205688384
2021,KR,T,T - IPC4+A47J,301.0,343.170616690721
2021,KR,T,T - IPC4+A47D,15.0,23.40669934640523
2021,KR,T,T - IPC4+A47C,139.0,142.9065880026406
2021,KR,T,T - IPC4+A24F,255.0,570.8342614540725
2021,KR,T,T - IPC4+A24D,104.0,121.08159791622506
2021,VN,T,T - IPC4+A47C,2.0,10.35
2021,VN,T,T - IPC4+A23L,4.0,6.718350754936125
2021,MM,T,T - IPC4+H04L,1.0,1.6153846153846136
2021,QA,T,T - IPC4+F03B,1.0,1.875000000000001
2021,BD,T,T - IPC4+G21C,2.0,2.3000000000000007
2021,IN,T,T - IPC4+A44B,5.0,9.666231278300243
2021,IN,T,T - IPC4+B66B,37.0,50.82408424908426
2021,IN,T,T - IPC4+C05G,36.0,39.84998796954701
2021,JP,T,T - IPC4+A24F,355.0,498.75162235558685
2021,JP,T,T - IPC4+A43B,146.0,213.19601791998846
2021,JP,T,T - IPC4+A43C,15.0,16.144949494949493
2021,JP,T,T - IPC4+A44B,152.0,152.68545217391969
2021,JP,T,T - IPC4+A61B,5628.0,5837.876239668334
2021,GE,T,T - IPC4+H01Q,2.0,2.0625
2021,JP,T,T - IPC4+A61F,1514.0,1565.9929187214325
2021,JP,T,T - IPC4+A61M,1501.0,1537.4276550271452
2021,GE,T,T - IPC4+F22B,1.0,1.8461538461538454
2021,JP,T,T - IPC4+A63C,7.0,7.643650793650794
2021,JP,T,T - IPC4+A63F,940.0,1065.20104078583
2021,GE,T,T - IPC4+F01K,1.0,2.76923076923077
2021,GE,T,T - IPC4+C01B,2.0,2.05
2021,JP,T,T - IPC4+B22C,125.0,134.40238540254683
2021,JP,T,T - IPC4+B23H,73.0,101.9796287046287
2021,JP,T,T - IPC4+B23K,2355.0,2632.3931336966275
2021,GE,T,T - IPC4+A61M,2.0,2.5555555555555562
2021,JP,T,T - IPC4+B24B,959.0,961.6893767971434
2021,JP,T,T - IPC4+B25C,82.0,135.54783549783554
2021,JP,T,T - IPC4+B25D,50.0,53.48375235875236
2021,IN,T,T - IPC4+C25C,3.0,3.3
2021,JP,T,T - IPC4+B25J,2070.0,2274.519556360851
2021,JP,T,T - IPC4+B26B,62.0,71.63399221323748
2021,JP,T,T - IPC4+B41J,3815.0,3998.9480497095105
2021,JP,T,T - IPC4+B43K,103.0,138.42082084582086
2021,JP,T,T - IPC4+B60C,1252.0,1578.4056337171442
2021,SA,E,E - 11_18,3.0,6.0
2021,JP,T,T - IPC4+B65H,1491.0,1494.7523261536207
2021,JP,T,T - IPC4+B66B,601.0,888.1778486219667
2021,JP,T,T - IPC4+B66C,265.0,317.21508875111823
2021,JP,T,T - IPC4+B66D,29.0,36.11205738705738
2021,JP,T,T - IPC4+B67D,96.0,109.04591976650804
2021,SA,E,E - 16_21,14.0,15.073260073260073
2021,SA,E,E - 17_11,4.0,8.0
2021,KP,T,T - IPC4+H10B,1.0,1.0714285714285712
2021,KP,T,T - IPC4+H01R,1.0,1.4999999999999996
2021,KP,T,T - IPC4+H01Q,2.0,2.8000000000000007
2021,KP,T,T - IPC4+H01M,2.0,2.4999999999999996
2021,KP,T,T - IPC4+F01N,1.0,1.25
2021,SA,E,E - 28_0,4.0,6.0344827586206895
2021,JP,T,T - IPC4+C25B,413.0,511.2982993912683
2021,KP,T,T - IPC4+B60R,1.0,1.5
2021,KP,T,T - IPC4+B60N,1.0,1.5
2021,JP,T,T - IPC4+D01H,34.0,34.08407287157287
2021,JP,T,T - IPC4+D05B,71.0,123.59986263736259
2021,JP,T,T - IPC4+D06F,262.0,366.08833833678136
2021,JP,T,T - IPC4+E02F,1032.0,1121.2249671189097
2021,JP,T,T - IPC4+E03D,146.0,200.04605829101817
2021,JP,T,T - IPC4+F01L,177.0,185.8537620041936
2021,SA,E,E - 35_13,11.0,12.083333333333334
2021,JP,T,T - IPC4+F03B,55.0,65.38802733214497
2021,JP,T,T - IPC4+F03D,98.0,101.37126190802663
2021,JP,T,T - IPC4+F04C,538.0,622.4725945365262
2021,JP,T,T - IPC4+F04D,785.0,890.217642043085
2021,JP,T,T - IPC4+F15B,454.0,493.35663523353156
2021,JP,T,T - IPC4+F16D,746.0,749.7590334186873
2021,JP,T,T - IPC4+F16H,1489.0,1634.2750408425063
2021,JP,T,T - IPC4+F16K,903.0,1037.194118426441
2021,SA,E,E - 37_2,1.0,2.0
2021,SA,E,E - 37_21,9.0,12.0
2021,JP,T,T - IPC4+F23R,81.0,85.04703531762352
2021,JP,T,T - IPC4+F24F,2035.0,2343.4460570186175
2021,JP,T,T - IPC4+F25J,58.0,64.27136562268142
2021,JP,T,T - IPC4+G01F,364.0,379.48890748157874
2021,JP,T,T - IPC4+G01Q,33.0,45.70390720390721
2021,JP,T,T - IPC4+G03G,2724.0,3653.077854969577
2021,JP,T,T - IPC4+G07D,263.0,290.42591373413825
2021,JP,T,T - IPC4+G10H,259.0,306.01810522810536
2021,JP,T,T - IPC4+G10D,41.0,47.911904761904765
2021,JP,T,T - IPC4+G11B,827.0,870.8436637925565
2021,JP,T,T - IPC4+H01F,2002.0,2035.4687663902707
2021,JP,T,T - IPC4+H01H,880.0,1027.7498919707741
2021,JP,T,T - IPC4+H01M,6727.0,10005.424869912404
2021,JP,T,T - IPC4+H01Q,1203.0,1339.0776579252254
2021,JP,T,T - IPC4+H01R,1904.0,2595.821052646405
2021,JP,T,T - IPC4+H01S,1285.0,1394.1529260046555
2021,JP,T,T - IPC4+H01T,113.0,131.58252172663944
2021,JP,T,T - IPC4+H02K,2721.0,3412.3279121468513
2021,SA,E,E - 5_7,6.0,6.138951734539969
2021,JP,T,T - IPC4+H03H,861.0,905.2091728096555
2021,JP,T,T - IPC4+H04W,6059.0,6232.129423494383
2021,SA,E,E - 9_12,8.0,12.833333333333334
2021,SA,E,E - 9_19,9.0,9.616666666666667
2021,SA,E,E - 9_4,14.0,14.083333333333332
2021,KP,E,E - 1_14,1.0,2.0
2021,ID,T,T - IPC4+H04N,39.0,52.33195542102815
2021,AE,E,E - 12_7,5.0,5.516949152542373
2021,VN,E,E - 9_6,4.0,4.7
2021,OM,E,E - 9_8,2.0,2.0833333333333335
2021,OM,E,E - 5_5,1.0,2.0
2021,OM,E,E - 43_5,4.0,6.0625
2021,OM,E,E - 43_3,1.0,2.0
2021,AE,E,E - 10_8,18.0,19.349182569537486
2021,OM,E,E - 3_3,1.0,2.0
2021,OM,E,E - 30_4,2.0,4.0
2021,ID,T,T - IPC4+F27D,2.0,3.4017857142857135
2021,OM,E,E - 30_16,1.0,2.0
2021,OM,E,E - 25_10,1.0,2.0
2021,VN,E,E - 42_1,4.0,4.129166666666666
2021,ID,T,T - IPC4+C08B,2.0,3.3560606060606037
2021,ID,T,T - IPC4+B65G,3.0,3.5446428571428568
2021,ID,T,T - IPC4+B41J,1.0,2.25
2021,ID,T,T - IPC4+A61C,1.0,1.6129032258064504
2021,ID,T,T - IPC4+A43B,4.0,4.616666666666669
2021,QA,E,E - 9_8,3.0,4.0
2021,QA,E,E - 9_16,1.0,2.0
2021,QA,E,E - 44_15,3.0,3.166666666666667
2021,QA,E,E - 36_18,2.0,3.0
2021,VN,E,E - 10_9,9.0,9.333333333333334
2021,BH,E,E - 43_2,1.0,2.0
2021,BH,E,E - 3_3,1.0,2.0
2021,IR,T,T - IPC4+E02D,5.0,5.541666666666666
2021,IR,T,T - IPC4+D05B,1.0,1.9999999999999998
2021,BH,E,E - 11_13,3.0,6.0
2021,IR,T,T - IPC4+B66B,3.0,3.5714285714285707
2021,IR,T,T - IPC4+B01F,2.0,2.6666666666666665
2021,IR,T,T - IPC4+A24F,3.0,3.036931818181818
2021,AM,T,T - IPC4+C03C,1.0,1.111111111111111
2021,AM,T,T - IPC4+G01R,1.0,2.0
2021,TH,E,E - 11_18,4.0,4.142857142857143
2021,AM,T,T - IPC4+G11C,2.0,2.285714285714285
2021,SA,T,T - IPC4+A01D,1.0,1.2499999999999998
2021,SA,T,T - IPC4+B66D,1.0,1.25
2021,SA,T,T - IPC4+F23R,1.0,2.400000000000001
2021,SA,T,T - IPC4+F24F,15.0,20.014123376623377
2021,SA,T,T - IPC4+F25D,2.0,4.5
2021,SA,T,T - IPC4+G09F,1.0,2.0000000000000004
2021,SA,T,T - IPC4+H02H,1.0,1.4285714285714282
2021,SA,T,T - IPC4+H02M,10.0,13.12063492063492
2021,CN,T,T - IPC4+H04W,21354.0,22661.29568275783
2021,CN,T,T - IPC4+H01Q,1692.0,1704.7393399422783
2021,IQ,T,T - IPC4+H05K,1.0,1.5
2021,CN,T,T - IPC4+H01M,4288.0,4720.688529082848
2021,CN,T,T - IPC4+G10D,21.0,23.46904761904762
2021,CN,T,T - IPC4+G03G,76.0,77.72288152003227
2021,NP,T,T - IPC4+H01Q,2.0,2.7857142857142847
2021,CN,T,T - IPC4+D06F,603.0,660.3644233763126
2021,CN,T,T - IPC4+B62B,233.0,273.9633573942398
2021,CN,T,T - IPC4+B25C,33.0,48.951587301587296
2021,TH,T,T - IPC4+A01G,11.0,12.308372183372184
2021,CN,T,T - IPC4+A47L,1083.0,1117.8549529652694
2021,CN,T,T - IPC4+A47D,117.0,129.2542499167499
2021,TH,T,T - IPC4+A44C,5.0,5.666666666666666
2021,TH,T,T - IPC4+A47J,4.0,4.333333333333333
2021,CN,T,T - IPC4+A24F,1274.0,1383.9590014173993
2021,TH,T,T - IPC4+B25F,2.0,2.75
2021,TH,T,T - IPC4+B62B,1.0,2.0
2021,TH,T,T - IPC4+B62J,21.0,22.452738927738924
2021,TH,T,T - IPC4+B66B,1.0,2.0
2021,TH,T,T - IPC4+C01D,1.0,2.0
2021,TH,T,T - IPC4+C04B,5.0,5.3114495798319314
2021,TH,T,T - IPC4+C10J,1.0,1.3125
2021,TH,T,T - IPC4+C12G,1.0,1.2857142857142854
2021,TH,T,T - IPC4+C22B,1.0,1.6333333333333324
2021,TH,T,T - IPC4+D03D,2.0,2.102564102564102
2021,TH,T,T - IPC4+E02B,3.0,3.3181818181818183
2021,TH,T,T - IPC4+F01M,1.0,1.5
2021,TH,T,T - IPC4+F01N,2.0,2.2
2021,KH,E,E - 34_1,3.0,7.0
2021,TH,T,T - IPC4+F16B,3.0,4.0
2021,TH,T,T - IPC4+G01B,3.0,3.266666666666666
2021,TH,T,T - IPC4+G01F,1.0,5.999999999999998
2021,KG,T,T - IPC4+C22B,1.0,1.9999999999999998
2021,KG,T,T - IPC4+A61P,2.0,2.2566137566137576
2021,TH,T,T - IPC4+H01F,3.0,5.181818181818181
2021,TH,T,T - IPC4+H02K,4.0,5.25
2022,TH,T,T - IPC4+H02K,4.0,4.083333333333333
2022,CN,T,T - IPC4+A24F,1707.0,1913.1260558475972
2022,TH,T,T - IPC4+G01F,2.0,4.0
2022,CN,T,T - IPC4+A47D,167.0,169.3760545010545
2022,CN,T,T - IPC4+A47L,1257.0,1343.6122040348682
2022,TH,T,T - IPC4+F16H,1.0,1.5
2022,TH,T,T - IPC4+F16D,1.0,1.5
2022,TH,T,T - IPC4+F16B,5.0,7.5
2022,TH,T,T - IPC4+F02M,3.0,3.25
2022,CN,T,T - IPC4+B25C,34.0,34.90396825396825
2022,TH,T,T - IPC4+E02B,2.0,3.0
2022,TH,T,T - IPC4+D21F,1.0,2.0
2022,CN,T,T - IPC4+B42D,46.0,46.474450549450545
2022,CN,T,T - IPC4+B62B,259.0,332.01702095957313
2022,CN,T,T - IPC4+B65F,96.0,96.50478124816362
2022,CN,T,T - IPC4+B66B,208.0,210.29521867021873
2022,TH,T,T - IPC4+B63B,7.0,7.723809523809524
2022,TH,T,T - IPC4+B62K,4.0,4.059523809523809
2022,TH,T,T - IPC4+B60L,4.0,6.508647096668876
2022,CN,T,T - IPC4+D05B,55.0,63.129473304473315
2022,CN,T,T - IPC4+D06F,761.0,944.0839782357818
2022,TH,T,T - IPC4+B24B,1.0,3.600000000000002
2022,TH,T,T - IPC4+B02C,1.0,1.5999999999999999
2022,TH,T,T - IPC4+A61M,5.0,7.422727272727273
2022,CN,T,T - IPC4+F01L,34.0,36.148484848484856
2022,TH,T,T - IPC4+A47G,2.0,3.1666666666666665
2022,CN,T,T - IPC4+G03G,92.0,120.40474612193363
2022,CN,T,T - IPC4+G10D,26.0,27.745238095238097
2022,CN,T,T - IPC4+H01M,6307.0,7230.075998771124
2022,IQ,T,T - IPC4+H05K,2.0,2.5833333333333326
2022,IQ,T,T - IPC4+H04N,5.0,6.166666666666661
2022,CN,T,T - IPC4+H04W,23479.0,24561.70639037158
2022,IR,T,T - IPC4+A23G,1.0,1.555555555555556
2022,IR,T,T - IPC4+F16H,2.0,2.5
2022,IR,T,T - IPC4+F16D,1.0,1.5
2022,QA,E,E - 36_17,2.0,2.1333333333333333
2022,AE,E,E - 25_13,98.0,129.73641288082192
2022,IN,T,T - IPC4+E04G,13.0,23.129166666666624
2022,IN,T,T - IPC4+E01D,3.0,4.25
2022,IN,T,T - IPC4+D01H,10.0,10.8
2022,IN,T,T - IPC4+B66B,31.0,35.47598039215686
2022,IN,T,T - IPC4+B31F,3.0,3.771929824561404
2022,IN,T,T - IPC4+A01F,9.0,9.531196581196578
2022,QA,T,T - IPC4+H01Q,1.0,1.5
2022,BH,E,E - 42_11,1.0,2.0
2022,BH,E,E - 43_2,3.0,3.5
2022,BH,E,E - 5_5,6.0,9.0
2022,PK,T,T - IPC4+H01P,1.0,1.666666666666666
2022,AE,T,T - IPC4+A24F,16.0,23.034230769230753
2022,AE,T,T - IPC4+B60C,2.0,3.0
2022,AE,T,T - IPC4+B60L,2.0,3.6666666666666665
2022,AE,T,T - IPC4+B62J,1.0,1.5
2022,AE,T,T - IPC4+B65G,6.0,7.175595238095237
2022,AE,T,T - IPC4+B67D,1.0,1.6666666666666667
2022,GE,E,E - 21_9,2.0,2.2
2022,AE,T,T - IPC4+E02F,1.0,2.5
2022,AE,T,T - IPC4+F25B,4.0,4.386363636363635
2022,AE,T,T - IPC4+F41A,4.0,7.999999999999999
2022,AE,T,T - IPC4+G02F,1.0,1.7142857142857137
2022,AE,T,T - IPC4+G04B,1.0,2.0
2022,IN,E,E - 17_4,1.0,2.0
2022,IN,E,E - 15_2,3.0,3.2
2022,IL,T,T - IPC4+H02K,39.0,47.88683411961285
2022,IL,T,T - IPC4+F23R,1.0,1.5999999999999999
2022,IL,T,T - IPC4+F02D,2.0,2.2045454545454537
2022,IL,T,T - IPC4+E05D,1.0,1.2
2022,IL,T,T - IPC4+E05B,33.0,40.88476800976799
2022,IL,T,T - IPC4+C25C,3.0,3.0500000000000003
2022,IL,T,T - IPC4+B67B,2.0,2.2310924369747895
2022,IL,T,T - IPC4+B65F,3.0,3.821428571428571
2022,PH,T,T - IPC4+H02M,20.0,24.686309523809513
2022,IL,T,T - IPC4+B62K,14.0,16.773992673992677
2022,PH,T,T - IPC4+H01F,3.0,5.062499999999999
2022,IL,T,T - IPC4+B60G,18.0,22.061198523698522
2022,PH,T,T - IPC4+F02M,1.0,1.9999999999999998
2022,PH,T,T - IPC4+C25B,2.0,2.332026143790849
2022,PH,T,T - IPC4+C11D,4.0,4.1054655870445345
2022,IL,T,T - IPC4+B27N,2.0,3.333333333333333
2022,IL,T,T - IPC4+B27B,2.0,2.75
2022,PH,T,T - IPC4+B60L,1.0,1.5000000000000002
2022,IL,T,T - IPC4+B23C,36.0,53.11598124098124
2022,IL,T,T - IPC4+B23D,4.0,5.027777777777778
2022,IL,T,T - IPC4+B23B,79.0,128.06973304473306
2022,IL,T,T - IPC4+A62D,3.0,3.8397129186602856
2022,IL,T,T - IPC4+A61B,1640.0,1827.8151652960485
2022,IL,T,T - IPC4+A47B,16.0,16.433549783549783
2022,JO,E,E - 29_15,6.0,6.11529933481153
2022,JO,E,E - 35_11,1.0,2.0
2022,JO,E,E - 41_18,2.0,2.0714285714285716
2022,YE,E,E - 43_11,2.0,3.0
2022,JO,E,E - 42_18,2.0,3.0
2022,JO,E,E - 45_5,3.0,4.0
2022,PH,E,E - 1_0,2.0,2.3333333333333335
2022,SY,T,T - IPC4+G01R,2.0,2.683760683760683
2022,YE,E,E - 12_3,1.0,2.0
2022,SY,T,T - IPC4+F21S,1.0,1.1428571428571426
2022,SY,T,T - IPC4+B65B,1.0,1.2857142857142854
2022,GE,T,T - IPC4+A61M,1.0,1.555555555555556
2022,GE,T,T - IPC4+B01D,1.0,2.0
2022,GE,T,T - IPC4+B65B,1.0,1.03125
2022,GE,T,T - IPC4+C12R,1.0,1.5
2022,GE,T,T - IPC4+F01K,1.0,4.615384615384617
2022,GE,T,T - IPC4+F22B,1.0,3.0769230769230784
2022,GE,T,T - IPC4+H04S,1.0,1.3125
2022,BD,T,T - IPC4+H04R,2.0,2.3749999999999996
2022,BD,T,T - IPC4+F16K,1.0,1.1249999999999998
2022,IL,E,E - 11_2,1.0,2.0
2022,JO,T,T - IPC4+C07C,3.0,3.246212121212121
2022,JO,T,T - IPC4+E21B,2.0,3.0666666666666678
2022,JO,T,T - IPC4+G21C,2.0,3.9999999999999996
2022,JO,T,T - IPC4+G10L,1.0,2.0
2022,CY,T,T - IPC4+A01N,3.0,3.7296626984126933
2022,SY,E,E - 25_13,1.0,2.0
2022,CY,T,T - IPC4+A47C,1.0,2.0
2022,CY,T,T - IPC4+A61N,3.0,3.6262626262626236
2022,CY,T,T - IPC4+A63B,1.0,1.9999999999999993
2022,CY,T,T - IPC4+B65D,2.0,2.7428571428571424
2022,CY,T,T - IPC4+B65G,6.0,8.0
2022,CY,T,T - IPC4+C12N,9.0,9.069940476190476
2022,CY,T,T - IPC4+C12Q,16.0,26.01428571428571
2022,CY,T,T - IPC4+F03D,2.0,4.0
2022,CY,T,T - IPC4+F16F,1.0,2.0
2022,CY,T,T - IPC4+G06Q,3.0,4.525974025974026
2022,CY,T,T - IPC4+H01F,2.0,2.9195804195804187
2022,VN,T,T - IPC4+H03H,3.0,4.434650856389986
2022,VN,T,T - IPC4+C09D,1.0,1.2499999999999998
2022,VN,T,T - IPC4+A47C,3.0,6.675000000000002
2022,VN,T,T - IPC4+A47G,1.0,1.2
2022,VN,T,T - IPC4+A23K,1.0,1.25
2022,VN,T,T - IPC4+A23L,5.0,5.1165311653116525
2022,VN,T,T - IPC4+A01G,1.0,1.3333333333333333
2022,MM,T,T - IPC4+E02F,1.0,1.6666666666666665
2022,MM,T,T - IPC4+H02K,1.0,1.4583333333333337
2022,OM,T,T - IPC4+C08J,1.0,1.1612903225806444
2022,OM,T,T - IPC4+B60W,1.0,1.166666666666667
2022,OM,T,T - IPC4+B29B,1.0,2.5161290322580627
2022,AM,E,E - 30_4,16.0,18.571701112877584
2022,JP,T,T - IPC4+A01K,434.0,500.9463164296268
2022,JP,T,T - IPC4+A24F,493.0,702.2396434394922
2022,JP,T,T - IPC4+A43B,140.0,181.82973367922213
2022,JP,T,T - IPC4+A44B,120.0,120.80506011446415
2022,JP,T,T - IPC4+A43C,22.0,22.673484848484843
2022,JP,T,T - IPC4+A46B,116.0,119.66310299528418
2022,JP,T,T - IPC4+A61B,5151.0,5262.629962575793
2022,JP,T,T - IPC4+A47L,225.0,244.99629573143844
2022,JP,T,T - IPC4+A61F,1220.0,1257.428161413786
2022,JP,T,T - IPC4+A63F,992.0,1137.5341587504015
2022,JP,T,T - IPC4+A63C,9.0,13.216666666666663
2022,JP,T,T - IPC4+A63H,191.0,228.32552892169804
2022,JP,T,T - IPC4+B23K,2216.0,2365.799529479721
2022,JP,T,T - IPC4+B23H,77.0,98.5612137862138
2022,JP,T,T - IPC4+B24B,884.0,896.3626318947349
2022,JP,T,T - IPC4+B25D,68.0,93.89716533466535
2022,JP,T,T - IPC4+B25C,51.0,97.07549019607842
2022,JP,T,T - IPC4+B25J,2105.0,2332.2745773145643
2022,JP,T,T - IPC4+B26B,55.0,89.7615147431185
2022,JP,T,T - IPC4+B41J,3759.0,4101.409076681161
2022,JP,T,T - IPC4+B43K,109.0,158.11944074444077
2022,JP,T,T - IPC4+B60C,1076.0,1421.5743800894754
2022,JP,T,T - IPC4+B60G,271.0,275.8028383166542
2022,SA,E,E - 11_1,4.0,4.26984126984127
2022,SA,E,E - 11_18,2.0,2.0476190476190474
2022,JP,T,T - IPC4+B65H,1397.0,1417.067410426989
2022,JP,T,T - IPC4+B66C,225.0,245.84546184809355
2022,JP,T,T - IPC4+B66B,476.0,619.8095910625323
2022,SA,E,E - 16_21,23.0,24.0
2022,SA,E,E - 21_13,2.0,2.0555555555555554
2022,JP,T,T - IPC4+C21C,129.0,129.3376309481398
2022,JP,T,T - IPC4+C21B,106.0,115.03255494505494
2022,JP,T,T - IPC4+C22B,248.0,261.0843862625051
2022,JP,T,T - IPC4+C25B,447.0,553.3278502464046
2022,JP,T,T - IPC4+C25D,694.0,700.2485887392685
2022,JP,T,T - IPC4+D05B,74.0,104.14385614385615
2022,JP,T,T - IPC4+D06F,263.0,375.5043173768985
2022,JP,T,T - IPC4+E02F,995.0,1158.578506660123
2022,JP,T,T - IPC4+E03D,120.0,157.00444120207283
2022,SA,E,E - 35_11,3.0,3.0625
2022,JP,T,T - IPC4+F03B,46.0,50.767685255920554
2022,JP,T,T - IPC4+F03D,110.0,120.83763458763461
2022,JP,T,T - IPC4+F04D,684.0,831.2547693193352
2022,JP,T,T - IPC4+F04C,488.0,546.9488234501847
2022,JP,T,T - IPC4+F16H,1313.0,1367.9977429670228
2022,JP,T,T - IPC4+F16K,714.0,811.935756808242
2022,JP,T,T - IPC4+F24F,1584.0,1777.2071828317853
2022,JP,T,T - IPC4+F25C,36.0,40.328323637147165
2022,JP,T,T - IPC4+F25D,401.0,421.5363904180716
2022,JP,T,T - IPC4+G01Q,27.0,27.974572649572654
2022,JP,T,T - IPC4+G03G,2716.0,3572.264389462079
2022,JP,T,T - IPC4+G04B,102.0,114.1693235040204
2022,JP,T,T - IPC4+G07D,230.0,261.42217409835393
2022,JP,T,T - IPC4+G10H,239.0,244.94784715284723
2022,JP,T,T - IPC4+G10D,37.0,47.77619047619047
2022,JP,T,T - IPC4+G11B,748.0,760.2634287297749
2022,JP,T,T - IPC4+H01C,194.0,206.97782512173816
2022,JP,T,T - IPC4+H01H,754.0,842.5350317109715
2022,JP,T,T - IPC4+H01M,6853.0,10137.221218941284
2022,JP,T,T - IPC4+H01Q,1093.0,1093.6190465531936
2022,JP,T,T - IPC4+H01R,1832.0,2542.094892817323
2022,JP,T,T - IPC4+H01S,1158.0,1230.7485484278266
2022,JP,T,T - IPC4+H01T,84.0,89.66647796647798
2022,JP,T,T - IPC4+H02K,2589.0,3415.7916198847392
2022,MN,T,T - IPC4+H01B,1.0,1.2857142857142854
2022,BN,T,T - IPC4+E21B,1.0,1.5
2022,ID,T,T - IPC4+H04N,32.0,35.81355031397725
2022,OM,E,E - 43_2,3.0,4.0
2022,OM,E,E - 3_21,1.0,2.0
2022,OM,E,E - 3_3,1.0,2.0
2022,OM,E,E - 3_2,1.0,2.0
2022,OM,E,E - 35_1,2.0,2.25
2022,ID,T,T - IPC4+F16D,1.0,1.0909090909090906
2022,ID,T,T - IPC4+B41J,2.0,5.625
2022,VN,E,E - 14_0,5.0,5.014925373134329
2022,SA,T,T - IPC4+B66F,2.0,2.1666666666666665
2022,SA,T,T - IPC4+F26B,1.0,1.666666666666665
2022,SA,T,T - IPC4+F25J,10.0,14.934920634920633
2022,TR,T,T - IPC4+B05C,1.0,1.5
2022,TR,T,T - IPC4+B68G,1.0,2.0
2022,TR,T,T - IPC4+C04B,42.0,50.43458652200913
2022,TR,T,T - IPC4+C10L,5.0,5.6
2022,TR,T,T - IPC4+D03D,33.0,33.05167728654459
2022,TR,T,T - IPC4+D05B,6.0,6.25
2022,TR,T,T - IPC4+D06F,81.0,95.43939393939395
2022,TR,T,T - IPC4+E01C,8.0,8.351190476190476
2022,TR,T,T - IPC4+E01H,2.0,3.0
2022,TR,T,T - IPC4+E03D,33.0,37.34642857142857
2022,TR,T,T - IPC4+E05B,26.0,28.871753246753247
2022,TR,T,T - IPC4+F17C,1.0,2.6666666666666665
2022,TR,T,T - IPC4+F23N,3.0,3.4
2022,TR,T,T - IPC4+F25C,11.0,14.249999999999998
2022,KG,T,T - IPC4+F04D,1.0,1.3333333333333341
2022,LK,T,T - IPC4+H01R,3.0,3.5606060606060597
2022,LK,T,T - IPC4+D02G,2.0,2.266666666666666
2022,LK,T,T - IPC4+A61F,7.0,17.430192307692316
2022,LK,T,T - IPC4+A44B,2.0,2.7272727272727275
2022,ID,E,E - 26_4,1.0,2.0
2022,NP,T,T - IPC4+C04B,1.0,1.1428571428571426
2022,NP,T,T - IPC4+A61M,1.0,1.5
2022,KH,T,T - IPC4+F21V,1.0,1.0588235294117647
2022,KH,T,T - IPC4+H01R,1.0,1.2352941176470589
2022,LK,E,E - 9_15,7.0,8.0
2022,AZ,T,T - IPC4+E21C,1.0,1.1666666666666663
2022,LB,T,T - IPC4+A47J,2.0,3.0
2022,KP,T,T - IPC4+A24F,1.0,1.5000000000000002
2022,KP,T,T - IPC4+F01N,1.0,2.0
2022,KP,T,T - IPC4+H02P,1.0,1.5
2022,LB,E,E - 6_0,1.0,2.0
2022,LB,E,E - 37_16,2.0,3.0
2022,LB,E,E - 34_8,7.0,8.75
2022,LB,E,E - 25_10,3.0,3.4
2022,LB,E,E - 11_3,1.0,2.0
2022,LB,E,E - 11_11,1.0,2.0
2022,LA,T,T - IPC4+A63B,1.0,2.0000000000000004
2022,KR,T,T - IPC4+A24D,133.0,134.5595068986044
2022,KR,T,T - IPC4+A24F,361.0,683.3381224008857
2022,SG,T,T - IPC4+A01M,2.0,3.366666666666668
2022,KR,T,T - IPC4+A47J,288.0,335.18724678915856
2022,KR,T,T - IPC4+A47L,499.0,692.8326224499002
2022,KR,T,T - IPC4+A63B,386.0,386.8515524937739
2022,KR,T,T - IPC4+A63F,186.0,201.5995000914118
2022,KR,T,T - IPC4+A63C,8.0,8.736842105263158
2022,SG,T,T - IPC4+A61M,162.0,183.3212982302791
2022,KR,T,T - IPC4+B23C,22.0,25.395815295815297
2022,KR,T,T - IPC4+B26B,27.0,35.679761904761904
2022,SG,T,T - IPC4+B21D,2.0,2.2142857142857144
2022,KR,T,T - IPC4+B27B,3.0,3.083333333333333
2022,KR,T,T - IPC4+B41J,162.0,164.15470835565162
2022,KR,T,T - IPC4+B60D,5.0,5.805555555555555
2022,KR,T,T - IPC4+B60H,272.0,300.9449373975958
2022,KR,T,T - IPC4+B60G,95.0,97.83868414866865
2022,KR,T,T - IPC4+B60N,233.0,301.3043989180752
2022,KR,T,T - IPC4+B60T,266.0,314.2737423753291
2022,KR,T,T - IPC4+B60W,973.0,1074.9331561826434
2022,KR,T,T - IPC4+B62D,534.0,712.740436293601
2022,SG,T,T - IPC4+B62M,8.0,9.208333333333332
2022,SG,T,T - IPC4+B66D,1.0,1.090909090909091
2022,KR,T,T - IPC4+D06F,476.0,991.7825095005527
2022,SG,T,T - IPC4+D21H,16.0,19.18650932400931
2022,KR,T,T - IPC4+E02D,76.0,77.97287402140346
2022,KR,T,T - IPC4+E03F,16.0,16.365656565656565
2022,KR,T,T - IPC4+F01B,1.0,2.692307692307693
2022,KR,T,T - IPC4+F01L,17.0,17.451587301587296
2022,KR,T,T - IPC4+F03B,36.0,40.703663003663
2022,KR,T,T - IPC4+F04C,103.0,163.61439181733294
2022,KR,T,T - IPC4+F04B,149.0,176.05251466134322
2022,KR,T,T - IPC4+F16D,207.0,211.5402882489402
2022,KR,T,T - IPC4+F23R,24.0,24.176262626262623
2022,KR,T,T - IPC4+F24F,558.0,682.1302203197258
2022,KR,T,T - IPC4+F25D,595.0,620.1728859028684
2022,KR,T,T - IPC4+F25C,76.0,92.0716554279053
2022,KR,T,T - IPC4+G01Q,16.0,17.65277777777778
2022,KR,T,T - IPC4+G03H,99.0,107.32220773292757
2022,KR,T,T - IPC4+G09G,2367.0,2778.3611072076556
2022,KR,T,T - IPC4+G10D,19.0,21.082246376811593
2022,KR,T,T - IPC4+G11C,1364.0,1960.5362744952513
2022,KR,T,T - IPC4+H01G,432.0,656.5613198981698
2022,KR,T,T - IPC4+H01H,284.0,299.1310964674712
2022,KR,T,T - IPC4+H01L,9215.0,10476.631097270374
2022,KR,T,T - IPC4+H01M,4706.0,8755.820174006269
2022,KR,T,T - IPC4+H01R,437.0,454.855050594813
2022,KR,T,T - IPC4+H01Q,1038.0,1220.6461157799954
2022,KR,T,T - IPC4+H02K,671.0,744.473665419012
2022,KR,T,T - IPC4+H03H,158.0,164.3218514386084
2022,KR,T,T - IPC4+H04N,4616.0,5947.421502447391
2022,KW,E,E - 16_7,4.0,6.0
2022,KW,E,E - 24_10,1.0,2.0
2022,KW,E,E - 25_13,6.0,10.0
2022,KW,E,E - 28_0,3.0,6.0
2022,KW,E,E - 36_12,2.0,2.125
2022,KW,E,E - 3_3,15.0,21.25
2022,KW,E,E - 42_2,1.0,2.0
2022,KW,E,E - 43_2,13.0,20.0
2022,KW,E,E - 43_5,11.0,15.076923076923077
2022,KW,E,E - 9_8,2.0,3.0
2022,KZ,T,T - IPC4+H02K,1.0,3.0
2022,MY,T,T - 1197027848,3.0,4.883333333333333
2022,MY,T,T - IPC4+A01K,11.0,23.147435897435898
2022,MY,T,T - IPC4+A47B,2.0,4.0
2022,MY,T,T - IPC4+A47K,3.0,3.428571428571428
2022,MY,T,T - IPC4+B25B,13.0,14.854166666666668
2022,MY,T,T - IPC4+B25F,6.0,7.991666666666666
2022,MY,T,T - IPC4+B41F,1.0,1.3636363636363635
2022,MY,T,T - IPC4+B60L,4.0,4.25
2022,KW,T,T - IPC4+A61B,2.0,5.200000000000001
2022,KW,T,T - IPC4+A61L,7.0,7.6059829059829065
2022,KW,T,T - IPC4+B32B,1.0,1.0322580645161283
2022,KW,T,T - IPC4+B64G,1.0,1.7142857142857137
2022,KW,T,T - IPC4+F03B,1.0,2.0
2023,TH,T,T - IPC4+G01J,1.0,1.666666666666666
2023,CN,T,T - IPC4+A24F,1758.0,2032.9688876700752
2023,TH,T,T - IPC4+F28F,4.0,4.15079365079365
2023,CN,T,T - IPC4+A47L,1158.0,1219.4592728054133
2023,TH,T,T - IPC4+F24F,6.0,7.0
2023,TH,T,T - IPC4+F16B,2.0,3.2
2023,TH,T,T - IPC4+F04C,4.0,6.25
2023,TH,T,T - IPC4+E02B,3.0,5.166666666666667
2023,CN,T,T - IPC4+B25C,43.0,60.1845238095238
2023,TH,T,T - IPC4+D21C,1.0,1.3333333333333333
2023,TH,T,T - IPC4+D06B,1.0,2.0
2023,KW,T,T - IPC4+G16H,2.0,2.166666666666667
2023,CN,T,T - IPC4+B60N,453.0,491.3637900807772
2023,CN,T,T - IPC4+B62B,297.0,370.74361175317057
2023,CN,T,T - IPC4+B66B,179.0,182.67433677433684
2023,MY,T,T - IPC4+H01K,1.0,1.1904761904761911
2023,TH,T,T - IPC4+C01B,8.0,9.926923076923076
2023,MY,T,T - IPC4+G21C,1.0,1.3333333333333337
2023,MY,T,T - IPC4+G10H,1.0,1.333333333333333
2023,TH,T,T - IPC4+B60N,1.0,3.0
2023,IR,E,E - 44_6,2.0,2.142857142857143
2023,CN,T,T - IPC4+D06F,594.0,743.8819687569975
2023,MY,T,T - IPC4+F01D,1.0,1.5
2023,MY,T,T - IPC4+E06B,3.0,4.333333333333333
2023,MY,T,T - IPC4+E02D,5.0,8.142857142857142
2023,MY,T,T - IPC4+C01F,3.0,5.697751322751323
2023,TH,T,T - IPC4+A47J,2.0,2.2065217391304355
2023,TH,T,T - IPC4+A44C,1.0,1.5
2023,MY,T,T - IPC4+B25F,2.0,3.333333333333333
2023,TH,T,T - IPC4+A23F,1.0,2.0
2023,CN,T,T - IPC4+F25D,964.0,996.4013516895543
2023,MY,T,T - IPC4+A01K,12.0,13.42967032967033
2023,CN,T,T - IPC4+G03G,96.0,115.13548917748918
2023,CN,T,T - IPC4+G10D,15.0,17.333333333333336
2023,CN,T,T - IPC4+H01H,805.0,820.0702179528417
2023,CN,T,T - IPC4+H01M,8828.0,11715.059856963015
2023,CN,T,T - IPC4+H01Q,1683.0,1793.3594052574879
2023,CN,T,T - IPC4+H04R,1722.0,1832.7773673502284
2023,CN,T,T - IPC4+H04W,25308.0,28197.83161464967
2023,KZ,T,T - IPC4+G06Q,5.0,6.333333333333334
2023,KW,E,E - 9_8,14.0,18.0
2023,KW,E,E - 5_5,4.0,4.183333333333333
2023,KW,E,E - 44_15,2.0,3.0
2023,KW,E,E - 43_7,1.0,2.0
2023,KW,E,E - 43_5,7.0,8.0
2023,KW,E,E - 43_2,21.0,27.282258064516128
2023,KW,E,E - 3_3,3.0,4.0
2023,KW,E,E - 35_9,5.0,6.071428571428571
2023,KW,E,E - 34_1,1.0,2.0
2023,KW,E,E - 30_17,12.0,12.667939903234021
2023,KW,E,E - 24_10,1.0,2.0
2023,KR,T,T - IPC4+H10K,5115.0,6582.889704073034
2023,KR,T,T - IPC4+H10B,1286.0,1394.148018525727
2023,KR,T,T - IPC4+H04W,6388.0,6760.795729451809
2023,KR,T,T - IPC4+H04N,4590.0,5814.777633689692
2023,KR,T,T - IPC4+H01Q,1022.0,1238.5161615420475
2023,KR,T,T - IPC4+H01M,5768.0,11163.932859094766
2023,KR,T,T - IPC4+H01L,8826.0,9660.909210041447
2023,KR,T,T - IPC4+H01H,248.0,292.93165495156546
2023,KR,T,T - IPC4+H01G,447.0,831.1977103125096
2023,KR,T,T - IPC4+G21C,58.0,60.83463517159169
2023,KR,T,T - IPC4+G11C,1423.0,1856.4069901965534
2023,KR,T,T - IPC4+G10D,17.0,21.12572463768116
2023,KR,T,T - IPC4+G09G,2497.0,2939.6399415102132
2023,KR,T,T - IPC4+G07D,29.0,32.919557469557475
2023,KR,T,T - IPC4+G03G,130.0,148.29696969696968
2023,KR,T,T - IPC4+G01Q,16.0,17.1771645021645
2023,KR,T,T - IPC4+G01R,1398.0,1533.6641330245257
2023,KR,T,T - IPC4+F25C,90.0,152.718393983468
2023,KR,T,T - IPC4+F25D,571.0,612.2736501777235
2023,KR,T,T - IPC4+F24F,473.0,535.5650970218772
2023,KR,T,T - IPC4+F23R,23.0,30.860470085470084
2023,KR,T,T - IPC4+F16D,178.0,206.57631804470049
2023,SG,T,T - IPC4+F21L,1.0,1.333333333333333
2023,KR,T,T - IPC4+F04D,189.0,210.64492485693296
2023,KR,T,T - IPC4+F04B,169.0,197.12772090435507
2023,KR,T,T - IPC4+F04C,114.0,207.83924408924406
2023,KR,T,T - IPC4+F02P,11.0,11.41360333215172
2023,KR,T,T - IPC4+F03B,29.0,38.0909090909091
2023,KR,T,T - IPC4+F02F,4.0,4.0476190476190474
2023,SG,T,T - IPC4+E04D,1.0,1.7999999999999998
2023,KR,T,T - IPC4+E02F,96.0,97.27478354978356
2023,SG,T,T - IPC4+E03C,1.0,1.2
2023,KR,T,T - IPC4+D06F,571.0,965.7391955054535
2023,SG,T,T - IPC4+D05B,1.0,2.1000000000000005
2023,SG,T,T - IPC4+D04B,1.0,2.4999999999999996
2023,KR,T,T - IPC4+C25C,9.0,9.204761904761904
2023,KR,T,T - IPC4+C25B,140.0,141.6613078603941
2023,KR,T,T - IPC4+C22B,123.0,148.31134535399238
2023,KR,T,T - IPC4+C10G,80.0,87.44659395030074
2023,KR,T,T - IPC4+C06B,7.0,12.479166666666666
2023,SG,T,T - IPC4+B66C,1.0,3.75
2023,SG,T,T - IPC4+B62M,9.0,13.635714285714283
2023,KR,T,T - IPC4+B62D,556.0,794.1003575009908
2023,KR,T,T - IPC4+B60W,936.0,1105.1676035913451
2023,KR,T,T - IPC4+B60T,283.0,385.64262543012546
2023,KR,T,T - IPC4+B60N,237.0,308.18182149531117
2023,KR,T,T - IPC4+B60H,342.0,378.9341060063162
2023,KR,T,T - IPC4+B43K,15.0,15.16923076923077
2023,KR,T,T - IPC4+B41J,215.0,270.5421379145451
2023,KR,T,T - IPC4+B26B,43.0,75.87222222222222
2023,KR,T,T - IPC4+B25G,4.0,4.083333333333332
2023,KR,T,T - IPC4+B25C,4.0,4.8311688311688314
2023,KR,T,T - IPC4+A63C,1.0,4.999999999999997
2023,KR,T,T - IPC4+A63B,414.0,438.00147115526386
2023,KR,T,T - IPC4+A62B,121.0,122.51911976911977
2023,KR,T,T - IPC4+A47L,469.0,648.4775389708174
2023,KR,T,T - IPC4+A47D,8.0,9.379797979797981
2023,KR,T,T - IPC4+A43C,17.0,18.625382860866733
2023,KR,T,T - IPC4+A42B,47.0,61.30775613275614
2023,KR,T,T - IPC4+A24F,554.0,839.0056786380533
2023,IR,T,T - IPC4+A01H,1.0,1.6666666666666674
2023,IR,T,T - IPC4+A47J,4.0,4.9393939393939394
2023,IR,T,T - IPC4+C09B,1.0,1.1904761904761905
2023,LB,E,E - 11_11,2.0,4.0
2023,IR,T,T - IPC4+C25B,6.0,9.972689075630246
2023,IR,T,T - IPC4+D06F,1.0,1.3333333333333341
2023,IR,T,T - IPC4+F16D,2.0,2.5
2023,IR,T,T - IPC4+F16H,2.0,2.5
2023,IR,T,T - IPC4+F23R,1.0,2.0
2023,IR,T,T - IPC4+H02J,3.0,3.0166666666666675
2023,LB,E,E - 42_18,1.0,2.0
2023,MY,E,E - 28_13,2.0,2.3333333333333335
2023,QA,E,E - 17_2,2.0,2.0294117647058822
2023,QA,E,E - 42_25,9.0,10.29090909090909
2023,QA,E,E - 44_15,4.0,4.0588235294117645
2023,KP,T,T - IPC4+H04N,9.0,15.933333333333326
2023,KP,T,T - IPC4+H01M,2.0,3.999999999999993
2023,KP,T,T - IPC4+F16C,1.0,1.0999999999999999
2023,LB,T,T - IPC4+A61C,5.0,5.166666666666666
2023,LB,T,T - IPC4+B05B,1.0,1.2
2023,LB,T,T - IPC4+C04B,1.0,2.3333333333333295
2023,LB,T,T - IPC4+C12M,2.0,2.0422077922077944
2023,LB,T,T - IPC4+E04B,1.0,1.5
2023,LB,T,T - IPC4+E02B,1.0,1.5
2023,LB,T,T - IPC4+E04C,3.0,3.25
2023,LB,T,T - IPC4+E03D,1.0,1.2
2023,LB,T,T - IPC4+F03B,1.0,1.5
2023,LB,T,T - IPC4+H02S,2.0,2.25
2023,IQ,E,E - 3_3,3.0,4.0
2023,IQ,E,E - 16_20,1.0,2.0
2023,TH,E,E - 44_4,5.0,6.199999999999999
2023,IN,T,T - IPC4+F23R,78.0,80.84662004662003
2023,IN,T,T - IPC4+F03B,10.0,12.376623376623378
2023,IN,T,T - IPC4+E01D,1.0,3.9999999999999987
2023,AZ,T,T - IPC4+E21C,1.0,1.1666666666666663
2023,IN,T,T - IPC4+B66B,42.0,48.23704212454213
2023,TH,E,E - 2_11,2.0,2.142857142857143
2023,QA,T,T - IPC4+B26B,1.0,2.0
2023,QA,T,T - IPC4+C12M,1.0,1.9285714285714306
2023,QA,T,T - IPC4+F16K,1.0,1.3333333333333333
2023,QA,T,T - IPC4+H02M,1.0,1.25
2023,KH,T,T - IPC4+H01R,1.0,1.647058823529412
2023,KH,T,T - IPC4+F21V,2.0,2.0228758169934644
2023,KH,T,T - IPC4+A61K,6.0,6.278347157828666
2023,KH,T,T - IPC4+A61F,1.0,1.5
2023,BH,E,E - 36_10,1.0,2.0
2023,BH,E,E - 40_12,2.0,3.0
2023,ID,E,E - 16_20,7.0,8.854166666666666
2023,LK,T,T - IPC4+A01G,1.0,2.0
2023,TR,T,T - IPC4+H05H,4.0,6.15
2023,LK,T,T - IPC4+A61F,6.0,6.561236263736267
2023,LK,T,T - IPC4+A61M,1.0,1.6666666666666672
2023,TR,T,T - IPC4+H03F,5.0,5.1761904761904765
2023,TR,T,T - IPC4+H02P,7.0,7.285714285714285
2023,LK,T,T - IPC4+C12M,1.0,1.3333333333333333
2023,KH,E,E - 3_8,2.0,2.2
2023,TR,T,T - IPC4+G01T,4.0,4.8181818181818175
2023,LK,T,T - IPC4+H01R,1.0,1.6666666666666667
2023,LK,T,T - IPC4+H02B,4.0,4.333333333333334
2023,KG,T,T - IPC4+C01B,2.0,2.25
2023,KG,T,T - IPC4+B01J,1.0,1.5
2023,TR,T,T - IPC4+F04C,2.0,2.444444444444444
2023,TR,T,T - IPC4+E06B,12.0,13.365476190476189
2023,TR,T,T - IPC4+E05B,15.0,15.466666666666667
2023,PK,T,T - IPC4+H03F,1.0,1.3333333333333333
2023,TR,T,T - IPC4+C03C,16.0,19.18874458874459
2023,PK,T,T - IPC4+G05F,4.0,4.541666666666666
2023,TR,T,T - IPC4+B66D,1.0,1.090909090909091
2023,TR,T,T - IPC4+B60T,7.0,7.166666666666666
2023,PK,T,T - IPC4+B65D,3.0,3.2578512396694217
2023,SA,T,T - IPC4+F16K,17.0,17.503571428571426
2023,SA,T,T - IPC4+F16C,3.0,4.738095238095238
2023,SA,T,T - IPC4+F15B,1.0,1.3333333333333333
2023,SA,T,T - IPC4+F03D,4.0,5.095238095238095
2023,SA,T,T - IPC4+B23C,1.0,2.0
2023,SA,T,T - IPC4+B23B,2.0,2.2
2023,SA,T,T - IPC4+A47B,1.0,1.3333333333333333
2023,SA,T,T - IPC4+A01K,5.0,5.666666666666666
2023,AM,T,T - IPC4+F23G,2.0,2.092592592592593
2023,AM,T,T - IPC4+C02F,1.0,1.5740740740740755
2023,AM,T,T - IPC4+B09B,2.0,3.0370370370370408
2023,AM,T,T - IPC4+A24F,10.0,10.560714285714287
2023,AE,T,T - IPC4+A24F,17.0,19.927861721611723
2023,AE,T,T - IPC4+B22D,1.0,1.9999999999999993
2023,AE,T,T - IPC4+B24D,1.0,2.0
2023,VN,E,E - 16_1,6.0,10.09090909090909
2023,AE,T,T - IPC4+B41F,1.0,1.1538461538461537
2023,AE,T,T - IPC4+B63B,3.0,8.71428571428571
2023,ID,T,T - IPC4+A23J,1.0,1.4999999999999996
2023,ID,T,T - IPC4+A24D,20.0,22.533333333333335
2023,ID,T,T - IPC4+A42B,1.0,1.5
2023,ID,T,T - IPC4+A43B,5.0,7.773523809523815
2023,ID,T,T - IPC4+B41J,2.0,5.732142857142857
2023,ID,T,T - IPC4+B62J,4.0,4.055555555555555
2023,AE,T,T - IPC4+C12M,5.0,5.401785714285715
2023,ID,T,T - IPC4+B65H,1.0,2.1428571428571423
2023,ID,T,T - IPC4+C05G,2.0,2.111111111111111
2023,AE,T,T - IPC4+C25C,4.0,6.0
2023,OM,E,E - 35_17,4.0,4.5
2023,OM,E,E - 3_21,1.0,2.0
2023,OM,E,E - 3_3,4.0,6.0
2023,OM,E,E - 42_18,1.0,2.0
2023,OM,E,E - 42_20,4.0,5.0
2023,OM,E,E - 43_5,2.0,3.0
2023,OM,E,E - 6_4,2.0,2.1666666666666665
2023,OM,E,E - 9_8,3.0,4.0
2023,ID,T,T - IPC4+H04N,25.0,28.258260576540163
2023,AE,T,T - IPC4+F41A,5.0,9.0
2023,AE,T,T - IPC4+G04B,1.0,3.0
2023,JP,T,T - IPC4+H04W,5903.0,6164.727607772721
2023,AE,T,T - IPC4+G09F,1.0,1.1428571428571426
2023,JP,T,T - IPC4+H03H,989.0,1026.4904754838385
2023,JP,T,T - IPC4+H02P,1154.0,1161.9277687639685
2023,JP,T,T - IPC4+H02K,2476.0,3295.333411438587
2023,JP,T,T - IPC4+H01T,77.0,95.96837965955615
2023,JP,T,T - IPC4+H01R,1638.0,2305.68111279009
2023,JP,T,T - IPC4+H01S,1126.0,1263.4973437628698
2023,JP,T,T - IPC4+H01Q,1103.0,1185.146004829711
2023,JP,T,T - IPC4+H01M,6712.0,10116.026879002853
2023,JP,T,T - IPC4+H01H,747.0,923.6180064869769
2023,JP,T,T - IPC4+H01C,217.0,236.52673576423578
2023,JP,T,T - IPC4+G21C,39.0,39.71666666666667
2023,AE,T,T - IPC4+H02G,2.0,2.1666666666666665
2023,JP,T,T - IPC4+G11B,695.0,821.8732383108027
2023,AE,T,T - IPC4+H02J,8.0,9.86160714285714
2023,JP,T,T - IPC4+G10H,286.0,317.1108807858808
2023,AE,T,T - IPC4+H02S,6.0,6.328571428571429
2023,JP,T,T - IPC4+G07D,172.0,180.55461941099287
2023,JP,T,T - IPC4+G04B,84.0,84.51661742521588
2023,JP,T,T - IPC4+G03G,2440.0,3340.3411884055276
2023,JP,T,T - IPC4+G01Q,27.0,30.39536199095022
2023,JP,T,T - IPC4+G01N,5939.0,5951.90905937683
2023,SA,E,E - 3_3,34.0,44.3181669637552
2023,JP,T,T - IPC4+F25D,385.0,410.15681165239994
2023,JP,T,T - IPC4+F25C,32.0,33.482656395891695
2023,JP,T,T - IPC4+F24F,1435.0,1726.894169851772
2023,JP,T,T - IPC4+F23R,82.0,82.47430414853689
2023,JP,T,T - IPC4+F23D,85.0,89.50433177933178
2023,JP,T,T - IPC4+F16K,636.0,789.9300462975156
2023,JP,T,T - IPC4+F16H,1132.0,1143.2002528924609
2023,JP,T,T - IPC4+F16D,537.0,622.7984897307622
2023,JP,T,T - IPC4+F16C,905.0,908.7998315024346
2023,JP,T,T - IPC4+F04D,597.0,819.1360161938401
2023,JP,T,T - IPC4+F04C,457.0,530.7488037461335
2023,SA,E,E - 35_20,1.0,2.0
2023,JP,T,T - IPC4+F03D,103.0,110.09170894465011
2023,JP,T,T - IPC4+F01D,309.0,312.41843799198955
2023,JP,T,T - IPC4+E03D,119.0,131.50825830000753
2023,JP,T,T - IPC4+E02F,915.0,1090.7130517630517
2023,JP,T,T - IPC4+D06F,229.0,331.7085958159487
2023,JP,T,T - IPC4+D05B,61.0,89.83513708513708
2023,JP,T,T - IPC4+C25D,627.0,647.8582317370946
2023,JP,T,T - IPC4+C25B,510.0,678.4186536192364
2023,JP,T,T - IPC4+C22B,297.0,368.89666428887546
2023,JP,T,T - IPC4+C12G,97.0,99.9264276655278
2023,SA,E,E - 16_21,28.0,29.0
2023,JP,T,T - IPC4+B67B,16.0,17.03390522875817
2023,JP,T,T - IPC4+B66D,37.0,41.48531746031747
2023,JP,T,T - IPC4+B66F,149.0,152.70889132367466
2023,JP,T,T - IPC4+B66C,212.0,225.6597526012
2023,JP,T,T - IPC4+B66B,408.0,557.8226763432644
2023,JP,T,T - IPC4+B65H,1339.0,1390.2762821402084
2023,JP,T,T - IPC4+B65C,66.0,75.0986555111555
2023,JP,T,T - IPC4+B64G,110.0,112.34610389610391
2023,SA,E,E - 14_0,1.0,2.0
2023,JP,T,T - IPC4+B63H,297.0,301.81197192470404
2023,JP,T,T - IPC4+B62B,93.0,97.24213972302204
2023,JP,T,T - IPC4+B60W,2795.0,2812.18625091231
2023,JP,T,T - IPC4+B60G,225.0,232.0065364374188
2023,JP,T,T - IPC4+B60C,923.0,1146.5647977448248
2023,JP,T,T - IPC4+B43K,99.0,137.05341325341328
2023,JP,T,T - IPC4+B41J,3700.0,4240.820950165589
2023,JP,T,T - IPC4+B25J,2039.0,2436.2377763080062
2023,JP,T,T - IPC4+B26B,59.0,70.2174963924964
2023,JP,T,T - IPC4+B25C,45.0,81.6556277056277
2023,JP,T,T - IPC4+B25D,55.0,81.72117604617604
2023,JP,T,T - IPC4+B24B,889.0,915.8184653088736
2023,JP,T,T - IPC4+B23H,96.0,140.25033577533577
2023,JP,T,T - IPC4+B23K,2085.0,2345.3266438291616
2023,JP,T,T - IPC4+A63H,172.0,188.59277975976
2023,JP,T,T - IPC4+A63B,342.0,374.66075696673124
2023,JP,T,T - IPC4+A63F,979.0,1195.4541064817424
2023,JP,T,T - IPC4+A63C,5.0,5.033333333333333
2023,JP,T,T - IPC4+A61F,949.0,1024.9971904416577
2023,JP,T,T - IPC4+A47L,173.0,177.24900659282238
2023,JP,T,T - IPC4+A61B,4724.0,4865.447984644696
2023,JP,T,T - IPC4+A47J,181.0,202.1593316599121
2023,JP,T,T - IPC4+A44B,141.0,154.11964370385425
2023,JP,T,T - IPC4+A42B,35.0,36.77931512931514
2023,JP,T,T - IPC4+A43B,126.0,177.39315953654187
2023,JP,T,T - IPC4+A24F,569.0,706.90142001911
2023,JP,T,T - IPC4+A22C,28.0,36.81182706182707
2023,JP,T,T - IPC4+A21C,24.0,30.386385836385838
2023,JP,T,T - IPC4+A01K,508.0,716.443010828154
2023,OM,T,T - IPC4+A47J,1.0,2.0
2023,OM,T,T - IPC4+A47L,1.0,1.0370370370370363
2023,OM,T,T - IPC4+B29B,1.0,1.2580645161290314
2023,IL,T,T - IPC4+F16N,1.0,2.0
2023,IL,T,T - IPC4+F01K,5.0,7.241666666666667
2023,IL,T,T - IPC4+E21D,3.0,3.4166666666666683
2023,IL,T,T - IPC4+E05B,19.0,19.567195767195766
2023,PK,E,E - 3_3,2.0,3.0
2023,IL,T,T - IPC4+C25C,5.0,5.204761904761902
2023,IL,T,T - IPC4+C25B,36.0,44.422600544616664
2023,IL,T,T - IPC4+C22B,13.0,15.978700828157349
2023,PK,E,E - 2_3,2.0,2.125
2023,MN,E,E - 33_10,3.0,4.05
2023,MM,T,T - IPC4+A61M,1.0,1.6666666666666672
2023,PH,T,T - IPC4+H03M,2.0,2.55
2023,PH,T,T - IPC4+H02P,3.0,5.250000000000001
2023,IL,T,T - IPC4+B62K,7.0,14.067032967032969
2023,PH,T,T - IPC4+H01M,2.0,2.1111111111111116
2023,PH,T,T - IPC4+H01H,8.0,10.472222222222218
2023,VN,T,T - IPC4+A01K,8.0,8.666666666666666
2023,VN,T,T - IPC4+A47B,2.0,2.999999999999999
2023,VN,T,T - IPC4+A47L,1.0,1.9999999999999998
2023,VN,T,T - IPC4+B41J,3.0,5.166666666666668
2023,PH,T,T - IPC4+G01K,1.0,1.9999999999999998
2023,IL,T,T - IPC4+B60C,13.0,14.7246003996004
2023,PH,T,T - IPC4+F16K,2.0,2.5833333333333335
2023,VN,T,T - IPC4+C09D,2.0,2.2499999999999996
2023,PH,T,T - IPC4+F02M,1.0,3.0000000000000004
2023,VN,T,T - IPC4+E06B,1.0,2.0
2023,VN,T,T - IPC4+E21B,1.0,1.4999999999999996
2023,PH,T,T - IPC4+C25B,2.0,2.6366013071895384
2023,IL,T,T - IPC4+B27N,5.0,5.623376623376623
2023,VN,T,T - IPC4+H01S,4.0,4.333333333333333
2023,PH,T,T - IPC4+B44C,1.0,1.4545454545454544
2023,IL,T,T - IPC4+B23C,33.0,47.16190476190475
2023,IL,T,T - IPC4+B23B,77.0,150.29385475635476
2023,PH,T,T - IPC4+A43B,1.0,1.5000000000000007
2023,PH,T,T - IPC4+A41D,3.0,3.1372549019607843
2023,IL,T,T - IPC4+B01F,36.0,38.1186275271826
2023,IL,T,T - IPC4+A61B,1516.0,1536.8686079696722
2023,IL,T,T - IPC4+A42B,7.0,11.350000000000001
2023,CY,T,T - IPC4+H05H,2.0,5.65
2023,CY,T,T - IPC4+H04N,5.0,5.256521739130432
2023,CY,T,T - IPC4+H02S,1.0,1.7499999999999993
2023,CY,T,T - IPC4+G21C,2.0,9.15
2023,CY,T,T - IPC4+G16B,5.0,6.649999999999999
2023,CY,T,T - IPC4+G06V,2.0,2.175
2023,CY,T,T - IPC4+F28F,1.0,2.0
2023,CY,T,T - IPC4+F16F,1.0,2.0
2023,CY,T,T - IPC4+C21D,1.0,1.1578947368421049
2023,CY,T,T - IPC4+A63C,1.0,3.0
2023,SY,E,E - 35_0,7.0,8.0
2023,SY,E,E - 35_9,2.0,2.3333333333333335
2023,JO,T,T - IPC4+H02P,1.0,2.0
2023,JO,T,T - IPC4+G10L,1.0,2.333333333333334
2023,JO,T,T - IPC4+F04D,2.0,2.3500000000000005
2023,JO,T,T - IPC4+C04B,2.0,3.571428571428572
2023,JO,T,T - IPC4+C01B,4.0,5.77056277056277
2023,BD,T,T - IPC4+F16K,1.0,1.5000000000000004
2023,BD,T,T - IPC4+H01R,1.0,1.3888888888888893
2023,BD,T,T - IPC4+H04S,1.0,1.2857142857142854
2023,IL,E,E - 33_10,3.0,3.2
2023,GE,T,T - IPC4+H04S,1.0,1.6875
2023,GE,T,T - IPC4+G10L,2.0,2.8875
2023,GE,T,T - IPC4+G09B,1.0,1.9999999999999998
2023,GE,T,T - IPC4+A01G,3.0,4.012499999999999
2023,SY,T,T - IPC4+A61C,2.0,2.5
2023,SY,T,T - IPC4+A61F,2.0,2.125
2023,YE,E,E - 16_14,4.0,5.0
2023,JO,E,E - 9_8,5.0,5.076923076923077
2023,YE,E,E - 12_3,1.0,2.0
2023,SY,T,T - IPC4+H03F,1.0,1.3333333333333341
2023,PH,E,E - 17_4,1.0,2.0
2023,YE,E,E - 32_4,6.0,8.0
2023,JO,E,E - 43_7,2.0,2.05
2023,JO,E,E - 43_5,15.0,18.25
2023,YE,E,E - 38_17,3.0,4.0
2023,JO,E,E - 43_0,2.0,2.05
2023,YE,E,E - 3_3,2.0,3.0
2023,YE,E,E - 41_3,3.0,4.0
2023,YE,E,E - 3_9,4.0,5.0
2023,YE,E,E - 45_3,7.0,10.0
2023,YE,E,E - 9_14,1.0,2.0
2023,YE,E,E - 5_20,3.0,4.0
2023,JO,E,E - 41_18,4.0,4.2
2023,PH,E,E - 2_9,4.0,8.0
2023,JO,E,E - 34_1,8.0,9.0
2023,PH,E,E - 3_3,4.0,6.2
